x,y
-6.138194246365484,1.8365846341869967
-6.110297478049938,1.8253275608596893
-5.960204539398715,1.7647611469583928
-5.902585694247424,1.7415104407272557
-5.879784492492026,1.7323095613562847
-5.723230805747161,1.66913606715749
-5.598478748123443,1.6187953594268356
-5.578138726847044,1.6105876305459306
-5.572598251964053,1.6083519044818766
-5.560469897699281,1.6034577973310482
-5.549805488025472,1.5991544299899785
-5.43573939325259,1.5531257868692483
-5.432883205324724,1.5519732405751083
-5.416404850941183,1.5453237949651133
-5.416349000674331,1.545301257926335
-5.331324630822355,1.5109917079739683
-5.304993927440435,1.5003665826771189
-5.28780348358571,1.4934297904002236
-5.281424404554916,1.4908556656988219
-5.273435342254857,1.4876318707735128
-5.260936117338327,1.4825881076455278
-5.258741072973665,1.4817023500161783
-5.250755032042603,1.4784797742920308
-5.243170077798192,1.4754190475028979
-5.205145377597438,1.4600750896090282
-5.170981194090233,1.4462889508506596
-5.136498988197398,1.4323744817683512
-5.1325601010904816,1.4307850381278195
-5.130936094078672,1.4301297089581744
-5.09585109694511,1.4159719978945327
-5.08203008333641,1.4103948585681765
-5.069156745089919,1.4052001309578386
-5.066837075325941,1.4042640837306875
-5.061194055529377,1.4019869781205014
-5.022448770824572,1.3863522455924933
-4.995829942812268,1.3756108544954275
-4.986736020641241,1.3719412198067733
-4.982005227044275,1.370032221251277
-4.980042532132487,1.369240222683872
-4.970557448439666,1.3654127441229875
-4.969309623194277,1.3649092141037342
-4.963650799257275,1.3626257311108438
-4.950697260554098,1.3573986405252827
-4.938362985222379,1.35242143885526
-4.915846676499914,1.3433355212506808
-4.905039096660951,1.3389743810153036
-4.891837121449535,1.3336470398215425
-4.890871140157209,1.3332572411854593
-4.88698066268326,1.3316873320939442
-4.874388786698877,1.3266061818445234
-4.860545671671938,1.3210201240196906
-4.845941971279896,1.3151271501704
-4.8383406708707675,1.3120598272776334
-4.829312158742136,1.3084165872464266
-4.829025358301311,1.308300855791222
-4.826601606624754,1.3073228087987692
-4.8247180983616955,1.3065627641086457
-4.813454322192823,1.3020175367604037
-4.811103823759176,1.3010690493612898
-4.804871474719533,1.298554134036796
-4.804212279937162,1.298288131755879
-4.801146432717646,1.2970509824714167
-4.799517922629786,1.2963938361931828
-4.797365152128444,1.295525137169829
-4.789301794672958,1.2922713622123143
-4.777978087335375,1.2877019510749992
-4.759680147364828,1.2803182552412302
-4.758032201859256,1.2796532662652382
-4.745217853021474,1.27448234241926
-4.719910759208651,1.2642702702706285
-4.718170336031439,1.263567964143094
-4.7106173638604965,1.260520142954428
-4.697040265206256,1.255041429671439
-4.693049829806838,1.2534311849509379
-4.686562444579598,1.2508133558755594
-4.680787942308763,1.2484831936590535
-4.672749386702337,1.2452394268942586
-4.667851958103522,1.2432631867710826
-4.664850336040783,1.242051954011828
-4.6629421127342505,1.2412819361573044
-4.662199121757791,1.2409821199273758
-4.653708189892677,1.2375558075480488
-4.649350629507564,1.2357974183243037
-4.645781996986803,1.234357382062396
-4.637693707945655,1.2310935465600614
-4.633993974144208,1.2296006075133845
-4.633560957470236,1.2294258739960207
-4.6268876195711055,1.22673300816946
-4.624752601298466,1.2258714726332147
-4.624431702476645,1.2257419815922805
-4.622031416318968,1.2247734035484776
-4.617863289061532,1.2230914555305648
-4.612576448264558,1.2209580774328521
-4.611724318342881,1.2206142207931074
-4.606702768993982,1.2185878947112532
-4.6040638596171455,1.2175230259772427
-4.588278120949704,1.2111530688662577
-4.58782333917584,1.210969552563638
-4.582613037810008,1.2088670601218927
-4.579859339400716,1.2077558710205587
-4.576696039285814,1.2064793969520593
-4.5751572558477385,1.2058584577163267
-4.573024341493898,1.2049977711661695
-4.570655848263857,1.2040420223975585
-4.558158561328092,1.1989990412953389
-4.556646212375968,1.1983887690638746
-4.555834759822823,1.198061326802856
-4.552007160652522,1.1965167907461967
-4.550490172465275,1.1959046464624097
-4.544297745064267,1.1934058405599233
-4.543650125799298,1.1931445093020703
-4.541529036030974,1.1922885942804544
-4.5412700742439505,1.1921840964478552
-4.539289301937607,1.1913848031804413
-4.536167238367006,1.1901249691326685
-4.53464354112089,1.1895101175687115
-4.523173283101892,1.1848815694106432
-4.515411875376059,1.1817496390413407
-4.515380975052032,1.181737169954977
-4.512092350357333,1.1804101241511233
-4.509324115696717,1.1792930692933972
-4.502681330671663,1.176612532348087
-4.499832792269314,1.1754630728369277
-4.496598262804003,1.174157855868479
-4.493689918030872,1.1729842629274647
-4.493616617871023,1.1729546844019167
-4.486868533220239,1.170231656312301
-4.484556287245035,1.1692986047774703
-4.480527503562502,1.1676728855249332
-4.47565945768881,1.1657085020973978
-4.47276139376375,1.1645390577466181
-4.472179153555071,1.1643041086425114
-4.469465695251834,1.163209157473092
-4.464993036026026,1.161404322866321
-4.46300595048816,1.1606024820453928
-4.462704152273867,1.160480698597578
-4.445315695805523,1.153464003068592
-4.439064226061312,1.150941372041298
-4.425547989238462,1.1454872180940363
-4.422898042380205,1.1444178954485078
-4.422055193323654,1.144077783879809
-4.4213540749819815,1.1437948643497018
-4.413030594768176,1.1404361230774034
-4.403427018847523,1.1365608298133114
-4.402483039729147,1.1361799096280483
-4.400823752423994,1.1355103439402277
-4.395302966366414,1.1332825628305445
-4.390731210160963,1.1314377400088758
-4.390683955463804,1.131418671506569
-4.383210761510252,1.1284030429085623
-4.372483172337673,1.1240741809925514
-4.3708718635769985,1.1234239758983018
-4.367524932336361,1.1220734018830205
-4.366310058129218,1.1215831684667854
-4.365001485900432,1.1210551254559635
-4.3615661638273675,1.1196688834353117
-4.360292249785162,1.1191548259063682
-4.359040955309691,1.1186498959623294
-4.3529492564153465,1.1161917366384306
-4.352528295038846,1.1160218677478972
-4.351151930513595,1.1154664687780018
-4.350575277554998,1.1152337742749718
-4.34979887209967,1.114920474431653
-4.348728298426372,1.1144884700429625
-4.3450833521816765,1.1130176392038305
-4.343985004343101,1.1125744272153348
-4.339902186358102,1.1109269037129952
-4.328310375835757,1.1062493059507637
-4.324291391867837,1.1046275411385675
-4.321725711921887,1.1035922223891237
-4.320387610881606,1.1030522637330022
-4.319297318483125,1.1026123023246024
-4.313912092264964,1.1004392231443807
-4.313806735036188,1.1003967087557438
-4.310278189576161,1.0989728486679744
-4.310235120239227,1.098955469067637
-4.307658772847864,1.0979158457258529
-4.306907024347548,1.0976124956067268
-4.302077308861663,1.0956635794900045
-4.301976364445334,1.0956228457862385
-4.300805147891281,1.0951502293712472
-4.298299185288097,1.094139008126534
-4.295767281423429,1.093117318906482
-4.290748353537974,1.0910920506534718
-4.2898775206064,1.0907406468616183
-4.288257741497267,1.0900870237609308
-4.2836773862576125,1.088238731004771
-4.279042931229347,1.086368607573441
-4.277991061854054,1.0859441508566454
-4.274500367990687,1.0845355648749782
-4.273277533194691,1.0840421191535954
-4.2668381310860095,1.0814436525175497
-4.26202059683048,1.0794996518448587
-4.260155578268806,1.0787470682312994
-4.2474563081045105,1.0736225816303513
-4.246390047072861,1.0731923175050027
-4.242206657202806,1.0715042106249784
-4.240761760786338,1.0709211572502446
-4.240353552026958,1.0707564343732006
-4.2389844673338795,1.070203973005383
-4.238576237113317,1.070039241468191
-4.234437044469288,1.0683689693211587
-4.2285805476572405,1.0660057201695485
-4.224960440733189,1.064544912643896
-4.223988060510945,1.0641525318727612
-4.22388159456158,1.0641095700864602
-4.223278863456651,1.0638663523714873
-4.213150368455972,1.0597792405731512
-4.2131206311653004,1.0597672408010683
-4.209514386622315,1.0583120271075894
-4.207213258343102,1.0573834618529456
-4.203371410284734,1.0558331759984616
-4.203087707525563,1.0557186945385655
-4.19194331903256,1.051221643230159
-4.191707303064402,1.0511264046337054
-4.190105710840167,1.0504801204152356
-4.1874649573620735,1.0494145075382884
-4.1865047697243405,1.0490270467928833
-4.183621184144105,1.0478634448317132
-4.182676151680466,1.047482099594174
-4.182553412400254,1.0474325710946049
-4.18060581684248,1.0466466655102087
-4.179511808688463,1.046205204697574
-4.178890243709624,1.0459543870234504
-4.177834539185388,1.0455283827240685
-4.175064149173389,1.0444104581258653
-4.175039885413709,1.044400667066241
-4.174676267497438,1.0442539377569435
-4.173391606727164,1.0437355436430404
-4.171367022906055,1.042918571287185
-4.168812403661273,1.0418877158190327
-4.166026062008778,1.0407633543180057
-4.165636675590177,1.040606226746192
-4.164747334580409,1.0402473544622528
-4.164074875560773,1.039975999715781
-4.162878353117424,1.039493171714695
-4.156591968641028,1.0369564516826832
-4.1547335860783,1.0362065458677088
-4.154671499966568,1.0361814925029442
-4.151949161814839,1.0350829580831464
-4.14960258232613,1.0341360520804888
-4.144091004984599,1.031911986927817
-4.1373226152524625,1.0291678473198884
-4.136175961921199,1.0287019135211524
-4.13595589288205,1.0286124901526426
-4.134845349824401,1.0281612294870142
-4.1336975833463505,1.027694843369606
-4.1290431845512945,1.0258035640681058
-4.12781355120107,1.0253039119742235
-4.1273369057096625,1.0251102307295026
-4.125257148761004,1.0242651374226444
-4.117621227796281,1.0211623394235105
-4.117477025496717,1.0211037439235535
-4.116845646285791,1.0208471878170398
-4.116742738739385,1.0208053721237453
-4.115401370843547,1.020260317553047
-4.114876162883436,1.0200469033211175
-4.113476698119406,1.0194782415330046
-4.111491575804705,1.0186716022848314
-4.110691585673468,1.0183465324222707
-4.1102605505721375,1.0181713846102192
-4.109543682626833,1.0178800908112642
-4.101141506204701,1.0144659307758992
-4.097299506000205,1.0129047634193664
-4.095386959798446,1.012127614918814
-4.092156960899018,1.01081512960517
-4.0854354492784015,1.008083894839389
-4.083981518864994,1.007493101351813
-4.080249227104848,1.0059765131813663
-4.079050545612807,1.0054894381379906
-4.072732924633327,1.002922321240765
-4.068105716516659,1.0010420906631696
-4.066054681814148,1.0002086684210443
-4.06394885002173,0.9993529798011369
-4.061047892188981,0.9981741978047529
-4.060062315703125,0.9977737163484313
-4.045552305373186,0.9918776847856181
-4.044812845470307,0.991577210917739
-4.043239719914959,0.9909379833971717
-4.042739767458959,0.9907348315459013
-4.040622214020079,0.9898743799247323
-4.035485889391801,0.9877872737520579
-4.029537079693628,0.9853700204941995
-4.029515089366825,0.9853610848933314
-4.026770127226868,0.9842456905519144
-4.024312525450806,0.9832470628934213
-4.020463626143073,0.9816830921391315
-4.0195728290801265,0.9813211235753763
-4.017877501285253,0.9806322401107477
-4.017188311607017,0.9803521931636225
-4.016784538727513,0.9801881231466052
-4.009698430793973,0.9773087374615756
-4.006371164796661,0.9759567284076922
-4.003946574742053,0.97497151480937
-4.0033559654742445,0.9747315252569773
-4.001977839928704,0.9741715344968558
-4.001425875298693,0.973947247897047
-4.000456024604282,0.9735531564956323
-3.997202414726361,0.9722310770417182
-3.99144083199589,0.9698899020281802
-3.9881164698171707,0.9685390729187413
-3.9865061128897525,0.9678847167152955
-3.9860208422964813,0.9676875307264938
-3.983064249219333,0.9664861417746688
-3.980231055837119,0.9653348953437393
-3.9769550704513676,0.9640037237735954
-3.975542059365522,0.9634295575413665
-3.9753473962083374,0.9633504576584038
-3.973742757182319,0.9626984248803985
-3.9734926013406207,0.962596775970112
-3.9727221179747456,0.9622836959556575
-3.9700133815192564,0.9611830216436656
-3.9693354845296214,0.9609075633940622
-3.967749109715206,0.9602629521385517
-3.965876854054813,0.9595021753908912
-3.963936412587168,0.9587136918627013
-3.9629947312079974,0.9583310468467807
-3.9571747395431323,0.9559661378101172
-3.9569882979715922,0.9558903787055109
-3.956629448515825,0.9557445629776522
-3.9566090686938713,0.9557362817930932
-3.9522923600986286,0.9539822203178585
-3.950776025764559,0.9533660694750845
-3.9487123947682097,0.9525275288254353
-3.9422306914581204,0.9498937383299029
-3.9400000144618836,0.9489873198176351
-3.93891379809464,0.9485459441163304
-3.9344409174737924,0.9467284233346394
-3.9305137714224236,0.9451326576153773
-3.9296075815265024,0.9447644342918402
-3.925660315392893,0.9431604929312631
-3.9246403378123107,0.9427460328535839
-3.9238530780717142,0.9424261358877553
-3.922410160031318,0.9418398171936073
-3.9205700607581595,0.9410921069476081
-3.919557466663487,0.9406806470928766
-3.9187511011105234,0.9403529866265274
-3.9164659904017407,0.939424449392084
-3.916359574073499,0.9393812079321648
-3.915961705032288,0.9392195368946183
-3.9159089202371944,0.9391980881974202
-3.9124010351833824,0.9377726859733211
-3.9121647133129906,0.9376766583913188
-3.9106817645448553,0.9370740735175564
-3.910605968668352,0.9370432744436734
-3.9104382697618885,0.9369751312774681
-3.9102332586100146,0.936891826566121
-3.9096927278739004,0.9366721860415219
-3.908933897671344,0.9363638412007296
-3.9079072229106466,0.9359466597752046
-3.9035060698573463,0.9341582849412129
-3.8978308652073745,0.9318522089991013
-3.897064600174817,0.9315408430720822
-3.895693236597811,0.9309835999860843
-3.8940999976839104,0.9303361995563213
-3.89205161439457,0.9295038546956311
-3.888710570143274,0.9281462469537711
-3.8886726261589994,0.9281308287063801
-3.8882029180204176,0.9279399664018464
-3.8876911945354764,0.9277320314831219
-3.8855496446692244,0.9268618290974828
-3.8848383450540402,0.9265727979468232
-3.8834847077309056,0.9260227577883173
-3.882905974819819,0.925787594102516
-3.877810785164761,0.9237172028111493
-3.8777635692473407,0.9236980169847411
-3.8769609637916305,0.9233718844051113
-3.8729662747879448,0.9217486731244993
-3.8725924731077903,0.9215967816747825
-3.872480706013327,0.9215513659719909
-3.8702817371602545,0.9206578318208403
-3.8628089557063348,0.9176213243124058
-3.8582205476835423,0.9157568598557795
-3.8579194762364866,0.9156345217792285
-3.857900159258957,0.9156266724733617
-3.85687270663129,0.9152091749675522
-3.85634615215666,0.9149952135897608
-3.852268998454134,0.9133384934103865
-3.8495388181190133,0.9122291055421488
-3.8494174659801166,0.9121797950299662
-3.848416355542653,0.9117730014713854
-3.8470679105256016,0.9112250711666883
-3.8429461729088734,0.909550234655254
-3.83887864344823,0.9078974252128553
-3.838014485619829,0.9075462812980235
-3.836999230644822,0.9071337402149484
-3.8368788796884585,0.9070848365256194
-3.8359781130811488,0.9067188169138707
-3.8340181525511965,0.9059224019642125
-3.83327839842286,0.9056218085400716
-3.830104442133588,0.9043320957118228
-3.830098670183674,0.9043297503241841
-3.8278219149968455,0.9034046082920908
-3.8266696013045145,0.9029363744489884
-3.82642752495676,0.9028380085791836
-3.826326472371718,0.9027969466352324
-3.8253579590546387,0.9024033986668529
-3.824591019633767,0.9020917587073078
-3.823294675745367,0.9015649992971857
-3.820410226178484,0.9003929253081957
-3.814666756100662,0.898059110232335
-3.8144060314843,0.8979531667814127
-3.8138731938193358,0.8977366522773536
-3.813724910780968,0.8976763986004392
-3.8124729964087316,0.8971676927839163
-3.8118522642076877,0.8969154630083203
-3.810060389731234,0.8961873485391001
-3.808084684885592,0.8953845360073491
-3.807871975806745,0.8952981033023366
-3.80727508761428,0.8950555623570009
-3.8018562261808495,0.892853649517553
-3.7983217561931113,0.8914174447091714
-3.7980516460019764,0.8913076875018262
-3.7970615538272834,0.8909053711299324
-3.7940263444061277,0.8896720370288562
-3.789572736877996,0.8878623477207748
-3.785754587706738,0.8863108720489188
-3.7829063952917057,0.8851535308758842
-3.7810237910817017,0.8843885490743513
-3.7767030848355114,0.8826328631842708
-3.7765653928521252,0.8825769131014296
-3.7755409885941096,0.88216065427728
-3.7714797917249103,0.8805104180349124
-3.769801878675745,0.8798286109188191
-3.7697476328458466,0.8798065685413188
-3.7694007007261905,0.8796655953317114
-3.76878464343415,0.8794152651695835
-3.7672065963685406,0.8787740378310169
-3.7663190238090176,0.878413379519531
-3.765642686651695,0.8781385550958403
-3.7650297435353663,0.8778894903551604
-3.7629584734737307,0.8770478456298423
-3.7620370925872684,0.8766734495636486
-3.761740931098408,0.8765531066110035
-3.7617257496538694,0.8765469377472928
-3.7614214479217445,0.8764232870691451
-3.760466649032638,0.8760353118535318
-3.758016934713643,0.8750398892028073
-3.7576393549971496,0.8748864625769603
-3.7572307386927872,0.8747204244713473
-3.7566755705754566,0.8744948361590021
-3.7548160570308564,0.8737392370725003
-3.750244236424203,0.8718815127853756
-3.748714637359386,0.8712599719208596
-3.748667794497678,0.8712409376827823
-3.7477884151997416,0.8708836086403884
-3.7464116275675563,0.8703241615311128
-3.7449965124725564,0.8697491403508781
-3.742931426007446,0.8689100082826464
-3.74146690469737,0.8683149112653268
-3.7386914995829645,0.867187146654411
-3.737968174174484,0.8668932289147526
-3.7377705726493002,0.8668129350484601
-3.7369083912011654,0.8664625942206119
-3.736862408921317,0.866443909673382
-3.7343474540926596,0.8654219770412448
-3.7339422953428847,0.8652573438864568
-3.7318962832937923,0.8644259625610793
-3.731050618672847,0.8640823332194543
-3.730282119068547,0.863770059291322
-3.7299774225054225,0.8636462481766225
-3.7272421118562997,0.8625347756445836
-3.723563067295206,0.8610398240656412
-3.723041049163716,0.8608277059961404
-3.7229921128443184,0.8608078210975656
-3.722925855505699,0.8607808979354941
-3.7197030843710412,0.8594713495687047
-3.7192431575625724,0.8592844618327449
-3.717259285077099,0.8584783304431065
-3.716913861875742,0.8583379703708935
-3.7164495288501653,0.8581492922023588
-3.7157312885469658,0.8578574407562849
-3.7085484763567123,0.8549387600372149
-3.70852989033861,0.8549312077511126
-3.706725449202015,0.8541979869157938
-3.706179085609472,0.8539759762546604
-3.7045029525931112,0.8532948924412638
-3.7018706408696542,0.852225272733782
-3.7018451983180305,0.8522149343477983
-3.7007607858858638,0.8517742916616962
-3.699968865378168,0.8514525008288547
-3.6965546012324686,0.8500651407437072
-3.6964402898796225,0.8500186912010097
-3.695826947195613,0.8497694640990632
-3.6928751403509197,0.8485700199961375
-3.6925724626487657,0.8484470292301298
-3.6922673270303625,0.8483230397086801
-3.6894949867503253,0.8471965204697351
-3.687494056025754,0.8463834575952911
-3.684908808962455,0.8453329622519883
-3.6840869585475007,0.8449990096305697
-3.6805945293332853,0.8435798877685123
-3.680039620167707,0.8433544046792278
-3.6798651823585393,0.8432835232115228
-3.6770028266679406,0.8421204268999409
-3.6751848592908734,0.8413817097804062
-3.674335085274748,0.8410364106175239
-3.672766327296922,0.8403989578286317
-3.671248707785032,0.8397822847636935
-3.6696294314651188,0.8391243042334229
-3.6686269581163007,0.8387169568662527
-3.667953785517778,0.8384434183367924
-3.6674624182321516,0.838243755003748
-3.666583017187407,0.8378864171247051
-3.66537659738316,0.8373961976774338
-3.6644131247280627,0.8370046979434445
-3.6639626262326948,0.8368216413302998
-3.6628496720289925,0.83636940091394
-3.66204561970329,0.8360426804097707
-3.660742018890143,0.8355129722038601
-3.658704389133078,0.8346849969586465
-3.6584726528724487,0.8345908327040488
-3.658223847272459,0.8344897324541396
-3.6579576590011236,0.8343815688888658
-3.6576763106264196,0.834267245131703
-3.6575053790627114,0.8341977883999849
-3.655336622673443,0.8333165308520976
-3.6538710683893636,0.832721014093704
-3.6536013196577883,0.8326114037626824
-3.6532516585563646,0.8324693216522345
-3.652836364505052,0.8323005700952955
-3.6524847200693418,0.8321576820721521
-3.6521028565965743,0.8320025147747532
-3.650427050488228,0.831321563797925
-3.6500428136520906,0.831165432102499
-3.6492767699971758,0.8308541561305889
-3.6492574702555354,0.8308463138283939
-3.6482486913280305,0.83043640423762
-3.647410399842646,0.8300957709131576
-3.6464931628603434,0.8297230586906812
-3.645699257696183,0.8294004614078858
-3.6452865687089107,0.8292327683987666
-3.6449946016007466,0.8291141298005913
-3.6448812536699666,0.8290680717370711
-3.644691794081792,0.8289910862845211
-3.6433421128164905,0.8284426536398157
-3.641899312445048,0.8278563827595455
-3.641264854801206,0.8275985757553941
-3.639809569466072,0.8270072317057531
-3.6391799063228167,0.826751372910193
-3.638681305305003,0.8265487702054792
-3.6386321064680938,0.8265287786349234
-3.63791339659153,0.826236736381309
-3.637504683223197,0.8260706588344955
-3.6368149310438134,0.8257903833193379
-3.636161306398257,0.8255247879508434
-3.63593200347688,0.8254316124650145
-3.634549662428599,0.8248699087676417
-3.6340189070406193,0.8246542403808865
-3.6320028071153887,0.8238350136179384
-3.631070583736706,0.8234562117880762
-3.629696446149219,0.8228978415041652
-3.6292378524374476,0.822711495461838
-3.6284361538193775,0.8223857313687382
-3.6284062248226667,0.8223735699501562
-3.625770582325332,0.8213025968082199
-3.621631861632247,0.819620859353785
-3.620741406602149,0.8192590297724589
-3.6206729513679594,0.8192312135123561
-3.620037775889751,0.8189731148217081
-3.619351478402173,0.8186942430941062
-3.619250702588258,0.8186532936139814
-3.619240940597286,0.8186493269037192
-3.6180850398197486,0.8181796354760169
-3.6177868389997103,0.8180584638567681
-3.6172855380123705,0.8178547640401155
-3.616692288308601,0.8176137015667946
-3.6157104312119452,0.8172147314557874
-3.615146784248381,0.8169856978292156
-3.6149582305302514,0.8169090804700201
-3.6133709143214574,0.8162640866861146
-3.6120069468130462,0.8157098489359422
-3.610414105204829,0.8150626099483014
-3.6099702536145046,0.8148822542541112
-3.6094189558927385,0.8146582386473598
-3.6087167114961316,0.8143728870154132
-3.6073771876839293,0.8138285817739768
-3.6066014738633987,0.8135133764043343
-3.6034363968904977,0.8122272716182852
-3.602897130613936,0.8120081448971408
-3.6020389654578957,0.8116594360588238
-3.601596077173689,0.8114794717966969
-3.598448153911499,0.810200337289612
-3.5978179195123037,0.8099442463685766
-3.59744250556113,0.8097916997848795
-3.594649667136688,0.8086568512819552
-3.5944204445245127,0.8085637084291546
-3.594073866822558,0.8084228792344663
-3.5935383111471144,0.8082052602876659
-3.5921435635728174,0.80763851529347
-3.592102826085453,0.8076219619274958
-3.591563952275301,0.8074029946820709
-3.5911767099659984,0.8072456417356437
-3.590767579535483,0.8070793947188069
-3.5902390373970268,0.8068646256690437
-3.590105826848757,0.806810496583038
-3.589285178397159,0.8064770323702244
-3.585653129203203,0.8050011769987722
-3.5841374098782293,0.8043852760602341
-3.583030189885557,0.8039353656966068
-3.58226035278359,0.8036225482865422
-3.5817617782781426,0.8034199563549247
-3.581127528980399,0.8031622340106148
-3.5810651151280783,0.8031368726197632
-3.579955939631337,0.8026861676520363
-3.579833679475756,0.8026364881742281
-3.579081453456812,0.8023308268928633
-3.578632481390776,0.802148390532587
-3.5773323251440483,0.8016200819998573
-3.5749670610335964,0.800658975044555
-3.5736316729820503,0.8001163503377848
-3.5734588338867384,0.8000461184952101
-3.5733743735154024,0.8000117986702142
-3.5714877413148933,0.7992451801255904
-3.571445895115633,0.7992281762430287
-3.569213941980882,0.7983212391816494
-3.5686758263068348,0.7981025799990245
-3.568290033789542,0.7979458161644764
-3.567993842603806,0.7978254611447333
-3.5677884730275577,0.7977420107903872
-3.565663309273443,0.7968784667759108
-3.565659554276531,0.796876940961676
-3.5632542317546485,0.7958995565777034
-3.5621883216339287,0.7954664321641447
-3.558203521301156,0.7938472390692191
-3.557550123560796,0.7935817359019139
-3.5548265880147185,0.7924750480928098
-3.5539040437675875,0.7921001793039186
-3.5535370952320786,0.7919510725770387
-3.5534623074256326,0.791920683124703
-3.5513883100779564,0.7910779301875899
-3.5512139519732395,0.7910070811071783
-3.5506981506481714,0.7907974891893508
-3.5475132623660492,0.7895033342295381
-3.5473553885360167,0.7894391834078884
-3.545743427292189,0.7887841753027578
-3.543148519364861,0.7877297543413506
-3.5420736788728786,0.7872930011398285
-3.541309659562612,0.786982547744862
-3.5381260011305997,0.7856888925252223
-3.5365136799397296,0.7850337381583672
-3.536258552817087,0.7849300692061456
-3.5358314958705503,0.7847565378868258
-3.534107705966184,0.784056089062001
-3.533627186982651,0.783860833853423
-3.5333157408621907,0.7837342801077951
-3.532299124934928,0.7833211860121945
-3.529842340420438,0.7823228904416824
-3.528054972505601,0.7815966071792582
-3.5272371327168117,0.7812642842450646
-3.5270755056748446,0.7811986083344913
-3.5267246243604435,0.7810560303998473
-3.5257741979101884,0.7806698318912721
-3.525178539958385,0.7804277908448067
-3.5249220215364763,0.7803235565487849
-3.524272380628361,0.7800595799414876
-3.5232353856492997,0.7796382049742756
-3.5200721181745394,0.7783528354639366
-3.518902019056188,0.7778773746491927
-3.518473100715452,0.7777030869665966
-3.517787298832804,0.7774244166242619
-3.517564584457252,0.7773339183435652
-3.5158538482300465,0.7766387737804741
-3.5149730970454307,0.7762808872824358
-3.5142559898275607,0.7759894962569069
-3.5134674452666026,0.7756690772141643
-3.511066424860627,0.7746934409620401
-3.507758239346237,0.7733491851162504
-3.5075896681442202,0.7732806874994282
-3.5075053745999107,0.7732464354633168
-3.506734775457906,0.7729333084041197
-3.50599381151298,0.7726322233802736
-3.504348884289069,0.771963819801629
-3.503505459803913,0.7716211007220246
-3.5025032360959485,0.7712138547945033
-3.5016992395419044,0.77088715695272
-3.501384231383091,0.7707591558000904
-3.499581948958964,0.7700268121410487
-3.4962186121541925,0.7686601459908258
-3.495554877876311,0.7683904426506682
-3.495313428298871,0.768292331464181
-3.495058568404045,0.7681887710979356
-3.4944228794301035,0.76793046375223
-3.493945700055231,0.7677365655680524
-3.493440909512565,0.7675314477973214
-3.4928093373855154,0.7672748133008178
-3.4915873377305333,0.7667782631005293
-3.4910428184798787,0.7665570018735957
-3.490749534496214,0.7664378281731481
-3.4893745265492577,0.7658791042253339
-3.487944131684233,0.7652978742275802
-3.4869417422230105,0.7648905609474919
-3.4867320527079393,0.7648053552190923
-3.4860446296113516,0.7645260261088902
-3.485946535252594,0.7644861662175306
-3.485808789692323,0.7644301943641332
-3.4853035863020767,0.7642249088359487
-3.4849282554208605,0.764072396007093
-3.4840198779461167,0.7637032837776561
-3.4825662549525416,0.7631126152077743
-3.4815731610551826,0.7627090791088662
-3.4813273740668635,0.762609205448689
-3.4805132260164973,0.762278382624128
-3.479804881558176,0.7619905522788257
-3.4777264759926942,0.7611460080961712
-3.4738829699943166,0.759584228871828
-3.4735813058030622,0.7594616499382121
-3.4730662700211608,0.7592523690929869
-3.4711246309655257,0.7584633989340899
-3.4698096706771198,0.7579290748924112
-3.468823717481618,0.7575284403630103
-3.4688158156312907,0.7575252295066524
-3.468234112269573,0.7572888588009876
-3.465102666736826,0.7560164198930559
-3.4643090765539046,0.7556939506004747
-3.4640933638817857,0.7556062974083408
-3.463950091104607,0.7555480796126861
-3.4613600183464857,0.7544956233852527
-3.460035922986374,0.7539575873771538
-3.4599142432968955,0.753908143767301
-3.4591200525852215,0.7535854304544605
-3.4582771241519494,0.7532429129417395
-3.4567667926598977,0.7526292013078428
-3.4561426581880115,0.752375589045549
-3.455135048438087,0.7519661545411302
-3.453930430456233,0.7514766672505873
-3.4513099130415554,0.7504118400701434
-3.450045711258736,0.7498981413584416
-3.449745789482752,0.7497762704419253
-3.449450649010013,0.7496563423713611
-3.449185858319494,0.7495487467023481
-3.445339966997886,0.7479859982201804
-3.4451921171028257,0.7479259205477311
-3.4443476764522694,0.7475827885570994
-3.4435431137498806,0.7472558606652728
-3.4430152523513673,0.7470413682289714
-3.4417700250567544,0.7465353796552237
-3.4395776761501273,0.7456445354686068
-3.439452063348025,0.7455934936685631
-3.4380117109344304,0.7450082174972155
-3.436657822647468,0.7444580753614802
-3.4359380858867468,0.7441656158413532
-3.4354589537286766,0.74397092415868
-3.43450977486871,0.7435852325988628
-3.4342876186932,0.7434949611384785
-3.432093140183164,0.7426032516038275
-3.429584481594281,0.7415838774004984
-3.427131000428241,0.740586924120328
-3.4255598671265,0.7399485061367557
-3.424027055184073,0.7393256597440307
-3.4238493422625647,0.7392534474595105
-3.4235058442139548,0.7391138696583712
-3.4225509740348374,0.7387258654746078
-3.4224601089737146,0.7386889431529722
-3.422268837835364,0.7386112215908831
-3.419494843611763,0.7374840302846395
-3.416764617411149,0.7363746237793096
-3.41670648606614,0.7363510025525033
-3.415573410430897,0.7358905859465503
-3.415176645139871,0.7357293634094384
-3.4142947403749666,0.7353710081628857
-3.4142132792224724,0.735337907047495
-3.4136970981742256,0.7351281608320628
-3.413181581995537,0.7349186847812827
-3.4121690639083804,0.7345072558116232
-3.410379628304016,0.7337801323593967
-3.4098189302097723,0.7335522969832875
-3.409354108787852,0.7333634203586401
-3.4087913651045683,0.7331347537730921
-3.4060135769712523,0.732006020840694
-3.4058623456254784,0.7319445691416464
-3.4041590386775757,0.731252443409298
-3.403687210054026,0.7310607194619381
-3.4014346828840356,0.7301454222989197
-3.4009636430724015,0.7299540188792404
-3.400311910944882,0.7296891925209559
-3.4002167231495024,0.729650513689363
-3.39970893200665,0.7294441766477284
-3.3996332473291617,0.729413422758713
-3.399327671915174,0.7292892545296961
-3.3977842487152246,0.7286620963337502
-3.397640898475978,0.7286038470619773
-3.396869298425553,0.728290313291309
-3.3962032302521354,0.7280196615905763
-3.3952285251183745,0.7276235976249132
-3.394200460413978,0.7272058514064121
-3.393258383955328,0.7268230458529714
-3.3931679332767586,0.7267862919125128
-3.3930721904831667,0.7267473875616479
-3.392644227539744,0.7265734880974326
-3.3922067778066753,0.7263957337489055
-3.391451670069942,0.726088901503589
-3.3908178829857727,0.7258313669762251
-3.3896579136405727,0.7253600223172152
-3.389291326884298,0.7252110625965562
-3.3882269501097886,0.7247785612464857
-3.3869113628932244,0.7242439824573526
-3.3866267572539117,0.7241283351356629
-3.3859779151514164,0.7238646831169111
-3.385461517169944,0.7236548487523242
-3.385078038355483,0.7234990250732007
-3.3834732872092332,0.7228469467359973
-3.381942540918514,0.7222249397050224
-3.38187096747399,0.722195856384034
-3.381419361078266,0.7220123495840651
-3.379646101676193,0.721291799207743
-3.379407523573106,0.7211948548228659
-3.3791866335498724,0.721105097853761
-3.378884841731028,0.7209824670596512
-3.3782686442876284,0.7207320799480916
-3.377860262747708,0.7205661372372125
-3.376830375043501,0.7201476502567015
-3.3756316444478194,0.7196605552604376
-3.3750378886092607,0.7194192871231213
-3.373090670287129,0.7186280498720155
-3.368507880955828,0.7167658685276428
-3.3677592930608884,0.7164616855701016
-3.366431693059303,0.7159222254777828
-3.366350183100617,0.7158891045303699
-3.365398798363624,0.7155025166293183
-3.3652640665447002,0.7154477693866335
-3.363709923978098,0.7148162554581499
-3.363279917092965,0.7146415254538754
-3.3631081522181145,0.714571730112558
-3.3624241828967585,0.714293804417468
-3.3601923722420515,0.7133869252517637
-3.3596616435178723,0.7131712676996396
-3.35916237879038,0.7129683953015804
-3.3582937424926875,0.7126154315950535
-3.357064534704206,0.7121159524249256
-3.3544095595223333,0.7110371235947006
-3.35439529615701,0.711031327785447
-3.3539649516656587,0.7108564605974717
-3.353010676968265,0.7104686983831456
-3.352963666308897,0.7104495959617743
-3.3527353282462555,0.7103568125389024
-3.3522921856429493,0.7101767449361571
-3.3522700033833583,0.7101677313448702
-3.3502873839509872,0.7093621091237621
-3.349590904121189,0.7090790998793868
-3.3493925254261185,0.7089984902160626
-3.348101023705689,0.7084736983838082
-3.3475322165129153,0.7082425679376203
-3.3473349673041324,0.7081624172323979
-3.34731620368333,0.7081547927787994
-3.3472351790010606,0.7081218690197417
-3.3451196043783202,0.7072622214753543
-3.3447797164537536,0.7071241106204686
-3.3442497094354406,0.7069087463279953
-3.3440981047673035,0.7068471429322654
-3.3436692397448184,0.7066728769151325
-3.342365290479538,0.7061430271183651
-3.341503196688875,0.7057927219094595
-3.3409629615127545,0.7055732014834009
-3.3395921719636132,0.705016191649229
-3.339525346478739,0.7049890376252788
-3.3390824935054813,0.7048090877114852
-3.3384912297245686,0.7045688322027062
-3.337140496975674,0.7040199722956959
-3.3370350487081404,0.7039771241998303
-3.3348346569237792,0.7030830118514488
-3.333673391754663,0.7026111406443154
-3.3334785002566822,0.7025319479768197
-3.333007096149524,0.702340396528444
-3.331865903402481,0.7018766815962814
-3.3310333343976057,0.7015383735579455
-3.3307152256336625,0.7014091124981685
-3.3305480015302162,0.7013411622645327
-3.3301699529431064,0.7011875451167024
-3.329878008249993,0.701068915626712
-3.329025639313821,0.7007225620379438
-3.3283454988439747,0.7004461921673397
-3.327478680772056,0.7000939672829296
-3.32489046242153,0.6990422645798187
-3.3220495993299437,0.6978879016212303
-3.3215364034065487,0.6976793683884177
-3.3196669754607258,0.6969197406609149
-3.319298084170818,0.6967698445106649
-3.319292400430462,0.6967675349663041
-3.317023811462477,0.6958457112146907
-3.3161973239738947,0.6955098743539205
-3.3160771934919193,0.6954610602526705
-3.315412913910764,0.695191135332704
-3.314809163857801,0.6949458061229117
-3.3146323766294676,0.6948739699867237
-3.3121368825434714,0.6938599450783136
-3.3108763797141463,0.6933477494080327
-3.308583403311695,0.6924160160092123
-3.308560515526798,0.6924067157331211
-3.3079253797128785,0.6921486331597535
-3.306420224025065,0.6915370246742663
-3.30630619730125,0.6914906907883951
-3.305781386974892,0.6912774381318956
-3.3044119995680585,0.6907209980475111
-3.3041482473450703,0.6906138243518252
-3.3040120244415565,0.6905584712183379
-3.303558291962882,0.6903741005008459
-3.3032952905076067,0.6902672318738705
-3.3021759344902506,0.689812390129565
-3.3018288489090564,0.6896713545620372
-3.3001600102461692,0.6889932347533059
-3.2990895139474463,0.6885582467814424
-3.2984445083193585,0.6882961536846821
-3.2979819582308934,0.6881081999989878
-3.297128970550505,0.6877615949882467
-3.2970340224878156,0.6877230135701966
-3.296876713494778,0.6876590922657335
-3.2968674640977276,0.6876553338440852
-3.2950230855811156,0.6868759406098583
-3.2949819183425353,0.686858363466962
-3.2939985074035314,0.6864384772856964
-3.292926832829161,0.6859809052507062
-3.2924075543765325,0.6857591893455441
-3.2923193640059516,0.6857215347736261
-3.2920471665113307,0.6856053148272807
-3.2912502961556123,0.6852650757295087
-3.290729905537496,0.6850428849639385
-3.2893203871415637,0.6844410640229479
-3.2892897636475795,0.6844279887342397
-3.2873729806575813,0.6836095814356591
-3.287276322273037,0.6835683112825996
-3.286237354206009,0.683124703918863
-3.284272620016792,0.6822858229351434
-3.2841362517518538,0.6822275978862451
-3.28305532301576,0.6817660746092327
-3.2819774239708104,0.6813058449170233
-3.281151435037771,0.6809531730836054
-3.280565260924333,0.6807028947917071
-3.280508960206094,0.680678856119117
-3.2791462859667853,0.6800970361901753
-3.2775845581416694,0.6794302265110719
-3.2769450974779457,0.6791571965034615
-3.2747318941151287,0.6782122268356252
-3.2735614795171437,0.6777124958518077
-3.272808577588621,0.6773910299181922
-3.2727466786095696,0.6773646009606653
-3.2722832889818827,0.6771667478623411
-3.2715629015120897,0.6768591646011373
-3.2714008689142813,0.6767899816725815
-3.2711846759082146,0.6766976739178747
-3.2704166833940884,0.6763697647690057
-3.2702504741879572,0.6762987985573381
-3.2697692754204315,0.6760933415048358
-3.26870855732096,0.6756404475471609
-3.267710400891859,0.6752142654957949
-3.266791377616402,0.6748218708636822
-3.2645266822109993,0.6738549156796498
-3.2637033496360823,0.6735033780293329
-3.262298083966918,0.672903372871686
-3.261819952058685,0.6726992252736408
-3.260887609558812,0.6723011437429436
-3.258257044009109,0.6711779732763308
-3.2580437280824603,0.6710868939459196
-3.256304059715336,0.6703441091360611
-3.2556937946296864,0.6700835447410463
-3.255443576862461,0.6699767094613089
-3.254288872368833,0.6694836862081706
-3.253617011123112,0.669196822150006
-3.252059390662868,0.6685317661891932
-3.250580145294947,0.6679001739787995
-3.2497254541588743,0.667535247188733
-3.248300459076016,0.6669268181791173
-3.2477608781080614,0.6666964337252415
-3.2477086054237354,0.6666741148990669
-3.246626644696206,0.6662121509934975
-3.2462300709687057,0.6660428262265805
-3.2454640799085057,0.6657157716368924
-3.245279745051802,0.6656370663307118
-3.2450318601237895,0.6655312271014655
-3.2449629594307052,0.6655018086277047
-3.244846838609117,0.6654522286134821
-3.244254406634746,0.6651992784077114
-3.2442373483109255,0.6651919950288476
-3.2432224151480686,0.664758649828902
-3.24275297573372,0.6645582136580102
-3.2411559382857367,0.6638763278575022
-3.240519270477673,0.6636044903132363
-3.239447917262614,0.663147055488774
-3.239251891703533,0.6630633586127601
-3.2390579563785282,0.6629805542023155
-3.2384804797306774,0.662733989460335
-3.238376360945147,0.6626895339458392
-3.23832854250167,0.6626691169433134
-3.2373904294705156,0.6622685715734948
-3.2361966066518084,0.6617588460004171
-3.235701195860204,0.6615473208513736
-3.2356803761756217,0.6615384314873163
-3.234830179135084,0.6611754235376224
-3.234722665459487,0.6611295185096324
-3.2345929846571284,0.6610741488012775
-3.2339864444801365,0.6608151748275295
-3.233075455690505,0.6604262106733971
-3.231002173042389,0.6595409828410905
-3.2306474667115626,0.6593895341630107
-3.2304330040123044,0.6592979651960165
-3.2301467626530407,0.6591757489520282
-3.2297197192240366,0.6589934145610559
-3.2295931305894987,0.6589393651131197
-3.2287890181893677,0.6585960338854426
-3.2286034927377636,0.6585168202319114
-3.228569336070054,0.6585022363868462
-3.225928814887413,0.6573748151716088
-3.225487447513583,0.6571863648973819
-3.225372351984875,0.6571372226516403
-3.22400396485894,0.6565529634960692
-3.2223429736264237,0.6558437713993821
-3.220850704730313,0.6552066185435848
-3.220126850001374,0.6548975548695188
-3.2195579168027653,0.6546546379172209
-3.218474589363817,0.6541920904679721
-3.2159652846872437,0.6531206946592725
-3.2159542964124124,0.653116003004365
-3.214515715036738,0.652501773066184
-3.2141966528412356,0.6523655433360254
-3.2138999504972134,0.6522388605737508
-3.2132648821222647,0.6519677059381619
-3.2131504917453295,0.6519188647705074
-3.2116927219181632,0.6512964419545553
-3.2111838263572405,0.6510791592243521
-3.211068956140672,0.6510301131799534
-3.211006980415351,0.6510036514541335
-3.210773885494193,0.6509041271022731
-3.210374967020202,0.6507338012008244
-3.2102385864416885,0.6506755708944085
-3.210140100098346,0.6506335202592439
-3.208171688226793,0.6497930690184424
-3.206666036244613,0.6491502019970998
-3.2062202912485263,0.6489598826130034
-3.2060061818751002,0.6488684645052571
-3.2054216415445587,0.648618883788334
-3.205353156421163,0.6485896427500295
-3.20389991870032,0.647969155003886
-3.203487622145449,0.6477931170739548
-3.2032390738631786,0.6476869946128723
-3.2028992001769323,0.647541879017173
-3.202132560179125,0.6472145473511144
-3.201155888274577,0.6467975385299947
-3.2010766683503697,0.6467637140623834
-3.1993923652493566,0.6460445685158691
-3.1993009309774867,0.6460055288980149
-3.1976920909433617,0.6453186037567507
-3.197409398485046,0.6451979027841594
-3.1968981290328324,0.644979606475492
-3.1964289274730255,0.6447792718611642
-3.195907524092525,0.6445566486772498
-3.1958983408715924,0.6445527277247609
-3.1956773067574553,0.6444583529660175
-3.1945359995886466,0.6439710499579303
-3.1933368598420935,0.6434590542204273
-3.193294350760083,0.643440904151716
-3.192182361309142,0.6429661189061537
-3.191942399699725,0.6428636626899049
-3.1910602242247137,0.642487000933647
-3.191036277948431,0.6424767766112347
-3.1909864962678247,0.6424555213669239
-3.1905098476287828,0.6422520070791371
-3.189770757856424,0.64193643851078
-3.189476360557673,0.64181073993184
-3.1893331535434886,0.641749594947651
-3.188231946321998,0.6412794133819655
-3.187651253898605,0.6410314756028765
-3.1876108867156723,0.6410142400590995
-3.185987892833382,0.6403212716606166
-3.185686588059587,0.6401926238025872
-3.1848194452251954,0.6398223805208583
-3.1839126408545106,0.6394352029847332
-3.1833632606689375,0.6392006345667565
-3.182336044939401,0.6387620450891496
-3.182249284469832,0.6387250010409216
-3.1819799149081733,0.6386099885348493
-3.181424944205881,0.638373033138425
-3.18065897028803,0.6380459858679917
-3.1806096657125758,0.6380249343328859
-3.1794954649056737,0.63754920490644
-3.179056828054234,0.637361920481172
-3.1787885294169613,0.6372473652268269
-3.1782718894934425,0.6370267758923263
-3.177469816081585,0.6366843152498398
-3.175001268587598,0.6356303215027574
-3.1749509300140017,0.635608828482292
-3.1749401785313807,0.6356042379303655
-3.174849413275627,0.6355654839617868
-3.1742015999669193,0.6352888876320351
-3.17414043790189,0.6352627733140981
-3.1741222400637326,0.6352550033977105
-3.1726599639030293,0.6346306565161361
-3.1710506662681115,0.6339435359934278
-3.1703486183779908,0.6336437831678727
-3.1698023856790796,0.6334105586297558
-3.1697155493944833,0.6333734822108466
-3.1694838355961754,0.6332745475559038
-3.1690694982423344,0.6330976382676707
-3.1689278507078398,0.6330371591332762
-3.166862433128397,0.6321552894430436
-3.1668505513421845,0.6321502162862973
-3.1667948164966173,0.6321264192239093
-3.1666819772018746,0.6320782403205771
-3.1653628596359327,0.6315150177495892
-3.165182001047814,0.6314377967030234
-3.1651265535043946,0.6314141223098029
-3.1650722724430427,0.6313909459684972
-3.1647897496251427,0.6312703174271386
-3.1640161226574133,0.6309400025401259
-3.16400360090463,0.6309346561373654
-3.1638756634125413,0.6308800307688007
-3.1637777945794663,0.6308382437915006
-3.162089576236987,0.630117426557472
-3.1607291897649246,0.6295365834346798
-3.1597435955417987,0.6291157650583405
-3.159576227542834,0.6290443040778246
-3.1595717911438905,0.6290424098721199
-3.159060721252486,0.6288241987697718
-3.1590395610881563,0.6288151640313493
-3.1581466520457595,0.6284339193724187
-3.15780318755531,0.6282872706139238
-3.1577624280151575,0.6282698675456984
-3.1575109105053683,0.6281624773159193
-3.157251548206379,0.6280517376027768
-3.1571733745610664,0.6280183598640268
-3.156463961270755,0.6277154622394492
-3.1564348318964135,0.6277030248938089
-3.155769520421377,0.6274189573859894
-3.1550636451810123,0.6271175703997649
-3.1550133629514967,0.6270961014364869
-3.1547725196457623,0.6269932687630668
-3.1541437637429803,0.6267248093586653
-3.153352095652777,0.6263867914680346
-3.151941253672156,0.6257844053971486
-3.1508824410077354,0.6253323250015526
-3.150382634111252,0.6251189228511285
-3.149643229844418,0.6248032200033167
-3.1490432783412756,0.624547059190367
-3.1474619615867407,0.6238718856417529
-3.146803582165588,0.6235907779074303
-3.145555351390515,0.6230578218127847
-3.144148971550935,0.6224573409386873
-3.144095976404945,0.6224347136436346
-3.1437724951528314,0.6222965971124124
-3.1435796043613946,0.6222142386856291
-3.143067457328115,0.6219955676768767
-3.1409198954338677,0.6210786248943199
-3.1404675832507354,0.6208855015236288
-3.1396787368295294,0.6205486883987508
-3.139391515300091,0.6204260536522881
-3.1392094656846723,0.6203483240737497
-3.1390139153204677,0.6202648300913116
-3.13885020628551,0.6201949313757278
-3.138470198627404,0.6200326798101967
-3.137466427466888,0.6196041004414534
-3.1366600086841876,0.6192597844594576
-3.13608053475884,0.6190123669415037
-3.1358290640244917,0.618904996683397
-3.135115094191856,0.6186001535555916
-3.1348684551071058,0.6184948462630453
-3.1347110994079532,0.618427660226164
-3.1342546484110003,0.6182327697094494
-3.1341926632831107,0.6182063039690222
-3.133993550108443,0.618121288776253
-3.1339394190210554,0.6180981764692108
-3.133174819973721,0.6177717162261414
-3.1310285199055774,0.616855312204466
-3.13071887941252,0.6167231052510569
-3.1300363055668297,0.6164316672426602
-3.12989373350587,0.6163707933639415
-3.129316531953173,0.616124346079119
-3.128413047761504,0.6157385861571705
-3.1275402496596483,0.6153659282504207
-3.1247130256736657,0.6141587906887227
-3.1246722946371763,0.6141413997906839
-3.1229338834595834,0.6133991517620334
-3.1216768685268725,0.6128624451026339
-3.1215049082387,0.612789023356072
-3.120935326934432,0.6125458296826203
-3.1197522790450782,0.6120407046725014
-3.1174293700230966,0.6110488940672067
-3.1174264774034697,0.6110476590077205
-3.116940610114718,0.6108402086404487
-3.116829038136903,0.6107925708424102
-3.1152681806565585,0.6101261327737169
-3.114809400843305,0.6099302479241708
-3.1142793590117637,0.6097039363877317
-3.112575828433911,0.6089765813008259
-3.1117232924344345,0.6086125746877065
-3.1115700131734454,0.6085471291643638
-3.1114646646695405,0.608502148597998
-3.1112977001817343,0.6084308599043187
-3.1111015689160015,0.6083471178948192
-3.111004255455268,0.6083055680444034
-3.1107957652894207,0.6082165491652181
-3.109638782830432,0.6077225532910331
-3.1094951474653314,0.6076612254141971
-3.1085733491569356,0.6072676459284927
-3.1062005814475873,0.6062545471993721
-3.105942547245908,0.6061443745428743
-3.105711656513289,0.6060457913116284
-3.1050677271801974,0.6057708533198363
-3.1046945398831207,0.6056115138383933
-3.103972812709999,0.6053033585651311
-3.103360583400243,0.6050419555069217
-3.1030705462160397,0.6049181185625989
-3.102254946338838,0.6045698825360342
-3.1017924972998325,0.6043724310401069
-3.0999098124900586,0.6035685826142354
-3.099164711726386,0.6032504475377298
-3.098671406345251,0.6030398213341082
-3.09826432262238,0.6028660091228828
-3.0982384916757892,0.6028549801042982
-3.097457289419872,0.6025214308025533
-3.0973996166266278,0.6024968062961968
-3.0964059467879514,0.6020725398807518
-3.0946243544523724,0.6013118548276495
-3.0938380945098496,0.6009761460495042
-3.092121940876544,0.6002434013067177
-3.091620913088821,0.6000294778733379
-3.0914625099003947,0.5999618445908004
-3.0914268762280948,0.5999466301102678
-3.0909334103527275,0.5997359353805523
-3.09050504145565,0.5995530350555376
-3.09036959310871,0.5994952027832905
-3.089511137918382,0.599128668857992
-3.0890363557871394,0.5989259515115468
-3.08877512607671,0.5988144144712362
-3.087632891951772,0.5983267156814329
-3.0871372361665403,0.5981150859276563
-3.0869792612684583,0.5980476355119035
-3.0853162240358594,0.5973375698362002
-3.085196870167299,0.5972866094105005
-3.0844989716895164,0.5969886282562091
-3.0841977126641673,0.5968599999313569
-3.0837295965264477,0.5966601287588285
-3.0836450162962703,0.5966240156056681
-3.08339819218183,0.5965186293111437
-3.083112698182922,0.596396732167009
-3.081758900057763,0.5958187020654186
-3.0773809519440416,0.593949453064476
-3.0766198199208588,0.5936244731339329
-3.075545121707825,0.5931656100983633
-3.075474270311385,0.5931353587343517
-3.0754208926936886,0.5931125681356604
-3.0751588176686284,0.593000670172039
-3.0745904345212645,0.5927579880746809
-3.0716659749092745,0.5915093338955975
-3.0716626489455354,0.5915079138115229
-3.070041170559054,0.5908155924830722
-3.0687922068905,0.5902823234654835
-3.0673745724160817,0.5896770372089599
-3.0670949094672997,0.5895576297436287
-3.0639463912517435,0.5882133094419717
-3.0634970194327864,0.5880214415162182
-3.0630967170575403,0.5878505247315584
-3.0625636654605284,0.5876229281179666
-3.061548558963977,0.587189508909872
-3.061232249541543,0.5870544545290262
-3.0600092433987993,0.5865322685754499
-3.0597780286142604,0.5864335469840156
-3.059711511097026,0.5864051460529389
-3.0592876643810825,0.5862241765599827
-3.0578171434084007,0.5855963093976388
-3.057298502392069,0.5853748656581417
-3.056170796345211,0.5848933699102046
-3.0558653981012873,0.5847629742665112
-3.055822093457669,0.5847444845174974
-3.054754118428798,0.5842884920744873
-3.0544469526285645,0.5841573417386914
-3.054352242995466,0.584116903642476
-3.0523308805294933,0.5832538441287693
-3.0493480942196323,0.5819802862461947
-3.045998710413482,0.5805502025241429
-3.0459430928344737,0.5805264555309637
-3.044924740084903,0.5800916502728166
-3.0445759802280357,0.5799427405559618
-3.042890046351104,0.5792228987183594
-3.0417453322088033,0.5787341410375288
-3.0409235676849664,0.5783832728967262
-3.0402135636659073,0.5780801230491681
-3.03971778325692,0.5778684400848864
-3.0393846952369183,0.5777262217596706
-3.0379286638033034,0.5771045411842213
-3.037727413128792,0.5770186133448552
-3.0373009224543654,0.5768365149630617
-3.0368552295728692,0.5766462178302902
-3.036721190161561,0.5765889871301617
-3.0361578832874523,0.5763484724451311
-3.0360026687247728,0.5762822006075754
-3.0358808045482957,0.5762301683577147
-3.034271201035728,0.5755429172346713
-3.0339647974030703,0.5754120923209554
-3.0338389111809785,0.5753583427814988
-3.031012303874034,0.5741514685227556
-3.030589778142464,0.5739710630494399
-3.0305162723234558,0.5739396783287498
-3.0295206258592637,0.573514567955091
-3.029438687374014,0.5734795827456471
-3.029184962271833,0.5733712499419124
-3.028834388555415,0.5732215657628976
-3.027941464109163,0.5728403145269951
-3.027327887544273,0.5725783362323396
-3.026626397649778,0.57227882165373
-3.0261631096147856,0.5720810119323578
-3.0261521005464034,0.5720763113992449
-3.025843103063342,0.5719443789912986
-3.0250465897395875,0.5716042923351783
-3.0248195515435596,0.5715073540183968
-3.023756494659445,0.5710534614717151
-3.023519746258023,0.5709523771963112
-3.0233417545582735,0.5708763802227768
-3.0227673321789004,0.570631119559363
-3.022465324475909,0.5705021715722174
-3.0224429474528747,0.5704926172726077
-3.0207677086732136,0.5697773419121244
-3.0201219326951843,0.5695016154598211
-3.019750202442446,0.5693428980914328
-3.018633463215869,0.5688660848379705
-3.0184590208105697,0.568791603303846
-3.0183758499043623,0.568756091888613
-3.0182593063441794,0.5687063313780314
-3.018138677286966,0.5686548264860536
-3.017640608238245,0.568442166343097
-3.01664012143076,0.5680149892919377
-3.0164268841945763,0.5679239435599313
-3.0161305442511974,0.567797415531569
-3.016111186939987,0.5677891505558996
-3.015575764028237,0.5675605414639526
-3.0151592381055523,0.5673826977242327
-3.015000040841771,0.5673147253959758
-3.014448902424741,0.5670794062673219
-3.014224356697257,0.5669835321578389
-3.0140481926626186,0.5669083155410135
-3.01401797871833,0.5668954151174117
-3.0138942293839213,0.5668425779631785
-3.012270750417798,0.5661494024488394
-3.0118726185886437,0.5659794124205069
-3.0106036963233573,0.5654376216968511
-3.010262983025358,0.5652921476127939
-3.0102567712273,0.5652894953663505
-3.0099722526095847,0.5651680146799427
-3.009771389352203,0.5650822522557581
-3.009254828534121,0.5648616966968425
-3.008733946320556,0.5646392960351572
-3.007741441517012,0.56421552705383
-3.0076742325109618,0.5641868308783271
-3.007138356305037,0.5639580282437286
-3.0070227179796802,0.5639086542405365
-3.0047022722973935,0.5629178954054188
-3.0042454450414313,0.5627228442376961
-3.0014205328346235,0.5615166937345015
-3.0011756670122716,0.5614121435703823
-2.9997503913366184,0.560803594756285
-2.998578567973663,0.5603032622732163
-2.99776686058625,0.5599566882199005
-2.9956559122999202,0.5590553783202021
-2.995516076835894,0.5589956728840848
-2.9953607707459033,0.5589293619671865
-2.994479987455782,0.5585532946309961
-2.9938428396892567,0.5582812521592508
-2.993662656528057,0.5582043194991755
-2.9935283735712126,0.5581469848126046
-2.993395260730632,0.5580901497296376
-2.9930940659244354,0.5579615488243854
-2.9915004189063463,0.557281110633014
-2.9898970517260812,0.5565965222317808
-2.9882614244087007,0.5558981597456327
-2.9878843864135876,0.5557371761347318
-2.9878490026348663,0.5557220683510609
-2.98711733990454,0.5554096709008944
-2.985319591235487,0.5546420875910234
-2.9852019609040834,0.5545918630626039
-2.9843936328208898,0.554246731868105
-2.984321081974975,0.5542157548915119
-2.9829482521944573,0.553629598859271
-2.9824330852642733,0.5534096384475553
-2.982379920793009,0.5533869388558252
-2.982165562433999,0.5532954144389031
-2.981512306892893,0.5530164944435414
-2.9799384539304374,0.5523445077042559
-2.9785094920005664,0.5517343849731475
-2.9780751801889114,0.5515489472066535
-2.976708016829744,0.5509652105617999
-2.975131799479457,0.5502922143017348
-2.97510139349819,0.5502792318842578
-2.974952834364802,0.550215801710018
-2.97411779387336,0.5498592651399559
-2.9738174368813834,0.5497310219555707
-2.973370992386785,0.5495404039071545
-2.9732159757665144,0.5494742165849105
-2.9711381755451964,0.5485870598879907
-2.971004627935839,0.5485300391721475
-2.9703897008817925,0.5482674842602182
-2.9701133953096757,0.5481495102913132
-2.9699235906931603,0.5480684695661655
-2.9697339928751822,0.5479875171376238
-2.9686326308134,0.5475172694599022
-2.968072076894863,0.5472779302021082
-2.968061319102339,0.547273336956047
-2.9673320901089455,0.54696197863659
-2.9647614813623164,0.5458644078781811
-2.9638411201280555,0.54547144197887
-2.963779981413123,0.5454453376307054
-2.962678825697385,0.5449751780563894
-2.962457205315188,0.5448805529792415
-2.9610686050027697,0.5442876634156215
-2.9607024710381236,0.5441313354898785
-2.9605092767986516,0.5440488475001315
-2.9591138682057627,0.5434530510104498
-2.9572285663378572,0.5426480851813638
-2.9570562500202704,0.542574511421207
-2.9562196785289703,0.5422173211613617
-2.9559266064932688,0.5420921884289245
-2.955317726153587,0.5418322152777861
-2.9547223824844817,0.5415780218680462
-2.9546658101626084,0.5415538672290703
-2.9541265923543754,0.54132363783321
-2.953196218009468,0.5409263966440625
-2.9527728171921512,0.5407456175360856
-2.9525453239835637,0.5406484849429558
-2.9513543079834283,0.5401399577949566
-2.9513418165298115,0.540134624329007
-2.951155859790277,0.540055226528813
-2.9507072127992897,0.539863668082277
-2.9505605786215994,0.5398010598048302
-2.9498521811012477,0.539498595882739
-2.9497813414846754,0.5394683495483688
-2.9496280170832057,0.5394028847514309
-2.9494852986981734,0.5393419483968405
-2.9494573571649365,0.5393300182227652
-2.9493351791796827,0.5392778519862227
-2.948840697733744,0.5390667236391529
-2.948728550505507,0.5390188402269027
-2.9472832944460294,0.5384017604043221
-2.947275827380249,0.5383985721972238
-2.9471781357224702,0.5383568608683182
-2.946054314372333,0.5378770237662294
-2.9453721754689663,0.5375857714648089
-2.94460278435289,0.5372572651559853
-2.943719017659314,0.5368799239984108
-2.9430215965445146,0.5365821466634098
-2.9411492128920416,0.5357826965144243
-2.9411052814210223,0.5357639391294167
-2.9405156247053874,0.5355121738736468
-2.94047607382518,0.5354952868659901
-2.9403032792952266,0.535421508923883
-2.9377768853472643,0.5343428165226609
-2.9375587281206963,0.5342496701062993
-2.9373657081555766,0.5341672565263322
-2.937206598854599,0.5340993217554839
-2.937102590136742,0.5340549132364945
-2.936619612671338,0.5338486967347835
-2.935178698965974,0.5332334709636612
-2.9346695437271073,0.5330160773589734
-2.933949907858033,0.5327088150081267
-2.933137499689365,0.5323619417427994
-2.932620200390875,0.5321410708754948
-2.931681855422788,0.5317404264757501
-2.9308212087676138,0.5313729568624614
-2.9306176371476718,0.5312860380508826
-2.9305942334135473,0.5312760453772618
-2.9305695012503103,0.5312654855053263
-2.9304318306254626,0.53120670438886
-2.930000895597143,0.5310227084048433
-2.9292884958797014,0.5307185356678652
-2.9287805665343436,0.5305016654819479
-2.928561808043266,0.530408262344159
-2.9283490963690677,0.5303174410109333
-2.9272645169602267,0.5298543590091016
-2.9268596550441583,0.5296814954409472
-2.926859417242557,0.529681393906988
-2.9264323444689295,0.5294990469867651
-2.9261519596464876,0.5293793313036155
-2.9260421801174905,0.5293324588260138
-2.9249630955024304,0.5288717229318829
-2.924577172180317,0.5287069455600268
-2.924512377987107,0.5286792804352292
-2.924453798065841,0.5286542686131481
-2.9241959957219277,0.5285441949527747
-2.923885066905485,0.5284114379249609
-2.923709826716089,0.5283366157615994
-2.92337375939005,0.5281931253644703
-2.9232238791256724,0.5281291311079901
-2.922634375173641,0.5278774310775733
-2.9219308285269574,0.5275770383291287
-2.9209504623108877,0.5271584521507764
-2.920521974194842,0.526975500922934
-2.920158460429735,0.5268202917416909
-2.9198984915077317,0.5267092930192057
-2.9198964498654734,0.5267084213008455
-2.9180990813724743,0.5259410003144398
-2.9180705047285254,0.5259287989676527
-2.917872349839571,0.5258441929333673
-2.917813199595638,0.5258189376010733
-2.917766023645538,0.5257987949234306
-2.9176017094478066,0.5257286378219821
-2.9173200671296686,0.5256083852269016
-2.916040124911264,0.5250618893226862
-2.9155630747144907,0.5248582035821168
-2.9149103534660896,0.5245795117132834
-2.914308110603669,0.5243223725604971
-2.9142526350926725,0.5242986862259833
-2.9136254498204845,0.5240308974324688
-2.9132821402093074,0.5238843148026526
-2.9131211312623804,0.5238155689414941
-2.9124792886157747,0.5235415219005597
-2.911955900432107,0.5233180512668256
-2.9116400522853656,0.5231831938364933
-2.910463539541448,0.5226808591321894
-2.91022435622341,0.5225787352223872
-2.9099958242321207,0.5224811591010392
-2.9080399280204174,0.5216460516615027
-2.907933468906922,0.5216005968990487
-2.90726215569745,0.5213139668354825
-2.9070457649852943,0.5212215746663658
-2.9069909427719107,0.5211981672698103
-2.9068795514530197,0.5211506066075677
-2.906863019879863,0.5211435481350135
-2.9061884167439342,0.5208555133741821
-2.905913923848398,0.5207383133623458
-2.905515856496448,0.5205683508637935
-2.9045666567023383,0.5201630717876726
-2.9044757153110448,0.5201242426146435
-2.9042976565820906,0.5200482170217033
-2.9041406562446084,0.5199811827133096
-2.903998332237689,0.5199204147460259
-2.903488054566668,0.5197025418973804
-2.9027300208417026,0.5193788848447463
-2.9027220022851004,0.5193754611680541
-2.902693874870736,0.5193634516284626
-2.9017464305062672,0.5189589220667303
-2.90040588401919,0.5183865500064417
-2.899927525919942,0.5181823058318002
-2.8997505617466897,0.5181067475804315
-2.89952069288859,0.5180086006581319
-2.8992781964172365,0.517905062133911
-2.898173019922466,0.5174331858107906
-2.89733228353683,0.5170742172693454
-2.8970178059553575,0.5169399450281682
-2.8968720242782893,0.5168777007422294
-2.8954708065762054,0.5162794239418456
-2.8951010090274414,0.5161215317785257
-2.894663850815022,0.515934878686577
-2.894562253354497,0.5158914997001993
-2.893435348864026,0.5154103461921513
-2.8910523233745504,0.5143928677068623
-2.890978555713251,0.5143613711875794
-2.890970189776916,0.5143577991904402
-2.890695229640711,0.5142403996812297
-2.890097710142776,0.5139852772595965
-2.8893925850113034,0.5136842105467649
-2.8892334067862318,0.513616246347451
-2.8885727076742986,0.5133341481766127
-2.8864609876460348,0.5124325087668788
-2.886034600480441,0.5122504545801687
-2.885889267001676,0.5121884016611011
-2.885506533135785,0.5120249860888149
-2.885343225311101,0.511955258677661
-2.884657354926857,0.5116624131488372
-2.8836615941051904,0.5112372539480592
-2.8833075794330236,0.5110861005869236
-2.8830576640140673,0.5109793944005849
-2.8827854171472733,0.5108631533738419
-2.8822139939079494,0.5106191732508545
-2.882056421439544,0.5105518946601786
-2.8820263689888383,0.5105390631893618
-2.8808233349287247,0.5100254046999158
-2.8803306173581755,0.5098150294733088
-2.8802502424052387,0.5097807118440054
-2.8799531277169526,0.5096538530234311
-2.879531717919973,0.509473924019813
-2.8793324106832996,0.5093888259685444
-2.87800762190159,0.5088231819631008
-2.8774021928562337,0.5085646824083376
-2.8769834862622705,0.5083859075891477
-2.8769764603996935,0.5083829077622279
-2.876849411534056,0.5083286618097882
-2.8768377021358438,0.5083236622574079
-2.874635547531827,0.5073834100692707
-2.874476893770501,0.5073156697998225
-2.874155254664615,0.5071783398083001
-2.873855344503398,0.5070502874068863
-2.8722535254953243,0.5063663600274944
-2.8712753624342917,0.5059487145284847
-2.8706272688058383,0.5056719985108353
-2.8703568784346114,0.5055565501505188
-2.8702681065835396,0.5055186473043414
-2.8701412615711903,0.505464488390976
-2.8699180296734665,0.5053691752463338
-2.868824988902497,0.5049024805034885
-2.8687659648778734,0.5048772790629523
-2.8685718999550276,0.5047944193182214
-2.8684010463358898,0.5047214700852509
-2.868244216178714,0.5046545084386067
-2.8681341624794943,0.5046075188987644
-2.8677219115664805,0.5044315004565005
-2.8661587402040136,0.50376407443141
-2.863190469785018,0.5024967143871366
-2.8629190113205856,0.5023808099839189
-2.8628658219669307,0.5023580997681749
-2.862569653097797,0.5022316447832462
-2.8620807387362412,0.5020228934097384
-2.8620445674718,0.5020074493939204
-2.860421013063683,0.501314241668174
-2.8595733406613784,0.5009523116612451
-2.8574638435425297,0.5000516213653641
-2.857157414611118,0.49992078564985953
-2.856684205953951,0.4997187401283798
-2.856177241028708,0.4995022817201469
-2.855649093348765,0.4992767789280992
-2.855352246107408,0.49915003429912597
-2.85533897203593,0.4991443666794546
-2.8546604355493703,0.4988546524990536
-2.854595081975168,0.49882674853580133
-2.854151317358136,0.49863727471256425
-2.853938060482174,0.49854622059497755
-2.8534378948491503,0.49833266527509923
-2.853319632121237,0.4982821707328484
-2.8518198098259737,0.49764179280826215
-2.851701617692645,0.497591328407724
-2.8499295043817425,0.4968346906061982
-2.84939820820285,0.4966078435020749
-2.8492738617522497,0.4965547513976196
-2.8486464223103134,0.4962868540814507
-2.8480345331890193,0.4960255962732363
-2.8480256718794807,0.49602181276699775
-2.8473475549291973,0.49573227771566475
-2.8468296736482124,0.4955111583597607
-2.846038091049107,0.49517317697119534
-2.845876482505256,0.495104175100618
-2.8458004028869275,0.49507169144689334
-2.8452868330053924,0.4948524129257599
-2.845058285820124,0.49475483031705125
-2.8444841598872035,0.4945096962271418
-2.8441244908111165,0.49435612860969136
-2.843145896491916,0.4939382989767267
-2.8416406698956984,0.4932956135820892
-2.8413750685921553,0.4931822100061669
-2.8403008679730277,0.49272355942786916
-2.840203456695263,0.49268196781259377
-2.8399791103394967,0.49258617882869316
-2.8395565964760183,0.49240577842268696
-2.839374706038513,0.4923281168082143
-2.8390224211529125,0.49217770201266386
-2.8389511945190677,0.49214729043383865
-2.838902850547956,0.4921266490471994
-2.8384766598223803,0.4919446787343267
-2.838263450985903,0.4918536451281199
-2.8379663791486442,0.4917268046036143
-2.8379239881198366,0.4917087049399844
-2.8374672345300054,0.4915136852254305
-2.8373933014597004,0.4914821180815965
-2.837325240976705,0.4914530583516641
-2.8363611842150735,0.4910414358080153
-2.8353488926844004,0.4906092185036478
-2.8346558086778546,0.49031329298028603
-2.8341468055324643,0.4900959643148286
-2.833828203734938,0.4899599311604246
-2.8316100092793297,0.48901283044969557
-2.831463253984362,0.48895017045890155
-2.830899705549471,0.4887095526348578
-2.8303014132368185,0.4884541002451427
-2.830132887111744,0.48838214478044906
-2.8299837703477113,0.4883184765150994
-2.8299464547828888,0.48830254391826344
-2.828795745539137,0.48781122651376596
-2.8285341578219647,0.4876995366156033
-2.8285075224148217,0.4876881641171412
-2.8283497535159765,0.4876208016567173
-2.8281019307581032,0.487514988972206
-2.8264492456815775,0.4868093433482926
-2.826024788166626,0.4866281130629724
-2.8258680432202015,0.4865611877986943
-2.825666558356547,0.48647515996777724
-2.82496481086809,0.4861755354044801
-2.8248522483020913,0.48612747465579775
-2.8246926659103915,0.4860593378897827
-2.8244314448488006,0.4859478045422596
-2.824402273578696,0.4859353493084191
-2.824271653107762,0.48587957839052465
-2.8241395684915918,0.48582318232771093
-2.8241131153850256,0.4858118876659795
-2.824037332974889,0.48577953091099824
-2.8235371503855395,0.4855659683512916
-2.8230745457362723,0.4853684504145752
-2.8210096417479544,0.4844868000119338
-2.8207358574807766,0.4843699025625804
-2.8199378567368845,0.48402918082387436
-2.818562170157721,0.4834418050266026
-2.8184770830609067,0.4834054754570002
-2.8183662299694823,0.48335814460130855
-2.8173190615387274,0.48291103593483686
-2.8172178993948926,0.4828678428152787
-2.8168099300900766,0.48269365248783946
-2.816376170296768,0.4825084504161772
-2.8155200032844494,0.48214289347241146
-2.8151511761067702,0.48198541562765684
-2.8151417180696114,0.48198137733710356
-2.814878965368184,0.48186919002654593
-2.8145105640959702,0.4817118940303067
-2.8143632908470018,0.4816490128891082
-2.814316052248746,0.48162884346263224
-2.8137046763561755,0.48136780478727503
-2.8134977796494263,0.481279466266045
-2.812990954378748,0.48106306748600913
-2.8129292993455963,0.4810367426858677
-2.8124404909737786,0.480828036566714
-2.8117978863807234,0.48055366419811385
-2.81071333517617,0.4800905942386442
-2.809085193285373,0.47939542779909106
-2.8085555370641018,0.4791692809063606
-2.8077283914074997,0.47881611518760947
-2.807629301041635,0.47877380665343183
-2.8065532229232444,0.47831435444077697
-2.8060321367426013,0.4780918666914319
-2.805709550952134,0.47795413249475216
-2.8056010085066023,0.4779077882136874
-2.805396619849273,0.47782052055230984
-2.8053883408549356,0.4778169856767258
-2.8052473054299285,0.4777567678942296
-2.8051368420109184,0.47770960341665647
-2.8048106677435363,0.4775703370508615
-2.804355646942149,0.47737605718360265
-2.8037703087742094,0.477126135814684
-2.8028090480252503,0.476715707082328
-2.8027905534332285,0.4767078104611797
-2.8019447774648305,0.4763466901731179
-2.8018677562668106,0.4763138044938655
-2.8003239148058925,0.4756546317413628
-2.7999218522543767,0.4754829634156511
-2.799736388203997,0.47540377597855077
-2.799650698853548,0.47536718926519617
-2.799421587484417,0.47526936576735457
-2.798941340579054,0.4750643151306778
-2.798653694955698,0.4749414993091754
-2.798442255539774,0.4748512211910455
-2.7981930856977937,0.47474483334311135
-2.7970084606937213,0.4742390349535843
-2.7965751348565893,0.4740540181678432
-2.7942805386534175,0.4730742962641272
-2.7942580341146526,0.4730646875192289
-2.793628603385722,0.4727959399848468
-2.7933984279634188,0.47269766216907405
-2.793031517574196,0.4725410027339517
-2.792491303540967,0.4723103479807027
-2.792361332645673,0.4722548544115994
-2.7919257442722456,0.4720688715925475
-2.79099420112776,0.47167113136198036
-2.7901017261370056,0.47129007202973194
-2.789842049423817,0.47117919807140984
-2.788819966370856,0.4707428000886106
-2.7872984813619426,0.47009317285252106
-2.7867408188704275,0.469855068145007
-2.7844442017417212,0.46887448336833404
-2.784328433824006,0.46882505403319574
-2.783229632185512,0.4683558995773561
-2.7829523264308356,0.4682374985613046
-2.7817585143226946,0.4677277775613091
-2.7813362464778053,0.4675474821976622
-2.780398947962775,0.4671472846011413
-2.77914925364089,0.4666137036170852
-2.7786836063292246,0.4664148865572403
-2.7784396638099134,0.4663107306150809
-2.7781765046545734,0.4661983697612221
-2.7780972673465563,0.46616453787125856
-2.7776321740818117,0.46596595737238455
-2.7768656244572782,0.4656386642929299
-2.775932395211935,0.46524020414922884
-2.773977360593988,0.4644054645836889
-2.7732697385645233,0.4641033317723211
-2.7727356102312553,0.46387527542551155
-2.772430732508861,0.4637451020284793
-2.7721082138655007,0.4636073965015458
-2.772090479662902,0.463599824543261
-2.771977686918298,0.4635516655154045
-2.7714555089783377,0.46332871161845746
-2.7714256898459957,0.463315979767396
-2.7712110465456625,0.4632243336893054
-2.7704234211210697,0.46288804189237365
-2.7701844766413375,0.4627860199591717
-2.7701842037497104,0.4627859034428522
-2.7700927597178415,0.46274685965777873
-2.769617454210133,0.46254391884570234
-2.7692917659589598,0.46240485999385894
-2.7686488063828594,0.462130336058433
-2.7673395782064647,0.46157133595218147
-2.7652308596056843,0.46067097805953716
-2.7648048652270973,0.46048909158078144
-2.764069803527062,0.46017524287523937
-2.7632503537702116,0.45982536306864374
-2.7632489522713692,0.4598247646718049
-2.7629017081635103,0.45967650213309075
-2.7617975284456744,0.45920505140302015
-2.7617120614768624,0.4591685596397751
-2.761687175968886,0.45915793429435847
-2.7606425403380137,0.4587119070554255
-2.7585788789440033,0.45783078720228054
-2.758049417021915,0.45760472326931656
-2.7579885550408973,0.4575787370780099
-2.757983692341265,0.45757666085504156
-2.757616670085705,0.45741995365643884
-2.757562740381005,0.45739692733360127
-2.7570724300290887,0.4571875799152073
-2.7552683992062947,0.45641731431918364
-2.7551207306972882,0.45635426441412286
-2.754257182366187,0.45598555587458656
-2.752717420006128,0.45532812477251194
-2.752610026132187,0.4552822708961395
-2.752357905559034,0.45517462317687885
-2.752053231890037,0.45504453690436186
-2.751908716410171,0.4549828332456287
-2.7518524836135665,0.45495882357348505
-2.75134543270535,0.45474232845317064
-2.750606556190851,0.4544268509393513
-2.7505957835201533,0.4544222513407684
-2.750325300897653,0.4543067635919995
-2.7497870485716045,0.45407694642729435
-2.748278488821738,0.4534328378787119
-2.7471848734403927,0.452965897794934
-2.747058094899844,0.45291176726298044
-2.746325297066264,0.4525988851586864
-2.745649745452029,0.45231044542683174
-2.745373039565243,0.45219230053589365
-2.744849500540199,0.45196876549753817
-2.744656849575451,0.45188650946936426
-2.744571819555177,0.4518502042696868
-2.7436755381702262,0.4514675197243556
-2.7427801307540687,0.4510852083367808
-2.7427618971826075,0.4510774231633726
-2.742652595095461,0.4510307545387354
-2.7416955135436414,0.45062211019483567
-2.7401457266464404,0.4499603989241636
-2.7397108959179195,0.44977473959615133
-2.739521744238718,0.4496939776551254
-2.739398990515391,0.4496415655961584
-2.738894895260468,0.4494263324487646
-2.738204107596011,0.4491313873927453
-2.737744254084844,0.44893504410726104
-2.737429347768107,0.44880058880933116
-2.7366126615329245,0.44845188894136967
-2.7366125421765157,0.4484518379798593
-2.735452920716192,0.44795671533338766
-2.7353175160184477,0.4478989016980023
-2.73518793358985,0.4478435739922132
-2.735010734288952,0.4477679153485822
-2.7347410312612714,0.44765276046278935
-2.734678141644513,0.44762590853347395
-2.7336122526055067,0.4471708067438859
-2.7332012042272806,0.4469953017469377
-2.7328343488467355,0.4468386657988267
-2.7324624098629378,0.4466798593087049
-2.732207666992099,0.4465710919491007
-2.732012687229871,0.44648784159613153
-2.7317398789265095,0.4463713608532671
-2.7314915596270777,0.4462653361608039
-2.730357174496369,0.445780988649783
-2.7302108440492763,0.4457185100559462
-2.7298129449281334,0.4455486193867668
-2.7296374913460304,0.4454737061112918
-2.729084236448404,0.44523748331061175
-2.728651843436453,0.4450528648124916
-2.727580350377796,0.44459537027912044
-2.7273970596622505,0.4445171107890541
-2.7272282148260474,0.44444501924452484
-2.7271727727422865,0.4444213471824112
-2.7260294190187455,0.443933170358489
-2.724604086438549,0.44332459724790463
-2.724514202429624,0.44328621954457914
-2.7242708901180235,0.4431823326817014
-2.723764481913144,0.4429661119759163
-2.7237554543146736,0.44296225746942486
-2.7227497023035294,0.4425328323384755
-2.720873613110012,0.4417318000375964
-2.7193379599831924,0.44107612345154823
-2.719327260410103,0.4410715550633927
-2.718353304146003,0.440655705737101
-2.7179091013561387,0.4404660448275609
-2.717434520786347,0.4402634135416462
-2.716579648530353,0.43989840941895175
-2.716559596855175,0.4398898479712552
-2.716195295803612,0.43973430264294466
-2.7159690595138737,0.43963770671544966
-2.7150912781364496,0.43926292110352005
-2.7146644635924053,0.439080684439376
-2.7140848814801326,0.43883322072893716
-2.7136599609323877,0.43865179274287625
-2.7131487672106194,0.4384335287687764
-2.7129832179420394,0.43836284433011663
-2.711873573549551,0.4378890603522847
-2.7115603365205274,0.4377553177887933
-2.7107037335078163,0.4373895746862895
-2.710337046334469,0.437233010557471
-2.708587675562706,0.4364860831196724
-2.7085212961848857,0.4364577411698708
-2.7083984394640077,0.4364052851341218
-2.708102873006838,0.4362790873605473
-2.7077664029374087,0.4361354250043956
-2.7074041123910804,0.4359807380998949
-2.7068416816087204,0.4357405974790568
-2.7066360991691867,0.4356528201094476
-2.7058459212029535,0.4353154384558554
-2.7034099837470267,0.4342753681906143
-2.7032172429720296,0.4341930738162305
-2.7027671765058687,0.43400090929751656
-2.7022879465307668,0.433796292858739
-2.702015690104178,0.4336800477502589
-2.701651997350886,0.43352476214657376
-2.70093171668657,0.4332172244880178
-2.700869601355392,0.43319070315479735
-2.700345041007967,0.43296673204324265
-2.700019006791774,0.43282752547499204
-2.6995287752657267,0.432618211712816
-2.6992928149920203,0.43251746394367163
-2.6986817166064903,0.4322565437552732
-2.6978579052176155,0.4319048016661443
-2.6961781674505665,0.4311876053766177
-2.6959850171927084,0.43110513616566426
-2.695981023656932,0.43110343104889093
-2.6952411639711804,0.43078753375122925
-2.6942482794228626,0.43036360263058004
-2.693712702878302,0.43013492794215424
-2.693673767935049,0.43011830392060657
-2.6934063532996704,0.4300041261078428
-2.6933791551107436,0.4299925133188929
-2.6930687679074325,0.4298599875432042
-2.6926350728776582,0.42967481312357636
-2.6924944994261972,0.42961479258955526
-2.6921437200097014,0.429465020582943
-2.691867709816844,0.4293471727318846
-2.6915617486824517,0.42921653675129856
-2.691371910642544,0.42913548175539185
-2.6913059857302537,0.4291073338483732
-2.690552146857988,0.4287854678686379
-2.6898651566520657,0.4284921442104489
-2.6893609650115087,0.42827686990935776
-2.688444346316294,0.4278855019589465
-2.687956153313267,0.4276770585833126
-2.6875893033783935,0.42752042496033527
-2.6866497036931913,0.4271192448350283
-2.686305176280739,0.42697214224157665
-2.6861190571145808,0.4268926750902172
-2.685414420002351,0.4265918167465711
-2.6851152766817137,0.4264640917624657
-2.6846945247885907,0.4262844436635309
-2.6838997714760477,0.4259451084779883
-2.68366970162095,0.4258468757361611
-2.6822244222974496,0.4252297859805588
-2.6821532633343024,0.4251994032950367
-2.681805644223764,0.4250509806417292
-2.6816050982304365,0.4249653536795236
-2.6812574735989254,0.4248169286689307
-2.680656322736482,0.4245602557665007
-2.680274883611228,0.4243973930085875
-2.6796319683899927,0.4241228880113217
-2.679568922026713,0.42409596915606995
-2.6795174392045626,0.42407398757671566
-2.6793853628889375,0.4240175950579794
-2.6785361080203907,0.42365498938670576
-2.676619358237729,0.42283659626663495
-2.6765095878407896,0.4227897276881405
-2.676011500637834,0.4225770597938847
-2.6753580980500997,0.4222980770141419
-2.6747495357813738,0.42203823966950504
-2.6741032934929465,0.42176231411702503
-2.6738048743417053,0.4216348983309465
-2.6733842599232975,0.4214553089294808
-2.6731266580550384,0.42134532086603715
-2.672527966073393,0.42108969782997263
-2.672098150015772,0.4209061796119795
-2.6717657721990453,0.4207642645216876
-2.671126972221516,0.42049151660673234
-2.670310850277002,0.4201430576735058
-2.6702725342786535,0.42012669792236845
-2.670244296050067,0.42011464106851715
-2.6695740446027365,0.4198284643446826
-2.6685802238052845,0.41940413347449024
-2.668067239420088,0.41918510494226036
-2.6679785990856875,0.4191472582496504
-2.667797672125582,0.41907000801035243
-2.667704205696123,0.4190301007237994
-2.667177282004918,0.4188051205372434
-2.667055536448427,0.4187531389344631
-2.666930402061969,0.418699710405665
-2.665611869200746,0.4181367374855829
-2.665547292525869,0.4181091652344133
-2.665428442048865,0.4180584197414038
-2.664764760502525,0.41777504816293465
-2.6641693051516735,0.417520807068529
-2.6639844754959086,0.41744189049838976
-2.663901905306002,0.41740663557051416
-2.663894298363073,0.41740338764018226
-2.663814019781866,0.41736911115863917
-2.6623596705372776,0.41674814882609124
-2.6622863736600015,0.4167168533170854
-2.6615768485420768,0.41641390794556166
-2.661257888667271,0.4162777219031889
-2.6610762318299233,0.41620016002878846
-2.660540111824512,0.41597125329931894
-2.6599986516798637,0.4157400664948745
-2.659965770324567,0.4157260271689298
-2.6592213579869877,0.4154081860291622
-2.6588154424175396,0.41523487258346836
-2.6583618549558556,0.41504120470811456
-2.658070072443397,0.4149166225623836
-2.6578031334432395,0.41480264783120924
-2.657678399189845,0.41474939014690504
-2.655817357818444,0.4139547828025878
-2.6554601533348556,0.4138022674902231
-2.655178354421517,0.4136819480338154
-2.654851645938721,0.41354245357449293
-2.6546543291068945,0.4134582053647885
-2.65427895701312,0.4132979330424481
-2.654198353545755,0.41326351784452187
-2.6530235062749346,0.4127618942459329
-2.652653684365848,0.41260399168150563
-2.6524545324627686,0.4125189599528972
-2.652365749371577,0.41248105230753485
-2.6522760996053822,0.41244277461864
-2.6521180808802916,0.4123753054901047
-2.651721190519347,0.4122058455304596
-2.6512197548149543,0.4119917479292263
-2.6511630578292364,0.41196754006262826
-2.6508625841004836,0.411839247035235
-2.650449662844982,0.4116629423773759
-2.650188581203232,0.411551468557831
-2.6501186576793154,0.41152161336680815
-2.649921312637414,0.41143735311227014
-2.6491368301490756,0.41110240325231495
-2.6472493659986047,0.4102965141951731
-2.646888028660404,0.4101422342811841
-2.6455590480981113,0.4095748005145403
-2.64491726674806,0.40930077964534695
-2.6448703148217496,0.4092807326189617
-2.644704385121018,0.40920988574749095
-2.6444335750815413,0.4090942582017578
-2.6443582822027123,0.40906211046156693
-2.643773992808928,0.4088126368869097
-2.6435740943257158,0.40872728639158007
-2.641773224713374,0.40795837053505235
-2.641502640590114,0.407842839448585
-2.640594885872783,0.40745525614371314
-2.6405555263500102,0.40743845083978814
-2.6400197899592515,0.40720970790195965
-2.63972528924217,0.4070839651665771
-2.639107381937099,0.4068201377792541
-2.638943079877078,0.4067499858602345
-2.638910311645434,0.40673599483460465
-2.6387751244855306,0.40667827408117774
-2.6387228162615237,0.40665594008065353
-2.63793810606684,0.40632089299710217
-2.6378673654653917,0.40629068893914
-2.637676210329129,0.4062090715836567
-2.6364502176611464,0.4056856104757903
-2.63555887374534,0.40530503407770724
-2.635471109849144,0.40526756159721566
-2.635009155860588,0.40507032147258215
-2.634749401646218,0.4049594144236426
-2.6343544450270695,0.4047907801121843
-2.634306559924583,0.4047703346483147
-2.6339304403944106,0.4046097431936543
-2.633753612333747,0.40453424305816865
-2.6336505304501174,0.40449023026884734
-2.6333461835400493,0.40436028351232856
-2.6312749339899595,0.4034759237502582
-2.631219067795689,0.4034520706060196
-2.6310763786356586,0.4033911467296042
-2.630979716281854,0.40334987488179197
-2.630776273667259,0.4032630111515235
-2.629027349757951,0.40251627451022975
-2.6282485515146083,0.4021837516478094
-2.627870351462238,0.402022271874252
-2.6269144442391608,0.401614128932555
-2.6266979233651657,0.4015216811883413
-2.6256979179533304,0.4010947096782975
-2.6256318577824604,0.40106650402003163
-2.6253636995046943,0.4009520086948727
-2.6251883786088848,0.4008771520723585
-2.624292126573346,0.40049448005832233
-2.624256410013093,0.40047923018718723
-2.6236507352402447,0.40022062571435346
-2.6232504757726813,0.4000497272499528
-2.62126015115586,0.3991999199418482
-2.6210783664679536,0.3991223034791974
-2.620950604989551,0.3990677532630549
-2.620670974876397,0.3989483598175253
-2.620148462450161,0.3987252631052416
-2.61918644114664,0.39831450963951265
-2.6188345174896828,0.3981642490774667
-2.6187460584913214,0.39812647980976
-2.6187212311993178,0.3981158793207715
-2.617636073112448,0.3976525502412449
-2.617098634407963,0.3974230804678872
-2.6169533755913212,0.39736105942724653
-2.616578526479718,0.39720101040218514
-2.61643007398811,0.397137625760701
-2.6163325552162453,0.39709598824875547
-2.6162211656146885,0.3970484283197625
-2.6158898092355276,0.39690694935185
-2.6155697617101996,0.3967702989162044
-2.6148464335438946,0.39646146006816485
-2.614546036093471,0.3963331996092685
-2.613244069533218,0.3957772999894478
-2.612240947332083,0.39534899770637155
-2.6115298735614436,0.3950453911078383
-2.6113408553332715,0.39496468614629177
-2.6107047900707525,0.39469310587041473
-2.610595879399948,0.3946466043685001
-2.6097219210657276,0.3942734510782664
-2.6090625078728573,0.39399190195526135
-2.608933030551657,0.3939366191270939
-2.6088048815435774,0.39388190344771523
-2.6087140102301487,0.3938431041957764
-2.6083527033677463,0.39368883729401416
-2.606619470469671,0.3929488002312237
-2.6057896180238447,0.3925944787968447
-2.605753601682602,0.39257910092846027
-2.605751013558173,0.39257799587904507
-2.6051491181297135,0.3923210050698591
-2.6044808104926,0.3920356582931164
-2.6038956093849794,0.39178579544473313
-2.6036328427647586,0.39167360219127945
-2.602913564016647,0.3913664923200839
-2.6018025840785333,0.3908921381054056
-2.6012098073498016,0.39063904070014166
-2.601179732944378,0.39062619985533675
-2.6009174598263454,0.39051421731211733
-2.600445980838134,0.3903129103060071
-2.6001213085107575,0.390174285222334
-2.5986091255755475,0.3895286296852055
-2.5974153676138676,0.3890189318040812
-2.5958769039846747,0.3883620552200848
-2.5938427050904136,0.3874935149468689
-2.593686565943184,0.38742684834018815
-2.5931641404847894,0.3872037887604938
-2.5925682655511544,0.38694936851716255
-2.592162614033989,0.3867761678136604
-2.5905568988761116,0.38609057689830595
-2.5904685284240863,0.386052845437158
-2.5896033308034254,0.38568343270177885
-2.5890469346469986,0.38544586868034414
-2.58872428134123,0.38530810565671025
-2.5880735651902986,0.3850302699027385
-2.587930544305562,0.3849692043900911
-2.5875090748053373,0.3847892498950264
-2.5874156236409673,0.3847493491261965
-2.5873934714952127,0.3847398908422597
-2.586853599781726,0.38450938224899656
-2.5864294192726676,0.38432827023666105
-2.585857225680177,0.3840839611965984
-2.585558562812465,0.3839564413510934
-2.585233154006054,0.3838175018135562
-2.5852001291014255,0.3838034011964685
-2.585133738513548,0.38377505446031734
-2.585130991716846,0.38377388166272874
-2.5850705885615186,0.38374809137585986
-2.5843793701713405,0.3834529624132249
-2.584191454048176,0.38337272801657096
-2.5840768294267944,0.3833237868337531
-2.583235196439089,0.38296443547084014
-2.5823706683636782,0.38259530861066027
-2.582314980171555,0.3825715314678555
-2.582068732005057,0.38246639108536296
-2.5817344889411333,0.3823236795919689
-2.5816416435610843,0.3822840374743849
-2.5812240327126803,0.38210573050479957
-2.580716586571139,0.3818890666320287
-2.580558273763789,0.3818214719394266
-2.5804800386044167,0.3817880679360678
-2.580316983407347,0.38171844838912383
-2.579413521455083,0.38133269796271596
-2.5787603502884577,0.38105381399265914
-2.578065590464305,0.3807571729467949
-2.576791158125619,0.3802130295915118
-2.5767895309034725,0.3802123348177743
-2.576596932966057,0.3801301014306384
-2.5765211481534256,0.3800977436498657
-2.576133110647394,0.37993206358659515
-2.576029772396391,0.3798879413363011
-2.5754830149084977,0.37965449272945306
-2.574256691183022,0.3791308902702337
-2.574139295437204,0.3790807659026345
-2.5737438189659163,0.37891190963032384
-2.572866403494159,0.37853728024884425
-2.572737722670776,0.3784823375007117
-2.571929162217282,0.3781371070912516
-2.5715477462385175,0.3779742542161765
-2.5710293757902662,0.3777529260009166
-2.57079728266647,0.37765382938567293
-2.5703773066826066,0.37747451257609366
-2.5703545374170678,0.37746479080101647
-2.5693590163098152,0.37703973395090973
-2.568892642607027,0.3768406067444292
-2.5687070652771573,0.3767613709404759
-2.568385846670795,0.37662422048929867
-2.5683012699796333,0.3765881088471892
-2.56785384826581,0.37639707355626306
-2.5670836513539315,0.37606822319745115
-2.566980256704548,0.37602407686678596
-2.5656029435545826,0.3754360065738813
-2.5653912598497324,0.3753456241519042
-2.5643684806531675,0.3749089289372278
-2.563811461863909,0.37467109907075136
-2.563547449837888,0.3745583740673806
-2.5633220479329055,0.3744621343964768
-2.560059307262615,0.3730690446247733
-2.559938329508937,0.37301739085014507
-2.5580894432351506,0.3722279733581243
-2.5575264908838657,0.37198761004342007
-2.557033974534869,0.3717773207322186
-2.5569518981152446,0.3717422766290457
-2.556898761426353,0.37171958889953294
-2.5560383514305576,0.3713522203325095
-2.555600827891967,0.37116541125753766
-2.5553995673807233,0.3710794792181896
-2.5553394609572955,0.3710538156267025
-2.5545734672074554,0.3707267598886207
-2.5544629502209864,0.37067957253939277
-2.5531627413712688,0.3701244234078318
-2.5529096172591443,0.3700163472083401
-2.5527766584946194,0.36995957791110345
-2.5516829673774297,0.36949260549045326
-2.5512285957423626,0.3692986027972178
-2.5504865367496734,0.36898176646323366
-2.550361572048779,0.36892841038494495
-2.5492437471672367,0.3684511335902517
-2.5488100380469882,0.36826595315442523
-2.548089355651287,0.36795824396894206
-2.547803473631166,0.3678361811516998
-2.547414954868346,0.36767029560660336
-2.5472973034693274,0.36762006208296116
-2.5472443773441915,0.36759746425768713
-2.546735620171581,0.3673802406150304
-2.5462850498745953,0.3671878609760726
-2.5460418221554653,0.3670840102315741
-2.5455606486907802,0.36687856398260554
-2.5452297616866697,0.3667372854233826
-2.5451051130209925,0.36668406428239764
-2.544413160274736,0.36638862177233555
-2.543493399542694,0.36599591226897576
-2.5427649659532365,0.3656848935625002
-2.5421317047724576,0.3654145105431591
-2.541693215951489,0.3652272893223433
-2.5416268062059055,0.3651989344064418
-2.541590355509264,0.3651833710816811
-2.541211708219701,0.3650217003516174
-2.541197209936268,0.36501551003114796
-2.5411493671629395,0.36499508264052505
-2.5399834071525587,0.36449725362841023
-2.539352777258937,0.36422799408763995
-2.539347540977914,0.36422575835692395
-2.5391718254399027,0.36415073323434455
-2.5388617645901657,0.3640183468015804
-2.5388607999766006,0.3640179349412992
-2.538847048736025,0.36401206358512006
-2.5387768888570568,0.36398210747777004
-2.537165668084587,0.3632941658345614
-2.5368248970518783,0.3631486670995614
-2.535818442975189,0.36271894220824785
-2.534302199261746,0.36207155284388903
-2.534023731369405,0.36195265563084944
-2.5336953290977773,0.3618124379758654
-2.533572648979316,0.36176005734390904
-2.533072486827975,0.36154650351060225
-2.5326514524787496,0.3613667348116115
-2.5324561049368572,0.3612833274280536
-2.5323066775842085,0.36121952655093115
-2.5322016787046526,0.36117469526339363
-2.5316808807758493,0.3609523305887057
-2.5313713532811346,0.36082017188210835
-2.530681697235925,0.36052570999265343
-2.530288459131846,0.36035780943419826
-2.5295698591711258,0.3600509893843117
-2.5290377324283533,0.35982378765499334
-2.528620750032318,0.35964574901521196
-2.5283413675621773,0.35952646130562205
-2.528305125899869,0.35951098723208286
-2.5282038639481383,0.3594677514976269
-2.527667030544589,0.35923854016912515
-2.5276577055143505,0.3592345586684307
-2.5276350827751375,0.3592248994555812
-2.527500707032899,0.35916752515250505
-2.527022234052306,0.3589632319270669
-2.52672741013809,0.358837351196463
-2.5258813910984346,0.3584761271244604
-2.525730729855501,0.358411799414191
-2.5254507295417055,0.35829224790438985
-2.52542779949691,0.35828245748152265
-2.525065875219412,0.35812792696253126
-2.5239045247348986,0.35763206607598563
-2.5232739733529104,0.3573628400572647
-2.5219335417990596,0.35679051706992393
-2.5213022008751387,0.35652095394111605
-2.520951627684592,0.3563712699866324
-2.519977235373217,0.35595523448158495
-2.5199541126991822,0.35594536181196545
-2.51988207327165,0.3559146031952698
-2.5198216524892114,0.3558888053821674
-2.5191864844147447,0.3556176081779553
-2.5190036156630584,0.3555395288534603
-2.5178306133904553,0.35503869301228275
-2.5174046681246334,0.35485682750316505
-2.517147403023569,0.35474698322894127
-2.516947861728288,0.35466178524185643
-2.51657599634522,0.35450301017697927
-2.5165506221852043,0.35449217619219275
-2.516442784456214,0.3544461328033851
-2.5157294229902853,0.3541415494294259
-2.5134771142359336,0.35317988296387504
-2.5130345210600176,0.3529909093099134
-2.512705668017665,0.35285049918971434
-2.512665246754582,0.35283324055537835
-2.5126517803224315,0.3528274908036251
-2.51203586866586,0.35256451549674395
-2.511514221114258,0.35234178805928995
-2.5113630151628596,0.3522772277752835
-2.5110491504187205,0.35214321719677155
-2.5109488438295013,0.35210038937268273
-2.51081562813622,0.35204351037478065
-2.509817013362831,0.35161713262452043
-2.509775428411399,0.35159937713110234
-2.5093530163212794,0.351419020179185
-2.509264380788124,0.35138117553655934
-2.508526860827575,0.3510662772294939
-2.508236680265547,0.3509423790672559
-2.5080336991989234,0.3508557124037549
-2.5079836910545534,0.35083436046639194
-2.5063467966092867,0.3501354569556643
-2.505199586749429,0.3496456336803063
-2.504494862988589,0.34934473834037216
-2.5041136863661744,0.3491819876630865
-2.5040403376225027,0.34915067000872746
-2.503640255199326,0.34897984713682706
-2.5031927265301506,0.34878876617925947
-2.502476858573144,0.348483112610811
-2.501170036529402,0.34792513984909235
-2.501111756800616,0.3479002561999536
-2.501039261560511,0.34786930296532903
-2.50075948468472,0.34774984685667365
-2.500681641634789,0.34771661027196943
-2.4993184532523,0.3471345708197249
-2.499170813626289,0.34707153324681395
-2.4988948334327308,0.3469536982045318
-2.4988133498842284,0.34691890723906704
-2.4986876304857173,0.3468652289281412
-2.4972624058551114,0.3462567019087077
-2.4970379180988758,0.34616085255116213
-2.496460423114316,0.34591427997997193
-2.4963310627889315,0.3458590471054136
-2.495565559296846,0.34553220069229307
-2.4955206308723534,0.3455130176388589
-2.4953620426057315,0.34544530533363205
-2.494956273791276,0.3452720545478002
-2.494832058852458,0.34521901859482484
-2.494807514677865,0.34520853898824977
-2.49464589158014,0.3451395309036167
-2.4942193111946773,0.3449573942179741
-2.493961240136118,0.34484720582472417
-2.493895343794499,0.34481907011650226
-2.4935367244404176,0.3446659506980162
-2.493416538698135,0.3446146350878594
-2.493030844394445,0.3444499554998165
-2.4930167968014345,0.3444439576102759
-2.4926130757182174,0.34427158114261125
-2.4926063886772942,0.34426872598210234
-2.4924026494002915,0.34418173558612264
-2.492120563881231,0.34406129375789907
-2.4915852623490506,0.34383273649128954
-2.491122754595427,0.3436352599260286
-2.4891506286854344,0.34279322290520775
-2.4889226727873406,0.3426958927579097
-2.4888962423689276,0.3426846077833213
-2.4885586253416516,0.34254045571149616
-2.4885342473920646,0.34253004707787893
-2.4878868755911876,0.34225363925837216
-2.487482203027043,0.34208085653765774
-2.4872727152822036,0.34199141172296854
-2.4872348362337946,0.34197523853599665
-2.4870012706889724,0.34187551324232657
-2.4861444982415812,0.3415096977964328
-2.484608666267128,0.3408539448479535
-2.4845984878130194,0.3408495989615523
-2.484257234874827,0.34070389446775373
-2.4840485833332373,0.34061480668609667
-2.4837968672742345,0.34050733168191905
-2.4833376690876685,0.3403112681998547
-2.4821110013910412,0.3397875188755488
-2.4821063530833176,0.3397855341913216
-2.4813645380127083,0.3394688020045521
-2.480980354851379,0.33930476762775297
-2.48024721792799,0.3389917407425548
-2.4798586286868898,0.33882582510540327
-2.4792804727749536,0.3385789703385802
-2.4786954024815215,0.3383291633438258
-2.478218560294379,0.33812556641696223
-2.4781942660970926,0.3381151935429978
-2.4781030435933014,0.33807624434359096
-2.478052237577123,0.3380545517395407
-2.477358126891045,0.3377581878556407
-2.47671124490455,0.3374819891717884
-2.47670318160372,0.33747854639068875
-2.476379111512964,0.33734017844350306
-2.4763339436811935,0.33732089317053515
-2.4759557653277664,0.33715942266175847
-2.47578684154906,0.3370872974112119
-2.475361452855054,0.33690566954111645
-2.475103547042282,0.3367955517027279
-2.4747358542398916,0.3366385582012821
-2.4741104664843765,0.3363715368920216
-2.4738077036869757,0.3362422665028204
-2.4734140072311175,0.33607417024227293
-2.4732348963648696,0.33599769541911495
-2.4722224911243154,0.33556542956413093
-2.471667076407665,0.3353282845872515
-2.471477507456035,0.33524734448375093
-2.4702860856808293,0.3347386440822948
-2.46993286689217,0.33458783053890306
-2.4695747492887556,0.3344349253524974
-2.469573451422157,0.3344343712034352
-2.4690219627539722,0.3341989025283256
-2.467248166180624,0.33344154602558096
-2.4666125500147147,0.33317015750012424
-2.4660691431774007,0.3329381395178712
-2.46583832294164,0.33283958638661293
-2.465523183126926,0.33270503139223906
-2.465480351744597,0.33268674371121854
-2.464954639667943,0.33246228084675733
-2.464781568061928,0.33238838460170617
-2.4643700220397653,0.3322126671261242
-2.46434806465945,0.33220329200103127
-2.4636600143963894,0.33190951573109473
-2.463200561746763,0.33171334360114124
-2.462924916793698,0.33159565169622396
-2.462765584404211,0.33152762167345295
-2.462157802631614,0.3312681175766238
-2.462071978301601,0.33123147323115254
-2.4615783275323735,0.3310206995574537
-2.4603337562126333,0.3304893059375217
-2.4603118128821198,0.33047993681126075
-2.459312603347794,0.33005330511639974
-2.459034574645139,0.32993459542382886
-2.4587804104040347,0.32982607512129936
-2.4586769303358467,0.3297818923194359
-2.458126095149445,0.3295467026609199
-2.4572623215523306,0.3291778979397346
-2.456479304813456,0.32884357390965413
-2.4561451427587793,0.32870089700471317
-2.4557415268549687,0.3285285654454153
-2.455301490973754,0.3283406836775251
-2.4545453723135555,0.32801784429856107
-2.4544098513485606,0.32795998102064083
-2.453872422430242,0.327730515425675
-2.453827061652941,0.3277111477709086
-2.45353676446089,0.3275871998112432
-2.4535149462396784,0.32757788410280075
-2.452719081013609,0.32723807416442985
-2.4520535245486665,0.32695390205346675
-2.4508763290889766,0.3264512758505562
-2.450570323551731,0.32632062091131964
-2.4502228115838363,0.3261722440046204
-2.4494632977777093,0.32584795500291797
-2.449011341437084,0.32565498356601696
-2.4487224574839948,0.32553163901585935
-2.4474802292566644,0.32500124582421697
-2.44699265390098,0.3247930661649743
-2.446982374851032,0.3247886773272477
-2.446203331965814,0.32445605001028166
-2.4457203453538607,0.32424982960327575
-2.4453582774494422,0.32409523776001314
-2.4449607737728383,0.3239255159334723
-2.444833726013778,0.32387127045350617
-2.444589960051975,0.32376718989596454
-2.4442811177122565,0.3236353237294475
-2.4427375681340697,0.322976275601881
-2.4425708910697685,0.3229051096291853
-2.4422772380890154,0.3227797288511045
-2.442261857457038,0.32277316179498317
-2.4418551793001564,0.32259952274794346
-2.4414536973115126,0.3224281023046959
-2.4408230560177695,0.32215883789642485
-2.4406395120208493,0.322080470263013
-2.440128215852873,0.32186216254753797
-2.4400804837500187,0.3218417824097989
-2.439913417564332,0.32177045029425655
-2.439471285103764,0.32158167335155763
-2.438961409028831,0.3213639719720728
-2.438365568581172,0.3211095664531909
-2.4382712904363126,0.3210693125891634
-2.437109527238113,0.32057327548658576
-2.4364526909420765,0.32029282661915814
-2.436267793212243,0.32021388098348813
-2.4360634147479328,0.32012661767421624
-2.435307980681795,0.3198040705958304
-2.435048482107263,0.3196932726972279
-2.434695987040354,0.31954276816073246
-2.434685580818311,0.31953832502443846
-2.4345475038044704,0.3194793703923893
-2.434439817967181,0.31943339185665964
-2.433401260788503,0.3189899599295931
-2.4321792839964087,0.3184682134770396
-2.4319381606372485,0.31836526122943265
-2.4308166647427787,0.31788641702528875
-2.4305899767403023,0.3177896282303675
-2.4305367536555975,0.3177669036125038
-2.43010716548563,0.3175834826955196
-2.429521037019068,0.3173332238934311
-2.429301003331682,0.3172392762860964
-2.4287759899973054,0.31701511176306585
-2.4284909839056215,0.3168934229402878
-2.4284008791978517,0.3168549510053529
-2.428302471193343,0.31681293381845754
-2.4279972305829194,0.3166826054794136
-2.427606111060402,0.31651560949003166
-2.4274075983236867,0.3164308506657739
-2.427322196057602,0.3163943865286004
-2.4273021560606307,0.31638583006713883
-2.4265074450845074,0.31604651295794284
-2.4261862371133613,0.3159093670476759
-2.425356483819623,0.3155550879481843
-2.424956282290506,0.3153842142217157
-2.424526825406858,0.3152008493599462
-2.4243726867758633,0.31513503691208034
-2.423111105399852,0.314596380522041
-2.4225560289833723,0.31435937998891483
-2.421942885260062,0.3140975865042823
-2.4219012249262195,0.31407979882489634
-2.421736389046602,0.31400941898135126
-2.4216888749100423,0.31398913190850586
-2.421364264403558,0.3138505332204492
-2.4208481496714467,0.31363016812650335
-2.4205845983252003,0.31351763981920744
-2.4205426791937916,0.31349974164123184
-2.420170186043436,0.31334069853905855
-2.4199082950482427,0.3132288791505219
-2.419822529575097,0.3131922599351207
-2.4197452978231375,0.3131592843558214
-2.419370817021209,0.3129993925876474
-2.4191481343391756,0.3129043139411889
-2.4191100659493676,0.31288805991127167
-2.418801275307975,0.31275621581834745
-2.418397724280829,0.31258391195938684
-2.4177340881238654,0.3123005597607841
-2.417502901645947,0.31220185025540503
-2.417174761689873,0.31206174460108305
-2.416945634981021,0.31196391455365335
-2.415328854914013,0.311273599262906
-2.414661792990602,0.3109887843675456
-2.413757649505243,0.3106027429474987
-2.4137225368176627,0.3105877509113949
-2.4134210033414463,0.3104590054044749
-2.413340424842837,0.3104246008674387
-2.4130889759634497,0.3103172399407277
-2.4118965289076,0.3098081017760159
-2.4118310859000864,0.30978015962749417
-2.411565476335164,0.3096667525242177
-2.4115606204091145,0.30966467919336016
-2.4114185929055467,0.309604037823875
-2.4112692885272953,0.3095402894530327
-2.4112675417109184,0.30953954361624314
-2.4105422032304724,0.30922984642598395
-2.4097512612635854,0.3088921385676441
-2.408228065909597,0.3082417810668875
-2.407060531416788,0.3077432797992712
-2.4055255596152,0.30708789411811155
-2.4051596610046597,0.3069316666813233
-2.4048892971140434,0.3068162296274114
-2.404432030012117,0.3066209906590096
-2.403758759736529,0.306333524988491
-2.4028458493978953,0.3059437403921199
-2.402014441068854,0.3055887546435303
-2.401783545461105,0.3054901693307548
-2.4017360146565236,0.30546987514117785
-2.4015075716391228,0.3053723370089395
-2.4012395372541673,0.30525789458219477
-2.4002447528843,0.30483315229625985
-2.3998641803661607,0.3046706595528923
-2.399849110443475,0.3046642251600685
-2.399708237319173,0.3046040766749749
-2.399065780792998,0.3043297675263722
-2.3981646285328315,0.3039450032673501
-2.398087015496202,0.3039118648912408
-2.3977016568804457,0.3037473286316058
-2.3965608747932636,0.3032602498172008
-2.3964974548480638,0.30323317145397566
-2.3948785730953936,0.30254195880818435
-2.394639796758436,0.30244000866676835
-2.3940500493547567,0.3021882046899963
-2.393606087481226,0.30199864664430964
-2.3932570766374184,0.3018496297637624
-2.3929424497729688,0.30171529378335205
-2.3924757238231003,0.30151601617821766
-2.3922803624615168,0.30143260289407703
-2.3914089770874924,0.3010605481785983
-2.390742372244437,0.30077592844247136
-2.390509389345435,0.3006764519206211
-2.3904140800596356,0.3006357577911716
-2.3900918958957122,0.30049819507665554
-2.3895687036614888,0.30027480810729956
-2.3895116715454163,0.30025045715036247
-2.389366298730826,0.30018838743610876
-2.389204120769421,0.3001191424417742
-2.3885741639584004,0.2998501702865429
-2.388499206949203,0.2998181659523398
-2.38842920165039,0.2997882758459548
-2.388390194600962,0.29977162103729127
-2.387866120973446,0.2995478577401466
-2.3876868403655975,0.2994713104425535
-2.3852978641543454,0.29845129118235214
-2.385245195171787,0.2984288031490381
-2.3841516641695075,0.2979618990925229
-2.3840853858561295,0.29793360029412486
-2.383047525160175,0.29749046574372917
-2.3815690525219115,0.2968592034650984
-2.3802140207247318,0.29628064662355325
-2.379918491193402,0.2961544646161751
-2.379634465546181,0.29603319441298426
-2.3793316496456436,0.29590390135037925
-2.377679329271553,0.29519841144317227
-2.3776690358675707,0.2951940164767155
-2.377503741389453,0.2951234408257353
-2.377055706599894,0.29493214377035293
-2.3768375173794163,0.29483898369357764
-2.3765016338363156,0.2946955717661026
-2.3764465556072243,0.2946720550587254
-2.376027247655901,0.29449302347846473
-2.375632297676191,0.29432439200184213
-2.3752116019078966,0.2941447678664806
-2.374507270631312,0.29384404010523524
-2.374501617342385,0.2938416263249881
-2.3728894315793885,0.2931532726605466
-2.3728461863142565,0.29313480826431737
-2.3724596467319,0.2929697677683186
-2.3723464363496145,0.2929214304220351
-2.371454571688424,0.2925406316817122
-2.3709812989774406,0.29233855881122583
-2.370667614959596,0.29220462539727576
-2.368935438067905,0.29146503921668543
-2.3688330370639257,0.29142131714200303
-2.3687637877426715,0.29139174981475113
-2.3686203391362075,0.2913305016781005
-2.36859616533494,0.2913201802095281
-2.3683973827098836,0.29123530615126136
-2.368144609397111,0.29112737973228786
-2.3680151238921274,0.2910720934098967
-2.367394402492395,0.29080706449082927
-2.3669005788150312,0.2905962169906817
-2.366635783338954,0.2904831574782676
-2.365715083104711,0.29009004683640516
-2.3651320324118514,0.28984110214889036
-2.365128147996966,0.28983944362337655
-2.364860978525276,0.28972537048795655
-2.36459649180315,0.2896124428039698
-2.363543426034478,0.2891628161558495
-2.3633446115465855,0.28907792849313374
-2.363317312970655,0.2890662728420249
-2.362469439585975,0.288704257021812
-2.362078212578764,0.28853721513977615
-2.3609717377809636,0.2880647844812506
-2.3603370040969343,0.2877937727483756
-2.360091375506182,0.2876888969056428
-2.35837867506652,0.2869576265701822
-2.3575846318267253,0.2866185945638322
-2.357408727503723,0.28654348883587655
-2.3572749202225816,0.28648635724817917
-2.356919199353844,0.28633447539365986
-2.3564943656534516,0.2861530844887432
-2.3563294700137254,0.28608267912947183
-2.35495420537422,0.2854954834874385
-2.3547680782797777,0.28541601295094543
-2.3543945331167744,0.2852565206717744
-2.3533640929307706,0.28481655445057086
-2.3532471238546298,0.2847666122577812
-2.3531733864630406,0.284735128662732
-2.3530350993350755,0.2846760843184233
-2.3528826278071096,0.28461098367220294
-2.3527775999044986,0.2845661399927151
-2.352719587542851,0.2845413705011093
-2.352451665241902,0.2844269759307836
-2.3515088665006534,0.284024429907078
-2.3499757805567225,0.2833698494290522
-2.3496074197933496,0.2832125707288401
-2.349514034524441,0.2831726980953424
-2.3491501302969544,0.2830173221986897
-2.34907103898728,0.2829835526455222
-2.348575457439859,0.2827719545890037
-2.3483079416257304,0.28265773357602997
-2.347854979669405,0.2824643327721982
-2.3473574738575267,0.2822519131140251
-2.347307575304307,0.2822306079687078
-2.3472632191090383,0.28221166923952745
-2.3467529813666643,0.2819938134391845
-2.346562705116871,0.2819125713411532
-2.3463006942466094,0.281800700769655
-2.34527086522676,0.28136099549757543
-2.3445045184330486,0.2810337890206346
-2.3443057307474686,0.2809489128016801
-2.3441155075697346,0.28086769336378414
-2.343948531873672,0.2807963998845239
-2.3436471734801896,0.28066772913253946
-2.3431243926334178,0.2804445178129542
-2.3428591536275287,0.28033126892697124
-2.3428471242604343,0.2803261327577342
-2.342719812282642,0.2802717744645076
-2.3424753936626557,0.28016741524202393
-2.342410982245412,0.2801399135507746
-2.3406080798783395,0.2793701297705863
-2.3406030681945706,0.27936798993598
-2.3405363350221475,0.27933949692677995
-2.3401344291752246,0.27916789550910237
-2.339936169396783,0.2790832446902364
-2.3391497716611585,0.27874747707868053
-2.3389647511899696,0.27866847903623215
-2.338959833808322,0.2786663794657276
-2.3389246825274257,0.27865137095146686
-2.3386932625684476,0.2785525617568667
-2.338207386900432,0.2783451078119069
-2.3380884362984835,0.27829431956863016
-2.337240516255818,0.2779322838268946
-2.3371535885251693,0.2778951683633373
-2.3368727710815462,0.2777752679642682
-2.3366984046135335,0.2777008188530261
-2.336679130409179,0.2776925893614245
-2.3363917161862218,0.2775698723407646
-2.336274573800658,0.2775198561501898
-2.3357777476479384,0.2773077266855434
-2.3356388578292986,0.2772484250108801
-2.335194003661173,0.27705848598288496
-2.3350358260460524,0.2769909490132002
-2.3344567579521707,0.27674370477278254
-2.3341381577466165,0.2766076722981021
-2.3341043709007456,0.2765932463555718
-2.333974906353701,0.2765379689815749
-2.3335264209689743,0.27634647953593494
-2.3321218797854395,0.275746783711337
-2.330577984545717,0.27508758799694144
-2.330543394326732,0.2750728190388362
-2.330145784275599,0.2749030517936474
-2.330005209210419,0.274843030570618
-2.329956502645579,0.27482223436762476
-2.3295519499406683,0.2746495028231115
-2.329158300912949,0.2744814268129184
-2.328727378727455,0.27429743631239245
-2.3283379417772276,0.27413115872955407
-2.3277078537802876,0.27386213056197617
-2.32751030579084,0.2737777836550872
-2.3274127981443606,0.2737361508933387
-2.3271418056422526,0.27362044544168174
-2.3269258259438557,0.2735282287627797
-2.3266389503303535,0.2734057417117677
-2.3258051146711067,0.27304971956794366
-2.3255292315498863,0.27293192597256033
-2.3254428523007533,0.2728950446937167
-2.325223284067738,0.27280129582106216
-2.325159356570525,0.27277400074876024
-2.325113790221511,0.2727545453212037
-2.3250860080284395,0.2727426831804717
-2.3246549626667035,0.27255864008748476
-2.324552677059217,0.2725149672835504
-2.324337840068031,0.2724232385054318
-2.3242489916695597,0.27238530297587193
-2.3237240146820035,0.27216115397181473
-2.322880347608036,0.2718009341167186
-2.3224751905744894,0.2716279445424913
-2.3222569983348778,0.2715347831766385
-2.322038359149403,0.27144143097866835
-2.3216773297057487,0.27128728252616663
-2.3211968395922136,0.2710821280470921
-2.3211205501785463,0.27104955481721893
-2.3204640084130803,0.27076923170527345
-2.320458851281068,0.2707670297687472
-2.320187925846066,0.2706513529526787
-2.320055516440651,0.2705948182148614
-2.320045034236741,0.27059034263665027
-2.3200355210943227,0.27058628081784863
-2.3190522529127846,0.2701664555896244
-2.318572316295004,0.26996153743618845
-2.318430393054714,0.26990094058391156
-2.317896145969944,0.2696728335338685
-2.3169867606151664,0.2692845539970321
-2.3165307448675923,0.26908984931839597
-2.3158829766612268,0.2688132722459553
-2.3151406773597043,0.2684963333075011
-2.315073937341774,0.2684678373754803
-2.31465069979047,0.2682871279770621
-2.314454330546996,0.26820328435839746
-2.314376588626164,0.2681700909527034
-2.31408004789199,0.2680434771928566
-2.31399281658838,0.2680062321129949
-2.313074097973162,0.267613967561421
-2.3126746193902017,0.26744340251069443
-2.312334639618083,0.26729824161959514
-2.311992519685662,0.2671521669459651
-2.3116625423381127,0.26701127678207615
-2.3116535154823628,0.2670074225927037
-2.311163878178262,0.266798362544997
-2.311030472196972,0.2667414022999758
-2.3108463993216155,0.2666628088517615
-2.310813023380834,0.26664855835304857
-2.3096838312389387,0.26616642808830293
-2.309561780964562,0.26611431638037086
-2.309085989560005,0.26591116810530635
-2.3089595569269727,0.26585718526520785
-2.308730911241265,0.26575956059984474
-2.3085745241795124,0.2656927881412986
-2.3084570321387834,0.2656426226587377
-2.3080914245270394,0.2654865194694723
-2.3075799435109126,0.26526813282953043
-2.307562678934415,0.26526076138712584
-2.3070057379260134,0.26502296473067977
-2.3068319507173047,0.2649487629453189
-2.306622795089691,0.2648594599344557
-2.3060353547003842,0.2646086409817632
-2.3055179427941006,0.26438772203439964
-2.305365468738008,0.264322620308747
-2.3052862020452083,0.26428877587238675
-2.305106658351474,0.2642121162452231
-2.3042321742394605,0.2638387384640666
-2.303266176285713,0.2634262870911742
-2.3026708558343607,0.26317210359469945
-2.302472138079274,0.263087257233912
-2.301852443570376,0.26282266676560206
-2.2998082535792395,0.2619498606017526
-2.299367152198381,0.26176152389833207
-2.2988404938374845,0.2615366569996459
-2.2981820416068093,0.2612555181778995
-2.29810766323035,0.2612237609020529
-2.297798060885394,0.2610915702367079
-2.2973768574113547,0.260911729326631
-2.295585221892318,0.26014675614352845
-2.295500482961768,0.2601105752301971
-2.2952881486687637,0.2600199150271171
-2.295204187767212,0.25998406630820414
-2.2951016653079535,0.2599402923758585
-2.2950878992908743,0.2599344147105679
-2.294077088235224,0.2595028295234354
-2.2935631628289532,0.25928339920419075
-2.293294898788924,0.2591688587218034
-2.2931264229230743,0.25909692471625045
-2.2922938721124195,0.25874145116320113
-2.2922240526334114,0.25871164039614947
-2.2914181626884416,0.258367550211576
-2.2907806542273588,0.258095353734364
-2.2900313464735484,0.2577754224026474
-2.289722018751865,0.25764334899298136
-2.2895062892501947,0.2575512391403756
-2.288440537880201,0.2570961961312157
-2.288397566013696,0.2570778484677796
-2.2880120341386356,0.25691323823175805
-2.2878107273287047,0.25682728642429664
-2.287782487468264,0.25681522887369423
-2.2870464557789294,0.25650096601259775
-2.2865863255399947,0.2563045045728799
-2.2863912420879835,0.2562212099475668
-2.285929279576357,0.2560239661838447
-2.2856997184518297,0.2559259506543017
-2.2856597171848754,0.255908871345377
-2.285502794857116,0.25584187034473227
-2.2847050943664953,0.25550127680492507
-2.2841960356139346,0.2552839243969186
-2.28331458704898,0.2549075730088656
-2.2832659224391687,0.25488679471937725
-2.282894551625549,0.25472823082042184
-2.282812666781446,0.2546932685140958
-2.2827577052401034,0.25466980162879305
-2.282162670398567,0.25441574007891243
-2.281401717626061,0.25409083668288723
-2.281013399515403,0.25392503681008394
-2.2804201227469343,0.2536717259032535
-2.279907042231264,0.25345265632627223
-2.2798793396264694,0.25344082816728286
-2.2796380067563264,0.25333778646493954
-2.2796371462462774,0.2533374190536527
-2.2796369703099653,0.25333734393426643
-2.2795146226086715,0.2532851052342019
-2.279390889201207,0.2532322748802831
-2.2793702004279326,0.25322344141132225
-2.278981593915463,0.25305751839982826
-2.2786963084495118,0.252935710292843
-2.2786314697478733,0.2529080261643166
-2.2782412817087763,0.25274142788966514
-2.2773940511220285,0.2523796865243705
-2.277348569092018,0.25236026709843173
-2.2769925916872586,0.2522082757109323
-2.276609651011036,0.25204477183700424
-2.276116496806272,0.2518342101810369
-2.2759968140303686,0.2517831093220323
-2.2757385634588148,0.25167284428226266
-2.275056706356301,0.2513817123011264
-2.274307591475164,0.25106186332010083
-2.2738980674616647,0.25088700917993956
-2.2736858275769767,0.250796389286303
-2.27367751026504,0.25079283805028474
-2.2732213514088033,0.25059807226865705
-2.2731315467060536,0.2505597284266259
-2.272997123750172,0.25050233396477783
-2.272765067293083,0.2504032530050886
-2.272701773433817,0.25037622847667373
-2.272396784499846,0.2502460075957236
-2.2719975432995323,0.250075543900075
-2.271422651939634,0.24983008299642195
-2.2709117309041105,0.24961193545094984
-2.270481614720685,0.24942828908848236
-2.2703214417885,0.24935990017986842
-2.270271709647719,0.24933866608753708
-2.269180589125182,0.2488727912316273
-2.2688812193661554,0.248744969565304
-2.267815324276599,0.24828986519231744
-2.2667209453716946,0.24782259910749715
-2.2664521102671147,0.24770781479813575
-2.266322915869105,0.24765265276945625
-2.2659912984368513,0.2475110623399137
-2.265779422370506,0.24742059778550352
-2.2641789136683568,0.2467372298663827
-2.2639398675278084,0.2466351645271433
-2.2636559415656987,0.24651393688642464
-2.2634886323836123,0.24644250101890453
-2.2633788751826107,0.24639563807466902
-2.26331882373488,0.24636999795611114
-2.2626675049386966,0.2460919048911786
-2.262616123054552,0.24606996640924372
-2.2621083042088923,0.24585314340329434
-2.260939214023144,0.24535397790270919
-2.260415813949326,0.2451305021922474
-2.2601726084742633,0.2450266609452807
-2.2601107408339365,0.24500024536842446
-2.2600954412301406,0.2449937129088412
-2.2598025659950416,0.2448686642041995
-2.2595181818382786,0.24474724092847633
-2.2594904150861863,0.24473538538056694
-2.2584596192056408,0.24429526728874973
-2.25815771171301,0.2441663620883412
-2.2563685447738155,0.24340244291279756
-2.256236042530849,0.24334586853620488
-2.2561304194355696,0.24330077072778
-2.255666956883097,0.24310288649281875
-2.255388391356028,0.24298394759275754
-2.2553785689586476,0.2429797537316123
-2.255214463905681,0.2429096859285369
-2.2551707442236895,0.24289101897092047
-2.2548334922704147,0.24274702277444948
-2.2545355298332614,0.24261980199121946
-2.2542988862001594,0.24251876244866089
-2.254089778105322,0.24242947973282925
-2.2539499297046515,0.2423697687731633
-2.253336063605308,0.24210766685621454
-2.252641691400574,0.24181119131190332
-2.251408845406889,0.24128480404504882
-2.250251627721207,0.24079070773631162
-2.2500669480006286,0.24071185518387872
-2.249804956189359,0.2405999927499829
-2.2493882951191484,0.24042209130643166
-2.2492061719566876,0.24034433032557134
-2.2491954060167862,0.2403397336008315
-2.2487076505187633,0.24013147702635862
-2.2470676919093577,0.23943126521192215
-2.2467201134805284,0.2392828599284509
-2.246514320115893,0.2391949925003195
-2.2462829553883417,0.2390962068878374
-2.245027515617392,0.23856017277399422
-2.244515894732976,0.2383417264146006
-2.24425663163838,0.2382310290586781
-2.243931369372388,0.2380921520893866
-2.2439233423069553,0.23808872477968557
-2.243479542636166,0.23789923598957396
-2.243443497535479,0.23788384584179267
-2.2431495101440135,0.23775832228063754
-2.242532906078359,0.2374950513364048
-2.2422796522201427,0.23738691973932835
-2.2417546499899523,0.23716275995744296
-2.2416788755537125,0.23713040660707008
-2.2414054728245896,0.2370136720627143
-2.2413484646947968,0.23698933134718014
-2.2412597086392005,0.23695143524518392
-2.2409313491902223,0.23681123587415254
-2.2406183893704026,0.2366776116704531
-2.2398604036623624,0.2363539751195669
-2.23971762903902,0.23629301475295006
-2.238070838568912,0.235589885944419
-2.2376546561149913,0.23541218885528215
-2.236911041914564,0.2350946884954952
-2.236671350801443,0.23499234777283262
-2.2366043706350944,0.2349637493048342
-2.2360554381432247,0.23472937203827937
-2.235752603071317,0.23460007079008982
-2.2352193544734047,0.2343723900631809
-2.2348786766712276,0.23422693113474657
-2.2346691079079086,0.23413745172766187
-2.2341905923132015,0.23393314030731005
-2.234187751047282,0.23393192717427536
-2.2337736649937825,0.23375512518354769
-2.2335594477513223,0.2336636610190458
-2.2327061017479775,0.23329930855922343
-2.2314290667218963,0.23275405393658666
-2.231344921058585,0.23271812633009303
-2.231341237629211,0.23271655361920252
-2.2307623489793054,0.23246938599583522
-2.230531930678337,0.23237100447835357
-2.2304473399130376,0.23233488682702086
-2.230114273138282,0.23219267757287088
-2.229804340677862,0.23206034595839076
-2.2289632561036146,0.23170122875113264
-2.228871483086339,0.23166204449942407
-2.2287778476643814,0.23162206505827931
-2.228636601926376,0.23156175747861074
-2.227831292762408,0.2312179152696362
-2.227544096871721,0.23109529147013075
-2.227531733210421,0.23109001256756478
-2.227346594872052,0.23101096419946077
-2.226947958332054,0.23084075867514375
-2.2267230313849566,0.2307447217966273
-2.2266799711124485,0.2307263363865507
-2.2263705192547505,0.23059420997462976
-2.2246206203817938,0.2298470570538873
-2.22460371129929,0.22983983739646874
-2.224308776804138,0.22971390945121106
-2.222250636024455,0.22883514673034566
-2.22115051902863,0.2283654306574392
-2.2208957477407494,0.22825665116463367
-2.2197064073591095,0.22774883945412183
-2.2192950625927947,0.22757320790858893
-2.218670364565064,0.2273064810918486
-2.2181330611316756,0.22707706907508296
-2.2174416613652164,0.22678186267036227
-2.217316459406868,0.22672840529044824
-2.2169722992016827,0.22658145948318986
-2.2167658288480028,0.2264933030015882
-2.2165840965417134,0.22641570890427454
-2.2161058719095403,0.22621152171596282
-2.2155927862269187,0.22599244993285195
-2.2155063967274216,0.22595556427741892
-2.2151869643616235,0.22581917649594563
-2.21469812216795,0.2256104559359009
-2.2146288664734266,0.22558088588745906
-2.213366128294496,0.22504173557820373
-2.213053099546004,0.2249080819440844
-2.21299256117295,0.22488223392341133
-2.212804640140946,0.22480199743083407
-2.2125006043722295,0.22467218352208917
-2.212312658329421,0.22459193635066876
-2.2119506938128612,0.2244373886508375
-2.2112600182193978,0.22414249144568144
-2.210076272071938,0.22363706830085817
-2.21001228125086,0.22360974619121632
-2.209672522240256,0.22346467955848437
-2.2092997366676226,0.22330551160100542
-2.209273418108223,0.22329427438677008
-2.2092355426202963,0.22327810272001503
-2.2080611228735263,0.2227766616610275
-2.2078423934146203,0.22268327091908258
-2.2078272878118916,0.22267682129197985
-2.20752789416866,0.2225489894278363
-2.20735976472148,0.22247720333238574
-2.207042628681756,0.22234179601141757
-2.2069527454808613,0.22230341865309566
-2.206633905467839,0.22216728378801287
-2.2063104977191617,0.22202919864049409
-2.2062674355304495,0.22201081241225717
-2.205784889120784,0.2218047799580698
-2.205745094172463,0.2217877887408466
-2.204924464764721,0.22143740525965405
-2.2040030620609143,0.22104399468492408
-2.203752875995664,0.22093717294095405
-2.2034968358040747,0.22082785166534769
-2.203284433747176,0.22073716252917208
-2.203034463380551,0.220630432881871
-2.2026109344514375,0.22044959907410322
-2.2024636150068706,0.22038669820880663
-2.2022593050707244,0.22029946415894952
-2.2020546225400257,0.22021207102269513
-2.2019108799052174,0.22015069734499748
-2.201488419316918,0.21997031968585112
-2.200958193862787,0.2197439297482221
-2.2008674022893535,0.21970516454280486
-2.200670911135412,0.21962126887212574
-2.200066277806693,0.21936310906385792
-2.199126902446247,0.21896202471831272
-2.1987238170040646,0.21878991964979178
-2.197635655910061,0.21832530837871333
-2.197196356869306,0.21813774121900353
-2.1965176605459233,0.2178479587932024
-2.1956142319502545,0.2174622226090337
-2.1951141544140156,0.21724870490376924
-2.1951084332006534,0.21724626212188047
-2.1943460972498228,0.21692076815131334
-2.1941739537341065,0.2168472681722332
-2.1938145096937025,0.21669379663808863
-2.1934913051249763,0.21655579824215077
-2.1931617422276046,0.2164150850357225
-2.19302721752344,0.21635764713049155
-2.191708675152083,0.21579467014987463
-2.191184877955959,0.21557102488042024
-2.1911070323370323,0.21553778719883376
-2.191060638757317,0.21551797856924737
-2.190850835334942,0.21542839896997334
-2.190768557506069,0.21539326887125465
-2.190695499189165,0.2153620752201798
-2.190628868856418,0.21533362612035412
-2.1904776258352365,0.21526905000869168
-2.189006037213237,0.21464072699297354
-2.188485922641954,0.21441865409089877
-2.1878771804414425,0.21415873992093193
-2.187874541450591,0.21415761315312065
-2.1870773820213008,0.2138172506298368
-2.187036554038428,0.21379981833867834
-2.186580012944216,0.21360488935320898
-2.1861474581711566,0.21342020178807763
-2.185652700592593,0.21320895554088248
-2.1848512094677757,0.2128667435170275
-2.184766863116762,0.2128307302230661
-2.184147023025889,0.2125660775957372
-2.183922575289002,0.21247024532522074
-2.1832315795101516,0.2121752114107659
-2.182853293302661,0.21201369485162636
-2.1828033121114814,0.21199235442244502
-2.1827756887267027,0.21198056008796273
-2.182725753608442,0.2119592393304991
-2.1812025880551276,0.21130889455371238
-2.181150842038915,0.21128680059860017
-2.1810091818256976,0.2112263160507819
-2.180992467367712,0.2112191794920376
-2.180795677581558,0.211135156314602
-2.1807392905289706,0.21111108077990492
-2.1801472639079997,0.21085830364755076
-2.1793469219552684,0.21051658228478098
-2.1793374146196425,0.21051252294530098
-2.1793226097407885,0.21050620171803036
-2.1790780994574614,0.21040180335812342
-2.1786877541045975,0.21023513791533832
-2.178642912052039,0.21021599174006012
-2.1772682801395824,0.20962906625298783
-2.1771302982012024,0.2095701522152318
-2.1770247665728686,0.20952509346037573
-2.176909367648228,0.20947582167391499
-2.176786025092618,0.20942315820169943
-2.1767135803406683,0.20939222652396206
-2.176588553046435,0.20933884372024514
-2.176434545493918,0.2092730872388524
-2.1761829883526196,0.2091656800876397
-2.176166988161152,0.20915884849869903
-2.1760652274210757,0.20911539979698224
-2.17563742845432,0.20893274281466123
-2.175551982795853,0.2088962601502773
-2.1754787366384005,0.2088649862970735
-2.1754655312607425,0.20885934800754757
-2.1753833830123237,0.20882427323569164
-2.1753224234072213,0.20879824536190783
-2.1751524734441054,0.20872568196222574
-2.17457335271291,0.20847841524729627
-2.1743475251138378,0.20838199381812772
-2.1742065906533425,0.2083218191443681
-2.173295874792568,0.20793297152245138
-2.1726608963825726,0.2076618552991264
-2.172494179892021,0.2075906724926364
-2.1719148224382643,0.20734330470446405
-2.1704808136257117,0.20673102710989777
-2.1700685588954314,0.20655500703777863
-2.169806851839534,0.2064432661856559
-2.169538514203311,0.20632869427996037
-2.169529935223223,0.20632503131970137
-2.169201740429446,0.20618490225136876
-2.169022855503825,0.20610852389789935
-2.1685720529349615,0.2059160450860037
-2.1680115869645786,0.2056767433793627
-2.1666999458457368,0.20511671302100654
-2.1664784369078913,0.20502213552716442
-2.166367813372708,0.20497490268491736
-2.166281258190189,0.20493794628793705
-2.166247076167745,0.20492335161718145
-2.16576772443556,0.20471868319188014
-2.16576078703018,0.20471572113345915
-2.165687985673112,0.20468463719632002
-2.1650996977305494,0.20443345636449284
-2.1650678789074767,0.2044198707070808
-2.164615342530058,0.20422665161233455
-2.164244502278154,0.20406831424688943
-2.1639412517017167,0.20393883559106363
-2.1637497141109177,0.2038570549392732
-2.1637027239749655,0.20383699159854807
-2.1622533306544356,0.20321814529292803
-2.1606429614858618,0.20253056725835283
-2.1605454421105863,0.2024889294887694
-2.1605381966033246,0.20248583588033497
-2.1605261453899494,0.20248069038340888
-2.1604030532205516,0.20242813381839408
-2.160118350379857,0.2023065744744479
-2.1597446574005517,0.20214701908226862
-2.1595668198019244,0.20207108790516726
-2.1595139328193897,0.2020485067925779
-2.1584402782212995,0.20159008934844524
-2.1582141129989174,0.20149352376452234
-2.1578497092232234,0.20133793457617188
-2.1575782554841005,0.20122203219051615
-2.156510272939362,0.20076603653846192
-2.1563681880831904,0.20070537068118122
-2.1561849950446517,0.2006271528961887
-2.155389137258052,0.20028734613424204
-2.155186437647356,0.20020079964375326
-2.154268737734299,0.19980897004662546
-2.1535066001219456,0.19948356076047902
-2.153267926229411,0.19938165435967592
-2.1525208330432224,0.199062668580124
-2.151763736623993,0.19873941172816934
-2.151234438971344,0.19851341793319643
-2.1506635859151997,0.19826968126086397
-2.1506501452037483,0.19826394249105683
-2.1506109080315334,0.1982471894270511
-2.1503892280747228,0.19815253891337825
-2.1501207714537602,0.19803791620486366
-2.1486645769821813,0.19741616601722578
-2.1486550173709125,0.19741208435765567
-2.148653370706524,0.1974113812826802
-2.148600375423343,0.19738875392905064
-2.148544835562905,0.1973650401193069
-2.1485094259916884,0.1973499213230352
-2.1476622974315647,0.1969882235199668
-2.1472802900308223,0.19682511812592296
-2.1470044229884104,0.19670733139569563
-2.1467755056321307,0.19660959073536577
-2.146637805444314,0.19655079699642242
-2.1462383162414573,0.19638022741132743
-2.1459948902614556,0.19627629201554286
-2.145991137514331,0.19627468970810813
-2.1459026963254124,0.19623692804448478
-2.145793274847789,0.19619020844379165
-2.1457164173587655,0.19615739266323862
-2.1457073088515406,0.19615350361120154
-2.145665505810832,0.19613565500037955
-2.145472200512279,0.1960531195918247
-2.14533199188871,0.19599325482807672
-2.1451235612221566,0.195904261353257
-2.144985823389627,0.19584545154118038
-2.144966900468405,0.19583737203665685
-2.144948932611018,0.19582970031497415
-2.144881654312082,0.1958009745535435
-2.144320303781186,0.1955612951668081
-2.1438136543852004,0.1953449714798493
-2.14368560584119,0.1952902986955345
-2.1431189179902126,0.19504834043751718
-2.143102985318784,0.19504153767755372
-2.14241196627042,0.19474649382773357
-2.1422583795370356,0.19468091702314827
-2.141964398567102,0.1945553962037897
-2.1419531282850754,0.1945505841404962
-2.1417527329997355,0.19446502152595968
-2.1410481062952966,0.19416416762611988
-2.1409022531407755,0.19410189282151025
-2.1398782579736206,0.19366467842484458
-2.1393097438976536,0.1934219404250056
-2.1391985302026812,0.19337445560270594
-2.139013361226758,0.1932953941533101
-2.1380864530565042,0.1928996329139795
-2.1378048520077453,0.1927793979396526
-2.1371037587388373,0.1924800527079522
-2.136898613783958,0.1923924621308153
-2.1367922953218987,0.1923470674221931
-2.1363184564683593,0.1921447528262733
-2.135858806082655,0.1919484962691046
-2.1358215384356467,0.19193258413169967
-2.1357550941205874,0.19190421445569694
-2.1352522167536208,0.19168950130894857
-2.13494890667054,0.19155999724561856
-2.1349448545539933,0.1915582671166608
-2.134830277124619,0.19150934608337633
-2.1347978691017553,0.1914955088558017
-2.134418311614059,0.1913334494991702
-2.134202263238114,0.19124120349707063
-2.1340783026610333,0.19118827614872247
-2.1334820537219006,0.19093369621656353
-2.1329253967003234,0.19069602081374404
-2.132222104360154,0.1903957366463479
-2.1312525685403196,0.18998177471360544
-2.1300474459256833,0.1894672244757073
-2.129675690018798,0.18930849615378798
-2.12948113919976,0.18922542894634886
-2.1289268496334226,0.18898876437399814
-2.128795924105396,0.18893286320612102
-2.127748634930643,0.18848570298568157
-2.1274562809439272,0.18836087683804426
-2.1273603126866183,0.18831990134805765
-2.127324689558624,0.18830469136961925
-2.1266731011755104,0.188026483199371
-2.1263332654137908,0.18788138379627684
-2.1261884440460337,0.18781954953283542
-2.125767174253062,0.18763968030661737
-2.1254428530048375,0.18750120512292867
-2.124706132704296,0.18718664824605613
-2.124255098746617,0.1869940706382629
-2.124103127491557,0.1869291835931649
-2.1237162641051213,0.18676400484279765
-2.1233212489877884,0.18659534555441604
-2.122975921713832,0.18644790144473877
-2.1220281413564854,0.18604322842439647
-2.1201069668307646,0.18522294607532408
-2.1192944690731856,0.18487603455829138
-2.1188469603797238,0.18468496212973884
-2.118782635738148,0.1846574974890256
-2.1185754303210893,0.18456902715800172
-2.1177310582809774,0.18420850630407581
-2.115336638598067,0.1831861628491389
-2.1146583528747205,0.1828965557369061
-2.114630192469956,0.1828845321114303
-2.1145500295416193,0.18285030501010047
-2.1142614130297708,0.18272707464911542
-2.1141952766916217,0.18269883646976748
-2.1117690397639675,0.18166290803131635
-2.1110217329739664,0.18134383104951524
-2.110713554033441,0.18121224813402048
-2.1104648421964725,0.18110605584011952
-2.1103977105834506,0.1810773927090562
-2.108812739024135,0.18040065867137134
-2.108703103617367,0.18035384772952234
-2.1085057757425436,0.1802695948047982
-2.108247556076943,0.1801593429609185
-2.1079318795305633,0.18002455879865487
-2.1079191311258416,0.18001911562249806
-2.1074621946414935,0.17982401781761848
-2.1073528155625745,0.17977731631986638
-2.107281782825531,0.1797469875290023
-2.1067522124633355,0.17952087729545274
-2.1062475984358704,0.17930542264816174
-2.1061660464265177,0.17927060245202253
-2.1060931248106898,0.17923946716809647
-2.1058715401850536,0.17914485735789876
-2.105476860939273,0.17897634147632502
-2.1054584162794474,0.1789684661746871
-2.1052415381680607,0.17887586590111026
-2.103715402382065,0.17822425292645305
-2.1031653432698896,0.17798939462772867
-2.1022268115649765,0.1775886704971108
-2.101863824001909,0.1774336859879313
-2.101706375936006,0.1773664605132922
-2.1016198285164247,0.17732950743084752
-2.1015048488958437,0.17728041467430522
-2.1013923731802624,0.17723239100807653
-2.1009488609278786,0.17704302493677115
-2.100171879931482,0.17671127798282416
-2.099802032708553,0.1765533646101658
-2.0997398149627537,0.17652679954905603
-2.0993687329362385,0.17636835895329928
-2.099073478791477,0.1762422945275035
-2.0989207192667014,0.1761770709155156
-2.098466131802592,0.1759829760699273
-2.098235775238114,0.17588462091202517
-2.0968500945784085,0.1752929779501866
-2.096791432606243,0.1752679310948979
-2.0967018608103496,0.17522968669692074
-2.0953285701881645,0.1746433338994816
-2.095303185635095,0.17463249547718163
-2.0949790719785675,0.17449410892875317
-2.094534429370371,0.17430426023033163
-2.094422367805169,0.1742564133935588
-2.0943480060630337,0.17422466322005614
-2.0934830518761975,0.17385535442342226
-2.093222667395461,0.17374417827015742
-2.09298606739175,0.173643157356005
-2.092790861373601,0.17355981039872603
-2.0925500034387374,0.17345697147911865
-2.0921662769800324,0.1732931321002733
-2.091646313757088,0.17307112381927758
-2.0911782471079112,0.17287127377683298
-2.090021951929272,0.17237757135018872
-2.08986244571954,0.17230946711152717
-2.089805526259206,0.17228516425512053
-2.089359270060901,0.172094626603422
-2.089228815102563,0.1720389263543085
-2.088632649250893,0.17178438189793677
-2.0886154924865203,0.17177705648798924
-2.0878751864277314,0.1714609686027887
-2.0877021072665953,0.17138706913193302
-2.0876501149931785,0.1713648700325795
-2.0876062710452032,0.17134615001721576
-2.0864469512903487,0.17085115618968683
-2.0861268963288326,0.170714502579018
-2.0851280023020426,0.1702880055961571
-2.0848301782088114,0.17016084388152064
-2.0844753257224804,0.17000933279954222
-2.084416024753161,0.16998401311215083
-2.0838078381277945,0.16972433615565807
-2.0837634530252234,0.1697053850839504
-2.083720182079092,0.16968690972272482
-2.081572547990596,0.16876993611544788
-2.0813276129491523,0.16866535639690816
-2.0812070478777764,0.16861387882491252
-2.0803186048258198,0.16823454100634405
-2.079938124686921,0.1680720877060673
-2.0798043739261924,0.1680149802508457
-2.0794073474103465,0.16784546215725138
-2.0793241058677183,0.16780992058244248
-2.0790270014663457,0.1676830661540627
-2.0781913432662438,0.16732626584142918
-2.077963319561864,0.16722890674293556
-2.076468664913103,0.16659073524423884
-2.076145687124482,0.16645283367642139
-2.075924139828182,0.16635823980470021
-2.0757922134751965,0.16630191131539196
-2.0757735963680317,0.16629396238405114
-2.0755376159782934,0.16619320602598087
-2.0753053470783227,0.16609403435972492
-2.0749805723874277,0.1659553655699818
-2.074767577387742,0.16586442326549922
-2.074141950897047,0.16559730002367046
-2.0737165366726744,0.16541566125289509
-2.0735410444052635,0.16534073145998507
-2.0726713194059267,0.16496938567335784
-2.072559381787623,0.16492159175809262
-2.0724964046742893,0.1648947024704348
-2.0723786344679764,0.16484441821973728
-2.0723366528912766,0.1648264933795457
-2.0718736056094036,0.16462878645233991
-2.0715211764132158,0.16447831004061375
-2.0707887724439007,0.1641655961042292
-2.07053766892637,0.1640583826363936
-2.0704711989093205,0.16403000198643258
-2.070370497978237,0.1639870057905134
-2.070251248521086,0.16393608994526976
-2.0697467762089885,0.16372069580607573
-2.069615740303093,0.1636647475102485
-2.0693476239846365,0.16355027010042245
-2.068773901065944,0.16330530808517552
-2.0685772558004514,0.1632213466136112
-2.0676138132469752,0.16280998631792676
-2.0675502949938522,0.16278286598024616
-2.0669631779544853,0.1625321850880188
-2.066764576938,0.1624473885710186
-2.065947978703929,0.16209872627682076
-2.0657477091819674,0.16201321735937335
-2.065478325761182,0.16189819893588053
-2.065365162992144,0.16184988191898741
-2.065004079801238,0.16169571051806508
-2.063810426095897,0.16118605715118595
-2.0637804389321506,0.16117325355589018
-2.063064709987935,0.16086765934162173
-2.0621718517836283,0.16048643638898952
-2.0612136032104833,0.16007729376292879
-2.060698120974785,0.15985719872546988
-2.0600996081013103,0.15960165216307742
-2.0600275996249318,0.15957090676157126
-2.0596594460635367,0.15941371653022207
-2.059276828144007,0.15925035046346037
-2.058906903192301,0.1590924039030086
-2.0587781617534766,0.15903743527394976
-2.0586493548944103,0.15898243871246232
-2.0584262137747933,0.158887164327276
-2.058412701936767,0.1588813951886121
-2.0580156372911804,0.15871186081479294
-2.0567174152929444,0.15815756000761827
-2.0566737036336926,0.15813889647546508
-2.0561985428737093,0.1579360174662091
-2.0560129943420824,0.1578567939582186
-2.0557427386579623,0.15774140310514806
-2.0554814016661003,0.1576298202589702
-2.055187451922854,0.1575043127724448
-2.0551230186248217,0.15747680173877232
-2.054853502930676,0.1573617268386286
-2.054602267065632,0.1572544568624813
-2.054581152905424,0.1572454417664022
-2.0544941884718306,0.1572083106318184
-2.0541796017385345,0.15707399178617476
-2.0539938511906883,0.15699468202348021
-2.05387929866574,0.1569457716236189
-2.053071942038783,0.1566010552110112
-2.0528295082685357,0.15649754345823186
-2.0525079201856347,0.15636023525195297
-2.052501153270085,0.15635734598743833
-2.051781605534123,0.15605012126671558
-2.0512240112697198,0.15581204569007734
-2.050929866881206,0.15568645509601842
-2.0506441293247994,0.15556445396033314
-2.0506071759552382,0.15554867600971778
-2.0504987298977344,0.1555023728833722
-2.050258352718292,0.15539973923152184
-2.050224810900503,0.15538541790843552
-2.049044504212304,0.15488146330677954
-2.047110835145913,0.15405584617368095
-2.0457860708157853,0.15349021260830953
-2.0453546024222353,0.15330598889376768
-2.0449320239748783,0.153125560912434
-2.044761340286064,0.1530526842344777
-2.043343355373906,0.1524472483518332
-2.043180698455318,0.15237779885753377
-2.042704703422122,0.15217456363931214
-2.041832472541322,0.15180214791848257
-2.041549764981334,0.1516814404979424
-2.0410050702859324,0.15144887263995266
-2.0402827042654854,0.1511404445985597
-2.039982184948437,0.1510121321063682
-2.039922715268746,0.1509867403848446
-2.0395182142925385,0.15081403092689416
-2.039250855247107,0.1506998768493254
-2.0391671424107685,0.15066413404661783
-2.0389317582121826,0.15056363224380642
-2.038777066713806,0.15049758373859734
-2.0382828970142963,0.15028658849765075
-2.037897433846712,0.15012200759760586
-2.03787377709023,0.15011190689123155
-2.0375744612364777,0.1499841082408
-2.037482518482529,0.14994485151675974
-2.037053341392804,0.14976160611837785
-2.03690219678646,0.1496970720268197
-2.036898332856715,0.14969542224783017
-2.0367893454355213,0.14964888797586295
-2.036137558510512,0.14937059503434047
-2.0353981628509317,0.1490548958615613
-2.0352198462289586,0.14897876015624545
-2.0347766977759885,0.14878954941608435
-2.0341760203045234,0.14853307863702092
-2.0341362614419536,0.14851610282730243
-2.0340243340262925,0.14846831326825127
-2.0331713765083204,0.14810412667971729
-2.032301018958407,0.1477325108134766
-2.031655566596623,0.14745692253534237
-2.031543225707568,0.1474089564358877
-2.0315161643009407,0.1473974020487664
-2.031305032820234,0.14730725540948997
-2.030946506785814,0.14715417583562507
-2.030737642749344,0.14706499732519906
-2.03072598242997,0.1470600187279717
-2.030518418509541,0.1469713953270506
-2.030254354839493,0.14685864827327066
-2.029633970955439,0.14659376346300257
-2.029632302047875,0.14659305089087604
-2.0295842765606307,0.14657254548703835
-2.0291222898253665,0.14637529138056915
-2.028991425803097,0.14631941647375624
-2.028793926339852,0.14623509028606085
-2.0265032465845993,0.14525704058497724
-2.02647958621351,0.1452469383352767
-2.0259491703808727,0.14502046711188954
-2.0258706768002805,0.14498695277062934
-2.025735056738705,0.14492904718152144
-2.025707176009967,0.14491714296909508
-2.0256865464876115,0.14490833479845178
-2.025598950397053,0.1448709339657992
-2.02490118798143,0.14457301090585872
-2.024737083811588,0.1445029434798506
-2.024663318386409,0.1444714479153213
-2.024039437176889,0.14420506985479897
-2.022434738710509,0.14351991303539902
-2.0222971888979755,0.14346118350206982
-2.022178539450135,0.14341052384232156
-2.0221633296538664,0.1434040297277862
-2.0214465772621883,0.14309799853297422
-2.0213904721685316,0.14307404338605556
-2.021192499949825,0.14298951534633952
-2.021027118080534,0.14291890238202043
-2.019785324992439,0.14238869498142914
-2.0189810893764832,0.14204531114439012
-2.018863577970338,0.14199513739339265
-2.018033641876346,0.14164078024382376
-2.0179280677938993,0.1415957033623686
-2.017450738908922,0.14139189863051982
-2.0173868272098376,0.1413646103035321
-2.017325552427483,0.14133844785876926
-2.0168769289044013,0.14114689943230618
-2.016071269417838,0.14080290764637438
-2.0159700658879323,0.14075969685623824
-2.015704268925197,0.14064620973986763
-2.0153790757911643,0.14050736228779348
-2.0152825762583193,0.14046615995951606
-2.0148615804020826,0.14028640769584633
-2.0148574679627633,0.14028465181092264
-2.014786611291562,0.1402543981947506
-2.0147272438148947,0.14022905011077003
-2.014041660566041,0.13993632717991422
-2.0137870411376233,0.13982761252642217
-2.0137790478412634,0.13982419963507542
-2.012317273202962,0.13920006688811926
-2.012237722471416,0.13916610117596273
-2.012154798271278,0.13913069509662235
-2.0110326514219334,0.13865157295479658
-2.0108296431592,0.13856489467939448
-2.0104218821097954,0.13839079327060133
-2.010287163098055,0.1383332724020203
-2.0100343422181215,0.13822532567333434
-2.009937372603577,0.13818392263465074
-2.009500166594594,0.13799724913504097
-2.009405716527155,0.13795692186536712
-2.0084502866340115,0.13754898272884974
-2.008193372274011,0.1374392882102572
-2.007921929504702,0.13732339050837394
-2.007658143279869,0.1372107619151557
-2.0076375605844925,0.1372019737381901
-2.007518510163746,0.13715114287536112
-2.0069264739958284,0.13689836166675462
-2.0068596919978225,0.13686984781053468
-2.0067873701297105,0.13683896860041067
-2.005836918370754,0.13643315497386177
-2.0057040586746897,0.1363764279758063
-2.0053048696583575,0.13620598656111083
-2.0050327202602656,0.1360897871505018
-2.0042344982168996,0.13574897092373672
-2.0039606962997243,0.13563206593837807
-2.003684981816268,0.13551434434612553
-2.0034966766725266,0.13543394384966745
-2.0032377874023983,0.1353234061052787
-2.002982314478491,0.13521432703550051
-2.0017393179853724,0.13468360581803007
-2.00145774666506,0.13456338353683428
-1.9995769784637538,0.13376035344374637
-1.9990200182992073,0.13352254860821633
-1.9987291517123356,0.13339835753450002
-1.9987137369681602,0.13339177591352114
-1.998488379906525,0.13329555538934534
-1.997781061500014,0.1329935522156266
-1.9971200028243152,0.13271130052213553
-1.9969193823415494,0.1326256417552344
-1.996487566380375,0.13244126964002223
-1.9954157862470747,0.13198365253462008
-1.995411544251198,0.13198184133303703
-1.9952568636759698,0.1319157974916758
-1.9950338928648041,0.13182059582295247
-1.9949710292449974,0.13179375499353485
-1.9947082196532833,0.1316815433925772
-1.9943095469422654,0.13151132242434838
-1.9941970530078614,0.1314632909792437
-1.9938182495883103,0.1313015535864842
-1.9937038587353944,0.13125271221560075
-1.9934816277403473,0.13115782642557328
-1.9929891575089267,0.13094755680515613
-1.9923959972546839,0.13069429564631208
-1.9920025892020896,0.13052632252507523
-1.9917727511261976,0.13042818874582973
-1.9914018767132162,0.1302698367946571
-1.9906599018176927,0.1299530363675726
-1.9904844346365334,0.1298781172857193
-1.9900632511682634,0.12969828491748947
-1.9900082011979685,0.1296747802757483
-1.9888469303370155,0.1291789533860106
-1.988714418620837,0.12912237496464818
-1.9874736131209993,0.12859258923382466
-1.9872026257768958,0.12847688598447704
-1.986571727401665,0.12820751181032908
-1.9864808508058371,0.12816871030296817
-1.9857371864238813,0.1278511885172139
-1.985607655033964,0.1277958826033695
-1.9856049307051804,0.12779471939888998
-1.985462508323492,0.12773390942860974
-1.985333047705109,0.12767863373203037
-1.9852804492463632,0.12765617581021238
-1.985171314722335,0.1276095787298661
-1.9851041964681155,0.12758092130259957
-1.9839577005971785,0.1270914028785195
-1.9827523692255375,0.12657676350781022
-1.9826864210823385,0.12654860568190918
-1.9824162576565683,0.1264332542203127
-1.9822666806582028,0.12636938944907816
-1.9821266145928356,0.12630958555329108
-1.981996498290512,0.1262540298998649
-1.9817635529709945,0.1261545694232965
-1.9816797234989294,0.12611877682072636
-1.9811598182654184,0.1258967932994326
-1.9810955097216603,0.12586933553199253
-1.98040865201594,0.12557606844730895
-1.9800757301075689,0.12543392104664342
-1.9796929040094584,0.12527046609404013
-1.9789419523224352,0.12494983285347594
-1.9784692183805728,0.12474799002081005
-1.978171111636418,0.12462070762293531
-1.9772005068445866,0.12420628927207467
-1.9770793665282345,0.12415456608819209
-1.9770764889261532,0.12415333744073542
-1.9764942046642227,0.1239047199956207
-1.975572268839907,0.12351108179485426
-1.975381512972907,0.12342963491504866
-1.9753587901396135,0.12341993296510989
-1.9752215954532233,0.12336135505970591
-1.9741100175755393,0.1228867455432483
-1.9740800125483653,0.12287393432081917
-1.9739568572339967,0.12282135079484646
-1.973709439449846,0.12271571102164092
-1.9737073212880474,0.12271480663179346
-1.9731865090059801,0.12249243582870417
-1.9730769055766848,0.12244563854025126
-1.9730172168329292,0.12242015328511913
-1.9723629086510899,0.12214078384458649
-1.9723235550920413,0.12212398108698796
-1.971513077661711,0.12177793218746236
-1.9713742963514558,0.12171867684253701
-1.9710529795487466,0.12158148446454453
-1.970921275331159,0.12152525082020926
-1.9704911177737714,0.12134158679233387
-1.96958616541,0.12095520000611815
-1.9691875335306797,0.12078499647176666
-1.969090488704512,0.12074356132003605
-1.968760890526869,0.1206028330500184
-1.9680257923662545,0.12028896877693196
-1.967926110770309,0.12024640780572038
-1.9674525834361203,0.12004422621896793
-1.9674090111123068,0.12002562217875556
-1.9672831286157453,0.11997187422998545
-1.9649417208453959,0.11897216522891108
-1.9645299786214285,0.1187963639812023
-1.9645288777741714,0.1187958939533299
-1.9644505564411041,0.11876245315645784
-1.964057458407605,0.11859461240382607
-1.9636632273404053,0.11842628788070197
-1.9636010961537416,0.11839975977767714
-1.963517597751343,0.11836410853165724
-1.9630695078054528,0.11817278792622032
-1.9630534706742937,0.1181659405651696
-1.9628362165660498,0.11807317975251574
-1.962787593189923,0.1180524190685408
-1.96188820546364,0.117668408211138
-1.9618765844835224,0.11766344641056148
-1.9605472818315044,0.11709587512152608
-1.9605454647146037,0.11709509926857808
-1.9600689311805848,0.11689163412709136
-1.9589878241602041,0.11643003472818014
-1.9589849369502967,0.11642880197847738
-1.9588115891711813,0.11635478781601827
-1.9584928262721777,0.11621868587624595
-1.957846685268578,0.11594280356926712
-1.9578231900119747,0.11593277181836648
-1.957365284052602,0.1157372600775124
-1.95703274803531,0.11559527744045173
-1.956944740441241,0.11555770090847484
-1.956934763027179,0.1155534408599811
-1.9568415735196631,0.1155136518105685
-1.9565025172837271,0.11536888524097388
-1.9564316086462326,0.11533860943679541
-1.9546009129691686,0.11455695876929306
-1.9544675308869928,0.11450000872845778
-1.953613352915777,0.11413530104397951
-1.9534871851680713,0.11408143130175674
-1.9532582392202016,0.11398367843369883
-1.9529627771874216,0.11385752524612258
-1.9525931209676457,0.11369969342592745
-1.9521348483296828,0.11350402512460911
-1.9516379730474722,0.11329187468318325
-1.9509969762954924,0.11301818881320025
-1.9507646564797831,0.11291899540749173
-1.950694100247557,0.11288887006950854
-1.9502546438030661,0.11270123570325197
-1.9501176946796668,0.11264276264568185
-1.9500753949655867,0.1126247019706279
-1.9500078898195434,0.11259587935246917
-1.949580609367097,0.11241344375978723
-1.948959538523905,0.11214826563912528
-1.9478381859593314,0.11166948263243293
-1.9476807861975518,0.11160227778216669
-1.9476349741428112,0.11158271744583304
-1.9471622269052324,0.11138086893630561
-1.946863336550756,0.1112532519609597
-1.946836480276467,0.1112417851590286
-1.9466354712101823,0.11115596047893372
-1.9464904492647097,0.11109404057498573
-1.9461061048557284,0.1109299373504058
-1.945501066110821,0.11067160444191226
-1.9452651047198395,0.11057085619572582
-1.944189118570113,0.11011144325085798
-1.9441727474959718,0.11010445330643925
-1.9440360925219657,0.1100461058415998
-1.9440198375255644,0.11003916545880077
-1.9439008123611685,0.1099883453796553
-1.943805662570624,0.10994771934976755
-1.9425587064185892,0.1094153074798998
-1.9420975980924693,0.10921842842707974
-1.9420798197478757,0.1092108376215224
-1.9420051536117695,0.10917895748117046
-1.9415596300116267,0.10898873262632269
-1.9414603144334421,0.10894632793342152
-1.9409686079835422,0.10873638442418898
-1.9403470133359964,0.10847098265520183
-1.940139755382216,0.10838248989261567
-1.9396853979144209,0.1081884932483691
-1.9396342369385338,0.10816664908745666
-1.9395003732542355,0.10810949341734843
-1.939254009596098,0.10800430372348313
-1.9387268562252058,0.10777922547077501
-1.938348221018067,0.10761755989953448
-1.9380906516102865,0.10750758569571539
-1.937995690380553,0.10746704017548636
-1.9370906908510006,0.10708063325093464
-1.9370284750045679,0.10705406900079606
-1.9364871160819208,0.10682292541502858
-1.9364247720508245,0.10679630643398663
-1.9360886998977094,0.10665281397584514
-1.935640623756742,0.10646149926468507
-1.9355762610778606,0.10643401838321476
-1.9353356203180976,0.10633127219068594
-1.934814250424537,0.10610866330466318
-1.9340727126194939,0.10579204950175136
-1.9339779986699506,0.10575160956254681
-1.9335987656959843,0.1055896887632829
-1.9335594158894855,0.10557288760790695
-1.9329826258124374,0.10532661601051252
-1.9329374421293297,0.10530732396951215
-1.932319374112168,0.10504342796307664
-1.9316604185783632,0.10476207424639583
-1.9315281116216125,0.10470558325100288
-1.9311550707820315,0.10454630630239958
-1.931075544659293,0.1045123510974455
-1.9308664768390102,0.10442308557760827
-1.9303773153492663,0.10421422868797603
-1.930164251074753,0.10412325680527545
-1.9300992086634954,0.10409548569901639
-1.9295464592945533,0.10385947874351398
-1.9294149103818203,0.10380331140956822
-1.9286319060620947,0.10346899268208187
-1.9279669815975242,0.10318509041581114
-1.9277472670795208,0.1030912790839722
-1.9266068080850673,0.1026043382202112
-1.9263022269283352,0.1024742914475818
-1.9262205158679016,0.10243940334153001
-1.9260267752183384,0.10235668205150306
-1.9260080290235737,0.10234867800373326
-1.9254466997470407,0.1021090076919563
-1.9251539530330324,0.10198401386186173
-1.924822001398598,0.10184228073828205
-1.9246737924090713,0.10177900006468643
-1.9245020111766908,0.10170565476943227
-1.9243622603869213,0.10164598548661474
-1.9239598185686952,0.10147415522569914
-1.9237635577000505,0.1013903578797486
-1.9235950010628522,0.10131838938731774
-1.9235243032571858,0.10128820360183621
-1.9235103317866507,0.10128223821424787
-1.9234517323525422,0.10125721806078392
-1.9227957652530188,0.1009771403134957
-1.9226110807211645,0.10089828570679638
-1.92218321694474,0.10071560105274246
-1.9216824980790956,0.1005018095195751
-1.9215353494898346,0.10043898160423193
-1.9214373280699801,0.1003971294770768
-1.921424802831626,0.1003917815860852
-1.9214186680987695,0.10038916224410921
-1.9199713255541004,0.0997711915566164
-1.9193935626214773,0.09952450457985595
-1.9192402605030061,0.09945904929707272
-1.9191517583026596,0.09942126158344966
-1.9190380741504431,0.09937272195199787
-1.918867611799458,0.09929993977847684
-1.9182485841810495,0.09903563405186544
-1.9173459984989538,0.09865025776582992
-1.9169862457773093,0.09849665443430267
-1.9161993129464103,0.09816065835354615
-1.9161214578913506,0.09812741664302138
-1.9159956189416751,0.09807368728743049
-1.9136912142018452,0.09708977744067071
-1.9133249784185928,0.09693340604151979
-1.9132602452462713,0.0969057669707617
-1.9128478158941693,0.09672967234050345
-1.9125026031953287,0.09658227715087153
-1.9119398551906583,0.09634200108587787
-1.911630587018153,0.09620995310187641
-1.9112408562524186,0.09604355006886556
-1.9111109618893192,0.09598808917665225
-1.910514130536604,0.09573326057183229
-1.9098266831234407,0.09543974170023395
-1.9097716896950647,0.09541626120015034
-1.909110025995766,0.09513375118021727
-1.908581541218012,0.0949081044577873
-1.9083247630038211,0.09479846806926173
-1.9074833457266154,0.0944392088080881
-1.9070954673499396,0.09427359668815083
-1.9068381414444235,0.09416372645229865
-1.9068363377991804,0.09416295635133332
-1.905558115001018,0.093617194586602
-1.9054011259540182,0.09355016509889669
-1.9053198768848714,0.09351547424889473
-1.9049745038463324,0.09336801059915012
-1.9048970625309822,0.0933349455427378
-1.9045787482714744,0.09319903515821171
-1.9045094877617283,0.09316946305381868
-1.904399494723997,0.09312249941456352
-1.9035870951965548,0.09277562983877352
-1.9033976321961499,0.09269473497318281
-1.9032827720569678,0.09264569323151839
-1.902985462285263,0.09251875111633245
-1.9026929412205473,0.09239385363153563
-1.9023374121062873,0.09224205365027216
-1.9022959501054506,0.09222435065297097
-1.9018574701351298,0.09203713321110907
-1.9011806940572777,0.09174817067100449
-1.9010666542021082,0.09169947916534782
-1.9010622078577184,0.09169758071324363
-1.9008772393230273,0.09161860484608053
-1.9007298524574172,0.09155567519407526
-1.900700182255214,0.09154300693159578
-1.9004646145714514,0.09144242678626535
-1.9000285073727183,0.09125622244478837
-1.8993495285025868,0.09096631938022781
-1.8991791473245765,0.0908935718650673
-1.8985691808604168,0.09063313497223047
-1.8985003842362909,0.09060376093270872
-1.897801853973813,0.090305510025812
-1.8975758576246824,0.09020901654556601
-1.8973094670818051,0.09009527598875755
-1.8970346934849638,0.08997795612610981
-1.8964660619278073,0.08973516796542158
-1.895634362179064,0.08938005778959535
-1.895260137535118,0.08922027539298971
-1.8951152251639132,0.08915840227387961
-1.8948417119969876,0.08904162057598375
-1.8947744229285104,0.08901289021629055
-1.8947714473832358,0.08901161975010685
-1.8945448582022981,0.0889148731489392
-1.8930977873698642,0.0882970184742019
-1.8927417080163351,0.08814498355771772
-1.8925126409829893,0.08804717898989112
-1.892067026011565,0.08785691512232086
-1.8917059526423927,0.08770274791497579
-1.8912839347342016,0.08752255926660124
-1.8909237378296706,0.08736876628266266
-1.8906831376155153,0.08726603740185945
-1.8905471590953877,0.08720797876199127
-1.8903905981211528,0.08714113204817131
-1.8900392937923773,0.0869911359201836
-1.889728208604684,0.0868583121266625
-1.8896100302383672,0.08680785360421472
-1.8895732160017262,0.08679213505907124
-1.8889690246148656,0.08653416394636515
-1.8887954862755225,0.08646006842055765
-1.8887358086306771,0.0864345879043188
-1.888482081881037,0.08632625439716934
-1.8878527113957908,0.08605753258498472
-1.8876177522827695,0.08595721228061626
-1.8873704409360048,0.08585161795289642
-1.8861670951944285,0.08533782638506593
-1.8859674586106683,0.08525258771273547
-1.885844674001747,0.0852001624665708
-1.8858339791502163,0.08519559609437577
-1.8853811462757735,0.08500225040453202
-1.885153508436231,0.08490505605843934
-1.884846643403775,0.08477403414122087
-1.8843329646303353,0.08455470912659868
-1.8840854516212702,0.08444902869528748
-1.8840107078960624,0.08441711542677865
-1.88354766441251,0.08421941012133882
-1.8835047689271818,0.08420109507031226
-1.8834831152783886,0.08419184962922399
-1.8815698719428648,0.08337495365408032
-1.881210352749145,0.08322145003178394
-1.8809115902603455,0.08309388765114334
-1.8803124082475908,0.08283805538688827
-1.879788324711766,0.082614287859201
-1.879687640207742,0.0825712986771302
-1.8795441972842681,0.08251005296694103
-1.8790071228882108,0.08228073874206165
-1.8788531386892224,0.08221499223190543
-1.8784538167620808,0.08204449406838843
-1.8782721773468851,0.08196693963271062
-1.8781453358232791,0.08191278220893139
-1.8774310323239987,0.08160779661574546
-1.8766757544515165,0.08128531622723967
-1.8766600559350919,0.0812786134442508
-1.8760980460882595,0.08103865254991804
-1.875867567532321,0.08094024530541988
-1.8758337762464805,0.08092581746715921
-1.8755689429023583,0.08081274178625653
-1.875340402884983,0.08071516223801667
-1.874929057572659,0.08053953045935436
-1.874916471071332,0.08053415641096007
-1.8748940773939067,0.08052459500043918
-1.8746095698649234,0.08040311904857789
-1.8745228600154884,0.08036609661358862
-1.8742640869754723,0.08025560849587754
-1.8742490315127696,0.08024918027702155
-1.8734312752195588,0.07990002352724002
-1.8733126010281793,0.07984935330276255
-1.8718334457596444,0.07921779956203123
-1.8717015459266084,0.07916148239592435
-1.8704467694453168,0.07862573148633556
-1.8704083001005052,0.0786093062609815
-1.8698614782727003,0.07837583018297267
-1.869122270561437,0.07806021125833607
-1.868798067244512,0.07792178642767977
-1.8685593273796264,0.07781985185871487
-1.8682681544117312,0.07769552996973839
-1.8679423955035572,0.07755644094953185
-1.8675783639860712,0.0774010107039701
-1.8673723443946142,0.07731304668395367
-1.8672289397342108,0.07725181731091724
-1.867217380110459,0.07724688170761906
-1.8672103875186958,0.07724389608631244
-1.8670207074839098,0.07716290855372576
-1.866986437875579,0.07714827648649447
-1.866580099716487,0.07697478260803892
-1.866311178518025,0.07685996153924135
-1.8656976724492011,0.07659801334423477
-1.8656576920374812,0.07658094293985307
-1.8648298729441166,0.07622748968434678
-1.8647331154029922,0.07618617719448106
-1.8643921130868903,0.07604057970859612
-1.8637855280538462,0.07578158658269518
-1.8635342394355516,0.07567429408253434
-1.8628094746269703,0.07536484183249226
-1.862519103054568,0.07524086211470771
-1.8624711483154743,0.07522038691815158
-1.8620221760048048,0.07502868957013153
-1.8618950125149891,0.07497439467669742
-1.8615739124950332,0.07483729485826318
-1.8615045755005486,0.07480769009724231
-1.8611252120185025,0.0746457135750479
-1.8609316964718454,0.07456308839702852
-1.8602147010483474,0.07425695343511485
-1.858531197940609,0.07353814946108861
-1.8584357046511921,0.07349737676776247
-1.857079759936735,0.07291843013865806
-1.8561626065654369,0.0725268338980275
-1.856051225665993,0.0724792776845683
-1.8558252586686221,0.07238279673661974
-1.8557196742693505,0.07233771545019796
-1.8556833992004456,0.0723222271130709
-1.8554142229738377,0.07220729715511054
-1.8550923333180367,0.07206986018649142
-1.8549315938060191,0.07200122936574072
-1.8547206793926712,0.07191117540754055
-1.8542501590170544,0.07171027769948235
-1.8540050550610534,0.07160562585962915
-1.8540005733552312,0.07160371230928264
-1.8539445633471467,0.07157979776097467
-1.8538687667045441,0.07154743492916893
-1.8538105713540411,0.07152258730695815
-1.8536498591669235,0.07145396815309779
-1.8535116985981397,0.07139497784566151
-1.8523888703465712,0.07091556476607375
-1.8499873505208797,0.06989018976885808
-1.849927858247601,0.06986478840056864
-1.8496678705297556,0.06975378165283697
-1.8495025488854693,0.06968319440274007
-1.8475713876824456,0.06885864805005548
-1.8475469734738876,0.06884822393497447
-1.8474424073904896,0.06880357743806609
-1.8472240941655518,0.0687103644152055
-1.8467998311729732,0.06852921718494742
-1.846673399201707,0.06847523462740246
-1.8463638518471286,0.06834306744125518
-1.8461851055367542,0.06826674827222656
-1.8454155473399227,0.06793817062506691
-1.8451623603572467,0.06783006758178611
-1.845107325320358,0.06780656931614926
-1.8450911913755508,0.06779968061865227
-1.8447643617446328,0.06766013443281327
-1.8442904811873486,0.06745780203067864
-1.8431670940392002,0.06697815031946563
-1.8426547237811552,0.06675938400061365
-1.8423564468498441,0.06663202893806508
-1.8396623710900875,0.06548174156791498
-1.8394677450030208,0.06539864222334568
-1.8389363898817817,0.06517176995265628
-1.837150320091319,0.06440917316422634
-1.8368539303955627,0.06428262389313177
-1.836260449002196,0.0640292256177728
-1.8354041087158695,0.06366359469134253
-1.834848814394743,0.06342650111964354
-1.8345598654748143,0.0633031288306466
-1.8341884080033233,0.06314452793144898
-1.8340959726146409,0.06310506086755086
-1.833804311452444,0.06298053053464425
-1.8332660295274326,0.06275070073209355
-1.8326329712106053,0.062480404329411376
-1.8320964421842574,0.062251322960599875
-1.8318307748456109,0.06213789118972268
-1.8310465164430154,0.06180303700747747
-1.8309759102548075,0.0617728903398288
-1.8300099239113623,0.06136044392417839
-1.8296633860643963,0.06121248293711212
-1.8290821679663536,0.060964320711139
-1.828986690792118,0.060923554898498655
-1.8285210098307891,0.060724723471284214
-1.8282892864589682,0.0606257847287458
-1.82762949184746,0.060344072751729816
-1.827577449429258,0.06032185224209763
-1.827550968395311,0.06031054565623506
-1.8273418403446342,0.06022125441987425
-1.8272994065863537,0.06020313651207554
-1.8272535657956572,0.06018356390637436
-1.826991541930911,0.0600716877866313
-1.8268904173342702,0.06002851069856796
-1.8261135289024961,0.05969680326686366
-1.8251161019175903,0.05927093266570138
-1.824751122397696,0.059115097652310156
-1.824151239146906,0.0588589659810127
-1.8240953341103747,0.05883509625232508
-1.8240211198533307,0.058803409050414035
-1.8237386943328144,0.05868282205204123
-1.8235290397444481,0.05859330600030488
-1.8233741364566316,0.058527167067528474
-1.823194423206083,0.05845043504482739
-1.8225364479164392,0.05816949986221165
-1.8223265571078264,0.05807988295170574
-1.8220570689064708,0.05796481979013679
-1.821952875390253,0.05792033236793903
-1.821891326037346,0.05789405269000747
-1.8216426432642456,0.05778787280548281
-1.821385853330055,0.057678231412878866
-1.8212980865674546,0.05764075770852084
-1.8204002281728289,0.05725739982863165
-1.8201902268989705,0.057167735752868265
-1.820045975707034,0.057106144936940995
-1.8193160313854757,0.05679448119438979
-1.8185367326622395,0.05646174464246978
-1.8181662822607738,0.056303573731154466
-1.8175025869451324,0.056020196273617984
-1.8170872757811662,0.055842871198455435
-1.8167415082048086,0.05569523909321439
-1.816404003784089,0.055551135100920024
-1.8152859544739581,0.05507376248213203
-1.814952790672774,0.05493151180068556
-1.8148407968337164,0.05488369388089054
-1.8141634923226262,0.05459450571606905
-1.8132480357808187,0.05420363396936756
-1.8129398243220778,0.05407203716959608
-1.81293540183247,0.05407014890274897
-1.812747559561779,0.053989946038826675
-1.8126441611451087,0.05394579809964617
-1.8124138817401136,0.05384747588646688
-1.8119644638447068,0.05365558828748851
-1.8117279831693764,0.05355461832287922
-1.810958035618535,0.05322587443354965
-1.8104764865848935,0.05302026782820457
-1.81004320800901,0.052835271221561064
-1.8098653184270195,0.05275931784916443
-1.8094698260278177,0.05259045477612567
-1.80940857997812,0.052564304599322265
-1.8093110719272818,0.05252267166492508
-1.8091626438456512,0.052459297445749176
-1.8083283351566617,0.052103073332794625
-1.8073678102532131,0.05169295878380653
-1.8073634923511361,0.05169111517261393
-1.80735352008267,0.05168685732113132
-1.8071804188576306,0.05161294842966846
-1.8062512502929717,0.0512162220715483
-1.8061551120627393,0.05117517400835825
-1.8048704895422445,0.05062667975930646
-1.8046985305385812,0.050553258561190195
-1.8043233429161627,0.050393065002437676
-1.8038731589660748,0.05020085032170529
-1.8038003997474565,0.05016978437638597
-1.8037135402406408,0.05013269804230425
-1.8036198935445917,0.05009271378746971
-1.8035070215022297,0.0500445209019128
-1.8030490177591083,0.04984896741040956
-1.8025331229609447,0.04962869622148525
-1.802506996448145,0.04961754100523297
-1.8021056646763856,0.04944618469996853
-1.8005890942900815,0.048798655856359674
-1.799787799972456,0.0484565278631135
-1.7997141817164115,0.04842509513527227
-1.799495575400632,0.04833175697164949
-1.799456577052932,0.048315105878355746
-1.7994289880500367,0.04830332622387856
-1.7993007846620563,0.048248587325957715
-1.7990606421523907,0.04814605387087412
-1.7990247120469753,0.04813071282253223
-1.798960844063803,0.04810344316089232
-1.7987627483919606,0.048018862410489804
-1.7983430309041075,0.04783965597074469
-1.7982843946109375,0.047814620079597026
-1.7976777875634946,0.04755561755422599
-1.7972022890093224,0.04735259431725569
-1.7967946101484096,0.047178528000416664
-1.7967516569393525,0.04716018830313595
-1.7965516307515532,0.04707478328188097
-1.7960101694077093,0.046843595965416984
-1.7953714142420842,0.04657086718376513
-1.7952635919233069,0.04652483037464372
-1.7951357740440255,0.04647025607706323
-1.7933623254710194,0.04571304815974597
-1.7930032620459544,0.04555973913662781
-1.7928736566852035,0.045504401639515524
-1.792614082244283,0.04539357134830202
-1.7925467276561389,0.04536481301372919
-1.791900710966755,0.04508898378509174
-1.7917574533062686,0.04502781717649207
-1.791330532650756,0.04484553520601875
-1.791313099311273,0.04483809170701758
-1.791139379506801,0.04476391870118979
-1.7910412460883727,0.044722018754093096
-1.790686508662076,0.044570556799205185
-1.789904863251903,0.04423681828424275
-1.7898553981542398,0.044215698211097276
-1.789516632435995,0.044071055683608806
-1.7894921657033327,0.04406060914235288
-1.7894510517397562,0.04404305474624226
-1.7887263407878842,0.04373362549135629
-1.788642100178517,0.04369765734582143
-1.7885433244138156,0.04365548313665102
-1.787262756806742,0.04310872021073642
-1.7870174117616897,0.043003965433284
-1.7869628266107818,0.04298065925510419
-1.7868257690283922,0.04292213988888538
-1.7865120483140209,0.04278819080664842
-1.7863613345786344,0.04272384068371837
-1.7863151045693164,0.04270410189365359
-1.785999595931557,0.042569389423199544
-1.785846149615083,0.04250387257231025
-1.7854875941443689,0.042350780430054136
-1.7851809954582734,0.042219872234527944
-1.7850878520516658,0.042180102868783376
-1.7847078382991004,0.04201784870110592
-1.7845004283626493,0.0419292910466007
-1.784296613527316,0.041842268389541304
-1.7839047067308433,0.041674936258428885
-1.7834933775107138,0.04149931135063811
-1.7833431597152856,0.04143517297879473
-1.7832251596043232,0.04138479056589317
-1.7829517297180408,0.04126804442626697
-1.7824575540236374,0.04105704662568577
-1.782052726797155,0.04088419786891673
-1.7818702126427777,0.04080626994655079
-1.7817807131892993,0.040768056436556344
-1.7813659459308897,0.040590963592313734
-1.7810768824996723,0.04046754241052353
-1.7807324179797137,0.040320466670229704
-1.7802843772326593,0.04012916707118053
-1.7801426175167898,0.0400686400387944
-1.7800687602909806,0.040037105278223906
-1.7796794551551167,0.03987088397605876
-1.7795415155184529,0.039811987999832654
-1.7794436694574405,0.039770210745502244
-1.7793732575237071,0.03974014701853079
-1.778897167802237,0.03953687137133244
-1.7788164555183377,0.03950240971209751
-1.7787820360192175,0.03948771364611625
-1.778600887201261,0.03941036868034897
-1.778434483882055,0.039339319588377
-1.7777821583754039,0.039060796689082355
-1.7776867135347776,0.039020044681896904
-1.7775111196636957,0.03894507150734916
-1.7766687992783803,0.038585426646828846
-1.776024980807836,0.038310535989929395
-1.7755740222831902,0.03811799058971799
-1.7749843001031633,0.03786619738266894
-1.7749287518756987,0.03784248000046264
-1.7746428358010713,0.03772040264299592
-1.7745758431562266,0.03769179884706364
-1.7740042198297623,0.03744773329302942
-1.7735664986261348,0.037260839821174896
-1.773014830602134,0.037025294566656375
-1.7726623104316124,0.036874779311691586
-1.772657059801576,0.03687253745438901
-1.7720741801406266,0.03662366579223153
-1.7719310205805348,0.03656254106947898
-1.7716432584422697,0.03643967549969862
-1.7714840505108278,0.03637169861667977
-1.7712407933003542,0.036267835280285876
-1.7708824585305982,0.03611483737054133
-1.7706510641082138,0.03601603907928019
-1.7702486531830577,0.0358442220087537
-1.7699957196320213,0.03573622717297731
-1.7697313673073882,0.03562335687258045
-1.7694431668199608,0.035500304141209194
-1.768900621293838,0.035268653912305936
-1.7684619760524862,0.03508136590480426
-1.7681001113955068,0.03492686084193819
-1.7680251675754934,0.03489486213911008
-1.7679672022369268,0.03487011272491192
-1.7675095435326174,0.03467470655435423
-1.7675030891927954,0.0346719507500477
-1.7674438999566373,0.03464667876927496
-1.7673927117868977,0.03462482299742464
-1.7673838433998164,0.03462103646929293
-1.767287986883451,0.034580108689247435
-1.7670986621115101,0.0344992728429534
-1.7670539942222256,0.03448020103002836
-1.7666381651473722,0.034302654822869094
-1.7658134402228396,0.033950522682151596
-1.7655132982221262,0.03382237129241339
-1.7653535064745234,0.03375414513787567
-1.7651257491825643,0.03365689978927988
-1.7645534410621453,0.033412541849318966
-1.764384991299217,0.03334061898890972
-1.7639500520601468,0.033154913330235125
-1.7636271381991748,0.03301703905755471
-1.7635378685250047,0.03297892365624733
-1.7634969693113263,0.032961460951728805
-1.763336325707433,0.03289287108079242
-1.763243120920516,0.03285307550754635
-1.7630564918066993,0.032773390624243226
-1.762731224400949,0.03263451146043317
-1.7624164268990588,0.03250010262309144
-1.7623494960743107,0.03247152522243646
-1.7618987431295454,0.03227906759850219
-1.7610264741300454,0.03190663560216167
-1.76096163542752,0.031878951473257144
-1.7608082231591724,0.031813449159869056
-1.7600619183019912,0.03149479997252225
-1.7589523743878392,0.031021058895845388
-1.7585297725480458,0.030840620926661844
-1.7583899553541518,0.030780923291328754
-1.7582842160510077,0.030735775865724402
-1.7577967704369761,0.030527651602171413
-1.7576292718988809,0.03045613488546739
-1.757592899297486,0.030440604904971247
-1.7574298398492652,0.030370983542916563
-1.75729607932957,0.030313871920916946
-1.756955364974064,0.030168397385337165
-1.7567412154076736,0.030076962116432737
-1.7562909700975822,0.029884721236868805
-1.7561618095024878,0.029829573640992812
-1.7558676798538073,0.029703989340388537
-1.7556939961260434,0.029629831738203882
-1.7555605348939276,0.02957284790278214
-1.7554970891162291,0.02954575850987584
-1.7553049169658896,0.029463706920706434
-1.7549237549397911,0.02930096247559788
-1.7548291822886035,0.02926058286643929
-1.7548071023483036,0.029251155412007623
-1.754400909377023,0.0290777235242754
-1.7541782232330798,0.028982643399688035
-1.7540929241155576,0.02894622330377361
-1.7536174714444543,0.02874321965746074
-1.7534575362406952,0.02867493225156259
-1.7534484349907964,0.02867104629818018
-1.7529439133874767,0.028455631113152413
-1.7527935383739288,0.02839142561401453
-1.7524483861854507,0.028244056260443795
-1.752199720960121,0.02813788386827676
-1.7518153870881368,0.027973785142669905
-1.7509549429774014,0.027606402009617614
-1.7498499193258523,0.02713459094584536
-1.7498273084880558,0.02712493681453443
-1.7495562885484168,0.02700921964789693
-1.7484313016710953,0.02652888490159977
-1.7480432433225617,0.02636319593922254
-1.7469750319571866,0.025907102587804265
-1.7468808547316212,0.025866891813206783
-1.7466789241118652,0.025780673658164166
-1.746514133432391,0.025710313113687322
-1.7463289288908954,0.025631236478887875
-1.7458349351508122,0.025420316367197104
-1.7457719166271366,0.025393409398598688
-1.7454811200698135,0.0252692482253426
-1.7454560679774018,0.025258551753503444
-1.745076346263104,0.025096422277171127
-1.7448124648786103,0.02498375305370859
-1.7447752682848499,0.024967871253852025
-1.7447551599147193,0.024959285599156833
-1.74425470264607,0.024745605759849187
-1.7441345505385792,0.024694304510712972
-1.7439313127516738,0.024607528235558784
-1.7437049126420103,0.024510862362001395
-1.743628665545227,0.024478307200134553
-1.7436279856132202,0.024478016890109866
-1.7430918749259905,0.02424911413921671
-1.743086842125394,0.024246965288375666
-1.7430440053900509,0.024228675321782966
-1.7426953524066748,0.02407981123661762
-1.742553875242756,0.02401940484521181
-1.7423554898952895,0.023934700412239884
-1.7421131890367225,0.023831245408654
-1.7417550819219554,0.023678344700577614
-1.7415107784489998,0.023574034642329877
-1.741291649536071,0.023480473345820596
-1.7411967033150977,0.023439934233869697
-1.7411964656043735,0.023439832738712085
-1.7401397263977587,0.022988637645734333
-1.7401255337297787,0.02298257781365054
-1.7399194438845758,0.022894583797448465
-1.739297352517583,0.022628969944556654
-1.7380936223769863,0.02211501425018403
-1.7377388213012932,0.021963525118964378
-1.7376315439975787,0.021917721014487968
-1.737033808812188,0.02166250650095436
-1.736944000454327,0.02162416109830312
-1.736330652010641,0.02136228020437536
-1.735564106708325,0.02103498897037459
-1.7349340033217324,0.020765954231889094
-1.7346456389724114,0.02064283153653612
-1.7343834057175422,0.020530866013660276
-1.7340232705913545,0.02037709940717125
-1.7340210849259183,0.020376166195349876
-1.7339435979579634,0.02034308164668175
-1.7337271439546518,0.02025066245419005
-1.7328183622966316,0.019862640677274834
-1.7327082394822093,0.01981562162736994
-1.7323900096181726,0.01967974727711097
-1.732349328850974,0.01966237784251068
-1.732116062427406,0.019562780264402835
-1.7319919112021145,0.019509771515141106
-1.7305007989399446,0.018873112506410994
-1.7296458431875061,0.01850807273330679
-1.7293428840963068,0.018378718532699345
-1.7291154210265505,0.01828159880792224
-1.7289238947546186,0.01819982298893963
-1.7287043061508127,0.018106065418584616
-1.7284920679349816,0.01801544623749829
-1.728042079014041,0.01782331482820454
-1.7279988149537218,0.01780484240700908
-1.727639029374235,0.01765122504619565
-1.726991638823106,0.017374809220908616
-1.726744712757424,0.017269379396344098
-1.7258897268696112,0.01690432675636311
-1.72579079186475,0.01686208455654914
-1.724921772458637,0.016491040036495375
-1.7243136784121256,0.016231402608322454
-1.7234943100992783,0.015881557575807337
-1.723110165737787,0.015717539765343957
-1.7226170029338446,0.015506974437792143
-1.7222479085846478,0.015349382519028287
-1.721720688866913,0.015124275938261822
-1.7215587892627984,0.015055149793916978
-1.7209022283113176,0.014774818490133845
-1.7207979918387601,0.014730312726902284
-1.720369492348731,0.014547356642719556
-1.7191427936514019,0.01402359408206888
-1.7186830384317826,0.013827292764047705
-1.7185756772034704,0.013781452826352902
-1.7174356785420999,0.013294708510639741
-1.7165795345253012,0.012929161385252685
-1.7162988011688747,0.012809296888826593
-1.7161010271433852,0.012724853471509645
-1.7156020796339158,0.0125118182528704
-1.7155838174332534,0.012504020855674924
-1.7154021656976814,0.01242646115957613
-1.715067301050078,0.012283484269095868
-1.7149435376615632,0.01223064111419192
-1.7145568740816322,0.012065547675048194
-1.7138673752664704,0.011771152917981142
-1.7133890843754955,0.011566937439201674
-1.7122941145207309,0.01109941903699252
-1.7117059255020197,0.010848280442602887
-1.7115986216234442,0.010802464991479743
-1.7111296080989926,0.010602210662456923
-1.71045383738308,0.010313677380934805
-1.7097613181075517,0.010017992980323132
-1.7093759216107305,0.00985344054664028
-1.7089903986606134,0.009688834121295065
-1.7087527450411122,0.009587363345652244
-1.7086999238534353,0.009564810325440876
-1.7086073638207717,0.00952529004240199
-1.708582218168108,0.009514553623216848
-1.707612280228143,0.009100419997564058
-1.7070728049620256,0.008870080675116965
-1.7070632549084468,0.008866003096386632
-1.7064576044755926,0.00860740901598056
-1.706164339690719,0.008482193985583586
-1.7059441738612255,0.008388189957638903
-1.705613800919005,0.008247130887009901
-1.7055481746931451,0.008219110509897543
-1.7053732848277503,0.00814443792409425
-1.7052876586063481,0.008107878164898108
-1.7052651210857337,0.00809825533776587
-1.7049783951215978,0.007975832182424036
-1.7045459018332862,0.00779117086938641
-1.7044880876524078,0.00776648599486518
-1.7044205671523,0.007737656820994032
-1.7042970717623664,0.007684928093229848
-1.7033134718711818,0.007264961235203149
-1.7030941127428523,0.007171301643808525
-1.702913542903426,0.007094203884040473
-1.7025762844662231,0.006950204919131564
-1.7024309382260732,0.006888146551345287
-1.7023459972950383,0.006851879390028626
-1.7022756800981018,0.006821856112751656
-1.7022307377798516,0.006802667127111195
-1.7020294888801453,0.006716740045531799
-1.7020019549339742,0.006704983898580097
-1.701765471609942,0.006604012803056891
-1.701276439634952,0.006395211212235297
-1.7012018238701179,0.006363352578864889
-1.7010721993906004,0.006308006918627984
-1.7006804900325958,0.006140759087660097
-1.7005748235742757,0.006095642764552323
-1.6997112010238953,0.0057269025356697645
-1.6994701205578846,0.005623968602116336
-1.698567484878217,0.005238570968657763
-1.6979780237102693,0.004986889205726874
-1.6977223337211362,0.004877717455783248
-1.6976262862255753,0.004836708133503231
-1.697603161365305,0.0048268345304287585
-1.6974699747532016,0.004769967949293741
-1.697199985523611,0.004654690864100419
-1.696751755502011,0.00446331045064996
-1.6964736169797339,0.004344553868482759
-1.6964145618867004,0.004319339162692448
-1.6962324847544203,0.004241597835301647
-1.695697078170408,0.004012995714795409
-1.6950477434656535,0.0037357497957918318
-1.6949531342251045,0.0036953545641025265
-1.693714571582737,0.003166526464337349
-1.6921315682286875,0.0024906327896794256
-1.6913203706734499,0.0021442764189992802
-1.6911240850827718,0.0020604685175021897
-1.6910257643181543,0.0020184885793533835
-1.689981215061012,0.0015724982193420223
-1.6895861164830175,0.0014038032958286761
-1.6894248469779933,0.0013349461843877863
-1.6876383097056633,0.000572149795599608
-1.687440981642068,0.00048789679027549937
-1.6874122326281478,0.0004756218468197071
-1.6873911031275017,0.0004666002008461012
-1.6871917076147978,0.0003814644584314575
-1.6868362903589962,0.00022971223728418533
-1.6867529650667357,0.0001941349039614737
-1.6856656516246489,-0.00027011444585645084
-1.685586041986614,-0.00030410530926938684
-1.6855384760775287,-0.0003244144873882915
-1.6854390357554516,-0.00036687244208921665
-1.6843548025713362,-0.0008298066166274598
-1.6842591017653423,-0.0008706679131402772
-1.6841194358711176,-0.0009303009481751445
-1.6832538667225605,-0.0012998723145225544
-1.6828884137499873,-0.0014559094776247505
-1.6822831198553296,-0.0017143513272026567
-1.6822273527082015,-0.001738162181362135
-1.6821445685167373,-0.0017735084813110813
-1.6821036231953517,-0.001790990872400644
-1.6815314183778132,-0.002035304705213292
-1.681401769833534,-0.0020906606403618966
-1.680947276244104,-0.00228471540435371
-1.6806910007908706,-0.0023941371294355918
-1.68020710408386,-0.0026007461189995196
-1.6799133859769184,-0.0027261547039569844
-1.6796509021745083,-0.002838227202916155
-1.679594689479595,-0.0028622282922572406
-1.6792844096123927,-0.002994708238733157
-1.6783100737683443,-0.0034107196339712154
-1.6775470048891674,-0.0037365265423677796
-1.677032813008998,-0.00395607063775949
-1.6769496150696743,-0.00399159359530088
-1.6767926593691083,-0.004058608845106004
-1.6767664987963495,-0.004069778603911556
-1.676652492702415,-0.004118455694560597
-1.6762107771524313,-0.0043070546292808265
-1.6755164163970953,-0.004603525285051369
-1.675218675234689,-0.004730651590779789
-1.6751372323482459,-0.004765425194797501
-1.674720124137196,-0.004943517553714916
-1.674455694857534,-0.005056420711538667
-1.674349315876957,-0.005101841259704032
-1.6739297351992526,-0.005280989285728954
-1.6737167183517663,-0.005371940918550089
-1.6736735604185144,-0.005390368026756298
-1.673374900684756,-0.005517886534159411
-1.6732988298505385,-0.00555036643733986
-1.6725095239486498,-0.005887375746316925
-1.671755248535606,-0.006209428115519056
-1.671286854277038,-0.00640941803708317
-1.670783691486664,-0.006624253050835582
-1.6706115982786822,-0.006697731550062369
-1.6705835225431418,-0.006709719024387217
-1.6703680503823821,-0.006801719000350537
-1.6703421732648467,-0.006812767732506164
-1.6702308447614813,-0.006860301574453942
-1.6698541866876198,-0.0070211229706819145
-1.6696889445658398,-0.007091676267118263
-1.6687849106304689,-0.0074776709126952445
-1.6686813093380763,-0.007521905473560575
-1.6683439337931811,-0.007665954439847078
-1.6678446364021364,-0.007879139047142325
-1.6677494848103023,-0.007919765846125415
-1.6672052300169873,-0.008152145879473438
-1.6670049298630756,-0.008237667875820143
-1.6668334872688446,-0.008310868583014552
-1.6659725513468036,-0.008678461704346274
-1.6658509707921632,-0.008730372856418311
-1.6655016031576992,-0.008879542075586888
-1.6651032466889832,-0.00904962801809317
-1.665016604664069,-0.009086621494101443
-1.6648229293890227,-0.00916931487122341
-1.664050055042915,-0.009499308411984375
-1.6640286838281348,-0.009508433262448213
-1.6638154829314384,-0.009599463478613346
-1.66323203530738,-0.009848577643524203
-1.6632145033165637,-0.009856063263606107
-1.6620777106674594,-0.010341438710829154
-1.6617951400861777,-0.010462087645680684
-1.661641920436252,-0.010527507716935225
-1.661198253890361,-0.010716939666815917
-1.660756063465679,-0.010905741358405663
-1.6605611060989267,-0.010988982149196691
-1.6604139283108907,-0.011051822531517652
-1.660119568998704,-0.01117750489136532
-1.6587933507429706,-0.011743759238188545
-1.658543344319498,-0.011850504280652596
-1.6583292220286123,-0.011941927903756644
-1.658008593635591,-0.01207882635201607
-1.6579255470839802,-0.012114284671666697
-1.6577110481732493,-0.012205869099844502
-1.6575978792160968,-0.012254188758871853
-1.6574922341859377,-0.01229929593281498
-1.6573553640194416,-0.01235773527821965
-1.657157774450508,-0.012442099938268558
-1.656288440338097,-0.012813278828218533
-1.655806201917158,-0.013019179780706158
-1.6557074974495147,-0.013061323548228754
-1.655319776281676,-0.013226868544834514
-1.655230556032872,-0.013264962843032857
-1.654704479543153,-0.013489581300648812
-1.6545380025745418,-0.013560661838647903
-1.6541129198668656,-0.013742159062005155
-1.6534017630880595,-0.014045801102469113
-1.653052459209063,-0.014194943100016622
-1.6526247933861153,-0.014377543234032897
-1.6525712694397647,-0.014400396310552732
-1.652417346166156,-0.014466116807447804
-1.6522464398146153,-0.0145390885555301
-1.652209906681959,-0.01455468707793045
-1.652176204623876,-0.014569076818686855
-1.6521534776231355,-0.014578780547996883
-1.6521496675622103,-0.014580407326659661
-1.6519759526087754,-0.014654578261244278
-1.6512082956669594,-0.014982344131072134
-1.651121212796753,-0.01501952583444166
-1.6510261368157728,-0.015060120349919104
-1.6505389882273018,-0.015268117792706482
-1.65036623191475,-0.015341879417160531
-1.6503408366374765,-0.015352722418365494
-1.6499488308843326,-0.01552009680092864
-1.6496814363001482,-0.015634266052450274
-1.6494392390991888,-0.015737676797430544
-1.649157030228655,-0.01585817129293382
-1.6489316585248894,-0.015954398068848408
-1.6478110919208204,-0.01643284549461399
-1.6475420186025482,-0.016547731513885
-1.64725578918459,-0.016669942659302994
-1.646996293710882,-0.01678073923394885
-1.6469708212485827,-0.016791615190782427
-1.6469145173516095,-0.016815655220593695
-1.6468016640409644,-0.016863840108284678
-1.646528672467747,-0.016980399101732768
-1.645601151921156,-0.017376421806897635
-1.6455570922983909,-0.017395233908753638
-1.64550735557188,-0.017416469959050718
-1.6452979219287076,-0.017505891673994467
-1.6449438310890698,-0.017657077556294254
-1.6444608305837245,-0.017863303895350513
-1.644336131274056,-0.017916546659760058
-1.6442265495106345,-0.01796333469755229
-1.6437711560097923,-0.018157773695999357
-1.64368987188,-0.018192479515817095
-1.643388383747842,-0.018321205662220286
-1.6432434680464791,-0.018383080203205504
-1.643151343908979,-0.018422414372435303
-1.643097807388138,-0.01844527281787528
-1.6429552315226872,-0.018506148320994287
-1.6421505646348822,-0.018849716297829888
-1.6419474403024765,-0.01893644413140677
-1.6415002437445847,-0.019127383287685318
-1.6414049551863361,-0.019168068567108454
-1.6414026311869703,-0.019169060843256924
-1.6413120180702194,-0.01920774985316731
-1.6413099334326455,-0.019208639929203186
-1.6408741703404968,-0.01939469734776733
-1.6407663101424628,-0.019440750330164458
-1.6404678116599596,-0.019568199988248103
-1.640455047402705,-0.019573649932948578
-1.6404480565160604,-0.01957663482622185
-1.6403539830860456,-0.019616801283316276
-1.6402482744450597,-0.019661935617122983
-1.6401507068357568,-0.019703593981150236
-1.6400023900068679,-0.01976692069883207
-1.6397839146305913,-0.01986020295532026
-1.6394175274445102,-0.020016638998816005
-1.6393623382431401,-0.020040203087937858
-1.6391647284871411,-0.02012457636724213
-1.638979874527567,-0.020203503314359383
-1.6377889949386215,-0.0207119722189823
-1.6375909689547559,-0.02079652321476516
-1.6375869881557292,-0.02079822289333827
-1.6375436109076973,-0.020816743642200708
-1.6371383373598554,-0.020989782964443482
-1.6369509498924202,-0.02106979164138373
-1.6368230871623597,-0.021124385088865216
-1.6367551772104658,-0.021153380546653833
-1.6366952134900858,-0.021178983208335056
-1.6362201210303031,-0.02138183305550906
-1.6358037487563986,-0.021559611191932504
-1.6357229717254087,-0.021594100496180713
-1.6348719417399529,-0.021957464087699774
-1.6345590526243678,-0.022091058102868433
-1.6344864918880497,-0.02212203930235901
-1.634385693487978,-0.022165077114534026
-1.6340746153512318,-0.022297897897518182
-1.634042666991811,-0.022311538862960723
-1.6334705046691553,-0.022555834551767295
-1.6325457354982005,-0.02295068250427973
-1.6322421648644827,-0.023080297814706774
-1.6319247129768006,-0.0232158399930249
-1.6316722252448443,-0.02332364447778562
-1.631213704476253,-0.023519418723239705
-1.631099863305139,-0.023568025396923986
-1.6297370314844324,-0.02414991260826943
-1.6295332831143998,-0.02423690688669261
-1.6292299991269226,-0.02436639980800359
-1.6286870102785609,-0.024598239321848403
-1.6280301714905132,-0.024878689253287622
-1.6277535346924008,-0.024996804645490533
-1.6276623620189945,-0.025035732568857938
-1.6273321779937577,-0.02517671097775398
-1.6267833915127472,-0.025411025902168927
-1.6264250801497766,-0.025564013817936992
-1.625385097590196,-0.026008054338746367
-1.6251660469846552,-0.02610158220041281
-1.6248759543304603,-0.026225442828713585
-1.624824059290019,-0.026247600412581673
-1.6247885535817062,-0.026262760256432482
-1.6243226538446982,-0.026461685094123444
-1.6241660194357894,-0.026528563162287078
-1.6241450324654347,-0.02653752395221659
-1.623367125626531,-0.026869666212397447
-1.6231605472883703,-0.026957868800046525
-1.6224293763491828,-0.02727005627054463
-1.6221961575003285,-0.02736963353571481
-1.6217707382265965,-0.027551274462411124
-1.6216715452579114,-0.027593626804832405
-1.621664562457867,-0.027596608245376852
-1.6216327672007518,-0.027610183840850566
-1.6212210513348022,-0.027785973834497657
-1.6211879364131792,-0.027800112886069872
-1.6211754606934066,-0.027805439634152496
-1.6208647045775424,-0.02793812292413833
-1.6205983927309187,-0.02805182988007071
-1.6203806098151525,-0.02814481647724887
-1.6192945246929764,-0.02860854137229818
-1.619178348835297,-0.028658144885235992
-1.6188836336290182,-0.028783979200899257
-1.6187569807326156,-0.028838056086672448
-1.618428818645767,-0.028978171190153668
-1.6180411740890288,-0.029143683476179127
-1.6172982140704273,-0.029460904520475784
-1.6160846447365882,-0.029979061247309313
-1.615861947519046,-0.030074146099982324
-1.6157399611038934,-0.030126230541992538
-1.6156984289820016,-0.030143963478824254
-1.6155055392581983,-0.030226321449760785
-1.6152446367677396,-0.030337718777222134
-1.6147512087567066,-0.03054839734003345
-1.6144204284300563,-0.03068963035126626
-1.6139592910408835,-0.03088652181311502
-1.6134221822045718,-0.03111585074292278
-1.6131908120169614,-0.031214638686681784
-1.6131089285081206,-0.031249600422891877
-1.6128211748517387,-0.031372462371169474
-1.6125358749421084,-0.03149427664516086
-1.6120839288662205,-0.0316872436993354
-1.611702597905775,-0.031850060274206726
-1.6105633697539308,-0.032336475606084714
-1.6102076624161412,-0.032488351683306105
-1.609849247671177,-0.03264138374000136
-1.6098094754183079,-0.03265836526696542
-1.609508501255546,-0.03278687196426705
-1.6094532384825122,-0.03281046746622357
-1.6090746663531958,-0.0329721061051767
-1.608868417229807,-0.03306016812825818
-1.6086015575005472,-0.033174109013200614
-1.607957904499082,-0.03344892901990015
-1.6079327588328107,-0.033459665444895204
-1.607767622332925,-0.03353017364403621
-1.607448608954264,-0.03366638253090737
-1.6072194070629826,-0.03376424467891881
-1.60705718734637,-0.03383350750144076
-1.606723114556999,-0.03397614629284551
-1.6066543991513014,-0.03400548565459971
-1.6065146203048313,-0.03406516691676387
-1.6064839215668685,-0.034078274332333514
-1.6064206095417275,-0.03410530661701744
-1.6060504758440426,-0.03426334230557304
-1.605606682013457,-0.03445282860209781
-1.6055386561869576,-0.03448187353477389
-1.6053324152315427,-0.034569932070382
-1.6052916265524675,-0.03458734758002957
-1.6046327457593093,-0.03486866938475586
-1.6041499041062413,-0.03507482789878269
-1.6039817954936788,-0.035146605098493655
-1.6036771407941215,-0.035276683271643794
-1.6035944142254381,-0.03531200496844028
-1.602520956042153,-0.03577033854950051
-1.6023815999029531,-0.035829839328680335
-1.6022172622552577,-0.035900006442541155
-1.6020989551677962,-0.035950519924952684
-1.6018940381791305,-0.03603801316753813
-1.6018539861989125,-0.036055114129464494
-1.6015945985680067,-0.03616586465855526
-1.6010426125810764,-0.03640154567345122
-1.600863654628154,-0.03647795520732905
-1.6007511954754081,-0.036525971801737445
-1.6003849255671039,-0.03668235777123474
-1.6001137043017732,-0.03679816089774124
-1.6000662038270377,-0.03681844213740837
-1.599822422929845,-0.03692252907190113
-1.5997387703196377,-0.03695824615990567
-1.5994893806257577,-0.03706472787782955
-1.5993654874062835,-0.0371176264665542
-1.598815528119121,-0.03735244214307287
-1.5987959657531712,-0.037360794670799946
-1.5985055081452832,-0.03748481112308705
-1.5978567627223275,-0.03776180543691321
-1.5977696964524926,-0.03779898005243554
-1.5973303334250584,-0.03798657453248622
-1.597127967066351,-0.03807297873464033
-1.5968417044873209,-0.03819520403881471
-1.5966442675132835,-0.03827950354554299
-1.5963261762317904,-0.038415318725324554
-1.5962263758445296,-0.038457930416768704
-1.5961975364846193,-0.03847024393517945
-1.5960518169049858,-0.03853246170742641
-1.5960508165558271,-0.03853288882570566
-1.5955715523615712,-0.038737519875007786
-1.595433264358125,-0.038796564593119864
-1.5950816514402109,-0.038946692479165046
-1.5949666968535339,-0.038995774547001094
-1.5949654411204481,-0.0389963107063514
-1.5949479306280805,-0.039003787147257996
-1.5948019610880473,-0.039066111644896484
-1.5946476675706172,-0.039131990224499535
-1.5945702665159556,-0.03916503809083777
-1.5945436217401943,-0.03917641458941157
-1.5945027823387814,-0.03919385175593504
-1.5944743447512664,-0.03920599372990785
-1.5933878071045326,-0.0396699118390052
-1.5929132640050463,-0.03987252712625322
-1.5924774290216033,-0.040058615240185835
-1.5923509966514127,-0.04011259796805866
-1.5922496037847924,-0.04015588959914013
-1.5921175751960057,-0.04021226173998654
-1.5919421684497386,-0.04028715501800206
-1.591344002244517,-0.04054255356372788
-1.5904881005658227,-0.0409079972182087
-1.5899135235914785,-0.041153323888913185
-1.5895114012122107,-0.04132501775923281
-1.5891695991175003,-0.041470956725949915
-1.587981115172618,-0.04197840276434489
-1.5874012403709632,-0.04222599144413475
-1.587365505117024,-0.04224124929689832
-1.5867685979974797,-0.04249611025182065
-1.5867032836019006,-0.042523997487007525
-1.5864549667983623,-0.04263002111380104
-1.5858933301728146,-0.04286982265414074
-1.5854131026502731,-0.04307486501494939
-1.5854079713687466,-0.04307705591411454
-1.5851409051251035,-0.043191084974338156
-1.5848992887293178,-0.04329424773339813
-1.5844267022962906,-0.04349602758433485
-1.5843636895779152,-0.04352293207424918
-1.5841162158644495,-0.043628595727549346
-1.5839402484018394,-0.04370372841417297
-1.5838356128649622,-0.043748404565577714
-1.5837070672961338,-0.043803289564181336
-1.583550048457294,-0.04387033177208455
-1.5827188389904363,-0.044225232612646936
-1.582716128864995,-0.04422638975273663
-1.5824424760257165,-0.04434323108642518
-1.5822785246971722,-0.044413233253907225
-1.5819192592524542,-0.04456662853319526
-1.5817065878015328,-0.04465743269232103
-1.5816028827304862,-0.044701711563475244
-1.5807887261848692,-0.04504933133190864
-1.5795971799111133,-0.045558084890410966
-1.5794492563808518,-0.0456212436816929
-1.5791176825979802,-0.04576281547429345
-1.5784167522324333,-0.04606209115127602
-1.5781713960014678,-0.046166850704768614
-1.5780449463136101,-0.046220840826751985
-1.5776895310232664,-0.04637259220870943
-1.5770851547504763,-0.04663064226201302
-1.5770216142637556,-0.046657772092754735
-1.5768992478849293,-0.04671001876755054
-1.5767640380688828,-0.046767749194453145
-1.5762227377217308,-0.04699886777028828
-1.5762159862040148,-0.04700175046040195
-1.5756563601073812,-0.047240693566821035
-1.5756067705458605,-0.047261866782199846
-1.5755141269097837,-0.0473014227613211
-1.5754975308068537,-0.0473085087861016
-1.575388422112629,-0.047355094837917555
-1.5750424255731659,-0.047502824703352486
-1.5748565051694767,-0.047582206989259745
-1.5742898226288526,-0.04782416297991976
-1.573969696267179,-0.047960847076256474
-1.5738736247488216,-0.04800186665553069
-1.573871233334498,-0.048002887715789866
-1.5734292468294047,-0.0481916023399962
-1.5732169258693163,-0.048282256850331884
-1.5727179402732974,-0.04849530833075455
-1.5724927289539614,-0.04859146662745745
-1.5715944650570866,-0.048974997644317564
-1.5712345579196116,-0.049128666906648244
-1.5706873533065593,-0.04936230642216771
-1.5705977356266363,-0.04940057041121254
-1.570296295088915,-0.04952927623625736
-1.5696089340803412,-0.04982275821575727
-1.5677888116794338,-0.050599894420004454
-1.5677459237533398,-0.050618206243470965
-1.5663550535389523,-0.051212064985317496
-1.5663029779256983,-0.05123429966821458
-1.5657977333796074,-0.051450023527538635
-1.5654064040180975,-0.05161710911170736
-1.564059842756674,-0.052192049295382514
-1.5640436297860543,-0.05219897173446725
-1.5636319940341927,-0.05237472752186639
-1.5624837989346014,-0.052864971464244626
-1.5623468050459826,-0.05292346363518485
-1.561414311476368,-0.05332160966800881
-1.5612114819212248,-0.053408211640774306
-1.5611164891009817,-0.05344877064917819
-1.5609628218165208,-0.05351438184659196
-1.5608772633719934,-0.0535509126671499
-1.5608566783216895,-0.0535597018495968
-1.5608134572531784,-0.053578155914614345
-1.56055253354616,-0.05368956230089328
-1.5604994771969918,-0.05371221572781826
-1.5603901426619748,-0.053758898206696604
-1.5603503156002407,-0.05377590313535824
-1.5600020459899937,-0.05392460353200573
-1.5595636552432732,-0.05411178287813856
-1.5594490053845842,-0.05416073483650935
-1.5590154583361153,-0.05434584607267762
-1.55854673802733,-0.054545975207642095
-1.558340339851317,-0.05463410087160314
-1.5582754833585384,-0.05466179259639792
-1.558068375734945,-0.0547502211726244
-1.5579994942788138,-0.054779631432799236
-1.5575025853157143,-0.05499179625492712
-1.5574091940080443,-0.05503167146678989
-1.5572747037012034,-0.05508909468542322
-1.5570582058463607,-0.055181532601167926
-1.5566261730133093,-0.055365997313991666
-1.5563914910264,-0.05546619929404595
-1.5558595029406115,-0.05569334182110253
-1.5556763525962332,-0.055771541377003575
-1.5544953230049934,-0.0562758046359923
-1.5542796315041316,-0.056367898263423366
-1.5540623398457103,-0.05646067510884656
-1.5531715612351507,-0.05684101013900161
-1.5525032658483082,-0.05712635168525576
-1.5524536596398308,-0.05714753200837236
-1.5516105504602686,-0.05750751365974066
-1.551596171616381,-0.0575136529832031
-1.551488830535386,-0.057559484318613796
-1.5507905098427144,-0.05785764574565805
-1.5505906718056996,-0.05794297043232338
-1.5504185884812798,-0.058016444711573634
-1.5503835315095367,-0.058031412958730766
-1.5490844357723386,-0.05858608682553035
-1.5490290339077333,-0.058609741715303754
-1.5488831811467785,-0.05867201635187247
-1.5487601075028599,-0.058724565007078455
-1.5480563153796891,-0.059025062566422426
-1.5477344914717144,-0.05916247146274439
-1.5474501908317269,-0.059283859079376555
-1.5470190162070816,-0.05946795736364452
-1.5469066818065287,-0.059515920692708724
-1.5468101952834559,-0.05955711746621384
-1.5466998327002224,-0.0596042388900162
-1.5461570662063067,-0.05983598346536112
-1.5459959014615312,-0.0599047958474026
-1.545827111676896,-0.059976863886607834
-1.5456156037985105,-0.06006717123609978
-1.5454259328231936,-0.06014815490057229
-1.5452891875784598,-0.06020654090823191
-1.5447589774248314,-0.06043292431301772
-1.5442423895765027,-0.06065349141301629
-1.543452464799197,-0.06099076496273459
-1.5433026928301878,-0.06105471298042864
-1.543117317686924,-0.061133862456928756
-1.5430107637782724,-0.06117935769399402
-1.54298453867098,-0.061190555007057834
-1.5427650667565556,-0.061284262754640995
-1.5426951157771551,-0.061314129668309736
-1.5425283239714844,-0.061385344632036265
-1.5424639530361541,-0.06141282903875622
-1.5418292388628583,-0.061683832441148834
-1.5418177598036855,-0.061688733645853255
-1.5417286653307507,-0.06172677424162931
-1.5415563724254537,-0.061800338005458866
-1.5414374250857676,-0.061851124855850315
-1.5410951307494196,-0.06199727399458538
-1.5403193476319028,-0.06232850949114621
-1.5397421401984706,-0.0625749592868618
-1.539300590516127,-0.06276348740120818
-1.5392178882266703,-0.06279879873152255
-1.5388237337158808,-0.0629670905674174
-1.5381329474953818,-0.0632620350069108
-1.5370436348050294,-0.06372713797416002
-1.5365295602856863,-0.0639466319600937
-1.5362954929861519,-0.06404657148757159
-1.5358322387907273,-0.06424436676049072
-1.5356669804865877,-0.06431492696629626
-1.5354470773115618,-0.0644088188488734
-1.534892953191452,-0.06464541278078106
-1.534878434450904,-0.06465161183580836
-1.5348495440388452,-0.06466394715191415
-1.5344649750125563,-0.06482814628116623
-1.53374780017326,-0.06513435784809968
-1.5337471197376424,-0.06513464837315064
-1.5336776182108978,-0.06516432338437889
-1.53339298055698,-0.06528585489557898
-1.5333880319076452,-0.06528796781642354
-1.5333486448890863,-0.06530478486020264
-1.5333422896258528,-0.06530749836185701
-1.5333170444949644,-0.06531827725518013
-1.5325901359756824,-0.0656286448036637
-1.5318155549179402,-0.06595936705772515
-1.5314271576429,-0.06612520073128147
-1.5309359472379243,-0.06633493244460986
-1.530907718152434,-0.06634698539464018
-1.5308749599309759,-0.06636097214622849
-1.5305755838847628,-0.06648879649698686
-1.5300010450234143,-0.06673410689461623
-1.529991925990913,-0.06673800044062217
-1.5295254223081343,-0.06693718314455543
-1.5290355932190636,-0.0671463250785378
-1.5288325679440855,-0.0672330106176443
-1.5287033051820786,-0.06728820183564505
-1.5286308268492854,-0.06731914785136855
-1.5285622891064707,-0.06734841135654385
-1.52846237658381,-0.06739107092635
-1.52840377800207,-0.06741609071587912
-1.5282932536794285,-0.06746328119742695
-1.5276148763343387,-0.06775292742932182
-1.5271893914856784,-0.06793459635449278
-1.5261505330041554,-0.06837815692859406
-1.526041892087686,-0.06842454325371633
-1.5252741703795427,-0.06875233677677145
-1.5247675563291456,-0.06896864537225234
-1.5246729039844396,-0.06900905900808874
-1.5245881253960725,-0.06904525685408647
-1.5243741476671808,-0.06913661875367166
-1.5241342805840707,-0.06923903461009923
-1.5239689116230142,-0.06930964206300011
-1.5236189058054799,-0.06945908376668297
-1.5235336659440337,-0.069495478562078
-1.523353153967113,-0.06957255161633819
-1.5232874419075249,-0.06960060864180861
-1.5230237025878322,-0.0697132172079768
-1.5227584049473355,-0.06982649112913097
-1.5222220249005898,-0.07005550888824102
-1.521396104256543,-0.07040815156436231
-1.5212090002211185,-0.07048803922456387
-1.5206432498010365,-0.07072959722846217
-1.5194384006339692,-0.07124403071267094
-1.5187941138311374,-0.07151912133303229
-1.5181328334012805,-0.07180146770871892
-1.5174291903888426,-0.07210190160237256
-1.517074651073721,-0.07225327896989081
-1.5170612537514607,-0.07225899921384982
-1.5168484866082514,-0.07234984423063523
-1.5167442008020355,-0.07239437105781948
-1.516628028809224,-0.07244397292057808
-1.5165950129484096,-0.07245806967623597
-1.5165894736432102,-0.07246043478894204
-1.5164487046738828,-0.07252053880307002
-1.5161600825078452,-0.07264377157821966
-1.5157430969987604,-0.07282181154717726
-1.5155008351540018,-0.07292524989306859
-1.5153114091500186,-0.07300612896232672
-1.5152558734552652,-0.07302984099345133
-1.5152077952393148,-0.07305036891082228
-1.514939605213078,-0.07316487779160008
-1.514902927919022,-0.07318053786647766
-1.5142236657537078,-0.07347056188935547
-1.514115095596278,-0.0735169180025474
-1.5131078300046514,-0.0739469893857439
-1.5130751948115595,-0.07396092360800927
-1.5108163004853887,-0.07492540190988667
-1.5106363730111838,-0.07500222539949014
-1.509897776542292,-0.07531758334246086
-1.5094727393101177,-0.07549906114917937
-1.5093699708220532,-0.0755429401282473
-1.5090783463805706,-0.07566745478254011
-1.508334813900987,-0.07598492025004411
-1.508310199057438,-0.07599543003008635
-1.507767339874629,-0.07622721418073386
-1.5077558273468514,-0.07623212967550169
-1.5070494644457513,-0.07653372487783994
-1.5062006584552825,-0.07689613889199998
-1.5061614509047425,-0.07691287930846274
-1.5058467132595983,-0.07704726258881733
-1.5053508038698775,-0.07725900062390001
-1.5052398593210512,-0.07730637052908557
-1.504867682930297,-0.0774652783846656
-1.504370273937132,-0.07767765670422999
-1.5039816596742184,-0.07784358302492522
-1.503884779166569,-0.07788494801770951
-1.5035889711944734,-0.07801124891071864
-1.5034889989923013,-0.07805393396183802
-1.5031792154667367,-0.07818620198572218
-1.5027042851019463,-0.07838898262332716
-1.502568713238288,-0.07844686763340875
-1.5022528997075146,-0.07858171028378907
-1.5021585148495582,-0.07862200971102234
-1.50196871113865,-0.07870305004950384
-1.501728245021751,-0.07880572167490857
-1.5017218239487744,-0.07880846327529645
-1.5008349934138527,-0.07918711259875738
-1.5007380117904552,-0.07922852076485165
-1.500710121194486,-0.07924042919028224
-1.500517930916892,-0.0793224885192308
-1.5004873554229112,-0.07933554331341569
-1.4991204440024128,-0.07991917238821794
-1.49892613460681,-0.08000213651528609
-1.4986050275208178,-0.08013923935069989
-1.4982573565792405,-0.0802876841342649
-1.4982540791980925,-0.08028908347506974
-1.4976716434528936,-0.08053776559887416
-1.497417730460259,-0.08064617862604584
-1.497156017195342,-0.08075792212922861
-1.496914621596395,-0.0808609906148392
-1.4968007405926629,-0.08090961429582483
-1.496786192395377,-0.08091582592797192
-1.4961013513095454,-0.08120823197807636
-1.4951540978104374,-0.08161268004617844
-1.4950115040245724,-0.08167356320076258
-1.4949411526086336,-0.08170360108849956
-1.4948327652368403,-0.08174987915785481
-1.4946667449113653,-0.08182076472329969
-1.4944339406675426,-0.08192016496489157
-1.4941169731882231,-0.08205550031575887
-1.4939293911171303,-0.08213559208246723
-1.4938455846558492,-0.08217137486014114
-1.4936453437516337,-0.0822568715586926
-1.493113964283111,-0.08248375422492249
-1.4924353173835387,-0.08277351554827922
-1.492061354858971,-0.08293318602798333
-1.4916684843568693,-0.08310092963171678
-1.4914983091819174,-0.08317358918991624
-1.4913774844273235,-0.08322517763864784
-1.4913491411739261,-0.08323727933485797
-1.4911914590632729,-0.08330460473939671
-1.49077545976883,-0.08348222362507801
-1.4906317378247773,-0.08354358846846022
-1.4904506923747394,-0.08362088929931016
-1.4900740711161173,-0.0837816949765649
-1.4896726565195115,-0.0839530866454879
-1.4894066142595128,-0.08406667849623461
-1.4889638082207635,-0.08425574303606986
-1.4876736431533697,-0.0848066037819335
-1.4876694933502819,-0.08480837562003529
-1.4873705355908582,-0.08493602137521816
-1.4865528279573643,-0.0852851573487991
-1.4858669096356212,-0.08557802334545794
-1.4853296567239784,-0.08580741379099438
-1.4847574958864334,-0.08605170884570457
-1.4844700870831944,-0.0861744235523117
-1.4836619663763249,-0.08651946620350781
-1.483061631063103,-0.08677579089153958
-1.4829436192152532,-0.08682617831573075
-1.48287281295908,-0.08685641040623837
-1.4824360640764616,-0.08704288872697014
-1.4823628138218083,-0.08707416432955212
-1.4807886973016213,-0.08774626359987098
-1.47997630034594,-0.0880931320775985
-1.4799284775202337,-0.08811355095120132
-1.4799107670421128,-0.08812111277986484
-1.479855191724175,-0.08814484172886877
-1.4785010046092195,-0.08872303791712094
-1.4781334664758807,-0.08887996537964571
-1.4776724213351546,-0.08907681745424911
-1.4768637785191954,-0.0894220830299452
-1.476845539399804,-0.08942987057214857
-1.476694957493375,-0.08949416440817426
-1.476605539461247,-0.08953234315375991
-1.4761579737396588,-0.08972343993156623
-1.475887238812111,-0.08983903540681915
-1.4753217357581079,-0.09008048779302086
-1.474933774495945,-0.09024613530250813
-1.4748541623364517,-0.09028012724250606
-1.4746493270564263,-0.09036758559801861
-1.4746477621090786,-0.09036825378233465
-1.474529117365674,-0.090418911433434
-1.4745236092331166,-0.09042126323638194
-1.474095456498493,-0.0906040712666869
-1.47409544398326,-0.09060407661030573
-1.4735212225301604,-0.09084925148438938
-1.4732564571772648,-0.09096229813513268
-1.4731747591466737,-0.09099718067784335
-1.472885218296747,-0.09112080570271763
-1.4727737337694577,-0.091168406162075
-1.4726419978288738,-0.0912246533511526
-1.4720990103920113,-0.09145649226233105
-1.471788220473197,-0.09158918998513527
-1.4717458360293367,-0.09160728683719555
-1.4715091406564458,-0.09170834847105008
-1.471264007051132,-0.09181301297024635
-1.471058390548095,-0.09190080488392283
-1.4707720014485282,-0.09202308420846939
-1.4704582817690133,-0.09215703284885457
-1.469994244762441,-0.0923551623580226
-1.4699406961837067,-0.0923780259518116
-1.4693421403509515,-0.0926335908564937
-1.4690244094744402,-0.09276925215444853
-1.4687258977479423,-0.09289670746730999
-1.4681957801153371,-0.09312305136846838
-1.4680368129871026,-0.09319092543593488
-1.467465591821146,-0.09343481927981939
-1.4672513640302776,-0.09352628794816642
-1.467154463041551,-0.09356766168573993
-1.4666753261394279,-0.0937722383852217
-1.4665129926106868,-0.09384154980201737
-1.4664241965710507,-0.09387946297596667
-1.465670142213954,-0.09420142096108808
-1.4655841121214843,-0.09423815316079048
-1.465281851162423,-0.09436720928047759
-1.4651452030103103,-0.09442555383257889
-1.4640937488263863,-0.09487449238364953
-1.4640890993038005,-0.09487647758658552
-1.4640508161478067,-0.09489282331504884
-1.4639048524066904,-0.09495514533672855
-1.4638098294524284,-0.09499571721143024
-1.4637446637788798,-0.09502354094689097
-1.462922502912871,-0.09537457831359353
-1.4626404285504073,-0.09549501537829364
-1.4626194145367144,-0.09550398771489543
-1.4621340007578914,-0.09571124444739637
-1.462049951616716,-0.09574713084191055
-1.4620098477586194,-0.09576425395409327
-1.4616589041105224,-0.09591409608254065
-1.4611487578697417,-0.09613191281452166
-1.4607394876956663,-0.09630665857306758
-1.4604551800363839,-0.09642804918672249
-1.4602954914231647,-0.09649623130605489
-1.4598868285899353,-0.09667071774876584
-1.459727892682791,-0.09673857848578848
-1.45969458881689,-0.09675279821074767
-1.4594953633810879,-0.09683786133556371
-1.4591014667969913,-0.09700604304470489
-1.4590480710182256,-0.0970288413976137
-1.4584117451139194,-0.09730053295950541
-1.4583974499305083,-0.09730663656252103
-1.458171056481542,-0.09740329959216582
-1.4578849725662417,-0.09752544861243057
-1.4577447179347265,-0.09758533302015471
-1.4565045996690906,-0.09811482532314131
-1.456456528379891,-0.09813535028300308
-1.4564023614183936,-0.09815847790718518
-1.456218053251199,-0.09823717181776714
-1.456169044975452,-0.09825809684202469
-1.4559175595094864,-0.098365473390078
-1.455834200946542,-0.0984010649289579
-1.4551345688622503,-0.09869978627983245
-1.4538931397169308,-0.09922983828806792
-1.4538801160343444,-0.0992353989993946
-1.4535499992257426,-0.09937634870885759
-1.4528110820532407,-0.09969184358239203
-1.4525565334666601,-0.09980052798860178
-1.452094726682624,-0.0999977052614392
-1.4516221255220172,-0.1001994914005987
-1.4516078315336354,-0.1002055944933738
-1.4514806494776904,-0.10025989731397317
-1.4514242810006357,-0.10028396491749014
-1.4506052997612273,-0.10063364468156888
-1.4504601837075228,-0.10069560476683298
-1.450227482050269,-0.10079496120711973
-1.4496415458898975,-0.10104513790038772
-1.4494633103329193,-0.10112123899344794
-1.4492077664809766,-0.10123034834731215
-1.4491201473190287,-0.10126775903073754
-1.4487354447828367,-0.10143201516460626
-1.4486249999701557,-0.10147917169784948
-1.4481942138227397,-0.10166310411430601
-1.4479190959308894,-0.10178057098031806
-1.447540517256932,-0.10194221241363133
-1.4472270373654925,-0.10207605867189373
-1.4470844384513015,-0.10213694401611517
-1.4469325718445745,-0.10220178637959842
-1.4467394540839575,-0.10228424171523065
-1.4463163170355096,-0.10246490820202486
-1.4461730128771577,-0.10252609466378082
-1.4458368208739436,-0.10266963829422338
-1.445752630833849,-0.10270558484823628
-1.445003772405094,-0.1030253243319938
-1.4449857391768859,-0.10303302396500369
-1.4444091540762023,-0.10327920804380342
-1.4431635347080445,-0.10381104914812966
-1.4427847540153562,-0.1039727768372185
-1.4423271115594434,-0.10416817607021162
-1.4416234401670258,-0.10446862208124241
-1.441592255418369,-0.10448193700840852
-1.440185732116049,-0.10508247913667723
-1.438019583296206,-0.10600735796397381
-1.437791258634983,-0.10610484556176975
-1.4376917971287657,-0.1061473125614461
-1.4374479484668452,-0.10625142842939073
-1.4369568829136028,-0.10646109829549033
-1.4364533114932276,-0.10667610778166703
-1.4364122319297534,-0.10669364748999366
-1.4362795165471938,-0.10675031287062747
-1.4360676387050144,-0.1068407781832642
-1.4357311864834013,-0.10698443291894816
-1.4355405072287355,-0.10706584708764688
-1.4354958136585123,-0.10708492986554152
-1.4354404124839328,-0.10710858446069521
-1.4351913139231791,-0.1072149418737412
-1.4351102119631416,-0.10724956991268486
-1.4349338823986872,-0.10732485720564294
-1.4349020505282641,-0.10733844843387153
-1.4343864793358896,-0.10755858145309116
-1.433762727226797,-0.10782490439170761
-1.4337605979709647,-0.10782581351836557
-1.4335945655502769,-0.10789670424809389
-1.4334905683448897,-0.10794110785161343
-1.433152322467631,-0.10808552842301239
-1.432899445074743,-0.10819349928098937
-1.4327981878842502,-0.10823673298254327
-1.432705296070769,-0.10827639492577212
-1.4324147269826173,-0.1084004589766982
-1.432255314539471,-0.10846852317991607
-1.4321724261712718,-0.10850391396012188
-1.4319739784275647,-0.10858864503436672
-1.4318653546382583,-0.10863502404671799
-1.431811598611661,-0.10865797621435491
-1.4312625579666538,-0.10889239965896819
-1.431181165930695,-0.10892715155139554
-1.4298741284837635,-0.1094852162836415
-1.428656567702058,-0.1100050772357749
-1.4281354036876965,-0.11022759821772043
-1.4278066430909975,-0.11036796886647315
-1.4277791780520983,-0.11037969559214217
-1.4276425824913872,-0.11043801768933492
-1.4275855428708075,-0.11046237185046526
-1.4270844660296826,-0.11067631622813678
-1.4270129591252074,-0.11070684747388909
-1.4260375680896444,-0.11112330940340354
-1.4259167129875785,-0.11117491080957081
-1.4258004580183772,-0.11122454810069193
-1.4247454850598564,-0.11167498906013507
-1.4245447300331051,-0.11176070527317389
-1.4244956790540724,-0.11178164853041905
-1.4243492401709559,-0.11184417342309816
-1.4243207015044226,-0.11185635855469844
-1.4237899318851555,-0.11208298083408008
-1.4234665789456908,-0.11222104257975318
-1.4233238767134986,-0.11228197203757867
-1.4232065900743283,-0.1123320498200005
-1.4226304119886959,-0.11257806011591004
-1.4225334855971665,-0.11261944469969787
-1.4223695254810367,-0.11268945061920826
-1.4218906616912965,-0.11289391070811483
-1.4212681443233266,-0.11315970645030282
-1.4211183085341417,-0.113223681717246
-1.4206850981597376,-0.11340864920395854
-1.4205111406378146,-0.11348292370781621
-1.4193534989158154,-0.11397720106700043
-1.4187107724988328,-0.11425162545066514
-1.418382980107596,-0.11439158270550687
-1.4181969282826739,-0.1144710211042329
-1.418148854332068,-0.11449154720043286
-1.417546982812993,-0.11474852780104833
-1.4174240487578709,-0.11480101685613742
-1.4173950967927764,-0.11481337845349343
-1.417117505395468,-0.1149319014301507
-1.416963960054065,-0.11499746056163462
-1.4166801872040702,-0.11511862282819613
-1.41656343096219,-0.11516847414731163
-1.4165238118180232,-0.11518539030157571
-1.416405992940908,-0.11523569533320671
-1.415866590018391,-0.11546600376716476
-1.4153060908542887,-0.11570531964650188
-1.414954551175525,-0.11585541626168588
-1.4148816453999744,-0.11588654478230109
-1.4146420906935713,-0.11598882726349624
-1.4143339691792547,-0.11612038565976873
-1.4141438746163029,-0.1162015501831144
-1.4141116274955,-0.11621531871046503
-1.4135158637470446,-0.11646969148114916
-1.4134811036562305,-0.11648453296929356
-1.4129384972224073,-0.11671620920390913
-1.4126059442803456,-0.11685819906732503
-1.4124795691436622,-0.11691215735825333
-1.412333268130088,-0.11697462338488424
-1.41230148715525,-0.1169881928822657
-1.4120118584334826,-0.1171118554257094
-1.4115146601952868,-0.1173241437593936
-1.4107120242462563,-0.11766684458792631
-1.4106759120451715,-0.11768226338551058
-1.4106715986836948,-0.1176841050580068
-1.4106488239174124,-0.11769382918173199
-1.410546214022692,-0.11773764044632684
-1.4101384920324775,-0.11791172517804888
-1.410048066445909,-0.11795033411834766
-1.4096381402474816,-0.11812535997908558
-1.4096117929416343,-0.11813660946716831
-1.4096061893040788,-0.11813900204780903
-1.4090705354002369,-0.11836770976626493
-1.4089681712081787,-0.11841141612339068
-1.4089000196738648,-0.11844051472943173
-1.4080056695351513,-0.1188223746921031
-1.4077798694222583,-0.11891878438551984
-1.4077175190856526,-0.11894540605881987
-1.4076131425836471,-0.118989971610313
-1.407379614929235,-0.11908968072594506
-1.4069581962583082,-0.11926961351846493
-1.406520816377091,-0.11945636125616282
-1.4056658139344,-0.119821420964567
-1.4054362553013662,-0.11991943543031902
-1.4053739765470015,-0.11994602654020692
-1.405296833934138,-0.11997896405985753
-1.4052455661352015,-0.12000085383092235
-1.4043077829435318,-0.12040125836943999
-1.4042410845501272,-0.1204297365290703
-1.404110458771224,-0.12048550971330396
-1.403136652366677,-0.12090129505418229
-1.402836410147792,-0.12102948923399282
-1.4028257930079953,-0.12103402242567113
-1.4027628642360686,-0.12106089107303736
-1.402186649624484,-0.12130691696440349
-1.4016440672511457,-0.12153858292593311
-1.400479814031824,-0.12203568319083574
-1.4001818344137533,-0.1221629113097879
-1.3996682504196971,-0.12238219585653276
-1.3995834706955015,-0.12241839418749423
-1.3993556745484614,-0.12251565612601256
-1.3991852429912228,-0.12258842515155177
-1.3987055771555563,-0.1227932276893654
-1.398640327534665,-0.12282108726775565
-1.39849337181882,-0.12288383283209092
-1.3983982129733645,-0.12292446272814672
-1.3976149309847803,-0.1232589000116836
-1.397575068531806,-0.12327592005131416
-1.3973810648603695,-0.12335875364357984
-1.3970880341120109,-0.12348386874759354
-1.3969178047650919,-0.12355655143555466
-1.3965963448988261,-0.12369380489727938
-1.3963229120386842,-0.12381055230665228
-1.396242401995169,-0.12384492761547206
-1.39623843737373,-0.12384662038671362
-1.3959265213939396,-0.12397979890287147
-1.395722240753986,-0.12406702044415663
-1.395608268390899,-0.12411568313277266
-1.3952161335941247,-0.12428311261299163
-1.3951729990972013,-0.1243015297146075
-1.3949362358606898,-0.12440262032413801
-1.3946965629619743,-0.12450495326981015
-1.3946767108834832,-0.12451342949586913
-1.3946357795909108,-0.12453090589708737
-1.3929472086171897,-0.1252518736937947
-1.3927698841876228,-0.12532758576351338
-1.3927375081036981,-0.1253414093541449
-1.3923308316559544,-0.1255150476714354
-1.3922559832225219,-0.125547005647131
-1.3918399776867012,-0.12572462719768873
-1.3915377131905258,-0.12585368482761478
-1.3908256691607188,-0.1261577056969283
-1.3904738856973837,-0.12630790640061557
-1.3896335818913996,-0.1266666902438734
-1.3894317255244673,-0.1267528766952476
-1.3892847629516494,-0.12681562518729916
-1.3892789199298914,-0.12681811997762088
-1.389205971562245,-0.12684926668374924
-1.3889800204840652,-0.12694574083469357
-1.3889261524450456,-0.12696874082818482
-1.3885250160042335,-0.1271400137331511
-1.3884295280113919,-0.12718078416500306
-1.3876951390040966,-0.12749434565146456
-1.3876909480304214,-0.12749613506813912
-1.387551162187855,-0.12755581931742133
-1.3867046102256717,-0.1279172709309287
-1.3866508458642974,-0.12794022665725863
-1.3861188851350645,-0.12816735750390862
-1.3860654047812575,-0.12819019196775489
-1.385990801421364,-0.1282220453045979
-1.3858952421671011,-0.12826284616288175
-1.3856379186767709,-0.12837271536752382
-1.385596942468761,-0.12839021094625047
-1.3855007759947366,-0.12843127106866964
-1.3851607410497637,-0.12857645551687813
-1.3848104084719661,-0.128726036737129
-1.384668420428267,-0.1287866612584655
-1.3845457753616721,-0.12883902692435484
-1.3845301317301015,-0.1288457062732014
-1.3843161350886333,-0.1289370762478742
-1.3840490538816683,-0.12905111169697525
-1.3838796040618238,-0.1291234615508855
-1.383747269374766,-0.1291799643862659
-1.3836935379551842,-0.12920290604746498
-1.3836273720730485,-0.1292311568411852
-1.383329902379287,-0.12935816723816346
-1.3833016826694802,-0.12937021618506572
-1.3830063596227073,-0.12949631002989825
-1.3829188076511447,-0.1295336920250984
-1.3818645479053098,-0.12998382846469203
-1.381728273863039,-0.13004201328341342
-1.3809780928801427,-0.13036231745705368
-1.3805974272865715,-0.13052484994076335
-1.3796010519653563,-0.1309502715139217
-1.3793351624868366,-0.13106379813168262
-1.3785155065448726,-0.13141376597297133
-1.378479975373704,-0.13142893668867744
-1.3783028690248718,-0.13150455564463948
-1.3782474822701878,-0.13152820408294186
-1.3782370828528472,-0.1315326443138375
-1.3779623337335556,-0.13164995372532545
-1.3776721128296927,-0.13177386911228461
-1.3776116360862127,-0.13179969081902787
-1.3772458129637213,-0.1319558860247444
-1.3765241976947509,-0.13226399351838053
-1.3764153215358628,-0.13231048028476994
-1.3757130453359485,-0.13261033059157484
-1.3756505764185891,-0.13263700289520458
-1.375619138807709,-0.1326504257867518
-1.3752793870943414,-0.13279548930378854
-1.3750074158054535,-0.13291161266725326
-1.3749976154394872,-0.13291579712166313
-1.374754209844857,-0.13301972381352128
-1.3747365715408166,-0.13302725482607552
-1.3746354705821078,-0.13307042182146983
-1.3741819878966905,-0.13326404496058447
-1.3732883227596366,-0.1336456124486457
-1.3730851860992277,-0.13373234554590063
-1.3729049875786468,-0.13380928476395842
-1.372267495581326,-0.1340814742116509
-1.3721739183467847,-0.13412142880856104
-1.3718778672805836,-0.13424783349526587
-1.3718210103790194,-0.13427210964100456
-1.3717237625577807,-0.13431363146537806
-1.3715341404036216,-0.13439459428471967
-1.371187608796695,-0.13454255260748105
-1.370562961550999,-0.13480925774185648
-1.3705612326646746,-0.1348099959230663
-1.3701987743928268,-0.13496475444119738
-1.3694761084137517,-0.1352733105556858
-1.3693337973467135,-0.13533407299803857
-1.3688019877048696,-0.13556113933502695
-1.3682700638350989,-0.13578825444382203
-1.3678171053416568,-0.13598165376910898
-1.3674488777684257,-0.13613887560123267
-1.366729466529903,-0.13644604204175326
-1.3664459991890032,-0.13656707386534084
-1.3662820192072018,-0.13663708826688137
-1.3659920698522137,-0.13676088771083472
-1.3659778843740085,-0.1367669444731065
-1.365856645341362,-0.1368187098058063
-1.365717948871905,-0.1368779289263241
-1.3655378111902188,-0.13695484216804765
-1.3642500044530619,-0.1375046959795383
-1.3641608107457814,-0.1375427789453234
-1.3641403228596651,-0.13755152664165504
-1.3636946968309591,-0.1377417952303443
-1.3633397665508775,-0.13789333952785837
-1.3625183477108629,-0.1382440600723162
-1.3623553514683318,-0.13831365444748778
-1.3619901558925926,-0.1384695817100699
-1.3613727855813855,-0.1387331798175529
-1.3607510431014205,-0.13899864470642975
-1.3603049918728003,-0.13918909484238595
-1.3594398270887438,-0.13955849355754657
-1.3590348468319164,-0.13973140765355946
-1.3587931730219753,-0.1398345949266957
-1.3584733303373184,-0.1399711579016839
-1.358254141896388,-0.140064744614816
-1.3581478389765456,-0.14011013268739042
-1.3581454369903647,-0.14011115826150705
-1.357991176990962,-0.1401770225299448
-1.3578214723980946,-0.14024948116408875
-1.3569949127530698,-0.1406023966739457
-1.356763334200258,-0.14070127358322804
-1.3566034944509764,-0.1407695202330042
-1.3565990031896724,-0.14077143786324742
-1.3563271280226183,-0.14088752018564954
-1.356302574278144,-0.14089800387826884
-1.3554742644968882,-0.14125166664239125
-1.3550264941998034,-0.14144285076763358
-1.3548871198844037,-0.14150235930749056
-1.3544465883435493,-0.14169045270678077
-1.3544380333514827,-0.14169410542489402
-1.3542826173209954,-0.14176046328299818
-1.3538218656959322,-0.14195719003545415
-1.3535038077663064,-0.14209299097501565
-1.3529096384498023,-0.1423466829723659
-1.3526685657890256,-0.14244961357332453
-1.3518885373054144,-0.1427826617104478
-1.3514142611206013,-0.14298516303335151
-1.3512097761259207,-0.14307247182781085
-1.3509415244854759,-0.14318700701595777
-1.3503047049771608,-0.14345890933155797
-1.350149415438766,-0.14352521318143474
-1.3498688698700207,-0.14364499749830534
-1.34979901340781,-0.1436748240560453
-1.3495495284175234,-0.1437813464625996
-1.3495165088214476,-0.14379544481309925
-1.349216523602492,-0.14392352926185548
-1.3490587722233012,-0.14399088424192608
-1.3489790405186182,-0.14402492722403804
-1.3485440603365533,-0.14421065036411046
-1.3479481775301319,-0.14446507396887887
-1.3473261271331822,-0.14473067032882403
-1.3469447278916016,-0.14489351605763717
-1.3464603446878827,-0.14510033276631096
-1.3464435243091402,-0.14510751454995569
-1.346075397868781,-0.14526469320145796
-1.345885233159507,-0.14534588767512258
-1.345438006354542,-0.1455368397459697
-1.345052393447832,-0.14570148458000937
-1.3450150900530033,-0.1457174119806326
-1.3447711609331858,-0.14582156220162096
-1.3446243993399907,-0.14588422488156383
-1.3446080305431647,-0.14589121385363912
-1.3440820579926787,-0.14611578793240387
-1.343650624198343,-0.14629999687414702
-1.3433449754974125,-0.14643049945526787
-1.3426437879791553,-0.14672988492853717
-1.3426110602156232,-0.1467438586755292
-1.3424619935863475,-0.14680750553488192
-1.3424440750808404,-0.14681515618483204
-1.342044772361829,-0.1469856461470695
-1.3414304217989026,-0.14724795491504666
-1.3413234030189154,-0.147293648637854
-1.3411549403112393,-0.14736557702527187
-1.3410343708340569,-0.14741705647841158
-1.340791015076562,-0.1475209618913479
-1.3406550027390454,-0.14757903497020014
-1.339965395254676,-0.14787347612567192
-1.3394262337470266,-0.14810368148291708
-1.338082904569477,-0.14867724166632834
-1.3379413872037942,-0.14873766522264903
-1.337609764001921,-0.1488792581156413
-1.3372600765541078,-0.1490285638852591
-1.336933740485897,-0.1491678993350245
-1.3366295307931362,-0.14929778750397926
-1.3363260684123213,-0.1494273565937509
-1.3362699544698817,-0.14945131551882684
-1.336028824194945,-0.14955427071925748
-1.3359964522261165,-0.14956809255286968
-1.3357662646472628,-0.14966637555911488
-1.3357643457838728,-0.14966719485468022
-1.3357498104148993,-0.1496734010095332
-1.3356894586848458,-0.14969916933939387
-1.3356769808406017,-0.14970449699456045
-1.3353753626529412,-0.1498332786706575
-1.3352142327269447,-0.14990207618615248
-1.3351885496488156,-0.14991304206945832
-1.334913158705775,-0.15003062551991875
-1.3348257871618048,-0.15006793047809402
-1.3347835314572587,-0.1500859723624326
-1.3347672503996617,-0.15009292387255924
-1.3337450082935032,-0.15052938976617491
-1.3332585814627094,-0.15073707904066475
-1.3330546269769123,-0.15082416132417098
-1.3329394157576444,-0.15087335296621873
-1.3319015920025858,-0.15131647174398966
-1.3318441032893702,-0.15134101765384333
-1.3316719203678218,-0.1514145344579999
-1.3299809897862722,-0.15213650973457254
-1.3299526231216425,-0.1521486214266578
-1.3299335213293537,-0.1521567773036177
-1.329281954565956,-0.15243497624291336
-1.3292679667031262,-0.1524409486295064
-1.3288156634263137,-0.15263406819747355
-1.328786201759188,-0.15264664742189799
-1.328676585238342,-0.15269345030004
-1.3284172727796002,-0.15280416873293218
-1.3276737613484135,-0.15312162521341882
-1.3266300195485352,-0.1535672708140483
-1.326094424992271,-0.15379595319291667
-1.3258462488065388,-0.15390191678023812
-1.3257589714812539,-0.1539391815099369
-1.3257217354633082,-0.1539550801427066
-1.3256512491021004,-0.15398517564791692
-1.3249843143169673,-0.1542699362591487
-1.3237314575612853,-0.15480486750503103
-1.3237190832850467,-0.1548101509398495
-1.323660180431814,-0.15483530064393403
-1.3235186030487769,-0.1548957498258165
-1.3235167083279264,-0.15489655881326103
-1.3235157986654016,-0.154896947211141
-1.3235043242205593,-0.1549018464456683
-1.323397987365685,-0.1549472490074562
-1.3229353191864073,-0.15514479406953047
-1.3227047505339184,-0.1552432397824804
-1.32241946289799,-0.15536504881597912
-1.3223883600833037,-0.15537832875986352
-1.321627517182343,-0.15570318524412324
-1.3212359503712747,-0.1558703722119399
-1.3205385558660785,-0.1561681381854595
-1.3204762669768426,-0.15619473362262548
-1.3201273750607896,-0.1563436997246846
-1.3198818317925078,-0.15644853913735046
-1.319706262457246,-0.1565235018358589
-1.3194655590912345,-0.15662627475932722
-1.3193533735540923,-0.1566741745283005
-1.3191525192169835,-0.1567599331438032
-1.3191351778822598,-0.1567673373596059
-1.319126374225257,-0.15677109624998775
-1.3189144473533814,-0.15686158249679472
-1.318116960069875,-0.1572020850037309
-1.318011838690412,-0.15724696859495568
-1.3179577264989835,-0.15727007283400513
-1.3178133730898616,-0.15733170729352236
-1.3175872664796326,-0.1574282478518612
-1.3174702233712015,-0.1574782216541583
-1.3174131188775762,-0.15750260351408113
-1.3169929937842118,-0.15768198398882483
-1.3160153816208984,-0.15809939427147662
-1.3159151285001207,-0.15814219926618794
-1.3153551143297628,-0.15838130806813422
-1.3153257690876996,-0.15839383758264292
-1.3147588889336486,-0.1586358779481496
-1.314720670734557,-0.15865219594201663
-1.3141664265928108,-0.15888884111946627
-1.3137685538952524,-0.1590587205065888
-1.313577799649264,-0.15914016669427233
-1.3130953337825781,-0.15934616475908836
-1.3130557594972188,-0.15936306176002335
-1.312644955003171,-0.1595384626259393
-1.3125991126219754,-0.15955803591073492
-1.3123323888824263,-0.15967191873225967
-1.312221538686438,-0.15971924835168944
-1.3109063362018216,-0.16028079930353845
-1.309869858032366,-0.16072334355770207
-1.3092742397708979,-0.16097765420992338
-1.3081934965950412,-0.16143909825842956
-1.3077315986219942,-0.16163631446616622
-1.3077203715046934,-0.1616411080994512
-1.307592678625857,-0.16169562902569162
-1.3072278581648507,-0.1618513961258365
-1.3071802469358735,-0.16187172465415345
-1.3066811987618276,-0.16208480285346627
-1.3052084200603524,-0.16271363399646505
-1.3051921668932072,-0.16272057359822822
-1.3048169739872135,-0.1628807694129048
-1.30479426345257,-0.1628904661116985
-1.304457654461712,-0.16303418778302164
-1.3039942944712137,-0.16323202822717875
-1.3039774888847937,-0.16323920369495715
-1.3039346186514769,-0.16325750796415278
-1.3035572826297177,-0.16341861882325176
-1.3030646845140403,-0.1636289430463072
-1.3027711515917826,-0.16375427256310865
-1.3024666281279424,-0.16388429470264998
-1.3019864033100994,-0.16408933590863578
-1.3014249355966288,-0.16432906532872127
-1.300824095552459,-0.1645856055213219
-1.3005683171460751,-0.1646948150227085
-1.3001274156865243,-0.1648830663658883
-1.3000351686753258,-0.1649224529984028
-1.2998551938313827,-0.16499929671342556
-1.2996511618504876,-0.16508641208495167
-1.2984714736074365,-0.16559010262957802
-1.2974922398574427,-0.16600820527979637
-1.2974705092822585,-0.16601748356608437
-1.2974149393982273,-0.16604121019497753
-1.2972851207505625,-0.16609663875903252
-1.2969342083063697,-0.1662464675643739
-1.296583677677181,-0.1663961333464687
-1.296470227339985,-0.16644457314610817
-1.2961483260151385,-0.1665820150970499
-1.2957779744505054,-0.16674014380808194
-1.2954594694569603,-0.1668761356301669
-1.2954045829973835,-0.16689957045786818
-1.2948508661871383,-0.16713599048100913
-1.2946260623035273,-0.16723197481520674
-1.2942782852719208,-0.16738046489594655
-1.2941447044509482,-0.16743749979212663
-1.2941170335215788,-0.16744931442668504
-1.2940247652042673,-0.16748871015625344
-1.292950647156116,-0.1679473254792876
-1.2928452475402301,-0.16799232786889495
-1.2927916116427662,-0.168015228745092
-1.2923876609804492,-0.16818770323596122
-1.292241397803059,-0.1682501531077069
-1.2921402422470718,-0.16829334341445717
-1.2918911251783325,-0.16839970872984295
-1.2908982440248,-0.16882363840102355
-1.2896113760969319,-0.16937309136986367
-1.2893066049371829,-0.16950321926792877
-1.2891192386149526,-0.16958321891651784
-1.2890633346793208,-0.16960708817515546
-1.288897520593611,-0.16967788568257303
-1.288846310851634,-0.1696997506651044
-1.2886970444341224,-0.16976348282788034
-1.2885758214918142,-0.1698152412905013
-1.2881058221437125,-0.17001591653585857
-1.2875189737299482,-0.17026648273322753
-1.2874320325246722,-0.1703036039500354
-1.2868879900900643,-0.1705358933127561
-1.2868443452586698,-0.17055452831147272
-1.286697194530434,-0.1706173571400924
-1.2861775679321494,-0.17083922169272647
-1.2859512668915436,-0.17093584526684769
-1.2854746957561776,-0.1711393264629515
-1.2849924158041603,-0.17134524514793031
-1.2845900476942043,-0.1715170439376852
-1.284528858238012,-0.17154316995080465
-1.283791809369775,-0.1718578671159628
-1.2836092753826938,-0.17193580350628224
-1.2833711939804782,-0.17203745693196815
-1.28316204627332,-0.17212675656104076
-1.2830528324877308,-0.1721733874836326
-1.2826609833288891,-0.1723406950052519
-1.282267231797322,-0.17250881478143065
-1.282074735882572,-0.17259100460803117
-1.2820572303862545,-0.17259847891577806
-1.2820464130892506,-0.17260309756841907
-1.2820275952376974,-0.17261113221143032
-1.281905843072545,-0.1726631166359055
-1.2818445265601845,-0.17268929689809537
-1.2814379855769136,-0.17286287737622846
-1.2812740683982389,-0.17293286496276805
-1.2812674871371288,-0.172935674958555
-1.2811764682497653,-0.17297453722001888
-1.280661746026021,-0.17319430775578237
-1.2805845819345179,-0.1732272544461506
-1.280529936309894,-0.1732505864447444
-1.2802059650191622,-0.17338891220736297
-1.2799955828023484,-0.17347873893403493
-1.2793770393409114,-0.17374283794053225
-1.2786161421890192,-0.17406771758826867
-1.2779390420505836,-0.17435681849226115
-1.2774533224916933,-0.17456420578343257
-1.2772411805519979,-0.17465478385757433
-1.27645738225441,-0.17498944158915275
-1.2761615037006249,-0.17511577261836936
-1.2756175578195361,-0.17534802075571138
-1.2752862211702682,-0.17548949129956692
-1.2749716867516019,-0.1756237878084752
-1.2746875877809098,-0.17574508931852972
-1.27412094579289,-0.17598702799447663
-1.2737755896092102,-0.1761344844477155
-1.2737104069858223,-0.17616231542023547
-1.273509068816145,-0.1762482806173426
-1.2730555610669427,-0.17644191445792157
-1.2730131115955314,-0.17646003907474328
-1.272594053313456,-0.17663896405392487
-1.2723059432207815,-0.17676197818952072
-1.272119385586184,-0.17684163255339896
-1.2718997558709004,-0.1769354076770886
-1.270610409970178,-0.1774859186640143
-1.2696258338425428,-0.17790630234493665
-1.269370440355339,-0.1780153474976891
-1.2690205537695667,-0.17816473829308205
-1.268902582534365,-0.17821510837692345
-1.2686837734564986,-0.17830853311371203
-1.2684833089877212,-0.17839412526744536
-1.2681119274934995,-0.17855269372668942
-1.2671927514586077,-0.17894515358237534
-1.2667917657038734,-0.17911636214902793
-1.2653597148142481,-0.17972780377080955
-1.264354630900022,-0.18015694364495338
-1.2634016254095362,-0.18056384763620903
-1.2626523195407593,-0.18088377816307422
-1.2622452658687942,-0.1810575775434885
-1.262153798626547,-0.18109663123867809
-1.2617497618679137,-0.18126914249002268
-1.2612271743495953,-0.1814922712643131
-1.2606702842596407,-0.18173004618015087
-1.260024927276305,-0.18200559373462505
-1.2597929091424949,-0.1821046583314544
-1.2594920768907572,-0.18223310443711965
-1.259167060730054,-0.1823718763270331
-1.259026771413983,-0.18243177554399442
-1.2586127117080363,-0.18260856628512845
-1.2583532628390488,-0.18271934296099407
-1.257877848517161,-0.1829223302333735
-1.2576767747061346,-0.18300818255747914
-1.2570256784017655,-0.18328618062525964
-1.2562222340162994,-0.1836292266312503
-1.255766876972038,-0.1838236500638601
-1.2552100177901238,-0.18406141178291652
-1.2547442342592208,-0.18426028700417996
-1.2546932399674604,-0.1842820599961048
-1.2545020298968215,-0.1843637008068747
-1.2544307069568477,-0.18439415350545085
-1.2544215997882722,-0.18439804198592602
-1.2543934275123896,-0.18441007068000348
-1.2543005765150272,-0.18444971519600684
-1.254091102347305,-0.18453915421368533
-1.2538711080004472,-0.18463308502382608
-1.2538176261730227,-0.18465592011686183
-1.2538019375084346,-0.18466261869341988
-1.2529646367174534,-0.18502012034176624
-1.2529250149989104,-0.18503703759520967
-1.2526719019224848,-0.1851451090827979
-1.2521862804954529,-0.18535245447468834
-1.2521777167716046,-0.18535611092100351
-1.2521124345728611,-0.18538398440913323
-1.2510522007163953,-0.18583667160995965
-1.250271820521992,-0.186169869916758
-1.250172774083547,-0.18621215969528004
-1.249720264002783,-0.18640536756216503
-1.2493239557548308,-0.18657457897749158
-1.2493032621610336,-0.18658341450466692
-1.2492440516369556,-0.18660869557472604
-1.2491367565188825,-0.1866545072853848
-1.2486531466579893,-0.18686099380049154
-1.2484686574807387,-0.18693976499679232
-1.2481602681343675,-0.18707143774910262
-1.247958768588088,-0.18715747184904846
-1.2478410544470229,-0.18720773216161185
-1.2465910832494527,-0.18774143136305793
-1.2464094097787934,-0.18781900033936966
-1.2460518832654564,-0.1879716531485181
-1.245868179959194,-0.18805008880211216
-1.2452829427495813,-0.18829996706493457
-1.2451761094330167,-0.1883455816005727
-1.2448974706046323,-0.18846455179803784
-1.244796308317292,-0.18850774497886846
-1.2445910021610485,-0.1885954043840229
-1.2444611635963978,-0.18865084145201744
-1.2443829837725229,-0.18868422182882327
-1.244369662047096,-0.1886899097952628
-1.2441929827376343,-0.18876534641856668
-1.2440601367697675,-0.18882206755510456
-1.2436870343873403,-0.18898137078060784
-1.2434513759330639,-0.1890819896821519
-1.243347607068157,-0.18912629579131934
-1.2429971673837075,-0.18927592274281174
-1.2425118059649087,-0.189483157119195
-1.2424911767960516,-0.18949196513890532
-1.242419258019662,-0.18952267224127917
-1.241969051935906,-0.1897148963724063
-1.2419687728912931,-0.18971501551586106
-1.2418419874254862,-0.1897691490046866
-1.241684156977978,-0.18983653774449355
-1.2415022120564863,-0.18991422262194996
-1.240961201068425,-0.19014521765036552
-1.240407094790923,-0.1903818039640297
-1.2403544277904626,-0.19040429115104862
-1.2402460352345335,-0.19045057143386995
-1.240195446991944,-0.19047217105530517
-1.240049949094309,-0.19053429417616646
-1.2397896643247392,-0.1906454277558347
-1.2396624019215956,-0.19069976488221335
-1.2396135215379125,-0.19072063530049854
-1.2395883918115647,-0.1907313649196375
-1.2388506339767675,-0.19104636479168013
-1.237098038877177,-0.1917946689181494
-1.2362963530602606,-0.192136964069534
-1.2358849242037366,-0.19231263151899652
-1.2353640571424003,-0.19253502571114678
-1.2350126833547048,-0.1926850514959541
-1.2349029720399274,-0.19273189484818498
-1.2348289489525277,-0.19276350042654622
-1.2345619360807285,-0.19287750669863613
-1.2343154703222825,-0.19298273998618887
-1.234072371683037,-0.19308653561755218
-1.2338207061080437,-0.19319398906661278
-1.233628053704491,-0.193276245709112
-1.233538997706977,-0.1933142698770685
-1.2334631667734897,-0.19334664735002605
-1.233244831624219,-0.19343986973390181
-1.2329843516663466,-0.1935510866529629
-1.2322745905189652,-0.19385413280179525
-1.2321501817898273,-0.19390725149726817
-1.231626848322212,-0.19413069876893274
-1.2304586033719986,-0.19462950337997809
-1.2301458942040482,-0.19476302056304962
-1.2296718285904669,-0.19496543197852317
-1.2295652591329305,-0.19501093385448337
-1.2293094305286487,-0.1951201647888261
-1.2288391000417094,-0.19532098142026788
-1.2286586183589239,-0.1953980415398655
-1.2286440360539679,-0.19540426773493713
-1.228625274217313,-0.1954122784613122
-1.2281060334100524,-0.19563397829306178
-1.2278747143092559,-0.1957327444243248
-1.2275243704208756,-0.19588233047384612
-1.2274458350643918,-0.1959158626521253
-1.2273353936265543,-0.19596301774441482
-1.226944953674122,-0.19612972357830172
-1.2268507726215885,-0.19616993598689658
-1.226578829015505,-0.1962860475306562
-1.2265696405164264,-0.1962899707367512
-1.2264606493980625,-0.19633650658729607
-1.2262414047899113,-0.1964301172821017
-1.2262320965364732,-0.1964340916196195
-1.225864440242303,-0.19659106953318012
-1.225489309549163,-0.19675123878488426
-1.2253987522839715,-0.19678990394789908
-1.2252026061420187,-0.19687365230908566
-1.2248324515469917,-0.19703169692016254
-1.2238140341549202,-0.19746652977866663
-1.2230538674366467,-0.1977910975537458
-1.223024954654249,-0.19780344242129733
-1.2227448792717979,-0.19792302598310202
-1.2226953456666663,-0.19794417530682634
-1.2225742256394072,-0.1979958898278913
-1.2223764074963517,-0.1980803520820501
-1.2216923861530968,-0.1983724081273227
-1.2216895458826351,-0.19837362083532767
-1.2206947621306048,-0.19879836285746538
-1.220159397172203,-0.19902694720511804
-1.2201289871226224,-0.19903993135963988
-1.219760503163832,-0.19919726266050047
-1.2195855236270705,-0.19927197353321546
-1.21939617851669,-0.19935281806339678
-1.219384404938611,-0.19935784501860282
-1.2193430283934739,-0.19937551152895217
-1.218640823292616,-0.19967533147865002
-1.2184153489672853,-0.19977160207081202
-1.2176850996924613,-0.20008339601901454
-1.2176651015150257,-0.20009193462482305
-1.2175971876449239,-0.20012093175556556
-1.2173952903622296,-0.2002071356767099
-1.2169680246020056,-0.2003895649962652
-1.2159519947617208,-0.20082337844369458
-1.2154605248268997,-0.20103322096827325
-1.215346666771988,-0.20108183485081926
-1.2152858799378317,-0.20110778895673032
-1.21443370155367,-0.2014716428791255
-1.2143794264663934,-0.20149481666968505
-1.2143749151387184,-0.20149674286765018
-1.214178776310392,-0.20158048810614365
-1.2132809735418566,-0.20196382223540577
-1.2130364105844595,-0.2020682430855179
-1.2129349389543786,-0.20211156834617117
-1.2123655731328633,-0.20235467001512464
-1.2122682257430917,-0.202396234352195
-1.2120855233154448,-0.20247424266144792
-1.2120319595342746,-0.2024971127462088
-1.2118771711587157,-0.20256320261499078
-1.211702644644805,-0.20263772006090192
-1.2115129289928686,-0.2027187228009148
-1.211001824830801,-0.20293694853578081
-1.2104229698491045,-0.2031841017838596
-1.2089569341294164,-0.20381005388132345
-1.2088468296598518,-0.20385706509853924
-1.2084899522482044,-0.20400944076125904
-1.2083692856058883,-0.20406096170091792
-1.2076353716990575,-0.2043743203341144
-1.207359671919867,-0.20449203564809837
-1.2068537439822928,-0.20470805129453667
-1.2068458198514387,-0.2047114346543431
-1.206785797445317,-0.20473706237302836
-1.205338514504701,-0.20535500761142622
-1.2053102354110068,-0.20536708191341946
-1.2048653853138094,-0.20555701920325375
-1.204803152993626,-0.2055835904871765
-1.2047305012666265,-0.2056146105368854
-1.2044856384969345,-0.2057191593976132
-1.2042790287740506,-0.20580737538557226
-1.203960668803204,-0.20594330528743193
-1.2036762181051057,-0.20606475697425558
-1.2036268545590503,-0.20608583368799233
-1.203569987790407,-0.20611011404667
-1.203446395837827,-0.20616288400371002
-1.2034073270534826,-0.2061795651712814
-1.2031375014397891,-0.20629477239752608
-1.2031044066324281,-0.2063089028609278
-1.202332230018003,-0.20663859849175126
-1.2019524238851187,-0.20680076401221975
-1.2019103509018096,-0.2068187278802177
-1.2018609639348665,-0.20683981459395218
-1.2013277694721654,-0.20706747220679317
-1.2012473320876675,-0.20710181649245063
-1.2010859605014008,-0.20717071718943797
-1.1998005314977744,-0.20771955578194667
-1.1996123914552024,-0.20779988578529068
-1.1994801112807651,-0.20785636534546104
-1.1993472832053698,-0.20791307884246468
-1.198678726719531,-0.2081985318699482
-1.1984374958801847,-0.2083015300082841
-1.1984078259541031,-0.2083141981528681
-1.1983294051589337,-0.20834768141699456
-1.197886511249787,-0.208536783474783
-1.1976796848647158,-0.2086250919708229
-1.197558391515726,-0.20867688049492827
-1.1964439376715683,-0.2091527179604888
-1.1955479363306936,-0.2095352829356249
-1.1950548916652288,-0.20974579782168568
-1.194312110007868,-0.21006294271122605
-1.194274022236481,-0.21007920501648042
-1.1937463986944792,-0.21030448401777097
-1.1934820849348693,-0.2104173378520906
-1.1934712251071382,-0.21042197466404206
-1.1934487249969856,-0.21043158151805935
-1.193227990118336,-0.21052582851246648
-1.192654257435042,-0.2107707946968977
-1.1919660814034851,-0.21106462466610815
-1.191579654259587,-0.21122961715434824
-1.191557681106321,-0.21123899901400534
-1.1914776231219804,-0.21127318130748157
-1.1911641286623311,-0.21140703378592102
-1.1910506794396285,-0.21145547310970586
-1.1909119680535145,-0.21151469859917682
-1.190674528872528,-0.21161607781617853
-1.1901113476009548,-0.21185653887279515
-1.1899187906197006,-0.21193875477291174
-1.1894858522599003,-0.21212360611776665
-1.1892758261791467,-0.21221328078531004
-1.1891740786467682,-0.21225672384774624
-1.1890904297729579,-0.21229243934042424
-1.1889596943437075,-0.2123482593419787
-1.1887647474929248,-0.2124314956427747
-1.1887470466965804,-0.21243905333761792
-1.1880742052605437,-0.2127263359068567
-1.1880386070489088,-0.2127415352467768
-1.1875230452636167,-0.21296166424946222
-1.187246331209897,-0.2130798126274297
-1.1870708196378144,-0.21315475066283968
-1.186628900247003,-0.21334343663131483
-1.1864514267552086,-0.21341921234601346
-1.1859597503094579,-0.2136291430443984
-1.1855256397814484,-0.21381449486897502
-1.1852012889543995,-0.21395298268191076
-1.1850543212466018,-0.2140157333664407
-1.1846710276537773,-0.21417938792488755
-1.1845555364388776,-0.21422869911644604
-1.1844448728726045,-0.21427594905073583
-1.1844192160101692,-0.21428690374074766
-1.1843003188797887,-0.2143376691533122
-1.1842739900386203,-0.2143489107575458
-1.1839005212918234,-0.2145083704093504
-1.183831604810498,-0.2145377956242046
-1.1837206434955072,-0.21458517268802568
-1.1833417805464108,-0.21474693549806745
-1.1831167605291204,-0.21484301211468942
-1.1829558227135448,-0.21491172760495192
-1.1827839392879886,-0.21498511653354452
-1.1823228243044313,-0.2151819984288854
-1.1821418928511525,-0.2152592505866303
-1.1815703285474075,-0.21550329093978138
-1.1809113928571615,-0.21578463618387356
-1.1807693585702168,-0.21584528044965157
-1.180479609019918,-0.21596899458315666
-1.1802749959946408,-0.21605635804273737
-1.1797055313017746,-0.2162995019267126
-1.1796519003656192,-0.21632240068458358
-1.1796249754134749,-0.21633389680984338
-1.1791952969390518,-0.21651735628404878
-1.1779192260447235,-0.21706219925212294
-1.1779037544867543,-0.21706880513084176
-1.1775000694936728,-0.21724116618913025
-1.177222996770439,-0.21735946770793318
-1.1772089790993685,-0.21736545282172703
-1.1771893119886223,-0.21737385007225574
-1.1768575461827808,-0.21751550385275004
-1.176259628451978,-0.21777079630755247
-1.1762553845324546,-0.21777260833047335
-1.1756955320314109,-0.21801164810460222
-1.1756441249689928,-0.2180335973368841
-1.1755931109788422,-0.2180553787394146
-1.174973807889127,-0.21831980208378976
-1.1749711682263595,-0.21832092913848816
-1.174629175607479,-0.2184669494531576
-1.174535494650356,-0.21850694833641549
-1.1744990331041574,-0.21852251629360314
-1.1743246723110585,-0.21859696298183184
-1.1742401105379559,-0.21863306825438977
-1.1736533505962083,-0.2188835966769324
-1.1732415500397404,-0.2190594228308222
-1.1724917278293883,-0.21937957381963635
-1.171670179011952,-0.21973034986044993
-1.171369531433998,-0.21985871711609772
-1.1713636259291311,-0.21986123858478235
-1.1710216118293815,-0.22000726807112125
-1.170852988984658,-0.2200792648321263
-1.170586364931646,-0.22019310509057016
-1.170382434194401,-0.22028017723417592
-1.1699432691969847,-0.22046768716150839
-1.169849559399819,-0.2205076983585761
-1.1695984251820541,-0.22061492493446644
-1.16903690850275,-0.22085467526145447
-1.1689992528086153,-0.2208707530830304
-1.1685807672560957,-0.2210494335243321
-1.1684998745884205,-0.22108397220188314
-1.1681550422679303,-0.2212312049816756
-1.1680982110729936,-0.22125547015147612
-1.1674426189809497,-0.22153538778212106
-1.167101649100442,-0.22168097141900622
-1.1669240007535857,-0.22175682179143041
-1.1667673824436415,-0.22182369298583193
-1.166501786473464,-0.2219370942845711
-1.1661857019690616,-0.22207205263234503
-1.1658861287040585,-0.22219996118945223
-1.1651188124062313,-0.22252758161478897
-1.1651111606288431,-0.22253084868805412
-1.1648575938156531,-0.22263911390726543
-1.1647306185104973,-0.22269332845164597
-1.1642535920717614,-0.22289700404826496
-1.1642328648615,-0.22290585392863538
-1.1640533927587444,-0.22298248298865586
-1.1638173771765394,-0.22308325437282572
-1.1636347978095944,-0.22316121013894935
-1.162874914589201,-0.22348565686916555
-1.1622194351133728,-0.223765526416155
-1.161812588412241,-0.22393923742639826
-1.160781495462666,-0.22437948235754102
-1.1606511655060612,-0.22443512923476477
-1.1605168686144596,-0.22449246987104798
-1.1595437903635026,-0.2249079443127709
-1.1590798136880494,-0.22510604806240941
-1.1585109198888923,-0.22534894819235485
-1.158063158965492,-0.22554012831532239
-1.1579360198133937,-0.2255944128173008
-1.1570216730073202,-0.2259848107410246
-1.1569803433111892,-0.2260024572482915
-1.1568434723717798,-0.22606089692370618
-1.1567543818335295,-0.22609893583949325
-1.1566747682514293,-0.22613292838690063
-1.1566040978147767,-0.22616310248665616
-1.1562132577069524,-0.22632997917457065
-1.155815394029598,-0.22649985471034384
-1.155363184556887,-0.22669293422684905
-1.1546913896704933,-0.2269797699516246
-1.1545926729859386,-0.22702191893539236
-1.1544591261677548,-0.22707893931342876
-1.1544547993327998,-0.22708078673868537
-1.1537888718419982,-0.22736511726626268
-1.1534068912096291,-0.22752821123103512
-1.1531318690455452,-0.22764563722423964
-1.1523170723877112,-0.22799353030087377
-1.152059468681393,-0.22810351914911187
-1.152049061409387,-0.2281079627337077
-1.1520304719321668,-0.22811589986791297
-1.1520209490098403,-0.22811996586243433
-1.1513289266125561,-0.2284154381113398
-1.1508737654465342,-0.2286097779099746
-1.1508152928958129,-0.22863474388814048
-1.1497493936117766,-0.2290898500520407
-1.1497460552422067,-0.22909127543302304
-1.1492368586274275,-0.22930868670395083
-1.1489636491022828,-0.2294253387561584
-1.1481642330008592,-0.22976666480893626
-1.1476483029146085,-0.229986951064787
-1.147576494473515,-0.23001761105738794
-1.1471657218741738,-0.23019299830524653
-1.146002203554272,-0.23068978479073204
-1.1457919490752724,-0.2307795569772919
-1.145446176594715,-0.2309271911764752
-1.1451821235525674,-0.2310399336924686
-1.1447324299507557,-0.23123193900959021
-1.144690017777189,-0.2312500477013809
-1.144402182910338,-0.2313729443240275
-1.1444020106678716,-0.23137301786625536
-1.1436983339710516,-0.2316734661421027
-1.1435652205349625,-0.2317303014793335
-1.1435386378954342,-0.23174165144764958
-1.1429568219819368,-0.23199006892240875
-1.142735234103679,-0.23208468012137573
-1.1425690466646428,-0.2321556370391643
-1.142451461131581,-0.23220584244007159
-1.142018562037312,-0.2323906770197539
-1.1418884646527938,-0.23244622459586012
-1.1415917329345076,-0.23257291990004075
-1.1414781069500732,-0.23262143469564084
-1.1411186868618837,-0.2327748960029279
-1.1409838770293772,-0.23283245564917882
-1.1409477060025464,-0.23284789956354457
-1.140553856482407,-0.2330160611778258
-1.1401207018553827,-0.23320100486212403
-1.1400548859048614,-0.23322910624582294
-1.1392182378878837,-0.23358632917977573
-1.1391617335098545,-0.23361045480882298
-1.1389162543925604,-0.23371526683099286
-1.138168785862218,-0.23403441287093774
-1.1381019186678065,-0.2340629631033989
-1.1380049621847914,-0.23410436053532435
-1.1376841763901957,-0.234241326189208
-1.1371200907773191,-0.23448217337170685
-1.1369385922298478,-0.23455966766120517
-1.1366983489124303,-0.2346622441580936
-1.1359412375979172,-0.2349855073698754
-1.1358242842592547,-0.23503544284324634
-1.1353267949814094,-0.2352478554418967
-1.1347569428149618,-0.23549116476515675
-1.1345292026735818,-0.23558840279098314
-1.1344427459190092,-0.23562531716226204
-1.1342662154924021,-0.23570069021717255
-1.1339986067139607,-0.23581495092304466
-1.133677909054626,-0.23595187894588648
-1.1334370916238679,-0.23605470057148858
-1.1331137042847805,-0.23619277700474084
-1.1330807876479818,-0.23620683139480037
-1.133066829204313,-0.23621279122031802
-1.1329754401927379,-0.23625181151342012
-1.1323450435246865,-0.23652097147405537
-1.132192347623235,-0.2365861679208433
-1.1319893889251071,-0.23667282503368536
-1.1315475023453923,-0.23686149699283293
-1.131385782890832,-0.236930546218867
-1.130822420803705,-0.23717108447815577
-1.1305752353597653,-0.2372766250492474
-1.130389296112002,-0.23735601538099393
-1.1299657234077176,-0.23753686787941164
-1.1293621034429067,-0.23779459501250305
-1.1293462489399115,-0.23780136439695293
-1.1293420130188307,-0.23780317300478537
-1.129320673748302,-0.23781228421603795
-1.1290461722432206,-0.2379294879038848
-1.128602719812656,-0.238118828433116
-1.128061734134764,-0.2383498126548692
-1.1279290893300171,-0.23840644790095067
-1.1274317779519307,-0.2386187845418835
-1.1267538857751032,-0.23890822362187408
-1.1261609156484844,-0.23916140360207894
-1.1259966540891904,-0.23923153822853604
-1.1258794072141225,-0.2392815990329108
-1.1258641362368504,-0.2392881192698501
-1.1258469995651703,-0.23929543610083692
-1.1256003410622875,-0.2394007516843274
-1.1255763599007949,-0.23941099090164958
-1.1254867429464754,-0.23944925458088417
-1.1251036874558984,-0.2396128074770052
-1.1242383403168605,-0.23998228405212618
-1.124218277478306,-0.23999085026624056
-1.1241588846757407,-0.24001620916359956
-1.1234414715884633,-0.24032252245508245
-1.123383445546203,-0.24034729778788816
-1.1232955361478338,-0.24038483239332592
-1.1232295385217594,-0.24041301134689047
-1.1224637098526298,-0.24073999660059336
-1.122089765479469,-0.24089965933020585
-1.1219772330955202,-0.24094770719208225
-1.1212042026957203,-0.24127776736296347
-1.1210507344265033,-0.2413432935869978
-1.120899203649976,-0.2414079925613296
-1.120202320462318,-0.24170554021800927
-1.1201740101469708,-0.24171762785068662
-1.1198162595032854,-0.24187037635659042
-1.1197659037075751,-0.24189187673036783
-1.1195805471202833,-0.24197101828403939
-1.1195331257692807,-0.2419912657403095
-1.1193940958636885,-0.2420506272277868
-1.119191441673134,-0.24213715432527422
-1.1188924106886726,-0.2422648313452927
-1.1176179862376097,-0.2428089713328041
-1.117607947137344,-0.24281325771940676
-1.117339744530119,-0.24292777197187898
-1.115980469626058,-0.24350814048937214
-1.115885973876582,-0.24354848726386846
-1.115870430561459,-0.24355512378068184
-1.1152168775535336,-0.24383417078521324
-1.11444942519535,-0.24416184930413165
-1.1142959626374749,-0.2442273730895988
-1.1140824796818498,-0.2443185237362384
-1.11386626338856,-0.24441084143387226
-1.11356521176325,-0.244539381205296
-1.1133397960375964,-0.24463562677720102
-1.1132060622814288,-0.2446927269719988
-1.1131658109106592,-0.2447099130675493
-1.1130780404867722,-0.24474738833516368
-1.1128416603260174,-0.24484831538314494
-1.1127997843242985,-0.244866195146071
-1.112552778771291,-0.24497165890927547
-1.1124944097259128,-0.244996580693848
-1.1115644543740253,-0.245393642985881
-1.1114917767268029,-0.24542467410272678
-1.1114581767092726,-0.24543902027531006
-1.1110698378132462,-0.2456048290228257
-1.1109844193575764,-0.24564130007245327
-1.1105595936136878,-0.24582268758018772
-1.1099293051970187,-0.24609180132081693
-1.1094225027684836,-0.24630819034796075
-1.1087234748567458,-0.2466066537357638
-1.1086180270873336,-0.24665167668544352
-1.108540411806322,-0.24668481601983483
-1.108223714211503,-0.24682003613833314
-1.108035198301681,-0.24690052662541584
-1.107822094516799,-0.246991515377827
-1.1076085529039057,-0.24708269106931346
-1.106943124552054,-0.2473668084799331
-1.1066749835138907,-0.24748129644431227
-1.1064437116394148,-0.2475800424113912
-1.1063788681418985,-0.24760772858760927
-1.106330449100435,-0.2476284020269765
-1.1053381145943553,-0.2480520982965318
-1.105279003959914,-0.24807733671679272
-1.1046125773389495,-0.248361880357576
-1.1044042009823651,-0.2484508506437118
-1.1040746916933202,-0.2485915409610362
-1.1040052324995189,-0.24862119789740134
-1.1032420758191497,-0.24894704229420267
-1.1031481261719163,-0.2489871558998617
-1.103063511571461,-0.24902328372807214
-1.1030217713505945,-0.24904110551675634
-1.1023584781618583,-0.24932431127849003
-1.1019760022320089,-0.24948761672003128
-1.1015652708496642,-0.24966298636950168
-1.1012231715538428,-0.24980905223193928
-1.1011851605456435,-0.2498252817616768
-1.101038660734299,-0.24988783266883258
-1.100977378679181,-0.24991399821884142
-1.1009658939304723,-0.2499189018528023
-1.0990014255884022,-0.25075766932797816
-1.098945741598291,-0.2507814446766529
-1.0985727508369318,-0.2509407002433982
-1.0985698206949905,-0.25094195132375674
-1.097574279356892,-0.25136701681181167
-1.0973870825601855,-0.25144694407822354
-1.0971524648255977,-0.2515471186245154
-1.0969099000816622,-0.25165068629902587
-1.0962498366286093,-0.2519325130631007
-1.0954404222669578,-0.252278108065043
-1.095328731933602,-0.252325796397252
-1.0950485779291828,-0.25244541352821537
-1.0949957761014004,-0.25246795828234836
-1.0946055114877071,-0.25263458925199433
-1.0943578684432478,-0.2527403252044135
-1.093954090377116,-0.2529127260020277
-1.0938786988222227,-0.2529449158738589
-1.0937283274843024,-0.2530091198036169
-1.0935723524173833,-0.253075716353059
-1.092957221956616,-0.253338358113393
-1.0929359686795417,-0.253347432608089
-1.0923293659988056,-0.2536064332690107
-1.0917511820357726,-0.25385330001278805
-1.0913766777331204,-0.2540132018150473
-1.0905283921265723,-0.25437539364130124
-1.090118789700174,-0.25455028126135515
-1.0901063542215708,-0.2545555908276981
-1.0891841043944754,-0.25494936309798005
-1.089122594288268,-0.25497562601877977
-1.0890139803959924,-0.2550220008054039
-1.0889352063090456,-0.25505563491423766
-1.0889127905960017,-0.255065205733289
-1.0888571057626029,-0.25508898144202163
-1.088613578071402,-0.2551929602653549
-1.088231366342041,-0.25535615290142505
-1.0881837283871616,-0.2553764928408789
-1.086806006605289,-0.25596473760702193
-1.0867923226565925,-0.2559705802316409
-1.0861722115341528,-0.2562353485811014
-1.0860683816112497,-0.2562796807601526
-1.0860648130413333,-0.25628120442959273
-1.086035523998103,-0.2562937099489305
-1.0854864399719866,-0.25652815191594125
-1.0852141733185394,-0.2566444013909752
-1.0848558317332548,-0.25679740221074043
-1.0845576194514175,-0.25692472966995517
-1.0845086533270738,-0.25694563669686166
-1.0838658696899546,-0.25722008551176234
-1.082741183251022,-0.257700291980121
-1.0824183385042305,-0.2578381367431754
-1.0823877609504953,-0.257851192416812
-1.0822138271182824,-0.25792545680589296
-1.0821151294168343,-0.2579675976844586
-1.0816589482698786,-0.25816237298353606
-1.0810873156089658,-0.2584064425230923
-1.080930740988503,-0.25847329506343103
-1.0805916230994448,-0.25861808795700986
-1.080426963155489,-0.25868839268144683
-1.0803617954960143,-0.2587162172648367
-1.0802908418465869,-0.2587465122877243
-1.0797940552698975,-0.2589586248546247
-1.079606643832119,-0.25903864376616315
-1.0793096867219096,-0.25916543530575264
-1.0792608862491653,-0.2591862716045287
-1.0789899727607803,-0.2593019433197594
-1.0788990488538506,-0.2593407650275035
-1.078726140319236,-0.25941459164608993
-1.0786075582954546,-0.259465222517842
-1.0786020184107514,-0.2594675878779783
-1.0783165560643633,-0.25958947150746214
-1.0782635594687537,-0.25961209942145824
-1.077863300207332,-0.25978299779784286
-1.0763177448758952,-0.26044290232026834
-1.0762494267833251,-0.2604720720415546
-1.0760046407474844,-0.2605765881392913
-1.0759936511129256,-0.2605812803747601
-1.0757083958622942,-0.26070307558073463
-1.0749039986402005,-0.26104652841861686
-1.0748044678111546,-0.261089025017006
-1.0745719775446747,-0.26118829119994325
-1.0743976174333056,-0.2612627375970944
-1.073985576412756,-0.26143866642174063
-1.073142995659764,-0.26179842245123935
-1.0730468128531108,-0.26183948954718794
-1.0730285876110472,-0.26184727116420004
-1.072670887810733,-0.26199999796155027
-1.0726621329856423,-0.2620037360022097
-1.0721456690384106,-0.26222425020025597
-1.0720289294601937,-0.26227409440450056
-1.0706406556631656,-0.2628668445561061
-1.0702182425022788,-0.26304720196520776
-1.0696436508926337,-0.26329253488473514
-1.069290613035266,-0.2634432711760383
-1.0691333273215007,-0.2635104273313149
-1.0688994798075209,-0.26361027301713047
-1.068849909368933,-0.26363143806760625
-1.0687240163636416,-0.2636851905032803
-1.0685472646449128,-0.2637606580431107
-1.0683239899341956,-0.2638559894675824
-1.067962360366484,-0.26401039415457195
-1.0677560611497305,-0.2640984775659772
-1.0677135752691527,-0.26411661772839157
-1.0671804634335873,-0.26434424006199053
-1.0670390262646272,-0.26440462937678083
-1.0668104321635379,-0.26450223201710066
-1.0666871601019927,-0.26455486539052187
-1.0663222087473052,-0.264710688378237
-1.0662529793940936,-0.26474024717974975
-1.0660071811690792,-0.2648451954510875
-1.0657205991987038,-0.26496755712552883
-1.0651475201881841,-0.26521224421181877
-1.0650106635196486,-0.26527067779401003
-1.06496897564319,-0.26528847723324445
-1.064768965762659,-0.26537387529179834
-1.0646905719863,-0.2654073470197249
-1.0643757739017168,-0.26554175610585856
-1.0638833887451726,-0.26575198940192346
-1.0633597224804943,-0.2659755787676835
-1.0631760854086507,-0.2660539861412208
-1.0630499307522268,-0.2661078502938692
-1.0630073411119068,-0.2661260347584976
-1.0629147749268482,-0.2661655576684196
-1.0622937781634745,-0.2664307041592806
-1.0621340630373934,-0.26649889759878864
-1.0620002232316252,-0.2665560430734995
-1.0615697207574966,-0.26673985437019954
-1.0609008044806536,-0.2670254610173601
-1.0605432300105346,-0.2671781343025774
-1.0602056401769921,-0.267322274763516
-1.059639820110198,-0.2675638625044153
-1.0594173693710767,-0.2676588421183943
-1.0590300139198399,-0.26782423096527547
-1.0589987761434918,-0.2678375685336326
-1.058454347234807,-0.2680700229088805
-1.0579982293303511,-0.2682647712053583
-1.0574085634089783,-0.2685165403916951
-1.0570600434906294,-0.2686653476621923
-1.0569088594703238,-0.26872989858229795
-1.0567808059838282,-0.268784573476902
-1.056639947313443,-0.2688447157906187
-1.0566063512213058,-0.26885906028718004
-1.0565251031304441,-0.2688937507194845
-1.056274027269263,-0.26900095237891103
-1.0562548856464444,-0.26900912526228027
-1.056245273738019,-0.2690132292511248
-1.0559176309337408,-0.26915312263694263
-1.0555862428349456,-0.2692946151481617
-1.0551730394919179,-0.26947104024870605
-1.0549462444544235,-0.269567874744283
-1.0548962251622422,-0.269589231441418
-1.0542085781802637,-0.2698828355227538
-1.0541793318665367,-0.26989532279790995
-1.0539030517335826,-0.2700132859050756
-1.0536717042495296,-0.2701120641551149
-1.0535404281329575,-0.27016811501350246
-1.0530166848566258,-0.2703917372608665
-1.052883080696073,-0.27044878212232837
-1.0527284441140627,-0.2705148071799407
-1.0524057804656075,-0.2706525746195832
-1.0518028373252097,-0.27091001276949667
-1.0515521094739315,-0.27101706583941343
-1.0513813915503607,-0.2710899571345564
-1.0506855926947998,-0.2713870418148288
-1.0506566909332646,-0.27139938197681135
-1.050627006341733,-0.27141205638309107
-1.050329080892406,-0.2715392613736581
-1.048803673826692,-0.27219056320719975
-1.0482546401720911,-0.2724249836671247
-1.0481514159626146,-0.27246905722519926
-1.048027402075175,-0.2725220073354285
-1.0478122312404397,-0.2726138786544604
-1.047678515085976,-0.27267097133387297
-1.0474208033934451,-0.2727810062888977
-1.0473264585976314,-0.27282128861082977
-1.0469660128126985,-0.2729751878590341
-1.046876865193021,-0.2730132511468325
-1.0466780780686826,-0.2730981271261538
-1.0464336214419239,-0.2732025025763584
-1.0459781864285398,-0.27339695929938224
-1.0457791937648862,-0.2734819230376603
-1.0457627565261525,-0.27348894123232215
-1.0456503640252655,-0.27353692936843954
-1.0456218237805703,-0.2735491151738666
-1.0451970577802419,-0.27373047717294086
-1.0450478386564186,-0.27379418914276843
-1.0449487875930645,-0.2738364808959841
-1.044868037914239,-0.27387095852170074
-1.0445664812800457,-0.27399971391636296
-1.0444699847600774,-0.2740409149582345
-1.044114558181049,-0.27419267116011253
-1.043517226887962,-0.2744477132240728
-1.042664333886443,-0.2748118722660686
-1.0418270554239413,-0.2751693643808418
-1.0415720626004772,-0.27527823846251814
-1.0415280218115823,-0.27529704252289167
-1.0409399189457231,-0.27554814433266717
-1.0409123905574613,-0.2755598981065629
-1.0406876448295055,-0.27565585761008693
-1.0401475176333799,-0.27588647528656773
-1.0398674436674642,-0.2760060582435556
-1.0398427881503556,-0.2760165853899551
-1.0393856210015977,-0.2762117816814327
-1.0392762441636625,-0.27625848222235394
-1.0391027609224435,-0.2763325542229592
-1.0386419462138963,-0.27652930791011954
-1.0385890008835938,-0.27655191393540857
-1.0378834837963822,-0.2768531480012679
-1.0377945076481072,-0.2768911380760588
-1.037722823659256,-0.2769217449313853
-1.0368325026478094,-0.2773018845808135
-1.0357281717776063,-0.2777733998482893
-1.0355775147677555,-0.2778377257511629
-1.0349294754633365,-0.2781144185741226
-1.0346947033115133,-0.27821465905181797
-1.0345997286778323,-0.27825521029511985
-1.0345966253344328,-0.2782565353271664
-1.0344753669366302,-0.2783083089281915
-1.0340396396697582,-0.27849435105046577
-1.0338601840573327,-0.2785709730696234
-1.0334402307672996,-0.27875028018963616
-1.0332465613584216,-0.27883297106208466
-1.0330641283612376,-0.2789108643328288
-1.0328260393511082,-0.27901252100685936
-1.032824869620744,-0.27901302044569654
-1.032662804027425,-0.27908221746231915
-1.0319689724164034,-0.2793784621897657
-1.0316186822623061,-0.27952802529640336
-1.031267961015314,-0.279677772466429
-1.031224123084571,-0.2796964899126198
-1.0305565099559715,-0.2799815401556181
-1.0299450994860104,-0.280242593594456
-1.0298471601842178,-0.280284410659728
-1.0296411209647542,-0.28037238306029855
-1.029339267107761,-0.28050126535994174
-1.0292958696018073,-0.2805197947583129
-1.0290287273487322,-0.28063385627222276
-1.0285801956585292,-0.28082536548887505
-1.027583529292344,-0.28125091132927116
-1.0269819570024108,-0.2815077641682593
-1.0269316360887708,-0.28152924964846726
-1.026782910504456,-0.2815927508921261
-1.0264341439968576,-0.2817416634486378
-1.026332613454346,-0.28178501386308424
-1.0247525044034465,-0.2824596717594437
-1.0247057896327163,-0.28247961752770057
-1.0244186296711184,-0.28260222598659146
-1.0242181472614202,-0.2826878258005453
-1.0241432371786319,-0.28271981009861735
-1.0236615873101496,-0.28292545975733374
-1.0236186048602953,-0.2829438119395343
-1.0233436401993117,-0.28306121338068596
-1.0226605280972738,-0.2833528812079641
-1.0222176646845362,-0.2835419702447253
-1.0214264649220244,-0.2838797881738564
-1.021227804939652,-0.2839646098674744
-1.020990422568395,-0.28406596482847124
-1.020771002456811,-0.2841596504578372
-1.0203217582871513,-0.28435146388127264
-1.0202024449487623,-0.28440240700183717
-1.0199869289236858,-0.28449442570651273
-1.0197942657291725,-0.2845766869564197
-1.0194035566573822,-0.2847435076959834
-1.0193996951479294,-0.2847451564415828
-1.0189129720594312,-0.2849529722089874
-1.0185763142013065,-0.28509671474512843
-1.018483190528821,-0.28513647568501055
-1.0181519763495779,-0.2852778939379378
-1.0178713773886838,-0.2853977010516111
-1.0177930529532604,-0.28543114317309404
-1.017667998398312,-0.28548453761629633
-1.0174528043775575,-0.2855764188350442
-1.0172697562873632,-0.2856545747315583
-1.0169452633778586,-0.2857931232093265
-1.0166545537331777,-0.28591724727356127
-1.0164146810139687,-0.28601966553642966
-1.016143980249165,-0.28613524642524313
-1.0159962898695076,-0.2861983056683982
-1.0159640181705343,-0.2862120846898708
-1.0155065036334934,-0.2864074293054454
-1.0154160381990274,-0.2864460552595688
-1.0151140230323457,-0.28657500643348055
-1.0147823679375543,-0.28671661294376627
-1.0146688578343692,-0.2867650782616421
-1.0143463300983036,-0.2869027876708805
-1.0142324603005006,-0.28695140656727947
-1.0141804427564947,-0.2869736164563962
-1.0134415216746668,-0.2872891129990923
-1.0133598095727037,-0.2873240015498452
-1.0130092738333956,-0.2874736695138036
-1.0130055755772596,-0.2874752485552651
-1.0114677413143887,-0.2881318564192267
-1.0104458488823829,-0.2885681730127494
-1.0102289468045247,-0.2886607835192714
-1.0093103386371869,-0.28905300091300246
-1.0088591613882099,-0.2892456397017663
-1.0088523352974779,-0.2892485542322609
-1.0081719425015738,-0.28953906099957627
-1.0079183959531268,-0.28964731756636647
-1.0079076395520472,-0.28965191021832337
-1.0078156158164906,-0.2896912015190159
-1.0076686125743286,-0.28975396737562464
-1.0075070422541843,-0.2898229529258566
-1.007409345595822,-0.2898646663898573
-1.0071120076667395,-0.2899916205273763
-1.0068516996709151,-0.29010276402393964
-1.0068249327721865,-0.29011419266525884
-1.0068084599698086,-0.2901212260445015
-1.0067003723868042,-0.29016737611327725
-1.0066050926434198,-0.290208057629025
-1.006593534961528,-0.29021299240320886
-1.0064579092532135,-0.2902709004033001
-1.0060172377524172,-0.2904590535611746
-1.0060077554228943,-0.29046310222381894
-1.0059280652178617,-0.2904971274868584
-1.0054796231959342,-0.29068859841791883
-1.0050707654714108,-0.2908631680732096
-1.0040292164444558,-0.29130787742733955
-1.0036865341997454,-0.2914541921909976
-1.0034856065313773,-0.29153998211668924
-1.0029662422323167,-0.2917617346756338
-1.0028855975827122,-0.2917961674571079
-1.0026041122655773,-0.29191635301759566
-1.002167327192925,-0.2921028467903573
-1.001732874308328,-0.292288344790652
-1.0015550006724039,-0.2923642913545692
-1.0014547342816928,-0.29240710201513354
-1.0009675414380579,-0.29261511835351284
-1.000519332125537,-0.2928064899248244
-1.0004900088750983,-0.29281901004958655
-0.9998191970837356,-0.29310542602306405
-0.9997965405047032,-0.29311509968447375
-0.9992281928496598,-0.29335776662770396
-0.9990650201347215,-0.293427436351158
-0.9984240121003405,-0.29370112703837925
-0.9978243777659972,-0.29395715243002074
-0.997797337428219,-0.2939686978213923
-0.9977523429506155,-0.29398790907747013
-0.9975027393782876,-0.29409448211490363
-0.997330307969471,-0.2941681050154702
-0.9973174820197672,-0.29417358130094606
-0.9973034163553027,-0.29417958690644097
-0.9970767789628405,-0.29427635409244496
-0.9967406128088311,-0.2944198866860732
-0.9965381384571972,-0.2945063369978808
-0.9964947428542271,-0.2945248655837365
-0.9964137629752721,-0.29455944149781793
-0.9964061424352705,-0.294562695233681
-0.9964049555972405,-0.29456320197696456
-0.9959042889638837,-0.2947769712085537
-0.9958810997074886,-0.29478687230679035
-0.9955956408860337,-0.2949087544312363
-0.9950299756910138,-0.2951502760466581
-0.9949597561247034,-0.29518025763866484
-0.9942097247669659,-0.29550049792697075
-0.9940690540629145,-0.29556055998485253
-0.9937372640688026,-0.2957022240929933
-0.9934327023924894,-0.29583226254808354
-0.9928502374033061,-0.29608095715816857
-0.9928246037707312,-0.29609190192974566
-0.9920330481635143,-0.2964298717936058
-0.9911692935678909,-0.2967986684017401
-0.9909716221203483,-0.29688306802143294
-0.9904785986813309,-0.29709357384445456
-0.9900763030309444,-0.2972653416962048
-0.9899008127168517,-0.29734027065510793
-0.9897875628714927,-0.29738862485090817
-0.9894582438928952,-0.2975292339115331
-0.9893528473590619,-0.29757423498519886
-0.989208344535562,-0.29763593324005344
-0.9888960541209326,-0.2977692716283546
-0.9888920345557854,-0.2977709878588673
-0.9888027714384888,-0.2978091004605915
-0.9878149979068501,-0.29823084933454147
-0.9874398251076757,-0.2983910365642255
-0.9872168092245833,-0.2984862574772733
-0.9870272841469184,-0.298567178847942
-0.9867673407889869,-0.2986781666553562
-0.9866376943282305,-0.2987335217009048
-0.9862336237330448,-0.29890604739941495
-0.9860663446714447,-0.29897747040641565
-0.9858661391652901,-0.2990629519910853
-0.9858104835924464,-0.2990867152064622
-0.9851866400235819,-0.29935307719558424
-0.9845324716574656,-0.29963238693910954
-0.9843385558111182,-0.29971518303276723
-0.9842830922227802,-0.2997388642766734
-0.9841254223450592,-0.2998061844581264
-0.9840536939958701,-0.29983681025395115
-0.983673435125186,-0.29999916907951546
-0.9830317579736186,-0.30027314545916595
-0.9827844979065146,-0.3003787178920503
-0.982566968587222,-0.30047159621134534
-0.9825359145756125,-0.3004848553178191
-0.9821078464525839,-0.3006676272215789
-0.9820164172237962,-0.3007066646861922
-0.9819310439283876,-0.3007431164537792
-0.9815986165963742,-0.3008850526855734
-0.9804771890496168,-0.30136386770734946
-0.9803363166743382,-0.3014240158726336
-0.9801621657140137,-0.3014983729687306
-0.9798021363259348,-0.30165209442830376
-0.9797835315888509,-0.3016600380780007
-0.9795198633326134,-0.30177261630226226
-0.9787188897244541,-0.30211460736244433
-0.9784609415529496,-0.3022247432867071
-0.9779479542023701,-0.3024437730850643
-0.9775747595267432,-0.302603115716921
-0.9774157705392159,-0.3026709991176322
-0.9772306117783677,-0.30275005620550544
-0.9764536590459841,-0.3030817910915895
-0.9759616830165825,-0.3032918497029661
-0.975649186693566,-0.3034252760078064
-0.9751921765593436,-0.30362040525891343
-0.9746692729782142,-0.3038436689822892
-0.9741862037245509,-0.3040499246747598
-0.9741405902546587,-0.30406940022147955
-0.9739458024808906,-0.30415256860129
-0.9731243010484543,-0.304503324410168
-0.9728840748123587,-0.30460589361385815
-0.9728732094735613,-0.30461053277886524
-0.9728261741112207,-0.3046306154298653
-0.9725943233432631,-0.30472960856663034
-0.9724255314695527,-0.3048016774978065
-0.9720329698222853,-0.30496928923003863
-0.971922787152814,-0.30501633383620574
-0.9709113049367409,-0.3054482055881663
-0.970466689184994,-0.3056380428197114
-0.9699528744380062,-0.3058574258908505
-0.9699082109310909,-0.3058764958326387
-0.9697617459327662,-0.30593903187570726
-0.9696974118598146,-0.30596650054332675
-0.9695454757560257,-0.3060313725799148
-0.9675634498504466,-0.3068776365939249
-0.9672595661227866,-0.3070073855858215
-0.9672128879003393,-0.30702731574908726
-0.9671587771764808,-0.30705041936152966
-0.9667035260504527,-0.3072447975703163
-0.9666495556804348,-0.30726784125599194
-0.9661226472457873,-0.3074928149284678
-0.9656577792265642,-0.30769129925444233
-0.9654323160771463,-0.30778756507483374
-0.9653238235588205,-0.3078338880385196
-0.9649685270287426,-0.30798558871350123
-0.964794741359322,-0.3080597898416336
-0.9644792903949471,-0.3081944776873291
-0.9642185662479295,-0.3083057988676342
-0.9642065823674882,-0.30831091561547136
-0.9640203119268206,-0.3083904473563871
-0.9639354903599475,-0.3084266635528832
-0.963376518191372,-0.3086653274521627
-0.9631001616884747,-0.3087833231669418
-0.9625316560303295,-0.30902605757263
-0.9625050617977007,-0.30903741249084327
-0.9625019823768558,-0.3090387273086957
-0.9623409927006353,-0.30910746494185626
-0.9620649685348245,-0.3092253187589358
-0.9617087987494846,-0.30937739228701766
-0.961569429293657,-0.3094368987519871
-0.961345241716559,-0.3095326199422864
-0.9608074474354333,-0.3097622415359175
-0.9607581189499335,-0.3097833032798769
-0.9605995020147678,-0.30985102782568885
-0.9605724266632953,-0.3098625881668295
-0.960508425434535,-0.3098899147202313
-0.9598966228148357,-0.3101511355949287
-0.9596639190365087,-0.3102504929408483
-0.9593514165608509,-0.31038392187267716
-0.9591765801657152,-0.31045857162832663
-0.9588446323872878,-0.31060030310551007
-0.9585559286360025,-0.31072357071504786
-0.958448726195759,-0.31076934285512764
-0.9575534348596845,-0.3111516046800827
-0.9574641770603197,-0.31118971501121384
-0.9573922979631392,-0.3112204051717876
-0.9570339281311004,-0.3113734180520469
-0.9567894291176579,-0.31147781160005994
-0.9561488818540388,-0.3117513055523577
-0.9557670560316293,-0.3119143334180459
-0.9556200901401933,-0.3119770833270451
-0.9553708219138596,-0.31208351318206795
-0.9553050390703609,-0.3121116004300879
-0.9552979319656676,-0.31211463494488867
-0.9546651479728636,-0.31238481421966213
-0.9538832808225035,-0.3127186474108549
-0.9538077067264554,-0.3127509152221367
-0.9536936528721577,-0.31279961270498985
-0.953655624599504,-0.3128158496061177
-0.9535095641778456,-0.3128782129074109
-0.9521886248464788,-0.3134422133161239
-0.9520990374699869,-0.3134804643665372
-0.9520240747700679,-0.3135124711305032
-0.9519658747669346,-0.3135373207392435
-0.9518312723599474,-0.3135947918211864
-0.9512545427874921,-0.3138410375849832
-0.9512413525039787,-0.31384666942977435
-0.9511673337757455,-0.3138782731469054
-0.9509253293821999,-0.31398160156905847
-0.9508893561045968,-0.3139969610505949
-0.9498685356728245,-0.31443281993303607
-0.949718814983651,-0.31449674605581956
-0.9496022818066193,-0.31454650213311536
-0.948887260726619,-0.31485179411116654
-0.94815770566227,-0.3151632916528785
-0.9476388678967195,-0.3153848193982317
-0.9473789933104121,-0.31549577784228056
-0.9472624213366292,-0.3155455504845942
-0.9471887502170436,-0.3155770057835394
-0.946931579273247,-0.3156868098555101
-0.9459332225514985,-0.31611307742566797
-0.945803854024559,-0.3161683138020372
-0.945460803884762,-0.3163147856455657
-0.9453578340104376,-0.3163587506103638
-0.9447155342859898,-0.31663299280945856
-0.9444735633625831,-0.3167363069408933
-0.9443288218325917,-0.3167981071160674
-0.9441912925208125,-0.31685682789620595
-0.9441125018587286,-0.3168904690821126
-0.9439681284445036,-0.31695211208319274
-0.9437204403496234,-0.31705786727075397
-0.9435855523931487,-0.3171154602735329
-0.9434975621240376,-0.31715302940828655
-0.9428720900120453,-0.317420086735164
-0.9426093587473551,-0.31753226489289477
-0.9423250179833849,-0.3176536696412319
-0.9421821052396075,-0.3177146889810205
-0.9418357083690122,-0.3178625897755181
-0.9415826346720246,-0.3179706444492993
-0.9414639506541428,-0.3180213188693909
-0.9412480775911236,-0.31811349001827094
-0.9402660770825008,-0.31853277398920576
-0.9400511399012792,-0.3186245455453841
-0.9398235376406996,-0.3187217247003556
-0.9392922629037199,-0.31894856264944244
-0.9389476495518708,-0.31909570193636916
-0.9387441974554529,-0.3191825697150842
-0.9383956686578298,-0.3193313807767582
-0.9373237914239542,-0.3197890393411152
-0.9371534268794717,-0.31986177975427177
-0.9370493123151971,-0.31990623346642155
-0.936931651270129,-0.3199564711086297
-0.9366059680784938,-0.3200955278002061
-0.9362399730307562,-0.32025179641270735
-0.9361111652028202,-0.32030679338787205
-0.9357990935373898,-0.32044003837700297
-0.9348857842576357,-0.32082999330894496
-0.9347253794637478,-0.3208984812153643
-0.9343757984974275,-0.3210477415206645
-0.933803988442626,-0.32129188680194737
-0.9336457911523872,-0.3213594321723011
-0.9335065111730754,-0.3214189004335545
-0.9334138811487384,-0.32145845060088196
-0.9329661404344561,-0.32164962209517856
-0.9328743141696392,-0.3216888290819475
-0.9318503561548119,-0.3221260276157135
-0.9318232638022088,-0.3221375952158132
-0.9316962601996519,-0.3221918218423123
-0.9316291130802243,-0.32222049159413346
-0.9310851981854926,-0.32245272650125545
-0.9308027646406123,-0.32257331692578456
-0.9300532323841996,-0.3228933441131973
-0.9298891202862515,-0.32296341492426306
-0.9298396682000041,-0.3229845294419347
-0.9298284701360038,-0.3229893106703552
-0.9295209422615147,-0.3231206156007059
-0.9291437209036655,-0.3232816775018471
-0.9291123042270002,-0.32329509145512936
-0.9283581757012782,-0.3236170811079692
-0.9282712553321806,-0.32365419342837054
-0.9280568573306146,-0.323745734771443
-0.92748355726959,-0.32399051623949005
-0.9270645496400448,-0.3241694195916015
-0.9267787712841253,-0.32429143814742184
-0.9267278454937138,-0.3243131818913806
-0.9257554999895529,-0.32472834347279056
-0.9256317159284231,-0.3247811954542644
-0.9252885973027003,-0.32492769653917364
-0.9248054945222371,-0.3251339665465552
-0.9245482654664186,-0.32524379543056936
-0.9241063897080468,-0.3254324627693367
-0.9240763054873139,-0.32544530780497627
-0.9240315784725894,-0.32546440486264283
-0.923870479962095,-0.3255331889646863
-0.9236763182535722,-0.32561609003392
-0.923132490927953,-0.3258482875517281
-0.9231145651241148,-0.32585594131784074
-0.9229975522048668,-0.3259059022302865
-0.9224734934316029,-0.326129659185123
-0.9223086726575512,-0.3262000325790574
-0.9222320971511846,-0.32623272796170094
-0.9221996468627311,-0.3262465832353809
-0.9215173181760355,-0.3265379165684376
-0.921190728771813,-0.326677360184877
-0.9209630469260103,-0.32677457332028764
-0.9209194606217195,-0.3267931833297336
-0.9205038049303853,-0.32697065550747073
-0.9201644299471472,-0.3271155581723458
-0.9199163610395308,-0.327221475955216
-0.9193979731565886,-0.3274428116145523
-0.9193878101223176,-0.3274471509171581
-0.9187542165449922,-0.32771767585958633
-0.9186816522050094,-0.3277486585977307
-0.9185751205280188,-0.3277941443425617
-0.9181957223858631,-0.3279561356635553
-0.9178938242743486,-0.3280850368585162
-0.9175904857678292,-0.32821455305777886
-0.9155673124215175,-0.3290783857616142
-0.9155567429647835,-0.3290828985940934
-0.9155014241309821,-0.329106518032271
-0.9154009277295682,-0.32914942690032095
-0.9151300916036167,-0.3292650655841755
-0.9140310780646662,-0.32973431051498375
-0.9139687160344702,-0.3297609371810868
-0.9139666395191106,-0.32976182378918734
-0.9138257865022001,-0.3298219636890445
-0.9125624792223964,-0.3303613569868443
-0.9124970454267817,-0.33038929520216886
-0.911093350704899,-0.3309886296137128
-0.9110394922170016,-0.33101162552916896
-0.9105078337211655,-0.3312386273314674
-0.9102175309083879,-0.33136257769101024
-0.9096913907512719,-0.3315872233326437
-0.9096253835343079,-0.33161540638122255
-0.9090573425977092,-0.3318579423651241
-0.9089918222307256,-0.3318859175437567
-0.9089387322190307,-0.33190858534354395
-0.9089385336328035,-0.3319086701337463
-0.9089049992494543,-0.33192298828255584
-0.9088560916367248,-0.3319438703268055
-0.9085141060432296,-0.33208988764185177
-0.9079601678581725,-0.3323264021852189
-0.907251599404423,-0.332628939090606
-0.9069531541200521,-0.3327563660347258
-0.9067220845336997,-0.33285502563100633
-0.9061080531165628,-0.3331171981335613
-0.9054907042311018,-0.33338078709291064
-0.9042186149604226,-0.3339239300303233
-0.9037939705747688,-0.3341052401036773
-0.9036728502324001,-0.3341569547592843
-0.9025843315086162,-0.3346217187272635
-0.9018090526051257,-0.33495273893996524
-0.9014094909037051,-0.3351233394797145
-0.9013339366644466,-0.33515559881275875
-0.9011399811066637,-0.3352384118619763
-0.9010511406144857,-0.33527634401579187
-0.9008300713937948,-0.33537073376395277
-0.9001679769604939,-0.33565342769403805
-0.899912741433932,-0.3357624054024616
-0.8997867800241582,-0.3358161870447427
-0.8992897336121995,-0.3360284105532999
-0.8990920784443909,-0.33611280322204795
-0.8989164530858821,-0.33618778984075726
-0.8988827736634802,-0.336202169916775
-0.8988776586329861,-0.3362043538772499
-0.8984326388093479,-0.3363943636350466
-0.8981040913622171,-0.3365346432754988
-0.8977613288252012,-0.3366809923214981
-0.8976737146667634,-0.3367184008685786
-0.8976353821226168,-0.33673476768426225
-0.8950194026187417,-0.33785171035856626
-0.8948576459289509,-0.3379207754828968
-0.8941186347361889,-0.33823631050018643
-0.8939181001997032,-0.338321932570673
-0.8938334500842872,-0.3383580755626777
-0.8937998961955271,-0.33837240203969693
-0.892843793971779,-0.3387806282406742
-0.8925796634565019,-0.33889340383530786
-0.8921017113450855,-0.3390974746656503
-0.8918650348560426,-0.3391985282366836
-0.8916684070141394,-0.3392824822689123
-0.8914419346934743,-0.3393791789743432
-0.8911248616857244,-0.3395145593825999
-0.8908080430814088,-0.33964983116842595
-0.8906516305004565,-0.33971661452288454
-0.8903764560685495,-0.33983410552975934
-0.8903002035143803,-0.3398666630217619
-0.889918014368901,-0.34002984601521025
-0.889762222613649,-0.3400963642962166
-0.8894827301688857,-0.34021569896158355
-0.8893600216715447,-0.3402680917104474
-0.8891038648492071,-0.34037746278379083
-0.8889868595511443,-0.3404274204422252
-0.8888835390887135,-0.3404715350973465
-0.8882592570557601,-0.3407380842971296
-0.8882446191220156,-0.3407443342439807
-0.8882398157110678,-0.3407463851525073
-0.8882237821048337,-0.34075323100852395
-0.8877697573323863,-0.34094708560210407
-0.8874816173868387,-0.3410701124839573
-0.8867389429244169,-0.3413872116045604
-0.8860492156078361,-0.34168170392469555
-0.8858862598488582,-0.34175128101463703
-0.8852975354003337,-0.3420026482210654
-0.8843616903049614,-0.3424022252521588
-0.8828041113791949,-0.3430672634790287
-0.8816597523767868,-0.343555869526064
-0.8816033506729227,-0.3435799513164053
-0.8815293483987208,-0.34361154800817184
-0.8805379940182412,-0.3440348257942843
-0.8802551389740232,-0.34415559618604824
-0.8800977254643463,-0.3442228069062428
-0.8799112746479327,-0.3443024156620464
-0.8797629552275994,-0.3443657434861952
-0.8793777562638994,-0.3445302115793195
-0.8791587479728662,-0.34462372137399444
-0.8784907130982257,-0.34490895168956226
-0.8782404559767067,-0.3450158037723706
-0.8774622575063801,-0.3453480705501868
-0.8770151871632863,-0.3455389558166339
-0.876960568898095,-0.3455622761335928
-0.876091603023917,-0.34593329779715937
-0.8759767338433984,-0.34598234339919615
-0.8752956346532379,-0.34627315177510176
-0.8752204111901689,-0.34630526987690113
-0.8750880699842736,-0.34636177549562414
-0.875014202738905,-0.34639331453423794
-0.8750130741904235,-0.34639379638967954
-0.873412340667941,-0.3470772603001578
-0.8733093786082194,-0.34712122192836137
-0.872102694625927,-0.34763643882215767
-0.8719117266196348,-0.3477179762789071
-0.871769965583828,-0.34777850387486564
-0.871767007919817,-0.3477797667063004
-0.8716356775261971,-0.3478358407393155
-0.8715645128721518,-0.34786622585467575
-0.8707269242543443,-0.3482238503962115
-0.8706836197796559,-0.3482423400730978
-0.8706525697545937,-0.3482555974774387
-0.8706038046691345,-0.34827641866693376
-0.8697749590185764,-0.34863031023074315
-0.8692385509480218,-0.3488593399551565
-0.8689152825591538,-0.34899736560032885
-0.868746877051279,-0.3490692695651935
-0.8685829861778633,-0.3491392459201977
-0.868206572431196,-0.3492999629962393
-0.8680537344969054,-0.3493652200866747
-0.8676985463382891,-0.3495168744903802
-0.867527082439585,-0.34959008429392857
-0.8672340540046332,-0.3497151984101887
-0.8671076616405355,-0.34976916405669234
-0.8666813375442672,-0.3499511913147427
-0.8663501117792463,-0.3500926145144402
-0.8662915142170213,-0.35011763386866757
-0.866168309536237,-0.3501702384725791
-0.866123261842196,-0.35018947245043663
-0.8655106016699708,-0.3504510594736495
-0.8647263504918961,-0.3507859105712471
-0.8645727782455362,-0.3508514811903187
-0.8638142860115846,-0.3511753340121676
-0.8635671983940488,-0.3512808328143979
-0.8632153225577182,-0.351431072958509
-0.8630970867755415,-0.35148155599576036
-0.8624949705337868,-0.35173864108542224
-0.861323718592441,-0.3522387295890641
-0.8610787366745694,-0.3523433293223948
-0.8607690973170214,-0.3524755357909764
-0.8606696412065903,-0.35251800048681836
-0.8602838403308252,-0.352682725577855
-0.8602482090626984,-0.35269793903187924
-0.8598363032248532,-0.35287381013767444
-0.8589582771616939,-0.35324870022287624
-0.8588604644838622,-0.3532904632236169
-0.8582969965520306,-0.3535310466753345
-0.8581907118118626,-0.35357642698574787
-0.8579988540002677,-0.35365834436195503
-0.8577468365823083,-0.3537659480371251
-0.8574016752391538,-0.3539133212994608
-0.8571185647950085,-0.35403420073912717
-0.857100409197886,-0.35404195261989446
-0.8569485492222397,-0.3541067921521105
-0.856119601146789,-0.35446072744819423
-0.8559601015534356,-0.35452882886186604
-0.8554557382208173,-0.3547441764701792
-0.8554419657501893,-0.3547500568909364
-0.8545377371657088,-0.35513613464568783
-0.8543526259457285,-0.35521517143507475
-0.8538302238399892,-0.35543822104390477
-0.8535641402052476,-0.35555183056039236
-0.8530730405937489,-0.35576151496831854
-0.8529619121200147,-0.35580896340377466
-0.8529467002594188,-0.355815458399714
-0.852874219698527,-0.35584640536676687
-0.8528477102528775,-0.3558577240835512
-0.852550506513227,-0.3559846209263158
-0.8525041496611897,-0.35600441387431475
-0.8523290154309043,-0.3560791907963998
-0.8518910249856102,-0.35626619922615305
-0.8516222112191711,-0.3563809744247857
-0.8516009652156591,-0.35639004581389483
-0.850934144456494,-0.35667475773955015
-0.8509245716276138,-0.3566788450426327
-0.850746147155092,-0.35675502679681104
-0.8506693839281444,-0.356787802330361
-0.8503793574308091,-0.3569116347117205
-0.8499604527546618,-0.357090494105902
-0.8497917560765818,-0.35716252239147606
-0.8490358607573633,-0.3574852664107206
-0.8489667939382834,-0.3575147558151651
-0.8489304246108261,-0.35753028439779067
-0.8487262018540973,-0.3576174812247218
-0.8484834022423406,-0.35772114918055775
-0.847716772331115,-0.358048476539957
-0.8473712586180435,-0.358196000253394
-0.8470368826775424,-0.358338768480994
-0.8469282906297911,-0.3583851339406789
-0.8468464999509082,-0.3584200560413564
-0.8465149692296288,-0.3585616094479833
-0.8462066482343497,-0.35869325301648264
-0.84574817360439,-0.35888900756216197
-0.8454467080464079,-0.35901772407008736
-0.8451338053633815,-0.3591513238781359
-0.8444920294683329,-0.35942534241821145
-0.8444532841660636,-0.3594418854689002
-0.8443511002578258,-0.3594855148503876
-0.8443421435071198,-0.3594893391070654
-0.8438071450821342,-0.35971776695623875
-0.8435270638457314,-0.35983735301750064
-0.8432229075256333,-0.3599672183979723
-0.8431033748412317,-0.36001825517252833
-0.8429439203369502,-0.3600863373345552
-0.842930662380864,-0.3600919980734505
-0.8428383937271615,-0.3601313939466475
-0.842720471650553,-0.3601817430412836
-0.8427200708525278,-0.3601819141696955
-0.8427092922309126,-0.3601865163091368
-0.8423236801782631,-0.3603511607785189
-0.8418144796602475,-0.36056857371600826
-0.8418087231701377,-0.3605710315599815
-0.8411974404233942,-0.3608320304649394
-0.8403003954979847,-0.36121504101852875
-0.8402255535904786,-0.36124699620785494
-0.8396959879278699,-0.36147310443482594
-0.8388385531975451,-0.3618392026551338
-0.8386376242630299,-0.3619249931214314
-0.8384145953573269,-0.3620202195947329
-0.8381605543711715,-0.36212868727119546
-0.8373247622947515,-0.3624855447448935
-0.8367263266961524,-0.36274105831329406
-0.8366351394898343,-0.3627799924417674
-0.8364119155088007,-0.3628753022062266
-0.8359925809033114,-0.363054345166995
-0.8359851959216993,-0.36305749832668127
-0.8358337461550621,-0.36312216271228515
-0.8352317857270064,-0.3633791812742967
-0.8344767959732767,-0.3637015386449694
-0.8344371959119448,-0.3637184466514508
-0.8342569167604827,-0.36379542029641126
-0.8341704365542568,-0.36383234468082387
-0.8339871638808896,-0.3639105964674355
-0.8337096350028472,-0.3640290927502918
-0.833565781916856,-0.3640905135872424
-0.8334188785025428,-0.36415323682043454
-0.8331109811620584,-0.3642846995013854
-0.8328571360362099,-0.36439308355152955
-0.8318643569024277,-0.3648169696634189
-0.8315468449502684,-0.3649525374874186
-0.8309639078395554,-0.3652014336788553
-0.8309493152542805,-0.3652076642633067
-0.8304640410327604,-0.3654148614091377
-0.8304443043306304,-0.36542328837304416
-0.8301899030851463,-0.365531909869144
-0.8299737548864229,-0.3656241984924954
-0.8296324730038883,-0.3657699153446361
-0.8285937924978827,-0.36621339992867324
-0.8281256709292317,-0.3664132734200419
-0.8280923654458433,-0.36642749383561846
-0.8276727834781294,-0.3666066424124378
-0.827547869509671,-0.3666599768295391
-0.8273348177180406,-0.3667509433824331
-0.8272687641037935,-0.3667791462412229
-0.8267064071379503,-0.3670192553446817
-0.8260494050980784,-0.3672997749796218
-0.8256813941430139,-0.36745690432246036
-0.8255602176779133,-0.36750864294074526
-0.8253470094112215,-0.36759967630367096
-0.825109283344107,-0.36770117801221314
-0.8248737841452118,-0.3678017289166146
-0.8244731876399257,-0.3679727712857419
-0.8242787906845639,-0.3680557727981302
-0.8241955778481843,-0.3680913021162554
-0.8239773204394631,-0.3681844913073109
-0.823830033991815,-0.36824737808393926
-0.8237878203210132,-0.36826540202116353
-0.8237385359484042,-0.3682864449302772
-0.8229009776320257,-0.368644056534036
-0.8224514043321731,-0.3688360104859264
-0.8224114348137463,-0.3688530762392078
-0.8219569735606407,-0.3690471171965851
-0.8219350087479326,-0.36905649549508124
-0.821539165023554,-0.3692255085731496
-0.8212064669789089,-0.36936756039089935
-0.8207963275120286,-0.36954267731069795
-0.8205981279849894,-0.3696273024040708
-0.8203822413634465,-0.3697194793420229
-0.8202804653918008,-0.3697629345471503
-0.820246864560009,-0.36977728106739816
-0.8201757438434953,-0.3698076474227857
-0.8200332579591422,-0.3698684845067476
-0.8197980554595953,-0.3699689087296659
-0.8196398558455672,-0.37003645509220606
-0.8186537481495099,-0.3704574927056715
-0.8184316327536655,-0.37055232913840014
-0.8179912253551146,-0.37074036953275025
-0.8178050960770595,-0.37081984100157833
-0.8174284748267991,-0.37098064667526287
-0.817306568816174,-0.37103269678701634
-0.8173051412618817,-0.37103330630872955
-0.8172181883641627,-0.37107043251785043
-0.8168019865748715,-0.37124813786259514
-0.8164090162601293,-0.37141592408325164
-0.8162656638872212,-0.3714771311311381
-0.8160270368164185,-0.3715790175405037
-0.8154436011474964,-0.37182812660093967
-0.8144228212492728,-0.372263968176804
-0.8134158876221532,-0.3726938978213809
-0.813409094363898,-0.3726967983334192
-0.8131587313429383,-0.372803695632027
-0.812954930561777,-0.3728907122883877
-0.8124047220857022,-0.37312563436089685
-0.811368729591123,-0.37356797124684726
-0.8112915679834453,-0.37360091687669855
-0.8111066257467006,-0.37367988151544873
-0.8110300139646267,-0.3737125923867021
-0.8103778144675543,-0.37399106148378813
-0.8103026637672129,-0.37402314851814406
-0.8100206433795174,-0.37414356253728076
-0.8098576926912513,-0.37421313746218443
-0.8097645788295003,-0.37425289421318536
-0.809663513566469,-0.37429604596762456
-0.8082983493556332,-0.3748789290377161
-0.808279582254424,-0.37488694201189365
-0.8081024897723135,-0.37496255504719256
-0.8079142826557015,-0.37504291368908566
-0.807866911379594,-0.37506313976491773
-0.8077228815189441,-0.375124636079203
-0.807651986314746,-0.3751549061477777
-0.8072954563597172,-0.375307133457223
-0.8071897192493084,-0.3753522799465967
-0.8064109595027997,-0.37568478637205494
-0.8060940615477009,-0.3758200920382214
-0.8054649296362374,-0.376088711986749
-0.8047730161235234,-0.3763841377452968
-0.8045740353292875,-0.37646909641569914
-0.804532857447825,-0.37648667810277847
-0.8042564858584806,-0.37660468025900573
-0.8041765173348369,-0.37663882435551976
-0.8039393713448013,-0.376740078389016
-0.8036367041681709,-0.3768693079510935
-0.8033225813498369,-0.37700342871933734
-0.8032848539871453,-0.37701953714117953
-0.802698915667971,-0.3772697147561901
-0.8026499926967983,-0.3772906033580219
-0.8024458201361094,-0.3773777787527899
-0.8022339049206021,-0.37746826002268663
-0.8021425145427376,-0.3775072808991524
-0.8021091076887392,-0.3775215445968571
-0.8020174073474782,-0.3775606978181461
-0.8019395440208992,-0.3775939430603549
-0.8019064502808482,-0.3776080730680481
-0.801672426691464,-0.37770799393263815
-0.8014352679690714,-0.37780925340245863
-0.8012853028105782,-0.37787328390611197
-0.801063177776161,-0.37796812445421435
-0.8008160456460167,-0.3780736422619574
-0.8005910991526054,-0.37816968748614727
-0.7999979438559297,-0.37842294652826336
-0.7991482208748294,-0.3787857520691791
-0.7990645406925335,-0.378821480929616
-0.7976994450933579,-0.37940433470464185
-0.7974625616819886,-0.3795054766251352
-0.7973256008571529,-0.3795639546788585
-0.7972245981101957,-0.37960707974085967
-0.7971875197146681,-0.3796229110737116
-0.7971477771305178,-0.3796398799330466
-0.796978454687558,-0.37971217540095037
-0.7968549781947111,-0.37976489606024055
-0.7966108329250605,-0.37986913857055016
-0.7965010829809132,-0.3799159984163322
-0.796393017558067,-0.3799621390234029
-0.7963105009346231,-0.3799973710800485
-0.7959427534208333,-0.38015438794157697
-0.7955225665079719,-0.3803337948113416
-0.7952079014066061,-0.38046814711773735
-0.7941143915381351,-0.3809350421507674
-0.7938806507028004,-0.38103484228808737
-0.7938397587414825,-0.3810523018960715
-0.7937233307931341,-0.3811020130439605
-0.7935207880080987,-0.38118849257472265
-0.7927795642827735,-0.3815049722752691
-0.7927009041431581,-0.38153855773210205
-0.7924634893185856,-0.3816399265496653
-0.7923927948527777,-0.3816701109091303
-0.7918592369822918,-0.3818979236859023
-0.7916486533765879,-0.3819878363994274
-0.7916073063867667,-0.3820054902905672
-0.7914902073640342,-0.3820554879665488
-0.7914366748486255,-0.3820783447017924
-0.791380478717842,-0.3821023387187599
-0.7913735779939672,-0.38210528511530784
-0.7911794753106709,-0.38218816098258784
-0.7909117055692954,-0.382302490414675
-0.7908839321952017,-0.38231434878997517
-0.7907394539837759,-0.3823760365362323
-0.7900425975512835,-0.3826735727692803
-0.7892239119810847,-0.3830231262917133
-0.7891586336202217,-0.38305099814118637
-0.7890259939907746,-0.3831076311775744
-0.7882952363060926,-0.3834196422011271
-0.7876651693364969,-0.3836886613906767
-0.7875365746097954,-0.38374356737817794
-0.7874910096868895,-0.38376302219682984
-0.7873263416722225,-0.3838333303672119
-0.7870861431180768,-0.3839358877515623
-0.7866065791668297,-0.3841406467878667
-0.7862340362573765,-0.3842997111356421
-0.7859945965819968,-0.3844019445021333
-0.7856717894062978,-0.3845397732234882
-0.7856657914417595,-0.3845423341696049
-0.78554721991484,-0.3845929605595202
-0.7848476632503137,-0.3848916497084779
-0.7848327181247983,-0.3848980308167535
-0.7845799822838418,-0.3850059412364155
-0.7844279632158716,-0.3850708486961537
-0.7844021624190133,-0.3850818648417311
-0.7843419033627513,-0.38510759360273733
-0.7841872476114213,-0.3851736268450586
-0.7840162503876769,-0.3852466373927731
-0.7835410641820931,-0.3854495272665167
-0.7833508164492335,-0.3855307571886953
-0.7833278682577995,-0.3855405553596185
-0.7827790469361097,-0.3857748851599306
-0.7822986925989436,-0.3859799816666781
-0.7821576877277091,-0.38604018640365445
-0.7809413628004367,-0.38655951968401003
-0.7803364140826818,-0.38681781415368177
-0.7799641200309768,-0.3869767722468638
-0.7792793181283563,-0.38726916156694385
-0.779130775635379,-0.3873325846362409
-0.7787613034000817,-0.38749033790073045
-0.7786908473790329,-0.3875204204516275
-0.7786214321626759,-0.3875500586109787
-0.7782839825224461,-0.38769413921369084
-0.7767454587970855,-0.38835104145689997
-0.7763226816368451,-0.3885315542825142
-0.7763028892677151,-0.388540005014515
-0.7759795716261864,-0.38867805168905656
-0.7755654398737986,-0.3888548731918019
-0.774908909971393,-0.389135191238586
-0.7748809363903653,-0.38914713509608057
-0.7744388752688558,-0.3893358815791983
-0.7743203993274973,-0.3893864671570232
-0.7742607342819499,-0.3894119422937502
-0.7740506176477565,-0.3895016556248234
-0.7740058759195592,-0.38952075896468963
-0.7732511336661803,-0.3898430106603357
-0.773125923216685,-0.3898964716657078
-0.7730060682839033,-0.38994764603039667
-0.7726957131566512,-0.3900801581105959
-0.772169495309564,-0.39030483692345397
-0.7719744482078219,-0.3903881160283219
-0.771636281816939,-0.3905325026614866
-0.7712587527959526,-0.39069369592531117
-0.7710842759341616,-0.39076819217129644
-0.7707516300531652,-0.39091022171677486
-0.7705038853466262,-0.3910160010757708
-0.7699212108204613,-0.39126478515169316
-0.7697713976673168,-0.3913287507537444
-0.7694158237746086,-0.39148056985402624
-0.7694130649244817,-0.39148174779805606
-0.7693959662402783,-0.39148904840956056
-0.7693491363881435,-0.39150904331403247
-0.7689634901359734,-0.3916737023855566
-0.7688868366016544,-0.3917064310837327
-0.7687553879403652,-0.3917625556133999
-0.7682729399884847,-0.39196854602914577
-0.768008893061042,-0.39208128593434866
-0.7675610369140894,-0.39227250671484015
-0.7672737264230376,-0.39239517944517144
-0.766574956524339,-0.3926935326693536
-0.7663510322658977,-0.3927891414306969
-0.7657529933111892,-0.39304448564437316
-0.7655033171726998,-0.3931510896653225
-0.7654643981393608,-0.393167706893827
-0.7653676001585423,-0.3932090366501964
-0.7653301531419984,-0.3932250253728685
-0.764732916214563,-0.3934800271456021
-0.7644664804132311,-0.39359378702637676
-0.7643337953937872,-0.3936504394428954
-0.7640340314768941,-0.3937784294024874
-0.763649614418061,-0.3939425636463166
-0.7635723420898793,-0.39397555655041283
-0.7635542831526096,-0.3939832671604001
-0.7626554311985376,-0.3943670492595706
-0.7624830613169199,-0.3944406458899183
-0.7622861612186912,-0.3945247161672123
-0.7618851658722876,-0.3946959288292122
-0.7618544904477071,-0.3947090262906852
-0.7616205336716728,-0.3948089186280328
-0.7614696549172524,-0.39487333920900763
-0.7614341794125998,-0.39488848615682587
-0.7614032819482767,-0.3949016784224302
-0.761348814370578,-0.39492493440047105
-0.7610521279128446,-0.3950516103797896
-0.7610329823526736,-0.395059784944287
-0.7609069122331319,-0.39511361300229064
-0.7607023331088758,-0.39520096198717936
-0.7606764341016088,-0.3952120200655763
-0.7606713795374319,-0.39521417820879606
-0.7604662110822091,-0.3953017788198558
-0.7598583660433132,-0.3955613099294463
-0.7595022078249529,-0.3957133785187842
-0.7593448373126295,-0.3957805708804332
-0.7593418845030893,-0.3957818316391585
-0.7585415144804856,-0.39612356498689894
-0.7585336143872283,-0.3961269380833919
-0.7581368866593119,-0.3962963286037431
-0.7575470963616893,-0.3965481508949076
-0.7575395544242209,-0.39655137106991
-0.7575163459855005,-0.3965612803584088
-0.7572986194924758,-0.3966542428648143
-0.7564775462351662,-0.39700481585610137
-0.756196623403248,-0.3971247612527266
-0.7561332291605034,-0.3971518286417951
-0.7559303017042531,-0.3972384724153178
-0.7553911683499616,-0.3974686657519464
-0.7552389325486302,-0.39753366575015436
-0.7545980685571902,-0.39780729493547623
-0.7545116593598729,-0.3978441890012719
-0.754427694933549,-0.3978800392251538
-0.75440962209746,-0.39788775576950897
-0.7542091497827867,-0.3979733512731982
-0.7542064290554674,-0.39797451293996344
-0.7540533927232709,-0.39803985474019393
-0.7538566057496238,-0.39812387671677585
-0.7533442313399707,-0.39834264480823645
-0.7533294731310796,-0.3983489461088707
-0.7530980622400218,-0.39844775143174815
-0.7528479371525069,-0.3985545471401035
-0.7527602304159824,-0.39859199521517563
-0.751797468486112,-0.39900306490554377
-0.7510953897208578,-0.3993028309138299
-0.7509974632910023,-0.3993446424831813
-0.7509385640147745,-0.399369790659995
-0.7507745992386428,-0.3994397985691827
-0.7503081606942353,-0.3996389534610376
-0.7502480798731186,-0.39966460612112653
-0.7497915121331804,-0.3998595464835002
-0.749114105884128,-0.40014877808729754
-0.7485553646090469,-0.4003873434021667
-0.7475323528445137,-0.40082413791620225
-0.7468994940141761,-0.4010943491442976
-0.7467432678840913,-0.40116105288997855
-0.7458250960999646,-0.40155308396151934
-0.7456738824652688,-0.4016176475260572
-0.745618043081997,-0.4016414892228254
-0.7447010861103593,-0.4020330016068504
-0.7446861080980861,-0.4020393967567588
-0.744666431668276,-0.4020477979862409
-0.7440986329171343,-0.4022902305644118
-0.7439244133805422,-0.4023646169404629
-0.7434550145733702,-0.40256503577334024
-0.7427616327975433,-0.4028610884350139
-0.7422384182324095,-0.40308448493898097
-0.7419020049697606,-0.40322812304038724
-0.7408771011433337,-0.40366572540657475
-0.7406606740639904,-0.4037581331033611
-0.7402094113199011,-0.40395080839590464
-0.7401990048219176,-0.4039552516500168
-0.7401469496731578,-0.4039774775952052
-0.7399538142609089,-0.40405994046754057
-0.7390912186694546,-0.4044282422165928
-0.738982338271017,-0.40447473079313934
-0.7385225233108683,-0.4046710576185264
-0.7384092748350657,-0.4047194112295682
-0.7378519269726195,-0.40495738160016026
-0.7373872245855128,-0.40515579520632256
-0.7356691266169159,-0.40588937012039134
-0.735261941742275,-0.406063225520307
-0.7352566030688075,-0.4060655049694431
-0.7351217505934121,-0.4061230828228939
-0.7348564139071525,-0.4062363734153863
-0.7345429458208419,-0.4063702146332223
-0.7343570817959546,-0.4064495728471178
-0.7334812898601404,-0.4068235090287557
-0.7331883857170438,-0.406948570076222
-0.733084901054916,-0.40699275483955644
-0.7325813400686191,-0.4072077598707031
-0.732309118439118,-0.40732399012189885
-0.7322589009674805,-0.4073454314355576
-0.7318347905599273,-0.40752651351670965
-0.731519065842384,-0.40766131824657625
-0.7314896640057443,-0.407673871925226
-0.7313229771209808,-0.40774504209095686
-0.7307477775284265,-0.4079906346004602
-0.7300052924924451,-0.4083076528418078
-0.7296599516602922,-0.4084551027404174
-0.7295389448527174,-0.40850676892016424
-0.7288087512230935,-0.40881853910958044
-0.7286102951722502,-0.40890327373071667
-0.7285268332704791,-0.4089389093920927
-0.7281020615725855,-0.40912027382385185
-0.7281000730898295,-0.40912112284474206
-0.7276926279317816,-0.4092950893776557
-0.7275412364537227,-0.40935972887583194
-0.7275210921290125,-0.40936832988202515
-0.7270419881161253,-0.40957289253881624
-0.7268047029880415,-0.40967420597997356
-0.7263759660218903,-0.4098572634591459
-0.7260707790832855,-0.4099875688819762
-0.7255928621871828,-0.41019162467646436
-0.7252390312984186,-0.4103426995677479
-0.7252241272964055,-0.41034906311755465
-0.7243683077544398,-0.4107144717021818
-0.7227353183326817,-0.4114117078881484
-0.7224522120897661,-0.41153258553401906
-0.7222853498815826,-0.41160383055745015
-0.7222057497331967,-0.4116378173690751
-0.7217565839276774,-0.41182959733343627
-0.721269419679508,-0.4120376014624325
-0.7206931985209497,-0.4122836301491548
-0.7199715479599922,-0.41259175271138243
-0.7199134360106312,-0.41261656472387415
-0.7195360717996082,-0.41277768761892064
-0.7193124757678502,-0.41287315623757975
-0.7192704575688034,-0.4128910967143852
-0.7176750944126101,-0.4135722676438688
-0.7175657573742911,-0.41361895119158
-0.7172387044865913,-0.4137585927011885
-0.7170909739549909,-0.41382166908798657
-0.7154470079022985,-0.41452359195727473
-0.7152418533555861,-0.41461118662982904
-0.7152224817894901,-0.41461945769189534
-0.7149385021934821,-0.4147407082326366
-0.7146581088446771,-0.4148604275562809
-0.7146202603729108,-0.4148765876879678
-0.7139444882250754,-0.41516512158087693
-0.7138345742157487,-0.41521205147743734
-0.7137196323851162,-0.41526112809883503
-0.713038959723845,-0.4155517543600423
-0.7129647892619411,-0.4155834228627774
-0.7126792935459949,-0.41570532074003474
-0.7125262267789788,-0.4157706755349958
-0.7122981384737952,-0.4158680622160427
-0.7118510863001288,-0.41605893972470387
-0.7118464495737532,-0.41606091946405216
-0.7117860156308833,-0.4160867228962533
-0.7114937883144437,-0.4162114949595838
-0.7114334236508761,-0.41623726881165657
-0.7104927403186224,-0.4166389116208775
-0.7102195192857435,-0.4167555685865334
-0.7097891773814584,-0.4169393113248558
-0.7095470104013993,-0.41704270916644226
-0.7091055057361899,-0.4172312180598592
-0.7090356172687425,-0.4172610582828495
-0.7080800594768242,-0.41766905202820426
-0.7080618804985809,-0.41767681389198996
-0.707921517337968,-0.417736744638296
-0.7068595661184062,-0.41819016510026863
-0.7067257471849618,-0.4182473016631401
-0.7065921613066276,-0.4183043387186579
-0.7051753183155057,-0.4189092870361919
-0.7048560976289537,-0.4190455844371472
-0.7046021747045539,-0.41915400170487666
-0.7038111954241697,-0.41949172549493025
-0.7036909568442582,-0.41954306366512684
-0.7036830422905397,-0.4195464429357913
-0.7020434449469831,-0.42024650050083767
-0.7017458774157881,-0.42037355267138665
-0.7014003457244026,-0.4205210840610101
-0.7005087683286846,-0.42090176014782454
-0.6996450593119135,-0.42127053729519276
-0.6994573467365122,-0.42135068478322113
-0.6994566623385892,-0.4213509770000544
-0.6994000731453422,-0.4213751388425873
-0.6989082614865448,-0.4215851272727784
-0.6987888970018052,-0.4216360922312594
-0.6985920847430027,-0.42172012500382394
-0.6985792582922564,-0.4217256015032297
-0.6974465403023838,-0.42220923719646297
-0.6972363002132236,-0.4222990032390045
-0.6965400495090128,-0.42259628084473305
-0.6963668961647025,-0.4226702119895193
-0.6962100445592023,-0.4227371827939375
-0.6960747984021564,-0.4227949287373276
-0.6959991221506934,-0.4228272401658251
-0.6953703846480466,-0.42309569171393585
-0.695240262619862,-0.4231512498121286
-0.6951567189971022,-0.42318692036584976
-0.6950390299900053,-0.42323716994698307
-0.6942690459841877,-0.42356592940146465
-0.694127408536764,-0.4236264042289902
-0.69383621333522,-0.42375073561105014
-0.6938208656487984,-0.4237572886004335
-0.6937980263775978,-0.42376704026577183
-0.6937095423983963,-0.42380482019952753
-0.6928968588807936,-0.424151811030369
-0.6925632716268495,-0.4242942425131012
-0.6920766497758468,-0.4245020150552135
-0.6919640905894683,-0.4245500743609018
-0.6919340616920453,-0.424562895775192
-0.6912869752290474,-0.4248391817642131
-0.6909262186126249,-0.42499321372788973
-0.6908487611404712,-0.42502628568275946
-0.690006965978664,-0.42538570628901884
-0.6898922479820464,-0.4254346873401865
-0.6897811622034533,-0.4254821175461324
-0.6892805666292969,-0.4256958564376317
-0.6883767763565122,-0.4260817470467892
-0.6880711184718565,-0.4262122535490777
-0.6874116050106152,-0.42649384548358926
-0.687383356653118,-0.4265059066621729
-0.6873482716070841,-0.4265208868961874
-0.6872298958361277,-0.42657142970433604
-0.6856647419523354,-0.4272397022049694
-0.6852582907080714,-0.42741324436731043
-0.6851982138519099,-0.42743889533448565
-0.6847784230497752,-0.42761813307717045
-0.6844139974000846,-0.42777373160504406
-0.6843451235234167,-0.42780313862902164
-0.6841781288219205,-0.42787444022301635
-0.6836679043750803,-0.4280922903465761
-0.6835806318396921,-0.42812955303113664
-0.6830747570661688,-0.42834554597816277
-0.682840401763488,-0.4284456084741135
-0.6823617625422189,-0.4286499726791997
-0.6822763524756611,-0.4286864401469349
-0.6822135407167356,-0.42871325883335354
-0.6820663300937021,-0.4287761132352069
-0.6817681748919083,-0.428903416323001
-0.6814744700165856,-0.4290288192584648
-0.6814197992704759,-0.42905216198315943
-0.6811823492127717,-0.42915354584418475
-0.6803459257015486,-0.4295106729210951
-0.6793115806519847,-0.42995230639876636
-0.6791411972907115,-0.43002505484611286
-0.6787032357065916,-0.4302120509530337
-0.6786667602492168,-0.4302276248498652
-0.6783670776935975,-0.43035558007069924
-0.6781272231619111,-0.4304579905680555
-0.6780729233600304,-0.4304811749109898
-0.6778411477677322,-0.43058013595006384
-0.6774404571626721,-0.43075121849689624
-0.6773056588691839,-0.4308087732163417
-0.677273937958361,-0.4308223170682386
-0.6770045837159967,-0.43093732303344434
-0.6766667533625875,-0.43108156618895793
-0.6766369867267181,-0.4310942756256426
-0.6765344724970992,-0.4311380460441857
-0.6749759783540512,-0.43180347504064553
-0.674684918380106,-0.4319277486846858
-0.6745730802040928,-0.4319755001411558
-0.6743878058634284,-0.43205460657805067
-0.6741377503685673,-0.4321613725724863
-0.6728483894068761,-0.4327118899899819
-0.6727068458239932,-0.4327723247402395
-0.6727051896178935,-0.4327730318892319
-0.6724099220394784,-0.4328991020507839
-0.6723397230667298,-0.432929074849974
-0.6723328615275831,-0.4329320045158498
-0.6720365937634813,-0.43305850172588367
-0.6718976383530189,-0.43311783140623517
-0.6716397209964771,-0.4332279541734581
-0.6715105785731952,-0.4332830940105298
-0.6714426829735312,-0.4333120833403582
-0.6710566419675122,-0.4334769109596171
-0.6709654613333043,-0.4335158422820017
-0.6708590926634619,-0.43356125842780097
-0.6706242526860031,-0.4336615278649537
-0.6705671428321744,-0.43368591201351825
-0.6703512700119648,-0.4337780830587261
-0.6702635648073287,-0.43381553047972904
-0.6699126004780055,-0.433965381438423
-0.6698077007719294,-0.4340101703819391
-0.6696696755614509,-0.43406910289554823
-0.6696435263868933,-0.43408026778767306
-0.6693758198379708,-0.43419457023852903
-0.6693095390306134,-0.4342228701017792
-0.6692920483082606,-0.43423033810149825
-0.6688886973643062,-0.4344025565310984
-0.668242665659516,-0.434678392170852
-0.6674364857666713,-0.4350226061542376
-0.6668888186940966,-0.4352564431257291
-0.6662773480226092,-0.4355175222687644
-0.6657916511235289,-0.4357248998848949
-0.6654312577560394,-0.43587877675246545
-0.6653910416687668,-0.43589594778304946
-0.6651300925332614,-0.4360073650265092
-0.6650880743184736,-0.43602530551003554
-0.6639891531091907,-0.43649451101891956
-0.6638609546563718,-0.4365492478096784
-0.6637197591026809,-0.43660953396219065
-0.6635477046425494,-0.43668299591727877
-0.6635391977183744,-0.4366866281118828
-0.6633521659405146,-0.4367664849203299
-0.6631726091756367,-0.43684315012846897
-0.6627743053987879,-0.4370132135731709
-0.6625291401915862,-0.4371178915654001
-0.6621326071176897,-0.43728719897448026
-0.661700678859375,-0.4374716190371126
-0.6605902458879096,-0.43794573971387885
-0.659897778658723,-0.43824140189230565
-0.6597930884756467,-0.43828610137595425
-0.6596050306797029,-0.4383663962625213
-0.6588969219818359,-0.43866873686630725
-0.6588753719789444,-0.438677938053788
-0.6576963293326208,-0.4391813529484967
-0.6574588627479679,-0.43928274386601984
-0.6571451833213828,-0.43941667531964373
-0.6555478129219868,-0.4400987032801505
-0.655192308181948,-0.4402504928543725
-0.6542404336477399,-0.44065691396213175
-0.6541034375478325,-0.44071540707722423
-0.6531428495718431,-0.4411255485562445
-0.6530263593987641,-0.44117528627217695
-0.6528064474792312,-0.44126918188838893
-0.6527628702114793,-0.4412877880395112
-0.6527433947141539,-0.4412961034770113
-0.6525716970028405,-0.44136941311134215
-0.6521375022111261,-0.4415548009139255
-0.651918759239103,-0.44164819742555517
-0.6502960880248477,-0.4423410280547255
-0.6500858577104132,-0.4424307899237602
-0.6498773477238954,-0.4425198172657616
-0.6491624488993354,-0.4428250570445053
-0.6490590386185084,-0.44286921004931534
-0.6487830180642982,-0.4429870623243526
-0.6486970475122851,-0.4430237691021138
-0.6485017251244491,-0.44310716574566467
-0.6480334130978842,-0.4433071205566964
-0.6475465475746506,-0.44351499713934595
-0.6473951989000167,-0.44357961836177817
-0.6469104231316262,-0.4437866026834756
-0.6467412741139654,-0.44385882410411825
-0.6464932929281867,-0.4439647044324658
-0.6463521099202014,-0.4440249852283481
-0.6463123731307167,-0.44404195161353943
-0.6462339105161081,-0.4440754527332783
-0.6454341761483702,-0.44441691467596967
-0.6451749139356372,-0.4445276116553638
-0.6448536596242009,-0.4446647773515077
-0.6448340043035975,-0.44467316956800884
-0.6439410948242433,-0.4450544144135071
-0.6437437585761556,-0.44513867091335724
-0.6428029862231301,-0.44554035173170575
-0.6427937450741656,-0.44554429741768026
-0.6422889248225833,-0.4457598401163176
-0.6420959289830565,-0.44584224339539963
-0.6410478644500884,-0.4462897346699155
-0.6406281545835077,-0.4464689378556117
-0.6405166819980943,-0.446516533216156
-0.6404453509328343,-0.4465469893839793
-0.6403643145941051,-0.44658158940464526
-0.6402043523313632,-0.4466498883638955
-0.6401516707088484,-0.44667238179408153
-0.6391866477179682,-0.4470844168878588
-0.6387420518132386,-0.44727424564533863
-0.6386886145963259,-0.44729706169105976
-0.6384156562153268,-0.4474136065124527
-0.6381217842620714,-0.4475390807850476
-0.6366940049618907,-0.4481486985697044
-0.6363269206905164,-0.4483054322471497
-0.6361734019442207,-0.4483709800233418
-0.6356940373569703,-0.4485756539373602
-0.6350499399666637,-0.44885066368440735
-0.6350018060830054,-0.448871215370175
-0.6349988910686126,-0.44887245999153635
-0.6348613992593296,-0.4489311647592641
-0.6345660445781731,-0.4490572721110038
-0.6342430328738764,-0.44919518815977033
-0.6330213287962679,-0.44971681817163806
-0.6324590948558785,-0.44995687474701757
-0.6324247920462585,-0.4499715209901767
-0.6310346791371242,-0.45056505638600564
-0.6308900745760107,-0.45062679807968764
-0.6304590096252977,-0.4508108495365645
-0.6299224145128285,-0.45103995912211436
-0.6296926199129553,-0.4511380743384388
-0.6295556131561225,-0.4511965720037102
-0.629285634946099,-0.4513118443838878
-0.6288868742567365,-0.45148210291616
-0.6288283774818426,-0.4515070792373014
-0.6284495999060569,-0.45166880559556905
-0.6281519709086055,-0.45179588401031623
-0.6280536115744514,-0.45183788041646933
-0.6277581007855093,-0.4519640544214253
-0.6274594071966971,-0.4520915873838935
-0.6269516584085526,-0.45230838047744215
-0.6266972744135971,-0.45241699460809753
-0.6265290645648305,-0.4524888150325493
-0.6263866870071104,-0.45254960586437554
-0.6263335805440061,-0.4525722806884078
-0.6259351483362868,-0.4527423989691358
-0.6256832410939183,-0.4528499556027221
-0.6253645258420464,-0.4529860371986368
-0.6246915923829353,-0.453273359058894
-0.6246205433444283,-0.45330369480998045
-0.6244024480800096,-0.4533968147704129
-0.6243664683920981,-0.4534121769889535
-0.6239120111270557,-0.45360621624355074
-0.6238572887640488,-0.4536295810070707
-0.6236077628492966,-0.45373612088711124
-0.6235361116073173,-0.4537667137605321
-0.6228025239023817,-0.45407993311556666
-0.6219614656067635,-0.45443903910265937
-0.6218148491628254,-0.45450163980834024
-0.6217127322892716,-0.45454524056808226
-0.6214911256590528,-0.454639859773559
-0.6208739534224295,-0.4549033733092954
-0.620113125537934,-0.455228223381987
-0.6194171601754925,-0.4555253791555689
-0.6192041307889771,-0.4556163361421689
-0.6188028726340942,-0.4557876610152948
-0.6187895440464275,-0.45579335191169934
-0.6187629488153639,-0.4558047072562133
-0.6169532710288783,-0.4565773839318033
-0.616806925627102,-0.4566398689108293
-0.6166668012604302,-0.4566996976994776
-0.6166204725947239,-0.4567194786127815
-0.6165724417300942,-0.4567399863125969
-0.6165116768199033,-0.4567659310576501
-0.6163781496552532,-0.45682294304423315
-0.6162401724796616,-0.45688185504842505
-0.6152882056965724,-0.45728831554361515
-0.6147073856041455,-0.4575363078334491
-0.6145695215075396,-0.4575951715563971
-0.6127562024889827,-0.4583694029259292
-0.6125624298484404,-0.45845213787511885
-0.6124672622238871,-0.45849277151957907
-0.6124074314645405,-0.45851831741099425
-0.6122013356834863,-0.4586063139616218
-0.6116956311543855,-0.45882223421952323
-0.6112976579717619,-0.45899215651067365
-0.6112084192548027,-0.4590302586942053
-0.6108954752565969,-0.4591638761425628
-0.6106486539986266,-0.45926926121746275
-0.6095197506930419,-0.45975126815799977
-0.6092917246723202,-0.4598486282454999
-0.6092638360071096,-0.45986053584655595
-0.6090011707009334,-0.4599726858420329
-0.6088540538314995,-0.46003550021398704
-0.6085493755275755,-0.46016558846547495
-0.6083340139701056,-0.46025754121724016
-0.6082996691745214,-0.4602722053871128
-0.6081259346432869,-0.4603463846808147
-0.6075838435728933,-0.46057784087111925
-0.6075416885701759,-0.46059583975887836
-0.6074801014434034,-0.46062213556508713
-0.6072279616967551,-0.4607297914708397
-0.6071187897960839,-0.4607764045098615
-0.6068663445459453,-0.4608841908561947
-0.6065853427692633,-0.46100416995980253
-0.6060447796383581,-0.461234973767007
-0.6057766932643587,-0.46134943839147213
-0.6054458190095597,-0.46149071150713145
-0.6052850319922785,-0.4615593626111671
-0.6035496494274838,-0.46230031751543565
-0.6032795972465216,-0.46241562147892573
-0.6029727711477919,-0.46254662677264213
-0.6029562129896704,-0.46255369659615814
-0.6027084258777722,-0.4626594940609363
-0.6026739531965929,-0.46267421283401905
-0.6026671327191074,-0.46267712496783026
-0.6020809349976992,-0.4629274133396049
-0.6019936058274233,-0.46296470020551805
-0.6016839688927416,-0.46309690563961053
-0.6015766563363213,-0.4631427247959063
-0.601323222547908,-0.4632509332176351
-0.6008497366924475,-0.46345309709424803
-0.6003048302244942,-0.4636857553725945
-0.5998233300911731,-0.4638913410990089
-0.5997655852113574,-0.46391599638411085
-0.599718215161003,-0.4639362219365841
-0.5996726640674557,-0.46395567085052586
-0.599188512923574,-0.46416238847679686
-0.5991777775813943,-0.4641669721372521
-0.5979543593669222,-0.4646893340327641
-0.5966928548643186,-0.4652279576002261
-0.5963149971026269,-0.4653892912262064
-0.5960878612709827,-0.4654862712303889
-0.5957783334622574,-0.465618430071059
-0.5956828282350063,-0.4656592078614728
-0.5956386538793127,-0.4656780689507554
-0.5956325725123524,-0.4656806655071376
-0.5953513230040052,-0.46580075038453606
-0.5950033656713967,-0.4659493174482504
-0.594903559427127,-0.465991931640457
-0.5946181294601411,-0.4661138014449335
-0.5937842135359181,-0.46646985785943007
-0.5935380627826599,-0.4665749566494699
-0.5932184891282389,-0.4667114047568336
-0.5916295680240089,-0.4673898251285482
-0.5914714922215062,-0.46745731862738055
-0.5907074941924937,-0.46778352225413833
-0.5906887536080289,-0.46779152390648276
-0.5906727932577006,-0.46779833848448393
-0.5903643112937904,-0.46793005078163075
-0.5900464041207533,-0.4680657873527722
-0.5900109286394333,-0.4680809342906283
-0.5897311147241044,-0.4682004062140252
-0.5894443148077211,-0.46832286094469905
-0.5892986182937904,-0.4683850688686011
-0.5892001748930136,-0.4684271011686128
-0.5889138181577462,-0.4685493666746004
-0.588876046478609,-0.46856549401819997
-0.5884924776608051,-0.4687292660892361
-0.5876337163589197,-0.4690959307147409
-0.58748672369586,-0.46915869205439886
-0.5874295743536533,-0.46918309306328465
-0.5872786873450894,-0.4692475171685246
-0.5869573068963968,-0.4693847367213918
-0.5865572970044884,-0.4695555286246748
-0.5865438530252614,-0.4695612687897216
-0.5860779827632764,-0.46976018104248557
-0.5860482811138258,-0.46977286273197105
-0.5853984633206476,-0.4700503149148524
-0.5847785281018435,-0.47031500815887833
-0.5841633032235672,-0.47057769023258056
-0.5836470307641586,-0.4707981226712244
-0.5833800230319017,-0.4709121267488882
-0.5831235957675316,-0.4710216132926497
-0.582561052516226,-0.47126180193426326
-0.5822918908692548,-0.4713767256671682
-0.5822836845446258,-0.4713802295150248
-0.5822465192328364,-0.47139609795844334
-0.5822224080536332,-0.4714063926893232
-0.5820553050469025,-0.4714777405263172
-0.581970600572346,-0.4715139067280006
-0.5819505878915805,-0.471522451526284
-0.581903301396958,-0.47154264140303337
-0.5818457470587234,-0.4715672153327489
-0.5812278860939883,-0.47183102293417584
-0.5811864148513128,-0.47184872987745735
-0.5806278399088758,-0.4720872241734106
-0.5804617001187025,-0.4721581607466022
-0.5801478616895759,-0.4722921600894139
-0.5800886042146265,-0.47231746120604895
-0.5785007489508276,-0.47299542649672804
-0.57824178389216,-0.4731059966004888
-0.5770224011825716,-0.47362663545971156
-0.5764318868834799,-0.47387876687720365
-0.5760688696951659,-0.47403376403545094
-0.5759332854270162,-0.47409165434186823
-0.5757121282771265,-0.47418608163308873
-0.575254048442397,-0.47438166761336475
-0.5750778330768858,-0.47445690614689157
-0.5750415456765477,-0.47447239974916067
-0.575028829016982,-0.4744778293711139
-0.5750177530937215,-0.4744825584492005
-0.5749705177430435,-0.47450272648906094
-0.5748366936814598,-0.47455986524149
-0.5747155291495746,-0.4746115987646595
-0.5743074651501836,-0.4747858295237659
-0.5739799236917027,-0.47492567963804977
-0.5729104233423837,-0.4753823233459105
-0.5728642793166687,-0.4754020254236252
-0.5727866855858295,-0.47543515555675675
-0.5727671890973054,-0.4754434799568522
-0.5726640645086698,-0.47548751097989594
-0.5723077279987937,-0.47563965569421945
-0.5718974347284355,-0.4758148382833659
-0.5716468957045824,-0.4759218107297881
-0.5708610146950615,-0.4762573577152132
-0.5699462430011043,-0.47664793705297653
-0.5690123290849677,-0.4770466895300178
-0.5688958391084634,-0.47709642716201894
-0.5686811811072385,-0.47718807951693754
-0.5683802831973909,-0.4773165536565934
-0.5682814359862518,-0.4773587583711921
-0.5677954967563947,-0.47756623945510035
-0.567716492450875,-0.4775999718601739
-0.5675830621569551,-0.4776569424859388
-0.5675803724786159,-0.47765809089574596
-0.567556249586034,-0.4776683906278777
-0.5675481370578903,-0.477671854427524
-0.567435932210863,-0.4777197624412233
-0.5666791524844326,-0.4780428840751069
-0.5666710648426062,-0.47804633724906226
-0.5656048247627823,-0.478501588922267
-0.5655843685692751,-0.47851032308683067
-0.5654804701434645,-0.4785546845145135
-0.5653607771630259,-0.47860578973054
-0.5652150154140724,-0.4786680255077876
-0.5649061481165315,-0.47879990233052616
-0.5648695262583604,-0.4788155387359885
-0.5644489785940765,-0.47899509963549924
-0.5636992460156476,-0.4793152123542429
-0.5631204473268234,-0.4795623415669991
-0.5625321812797232,-0.4798135130501384
-0.5622770900504411,-0.479922429148068
-0.5621501133849227,-0.4799766442732814
-0.5621092531243962,-0.47999409034600393
-0.5618055551204186,-0.4801237600396086
-0.5613596167541202,-0.48031416198682964
-0.5613039727947592,-0.48033792024360705
-0.561281114525518,-0.48034768002052364
-0.5611076429740245,-0.48042174702997603
-0.561061306897981,-0.48044153110726573
-0.5609494751765843,-0.48048927980781314
-0.5608403274247258,-0.4805358825360358
-0.560630070324917,-0.48062565584160033
-0.5595692075508423,-0.4810786115708747
-0.5594579852206514,-0.48112610008014695
-0.5589784436605842,-0.4813308495561072
-0.5588596207250293,-0.4813815832897664
-0.5588033771321748,-0.4814055975715764
-0.5585287163867495,-0.4815228692501455
-0.557744589957222,-0.4818576670839555
-0.5576583967531271,-0.4818944689272979
-0.5568611214715558,-0.48223488091593764
-0.5567596187298741,-0.482278219460286
-0.5567046278010808,-0.4823016988931248
-0.5566815121833465,-0.48231156854992147
-0.5563689320311934,-0.48244503064722116
-0.5561836199964695,-0.4825241531783184
-0.5560408910914395,-0.48258509402462424
-0.555977789847572,-0.48261203631219673
-0.5558356130392894,-0.48267274143019634
-0.5557904409895458,-0.4826920285041087
-0.5557129459027395,-0.48272511651927646
-0.554782348075504,-0.48312245312849456
-0.5546023619372612,-0.4831993016658355
-0.5542642931855919,-0.4833436466100634
-0.5534178059463668,-0.4837050705888613
-0.5530312622083577,-0.4838701128591955
-0.5529915955426925,-0.48388704930367576
-0.5528913019860996,-0.48392987156323486
-0.5526410068666368,-0.4840367398699949
-0.5522629575824268,-0.4841981552701915
-0.5521599630463621,-0.4842421307647932
-0.5518691639279272,-0.48436629303156514
-0.5517702286356262,-0.48440853535410705
-0.5515706814314242,-0.4844937358641191
-0.5508813672341697,-0.4847880517950263
-0.5506693140063955,-0.4848785919919102
-0.5503493577017227,-0.4850152034791455
-0.5500797504961805,-0.4851303174518368
-0.5497996767431182,-0.4852499003179427
-0.5486519115522849,-0.48573996070252273
-0.5483404568015202,-0.4858729422880926
-0.5481841467111338,-0.4859396818822364
-0.5467685485872514,-0.4865440986798018
-0.5465682402900353,-0.48662962415308875
-0.546366556336996,-0.486715736989041
-0.5446810478508856,-0.4874353971978651
-0.5445138336809945,-0.48750679249810464
-0.5441969030319076,-0.4876421121235971
-0.544116816858708,-0.48767630645284765
-0.5440881032210771,-0.4876885662917175
-0.5440345777736048,-0.48771142000917006
-0.5435077424384291,-0.487936362470423
-0.5433795997583104,-0.48799107544795667
-0.5428322260575245,-0.4882247871587304
-0.54256700285867,-0.4883380292955962
-0.5422520710130405,-0.48847249549357674
-0.541274822759449,-0.4888897503979857
-0.5410125983684102,-0.48900171213627946
-0.5406484805409643,-0.4891571792335357
-0.5400459277041503,-0.4894144507358405
-0.5397274147963911,-0.4895504459370513
-0.539319772237288,-0.48972449675413543
-0.5392407993411681,-0.48975821574836265
-0.5384892820541705,-0.490079090482695
-0.5380218533068707,-0.49027866816068605
-0.5378435454349217,-0.49035480013001115
-0.5377525180819503,-0.4903936660060289
-0.5369752149834159,-0.49072555048766797
-0.5368144542156367,-0.4907941903839747
-0.5362059775986067,-0.4910539911579755
-0.5361225881346721,-0.49108959589062645
-0.5361180636452019,-0.491091527708273
-0.5359856346044435,-0.4911480708297773
-0.5354191925649601,-0.49138992413385774
-0.5349303166215078,-0.4915986591040184
-0.5347257160467964,-0.4916860172475909
-0.5334897241182142,-0.4922137477317495
-0.5334572430226743,-0.4922276161591064
-0.5333424188706779,-0.49227664253535103
-0.5333373965664195,-0.4922787869045792
-0.533265052389406,-0.49230967563991684
-0.5327569001395952,-0.49252664099917004
-0.5325929395308939,-0.4925966471289933
-0.5319895155137364,-0.49285429059847186
-0.5313397122218715,-0.493131736589739
-0.531202915026514,-0.49319014477871514
-0.5306734294517749,-0.4934162188106326
-0.5304611033717654,-0.49350687550701683
-0.5302737112132581,-0.4935868861869005
-0.5298874927181805,-0.4937517895885207
-0.5284598043630636,-0.49436136854243634
-0.5278616101714377,-0.4946167790374949
-0.52753389567949,-0.49475670303173946
-0.527301844536891,-0.4948557817223048
-0.5272445690985831,-0.494880236570342
-0.5271782748646648,-0.4949085421663201
-0.5267510450953015,-0.4950909561188867
-0.5264253886175407,-0.4952300014044616
-0.5252309463007734,-0.49573999148412995
-0.5248747012839746,-0.49589209713372745
-0.5235168324602846,-0.4964718652982103
-0.523485559426192,-0.49648521792053824
-0.5234793890315953,-0.4964878524889789
-0.5232377758195451,-0.4965910138886821
-0.5229850266500329,-0.4966989299992269
-0.5229348201819931,-0.4967203666146884
-0.5222006860977269,-0.49703381925686824
-0.5219296746954025,-0.4971495327783353
-0.5216860134494307,-0.4972535686254423
-0.5216478028941025,-0.49726988335565775
-0.5214915790006815,-0.4973365861463521
-0.521275522618463,-0.49742883556688394
-0.5211136667870271,-0.49749794302164346
-0.5197731387393502,-0.4980703072088757
-0.5188819504892016,-0.49845081714251804
-0.5186555283025207,-0.49854749244228186
-0.5184014061950726,-0.4986559947550379
-0.5173864075536523,-0.4990893679123136
-0.5168842963739797,-0.49930375392068665
-0.5165276842080045,-0.499456016331674
-0.5164715868577278,-0.49947996817240775
-0.5163356611473164,-0.4995380042641541
-0.5154911422454853,-0.4998985878235109
-0.515292779010525,-0.49998328281512383
-0.5150233596719878,-0.5000983165743904
-0.5147414185314931,-0.500218696757413
-0.514662070931081,-0.5002525757388321
-0.5145808826484923,-0.5002872406348461
-0.5139604768049595,-0.5005521348211357
-0.5138533228104536,-0.5005978862763778
-0.5128183216584391,-0.501039799889587
-0.5126795813605205,-0.5010990377235078
-0.5121433212726013,-0.5013280042638939
-0.5121066954330902,-0.5013436423692658
-0.511643971978925,-0.5015412110320144
-0.5113931470632384,-0.5016483055454439
-0.5110738177008809,-0.5017846493476208
-0.510423804326944,-0.5020621850374621
-0.5104020382880254,-0.5020714784656723
-0.5102413051189435,-0.5021401065781854
-0.5090284550604284,-0.5026579561966098
-0.5087974134188407,-0.5027566038613366
-0.5087035126357112,-0.5027966966035283
-0.5081538994468836,-0.5030313645067181
-0.5079701059050827,-0.5031098386881079
-0.5075941559219196,-0.5032703577514174
-0.5068827815062857,-0.5035740927161036
-0.5068174616521022,-0.5036019822819465
-0.5067497850110875,-0.5036308781231758
-0.5066682821181492,-0.5036656773481188
-0.5062919684294415,-0.5038263517024935
-0.5062536151953714,-0.5038427273521371
-0.5059758501985957,-0.5039613244504199
-0.5052884697957459,-0.5042548147106783
-0.5048679790550089,-0.5044343513055879
-0.5045140604787639,-0.5045854636367249
-0.5042587223800105,-0.504694485140315
-0.5040209955240507,-0.5047959871856698
-0.5039099973843084,-0.5048433799725256
-0.503899666674257,-0.5048477908675251
-0.5036200600063523,-0.5049671743026553
-0.5030772684499428,-0.5051989295789131
-0.5030670706596991,-0.5052032837212488
-0.503023996106209,-0.5052216752288651
-0.5024484169973584,-0.5054674297801376
-0.5018066913522458,-0.5057414268650383
-0.5015365244489182,-0.5058567798114448
-0.5014156462430848,-0.5059083910822093
-0.501172045060161,-0.5060124012842446
-0.500946438274797,-0.506108728432761
-0.5007195880854701,-0.5062055864764718
-0.5005802998970301,-0.50626505824277
-0.5005356499245832,-0.5062841224057569
-0.5004428679994615,-0.506323737430041
-0.5002856841696353,-0.5063908500840137
-0.4999603169892386,-0.5065297718485249
-0.49992815151054387,-0.5065435055172101
-0.49992354063485694,-0.5065454742191104
-0.49966944186207074,-0.5066539665686846
-0.49963677899663805,-0.506667912606187
-0.4993455318096034,-0.5067922661844503
-0.49922130061429604,-0.5068453090784458
-0.49910538002437155,-0.5068948035999149
-0.49896497921911875,-0.5069547504193227
-0.49874297683539065,-0.5070495385993585
-0.4986667851588296,-0.5070820700984975
-0.4984372260671634,-0.5071800847600713
-0.4984116638356816,-0.5071909990455808
-0.49836493214586486,-0.5072109520377664
-0.4982341577385853,-0.507266788681739
-0.4974591060888106,-0.5075977118641037
-0.49698879786248784,-0.5077985189909477
-0.4967509873603939,-0.5079000567506254
-0.49653916933608766,-0.507990496522873
-0.4960597017712817,-0.5081952144051358
-0.4960074973279237,-0.5082175040945193
-0.4955816683283742,-0.50839931996152
-0.4955534104408493,-0.508411385209132
-0.4954044511552334,-0.5084749862360483
-0.49485762635957187,-0.5087084635812404
-0.4942263048243389,-0.5089780184316757
-0.49375591011324993,-0.5091788624848511
-0.49371372226638344,-0.5091968753960503
-0.4932947646606143,-0.5093757573895501
-0.4931635126522129,-0.5094317979544912
-0.4922474493234051,-0.5098229287805527
-0.49188543286856046,-0.5099774986564317
-0.4915110154676789,-0.5101373633543116
-0.4908815489978761,-0.5104061261489453
-0.4904720288118355,-0.5105809786548996
-0.48983164139202995,-0.5108544043588124
-0.48975760368154414,-0.5108860161807807
-0.48971169263425485,-0.5109056187838834
-0.4894450364278884,-0.5110194727708193
-0.489079128138463,-0.5111757043401934
-0.48901431646629634,-0.5112033769279674
-0.48872103648361326,-0.511328598447361
-0.4886819917410997,-0.5113452693498112
-0.48841195929750364,-0.5114605648860537
-0.48780658812858635,-0.5117190397293603
-0.4877897956846514,-0.5117262095857024
-0.4877806757055852,-0.5117301035358625
-0.48771878603451096,-0.5117565285191694
-0.48725280527117254,-0.5119554879526079
-0.48724465265969685,-0.5119589688666023
-0.48723359832520097,-0.5119636887269515
-0.48712759859394933,-0.512008947347336
-0.4868755623610086,-0.5121165590559237
-0.48667546744504875,-0.5122019934219865
-0.4862798444264236,-0.5123709122654961
-0.48626091826340556,-0.5123789931541668
-0.48604296812367426,-0.5124720511508276
-0.485336432326845,-0.512773720174317
-0.4847056250640649,-0.5130430554462547
-0.48359950460015666,-0.5135153348151221
-0.4825097221552752,-0.5139806383530865
-0.48237897556273046,-0.514036463121024
-0.48181037553531614,-0.5142792378194835
-0.48148965485057577,-0.5144161756734643
-0.4814869879743484,-0.5144173143474718
-0.48142039814700305,-0.514445746152739
-0.48119619752711246,-0.514541472911909
-0.48095330634485917,-0.5146451799655265
-0.4808677415833661,-0.5146817134832344
-0.48078576803213147,-0.5147167136647736
-0.4807142170362291,-0.5147472637362072
-0.48067795607552555,-0.5147627460495666
-0.480668519724417,-0.5147667750808442
-0.48042705666124874,-0.5148698723715995
-0.4801050631644211,-0.5150073536771382
-0.4793488512971721,-0.5153302328526419
-0.47868705667896844,-0.515612798770915
-0.47867438656036365,-0.5156182085213115
-0.47858955652140284,-0.5156544283351281
-0.47857076718270003,-0.5156624508040304
-0.4783546686046346,-0.5157547182408893
-0.4782076305982991,-0.5158174989407294
-0.4774985199247993,-0.5161202673572491
-0.47749847335517204,-0.5161202872410455
-0.47749685246359863,-0.5161209793118229
-0.47710656366852483,-0.5162876206061736
-0.47696861305282034,-0.5163465212701117
-0.47681524194338387,-0.5164120060099123
-0.4767220369752318,-0.5164518016605403
-0.4754971834892544,-0.5169747763727778
-0.4749432469673108,-0.5172112902060467
-0.4747998994932498,-0.5172724951622764
-0.47468886931727783,-0.5173199016276157
-0.47394581372895855,-0.5176371634772381
-0.47390870334379254,-0.5176530084686802
-0.47368061763287655,-0.5177503940420548
-0.47362388330270394,-0.5177746178535847
-0.47300611388977065,-0.518038386365212
-0.47281722061290604,-0.5181190379763989
-0.4725257805084625,-0.5182434739244537
-0.47251380406771537,-0.5182485874957706
-0.4715974099797275,-0.5186398595458144
-0.47158542061969105,-0.5186449786332699
-0.4713285714534642,-0.5187546453161294
-0.4708878198781506,-0.5189428326633563
-0.4705112783196604,-0.5191036043111096
-0.4701480166714894,-0.5192587058461863
-0.4700400627703442,-0.5193047988369257
-0.46986542775736145,-0.5193793626085986
-0.4694679697297346,-0.5195490649444325
-0.4687372270894872,-0.519861069544475
-0.4684000344285239,-0.5200050404249555
-0.46796410851280495,-0.5201911673641691
-0.4678827203057301,-0.5202259176217809
-0.4676881758252866,-0.5203089821228353
-0.46693299788776294,-0.5206314198421919
-0.46682799275349873,-0.520676253800297
-0.4659232121182476,-0.521062567263724
-0.46565220758744924,-0.521178277851261
-0.46531963045481706,-0.5213202780433055
-0.4652232779110534,-0.5213614176117722
-0.46517440685712114,-0.5213822840465414
-0.46466420615209947,-0.521600124033076
-0.4638997163306871,-0.521926537640041
-0.463874384647623,-0.5219373534884773
-0.4634558998295742,-0.5221160336161826
-0.4631793749883525,-0.5222341012062414
-0.4626873665804546,-0.5224441736422385
-0.46235792555309957,-0.5225848348139236
-0.4621119954610515,-0.5226898393884232
-0.4619959849504206,-0.5227393723032643
-0.46170759561699054,-0.5228625056660621
-0.46170161311395924,-0.5228650600105915
-0.46088720753225976,-0.5232127861097616
-0.4601266650242125,-0.5235375143354996
-0.4598242696187226,-0.5236666278596709
-0.4596342771214419,-0.5237477488041186
-0.45946963979114697,-0.523818043873219
-0.45941129829336846,-0.5238429538958147
-0.45940802366611844,-0.5238443520607898
-0.4590351588054444,-0.5240035538718202
-0.45876651951169745,-0.5241182545759873
-0.45820115754103974,-0.5243596467239459
-0.4580726939830076,-0.5244144967064654
-0.45768335925333087,-0.5245807306442773
-0.45704238865002994,-0.5248544053495802
-0.4569794662171721,-0.524881271290359
-0.4560853107331857,-0.5252630481414574
-0.45560469869403186,-0.5254682546790164
-0.4550908831043219,-0.525687638109972
-0.4545909788157482,-0.5259010818438193
-0.45457263145345794,-0.5259089156024068
-0.4544192584313976,-0.5259744011588389
-0.4543816687608813,-0.5259904507903633
-0.454241262244707,-0.5260504000481587
-0.45412463353316057,-0.5261001969157498
-0.4529903689391074,-0.5265844929613318
-0.45285040286494493,-0.5266442541639541
-0.45281315420988233,-0.5266601581923832
-0.45279653000345144,-0.526667256216493
-0.4523887637958743,-0.5268413598276671
-0.4517858881399008,-0.5270987691638099
-0.451761001108849,-0.5271093951595325
-0.4514866661169946,-0.5272265277513601
-0.45134131964134117,-0.5272885862196993
-0.45099435580945263,-0.5274367290892067
-0.45095298638765896,-0.5274543925581078
-0.45070377114429916,-0.5275607997910325
-0.45011202492185615,-0.5278134572018517
-0.4498471069551171,-0.5279265690140056
-0.4495564057296731,-0.5280506894834855
-0.4495209980791248,-0.5280658074596912
-0.4495031568439072,-0.5280734251176077
-0.44936110749833075,-0.5281340758129576
-0.4492523498645271,-0.5281805119727867
-0.4472050881682503,-0.5290546296601204
-0.44715932656813157,-0.5290741684538843
-0.44579974862068206,-0.5296546663615704
-0.4455053551745868,-0.5297803632955457
-0.445399693242597,-0.5298254776860499
-0.44529543713918923,-0.5298699918310499
-0.4449808050572586,-0.5300043300391639
-0.4448742928074113,-0.5300498074892029
-0.44365587522872146,-0.5305700342672587
-0.44355003265683396,-0.5306152257854354
-0.443400260348843,-0.5306791739478641
-0.44259024893301147,-0.5310250238735518
-0.4424195379484968,-0.5310979122059315
-0.4423413670271794,-0.5311312887816194
-0.44232848787543444,-0.5311367877827283
-0.4420185504685246,-0.5312691215092074
-0.44195094328244183,-0.53129798769532
-0.44147959087783684,-0.5314992406541292
-0.44120363392062556,-0.5316170657752067
-0.4405630073109872,-0.5318905936058108
-0.44002864825017274,-0.5321187484661759
-0.4394335216361728,-0.5323728492000716
-0.4394120630903652,-0.5323820113381944
-0.4393808383393545,-0.5323953433451336
-0.43918542431926927,-0.5324787791128325
-0.4390333648143835,-0.5325437038378882
-0.43850699902354834,-0.5327684458181701
-0.43808219099024526,-0.5329498257640299
-0.4380483019930197,-0.5329642953220424
-0.43800529832843427,-0.5329826565622798
-0.4379445630030991,-0.5330085886755108
-0.4372805526259375,-0.5332921006546123
-0.4366189886572986,-0.5335745680926255
-0.436372676568543,-0.5336797357679535
-0.4357324589822489,-0.5339530889581877
-0.43560345794838284,-0.5340081684263338
-0.43528112237757455,-0.5341457957869261
-0.43498445041782074,-0.5342724655760538
-0.4345633160529331,-0.5344522769786517
-0.4344744570337633,-0.5344902170429223
-0.4340342700534875,-0.534678163325458
-0.4339198792037551,-0.534727004694982
-0.43380934038794733,-0.5347742013646654
-0.4333331650117752,-0.5349775135837831
-0.4331059020383805,-0.5350745478735769
-0.43282551777185146,-0.5351942633193691
-0.43281382276592395,-0.5351992567266866
-0.43221702592335576,-0.5354540705967367
-0.432086982199136,-0.5355095952615482
-0.43176734780681836,-0.5356460693021231
-0.43112711169121987,-0.5359194304037995
-0.43073352217144983,-0.5360874810059312
-0.4306910319177868,-0.5361056230355181
-0.43067674838745157,-0.5361117216630293
-0.42976744541960965,-0.5364999660231818
-0.4295285627410344,-0.5366019615691934
-0.429414507436437,-0.5366506596712797
-0.42926569580928514,-0.5367141976525798
-0.42883382490274236,-0.5368985932277719
-0.4284250087121041,-0.537073145149373
-0.42827246576569156,-0.5371382762890703
-0.42822978412036017,-0.5371565000370047
-0.4278292021483037,-0.5373275362008905
-0.42777181704849904,-0.5373520378710092
-0.4276196023992396,-0.5374170288379339
-0.4269883372691541,-0.5376865596051085
-0.4269774013733142,-0.5376912288957995
-0.42683059286418024,-0.5377539116074033
-0.4267421506970122,-0.5377916736887083
-0.4258186032803531,-0.5381859999897676
-0.42556989987789706,-0.5382921886823916
-0.42550552791329316,-0.5383196735285796
-0.4254282141506508,-0.5383526841239142
-0.42513210920403294,-0.5384791118158974
-0.4250857461882444,-0.5384989073956283
-0.4250396828755822,-0.5385185750113555
-0.42474429744534337,-0.5386446954920062
-0.4246844547627471,-0.5386702464742817
-0.4245686453869491,-0.5387196935107443
-0.42415904826715106,-0.5388945788650434
-0.4238836103094572,-0.5390121823893125
-0.4237232296796638,-0.5390806599784077
-0.4235849847166402,-0.5391396863195851
-0.4233792870922807,-0.5392275128695676
-0.4227212816586155,-0.5395084609227522
-0.42218847606978177,-0.5397359524984294
-0.42077862150722745,-0.5403379169722131
-0.4206248410148985,-0.5404035765058995
-0.42051596660273144,-0.5404500625264931
-0.4197266079222757,-0.5407870943702928
-0.41926332897926233,-0.5409849002096702
-0.41887248621239687,-0.5411517780329133
-0.4187298907853753,-0.5412126618882206
-0.4186548878591838,-0.5412446858275659
-0.4183145672523865,-0.541389992244575
-0.41818867699211915,-0.5414437435082081
-0.4180616290724556,-0.541497989056747
-0.4179971881659196,-0.5415255033390164
-0.4179747923422247,-0.5415350656659284
-0.4177784768053836,-0.5416188863535147
-0.4177024445798553,-0.5416513497719739
-0.4172064888663579,-0.5418631075858824
-0.41720102705774587,-0.5418654396099325
-0.41717455588600705,-0.5418767419849359
-0.4160224331730023,-0.5423686628972686
-0.4152752048577979,-0.5426877063727483
-0.4150711494476806,-0.5427748317478306
-0.41497124097933935,-0.5428174895865673
-0.4147102577572941,-0.5429289213839296
-0.4142808435864695,-0.5431122680086391
-0.41418571689044265,-0.5431528841778792
-0.414165157153493,-0.5431616625523036
-0.41324228061232354,-0.5435557024101921
-0.41312398679638723,-0.5436062102260713
-0.4129505432139089,-0.5436802652936157
-0.4128821393651654,-0.5437094716301467
-0.41240785153180826,-0.5439119779266199
-0.4121937944191119,-0.5440033737206446
-0.411720040503957,-0.5442056520504905
-0.4111609584559326,-0.5444305345248371
-0.4106944139591537,-0.5446166862660885
-0.4103295879490502,-0.5447622522249702
-0.4102664324396837,-0.544787451339137
-0.41022850754913154,-0.5448025834100579
-0.4102280190958023,-0.5448027783034463
-0.41012584785717626,-0.5448435447343171
-0.4099273847655227,-0.544922731715067
-0.40974586624102377,-0.5449951577958335
-0.40945126311675323,-0.5451127047499605
-0.4091939443316833,-0.5452153752138245
-0.40911163709793263,-0.5452482158860135
-0.4090491700226773,-0.5452731403142512
-0.4081836715015367,-0.5456184751277003
-0.4073139715242777,-0.5459654863265269
-0.4071825171902064,-0.5460179367430495
-0.40708561187592823,-0.5460566020646083
-0.40678444986575185,-0.5461767660210587
-0.4066071998499359,-0.5462474889624046
-0.40626066808763417,-0.5463857554973156
-0.4061491380632215,-0.5464302560934851
-0.40557823120931413,-0.5466580485241771
-0.4052241602340763,-0.5467993232129199
-0.4051127706422758,-0.5468437677763305
-0.40479464270117177,-0.5469707011569322
-0.40449136631829263,-0.5470917087502983
-0.4044912557446759,-0.5470917528692868
-0.4042583904067259,-0.5471846663822224
-0.4040332011133967,-0.5472745171453411
-0.4040175151596158,-0.5472807758572746
-0.403383457859753,-0.5475337653818271
-0.4031163391247676,-0.5476403460359378
-0.40292536730295025,-0.5477165439922028
-0.4024730966211975,-0.5478970004663581
-0.402192673218235,-0.5480088896968807
-0.40200139777073984,-0.5480852088001081
-0.40184117488232024,-0.548149137899848
-0.40183299631149966,-0.5481524011581431
-0.4007497110346041,-0.5485846331144912
-0.4006834685583344,-0.5486110639316749
-0.4004883006789534,-0.5486889361192883
-0.4002554830157275,-0.5487818306099592
-0.4001701712094191,-0.5488158701097352
-0.3998956654961829,-0.5489253981758795
-0.39966827530434945,-0.5490161270997989
-0.3989731115705021,-0.5492934981553017
-0.3986246505040157,-0.5494325344845963
-0.39825694068777445,-0.5495792510851375
-0.3982495809919638,-0.5495821876114488
-0.39812390608956283,-0.5496323320287019
-0.3979309090553778,-0.5497093380468158
-0.3974242501142895,-0.549911495493223
-0.3974071252327698,-0.5499183283388265
-0.39701141042955856,-0.5500762189584038
-0.39700968354908367,-0.5500769079855159
-0.3968212900489755,-0.5501520771887275
-0.3966820256592891,-0.5502076438255936
-0.3965689506963854,-0.5502527608538339
-0.39598433912385556,-0.5504860214815629
-0.3957300500820955,-0.5505874830746834
-0.3956931996210975,-0.5506021864470907
-0.395468273961949,-0.5506919320198961
-0.395361141728324,-0.5507346778929504
-0.3952976381070924,-0.5507600159041146
-0.39486425332230235,-0.5509329368856664
-0.3944970301621819,-0.5510794593099072
-0.39420842383266497,-0.5511946135366673
-0.39416299377308356,-0.5512127401778658
-0.39396929246152734,-0.5512900272033862
-0.3932360297353087,-0.5515825997966174
-0.39297146177063075,-0.5516881626907126
-0.392950764479355,-0.551696420931538
-0.39293527435189224,-0.5517026015085661
-0.3928447221993535,-0.5517387319119585
-0.39265457835803486,-0.5518145995031404
-0.39189512012416516,-0.5521176241312705
-0.3918625264158788,-0.5521306290549021
-0.39172843539948504,-0.5521841315104239
-0.3912537827142659,-0.5523735184273274
-0.3911325231938288,-0.5524219011025674
-0.39066974166336466,-0.5526065514163311
-0.3898832871160658,-0.5529203476017016
-0.38952306621370086,-0.5530640761177882
-0.38949307433840796,-0.5530760429073392
-0.3892856362237952,-0.5531588109316192
-0.38819467533958724,-0.5535941054632978
-0.3881479799524586,-0.5536127369715085
-0.387962020241288,-0.5536869350903932
-0.3877485177866148,-0.5537721227926881
-0.3874428827590254,-0.5538940714877557
-0.3866460895292724,-0.5542119928182183
-0.3863123643772074,-0.5543451495022756
-0.38614840880830625,-0.5544105679454243
-0.3850161848962441,-0.554862326468292
-0.38450882669310193,-0.5550647629209888
-0.38423132778389896,-0.5551754852754484
-0.38408143141097206,-0.5552352940847265
-0.3838973655343715,-0.5553087365616408
-0.3837123714508734,-0.5553825493940763
-0.3833299828152296,-0.5555351228588825
-0.38321665118560383,-0.5555803422974127
-0.3832045742105004,-0.5555851610230864
-0.3829382790082168,-0.5556914130867894
-0.38256520794917215,-0.5558402688288058
-0.38241435825474235,-0.5559004580143587
-0.3820519425512954,-0.5560450622583684
-0.3819840397340866,-0.5560721555533199
-0.3815929157450536,-0.5562282144332475
-0.3812868314846213,-0.5563503423726885
-0.38100491178576523,-0.5564628286268347
-0.38076726320715487,-0.5565576506577872
-0.38073672208787396,-0.5565698365962628
-0.38071996139956216,-0.5565765241283961
-0.3803924761979699,-0.5567071910657008
-0.38016737141746554,-0.5567970081081142
-0.3798537398713287,-0.5569221474224301
-0.3790748896078254,-0.5572329094906279
-0.3788618920940704,-0.5573178957209691
-0.3781712349734757,-0.5575934686330796
-0.37781176030744335,-0.5577368994000905
-0.37780490049573834,-0.5577396364721219
-0.3776382342720748,-0.5578061364693504
-0.3775777758138136,-0.5578302594573106
-0.3772168489782768,-0.5579742696414698
-0.3771417723512125,-0.5580042252940426
-0.3768918987124622,-0.558103925136753
-0.37662036107816366,-0.5582122689363025
-0.3761680299636953,-0.5583927495231744
-0.3761025245361133,-0.5584188862571622
-0.3760432598871384,-0.5584425329139711
-0.37590300993250236,-0.558498492792281
-0.3758750561206359,-0.5585096463923973
-0.37541630637097223,-0.5586926880214127
-0.3751298684130143,-0.5588069770656572
-0.37509479895945436,-0.5588209698142375
-0.3747765034491143,-0.5589479700551393
-0.37423151648807446,-0.5591654204215187
-0.3740479975009404,-0.5592386446889649
-0.3735672968597535,-0.5594304447466132
-0.3730727785501544,-0.5596277580683824
-0.3730647815073727,-0.5596309488968007
-0.3728421928648951,-0.5597197619975146
-0.3721602439573599,-0.5599918603235235
-0.3721265377546147,-0.5600053091336056
-0.37182266898038224,-0.56012655309174
-0.37158548884994996,-0.5602211882113803
-0.37152916397242125,-0.5602436618963131
-0.37126697500902806,-0.5603482755664123
-0.3702271492545294,-0.5607631671279556
-0.3699428990131963,-0.560876583270983
-0.3698121592696183,-0.5609287485651528
-0.3693925004972822,-0.5610961928534065
-0.3689526537516788,-0.5612716921640686
-0.36881695086051236,-0.5613258377593074
-0.3686568465534605,-0.5613897195449578
-0.3679367594802584,-0.5616770350388811
-0.3678622176448554,-0.5617067773090229
-0.367646071996074,-0.5617930196485261
-0.3675828803783383,-0.5618182331699698
-0.36720414565814646,-0.5619693487186964
-0.36694889398227915,-0.5620711944038306
-0.3667400985527294,-0.5621545039981874
-0.36665363991490735,-0.5621890010849346
-0.3654752456220748,-0.562659181637928
-0.3649066040085158,-0.5628860702353563
-0.3645726800110455,-0.563019306258938
-0.364455388575913,-0.5630661056639992
-0.36409858060487776,-0.5632084724169224
-0.3639912652701385,-0.5632512913475124
-0.36362494084041275,-0.5633974551773876
-0.36332666697466987,-0.563516466761194
-0.3632572603926446,-0.5635441600598773
-0.3629377804990236,-0.5636716328709446
-0.3627436228407705,-0.5637491019792733
-0.36174032088958674,-0.5641494205051659
-0.3613507350155898,-0.5643048656755885
-0.3607743750416829,-0.5645348339068529
-0.36066025056896145,-0.564580369690606
-0.36034132394842455,-0.5647076217451351
-0.36029283485552,-0.564726968943823
-0.3602848770201147,-0.5647301441284571
-0.3600548758823084,-0.5648219148225453
-0.3600156987824802,-0.5648375465262747
-0.3595784602979897,-0.5650120051380298
-0.35946899026782597,-0.5650556837943435
-0.3591707049339621,-0.5651746999539422
-0.35777722054920946,-0.5657307016781493
-0.3574407197551945,-0.5658649658462424
-0.35739018692824764,-0.5658851284969465
-0.3572115063197071,-0.5659564222462831
-0.35666565386509286,-0.5661742179455023
-0.3561293997480925,-0.5663881838979936
-0.3553959934583717,-0.5666808137732122
-0.3549799019528773,-0.566846834718272
-0.3546520924396988,-0.5669776310562382
-0.35435872093575893,-0.5670946865925677
-0.35420391057334927,-0.5671564560887792
-0.3541118214689284,-0.5671931997375771
-0.35389529805491066,-0.5672795928058041
-0.3533434441612983,-0.5674997830854485
-0.35330474365716735,-0.5675152246269971
-0.3532604245212639,-0.5675329080084884
-0.3529195286946757,-0.5676689257991662
-0.3527183147842,-0.5677492103594979
-0.35257775317339035,-0.5678052945889465
-0.35257506026232155,-0.5678063690632742
-0.35233423335402614,-0.5679024592510888
-0.3522164099403066,-0.5679494709161615
-0.35178269983954924,-0.5681225216991238
-0.35164949768985154,-0.568175669495906
-0.3512969609886779,-0.5683163320076956
-0.35104809416950555,-0.5684156301283433
-0.35091632822735835,-0.5684682048768135
-0.35038348209135783,-0.5686808110413283
-0.3498619301635077,-0.5688889108050007
-0.3484387336227039,-0.5694567677104895
-0.3481521305895101,-0.5695711226199254
-0.3480326864456443,-0.5696187809580184
-0.3462306839096488,-0.5703377818510331
-0.34422200892878185,-0.5711392452653017
-0.3442039507645825,-0.5711464504916686
-0.3434107026986452,-0.5714629572980677
-0.3433347317737273,-0.5714932697764178
-0.34303871545922937,-0.5716113805949208
-0.3424448645515432,-0.5718483277270224
-0.34234618083856055,-0.5718877026315208
-0.3422387561244145,-0.5719305652046082
-0.34207006532535184,-0.5719978730095344
-0.3415131824077459,-0.5722200698750022
-0.3411815180674138,-0.5723524042930269
-0.3411730124131211,-0.572355798057969
-0.3407687714977951,-0.5725170906051806
-0.3405110283131673,-0.5726199304049111
-0.34047284101923997,-0.5726351671750528
-0.340434427242354,-0.5726504943121313
-0.3401928059346539,-0.5727469014661377
-0.3391677617895321,-0.5731558951501089
-0.33889582993146006,-0.5732643962453556
-0.3380319684107626,-0.5736090778939191
-0.33775056684880084,-0.5737213574109035
-0.33761356654961117,-0.573776020673298
-0.33743504572381533,-0.5738472506691525
-0.33722622411465575,-0.5739305707092011
-0.3370590821349104,-0.5739972605336028
-0.3368967777060386,-0.5740620201701561
-0.33686327852556286,-0.5740753863781365
-0.3366604317918313,-0.5741563224366518
-0.3366304411679199,-0.5741682887269004
-0.3365780416920077,-0.5741891961724903
-0.3363889790746045,-0.5742646323542011
-0.33631815312024615,-0.574292891983927
-0.3357054984353436,-0.5745373418427676
-0.33549985932504517,-0.5746193920624482
-0.3350265834198261,-0.5748082296426943
-0.3347843962672613,-0.5749048625693925
-0.3346598533778707,-0.5749545553122726
-0.3334983153907415,-0.5754180101816937
-0.3333465123300962,-0.575478579761362
-0.3330035549703264,-0.5756154201059313
-0.33297162190381435,-0.5756281614328053
-0.3329221692648185,-0.5756478930873894
-0.33275545560741915,-0.575714412010728
-0.3326347812124465,-0.5757625612202969
-0.33250043860700984,-0.5758161640601095
-0.332226383385101,-0.5759255123797438
-0.3316584682374336,-0.576152111116523
-0.3314091542251825,-0.5762515876676758
-0.33090768834125306,-0.5764516730788556
-0.32984102199358933,-0.5768772740650914
-0.3297027779752628,-0.5769324335727197
-0.32952382576717054,-0.577003835690561
-0.3294647822403381,-0.5770273941194041
-0.3291415825451322,-0.5771563511351869
-0.3289513878808184,-0.5772322390047968
-0.3286578613424692,-0.5773493564000173
-0.32857798153170975,-0.5773812285278987
-0.32672425378183556,-0.5781208678352482
-0.32645003907602493,-0.5782302797891258
-0.3254635598983641,-0.578623886010821
-0.32546217794560783,-0.5786244374114135
-0.32500511819879685,-0.5788068047275263
-0.3246526849667188,-0.5789474259550388
-0.32428960608559043,-0.5790922948076356
-0.3239300635048111,-0.5792357526727013
-0.32385509966268694,-0.5792656633239655
-0.3237275798243636,-0.5793165438725774
-0.32305912339524834,-0.5795832586856117
-0.32266164969771416,-0.5797418511058599
-0.3224416721481166,-0.579829622377789
-0.3220864157841436,-0.5799713700378746
-0.3217195189964524,-0.5801177622391754
-0.32141319854564776,-0.5802399844188215
-0.32130001686820236,-0.5802851440262753
-0.3209942323268884,-0.5804071523774752
-0.3203774613719951,-0.5806532446323392
-0.32007590316939216,-0.5807735666699814
-0.3199727901861882,-0.5808147088579219
-0.31995925562429817,-0.580820109162245
-0.3183481286242763,-0.5814629505171468
-0.31813904448186286,-0.5815463753082376
-0.3180030816242504,-0.5816006246303598
-0.31798464733771253,-0.5816079799299324
-0.31732484171103487,-0.5818712430637633
-0.31679098187552873,-0.5820842536954389
-0.3166838543972178,-0.5821269976711179
-0.31665290166643606,-0.5821393478430121
-0.31664115069193144,-0.5821440364941065
-0.31625585509522325,-0.5822977698394122
-0.3156371117866299,-0.5825426697641396
-0.31544427991215984,-0.5826122638389365
-0.3151455615182036,-0.582720072935899
-0.3150980415794456,-0.582737223140871
-0.314162730027479,-0.5830747821792035
-0.313759398871875,-0.5832203465921834
-0.31349813991165654,-0.5833146363752847
-0.312802682343873,-0.583565630803065
-0.3123763851132235,-0.5837194837977375
-0.3123487091845484,-0.5837294721912828
-0.3122938201081367,-0.5837492819582097
-0.31217409612126285,-0.5837924909977961
-0.31207891641720087,-0.5838268418719025
-0.31188034734434145,-0.5838985065328768
-0.3116685408790946,-0.5839749486409327
-0.31134360042213,-0.5840922214233951
-0.3113038416021389,-0.5841065705982911
-0.3112507317303361,-0.5841257382405746
-0.31070549845850903,-0.5843225159009359
-0.31065176523452837,-0.5843419085144188
-0.30914158945106707,-0.5848869391880019
-0.30913687230991826,-0.5848886416299599
-0.30866572843597695,-0.585058680022696
-0.3085910291674338,-0.5850856393959664
-0.30858835955839825,-0.5850866028724218
-0.3080465787910882,-0.5852821345050802
-0.3076932922301899,-0.5854096375509924
-0.30730858079728895,-0.5855484820045358
-0.3072799061963699,-0.5855588308243386
-0.3065233834416944,-0.5858318640109896
-0.3062224916684036,-0.585940457492403
-0.30606162801651854,-0.5859985140613814
-0.30576310537557355,-0.5861062525100149
-0.30554315965748985,-0.586185632118794
-0.304836256921406,-0.5864407571702118
-0.30442439522344916,-0.5865894003024346
-0.3043879006778313,-0.5866025713829127
-0.30435821111012906,-0.5866132865097611
-0.30429966727096014,-0.5866344153004924
-0.30420971849309275,-0.5866668783048168
-0.30412568370527343,-0.5866972069178903
-0.30411058942430585,-0.5867026545261841
-0.30409079493091973,-0.5867097984667649
-0.30405549396118037,-0.5867225387792012
-0.3040090166544639,-0.586739312692585
-0.30377160622212723,-0.5868249954119539
-0.3035993899652792,-0.5868871491979567
-0.3035047270471321,-0.586921313561209
-0.3022439867403619,-0.5873763216113562
-0.3018493252226024,-0.587518757104772
-0.30170466913800875,-0.5875709642743527
-0.30162249766951954,-0.5876006204053213
-0.3014823990383998,-0.5876511827650965
-0.30138452461307924,-0.5876865061787966
-0.3008263394368494,-0.5878879582520694
-0.30081553919437287,-0.5878918561184611
-0.3007337980183035,-0.5879213569545495
-0.3002038902047739,-0.5881126035734583
-0.29973887159434476,-0.5882804313251986
-0.29956801432072366,-0.5883420946467457
-0.29926428433066654,-0.5884517124560638
-0.2991150150818704,-0.5885055845417557
-0.2983776888848944,-0.5887716895860753
-0.2983385212832566,-0.5887858253870443
-0.2981609939922752,-0.588849895954221
-0.29786143121050046,-0.5889580097953508
-0.2974278699801487,-0.589109463736127
-0.2962799739237071,-0.5893114422999781
-0.2962200833945816,-0.5893219803648082
-0.2962027418741077,-0.5893250316997969
-0.29602470673375525,-0.5893563579525195
-0.29584062306377656,-0.5893887484769769
-0.29575137439351457,-0.589404452266657
-0.2955209325368186,-0.5894449997665857
-0.2953663073340135,-0.5894722069132803
-0.2952882291450052,-0.5894859451959371
-0.2943964956998496,-0.5896428505529856
-0.29433134954272616,-0.5896543133741899
-0.2942420964588802,-0.5896700179404643
-0.29401110655380824,-0.5897106618724899
-0.2936957386081035,-0.5897661525803817
-0.2926599147046989,-0.5899484114384361
-0.2922867544547761,-0.5900140710170563
-0.29183363773529974,-0.5900937993720263
-0.29148602609751323,-0.590154963533175
-0.2904476052648167,-0.5903376793350841
-0.29022294585959474,-0.5903772093811782
-0.2894173185414267,-0.5905189638961533
-0.28929595425228183,-0.5905403186039134
-0.28895965874966906,-0.5905994916294379
-0.2888668680838048,-0.5906158186525381
-0.28844597375070213,-0.5906898773031066
-0.28837633260822626,-0.5907021310414685
-0.28723734213464425,-0.5909025426195057
-0.2871281529715585,-0.5909217550475164
-0.2871177258987864,-0.590923589747768
-0.2871022890112711,-0.5909263059522128
-0.2870260127961546,-0.5909397271677479
-0.28698378916715733,-0.5909471566452669
-0.28659216498217394,-0.5910160650538361
-0.28651204557350063,-0.5910301625002116
-0.286031579857062,-0.5911147030601703
-0.2859977607362794,-0.5911206537186886
-0.28561799609911265,-0.5911874753752192
-0.2855171326667862,-0.5912052228455515
-0.2854607629916765,-0.5912151413969391
-0.2854518371110939,-0.591216711954248
-0.2852174213379297,-0.5912579586864255
-0.2851835824901229,-0.5912639128160212
-0.28511393502132376,-0.591276167667534
-0.28496031030204705,-0.5913031987737021
-0.2846169896540339,-0.5913636079118265
-0.2842458261140054,-0.5914289161584645
-0.28405035117845623,-0.5914633110381485
-0.2839680561478476,-0.5914777912970545
-0.28385422030915064,-0.5914978213329499
-0.2837207983525861,-0.591521297652972
-0.2835611762699058,-0.5915493840278992
-0.28300527935252473,-0.5916471971185461
-0.282385342936071,-0.5917562783078851
-0.2823111796401546,-0.5917693277437776
-0.28143387121815694,-0.5919236949394266
-0.2812429255450825,-0.5919572928707069
-0.2810937957481614,-0.591983533070802
-0.2805159976491651,-0.5920851997936523
-0.2804101476542205,-0.5921038246768396
-0.2802666281749797,-0.592129077710979
-0.279919639946826,-0.5921901321798069
-0.2797200383016872,-0.592225253176522
-0.2796910877535732,-0.5922303471831595
-0.2796615798849596,-0.5922355392533748
-0.27955478639443393,-0.592254330149749
-0.27944193476691614,-0.5922741870083263
-0.27920043388669646,-0.5923166804036838
-0.2791620135366753,-0.59232344067355
-0.2788877189053286,-0.5923717043080494
-0.27850714985487346,-0.5924386675054799
-0.2782528230967468,-0.592483417683919
-0.27812979698291473,-0.592505064798785
-0.2769198257339583,-0.5927179658308896
-0.2767959132466212,-0.592739768908002
-0.27646728085073324,-0.5927975935681564
-0.2764308864577674,-0.5928039973598431
-0.27626140443757247,-0.5928338186444843
-0.2760959099425037,-0.5928629383023589
-0.2759919107381345,-0.5928812375288631
-0.27542068021912836,-0.5929817486502398
-0.2753678637935538,-0.5929910419880167
-0.2753223912136358,-0.5929990431361475
-0.2747518867886958,-0.5930994264973181
-0.2743973884174063,-0.5931618024167393
-0.27335044023929045,-0.5933460186515245
-0.27331707076561096,-0.5933518901921857
-0.27330988774973913,-0.593353154082955
-0.27327532944433125,-0.5933592348050345
-0.27310858308374936,-0.5933885747354652
-0.27288013765453073,-0.5934287709531045
-0.2722287966101392,-0.5935433779577938
-0.2717904371438569,-0.59362050969368
-0.2717817181746961,-0.593622043843797
-0.2717085983440186,-0.5936349096762967
-0.27147567121077404,-0.5936758944741717
-0.27131456638952983,-0.5937042417450258
-0.27088043279189855,-0.593780629916304
-0.2704253009690625,-0.5938607128396868
-0.27034781468277697,-0.5938743469738352
-0.2699218595003813,-0.5939492961084041
-0.26938155262761976,-0.5940443660457793
-0.2692756003953456,-0.5940630089181818
-0.26888181072217743,-0.5941322983561927
-0.2687469438329191,-0.5941560289199931
-0.2687089893212555,-0.5941627072230629
-0.26847209578824677,-0.5942043899305817
-0.2684560369512796,-0.5942072155704203
-0.26825529529461684,-0.5942425371583727
-0.26775277249022394,-0.5943309587831045
-0.26768219346746536,-0.5943433775466107
-0.26766609883996506,-0.5943462094839888
-0.267630768789026,-0.5943524259988983
-0.2675141424171683,-0.5943729470443037
-0.2669385501735547,-0.5944742256348838
-0.266703486151901,-0.5945155864299142
-0.266463813829195,-0.5945577580806166
-0.26582441683777774,-0.5946702634641245
-0.26560687675319405,-0.5947085408269726
-0.2651341500414176,-0.5947917196669057
-0.26507901050687077,-0.5948014217683605
-0.2649169503476753,-0.594829937136131
-0.26483499533966703,-0.5948443575662083
-0.26480522348336505,-0.5948495960864953
-0.2644710037517489,-0.5949084038688061
-0.2641745039408633,-0.5949605746255995
-0.2641503905342085,-0.5949648175108488
-0.2637994689921518,-0.5950265640676832
-0.263713511937255,-0.5950416886797102
-0.26354887320912,-0.5950706577607314
-0.2625381103952555,-0.5952485069835706
-0.2622723037384742,-0.5952952771127104
-0.261812615436943,-0.5953761617733391
-0.2617934786685855,-0.5953795289919718
-0.2617914691697853,-0.5953798825742316
-0.2617612596944959,-0.5953851980959632
-0.26132737472931356,-0.5954615425190077
-0.2610580502132761,-0.5955089316346457
-0.26102780529853686,-0.5955142533921416
-0.2606722572395105,-0.5955768140098379
-0.2605850340081235,-0.5955921614125153
-0.2596268814578282,-0.5957607535729055
-0.2591747309139192,-0.5958403119240216
-0.2583910210773708,-0.5959782099387188
-0.2583235767176172,-0.5959900771411945
-0.25823740794868877,-0.5960052390054585
-0.2582214682899389,-0.5960080436752406
-0.2579977690271733,-0.5960474047790396
-0.2575803279143237,-0.5961208558166946
-0.2575524405454658,-0.5961257627511508
-0.25748298094951855,-0.596137984545412
-0.2572859990017474,-0.5961726445921054
-0.25725680103792037,-0.5961777821328854
-0.25716587619184544,-0.5961937808548302
-0.2566792213352549,-0.5962794104277116
-0.25629326034410915,-0.596347322366477
-0.2562448917012197,-0.5963558330926629
-0.2557802847102848,-0.596437583223485
-0.25557054351195285,-0.5964744883298155
-0.25540766100212065,-0.5965031483946601
-0.2551536747007946,-0.5965478386678706
-0.25491576698574836,-0.5965896998262433
-0.25477912390042107,-0.5966137429214171
-0.25448393918479245,-0.5966656822800366
-0.25401737958306736,-0.5967477759833633
-0.25387881771326654,-0.5967721566991169
-0.2532784206963078,-0.5968777998246815
-0.25311824753212664,-0.5969059831654006
-0.25259662435843694,-0.596997765604152
-0.2523847030973022,-0.5970350543044078
-0.2519974181517967,-0.5971031992001545
-0.2507309140686712,-0.5973260474923721
-0.250484449688984,-0.5973694142424975
-0.2503913622262523,-0.5973857934886231
-0.25026423604742914,-0.5974081620322578
-0.24983501195463875,-0.5974836863494165
-0.2495017214624696,-0.5975423306269849
-0.24934618745133497,-0.5975696976834555
-0.2486960185283648,-0.597684098446996
-0.24820966873401035,-0.5977696743425152
-0.24814133788891188,-0.5977816975269161
-0.2480411033037977,-0.5977993343481561
-0.24791551388406918,-0.5978214324906572
-0.2470141337102254,-0.5979800352421651
-0.24678787969849497,-0.5980198458679604
-0.24659399821646774,-0.5980539603708175
-0.24655732072089354,-0.5980604139759503
-0.24632621393841517,-0.5981010784731923
-0.24578211087453733,-0.5981968163710727
-0.24511674119887483,-0.5983138917898497
-0.24492579274950166,-0.5983474902096348
-0.24445362729701325,-0.5984305702929389
-0.24441117399489465,-0.5984380401826946
-0.24433854648561035,-0.5984508193885636
-0.2443332413357326,-0.5984517528585823
-0.2442287346932115,-0.5984701413715934
-0.24410130776948016,-0.5984925628329328
-0.24399788402166467,-0.5985107608047219
-0.24374969019741782,-0.5985544318600381
-0.24348462757100156,-0.5986010710729822
-0.24318095464245518,-0.5986545039789009
-0.24267437832567612,-0.5987436388412168
-0.24252444103280957,-0.5987700211246222
-0.24230354356725128,-0.5988088892369408
-0.24227224392291943,-0.5988143965798537
-0.24223827102395523,-0.5988203742964806
-0.2422134050815991,-0.5988247495944858
-0.24218068381054883,-0.5988305070803636
-0.24180049122422026,-0.5988974040368803
-0.24174888525567986,-0.5989064843881485
-0.24170490324779745,-0.5989142232620105
-0.2413731902736612,-0.598972589966688
-0.2412647780957067,-0.5989916656799325
-0.24120021096767497,-0.5990030266178141
-0.2411805967219675,-0.5990064778511874
-0.240677641916845,-0.5990949754888006
-0.23997051987724807,-0.5992193974634418
-0.2398473917153869,-0.5992410625342143
-0.23981874820154964,-0.5992461025164985
-0.23900479556873447,-0.5993893219159346
-0.23888806668165352,-0.599409860999452
-0.23875293569521513,-0.5994336380325898
-0.2386726608978597,-0.5994477628204503
-0.2382375415868443,-0.5995243244333678
-0.23810914395720797,-0.5995469166956988
-0.2380732991041481,-0.5995532237928456
-0.23656255577001387,-0.599819047311677
-0.23560314178289815,-0.5999878614287469
-0.23513115505358606,-0.6000709100647347
-0.23430334348086795,-0.6002165680201381
-0.23375573431174365,-0.6003129228363348
-0.2335951383883742,-0.6003411805638359
-0.23358303666114627,-0.6003433099286611
-0.23323655367069873,-0.6004042754981626
-0.2330188346313063,-0.6004425843490839
-0.23295650974136184,-0.6004535507529605
-0.2324129269925167,-0.6005491970985767
-0.23198717062176857,-0.6006241112511531
-0.2317884050549589,-0.600659085135332
-0.2316751061032991,-0.6006790207030287
-0.231443043256407,-0.600719853425012
-0.2312625898647158,-0.6007516051822303
-0.23114282968552735,-0.6007726776381057
-0.2308411864474369,-0.6008257534089327
-0.23077969996041017,-0.6008365722912489
-0.23041260114679635,-0.6009011653271332
-0.2303360168372619,-0.6009146407535592
-0.23008128477443548,-0.600959462247568
-0.22997975184165367,-0.6009773275201523
-0.22913692115985784,-0.6011256281696087
-0.2289538987081894,-0.6011578319669239
-0.22887017652492334,-0.6011725633411138
-0.22823822465412308,-0.6012837587150947
-0.2281009356253404,-0.6013079154675379
-0.22804789836765907,-0.6013172476619268
-0.22798617510671362,-0.6013281082059039
-0.22715492414727684,-0.6014743713401351
-0.2271200616793658,-0.6014805055812639
-0.22685367286779792,-0.6015273781437094
-0.22678987579272358,-0.6015386035865786
-0.22676604613771414,-0.6015427965441803
-0.22636273516924593,-0.6016137613059629
-0.22568479190885007,-0.6017330491154635
-0.2255350946514879,-0.6017593891633144
-0.2255117500958475,-0.6017634967650397
-0.22522525777680363,-0.6018139066491317
-0.22485328867838,-0.6018793566381573
-0.22376736288357418,-0.6020704311969144
-0.2233613154844907,-0.6021418774485694
-0.22271998821367506,-0.6022547224752519
-0.22264720229947738,-0.6022675295533281
-0.2223234307145321,-0.6023244989273198
-0.2211881528567214,-0.602524257250389
-0.2210142919670925,-0.6025548490209592
-0.22100499086792247,-0.6025564856000223
-0.22054563860994564,-0.6026373111319572
-0.22052664641092068,-0.6026406529128283
-0.22026586634646667,-0.6026865385856677
-0.22019813182186448,-0.6026984568442291
-0.22017108321678974,-0.6027032161936288
-0.22012851890492802,-0.6027107056161535
-0.2195132679289858,-0.6028189623767124
-0.21939841637540142,-0.6028391711331751
-0.2191773654312385,-0.6028780662508901
-0.21851832159158635,-0.6029940286043636
-0.2184312269282059,-0.6030093533847998
-0.21817064127294167,-0.6030552048502832
-0.21767031690273853,-0.6031432396485441
-0.2176114272026705,-0.60315360161205
-0.2174500606944817,-0.6031819949281475
-0.21711475629098437,-0.603240993564384
-0.2160541941969656,-0.6034276052418287
-0.21548057959014716,-0.6035285358564423
-0.2149021058425874,-0.6036303214633376
-0.21452109235177452,-0.6036973628624699
-0.2134415259256474,-0.6038873184556679
-0.21333729451716427,-0.6039056585397508
-0.21332287458357058,-0.6039081958056136
-0.21269830482509336,-0.6040180922567201
-0.21247200227757204,-0.6040579114226521
-0.2119825614220161,-0.604144031207227
-0.21194587852052754,-0.6041504857635599
-0.21164101359932969,-0.6042041284070785
-0.21153485071276917,-0.6042228083452501
-0.21144064410567265,-0.6042393845109229
-0.21027746848879314,-0.6044440515966625
-0.20968418983322382,-0.604548442207766
-0.209651350472979,-0.6045542204720808
-0.20958545719004074,-0.6045658147541421
-0.2092962790978083,-0.6046166972146563
-0.20928247040471815,-0.604619126929423
-0.20916722905396956,-0.6046394042728199
-0.20864791938868632,-0.6047307796371653
-0.2085699976203581,-0.6047444903967513
-0.20765563721347646,-0.604905377090967
-0.2075876828741301,-0.60491733402713
-0.20752302571333495,-0.6049287108067668
-0.20665392432562746,-0.6050816339300279
-0.20656926567428502,-0.6050965300808768
-0.20617932535629724,-0.605165142203876
-0.2061309129867565,-0.6051736606240044
-0.20574791353998387,-0.6052410514629055
-0.2053103955621599,-0.6053180351343137
-0.20491284812368069,-0.6053879857716001
-0.20486993788391386,-0.6053955360620241
-0.20387268840021,-0.6055710075408129
-0.20306044873534648,-0.6057139255342073
-0.2028391308664321,-0.6057528676187864
-0.20258041308398173,-0.6057983904218737
-0.20212960817578107,-0.6058777120010571
-0.2019919751101904,-0.6059019292886507
-0.20196453295174052,-0.6059067578859105
-0.20160602324281743,-0.6059698396220387
-0.2013406830051928,-0.6060165276821871
-0.2011802355963621,-0.606044759277746
-0.20031754856054018,-0.6061965537608531
-0.20009079946335726,-0.6062364514996306
-0.20005579003724738,-0.606242611598855
-0.2000012589714113,-0.6062522066369257
-0.19999431648982124,-0.606253428204378
-0.19890045962378908,-0.6064458982783189
-0.1988868691635592,-0.6064482895938251
-0.19817613597541509,-0.6065733469697234
-0.1972324219498118,-0.6067393985930457
-0.19630741689035264,-0.6069021582718651
-0.1958538425241776,-0.6069819671522647
-0.19575317882616325,-0.606999679478257
-0.19559892207522944,-0.6070268217938378
-0.1954836861651323,-0.6070470981799224
-0.19355864132184436,-0.6073858203060368
-0.1930720216109728,-0.6074714436948374
-0.1930244181048286,-0.6074798197910453
-0.1924248203074381,-0.6075853222895734
-0.19233092755009104,-0.6076018432316731
-0.19229746849061355,-0.6076077305354435
-0.19210713063989793,-0.6076412215170688
-0.19207933159176763,-0.6076461129110119
-0.1919091730236166,-0.607676053237951
-0.19151433459556266,-0.6077455272100969
-0.19136499886449698,-0.6077718036454266
-0.1902814350178342,-0.6079624626065422
-0.190235552143615,-0.6079705359481903
-0.18998462696563678,-0.6080146876000735
-0.1898833480958495,-0.6080325081688901
-0.1896969806982421,-0.6080653005276635
-0.18909493763404744,-0.6081712332842054
-0.18882048344926577,-0.6082195249930009
-0.18852466395862447,-0.6082715760437416
-0.18846886290484605,-0.6082813945431085
-0.18831358645832846,-0.6083087162796817
-0.18810609602387138,-0.6083452253518484
-0.18761631347993163,-0.6084314052583557
-0.18756984259764975,-0.6084395820632255
-0.18739819568571653,-0.6084697842723603
-0.18712843201668808,-0.6085172506593592
-0.18710328633475695,-0.6085216751790663
-0.18685497447890168,-0.6085653670026869
-0.1864524197122408,-0.6086361987066424
-0.1860762452421316,-0.6087023886537232
-0.18581806361046604,-0.6087478171181594
-0.18565133685274293,-0.6087771535993604
-0.1850418114777423,-0.6088844029092457
-0.18500171898829204,-0.6088914574011528
-0.18428694798110945,-0.6090172252533054
-0.18229101114786433,-0.6093684212112094
-0.18196168057718348,-0.6094263687190217
-0.18180860069348467,-0.609453303958402
-0.18159685602666073,-0.609490561585927
-0.1815708980177858,-0.6094951290389847
-0.1812387564038983,-0.6095535711651613
-0.1810610137533323,-0.6095848459527128
-0.18064737948484547,-0.6096576271553659
-0.18059907619013912,-0.609666126383183
-0.18049866078895663,-0.6096837950199951
-0.18012742901675688,-0.6097491152724552
-0.17984306747992368,-0.6097991502338106
-0.17925385754761694,-0.6099028249308934
-0.17912975525617858,-0.6099246614050713
-0.17855787948748672,-0.6100252860616449
-0.17852353009186703,-0.6100313300249092
-0.17794991528674292,-0.6101322606744157
-0.17739335014772817,-0.6102301913422988
-0.1773179545541539,-0.6102434576076766
-0.17694869251638332,-0.6103087629384527
-0.17686597583372843,-0.6103234198064805
-0.1765022821861657,-0.6103878639986771
-0.17585219075869293,-0.6105030560488496
-0.17578824308350713,-0.6105143871685923
-0.1756079246850485,-0.6105463384374822
-0.17555805369796704,-0.6105551752579712
-0.1749461783365614,-0.6106635956652428
-0.17487010605743591,-0.610677075187389
-0.17435262526404666,-0.6107687694799089
-0.17355178764199472,-0.6108771278818237
-0.17318661159772059,-0.610906992512903
-0.1725427352188046,-0.6109596496650315
-0.17228682123003328,-0.6109805786853836
-0.17212184276565154,-0.6109940708655308
-0.17203751193241723,-0.6110009675644316
-0.17202384542882823,-0.6110020852310865
-0.17199869081964633,-0.6110041424118214
-0.171219948655712,-0.61106782908513
-0.17108968545271874,-0.6110784822004195
-0.17065598660159606,-0.6111139507268778
-0.1705700422859292,-0.6111209793787322
-0.17047482078246953,-0.6111287667325749
-0.17037566553741665,-0.6111368757935594
-0.1703450873480461,-0.6111393765226157
-0.16982529861494333,-0.6111818856055545
-0.16972079043034943,-0.6111904324377649
-0.16969299428900725,-0.611192705646864
-0.16966178445136143,-0.6111952580330403
-0.16923358632824465,-0.611230276701916
-0.168851318856512,-0.6112615390949341
-0.1685017097535939,-0.611290130638778
-0.16803269933533957,-0.61132848699685
-0.1679115919358245,-0.6113383913371381
-0.16764876261151546,-0.6113598859037461
-0.1675798100930508,-0.6113655249415697
-0.16753867627133628,-0.61136888892568
-0.16732665395104096,-0.6113862284211794
-0.16709522046182324,-0.6114051553904679
-0.16677953259802633,-0.6114309728057566
-0.1665605033160636,-0.6114488853408311
-0.16651404121199345,-0.6114526850796665
-0.16649313132499305,-0.6114543951208123
-0.16606298711933895,-0.6114895729431645
-0.1659054398315192,-0.6115024573908222
-0.16505716093340006,-0.6115718308799706
-0.16461589533768922,-0.61160791822587
-0.16297879350366015,-0.6117418028086052
-0.1629484974854746,-0.6117442804612894
-0.16274949154320278,-0.6117605554583537
-0.16193214559565047,-0.6118273992055561
-0.16166942794846192,-0.6118488846390459
-0.16155506189014218,-0.6118582376625896
-0.16102209443171725,-0.6119018245209631
-0.16083019370835522,-0.6119175184428315
-0.16056550695155566,-0.6119391649129856
-0.16054196834497697,-0.6119410899346639
-0.1605380247316328,-0.6119414124491318
-0.16051895948180442,-0.6119429716331515
-0.1599288135156685,-0.611991234633526
-0.1598747918272278,-0.6119956526062296
-0.15906897308496826,-0.6120615536417211
-0.1584940258338082,-0.6121085736689522
-0.15831914973935812,-0.6121228752917647
-0.15825484243238924,-0.6121281344373972
-0.15812219979612865,-0.6121389821462199
-0.15790798780378398,-0.6121565007163026
-0.15775248355516724,-0.6121692180812256
-0.15771326132521787,-0.6121724257325651
-0.1575021753879199,-0.6121896886492932
-0.1570026318189044,-0.6122305420530985
-0.15673442501000362,-0.6122524763982625
-0.15644251138813942,-0.6122763495212691
-0.1563868376417029,-0.6122809026016921
-0.1557288378900492,-0.6123347147839027
-0.155526932512566,-0.6123512269010198
-0.15531655222017454,-0.6123684321090754
-0.1550449694196218,-0.6123906425477752
-0.15477432595556734,-0.6124127761661622
-0.15436306463412364,-0.6124464097186219
-0.15413173756029588,-0.6124653279851041
-0.15347419192540818,-0.6125191030289813
-0.15301535070941155,-0.6125566277348172
-0.15259822053216393,-0.6125907412508895
-0.15235306380657862,-0.6126107905265225
-0.15227412467154727,-0.6126172462844572
-0.15218678201875088,-0.6126243892943676
-0.15209139635152724,-0.612632190073763
-0.15182666321390298,-0.612653840337009
-0.15141792321564157,-0.6126872676919706
-0.15132528220206687,-0.6126948440095757
-0.15128929205455227,-0.6126977873364858
-0.150335777043128,-0.6127757671889194
-0.1499796555522158,-0.6128048913253797
-0.1493734702564247,-0.6128544660455958
-0.14930508446063306,-0.6128600587360102
-0.1492378372699725,-0.6128655583096314
-0.14882901800126824,-0.6128989921474458
-0.14796207398917396,-0.6129698920969184
-0.14758250606198334,-0.6130009337172351
-0.14733595628134674,-0.6130210969189479
-0.14718756320520826,-0.6130332327217834
-0.1470131228057157,-0.6130474987128249
-0.14681246593247343,-0.613063908725439
-0.14662904344457894,-0.613078909284809
-0.14651251225226736,-0.6130884393761777
-0.14647243877723815,-0.613091716643585
-0.14609973046889083,-0.6131221972742384
-0.14585944015039276,-0.6131418485679813
-0.14582132830686745,-0.6131449654102946
-0.14579590770932216,-0.6131470443439471
-0.1454601621492317,-0.613174502106979
-0.1454303465275944,-0.6131769404721308
-0.14515421582239746,-0.613199522845125
-0.14499911349514547,-0.613212207340331
-0.14494463546526548,-0.6132166626333049
-0.14477643016423053,-0.6132304187088737
-0.14457519221530032,-0.6132468762427077
-0.14447093810131176,-0.6132554022966523
-0.14431904648482782,-0.613267824215235
-0.14378456452689695,-0.6133115349315934
-0.14367780859136545,-0.6133202655881635
-0.1436214748316959,-0.6133248726454341
-0.14340090652591328,-0.6133429110441277
-0.14339256175047294,-0.61334359349207
-0.1430574396453347,-0.613371000268044
-0.14304608793849416,-0.6133719286272347
-0.14271664529161546,-0.6133988709288043
-0.14271465765109215,-0.6133990334809538
-0.1419975142215271,-0.6134576825196592
-0.14187123692287787,-0.6134680096618608
-0.14156898931586911,-0.613492727913289
-0.14145315158265592,-0.6135022012925583
-0.14120834279776084,-0.6135222221130927
-0.14118432524135205,-0.6135241863039886
-0.14039717551991793,-0.613588560559648
-0.14012901578129097,-0.6136104910553364
-0.13974224426796705,-0.6136421217954644
-0.13937770659234153,-0.6136719342198218
-0.13910673423075687,-0.6136940947359298
-0.13874270154527224,-0.6137238658614548
-0.1385736716328383,-0.6137376893749502
-0.1382899816237602,-0.6137608899588737
-0.13807576021037715,-0.6137784092994226
-0.13775328059518627,-0.6138047821540753
-0.13706815522843793,-0.6138608127087676
-0.13688239693376858,-0.6138760042938324
-0.13681538234846308,-0.6138814848446474
-0.13671515772436052,-0.6138896813610148
-0.13646249292042645,-0.613910344658278
-0.13613571737185642,-0.6139370688406465
-0.13605587812888478,-0.6139435982107253
-0.13587278307288053,-0.6139585268956498
-0.13557862981249952,-0.6139777145988508
-0.13469602455082663,-0.6140352871981916
-0.13463304432036768,-0.6140393954170432
-0.1342522425951782,-0.6140642352249445
-0.1337594056712191,-0.6140963831216266
-0.1337073902960792,-0.6140997760997591
-0.13368832289948934,-0.614101019871615
-0.13331432315636907,-0.6141254159842366
-0.1329080969078147,-0.6141519142412325
-0.13267579139507002,-0.6141670675977675
-0.1319868968951651,-0.6142120043874666
-0.13195638804461943,-0.6142139944887102
-0.1319318639058675,-0.6142155942054531
-0.13176709314823898,-0.6142263422501612
-0.1314607275208925,-0.614246326569631
-0.13096513742529586,-0.6142786540565042
-0.13080931403864027,-0.614288818461587
-0.13063927711622678,-0.6142999100197641
-0.1302228216805309,-0.6143270755296287
-0.1301758105745886,-0.614330142077818
-0.13001720764662833,-0.614340487793193
-0.1299161204301582,-0.6143470817418867
-0.1298101484476469,-0.6143539943252979
-0.12938102729644707,-0.614381986023489
-0.12929959682308068,-0.6143872977570815
-0.12917103275068365,-0.6143956840291229
-0.12885072846407808,-0.6144165775714127
-0.12852923624877463,-0.6144375486026388
-0.12803412186481855,-0.6144698450587025
-0.1278371670618772,-0.6144826924780987
-0.12776278493706997,-0.6144875444458533
-0.12773387572311096,-0.6144894302023345
-0.12683689210409246,-0.6145479407061298
-0.12659552502350724,-0.6145636851513853
-0.1261066230089763,-0.6145955763727746
-0.12599594098894018,-0.614602796193311
-0.12597207812456906,-0.6146043527749327
-0.12592373250597957,-0.6146075063737723
-0.12570525762436024,-0.6146217575541942
-0.12540528232625864,-0.6146413250306185
-0.1250990087546285,-0.614661303345267
-0.1241168462994807,-0.614725370089454
-0.12395955302534144,-0.6147356303757272
-0.12375203152366065,-0.6147491670639724
-0.12371759012981609,-0.6147514136861655
-0.12339436200765173,-0.6147724979511037
-0.12321119496698514,-0.6147844459907345
-0.12303602357488648,-0.6147958724718706
-0.12276940330506403,-0.6148132641900454
-0.12274355250857183,-0.6148149504450608
-0.12266074558529366,-0.6148203519648835
-0.12240885106740819,-0.6148367831179529
-0.12230841799102629,-0.6148433343968973
-0.12205111152121567,-0.6148601185731735
-0.1217975377418744,-0.6148766592649586
-0.12161307159711209,-0.6148886920455294
-0.12133281680556758,-0.6149069731475436
-0.12114755252089478,-0.6149190579910142
-0.12083062427522348,-0.6149397313131664
-0.12061172520944778,-0.6149540101632449
-0.1195216548867256,-0.6150251157691919
-0.1187380672600139,-0.615076229419246
-0.11873089343775642,-0.6150766973697699
-0.11838604337770003,-0.6150991920400403
-0.11827222324534317,-0.6151066165605611
-0.11820163779451542,-0.6151112208701617
-0.1177839394614608,-0.6151384674545846
-0.1172828645244105,-0.6151711527192698
-0.11724437725817369,-0.6151736632549023
-0.11711231787177293,-0.6151822775272986
-0.11709746565968351,-0.6151832463414367
-0.11703079665820237,-0.615187595179901
-0.11703018564241666,-0.6151876350366394
-0.11639976071944458,-0.6152287578387354
-0.11636713770851954,-0.6152308858472788
-0.11629360121430518,-0.6152356826543024
-0.11608448550477468,-0.6152493233331919
-0.11527750066351311,-0.6153019631903937
-0.11497596825662527,-0.6153216322374795
-0.11497315254369347,-0.6153218159072574
-0.11474022033841202,-0.61533701014313
-0.11438478536074143,-0.615360195270672
-0.11422858243242082,-0.6153703844333686
-0.11416891592061941,-0.6153742764973831
-0.11409314054937689,-0.6153792193470101
-0.11329518610163702,-0.6154312701490015
-0.11326819392967613,-0.6154330308562724
-0.11315901137099349,-0.6154401528665062
-0.11312054395957899,-0.6154426621070028
-0.11264358129080981,-0.6154737745213764
-0.11232695505973651,-0.6154944281430281
-0.11217153511674743,-0.6155045662313625
-0.11188206730086236,-0.6155234483016488
-0.11186316363182525,-0.6155246813935086
-0.11169236802068336,-0.6155358224411733
-0.11151952607127866,-0.6155470969720813
-0.11143290747395646,-0.6155527471285166
-0.11130960717704164,-0.6155607900429441
-0.11091973734103837,-0.6155862213663658
-0.11051431098503406,-0.6156126674461366
-0.11024385730229759,-0.6156303092189569
-0.10948928630526589,-0.6156795301057709
-0.10927991580224185,-0.6156931874049145
-0.10857015360677286,-0.6157394854004979
-0.10818600905102874,-0.615764543262214
-0.10703991222739853,-0.6158393034932004
-0.10699503602996885,-0.615842230780683
-0.10686996928129092,-0.6158503889212755
-0.10646114278686805,-0.6158770567930698
-0.10584922135212356,-0.6159169726072173
-0.10530944195711354,-0.6159521825750147
-0.10527280528669902,-0.6159545723957405
-0.10526161288994373,-0.6159553024790541
-0.104974167406996,-0.6159740526319715
-0.10491571539963597,-0.6159778654735061
-0.10491146746845569,-0.6159781425672993
-0.10352734887465403,-0.6160684290279645
-0.10329546413348056,-0.616083554937447
-0.10297600418537974,-0.616104393403289
-0.10291888834705779,-0.6161081190861266
-0.1026350194423675,-0.6161266359377983
-0.10234335833769734,-0.6161456610769535
-0.10232325177891474,-0.6161469726336631
-0.10222228672718398,-0.6161535586135152
-0.10207171812905896,-0.6161633802472053
-0.10160005057405583,-0.6161941472597594
-0.10140898408129093,-0.6162066105829607
-0.10116385291361052,-0.6162226005607182
-0.10092414554120938,-0.6162382367427234
-0.10062789542132433,-0.6162575612246831
-0.10043249656017289,-0.6162703071495413
-0.09999659028937691,-0.6162987414430681
-0.09992760852384519,-0.6163032411438076
-0.09962679050733039,-0.6163228635910005
-0.09879823956198587,-0.6163769102114787
-0.09835786386721938,-0.6164056360468381
-0.09811841148957184,-0.616421255595461
-0.09794591811198225,-0.6164325073889276
-0.09717994404051578,-0.6164824721016219
-0.09625532527749495,-0.6165427852539425
-0.09618253631568302,-0.616547533299209
-0.09608602360717261,-0.6165538288514106
-0.09606079406787912,-0.6165554745816373
-0.096033423026548,-0.6165572600026681
-0.09587614565221225,-0.6165675192517924
-0.09543524055896119,-0.6165883138477986
-0.0948700629570287,-0.6166059281290575
-0.09482037355082804,-0.616607476745233
-0.0942329819615651,-0.6166257833458962
-0.09386113305545558,-0.616637372360032
-0.09328519511890201,-0.6166553219970443
-0.09320000579634262,-0.6166579770008567
-0.09274546892720681,-0.6166721430616279
-0.09217797674288977,-0.6166898294789817
-0.0917068063453315,-0.6167045139390082
-0.09137331822672384,-0.6167149074038192
-0.09087394083756353,-0.616730470960756
-0.09060190383788437,-0.6167389492447657
-0.09033968930753745,-0.616747121402459
-0.09024136503429647,-0.6167501857691244
-0.08988609510849185,-0.6167612580840474
-0.08943199187279978,-0.6167754106302323
-0.08937544529515937,-0.6167771729564806
-0.08875862088881604,-0.6167963968580357
-0.08874395608737119,-0.6167968539000989
-0.08871515744781502,-0.6167977514362633
-0.08859678971203691,-0.6168014404759259
-0.08857773298297003,-0.6168020343964643
-0.08852729783630031,-0.6168036062543294
-0.08846395257351462,-0.6168055804678709
-0.08734319223730941,-0.6168405099974883
-0.08717437107332211,-0.616845771464777
-0.08709647636379336,-0.6168481991252461
-0.0870294166586087,-0.6168502891028111
-0.08701725660136911,-0.6168506680822109
-0.08679159633360828,-0.6168577009925946
-0.08671829061330145,-0.6168599856329819
-0.08568819968655417,-0.616892089366824
-0.08542956867801424,-0.6169001498407549
-0.08503937100511084,-0.616912310711132
-0.08468231292251903,-0.6169234387556104
-0.08461704877530604,-0.6169254727729551
-0.08441375429294658,-0.6169318086330076
-0.08433204974437433,-0.6169343550306245
-0.08427706611069224,-0.6169360686462827
-0.08392351586381185,-0.6169470873658257
-0.08354465531490718,-0.6169588949042765
-0.08275465467199876,-0.6169835160029742
-0.08253416625154554,-0.6169903877279663
-0.08234475171082306,-0.6169962910068354
-0.08196883147171838,-0.6170080069078192
-0.08124738408065697,-0.6170304914811927
-0.08093965658178678,-0.6170400820925291
-0.08078932268668412,-0.6170447673870313
-0.07996294947638864,-0.6170705220703401
-0.07985429590471299,-0.6170739083591186
-0.07928587600779352,-0.6170916236894912
-0.07860629642236,-0.6171128034140853
-0.07841512227701153,-0.6171187615326557
-0.07814974239480668,-0.617127032341459
-0.07814854050076003,-0.6171270697995956
-0.07814320051244777,-0.6171272362252568
-0.07767792343314966,-0.617141737014584
-0.07759544208590097,-0.6171443076218481
-0.07702476238391186,-0.6171620933811302
-0.07698325385407395,-0.6171633870327482
-0.07664187272822026,-0.6171740264904102
-0.07643218250665215,-0.6171805616795742
-0.07622087306433621,-0.6171871473332465
-0.07563508568578503,-0.6172054039372032
-0.07450088953848424,-0.617240752206266
-0.07435936023842263,-0.6172451630974427
-0.07400052164014506,-0.6172563466333348
-0.07370186286373587,-0.6172656546095712
-0.07362020656534574,-0.6172681995034266
-0.07341658711282806,-0.6172745454914739
-0.0733676689700064,-0.6172760700705149
-0.07304755282795831,-0.6172860467853427
-0.07288560801716887,-0.6172910939447416
-0.07280958502272021,-0.6172934632714838
-0.07280307973770822,-0.6172936660146914
-0.07276784103045711,-0.6172947642615055
-0.07274774798113096,-0.6172953904799207
-0.07234314551175422,-0.6173080002890661
-0.07219041695708746,-0.6173127602153423
-0.07186713239853224,-0.617322835676793
-0.07170243536937201,-0.617327968611616
-0.07153107804537145,-0.6173333091206709
-0.07152862472213074,-0.6173333855807526
-0.0713526250335259,-0.6173388707733821
-0.07102497503657051,-0.6173490822877471
-0.06997688704289307,-0.6173817469167797
-0.06939319581412008,-0.6173999381922953
-0.06930712960671571,-0.6174026205250327
-0.06884456160524227,-0.6174170368834507
-0.06879848771263465,-0.6174184728188103
-0.06837488848198847,-0.6174316746795425
-0.06749551480908593,-0.6174590811711538
-0.06749386531432756,-0.6174591325791793
-0.06712648705594221,-0.6174705822614552
-0.06705090443748352,-0.6174729378634736
-0.06687183827214332,-0.617478518625679
-0.066655412831225,-0.6174852637241665
-0.06647143737968439,-0.6174909974888045
-0.06632159618936936,-0.6174956674277076
-0.06609968803349678,-0.6175025834000636
-0.06587591628694017,-0.6175095574529421
-0.06561750660011989,-0.6175176110291773
-0.06553375976432615,-0.6175202210765592
-0.06530310348211527,-0.6175274096923414
-0.06513077407554449,-0.6175327804972462
-0.06465855396938758,-0.6175474976724095
-0.06448307234664796,-0.6175529667190386
-0.06356828326836737,-0.6175814769644239
-0.06316624419992414,-0.617594006882815
-0.06314821478018906,-0.6175945687863105
-0.06308195411122403,-0.6175966338611747
-0.06302701414104853,-0.6175983461160194
-0.06296479823356842,-0.6176002851321613
-0.06272805521482208,-0.6176076634467016
-0.06242392300033863,-0.617617142007684
-0.06211095524130156,-0.6176268959365621
-0.061310340943469224,-0.6176518478196049
-0.06120714222874382,-0.6176550641027353
-0.060987356402231435,-0.6176619139307392
-0.060771724865594075,-0.6176686342864675
-0.060321398055134604,-0.6176826691368769
-0.06030988647015373,-0.6176830279060406
-0.059737136346066394,-0.617700878191937
-0.05960950604859065,-0.6177048559078783
-0.05923886470588938,-0.6177164072871867
-0.05908571426809244,-0.6177211803618398
-0.058884745711473556,-0.6177274437322713
-0.05865489703942286,-0.6177346071781379
-0.05806774870091799,-0.617752906197667
-0.057885685470927525,-0.6177585803661566
-0.057762268605197016,-0.6177624267666113
-0.05757039639286963,-0.6177684066410829
-0.057253841232288355,-0.6177782723746388
-0.057006664341805784,-0.6177859758704157
-0.056781939951613764,-0.6177929796133118
-0.055927317949613135,-0.6178196146962694
-0.055792415423807654,-0.6178238190579143
-0.05531652032762581,-0.6178386507675313
-0.05522244617629743,-0.6178415826752273
-0.055166864374696534,-0.6178433149333403
-0.0551541672903128,-0.6178437106496864
-0.054815833778971215,-0.6178542551256311
-0.05444972497293142,-0.6178656652442538
-0.05431471339009092,-0.6178698730047617
-0.05429447288234893,-0.6178705038188544
-0.0540534049079484,-0.617878016924627
-0.05403982473005657,-0.6178784401633968
-0.05388128153775282,-0.6178833813082181
-0.05374772500511202,-0.6178875437207445
-0.05325012460199407,-0.617903051896272
-0.052858284606950565,-0.6179152639511334
-0.05280314167072893,-0.6179169825316021
-0.05275171490204891,-0.6179185852942818
-0.05243213207563674,-0.6179285453878359
-0.052383366586938346,-0.6179300652092703
-0.05231812163928465,-0.617932098628243
-0.05201299982901476,-0.6179416080308908
-0.051084403662737206,-0.6179705485869087
-0.05098760174750093,-0.6179735655078828
-0.05063862069375252,-0.6179844418243075
-0.05036269664940915,-0.6179930412516496
-0.04976833691261315,-0.6180115650210578
-0.04947122536299977,-0.618020824776544
-0.04922088488339219,-0.6180286268684938
-0.049169274105294036,-0.6180302353659968
-0.048851790144899515,-0.6180417623075629
-0.04843526444599792,-0.6180581758139034
-0.04818159868848663,-0.6180681717025851
-0.04806557145953891,-0.6180727438422227
-0.04767490687586585,-0.6180881382719975
-0.04749623291328313,-0.6180951790529756
-0.047416298314901614,-0.6180983289355418
-0.04702738061937334,-0.6181136545278842
-0.04697355670026958,-0.6181157754996269
-0.0464511132064428,-0.618136362775805
-0.04640601492500063,-0.618138139907277
-0.04636009656144941,-0.6181399493546971
-0.04601027375110497,-0.618153734383882
-0.045763389216757294,-0.6181634630533989
-0.0450563929313679,-0.6181913227702028
-0.04482237375731597,-0.6182005444705859
-0.04454929158662255,-0.6182113054775346
-0.04415743858676763,-0.6182267467377368
-0.044069208823888525,-0.6182302234974573
-0.04396555571191385,-0.6182343080257711
-0.043483471370897975,-0.6182533049193812
-0.04294175073193755,-0.6182746518258646
-0.0428569510025681,-0.6182779934225521
-0.04279126658415816,-0.6182805817661305
-0.04278956806934858,-0.6182806486973755
-0.0427492862730829,-0.6182822360316509
-0.04270239241525297,-0.6182840839191519
-0.04193739093260864,-0.6183142293740878
-0.041917205262115176,-0.6183150248055138
-0.041796064632363364,-0.6183197984425302
-0.04174859506990347,-0.6183216690161021
-0.041006723790463814,-0.6183509030081008
-0.04091151419473865,-0.618354654813349
-0.04072524242556289,-0.618361994991572
-0.04047418840934873,-0.6183718879626368
-0.04006847190297405,-0.6183878755246704
-0.04005253235087762,-0.6183885036346288
-0.04002476715585454,-0.6183895977428814
-0.03989329953124813,-0.618394778322845
-0.03947723148416882,-0.6184111737950736
-0.03918920926729365,-0.6184225235257033
-0.03918181479002062,-0.6184228149106045
-0.03871127057661219,-0.6184391261963648
-0.03846029074788257,-0.6184426166525484
-0.038430405740904755,-0.6184430322728313
-0.03835851336756391,-0.6184440321028987
-0.03831107159007814,-0.6184446918907647
-0.03820901112339192,-0.618446111278087
-0.037954085980697216,-0.6184496566030049
-0.03785341428490939,-0.6184510566762493
-0.0374746906311416,-0.6184626585367833
-0.03708000842899431,-0.6184850354699738
-0.037061461864028755,-0.6184860869874806
-0.036948128593947006,-0.6184925125394793
-0.03673654183523328,-0.6185045086790013
-0.03648331310620179,-0.6185188657549491
-0.0363499356052977,-0.6185264277362359
-0.03631655434379662,-0.6185283203228646
-0.03581895513798147,-0.6185565322465938
-0.0354979080333586,-0.6185747343585009
-0.03547480249803797,-0.6185760443517496
-0.03514044746116721,-0.6185950009712305
-0.03511853497669258,-0.6185962433231746
-0.03508937830384565,-0.6185978963921926
-0.03444785547818131,-0.6186342682207981
-0.034171701308716565,-0.6186499250793208
-0.034163990381856135,-0.6186503622586369
-0.03378893351411877,-0.6186716265123235
-0.033664441417289165,-0.6186786847260417
-0.033238311790178166,-0.6187028446049126
-0.033139357495436936,-0.6187084549253941
-0.03301507634329105,-0.6187155011793758
-0.03290385213613105,-0.6187218071557772
-0.03229832323585381,-0.6187561382699567
-0.03228437865568207,-0.6187569288729713
-0.032016117423412774,-0.6187721382329057
-0.031569426456612926,-0.6187894569931803
-0.031043039816619877,-0.6187917604117879
-0.03074518041143587,-0.6187930638166317
-0.02982276596126146,-0.6187971002158237
-0.029147561605666707,-0.6188000548468086
-0.029131641420900523,-0.6188001245120451
-0.02884318368323857,-0.618801386776073
-0.02859880442820278,-0.6187983876346628
-0.027706636971445223,-0.6187580531188487
-0.027204919705808593,-0.6187354549062215
-0.027019837035791944,-0.6187271184629355
-0.02701721329191714,-0.6187270002849774
-0.02639310178681991,-0.6186988892243039
-0.026388302316618255,-0.6186986730478724
-0.025841421711572415,-0.6186740406003947
-0.024856262795419144,-0.6186296673404262
-0.024775027486383827,-0.6186260083617301
-0.024085699167507135,-0.6185949598230674
-0.023967613603327373,-0.6185896410452012
-0.02334243150058321,-0.6185614817629598
-0.023297293920528928,-0.618559448688355
-0.023076028731798384,-0.6185494825219016
-0.0227839814642763,-0.6185363282083056
-0.022414364794634434,-0.6185196800347961
-0.022119359264116536,-0.6185063924759229
-0.02186895922387702,-0.6184951140254115
-0.020909913832145376,-0.6184519169637079
-0.02039322236224568,-0.6184286442870449
-0.02019650075429422,-0.6184197836058818
-0.0198946747575674,-0.6184061888414246
-0.01940372863542722,-0.6183840757797134
-0.019371300792849176,-0.6183826151736473
-0.01893311065953253,-0.6183628783328368
-0.018879042992287154,-0.6183604430316735
-0.018688020081100876,-0.6183518390296602
-0.018664310437981044,-0.618350771106363
-0.018024997229235076,-0.6183219753346882
-0.01795757393370989,-0.6183189384729483
-0.017881292288003392,-0.6183155026158086
-0.0177329053237141,-0.6183088190105198
-0.01758750628417479,-0.6183022699865249
-0.015517576903913297,-0.6182090367903363
-0.015369318285175668,-0.6182023589659529
-0.01529376108371125,-0.6181989557390337
-0.01528983125279338,-0.6181987787326584
-0.015146467192487231,-0.6181923213676447
-0.01452053768569624,-0.6181641284210333
-0.014504217295778762,-0.6181633933224693
-0.014150651785147877,-0.6181474681208985
-0.013566612986268184,-0.6181211620041599
-0.012945663755721232,-0.6180931933777967
-0.012800761474223508,-0.6180866667286424
-0.012685078440237876,-0.6180814561648879
-0.01237818653996637,-0.618067633223381
-0.012196377060689087,-0.6180594442102619
-0.011710289545775854,-0.6180375499886162
-0.010924672087474616,-0.6180021644207231
-0.010486257422571976,-0.6179824174666219
-0.010269174125773314,-0.6179726396598074
-0.0102045281037101,-0.6179697278912634
-0.010142145557157763,-0.6179669180735676
-0.010018382845159074,-0.6179613435871535
-0.009739372177732047,-0.6179487764645536
-0.009735462338664957,-0.6179486003586456
-0.008875270858308828,-0.6179098558479331
-0.008674507707061685,-0.6179008131286761
-0.008356793091427728,-0.6178865027133672
-0.008337107742355715,-0.6178856160512282
-0.007927996567812883,-0.61786718897697
-0.007838025681689075,-0.6178631365327866
-0.0075097111278703,-0.6178483486779449
-0.00716165665608412,-0.6178326717030869
-0.007103797625596764,-0.6178300656323715
-0.006922265989717041,-0.6178218891337992
-0.006259097266750847,-0.6177920188685408
-0.0058251435466461395,-0.617772472843102
-0.005128924514944851,-0.6177411139348262
-0.004992825258785888,-0.6177349837891452
-0.00463910827185195,-0.6177190517648198
-0.0044766934142950465,-0.6177117363189776
-0.0042792418046535,-0.6177028427572768
-0.0037711889544987387,-0.617679959178975
-0.0036269359670046686,-0.6176734617751446
-0.00349077311735492,-0.6176673287651028
-0.003374297882473634,-0.6176620825192509
-0.0021102976670083484,-0.6176051497653151
-0.001908865747169572,-0.6175960769235651
-0.0014256279496980828,-0.6175743110581171
-0.0011283224810385642,-0.6175609199060557
-0.0009006339344921899,-0.6175506644204665
0.00015171231460205103,-0.6175032649269205
0.0002540869207953659,-0.6174986537977512
0.00038002945103030386,-0.6174929811285568
0.0004096714927514511,-0.6174916459997754
0.0005462084914237969,-0.617485496137415
0.0005739023548899744,-0.6174842487579486
0.0010297150689921042,-0.617463718165647
0.0011713323651635077,-0.6174573394779085
0.0015178797893628214,-0.6174417303830779
0.0015602366236300985,-0.6174398225580686
0.0017818997416279465,-0.6174298384681933
0.002115714340259728,-0.617414802881829
0.0027987955936819436,-0.6173840357217895
0.0029829940975348024,-0.6173757391028752
0.003619927047101165,-0.6173470505421871
0.003928121881445465,-0.617333168914278
0.004943023672011881,-0.6172874559838495
0.005157745344224009,-0.6172777845486873
0.006248876657930547,-0.6172286381088095
0.006388360632089418,-0.6172223555095808
0.0067144911870624935,-0.6172076660258212
0.006751425523085733,-0.617206002439503
0.006971948273096308,-0.6171960697137724
0.007473793041350901,-0.6171734657582071
0.007564016837215314,-0.6171694019225318
0.007699917508651212,-0.6171632807214498
0.007841130762249182,-0.6171569202324869
0.008581475947755837,-0.6171235738059925
0.009933012119015698,-0.6170626982813429
0.010495988927541673,-0.6170373408330456
0.010572263903938117,-0.6170339052763032
0.010595551973333533,-0.6170328563414151
0.010797695092578455,-0.6170237514660147
0.01132696396123807,-0.6169999122815775
0.011336296656235596,-0.6169994919208676
0.011360887733862096,-0.6169983842962372
0.01154026799374638,-0.6169903046993573
0.011584742956236363,-0.6169883014701927
0.011963554811750052,-0.6169712391296218
0.012304653705087544,-0.6169558754460365
0.012474341128911201,-0.6169482324312424
0.012477769001346936,-0.6169480780339445
0.01267943631045021,-0.6169389945898551
0.012811845701423033,-0.6169330306420782
0.013097087331912866,-0.6169122611482032
0.013239996709888235,-0.6168992302804599
0.013248979040957544,-0.6168984112469588
0.013414164137105555,-0.6168833492183393
0.013476733803466923,-0.616877643945119
0.01357471939895835,-0.6168687093506671
0.01368285008660311,-0.6168588496989799
0.013900997139438154,-0.616838958454372
0.013997890902374015,-0.616830123416197
0.0140197157931021,-0.6168281333629996
0.014554649465783345,-0.6167793566484211
0.01469240944935256,-0.6167667953165363
0.014740681258016683,-0.6167623937610657
0.015079752434532245,-0.6167314763243004
0.015145024362336279,-0.6167255246514949
0.015640279439253918,-0.6166803659397441
0.015782460659861358,-0.6166674014673802
0.015901892280858893,-0.6166565113656974
0.01624386962678427,-0.616625328936461
0.016387795300815113,-0.6166122054000653
0.016615789835907085,-0.616591416235106
0.01682313577130759,-0.6165725098659119
0.017043967960930682,-0.6165523737831916
0.017204195681340836,-0.6165377637816435
0.01738707641397054,-0.6165210882165165
0.017635788681291932,-0.6164984099520983
0.017928044782901234,-0.6164717612418374
0.01801064781208433,-0.6164642292718315
0.018041416505254183,-0.6164614236982785
0.018120314736404665,-0.6164542295418847
0.018803994756681597,-0.6163918897287168
0.019119218484046886,-0.616363146767555
0.019432853021945667,-0.6163345487130328
0.01959086911880209,-0.616320140373366
0.020129429239999608,-0.6162710329892985
0.020698226921715454,-0.6162191684618049
0.02203614615786373,-0.616097173328495
0.023165171097084727,-0.6159942257482157
0.02327073278594488,-0.6159846003448602
0.023335798590701406,-0.6159786674669177
0.02339879434634279,-0.6159729233417119
0.023490413869361355,-0.6159645692231506
0.0235863458087779,-0.6159558218866734
0.023788407117706,-0.6159373973841672
0.024064611581437766,-0.6159122123061271
0.024315130492731943,-0.6158893693069727
0.02458899452549758,-0.6158643976358259
0.024843109043118143,-0.6158412267794576
0.02494640458431019,-0.6158318080096413
0.025418241044676833,-0.6157887846713652
0.025996947302572265,-0.6157360166528094
0.026579724431010608,-0.6156828774411492
0.02712457233811802,-0.6156331967195741
0.027210441690604104,-0.6156253669172804
0.02722511955612264,-0.6156240285493788
0.027434564694296566,-0.6156049307691375
0.027436594487446495,-0.6156047456870494
0.028501642701965535,-0.61550681966401
0.029028456564238782,-0.6154578683348599
0.02910561505689803,-0.6154506987992017
0.029135360949128983,-0.6154479348230314
0.029420544414648867,-0.615421435691766
0.02977447461604993,-0.6153885486418502
0.029895927088028462,-0.6153772633277048
0.029995966881529085,-0.6153679676709074
0.030181994981244423,-0.6153506820157787
0.03021822651806963,-0.6153473153961588
0.030227346881330372,-0.6153464679357256
0.0304964338454565,-0.6153214644848025
0.030565342741759052,-0.6153149895470872
0.030740619095023625,-0.6152972264079007
0.031121704897653597,-0.6152586057952054
0.03163294172764411,-0.6152067952069589
0.031735971494382814,-0.6151963537979904
0.03179388536152483,-0.6151904845973613
0.03208481341984365,-0.6151610008963547
0.032160904287189145,-0.6151532895728231
0.03258488563788203,-0.6151103217702386
0.0331716681598522,-0.6150508551085025
0.03324128830139987,-0.615043799551712
0.03325184204735969,-0.6150427299969493
0.03369095792637872,-0.6149982284065596
0.033773746272313346,-0.6149898383363392
0.03389157058353537,-0.6149778975947572
0.03393757030886216,-0.6149732358163239
0.03400194738901252,-0.6149667116103267
0.03401656533948944,-0.614965230174388
0.034236869665319164,-0.6149429037377055
0.034826997793717465,-0.6148830980201211
0.035340630753028394,-0.6148310445994682
0.035368800252625204,-0.6148281898005589
0.035426536382057006,-0.6148223386125116
0.03562632289618577,-0.6148020915250298
0.035747375651356134,-0.6147898236012685
0.03583934645274635,-0.6147805029478219
0.035876489890812345,-0.6147767386975511
0.03604695705710781,-0.6147594629387553
0.03679736227193751,-0.6146834141619011
0.037296435763780104,-0.6146328362503075
0.03740287758327943,-0.6146220490515792
0.037737726255515316,-0.6145881142768048
0.0377753874509472,-0.6145842975551312
0.03791306921057014,-0.6145703443879522
0.038170579435932626,-0.6145442473709283
0.038246091130849404,-0.614536594742824
0.03825001483050387,-0.6145361971009186
0.03880945445386842,-0.6144795014673596
0.03889703182493606,-0.6144706260600221
0.03893924364789647,-0.6144663481613062
0.0389842057324718,-0.6144617915411373
0.03935689489532408,-0.6144240218742671
0.039444572809265305,-0.6144151362775514
0.03979368281648613,-0.6143797562075413
0.039896989210852246,-0.6143692867641292
0.040075512104672834,-0.614351194608788
0.04034898316124643,-0.6143234800634377
0.04116080963531964,-0.614241206634161
0.04161982317793847,-0.6141946885426208
0.04169465134164589,-0.6141871051860399
0.042433579899645885,-0.6141122194950719
0.042968230231240724,-0.6140580360979433
0.04302126672398904,-0.6140526611880647
0.043490121368436524,-0.6140051457636939
0.04425809311825788,-0.6139273167306883
0.04449632582868762,-0.6139031733667074
0.04459664259817085,-0.6138930069026871
0.044792652657194613,-0.6138731425348158
0.045174395497715174,-0.6138344553355257
0.04560165898842436,-0.6137911549090085
0.045960223899189856,-0.6137548166448977
0.04747000552342745,-0.6136018099179038
0.04768854940279135,-0.6135796618912295
0.04882710683656599,-0.6134642763655086
0.04913340707835645,-0.6134332347918654
0.04925529219635105,-0.6134208825134471
0.04929813988070064,-0.6134165401742395
0.04936383803881435,-0.6134098820854265
0.04980462535817952,-0.6133652111052306
0.04981393102302875,-0.6133642680355189
0.05017371884924195,-0.6133278058367364
0.050398460639890785,-0.6133050296913297
0.050974554296219624,-0.6132466462778732
0.05115309889210959,-0.6132285519231659
0.05118763126232082,-0.6132250522879494
0.05144954645653092,-0.6131985088554605
0.051636552256585574,-0.6131795570117395
0.05301152399985483,-0.6130402124053611
0.053287736228183856,-0.6130122200597571
0.05351624585103183,-0.6129890620686163
0.053566557556240624,-0.6129839632985559
0.05388585811116557,-0.6129516042261892
0.05407140133012486,-0.6129328006057231
0.054975055000354295,-0.6128412210764732
0.05514549408469149,-0.6128239481636045
0.055341438587827974,-0.6128040904394039
0.05588742904096806,-0.6127487577933682
0.055973404233833124,-0.612740044756561
0.05617428260922122,-0.6127196870159125
0.056300520993612754,-0.6127068935617423
0.05678328582295518,-0.6126579684289551
0.05679157831528425,-0.6126571280378088
0.05682253276182427,-0.6126539910023098
0.05765469727685649,-0.6125696564424493
0.057670142856749,-0.612568091131554
0.058116921014363235,-0.6125228130181557
0.05859020278783101,-0.6124748489325279
0.058659044822936254,-0.6124678722318568
0.05865944287926467,-0.6124678318913896
0.05935854128081659,-0.6123975180674278
0.05948498545372741,-0.6123873929669117
0.05986410646377788,-0.6123570346020606
0.059995068946543974,-0.6123465476949037
0.060033042321784566,-0.6123435069518438
0.060117927808846436,-0.6123367096904986
0.060355206913795006,-0.6123177094097211
0.060496935574285024,-0.6123063603937844
0.06081076025455279,-0.6122812306755934
0.0613584307198001,-0.6122373756019852
0.0623287963826681,-0.6121596729317258
0.062395399902816756,-0.6121543396109352
0.06240745738728072,-0.6121533740999168
0.06266264282397799,-0.6121329399578181
0.0628454764857113,-0.6121182994318045
0.06301933126703382,-0.6121043778955599
0.06324630885077828,-0.6120862025158852
0.06345457827444159,-0.6120695252044641
0.06374849928460465,-0.6120459892857801
0.06393879795241054,-0.6120307509944831
0.06396072992528001,-0.6120289947772949
0.0644408855041814,-0.6119905460027265
0.06582101745532225,-0.6118800310267566
0.06685477990229938,-0.6117972518172093
0.06692327443744295,-0.6117917670721462
0.06708201678444578,-0.6117790556740441
0.06715670354009841,-0.611773075082841
0.06746517850230346,-0.6117483737468511
0.06775131044212668,-0.6117254615431102
0.06826380320411891,-0.6116844233472845
0.0686765169567084,-0.6116492511145537
0.06897289890197741,-0.6116234648785922
0.06923009544814118,-0.6116010879054542
0.0701093419845717,-0.6115245904702404
0.07021252499737803,-0.6115156131976437
0.07071972750246061,-0.6114714848568823
0.07077133195775402,-0.6114669950939865
0.07077870894265051,-0.6114663532712431
0.07085508585470102,-0.611459479806652
0.07118649278889316,-0.6114294535484303
0.07124097050058012,-0.6114245177378914
0.07179033680180258,-0.6113747438414608
0.07184292427630795,-0.6113699792909164
0.0720520578933303,-0.6113510312866965
0.07252451208339902,-0.6113082258108741
0.07258112731732805,-0.6113030963357249
0.07320524417842963,-0.6112465498603842
0.0739189051114599,-0.6111818904786782
0.07396122181983596,-0.6111780564840278
0.07430261047608941,-0.6111471258579936
0.07436485784626248,-0.6111414860978751
0.0745513186174258,-0.6111245923075359
0.07464167600585002,-0.6111164057127573
0.07493264048566799,-0.6110900436373057
0.07510973602060411,-0.6110739983596929
0.0751704889972599,-0.6110684939951893
0.07562333752597744,-0.6110274648390198
0.07569248593989696,-0.6110211998278877
0.07579888521128486,-0.611011559800273
0.075992931113884,-0.6109939787789449
0.07663469130482631,-0.6109358337758639
0.07711737795846357,-0.6108921012144507
0.07718612984027762,-0.6108858721300725
0.07720677367800642,-0.610884001749165
0.07747262050715836,-0.6108599153927373
0.07751953429373451,-0.6108556648918438
0.07759485450477183,-0.610848840701181
0.07788837061713676,-0.6108222474417382
0.07829477571196301,-0.6107854261713878
0.0785392428904243,-0.6107632768622759
0.07892297910747433,-0.6107285094462884
0.0790199429145928,-0.6107197242942282
0.07934455522039988,-0.6106903136455346
0.0802447512000386,-0.6106087537439571
0.08138876742306358,-0.6105051031471276
0.08206720265218087,-0.6104436352981646
0.08223573494101727,-0.610428365871061
0.08236374677829307,-0.6104167676934583
0.0829678600308312,-0.6103620335927368
0.08312414951175934,-0.6103478733932131
0.08394336694503779,-0.6102736503409666
0.08434142175662138,-0.6102375856261827
0.08484115259760541,-0.6101923088207672
0.08542919193385365,-0.6101390310551773
0.08644397330300171,-0.6100470894441699
0.08732209580630557,-0.6099675294521654
0.08740582678194321,-0.6099599432261807
0.08742742057301622,-0.6099579867772359
0.08762810175910611,-0.6099398045834068
0.08817254066656385,-0.6098904771205969
0.08819709935972128,-0.6098882520444555
0.0883574873990076,-0.6098737205057747
0.08933880464469315,-0.6097848108241224
0.08946184519470146,-0.6097736630569964
0.08983616095492801,-0.609739749156853
0.0898794633772515,-0.6097358258541693
0.09021771453168986,-0.6097051794932784
0.09046044124210957,-0.60968318787472
0.09134634648696019,-0.6096029227477795
0.09183134475469762,-0.6095589807486185
0.09183194996562721,-0.6095589259150657
0.0921157362515968,-0.6095332142010875
0.09215705787512928,-0.6095294703634959
0.09252789192766632,-0.6094958719143686
0.09297509218592157,-0.6094500627777338
0.09328881194797059,-0.6094144823447497
0.09335818188388728,-0.6094066147742152
0.0937034014141483,-0.6093674618044403
0.09373200397412886,-0.6093642178536547
0.09373821165373082,-0.6093635138115292
0.09398053745894205,-0.609336030502807
0.0940288492619967,-0.609330551234113
0.09417924656811327,-0.6093134939686212
0.09419344303176114,-0.6093118838809425
0.094350839839077,-0.6092940327691156
0.09467269932260518,-0.6092575291720544
0.09556552069780502,-0.609156270102815
0.09622825942957716,-0.6090811057877658
0.09731022607627952,-0.6089583948641292
0.09772948167208714,-0.6089108451161235
0.09792762430607077,-0.6088883728285515
0.09798281834137743,-0.6088821130135449
0.09857241437149888,-0.6088152441561275
0.0985813034261549,-0.6088142360066523
0.09863401601448728,-0.6088082576242121
0.0986522649704249,-0.6088061879243324
0.09883567552250389,-0.6087853864714237
0.09890646393518665,-0.6087773580247708
0.09934136557651937,-0.6087280337851914
0.09949380949669367,-0.6087107444035784
0.10015068302728755,-0.6086362452885666
0.10037004801631566,-0.6086113660739446
0.10038781188208104,-0.6086093513904217
0.10072942074166796,-0.6085706079237815
0.10098429421957927,-0.6085417015245128
0.10210056733073976,-0.6084150997434703
0.10224108176930655,-0.6083991633404459
0.10253919407199447,-0.6083653530227973
0.10328524648842956,-0.6082807397111198
0.10333695552199688,-0.6082748751465431
0.1033894924835227,-0.6082689166827646
0.10360920122863157,-0.6082439984811495
0.1038315713050561,-0.6082187784454393
0.10426636962703055,-0.6081694659237938
0.104469571775197,-0.608146419812934
0.10466190743914239,-0.6081246061211323
0.10523376303317229,-0.6080597492899684
0.10542523005056771,-0.6080380341154553
0.10550598264614008,-0.6080288755839802
0.10569066891767818,-0.6080079294457306
0.10783482740489916,-0.6077647503521865
0.10798236183296,-0.6077480177791531
0.10846837377822247,-0.6076928968797397
0.1087886835507595,-0.6076565690426871
0.10927593394719627,-0.6076007079537924
0.1095335397467162,-0.607562853025028
0.11011318067297929,-0.607477675338759
0.1106813932418555,-0.6073941770388064
0.1107715691857955,-0.6073809257690739
0.11080176347594924,-0.6073764887466738
0.11093729782489894,-0.6073565721021954
0.11197366929308339,-0.607204278294468
0.11210295695863104,-0.6071852795942115
0.1124362173369981,-0.6071363072965902
0.11257433681257262,-0.6071160107701976
0.11264639612392494,-0.6071054217225009
0.11271401007367383,-0.6070954859164904
0.11311924693383765,-0.6070359367428974
0.11413765484390757,-0.6068862826630568
0.1146646678895008,-0.606808838594111
0.11528312121492747,-0.6067179574624684
0.11614573244085732,-0.6065911975581115
0.116331999529184,-0.6065638257855315
0.11657195975778262,-0.6065285638567364
0.11672605941228409,-0.6065059190581541
0.117459418694723,-0.6063981526047313
0.11799226580878608,-0.606319851224938
0.11820775935527822,-0.6062881846519539
0.11834122950060756,-0.6062685713402465
0.11856532972741193,-0.6062344221608488
0.11877019013064555,-0.6062004363571136
0.11881312648350224,-0.6061933133287575
0.11891705359078411,-0.606176072094165
0.1191785354410716,-0.6061326929408298
0.11952480268468976,-0.6060752481130556
0.11970528763365255,-0.6060453061332695
0.11988510608747767,-0.6060154747232791
0.12015028700195926,-0.6059714819048934
0.12018173914403686,-0.6059662640769928
0.12031488016598443,-0.6059441763305587
0.12063574586970228,-0.605890945551649
0.12089232054480484,-0.6058483804858099
0.12090181622725209,-0.6058468051769905
0.12123053291608299,-0.6057922719402363
0.12134637551229921,-0.6057730539572732
0.12153695334492251,-0.6057414375945521
0.12160403650884787,-0.6057303086735547
0.12169975805792099,-0.6057144287195535
0.12219115383401988,-0.60563290744878
0.12277683394235682,-0.6055357446545095
0.12339456369840644,-0.6054332649077206
0.12347303137755775,-0.6054202473254983
0.12371872071835963,-0.6053794881080775
0.12375281335569496,-0.6053738322289374
0.12389186059463807,-0.6053507646565903
0.12412406629310122,-0.6053122423400783
0.1247159721767199,-0.6052140467060132
0.12479328587811814,-0.6052012205656743
0.12512285364365816,-0.6051465461375257
0.12524319275081683,-0.6051265821951874
0.125651507690993,-0.6050588438172485
0.12570726894508655,-0.605049593171405
0.12578978662150234,-0.6050359037052561
0.12582751141984236,-0.605029645260129
0.12588138458795067,-0.6050207078427998
0.12618940271906354,-0.6049696084424978
0.12636119686741537,-0.604941108243745
0.12677574690071464,-0.6048723354802059
0.12746558238907357,-0.6047578935814942
0.12793992612838861,-0.6046792011989112
0.1282651714028823,-0.6046252438606934
0.1283370061561847,-0.6046133266634772
0.12840111257717673,-0.6046026915763272
0.12893111164488696,-0.6045147661206964
0.1290760556243776,-0.6044907202945542
0.12941563899783198,-0.6044343843033145
0.12968963975826328,-0.6043889282956121
0.1303139513719908,-0.6042853566358926
0.13031419239443104,-0.6042853166509017
0.1307320288361319,-0.604215998680826
0.13128589958676432,-0.604124112975592
0.1317002669136353,-0.6040553705225703
0.13211255326521967,-0.6039869732978922
0.13214514971167912,-0.6039815656328952
0.13220174407174148,-0.603972176776956
0.13225944187439653,-0.6039626048627841
0.13292771834223155,-0.6038517395490476
0.13312773257212862,-0.6038185577127619
0.133585330338299,-0.6037426434432143
0.13402925575595476,-0.6036689973804352
0.1342678981116582,-0.6036294072393644
0.13477615119450612,-0.6035450893856025
0.13494762670746274,-0.6035166420476263
0.13500770006690688,-0.603506676034812
0.13516434433738736,-0.6034806891610738
0.1352077142062478,-0.6034734942135493
0.13574958755976818,-0.603383598845038
0.13576391139483493,-0.6033812225583588
0.13606761680532323,-0.6033308386271
0.13612956604017148,-0.6033205614114748
0.1368320551708573,-0.60320402030668
0.13703861538231532,-0.6031697525092174
0.13707418969196464,-0.6031638508245254
0.137241461928378,-0.6031361007991064
0.13732466516980188,-0.6031222975995201
0.13758655206893095,-0.6030788512496441
0.13795414506344195,-0.6030178685357147
0.13797945485785834,-0.6030136697071855
0.13825241766858373,-0.6029683858926177
0.1385699650574792,-0.602915705613436
0.13869300012541458,-0.6028952944182739
0.1391398097136841,-0.6028211698791526
0.13923383378448118,-0.6028055715323464
0.1392990798123634,-0.6027947473874014
0.13952607864787472,-0.6027570888758002
0.1395546669946497,-0.6027523461440312
0.14001132596023314,-0.6026765876190393
0.1405208705139295,-0.60259205551365
0.14162534399128549,-0.6024088262597795
0.14198079652428303,-0.6023498576165818
0.1428172660610329,-0.6022110895137289
0.1433036675553305,-0.6021303967812107
0.14338946621595622,-0.6021161630083842
0.14340600883410598,-0.6021134186314094
0.1448640223270655,-0.601871538015962
0.14489091606070578,-0.6018670764160687
0.14503101139641078,-0.6018438349672172
0.14538889017360024,-0.6017844638164698
0.14539151849984439,-0.6017840277840376
0.14539453484833126,-0.6017835273797327
0.14575854962860246,-0.6017231382821633
0.1458158557012614,-0.6017136313549706
0.1467365405986842,-0.6015608921446018
0.14688776180166402,-0.6015358049435422
0.14726993958046317,-0.6014724026521419
0.14737658856968888,-0.601454709864472
0.1479813048013353,-0.6013543890272589
0.14798549805309547,-0.601353693377787
0.14807250704330618,-0.6013392588144559
0.1481376917725059,-0.6013284448388017
0.14836175567999454,-0.6012912732240637
0.14860293480734477,-0.6012512622392284
0.14860375110239826,-0.6012511268180194
0.1488254405558732,-0.6012143491189764
0.14883864357376148,-0.6012121587729282
0.14927318630758454,-0.6011400692727947
0.14982057625212705,-0.6010492587162979
0.15005751817273338,-0.601009950672951
0.15028863223730068,-0.60097160945564
0.15056283263164388,-0.600926120329195
0.151077417309344,-0.6008407520804491
0.1511543274660788,-0.6008279928871118
0.15137368668006534,-0.6007916017686898
0.15218080348058238,-0.6006577032078125
0.15218720504731614,-0.6006566412046769
0.15222389715915968,-0.6006505540795318
0.15239875575463646,-0.6006215454970363
0.1524924355965098,-0.6006060042569059
0.15284720676106817,-0.6005471486509457
0.15289364247871762,-0.600539445087146
0.15295289429477038,-0.6005296153662261
0.15300542630404929,-0.6005209004436302
0.15306487254907392,-0.6005110384674537
0.15311667496213233,-0.6005024445829575
0.15334922314790567,-0.6004638654486988
0.15392565217922433,-0.6003682373838486
0.15561182015439237,-0.6000885065380432
0.1564584510443536,-0.5999480526933365
0.15687687093766886,-0.5998786379301678
0.15792278768412496,-0.5997051230844129
0.1585711884540951,-0.5995975550968365
0.1589423524636649,-0.5995359799608724
0.16002193608616797,-0.5993568798686586
0.16007191658108996,-0.5993485882356041
0.16061700298346654,-0.5992581598307125
0.1615663883024479,-0.599100659295662
0.1617033488948773,-0.5990779378925003
0.16175475791034238,-0.5990694092716334
0.16240434786650065,-0.5989616440011866
0.16256751543172315,-0.5989345749299553
0.16281990613635142,-0.5988927039738472
0.1632509896085092,-0.5988211883561536
0.16339392252048668,-0.5987974761608387
0.16354848630353652,-0.5987718344345101
0.16374663267005335,-0.5987389624718614
0.1638691340565339,-0.5987186398130533
0.1642763490480681,-0.5986510839137099
0.16430624422057408,-0.5986461243829788
0.16438952408331048,-0.5986323084721177
0.16472119773108013,-0.5985772846836291
0.16483138178031453,-0.598559005438773
0.16522216874646126,-0.5984941749057657
0.1652786098352334,-0.5984848114771317
0.16529693444506932,-0.5984817714724087
0.16552557119065972,-0.5984438412358201
0.16571853340976433,-0.5984118293096339
0.1659228533059236,-0.5983779331746051
0.16710083176688903,-0.5981825096366901
0.1671559350548839,-0.5981733681456972
0.16765081468256632,-0.598091268913081
0.16783407053958316,-0.5980608672469141
0.16787876803663834,-0.5980534520493533
0.167883495407938,-0.5980526677908503
0.16801001063834645,-0.5980316792458592
0.16852018335716817,-0.5979470429295226
0.16879123061684434,-0.5979020768998512
0.16902779956874991,-0.5978628307310339
0.1690889738491942,-0.5978526820783123
0.1692408611879801,-0.5978274843670691
0.169260321583131,-0.5978242559385404
0.16931152692613297,-0.5978157611064011
0.16940248284552095,-0.5978006717578688
0.169739580320529,-0.597744748170663
0.1704380086675054,-0.5976288807392378
0.17074889115689906,-0.5975773061494076
0.1709251684089919,-0.5975480622154993
0.17107823991194807,-0.5975226680545253
0.17125342813905514,-0.5974936047870065
0.17147109072258854,-0.597457495135128
0.17148100457641519,-0.5974558504527732
0.17159162322883142,-0.5974374991083887
0.17177331159972284,-0.5974073574840602
0.1723456585369834,-0.5973124066279107
0.1730903225621665,-0.5971928901072832
0.17351636854571667,-0.5971387938856046
0.1736507309172331,-0.5971217335284708
0.17375307414021524,-0.5971087387300418
0.175349688668558,-0.5969060122244645
0.1757207901454827,-0.5968588924567961
0.17585029591908571,-0.5968424487551582
0.1759093261613541,-0.5968349535241392
0.17680424349640414,-0.5967213234268961
0.17685527660862654,-0.5967148436133118
0.17688487992782856,-0.5967110847990529
0.17698715857578717,-0.5966980981998908
0.17711685166843044,-0.5966816307138431
0.1774628602367286,-0.5966376970612891
0.17750467483645813,-0.5966323877474035
0.17787399985476054,-0.5965854935415362
0.17805231377260744,-0.5965628525365728
0.1787444488471892,-0.5964749702565568
0.17876500742541582,-0.5964723598777525
0.17938306448915126,-0.5963938834850139
0.18058662167459535,-0.5962410645433494
0.18078110714524034,-0.5962163701921772
0.18087159983433426,-0.5962048800883891
0.18103318289354978,-0.5961843634462229
0.18125084818976084,-0.5961567258893156
0.1819832460004252,-0.596063731339778
0.1822510063653553,-0.5960297330752308
0.18286997472234312,-0.5959511409731
0.18307613101450368,-0.5959249647458575
0.18358993831225667,-0.5958597252305178
0.1838750468819484,-0.5958235242170498
0.18395764557207728,-0.5958130364358616
0.18400007506214844,-0.5958076490476706
0.18405520616295384,-0.595800648901288
0.1845797497641895,-0.5957340461681839
0.18466769492556556,-0.595722879530945
0.18478707237058248,-0.5957077218508392
0.1847951403601862,-0.5957066974361729
0.1860698470506189,-0.5955448444476148
0.18644473835397168,-0.5954972434753383
0.18648701126206169,-0.5954918759687889
0.18668763570163888,-0.5954664021359715
0.18669296596147206,-0.5954657253383283
0.18688030345267678,-0.5954419385856204
0.18709757308496666,-0.5954143512672413
0.1874850537885809,-0.5953651517844432
0.18756556460628082,-0.5953549291061174
0.18792796501711084,-0.5953089141365658
0.1883221274611898,-0.5952588662549392
0.18832942828356372,-0.5952579392495904
0.188943334210299,-0.5951799899380497
0.18926389994499598,-0.5951392868315395
0.18962398071294173,-0.5950935663933777
0.19037861592940447,-0.5949977482997156
0.19045269783582708,-0.5949883419178063
0.1910614534455051,-0.5949110465560832
0.19106290939469178,-0.5949108616902401
0.19109346230748264,-0.5949069823034906
0.1914557702412112,-0.594860979076009
0.19147048462163094,-0.5948591107509554
0.1915918484163986,-0.5948437008585987
0.1916271535037381,-0.594839218075273
0.19175433615130816,-0.5948230693472899
0.19181071642597275,-0.594815910589892
0.19193443405442895,-0.5948002018248458
0.19199225418518756,-0.5947928602449888
0.19238772129181944,-0.5947426467067959
0.19239688003908056,-0.5947414837956518
0.1925454063196092,-0.594722625008322
0.19295188973687696,-0.594671012699092
0.19310695891692264,-0.5946513231419476
0.194352338323466,-0.5944931939186914
0.19440278318657764,-0.5944867887967027
0.19490191424288142,-0.5944234127638073
0.19578905333214325,-0.5943107702916673
0.19616285894827817,-0.5942633071720609
0.1963915226584338,-0.5942342731165081
0.19675632443333546,-0.5941879532392044
0.197269382002087,-0.5941228089190027
0.19765610983368348,-0.5940737050304201
0.19801580834458868,-0.5940280331284784
0.19806794052575172,-0.5940214137631102
0.19817732891171916,-0.5940075244211029
0.19828389205311472,-0.5939939938081122
0.19873388017070143,-0.5939368575883107
0.19890098196393594,-0.5939156402174195
0.19918663718866886,-0.5938793697936685
0.199233568941726,-0.5938734107408545
0.19956380249918568,-0.593831480084494
0.19958796077142188,-0.5938284126427138
0.20024621645268836,-0.5937448321217611
0.2006189140620968,-0.5936975096887936
0.20065773365939593,-0.5936925806585432
0.2007132401113454,-0.5936855328528012
0.20103943686045286,-0.5936334037717129
0.20107818372841965,-0.5936249505654987
0.20129173760311384,-0.5935783606077711
0.20159947679888207,-0.5935112227197676
0.20218765391571447,-0.5933829031233718
0.20239448933549326,-0.5933377788966265
0.20304767997402215,-0.593195275632377
0.2032280198451332,-0.5931559318041103
0.20366501674907592,-0.593060594422333
0.2044242929656094,-0.592894947009555
0.20474565077193901,-0.5928248380188672
0.2050178341124605,-0.5927654571701367
0.2052200705000363,-0.5927213362907492
0.2055574426516137,-0.5926477335321809
0.20597827936805155,-0.5925559217359441
0.20602274829668726,-0.5925462201769894
0.20622195139558125,-0.5925027610546956
0.20626953679771243,-0.5924923795906416
0.20684831698244455,-0.5923661100749102
0.2070003101019166,-0.5923329505126161
0.20710927477298652,-0.5923091782470639
0.20735058398891518,-0.5922565330483501
0.20758539892919728,-0.5922053046725728
0.2076576972770418,-0.5921895317114187
0.20826836240625468,-0.5920563060202604
0.2082734211952773,-0.5920552023701062
0.20833301882211763,-0.5920422002603617
0.20859076351433956,-0.591985969417759
0.20921592982545623,-0.5918495800778358
0.2094636458704214,-0.5917955371339657
0.20948078589658115,-0.5917917977820323
0.21034371128848395,-0.5916035377582405
0.21042204052662924,-0.5915864490685633
0.21054978834853777,-0.5915585789789617
0.2105714231489084,-0.5915538590251039
0.2110399218096916,-0.5914516490659891
0.21106645846675065,-0.5914458596991028
0.2111534250000692,-0.5914268866548683
0.21162481907333647,-0.5913240450184055
0.21202218061087713,-0.5912373546820064
0.21252497262478853,-0.5911276631172555
0.21281332034698883,-0.591064755767963
0.2128819848174847,-0.5910497755912635
0.2136531760101849,-0.5908815287490127
0.2138200293441702,-0.5908451272096438
0.2148485915235651,-0.5906347530619774
0.2156326768244002,-0.5904871711079182
0.21628271736360727,-0.5903648193014351
0.21638935170862753,-0.5903447483920696
0.2165932407577678,-0.5903063720263204
0.21668861942873996,-0.5902884196802904
0.21697216472938005,-0.5902350502707526
0.21705921313474716,-0.5902186658623877
0.21721330779404668,-0.5901896618867931
0.21763124555977684,-0.5901109968843042
0.21788974784243692,-0.5900623411169239
0.2184057798639245,-0.5899652126361232
0.21929975106603078,-0.5897969477588975
0.21942013326220947,-0.5897742892041112
0.21946327293052192,-0.5897661693776839
0.21962642647849961,-0.589735460321671
0.2196813473060653,-0.5897251230241319
0.21993422951515829,-0.5896775250771675
0.2199913158918572,-0.5896667801760522
0.2202076194234052,-0.5896260671339613
0.22041071024730763,-0.5895878410116107
0.22063666255969278,-0.589545311858532
0.22096731498954847,-0.5894830758598969
0.22153766366055938,-0.5893757238010415
0.22217249120948665,-0.5892562354111156
0.22253396988916224,-0.589188197239962
0.2227404094906003,-0.5891493408046442
0.22308768062873136,-0.5890839768026674
0.22317372769043797,-0.5890677808690181
0.22373089692845888,-0.5889629094668871
0.22415820510198453,-0.5888824807492882
0.22428486208095144,-0.5888586411435319
0.22431268012793007,-0.5888534051803952
0.22463574222906932,-0.5887925978471651
0.22583277801370397,-0.588567289605846
0.22589830608928885,-0.588554955792892
0.2264834303997786,-0.5884448226364386
0.22658483404692195,-0.5884257362584919
0.22681103111974563,-0.5883831610361606
0.22703440262695773,-0.5883411176469012
0.22826769818977152,-0.5881089845245243
0.22860348559021054,-0.5880457820124347
0.22861699028104604,-0.5880432401350901
0.22936434703274267,-0.5879025712950069
0.22969388750371292,-0.5878405445912852
0.2303226610990001,-0.5877221956874675
0.23092788237511777,-0.58760827984378
0.2309552194774489,-0.587603134404915
0.23135390201408415,-0.5875280936564872
0.23140647460725505,-0.5875181983478749
0.23157288987644992,-0.5874868753647926
0.23158716793711656,-0.587484187922379
0.23158777232089678,-0.5874840741641703
0.23189703744725393,-0.5874258637224983
0.23205246720699188,-0.5873966084518834
0.23236838858603306,-0.5873371451582872
0.2323864645589075,-0.5873337428659658
0.23248631569414596,-0.587314948704619
0.2325735454729409,-0.5872985301578193
0.23268904190244155,-0.5872767912108777
0.2327745519301052,-0.5872606963587477
0.23290088710205847,-0.5872369173240898
0.23306128999894868,-0.5872067260006016
0.2332047674993766,-0.5871797204058606
0.2334252730175942,-0.5871382164582357
0.23343381510584277,-0.5871366086509293
0.23359541814337328,-0.5871061914347983
0.23423484437839726,-0.5869858374718543
0.23443699434292803,-0.586947788439757
0.2349278391209022,-0.5868554007475046
0.23497329957851198,-0.5868468440979164
0.2352396519316653,-0.5867967107760639
0.23539613215331698,-0.5867672577856069
0.23554071821932532,-0.5867400435346465
0.23577450173207554,-0.5866960403788651
0.23578387086043281,-0.5866942769045731
0.23629287909960794,-0.5865984704527881
0.2365110824489528,-0.5865573998235539
0.23680298438595657,-0.5865024575127992
0.23686279575706848,-0.5864911997083049
0.2370771904370393,-0.5864508459537117
0.2372161889532713,-0.5864246834014805
0.23731273882608364,-0.5864065106097208
0.23748569705248634,-0.586373956099394
0.23889657769754474,-0.5861083975915118
0.23896636398556553,-0.5860952622901082
0.23957251151110212,-0.5859811721060789
0.23962085876653183,-0.5859720720981817
0.24007822621558877,-0.5858859855693525
0.2402863220150674,-0.5858468174014428
0.24094800255933044,-0.5857222746921465
0.24141361426800464,-0.5856346364138548
0.2415697269702024,-0.5856052525985744
0.24165085940060171,-0.5855899817057224
0.24174158130768036,-0.5855729058642185
0.24177160873011178,-0.5855672540484363
0.24187192092399715,-0.5855483731057968
0.24274391893387692,-0.5854215063115857
0.24284168829654623,-0.5854108222503634
0.2428944762381853,-0.585405053678442
0.243245415477564,-0.5853667036655497
0.24331077138867466,-0.5853595616883854
0.2434742055608679,-0.5853417018941323
0.24361975274075032,-0.5853257967584319
0.24397234630630316,-0.5852872659637318
0.24412886434072756,-0.5852701619526538
0.2445088750163943,-0.5852286350651594
0.24455333683744349,-0.585223776356816
0.2445606767894915,-0.5852229742599738
0.2446338461585639,-0.5852149784420875
0.24534208429340998,-0.5851375834444513
0.24536562543344634,-0.5851350109107402
0.24582734395514183,-0.5850845434521859
0.2473896787573889,-0.5848972080056317
0.2475866596489975,-0.5848735885463205
0.2476381491227321,-0.5848674145792931
0.24766392115374014,-0.5848643243230109
0.24781159211554654,-0.5848466174873613
0.24823492219975288,-0.584795857093206
0.24888527227041224,-0.5847178753310842
0.24890861694799302,-0.584715076132351
0.24961449564242869,-0.5846304360793707
0.24969302241502955,-0.5846210201411285
0.2511323770284206,-0.5844484309247444
0.25137131838681526,-0.5844197800965028
0.2514270208257008,-0.5844131009639328
0.2516506879119226,-0.5843862816333921
0.25195138288906965,-0.5843502260915585
0.25195991861483974,-0.5843492025951885
0.2520168711693206,-0.584342373564554
0.25225364527015437,-0.5843139826064517
0.2526547600269843,-0.5842658859936245
0.25325546985347636,-0.5841938564622888
0.25328638662824104,-0.5841901493133486
0.253526082272957,-0.584161408040623
0.25399114819619184,-0.5841056432120594
0.254230600347762,-0.5840769311359549
0.2543130218728503,-0.5840670481882116
0.25488981051784637,-0.5839978869826734
0.25504151551911236,-0.5839796964359892
0.255068396957211,-0.5839764731536281
0.2551502668655163,-0.5839666563487989
0.25544465487018114,-0.5839313570594052
0.2555162224588037,-0.5839227755785639
0.2556463020960794,-0.5839071780722537
0.2563416581463057,-0.5838237997617943
0.25646158550734416,-0.583809419588158
0.2565047578212955,-0.5838042429098295
0.2565198088851419,-0.5838024381764505
0.25661135429013177,-0.5837914612083261
0.2572237748904415,-0.583718027468981
0.2574362812565393,-0.5836925463909617
0.257680245593627,-0.5836632932705895
0.25792908094446054,-0.5836334560798032
0.25845154479233035,-0.583570808817444
0.2586112259938037,-0.5835516618656248
0.25879738290562765,-0.5835293402811887
0.25894104606517443,-0.5835121140105403
0.2590912381144159,-0.583494104877944
0.25988957984912153,-0.5833983778256124
0.26005794542770044,-0.5833781895530336
0.2603458885061709,-0.5833436630577459
0.26116860553178894,-0.5832450132285543
0.26144443941248996,-0.5832119387152415
0.2616685241523289,-0.5831850693049567
0.26190292559322187,-0.5831569628462518
0.26220932843970224,-0.5831202228888571
0.262303014669064,-0.5831089892201273
0.26234684196276115,-0.5831037340049045
0.2623601476365614,-0.5831021385566436
0.2624110157328928,-0.5830960390973421
0.2625853517577814,-0.5830751349242891
0.2629853735516612,-0.5830271693657673
0.2635990121023921,-0.5829535895851987
0.2636286861306551,-0.5829500314507144
0.26411328303502474,-0.5828919247137025
0.26476275242672587,-0.5828140485514723
0.2654254043349939,-0.5827345917084406
0.26546781225807714,-0.5827295066862054
0.26575433050933717,-0.5826951510381916
0.2662252676297767,-0.5826386822098524
0.2665407979683902,-0.5826008477989434
0.2668150745273843,-0.5825679600199701
0.2670630498684733,-0.5825382259506846
0.26733792757105457,-0.5825052660901688
0.2691207885310421,-0.5822914879335261
0.2691510306763743,-0.5822878616776223
0.2693801106178562,-0.5822603933058799
0.27005981560573855,-0.5821788916730373
0.27037963614090976,-0.5821405428359715
0.2704120531797911,-0.582136655794317
0.27080987983044547,-0.5820889534496311
0.2708572104235919,-0.5820832781630088
0.2714410265572764,-0.5820132743098321
0.2714682089997814,-0.5820100149348263
0.2719000536305614,-0.5819582335838426
0.2727051389985448,-0.5818616979202266
0.27297470777406485,-0.5818293746391562
0.2731687159038718,-0.5818061116358739
0.27353536628176983,-0.5817621475558484
0.273977518009228,-0.5817091303080799
0.2740597584748232,-0.581699269070703
0.2743686208700897,-0.5816622341952987
0.2758038824108898,-0.5814901357684564
0.2760953897660918,-0.5814551818901442
0.27755553434900093,-0.5812800998033345
0.2775707132029268,-0.581278279746984
0.2776475471933997,-0.5812690667857833
0.2782884701988475,-0.5811922153981935
0.2783333459271585,-0.5811868344679406
0.27841477161364714,-0.581177070928578
0.27881112937241537,-0.581129544714845
0.2795570339675228,-0.581040105261656
0.2796005151467692,-0.5810348915481043
0.27973962372037403,-0.5810182114058464
0.27978195403171724,-0.5810131356898304
0.2800328020779493,-0.5809830571620458
0.2802345671122873,-0.5809588640487948
0.2802597449857147,-0.5809558450363814
0.2806515165967353,-0.5809088687355322
0.28114063731515104,-0.5808502195599063
0.2817479507936276,-0.5807773982020737
0.2817768496203903,-0.5807739330199574
0.2818629458589006,-0.5807636094470172
0.28203886334377026,-0.5807425156452678
0.28231803406199996,-0.5807090410205656
0.28268124147482565,-0.5806654897774034
0.28269721667769226,-0.5806635742329513
0.28283676817052794,-0.5806468409814165
0.2830157697674404,-0.5806253773719242
0.28302751755080363,-0.5806239687261978
0.2832584092882542,-0.5805962831067782
0.28350147997052655,-0.5805671371421988
0.2835783787561489,-0.5805579164115824
0.28383785800750605,-0.5805268029387501
0.284419404039613,-0.5804570712874678
0.28460062499245115,-0.5804353415608586
0.28477707517338285,-0.580414183884929
0.2849146684793725,-0.5803976854344156
0.2850487721456272,-0.5803816054174011
0.2852754707120156,-0.580354422590067
0.28541794803764736,-0.5803373385096364
0.2854300407421192,-0.5803358885053295
0.28567357779467467,-0.5803066866195189
0.28577617622881984,-0.5802943843118133
0.2861237426395109,-0.5802527085399747
0.2867725351000003,-0.5801749135467813
0.2869852059332497,-0.5801494127479394
0.2870950187408853,-0.5801362453837315
0.28712049345126467,-0.580133190778382
0.2872569975192996,-0.5801168229355195
0.2872853985890433,-0.5801134174381348
0.2873739755974688,-0.5801027964026154
0.2875290126242479,-0.5800842063215378
0.2875754856422213,-0.5800786338644932
0.2879249379168094,-0.5800367319636874
0.2884746203881763,-0.5799708209879552
0.2885327291030405,-0.5799638533251775
0.2886004760319716,-0.5799557299695653
0.2889669202919664,-0.5799117906045941
0.2902252456356983,-0.5797609081305947
0.2904200053873284,-0.5797375550023216
0.2914618311219227,-0.579612632425585
0.29294504713179403,-0.5794347839048033
0.29311312528545486,-0.5794146300965883
0.2931332441683917,-0.5794122176943851
0.2932843050831901,-0.5793941043784109
0.29424029993484646,-0.5792794735565275
0.29436071713224643,-0.5792650346479048
0.29450491235498144,-0.5792477445789623
0.29461681875329404,-0.5792343261778169
0.29481038530599674,-0.5792111161228809
0.29494720858937934,-0.5791947100037478
0.29497648474504595,-0.5791911995771175
0.2952612127528972,-0.5791285892289759
0.2954281200432396,-0.5790875086068206
0.2955380915759658,-0.5790604414908515
0.295639658501364,-0.5790354429873277
0.29568874299867454,-0.5790233618991766
0.29579919951726114,-0.5789961754144201
0.29581266395680217,-0.5789928614336335
0.2959404448959398,-0.5789614109171906
0.2960402298875308,-0.5789368509981605
0.29609254698122084,-0.5789239742762765
0.29619558023377546,-0.578898614868015
0.2963199346009598,-0.5788680077281998
0.2964799356118673,-0.5788286269374622
0.29655379027210993,-0.578810449209062
0.2967701691715175,-0.5787571922195638
0.2968438901159648,-0.5787390474024167
0.297424738736111,-0.578596084068432
0.29750365134127277,-0.5785766614362073
0.2983816105074075,-0.5783605707627693
0.2984403925112463,-0.578346102842978
0.29859503264867576,-0.5783080415153825
0.298889696406472,-0.5782355163999603
0.29890428652019896,-0.5782319253588021
0.2989664973776929,-0.5782166135007915
0.2991061157593763,-0.5781822494537081
0.2991790077969726,-0.5781643086540672
0.2995103253981903,-0.5780827619872851
0.3002209366564276,-0.5779078603844906
0.30042952769777514,-0.577856520207935
0.30082496520849183,-0.5777591918112516
0.30098760434048527,-0.5777191617040262
0.3017960354636642,-0.5775201838556541
0.30359725763610634,-0.5770768519476699
0.3040043595516407,-0.5769766526098431
0.30413428655160024,-0.5769446738869115
0.3041478762508721,-0.5769413290761495
0.30427966748963986,-0.576908891511127
0.30431378223779937,-0.5769004949031886
0.30431883003288607,-0.5768992524975258
0.30517673072230034,-0.5766880987846092
0.30521793487047444,-0.5766779572740802
0.3059348090277691,-0.5765015141940425
0.3060103025964543,-0.576482933083751
0.30601244121815785,-0.5764824067082406
0.3062476779255662,-0.5764245082768762
0.30670901516003346,-0.5763109600874803
0.30701082803125396,-0.5762366753723022
0.3070543261859614,-0.5762259692416453
0.30707022689244223,-0.5762220556264066
0.3074099860803336,-0.5761384312455126
0.3074282028515279,-0.5761339475810017
0.3074828784318406,-0.5761204903686095
0.30766337174869857,-0.5760760658396616
0.30810315006594263,-0.575967823911788
0.3082001322156964,-0.5759439538516985
0.3085996868196698,-0.5758456121214924
0.30873119473606625,-0.5758132442901482
0.30893648992956035,-0.5757627153153088
0.3091952632944771,-0.5756990238443958
0.3093426235521931,-0.5756627543018519
0.3093588387178846,-0.5756587632892749
0.3095290553121465,-0.5756168681534836
0.3095533240366918,-0.575610894931456
0.309801871534013,-0.5755497203368403
0.30999561760737765,-0.5755020339283098
0.31033711241428164,-0.5754179823623077
0.3107515353662505,-0.5753159811095918
0.3120303516298739,-0.5750117800865318
0.31245062694538234,-0.5749206042523939
0.31263648655583753,-0.5748802832904186
0.31264077706225224,-0.5748793524946121
0.31306218037503325,-0.5747879319492375
0.31364288061899337,-0.5746619530321483
0.31366349350783734,-0.5746574812079297
0.31390678916290315,-0.574604699891792
0.3142486674922346,-0.5745305317436753
0.31430573284443075,-0.5745181518086783
0.3143619797214775,-0.5745059494362258
0.3152516003935095,-0.5743129523606287
0.3154683924317143,-0.5742659208215676
0.3158076061282099,-0.5741923307471861
0.3164319658960774,-0.5740568801971853
0.31666901875447045,-0.5740054532127747
0.3169983843843683,-0.5739339996085917
0.3173697487178914,-0.5738534346750146
0.318143316560798,-0.5736856144611296
0.31815915340596623,-0.5736821787666812
0.31837549952711075,-0.573635243966254
0.3188979685542721,-0.5735218979104549
0.3191122684302028,-0.5734754070288289
0.3203767442335281,-0.573201087715129
0.3205644363198724,-0.5731603692101347
0.3208364895380485,-0.5731013491388106
0.3208847898493128,-0.5730908707190554
0.32149469622670845,-0.5729585557325382
0.3218235891111354,-0.5728872046872279
0.32252953937818124,-0.5727340536405625
0.3229135356923492,-0.5726507482858149
0.3234696363510659,-0.5725301060792609
0.32410426334343373,-0.5723924281256425
0.3245141161123455,-0.5723035133911809
0.3245234976874484,-0.5723014781230984
0.3247929635910408,-0.5722430193518473
0.3250765475125345,-0.5721814977738813
0.32516689355854383,-0.5721618978216547
0.3256702105226796,-0.5720527066739775
0.32600162356211737,-0.5719808088984006
0.3261977580756183,-0.5719382588670003
0.3262194244412821,-0.5719335584982439
0.32661415971985364,-0.5718479233991569
0.3267820010370591,-0.5718115113817618
0.3269095697660701,-0.5717838362249104
0.3273365385464253,-0.5716912082896899
0.327744603905395,-0.5716026813215005
0.32786999099092945,-0.5715754794571705
0.32801137397615593,-0.5715448073926088
0.3283101281861629,-0.5714799947250683
0.3284265540236975,-0.5714547369417516
0.3285610447260813,-0.5714255601104672
0.3290023396119787,-0.5713298242253515
0.3297866136200711,-0.5711596813826915
0.329976970997783,-0.571118384661098
0.33001354797227345,-0.5711104495384859
0.3301398028329792,-0.5710830594163111
0.33043201099485475,-0.5710196668688124
0.3304524323736018,-0.5710152365913901
0.330538145463374,-0.5709966417270995
0.3305513816467282,-0.570993770228314
0.3307136984778956,-0.570958556710103
0.33080098004890945,-0.5709396215746134
0.33091551791302315,-0.570914773374123
0.3312547058723407,-0.570841188883245
0.33132898930753235,-0.5708250736037691
0.3316082950724134,-0.570764480142405
0.33204418411452535,-0.5706699170178541
0.3321083953064181,-0.5706559868421675
0.3328894426284136,-0.5704865440068253
0.33372762942408596,-0.5703047051563416
0.333853565543391,-0.5702773841829177
0.33442686847372266,-0.570153010062055
0.33446583136617125,-0.57014455733098
0.3351217170604274,-0.5700022674484526
0.33538873797899715,-0.5699443390998572
0.3353991973071466,-0.5699420700206765
0.33555451709454903,-0.569908374462903
0.3355707479530655,-0.5699048532899732
0.3358695607102531,-0.5698400279210252
0.33661491798511706,-0.5696783277955152
0.33665623487594676,-0.5696693643807098
0.33673995027946263,-0.5696512029006893
0.33741322778936916,-0.5695051399835804
0.33810437118377806,-0.5693552011859191
0.33833301573482943,-0.5693055983258559
0.33873819972661234,-0.569217696450426
0.3389410034831971,-0.5691736995726876
0.33953435482970523,-0.5690449760860625
0.3395637877594544,-0.5690385908147368
0.3399276964092081,-0.5689596433403863
0.34014288445022073,-0.568912959777465
0.3403074228531722,-0.5688772643045613
0.34087131689695266,-0.5687549313768118
0.3409772019808699,-0.5687319603373701
0.34145235233625904,-0.5686288797414015
0.34189187708628327,-0.5685335278750678
0.3419183829154418,-0.5685277776180486
0.3424293324835564,-0.5684169306295243
0.34302427791305146,-0.5682878613175779
0.343126522541254,-0.568265680049922
0.3438003265226184,-0.5681195029184577
0.34384796683254243,-0.568109167681446
0.34391916569123127,-0.5680937215795907
0.344713557361908,-0.5679213837797404
0.34591013113671454,-0.5676617953433045
0.3461501222076462,-0.5676097309339272
0.34632397982219654,-0.5675720137222735
0.346332668254434,-0.5675701288267602
0.3469436604337077,-0.5674375782830062
0.34807594475869463,-0.5671919369997751
0.34827945016058215,-0.5671477879049224
0.3485233312823972,-0.5670948795758071
0.3486460105582795,-0.5670686155301272
0.3487772264302338,-0.5670408595591907
0.34885008565633413,-0.5670254477150899
0.3489510293431302,-0.5670040951912282
0.3493744190071211,-0.5669145359707349
0.349892310912556,-0.5668049867793038
0.34997802554716917,-0.5667868556426378
0.3502119749581101,-0.566737368542076
0.35097487826964474,-0.5665759923165709
0.35098811889395054,-0.5665731915396683
0.3512326279680986,-0.5665214707634032
0.3516682173547013,-0.5664293309469713
0.3526968730794019,-0.5662117403615241
0.3530307716367869,-0.5661411111112931
0.35316775300291,-0.5661121355707557
0.3531883596963609,-0.5661077766561213
0.3532516177722972,-0.5660943957343545
0.353369456780987,-0.5660694693588202
0.35341924413518866,-0.5660589378862503
0.3541475727767266,-0.5659048752084225
0.3542330629760805,-0.5658867915463374
0.354277345167916,-0.5658774245756251
0.3545196697735816,-0.5658261658779393
0.3552268707882266,-0.5656765723073107
0.3553057000891109,-0.5656598976188626
0.3555569661897546,-0.5656067475350889
0.35574771884609246,-0.5655663978037148
0.3557629900153261,-0.5655631675075387
0.35602799065070956,-0.5655071121704494
0.3561122095575257,-0.5654892974236883
0.3561606972318179,-0.5654790408711966
0.3562425634080597,-0.5654617237953382
0.35671968715531244,-0.5653607982543603
0.3567954432446089,-0.5653447736394912
0.35699494603278625,-0.5653025730008951
0.35710116901410094,-0.5652801037527908
0.3575963565392652,-0.5651753571977293
0.35794625030970006,-0.5651013444950095
0.358160067124657,-0.5650561160236874
0.3584277079870557,-0.5649995022018415
0.35915872445313113,-0.5648448709709978
0.35917166598804184,-0.5648421334601958
0.35933796526947026,-0.5648069563283951
0.3595444879537,-0.5647632707777384
0.35954528610291087,-0.5647631019459807
0.35965026262727573,-0.5647408963597517
0.3598343638868291,-0.5647019535921318
0.3602325546809555,-0.5646177246650641
0.3602703763351077,-0.5646097242858585
0.36059130901089514,-0.5645418376964614
0.36078455520762587,-0.564500960508815
0.3607937688701593,-0.564499011551378
0.3612880042058523,-0.5643944664120668
0.3616499614098294,-0.5643179019425081
0.3618556342968797,-0.5642743961486557
0.36241978616757803,-0.5641550616299447
0.36256649156129545,-0.5641240291749253
0.3627153100920558,-0.5640925497299992
0.3636399510440611,-0.5638969612923479
0.3637455744661863,-0.5638746188684394
0.3638032017347709,-0.5638624290260966
0.3640460275625828,-0.5638110643053581
0.3645714950226299,-0.5636999126639298
0.3648268624774256,-0.56364589502454
0.36498228159586166,-0.563613019363463
0.36528207898839526,-0.5635496035008078
0.36553523710759883,-0.563496053200114
0.3657874550338669,-0.5634427017775543
0.36627596482411473,-0.5633393677575276
0.3663181142022005,-0.5633304519389173
0.3663397424466863,-0.5633258769365459
0.36662230288906233,-0.5632661071898711
0.36667744686019654,-0.5632544426371205
0.3670443116529941,-0.5631768400698787
0.36714239854619946,-0.5631560918408991
0.3672978388607678,-0.563123211696224
0.36753826237862963,-0.5630723551338672
0.36779592572807157,-0.5630178518460256
0.36807283022105014,-0.5629592784970484
0.3685159969936027,-0.5628655358432383
0.36862578474271246,-0.5628423125431291
0.36968537551080194,-0.562618178296824
0.3696855292460376,-0.5626181457773531
0.36999479581208994,-0.5625527269092608
0.37111135018622665,-0.5623165432045303
0.3713647486025876,-0.5622629420740028
0.3716427271605262,-0.5622041415290672
0.37165931721045486,-0.5622006322512885
0.3723405455261378,-0.5620565326614322
0.3730775063104451,-0.5619006440345005
0.3730787291487425,-0.5619003853686566
0.37320089354876934,-0.5618745440471296
0.37333369121220733,-0.5618464534813167
0.37357125151335147,-0.56179620257252
0.373583645427753,-0.5617935808993734
0.3737922706185458,-0.5617494506074656
0.3743969709773651,-0.5616215389049045
0.374606318661291,-0.5615772557846986
0.37467302554683773,-0.5615631453394534
0.3752571519085032,-0.5614395856353095
0.37533610242190074,-0.5614228853068916
0.37541087689832664,-0.5614070683316769
0.3758306413685962,-0.5613182759450283
0.3765251205926308,-0.5611713734028948
0.3767767764500327,-0.5611181408742378
0.37746744703614343,-0.56097204396973
0.37793709079381155,-0.5608727006639681
0.37804737494812524,-0.5608493723597294
0.37850420356437464,-0.560752739828872
0.37850623245361864,-0.5607523106598237
0.37920260560298313,-0.5606050074974327
0.3794355903108,-0.5605557244596224
0.37943957124374117,-0.5605548823765927
0.37957834580386185,-0.5605255275234025
0.3797037755001847,-0.5604989954967973
0.3797912713120919,-0.5604804875893605
0.37996338435561816,-0.5604440806778888
0.3799987396069888,-0.5604366020145619
0.38028218975571143,-0.560376644069134
0.3803040973936014,-0.5603720099669366
0.38066650538959257,-0.5602953501417638
0.3809401683672063,-0.5602374624675067
0.380978675163771,-0.560229317160766
0.3813522962256752,-0.5601502854462254
0.3815040403666183,-0.5601181871497077
0.3815704262866652,-0.5601041445979952
0.3816040019702112,-0.5600970423649894
0.3816374635961327,-0.5600899642584865
0.38167075508990667,-0.560082922139878
0.381984170237924,-0.5600166257261143
0.38206503801128294,-0.559999519841486
0.38217125634190013,-0.5599770515771394
0.38284435114513826,-0.5598346724615798
0.38376952179578266,-0.5596389719772696
0.3842218529645409,-0.5595432907872828
0.38443718596087717,-0.5594977415995286
0.3847224810411122,-0.5594373933974597
0.3848718621563845,-0.5594057949495568
0.3848811421594866,-0.5594038319591612
0.38497369932138936,-0.5593842534290834
0.3849918176808174,-0.5593804208694226
0.38520182532068553,-0.5593359981493522
0.38613690765052333,-0.5591382010567923
0.38649826713513874,-0.5590617630222524
0.3867265888680135,-0.5590134663391799
0.387132746712265,-0.5589275521494345
0.3871739355044156,-0.5589188395226705
0.3871985681535089,-0.5589136290013963
0.3873854567336551,-0.5588740966344529
0.38746265243945627,-0.5588577674988481
0.38784668659379024,-0.5587765331125838
0.3880998923577894,-0.5587229727336307
0.38827569029882086,-0.5586857863592287
0.38854531481275734,-0.5586287529374243
0.38893152863126107,-0.5585470574888324
0.3890784840567896,-0.5585159721448173
0.3892357018856194,-0.5584827160042094
0.38982266608334226,-0.5583585560152526
0.3900290312963772,-0.5583149037743308
0.39023904074373494,-0.5582704806719238
0.3903777775055036,-0.5582411338141837
0.39060676949312645,-0.5581926953527498
0.39137688439869267,-0.5580297936654894
0.3918493927629691,-0.5579246496353513
0.3919999288461946,-0.5578890843137821
0.3923387655575653,-0.5578037269645723
0.3932030501885868,-0.557559380482449
0.39343278495603207,-0.5574942361890486
0.394324626053009,-0.5572413429995061
0.39468869398628864,-0.5571381067826854
0.3950585185022805,-0.5570332382116617
0.39556500786069826,-0.5568896165398709
0.3958743860788627,-0.5568018883059604
0.39608639769136894,-0.5567417696445885
0.39697732852796025,-0.5564891345712655
0.39713548299224943,-0.5564442878075875
0.3973860550102124,-0.5563732348396905
0.3976562579464538,-0.5562966152685568
0.39781283751547164,-0.5562522150869994
0.3979242932698977,-0.5562206103523385
0.39820329583333247,-0.5561414955320003
0.39825852205736434,-0.5561258354149804
0.3982726848942786,-0.5561218193576218
0.3982951245799249,-0.5561154562917184
0.39891652265517613,-0.5559392507526841
0.39900653465698244,-0.5559137266741111
0.3990267953715309,-0.5559079814839175
0.3991935468900037,-0.5558606969132573
0.3996857871318325,-0.5557211157645536
0.39981516746238976,-0.555684428282255
0.40059233355409246,-0.5554640526879914
0.40089811515790913,-0.5553773443210472
0.40100995875711887,-0.5553456296079331
0.4012119316904006,-0.5552883575451497
0.40144941068761664,-0.5552210172742663
0.40146545473511275,-0.5552164677750807
0.4014781135001574,-0.5552128782169423
0.40148636927762815,-0.5552105371834288
0.4017832327958704,-0.55512635765611
0.4019049447539667,-0.5550918446409632
0.4022536721110772,-0.5549929584448468
0.40242064243171805,-0.5549456118299746
0.40248517631784636,-0.5549273124038191
0.40263026017280856,-0.554886171982104
0.4026437285809244,-0.5548823528390997
0.4027683934280758,-0.5548470024936998
0.4032332875185348,-0.5547151757033286
0.4032446661307345,-0.5547119491492468
0.403418485001353,-0.5546626605385937
0.4035306821565122,-0.5546308455700729
0.4037508459316559,-0.5545684152565267
0.403791147186481,-0.5545569873094295
0.40481003788068304,-0.5542680675474616
0.4049354340257088,-0.5542325098329994
0.4049398058423316,-0.5542312701473048
0.40508966487300174,-0.554188775662159
0.40534965825086133,-0.5541150511446303
0.40548918412953927,-0.5540754867596719
0.40564563968587686,-0.5540311217435295
0.40571948680518094,-0.5540101814284861
0.4060557796952603,-0.5539148211878773
0.40653924777214834,-0.5537777275010977
0.4066208022419579,-0.5537546016661686
0.40698620303691174,-0.5536509874990144
0.4081583556609948,-0.5533186083153911
0.40831405400906007,-0.5532744580155426
0.40835478551128546,-0.5532629080661766
0.4099780332442375,-0.552802614973612
0.41007510792443963,-0.5527750881803488
0.4101322644995786,-0.5527588806870642
0.4106281500492007,-0.5526182658637319
0.41070174827652683,-0.5525973961252592
0.4107065243704095,-0.552596041801468
0.41105986255432536,-0.5524958481451985
0.4110927899197565,-0.5524865111607341
0.41180582103918306,-0.5522843218753939
0.41202312243082334,-0.5522227032280697
0.41224563496935324,-0.5521596068919928
0.41256033825246297,-0.5520703686663775
0.41404275004584185,-0.5516500114436461
0.4140689350410257,-0.5516425863463137
0.41424014354028266,-0.5515940379405487
0.4149308308388591,-0.5513981845373971
0.41495624256372976,-0.55139097871096
0.4156394550686616,-0.5511972448831591
0.41667173472119917,-0.5509045285072096
0.4167565181387155,-0.5508804870619917
0.4168210991837513,-0.5508621742633122
0.41687715096101696,-0.550846280049892
0.41736204863957344,-0.5507087809808903
0.4173638113854032,-0.5507082811312907
0.4174920784762366,-0.5506719093226533
0.41762933696959453,-0.550632987884412
0.41764786955284033,-0.5506277327284168
0.4177933247402385,-0.5505864870105402
0.41823097276714244,-0.5504623861972947
0.41848120016471735,-0.5503914309510091
0.41868332703768674,-0.550334115236617
0.4188194807738764,-0.5502955070666976
0.41900424636628847,-0.5502431143701274
0.419183771310123,-0.5501922077278987
0.41969580675429563,-0.5500470133910661
0.4203239768048289,-0.5498688875700057
0.4203944595812454,-0.5498489012583229
0.42122424751356535,-0.5496136040539672
0.4216479257762736,-0.5494934645497895
0.4225965959942648,-0.5492244567208557
0.42288467423384496,-0.5491427683740279
0.4231236583744472,-0.5490750013000819
0.4236866241247184,-0.5489153650098595
0.4238094668998613,-0.548880531336772
0.4238526224677771,-0.5488682940119237
0.42438620491090473,-0.5487169897421567
0.4246124299829097,-0.5486528406687312
0.42506226301912736,-0.5485252846369715
0.4251062491652968,-0.5485128117908129
0.42521400123443276,-0.5484822572844822
0.42529409146921504,-0.5484595466525165
0.4255285972125329,-0.5483930494866036
0.425566317319592,-0.5483823534576626
0.42570629752795863,-0.5483426602415878
0.4258333849905059,-0.5483066229319558
0.4260237725733727,-0.5482526360465748
0.4261303463494347,-0.5482224156606325
0.42652216777469903,-0.5481113095787283
0.42653408664390363,-0.5481079298277177
0.4268038039410563,-0.5480314479658894
0.426915632643555,-0.5479997374769323
0.426948766813613,-0.5479903418503154
0.42705272027183294,-0.5479608644897156
0.4273319039375313,-0.5478816983154656
0.42758291151384437,-0.5478105218393106
0.4288574364231027,-0.5474491136573528
0.429197497899569,-0.5473526847848602
0.42969859346270534,-0.5472105925941587
0.4297451019142374,-0.547197404515376
0.4304969699276713,-0.5469842025215716
0.4307988678248173,-0.5468985954303709
0.43123108604700777,-0.5467760343091593
0.4325882817202565,-0.5463911837524801
0.43322535342871904,-0.5462105337500678
0.4333548630660037,-0.5461738096011578
0.43336090800886745,-0.5461720954786683
0.43359237898970826,-0.5461064588592864
0.433850045993247,-0.5460333940155765
0.4341826171894317,-0.5459390891098728
0.4345985642940289,-0.5458211418765382
0.4346057980838765,-0.5458190906409613
0.43504983700737154,-0.545693177605529
0.4356088699165011,-0.5455346565237711
0.43632018110499615,-0.545332954947307
0.4363737432405811,-0.5453177667042974
0.43640207834422595,-0.5453097319156327
0.4364042570793476,-0.545309114106837
0.4364874465613445,-0.5452855246428508
0.43662385864542125,-0.5452468432150144
0.43666262160518715,-0.5452358514715697
0.43727937560465824,-0.5450609628208696
0.43767673454005135,-0.5449482865056545
0.4377024712109012,-0.5449409885365415
0.43788481067850243,-0.544889283799344
0.43817297433361047,-0.5448075712318278
0.4382134943494418,-0.5447960812521906
0.43839985653961455,-0.5447432358194755
0.439393355772208,-0.5444615161380321
0.4394212065041405,-0.5444536186992917
0.4400308017054792,-0.5442807600192883
0.44018376811001647,-0.5442373843977034
0.4402512032950788,-0.5442182622703473
0.4415349302924966,-0.5438542447161225
0.44189837163551404,-0.5437511861771532
0.4419024919490335,-0.5437500178084479
0.44220093777878766,-0.5436653895960365
0.4422593318390843,-0.5436488311976752
0.44239807401109843,-0.5436094890429756
0.44274071037736235,-0.5435123300268555
0.44298983563302474,-0.543441687307302
0.4442222150923654,-0.5430922300180432
0.4444159599810785,-0.5430372911247467
0.4444479343930692,-0.5430282243626751
0.4446621104884221,-0.5429674919339261
0.444894732664431,-0.5429015288781209
0.44496513594207976,-0.5428815651093519
0.44532148771650776,-0.5427805169101383
0.4454222154400692,-0.5427519542487257
0.4464091558355422,-0.5424720944111993
0.44667369966677833,-0.5423970795531916
0.44698757382331716,-0.542308076437243
0.4470924301367851,-0.5422783430602474
0.4474773372432862,-0.5421691976237222
0.4476029900663351,-0.5421335671248547
0.4476994380211696,-0.5421062180477538
0.44870511370778837,-0.5418210455737601
0.45006651404847126,-0.5414350027287214
0.45037969295771507,-0.5413461967592224
0.4504951249281422,-0.5413134645165892
0.45073838339724664,-0.5412444854009782
0.45076828156246385,-0.5412360073857927
0.4509646436010657,-0.5411803263654681
0.4511190805010313,-0.5411365337657015
0.4511373845929452,-0.5411313434014073
0.45125390443194474,-0.541098302679434
0.45139765430832157,-0.5410575405247672
0.45173295711701283,-0.5409624610346653
0.4518500727966165,-0.5409292513543077
0.4519064956612504,-0.5409132519142182
0.4527123744970474,-0.540684734446409
0.45271441686623315,-0.5406841553059551
0.4527653109319651,-0.5406697236289946
0.45292585599520707,-0.5406241989797649
0.4534595262300203,-0.5404691341148659
0.45347205102945953,-0.5404654319800424
0.45360659858714286,-0.5404256618263472
0.4541146107784753,-0.5402755013680217
0.45437162296206557,-0.5401995325862845
0.4543809447519571,-0.5401967772109877
0.4547908215058566,-0.5400756240531056
0.4550212560201295,-0.5400075112147374
0.4550284386735604,-0.5400053881347218
0.45504450783316475,-0.5400006383424681
0.45542314958761193,-0.5398887177619013
0.4554560951058006,-0.5398789795820005
0.4555598065642854,-0.5398483240969445
0.4557356508484077,-0.5397963472768046
0.4559028884518098,-0.5397469144568752
0.4564013014435788,-0.5395995913718068
0.4564650051371187,-0.5395807615563374
0.4565501935822148,-0.5395555811843347
0.4571493084973611,-0.5393784921857182
0.45747390534985893,-0.5392825464328923
0.45751240252959247,-0.5392711672686682
0.4583970236614022,-0.5390096870977916
0.45849249316010643,-0.5389814678071405
0.45860818844123136,-0.5389472700915419
0.4589452737414089,-0.5388476329489043
0.4597523314294903,-0.5386090793188829
0.46002938883308797,-0.5385271854836235
0.46006685772790146,-0.5385161102643392
0.46020599421504316,-0.538474983694868
0.46080526948643574,-0.5382978472974532
0.46085946388549737,-0.538281828280704
0.46111557309498546,-0.5382061264039886
0.46129980379720137,-0.538151670689826
0.46183988170646106,-0.5379920321067966
0.4618477148379643,-0.5379897167556363
0.4620667914322771,-0.5379249611407678
0.46247779481782525,-0.5378034749681911
0.4628261164828281,-0.5377005165318506
0.4631315355132562,-0.5376102394432829
0.4633773755148187,-0.5375375729838174
0.4634078890162382,-0.5375285536700364
0.4641831889801292,-0.5372993871265872
0.4644571183335172,-0.5372184178940465
0.46453050448154015,-0.5371967260964678
0.46470048479084936,-0.5371464825755687
0.46484404226675036,-0.5371040492309658
0.46522000797387103,-0.5369929196481346
0.4653578148291331,-0.5369521860970513
0.4654345038785389,-0.536929518013482
0.46621014792969895,-0.5367002497632178
0.4663644049964058,-0.5366546537869168
0.46649226838453595,-0.5366168593691996
0.4665180163436437,-0.5366092486751916
0.46678104328959397,-0.5365315020237731
0.46691953455097374,-0.5364905661729457
0.46708033615295647,-0.5364430357343751
0.46710209583574885,-0.5364366039124684
0.46756864328475883,-0.5362986997834549
0.4677897202173251,-0.5362333528998844
0.4685123714024303,-0.536019748512005
0.46972653328589853,-0.5356608612490343
0.47127758501686795,-0.5352023946161804
0.47129064382329383,-0.5351985346372438
0.4714821484181513,-0.5351419288741815
0.4719504386132256,-0.5350035096166884
0.47232273966249194,-0.5348934632494029
0.4725069668446843,-0.534839008575704
0.472536400739516,-0.534830308376745
0.47333437151153296,-0.5345944406969907
0.47378278197493906,-0.5344618975772549
0.4742001689574484,-0.5343385245132576
0.4746246267434247,-0.5342130614303444
0.475369495610983,-0.5339928898430216
0.47557672806909146,-0.5339316351695701
0.47560338046445244,-0.5339237571383512
0.4756752989870639,-0.5339024991478901
0.4757808015970222,-0.5338713142264726
0.47604380900987103,-0.5337935733487333
0.4760802653874374,-0.5337827974137113
0.4761900686202296,-0.5337503412954467
0.47640321436995015,-0.5336873387454799
0.476408830560136,-0.5336856786874995
0.4768376600277146,-0.5335589234038789
0.4774681902729443,-0.533372548525033
0.47768558173441567,-0.5333082910090766
0.4782352083749122,-0.5331458299704381
0.47845519825441707,-0.5330808044027509
0.47921399560951217,-0.5328565157723572
0.4793952045032699,-0.5328029532575128
0.4795468204082841,-0.5327581379672996
0.4795759445615382,-0.5327495293231065
0.4797220677140516,-0.5327063376046246
0.48029317391073945,-0.5325375275451214
0.481238477492438,-0.5322581105911457
0.4814543633721065,-0.5321942981016226
0.48152957919182393,-0.5321720654817075
0.4817413587888201,-0.532109466745119
0.48194533913477966,-0.5320491733451549
0.48215439299428664,-0.5319873802939371
0.4822583831596502,-0.5319566424274866
0.4824833816608181,-0.5318901363895719
0.48248781812889374,-0.5318888250389961
0.4825849331056586,-0.5318601193707659
0.48292711194028703,-0.5317589766590087
0.48309167709989465,-0.5317103337716672
0.4832044680888667,-0.5316769945194052
0.4833842402106337,-0.5316238566918898
0.4842196076110842,-0.5313769351536629
0.48430020091521614,-0.5313531130334601
0.4843477394619057,-0.5313390613825729
0.4845374759287097,-0.5312829782505095
0.4846925173479849,-0.5312371504318566
0.4848258020371812,-0.5311977535623347
0.4851525707602501,-0.5311011658385366
0.48527867206161385,-0.531063892266108
0.4853845992129863,-0.5310325818568883
0.48541310795076453,-0.5310241551198845
0.4855619245577582,-0.5309801672583846
0.48564603916796995,-0.5309553042951787
0.4857195794557331,-0.5309335669363036
0.48622365741955537,-0.5307845693740978
0.486233477929611,-0.5307816665849205
0.48632885001319864,-0.5307534760886542
0.48641338633652087,-0.5307284884736485
0.4864835970764267,-0.5307077352770451
0.4865979713345878,-0.5306739280351735
0.48694005470690016,-0.5305728135405838
0.4869726231088455,-0.5305631868303464
0.48718498855504705,-0.5305004149258956
0.48726976720128723,-0.5304753556840254
0.48818633308899645,-0.5302044331429285
0.48857875371698667,-0.5300884397428473
0.4890522577610437,-0.5299484793531406
0.4902001982349059,-0.5296091661031309
0.4904010888703505,-0.5295497859732711
0.49057787963596555,-0.5294975293880052
0.4907085557217355,-0.5294589035808569
0.4913102718443132,-0.5292810457060072
0.4923772204282917,-0.5289656723919145
0.49237731357514436,-0.5289656448591618
0.49238313105098147,-0.528963925304291
0.49239428698376103,-0.5289606277850428
0.4927858514535296,-0.5288448874519414
0.49306708443837355,-0.5287617593801727
0.49310168687660805,-0.528751531440621
0.4933342092652673,-0.5286828014592392
0.4934927640225381,-0.5286359351528243
0.4935802284539785,-0.5286100820348552
0.4936075701450857,-0.5286020002585945
0.4936521460637188,-0.5285888243142246
0.49402011284217084,-0.5284800590896027
0.49407702711955853,-0.5284632361193597
0.49449528397869114,-0.5283396059334377
0.49502229601138736,-0.528183829419167
0.49561937008499224,-0.5280073436613909
0.49563082222649,-0.5280039585874784
0.4963085687193055,-0.5278036273243196
0.4964733217880827,-0.5277549288939666
0.4964826190716023,-0.52775218076237
0.4966640686749978,-0.5276985470975214
0.49675875288714383,-0.5276705599252949
0.49736121525903454,-0.5274924814708197
0.4976272478965842,-0.5274138463839743
0.4976739905721479,-0.5274000299801442
0.4977639054396965,-0.527373452551587
0.4985111323666768,-0.5271525839587796
0.49871997052308376,-0.5270908546660245
0.4992313945132505,-0.526939685733325
0.49925076941137725,-0.5269339588164667
0.49932866229098427,-0.5269109348995181
0.49934147230191345,-0.5269071484606391
0.4994353729189671,-0.5268793929068663
0.4994694539180905,-0.5268693190965603
0.501461310290112,-0.5262805575061015
0.5017225832792146,-0.5262033292968948
0.501952866539202,-0.5261352611669279
0.5021046830472421,-0.5260903865815978
0.5021194299531095,-0.5260860276268685
0.5022671407905788,-0.5260423666135455
0.5025058408557548,-0.5259718106076057
0.5033678592117392,-0.5257170114637502
0.5038907397035884,-0.5255624561683356
0.5039166045184417,-0.525554810933597
0.5040258953403458,-0.5255225062759767
0.5043606134829447,-0.5254235688280964
0.5048606670670557,-0.525275760809591
0.5049209577776724,-0.5252579398184939
0.5052541438319123,-0.5251594552319703
0.50551387241131,-0.5250826835261175
0.5055355183713769,-0.5250762853188697
0.5057985106970287,-0.52499854890067
0.5058958456560618,-0.5249697782091218
0.5063936025190311,-0.5248226490654647
0.5069481789776499,-0.5246587249380056
0.5073375017834266,-0.5245436472057199
0.5076921652449682,-0.5244388142335097
0.5078154638191901,-0.524402369103389
0.5079182638844798,-0.5243719830119069
0.5080476936802334,-0.5243337255885951
0.5083035768231459,-0.5242580905336238
0.5085251205659911,-0.524192605668236
0.5085432807527877,-0.5241872378010486
0.5088175595418056,-0.5241061652808009
0.5097605881042313,-0.5238274207869404
0.5098216488826406,-0.5238093721758478
0.5103239404249494,-0.5236609026519013
0.5104419737051427,-0.523626013860345
0.5105527190993991,-0.5235932792538873
0.5107524942225343,-0.5235342288520193
0.5108330400226117,-0.523510420773272
0.5109005446113397,-0.523490467472632
0.5115844352945973,-0.5232883200828751
0.5118171305660071,-0.5232195390000561
0.5118652956603057,-0.5232053021514951
0.5121021991133818,-0.5231352771959925
0.5127253110064853,-0.5229510950660103
0.5130076858314718,-0.5228676294841542
0.5134870287746062,-0.5227259432072021
0.5137983040971867,-0.5226339350902679
0.513819933869704,-0.5226275416678067
0.514015931464432,-0.5225696078442543
0.5146309852022409,-0.5223878075789459
0.5146600474728007,-0.5223792172263092
0.515189549749629,-0.5222227046348211
0.5154325520031735,-0.5221508769692869
0.5157430518926082,-0.5220590980582627
0.5157607414079862,-0.5220538693141852
0.5158385406070044,-0.5220308730877535
0.5158451844634586,-0.5220289092676971
0.5160618277478396,-0.5219648729011869
0.5174674958967891,-0.5215493793813439
0.5176332065594214,-0.5215003979012243
0.5179753040179569,-0.5213992792429674
0.5180956544525439,-0.5213637055368131
0.5183387318452426,-0.52129185566132
0.5184362025745409,-0.521263044838205
0.5185534049498032,-0.5212284016491506
0.5185935370995358,-0.5212165392133661
0.5186705581297979,-0.521193773001448
0.5186792450544346,-0.5211912052823909
0.5191711945605545,-0.52104579270259
0.5192848538845449,-0.5210121967840775
0.519358453355696,-0.5209904419315186
0.5196922091364651,-0.5208917889427436
0.5202132422331567,-0.5207377797084439
0.5202960662803816,-0.5207132982154722
0.5204581874533931,-0.520665377732344
0.5220060207990618,-0.5202078624038485
0.5220114779003681,-0.5202062493700528
0.5220246453400628,-0.520202357280821
0.5229116588813565,-0.5199401699511188
0.5231696279431457,-0.5198639183311518
0.5237347247391464,-0.5196968845565032
0.5237389057080167,-0.5196956487274964
0.5239718321914647,-0.5196267993020153
0.5242677297235769,-0.5195393366194312
0.524547187551956,-0.5194567332561497
0.5246519442227651,-0.5194257688226779
0.5255174562454239,-0.5191699370055953
0.5257715154092342,-0.5190948410903191
0.5261304888141702,-0.51898873416625
0.5267526750303337,-0.5188048256518936
0.527210780169285,-0.5186694169376936
0.5275320449747345,-0.5185744560858613
0.5278348978370132,-0.518484937516463
0.5280097442561454,-0.5184332556496074
0.5283690353636634,-0.518327054817624
0.5284256176163582,-0.5183103299886874
0.5284860528934676,-0.5182924662659961
0.528744278191613,-0.5182161389065698
0.5291322058500897,-0.5181014735580055
0.5292520891586884,-0.5180660379269875
0.529297279332564,-0.5180526804183749
0.5294516241172402,-0.5180070585140141
0.5296236825132316,-0.5179562007431936
0.5299171751986763,-0.517869448895672
0.5303353900679646,-0.517745831121291
0.5304370639793332,-0.5177157779032948
0.5306129342300021,-0.51766379340785
0.5308887539753838,-0.517582265405002
0.5312855778389864,-0.5174649704773413
0.5314025225593131,-0.5174304034470562
0.5314055721293093,-0.5174295020418613
0.5315672497342666,-0.5173817126705124
0.5320328270156148,-0.5172440953078861
0.5323247546979414,-0.5171578060508092
0.5328824694384275,-0.5169929542963135
0.533144904276809,-0.5169153826626318
0.5340495117961499,-0.5166479948281929
0.5346399770054386,-0.5164734625473444
0.5348418860717994,-0.5164137813852343
0.5350600880280644,-0.5163492842996932
0.5351374282928502,-0.5163264237270428
0.5352136152470182,-0.516303904054973
0.535430714800751,-0.5162397328223786
0.5354773002992345,-0.5162259628776352
0.5355235274973412,-0.5162122988408793
0.5357011745484701,-0.516159789151008
0.5357251419552623,-0.5161527047604162
0.5359908545403577,-0.5160741642760704
0.5365847776517936,-0.5158986098934297
0.5368288721379665,-0.5158264593810132
0.5368448127300616,-0.5158217475913046
0.5373361184132012,-0.5156765253155071
0.5375144302826833,-0.5156238191157285
0.5375600981083296,-0.5156103204207232
0.5381095873809069,-0.5154478999858931
0.5381874766615578,-0.5154248771327398
0.5382993360800934,-0.5153918132381288
0.5388032062823717,-0.5152428770869859
0.5390678404970486,-0.5151646553520699
0.5396744659735296,-0.5149853463489898
0.5396997206657773,-0.5149778814569509
0.5398183064289099,-0.5149428293600786
0.539984929701768,-0.5148935781266496
0.5403837389251288,-0.5147756963576959
0.5414036548010724,-0.5144742251764955
0.5417844300142023,-0.5143481902048291
0.54183829480978,-0.5143278718446076
0.5425446169607498,-0.5140614397948431
0.542771100370391,-0.5139760079009326
0.5430810690331875,-0.5138590845026245
0.5431369940202122,-0.5138379890167961
0.543813278486097,-0.5135772350991253
0.5453177223174512,-0.512992782936331
0.5458754062240985,-0.5127761317336722
0.5458920138743893,-0.5127696799294046
0.546210094457488,-0.5126461107533008
0.546512436750528,-0.5125286556490366
0.5470355019256126,-0.5123254532652125
0.547960358520152,-0.5119661613955608
0.5482515358880946,-0.511853043684614
0.5484121411588828,-0.51179065112737
0.5489481088535269,-0.5115824363228062
0.5490952308684365,-0.5115252817929948
0.5512274797601917,-0.5106969374903163
0.551313106288171,-0.5106636729652958
0.5514722157939915,-0.510601861488616
0.5518382934650242,-0.5104596462180111
0.5521483573866848,-0.5103391913855726
0.553320545753905,-0.5098838151115328
0.5533432012703052,-0.5098750138088298
0.5536313761962707,-0.5097630624981637
0.5536994271043663,-0.5097366258179848
0.5543970482025691,-0.5094656112735013
0.5544719305008471,-0.5094365207084224
0.5546442962739325,-0.5093695593857249
0.5552037204371217,-0.5091522321214688
0.5552584279568079,-0.5091309791324669
0.5553349072606937,-0.509101268156468
0.5554716071978915,-0.5090481624357465
0.5555183478409021,-0.5090300044498325
0.5556837356341191,-0.5089657539597638
0.5561247200384132,-0.5087944386314831
0.5563886942465853,-0.5086918889093381
0.5566675995998627,-0.5085835386781493
0.5569096429402978,-0.5084895087443898
0.5570170716039016,-0.5084477744413332
0.5574207075024001,-0.5082909684051473
0.5574662406734697,-0.5082732795026068
0.5577926734601689,-0.5081464656301198
0.5578808604413893,-0.5081122064103134
0.5583496469335748,-0.5079300904193162
0.5587000820131015,-0.5077939520432069
0.5587667132762711,-0.5077680668721839
0.5592626747125884,-0.5075753938537054
0.5592805483005238,-0.5075684502530817
0.5596178878717124,-0.5074373992707397
0.5597327595071839,-0.5073927734931628
0.5597803473568786,-0.507374286381117
0.5603428062849363,-0.5071557801596582
0.5607519513706559,-0.5069968338930966
0.5611279803328024,-0.5068507527064018
0.5614594648363986,-0.5067219763233811
0.5616350838204518,-0.5066537511806948
0.5618927184384469,-0.5065536642870802
0.5622537844458144,-0.5064133959669744
0.5623641719854086,-0.5063705121883203
0.5631786518449693,-0.506054099899904
0.5631985984708786,-0.5060463509574641
0.5635341429542189,-0.5059159973377976
0.5645941445100874,-0.5055042038304688
0.56530722136641,-0.5052271849732468
0.56540104491315,-0.5051907360386503
0.566197331566043,-0.5048813915175798
0.5662495110405238,-0.5048611206333646
0.5663306343853659,-0.5048296055223594
0.5667263336046418,-0.5046758827580383
0.5672676170859428,-0.5044656028560984
0.5674398443447011,-0.5043986953439829
0.5677739019331098,-0.5042689193590146
0.5678592416211167,-0.5042357662666969
0.5680270229644769,-0.5041705859210038
0.5681238740416819,-0.5041329608396538
0.568541631857182,-0.50397066866649
0.5687209883669422,-0.5039009915553504
0.5693401619857046,-0.5036604525913233
0.5695491696135324,-0.5035792564990673
0.5697737675082549,-0.5034920038395836
0.5697774637983485,-0.503490567890501
0.5700212534758706,-0.5033958595329503
0.5704428153797629,-0.5032320895328036
0.570687707319785,-0.5031369529640506
0.5707125193660443,-0.5031273138842807
0.5711325621426939,-0.5029641340405654
0.5718054393308218,-0.5027027321060429
0.5728426188099066,-0.5022998046074394
0.5729274588711704,-0.5022668456120527
0.5729401812557878,-0.5022619031708324
0.5732135579565173,-0.502155700731985
0.5733927170918307,-0.5020861002976345
0.5739033107423284,-0.5018877428999549
0.5741631300914497,-0.501786807273536
0.5747999770658323,-0.50153940249591
0.5753141542940421,-0.5013396529360902
0.5754133696128194,-0.5013011093850228
0.5755295390872257,-0.501255979417953
0.5758629991749392,-0.5011264355523676
0.5759667536414358,-0.5010861286156247
0.5760993611116928,-0.501034612752301
0.5762032960038269,-0.5009942357231082
0.5764579715043776,-0.500895298398892
0.5768016430494962,-0.5007617875468089
0.5778730524367005,-0.5003455622810068
0.5779580839935018,-0.5003125288926924
0.5781831890179573,-0.5002250792214871
0.578195057838044,-0.5002204683763195
0.5784672398366555,-0.5001147300599751
0.5786791845765609,-0.5000323929470507
0.5791851524689091,-0.4998358325818019
0.5793038354484101,-0.49978972615854395
0.5793464899369559,-0.4997731555777327
0.5794096709259784,-0.4997486107825651
0.5794115284829136,-0.49974788915165697
0.579441560867346,-0.4997362220547076
0.5797034517703414,-0.4996344816630213
0.5802424446742394,-0.49942509161345705
0.5808267207062796,-0.4991981097989965
0.5808374958199067,-0.4991939238411478
0.5809488829576552,-0.4991506517347336
0.5812266798391049,-0.4990427321269708
0.5817712903178912,-0.4988311597401703
0.5820360646973217,-0.4987282991643976
0.5828404225176039,-0.4984158191249791
0.5833130993198197,-0.49823219181128336
0.5834563336768862,-0.4981765475738388
0.5835699748403281,-0.4981323998147985
0.5837734032535858,-0.4980533711574141
0.5839866095199623,-0.4979705439618033
0.5843409233368302,-0.497817911320423
0.584384582215981,-0.49779847751541123
0.5844312072893966,-0.4977777233732288
0.5845192968063151,-0.4977385122315623
0.5845614630378919,-0.49771974284630816
0.5846081625589907,-0.49769895556535104
0.5846194883395415,-0.49769391413929726
0.5848585617135269,-0.4975874958018611
0.5848612676119663,-0.49758629132974275
0.5859883881029818,-0.49708457804087025
0.5863838900585422,-0.49690852890640635
0.5866245207843475,-0.49680141734751815
0.5866628429135506,-0.496784359081226
0.5871037727578666,-0.4965880887054168
0.5876255017087686,-0.49635585235629215
0.5887419215669437,-0.49585890222250206
0.5888171984408841,-0.4958253943515143
0.5895578677792028,-0.49549570142812494
0.5903082060602053,-0.4951617045841943
0.5904132351587773,-0.49511495315442977
0.5909408306546643,-0.49488010543979255
0.5910322637356457,-0.4948394059829584
0.5912658123718468,-0.49473544686295823
0.5913135918017858,-0.4947141788839567
0.593337696296379,-0.49381319258204925
0.5936681890798381,-0.49366608087335484
0.5936753274425803,-0.4936629033856974
0.5938384189745374,-0.4935903067205337
0.594141519481213,-0.4934553880909148
0.5954073031409675,-0.4928919518939876
0.5956834907904012,-0.492769012940213
0.5961450197412191,-0.49256357331803363
0.5968467912548163,-0.492251194919335
0.5970324334788764,-0.49216856030171496
0.5984732760861824,-0.4915272004036193
0.5997451993611302,-0.49096103128988716
0.5999575445763784,-0.49086651041375395
0.5999644157565195,-0.49086345185664804
0.6005951112072405,-0.49058271142882287
0.6006137246470804,-0.4905744260589855
0.6008251530083248,-0.49048031330056574
0.6009375587340364,-0.4904302783249049
0.6010645460430618,-0.4903737526730655
0.6011669519421596,-0.49032816890376496
0.6012247075791975,-0.49030246023211876
0.6012533808200342,-0.49028969695962266
0.60208616772947,-0.4899189998934318
0.6022966653059437,-0.48982530145370495
0.6028853746344468,-0.4895632502393515
0.6036287513328814,-0.4892323521932102
0.6036919310590052,-0.4892042291057176
0.604119072172409,-0.48901409648500244
0.6043070932171348,-0.4889304029868551
0.604975632917113,-0.4886328170106515
0.6051803661469181,-0.4885416844450689
0.6053037385850575,-0.4884867678747567
0.6054925409196708,-0.48840272660232775
0.606057030727494,-0.4881514561833481
0.6063256174652167,-0.48803190061089197
0.6072479200056486,-0.48762135759922276
0.6073117245116381,-0.4875929564044969
0.6090504683697793,-0.48681899221297636
0.6090754455397662,-0.4868078741664137
0.6091215017191471,-0.4867873732550965
0.6092399513365474,-0.48673464797187677
0.6094736092718449,-0.4866306401997497
0.6101572132114771,-0.4863263487033454
0.6105026960876283,-0.4861725644793652
0.611662382138231,-0.48565635533655804
0.6119067468680239,-0.4855475816666211
0.6124458645070273,-0.4853076051193844
0.6132004792472534,-0.48497170470219886
0.6133372893796089,-0.48491080663317937
0.613513698955841,-0.48483228172888965
0.6136134020700866,-0.48478790104576147
0.6137973594730102,-0.4847060163898006
0.6144944964865536,-0.4843957009384823
0.6146484802477934,-0.48432715840030605
0.615359093068691,-0.484010844485042
0.6154070991915165,-0.48398947559860894
0.6156041546712607,-0.48390176061727297
0.6156082860748648,-0.48389992161238715
0.6156947392374859,-0.48386143885841565
0.6157461736536125,-0.4838385439414287
0.6171838909198557,-0.48319857522125587
0.6175818970471378,-0.48302141140895555
0.6176979996360572,-0.4829697308546601
0.6179338575408664,-0.48286474381372557
0.6182169285310981,-0.4827387408897919
0.6183997328546563,-0.4826573695021509
0.6184959598254245,-0.4826145361490469
0.618576268464601,-0.4825787884966821
0.618648857774512,-0.4825464769366468
0.6187520146722756,-0.48250055887654647
0.618963053040656,-0.4824066197150083
0.6190768234562133,-0.48235597727720275
0.6190822854840702,-0.4823535459737336
0.6193440766038987,-0.48223701532348473
0.6195403702899648,-0.4821496394381148
0.619783563985305,-0.4820413870288162
0.6202551810828335,-0.4818314568864972
0.6209725386932986,-0.48151214067415515
0.6210877928682011,-0.48146083777299453
0.6215474880146791,-0.4812562144291226
0.621912731955612,-0.4810936339949038
0.6234072434634393,-0.4804283845474606
0.623511793338508,-0.4803818464336653
0.6236723731086993,-0.4803103678248819
0.6237166357516712,-0.48029066526747416
0.6237853416483995,-0.4802600823247567
0.6238559417928531,-0.48022865619866717
0.6242884359953494,-0.4800361407662157
0.6247904121873233,-0.4798126969301587
0.6248937925434189,-0.47976667940241885
0.6254541870820665,-0.47951723190386636
0.6258127206394591,-0.4793576384516272
0.6262356345737454,-0.4791693874681945
0.6264144061829842,-0.47908981115604055
0.6268435933143386,-0.47889876779472285
0.6272376756725924,-0.4787233505632715
0.6274238023374874,-0.47864050030729993
0.6274293216560184,-0.47863804350212724
0.6286898805193405,-0.47807693301023574
0.628819267538267,-0.47801933917947803
0.6291524285021667,-0.477871039788016
0.6291529035125795,-0.4778708283474128
0.6295088921910376,-0.4777123676929448
0.6295705051710924,-0.47768494200855083
0.6296691696440659,-0.4776410236541025
0.6299284378961761,-0.4775256160038084
0.6302323080033166,-0.47739035480320136
0.6304387009484966,-0.4772984834512459
0.6305036893406393,-0.47726955527522535
0.6307981318025343,-0.4771384905868281
0.6310930205211543,-0.47700722725690947
0.6315184924765832,-0.4768178376257362
0.6321474131086389,-0.47653788722002216
0.6326997866473322,-0.4762920100959763
0.6341751410154579,-0.47563528803459504
0.6343529873004106,-0.47555612361051736
0.6349773160221334,-0.4752782171942912
0.6361664745182064,-0.4747488890303449
0.636594668556977,-0.47455828772269437
0.6376654902728258,-0.47408163461494135
0.6376715524923483,-0.4740789361491441
0.6382124278530993,-0.47383817719011917
0.638258066153168,-0.47381786228873235
0.63828401737516,-0.47380631066400397
0.6383968633859805,-0.47375607970495726
0.6389466242591874,-0.47351136555239887
0.6392577678428306,-0.4733728667211687
0.6393271724065263,-0.47334197278197404
0.6393284373544545,-0.4733414097177849
0.6394444091744633,-0.47328978737243943
0.6394951168160988,-0.4732672159633854
0.6401001988564363,-0.4729978767907634
0.6401251439951897,-0.4729867730022109
0.6403639341641666,-0.4728804807273541
0.6405168198393729,-0.4728124269784065
0.6408596813713695,-0.47265980958903503
0.6408811696054023,-0.4726502445667906
0.6412308410713439,-0.4724945958827317
0.6414278006076333,-0.47240692360854786
0.6415634984070755,-0.4723465206704471
0.6417208837733166,-0.47227646398143586
0.6419689771708921,-0.47216603057574635
0.6421726027895736,-0.47207539103928
0.6436584647791909,-0.47141399173764026
0.6440234809521287,-0.4712515126894141
0.6440783454527356,-0.47122709094456855
0.6442702951666838,-0.471141648684357
0.6443074232948479,-0.4711251219017819
0.6447432733000876,-0.47093111270637916
0.6448228698088307,-0.4708956820434619
0.6452299873152179,-0.47071446249797827
0.6454094324604784,-0.4706345863758436
0.6454609568151848,-0.4706116514246447
0.6456126719313678,-0.4705441187247083
0.6462070214720865,-0.4702795568919754
0.6462231521719893,-0.4702723766600796
0.646261638725636,-0.47025524520380546
0.6467326978539599,-0.47004556342940007
0.6472324540605676,-0.46982310777177494
0.6472382900620994,-0.4698205100020194
0.6473543083308007,-0.469768866981044
0.6477463055129422,-0.46959437792060305
0.6479490080912654,-0.469504149255572
0.6481969326699992,-0.4693937909959357
0.6482744614240366,-0.469359280749267
0.6484555821879998,-0.4692786587617373
0.6487501252493181,-0.4691475492936844
0.6489865878393415,-0.46904229309021583
0.6495635133298547,-0.46878548719627006
0.6498945895194372,-0.4686381157969681
0.6502302102728488,-0.46848872148344956
0.6506310544558304,-0.46831029437208727
0.6508723739519715,-0.4682028762219932
0.651853163015662,-0.46776629920049745
0.6519949177921311,-0.46770320013018274
0.6520079728937292,-0.4676973889342977
0.6521048560715869,-0.4676542634848122
0.6521618246246149,-0.46762890516657574
0.6523277234381765,-0.4675550589007723
0.6527953424609664,-0.4673469084148807
0.6531803766602361,-0.4671755187755441
0.6535407780543641,-0.46701509389621354
0.6536219737126612,-0.4669789514064876
0.6547092334892779,-0.4664949812518028
0.654751364457073,-0.46647622756345763
0.6547570146285264,-0.46647371251193903
0.6547694026088022,-0.4664681982706701
0.655392196504704,-0.46619097504893525
0.655723463604708,-0.4660435186699917
0.6558583147500361,-0.46598349260164307
0.6562809853837781,-0.4657953499181812
0.6573783305153755,-0.4653068904860348
0.6574067181642823,-0.46529425433860433
0.6574241453595003,-0.4652864969998829
0.6575272465753611,-0.46524060372537623
0.6577872062254176,-0.46512488831425236
0.6582023361115505,-0.4649401022313613
0.6584817175435798,-0.4648157416343971
0.6586605561055965,-0.4647361355196632
0.658896264823745,-0.46463121488594133
0.6589585484775975,-0.4646034906656238
0.6594843038525355,-0.4643694620409956
0.6596640244010736,-0.4642894633290533
0.65993198013898,-0.4641701886325068
0.6600991476877338,-0.4640957776166956
0.6603622723500999,-0.46397865336885213
0.6603962537858099,-0.4639635272683096
0.6605228101171011,-0.4639071934568796
0.6608932676414705,-0.46374229230884756
0.6609163317658189,-0.46373202581314094
0.661643478938603,-0.4634083519890379
0.662223868330214,-0.46315000421449826
0.6623630597172145,-0.4630880461815182
0.6630281975880263,-0.4627919744559319
0.6631265100298234,-0.4627482128005417
0.6636416152193717,-0.46251892487540536
0.6639376373206695,-0.462387157044721
0.6645797994760988,-0.4621013124615037
0.664904121531033,-0.46195694751904015
0.665047821278051,-0.46189298268718654
0.665102931970761,-0.46186845135525534
0.6656265169871678,-0.46163538881874766
0.6659233832862769,-0.46150324521168107
0.6660436655645301,-0.46144970415915254
0.6667749112902569,-0.46112420595292447
0.66721331712516,-0.46092905908527065
0.6673417435455375,-0.4608718928441639
0.6674399094068814,-0.46082819643588957
0.6674437159998404,-0.46082650201343156
0.6679183005392717,-0.46061525097858286
0.6681968515527628,-0.4604912600244556
0.6685260544467604,-0.4603447224821339
0.6685685493685283,-0.46032580678755597
0.6687387802916838,-0.4602500321769398
0.6688174366736447,-0.46021501999110964
0.6698652894748323,-0.45974859099853194
0.6701473972409384,-0.45962301683296763
0.6705293363094041,-0.4594530049241111
0.6707998170075502,-0.4593326062961693
0.6712671256971312,-0.45912459394838817
0.6720645650138651,-0.4587696310979529
0.6721603082677904,-0.45872701306093105
0.6722454218326599,-0.4586891265999016
0.6722903742513885,-0.4586691170037467
0.6722940860449608,-0.45866746477918363
0.6729872646543305,-0.4583589113257994
0.6734725482052468,-0.4581428978575795
0.6739033652675234,-0.45795112896779344
0.6743475286073648,-0.45775341927144353
0.6744305540475664,-0.4577164622939104
0.6744702614708955,-0.45769878739392417
0.6746185239228153,-0.45763279157274805
0.6748406543179164,-0.4575339150356137
0.6749120071910875,-0.45750215384862924
0.6752888512074615,-0.45733440989192364
0.6752953866929237,-0.45733150076203755
0.6753985286627413,-0.45728558934678915
0.6755997128380071,-0.4571960365660117
0.6759476069718467,-0.4570411790228657
0.6760996470709528,-0.4569735016638158
0.6762310967265173,-0.45691498969500666
0.676742014271095,-0.45668756580938297
0.6767901571192553,-0.4566661360626268
0.6770993368429197,-0.45652851140115636
0.677539635696635,-0.4563325218971547
0.6775779879004248,-0.45631545024381126
0.6776454063621178,-0.4562854403749318
0.6783984786190558,-0.4559502265607933
0.6784126292687773,-0.4559439277053753
0.678929684947597,-0.45571377156216025
0.6791347818020566,-0.45562247713693366
0.6795810008465096,-0.45542385238817373
0.6797615856181081,-0.4553434689860431
0.6801715497766596,-0.4551609823149673
0.6803292058701101,-0.4550908051175989
0.6807500841450077,-0.45490346026387923
0.6808247092663484,-0.45487024250645336
0.6808559138928846,-0.4548563524424075
0.6809812840714432,-0.4548005466211909
0.6810145718116475,-0.454785729304187
0.6811064062666605,-0.4547448511843908
0.682444837052866,-0.45414907769164703
0.6825653246712154,-0.4540954452364194
0.682622011077957,-0.45407021250949503
0.6831656937252938,-0.45382820394761314
0.6840329819490162,-0.45344214936818467
0.6841281547301279,-0.4533997852647873
0.6845530774028027,-0.4532106401349422
0.6847568281151979,-0.45311994491571694
0.6852597117471269,-0.4528960971524065
0.6853891499957656,-0.4528384805178513
0.6855443207541589,-0.452769409613586
0.6858079603334791,-0.4526520561616064
0.6869447207237114,-0.45214605188026324
0.6871889362468431,-0.45203734462644185
0.687462216001756,-0.4519157000589687
0.687686690588577,-0.4518157800556327
0.6877632025819334,-0.4517817223979724
0.6881819609019045,-0.45159532119629947
0.6885026137900766,-0.45145258950399714
0.689735218314501,-0.4509039222809649
0.6898331280264209,-0.450860339892062
0.6900847461656585,-0.4507483375239184
0.6913408531435492,-0.45018920869246093
0.6924590891275912,-0.4496914501495532
0.6925680638714636,-0.4496429424011908
0.6931089941474801,-0.4494021589978242
0.6932051257225416,-0.4493593681080541
0.6939715885430584,-0.4490181937743912
0.6939915764121604,-0.44900929660711886
0.6945491848634161,-0.44876108927506114
0.6946384037927129,-0.4487213753999217
0.6952437666328042,-0.4484519112353675
0.6953638555952603,-0.4483984562331814
0.6955883611591965,-0.4482985224410533
0.6956465322146308,-0.44827262885490005
0.6957356149392615,-0.4482329756083196
0.6961956538233218,-0.4480281992571033
0.6963678858053314,-0.4479515339184533
0.6965384451158526,-0.4478756131333097
0.6969328785362741,-0.4477000396341333
0.6970826591548297,-0.4476333680339416
0.6973976163545831,-0.4474931716540498
0.6976194749014414,-0.4473944161242763
0.6980846605046155,-0.44718734882245265
0.6981267711037045,-0.44716860420079624
0.6983486586733669,-0.44706983575214976
0.6985794247503653,-0.44696711522814725
0.6994360948562997,-0.4465857870740118
0.7007913076816159,-0.4459825434198227
0.7014753876520903,-0.4456780400285931
0.7019881945325271,-0.4454497751460085
0.7021032382028027,-0.44539856594642596
0.7025629679879384,-0.4451939271839054
0.7025745138089404,-0.4451887878116077
0.7028396529127106,-0.4450707668787778
0.7032589291884673,-0.4448841351202987
0.7040119267716306,-0.4445489545455745
0.7040198033397195,-0.44454544846178634
0.704821895108483,-0.44418841467303727
0.7050580331770825,-0.444083302923256
0.7052309477896958,-0.44400633372636894
0.7053875576708029,-0.44393662222777897
0.7053930587886282,-0.44393417352425646
0.7055485664861185,-0.44386495263884557
0.7055649294016436,-0.443857669041192
0.705652641468549,-0.4438186259132285
0.7066799221702821,-0.44336135414541833
0.7071592084973741,-0.4431480102115677
0.707729308844721,-0.4428942423823651
0.7079571156979007,-0.44279283909278994
0.7088042032388435,-0.44241577641003593
0.7094352619611831,-0.4421348742797131
0.7095115905489054,-0.44210089826110066
0.7096423777296277,-0.4420426811786276
0.7102680172248284,-0.4417641912999609
0.7106104299834421,-0.4416117736723466
0.7107447716306893,-0.4415519743960402
0.7108402095943005,-0.4415094922523933
0.7122573144551082,-0.44087869869832297
0.7125558083293743,-0.4407458306114058
0.7130080862568422,-0.4405445088820228
0.713128303999222,-0.44049099655624124
0.7132085436246265,-0.4404552796238631
0.713214882949012,-0.4404524578108342
0.7132357444494514,-0.44044317176548264
0.713358769643383,-0.4403884097634131
0.7138871155687859,-0.4401532280113206
0.7139282050413164,-0.44013493792204833
0.7142330010667415,-0.43999926456895944
0.7146509702515692,-0.43981321463371403
0.7146924632050483,-0.4397947449436312
0.7150518076223888,-0.4396347905546381
0.7154756852320389,-0.4394461106119771
0.7154971866495282,-0.4394365397214024
0.7159637835098557,-0.43922884422900516
0.7165171236617615,-0.4389825368380112
0.7165255487663333,-0.4389787865850812
0.7170428137870783,-0.4387485372578394
0.7172589258781955,-0.43865233963845107
0.7177043238391477,-0.4384540803772384
0.7178930105435752,-0.4383700905750837
0.7183375069677131,-0.43817223261346916
0.7185995780776055,-0.43805557733170414
0.7186484887478611,-0.4380338058055625
0.7191300377801582,-0.4378194546774684
0.7191382480730211,-0.4378158000433208
0.7192244792704464,-0.43777741609235155
0.7192326453929494,-0.43777378111968357
0.7198254716259046,-0.437509897354428
0.7199766745083809,-0.43744259266423835
0.7205620079436136,-0.4371820441556995
0.7206037298915633,-0.437163472533685
0.7207930153503199,-0.43707921620900136
0.7210871956249082,-0.4369482682276084
0.7219930154008011,-0.43654506216178707
0.7224849599237351,-0.43632608370605724
0.7229785694887859,-0.4361063640928706
0.7235527295748796,-0.43585078915884223
0.723611675522087,-0.4358245506463896
0.7239063099716062,-0.4356934004988571
0.7246283534892418,-0.43537199845636954
0.7247924165867217,-0.43529896931984385
0.7256035781712058,-0.43493789829895246
0.7262093665923801,-0.4346682446961913
0.7262243710237604,-0.434661565798349
0.7266628842448873,-0.4344663711300421
0.7269019816256712,-0.43435994210649925
0.7270015434599522,-0.4343156243110893
0.7270415034206338,-0.4342978369995669
0.7271384981824467,-0.4342546618808992
0.7272469380160641,-0.43420639223625807
0.7272624173512907,-0.43419950194524837
0.7275460346816938,-0.4340732558298135
0.7279311591425839,-0.43390182601247035
0.7279560167895823,-0.43389076116897884
0.7282205670365127,-0.4337730023530248
0.7287752596397172,-0.4335260929476104
0.7289439087321772,-0.43345102245468803
0.7289545581881358,-0.43344628207988667
0.7298123308145847,-0.4330644631626095
0.7303230241094806,-0.4328371390968776
0.7305842435360191,-0.43272086292352185
0.7306695583976233,-0.43268288685960826
0.7307688084990154,-0.43263870782534597
0.7308526181321349,-0.43260140178131
0.7308649197826169,-0.4325959259678801
0.7311414922058798,-0.4324728157403642
0.7313573827876482,-0.4323767167210677
0.7313824669782504,-0.43236555103659463
0.7335318738148116,-0.4314087891094608
0.7335515862471091,-0.43140001454691973
0.733653533962044,-0.4313546347283814
0.7336837728702247,-0.4313411745329576
0.7338797398917447,-0.4312539440552393
0.7341802483297635,-0.43112017922887497
0.7341961267430349,-0.43111311129691204
0.7342959725576355,-0.43106866709380987
0.7348892931303705,-0.4308045632839018
0.7352507543857916,-0.43064366663025844
0.7353085564050512,-0.43061793731257025
0.7356426405360751,-0.43046922699324563
0.7357623473646961,-0.43041594208966466
0.7361445017032009,-0.43024583435801
0.7368026795759519,-0.429952860724904
0.7368456787755252,-0.42993372056197665
0.7368580919464295,-0.42992819510764463
0.7369751906006914,-0.42987607117642296
0.7371823159169704,-0.4297838738253256
0.7374836624940202,-0.4296497359195141
0.7379392814719865,-0.42944692699382214
0.7383990614920465,-0.4292422658703123
0.7391754824443871,-0.4288966588898222
0.7395968001106644,-0.42870911845054077
0.7404264280676888,-0.4283398275236371
0.7404349137272305,-0.4283360503159731
0.7404962591338135,-0.4283087437361182
0.7406959052436851,-0.4282198755918579
0.7411456693095599,-0.4280196728535478
0.7425237689096089,-0.42740624164699464
0.7427113815059078,-0.4273227299608232
0.7429536653989853,-0.42721488253030826
0.7430793062724522,-0.4271589562151127
0.7444377715035622,-0.42655426482288616
0.7449768725102458,-0.4263142956791667
0.7449938425004013,-0.42630674185538214
0.7452130821843646,-0.4262091520557384
0.7453092077193796,-0.4261663638545643
0.7453404535167327,-0.4261524554642205
0.7454144736062513,-0.4261195070236136
0.7456760394747156,-0.42600307663913384
0.7464209596694487,-0.4256714915390259
0.7465346189982324,-0.42562089854909296
0.7466209689697465,-0.42558246172840897
0.7472772957288603,-0.4252903120784693
0.7475943630231865,-0.42514917643565353
0.7476616679057023,-0.42511921712408623
0.7479088026569946,-0.4250092104390389
0.7479197504758777,-0.4250043372544401
0.7484847518297595,-0.4247528391318055
0.7496722720591709,-0.4242242402068015
0.7500772791179628,-0.42404396008138207
0.7502007024556049,-0.42398902085425805
0.75101040515588,-0.4236285992240932
0.7510676109035275,-0.4236031353238062
0.7513389326092603,-0.4234823623395416
0.7514450255664218,-0.42343513735615435
0.7516307638036009,-0.42335246000037263
0.7518228270482424,-0.42326696720443047
0.751937923681393,-0.4232157344295706
0.7524076611281079,-0.4230066409731243
0.7527677818587103,-0.4228463410250868
0.753038586045787,-0.4227257984030498
0.7533962501756435,-0.42256659195765867
0.7534509171200018,-0.4225422581507009
0.753595757872906,-0.4224777854247752
0.7540593714035986,-0.4222714178969877
0.7540654644196474,-0.4222687057227833
0.7547981689374741,-0.4219425581668291
0.7548695205014595,-0.4219107975626002
0.7554022640770734,-0.4216736582917081
0.7554104355825437,-0.4216700209229288
0.7555219169218832,-0.4216203974178522
0.755613307691381,-0.42157971679505907
0.756012256894457,-0.42140213319298303
0.7566689280969283,-0.4211098302215385
0.7571763129910078,-0.42088397881881623
0.7572978861289286,-0.4208298631680486
0.757333656520231,-0.420813940752648
0.7574981886591349,-0.4207407028324853
0.7575601454306988,-0.4207131241167428
0.7579492747188948,-0.42053991163721316
0.7581703806834719,-0.42044149110315177
0.7585643905710551,-0.42026610613045057
0.7586024494446029,-0.42024916504671495
0.7586651382869872,-0.42022126046549313
0.7587871668134772,-0.42016694210836136
0.7589176303282592,-0.42010886909877554
0.7589651508881503,-0.4200877163501723
0.7592915132125204,-0.4199424432259331
0.7595439384780279,-0.41983008158300156
0.7601729182180812,-0.4195501048666418
0.760440977395994,-0.4194307841260154
0.7614740811312903,-0.4189709203608602
0.7615185984605869,-0.418951104435348
0.7615266572930336,-0.41894751722052626
0.7619665557753776,-0.418751705933174
0.7619770030072645,-0.41874705557404085
0.762075411057798,-0.41870325136049114
0.7625805150120744,-0.4184784152687488
0.7627021606900992,-0.41842426732832416
0.7633706303427431,-0.41812671253217515
0.7635545025453526,-0.4180448658012898
0.763956718597563,-0.4178658280320359
0.7645199216758867,-0.4176151303728405
0.7646184790080868,-0.41757125970978815
0.7650194490681186,-0.4173927765669817
0.7652973095184605,-0.41726909300209236
0.7667490825344278,-0.41662286766918133
0.7668539872599132,-0.4165761716014041
0.7669559818439565,-0.41653077092009677
0.7672555266991141,-0.41639743501178533
0.7672834763321968,-0.4163849938376176
0.7675216704076293,-0.41627896690089905
0.7675709590708188,-0.4162570271193849
0.767696177585022,-0.41620128880827323
0.7677551134082854,-0.416175054802275
0.767876227163083,-0.4161211436359609
0.7690794153036905,-0.4155855704794364
0.7691162027270955,-0.41556919535420994
0.7695014346940696,-0.4153977176828607
0.7696629473748925,-0.41532582380910343
0.7696862139647571,-0.41531546719025497
0.7697562861424807,-0.41528427607712687
0.7702162023699196,-0.4150795543238507
0.7704837370864732,-0.4149604670358458
0.7705635147888585,-0.41492495571850097
0.7709694709616306,-0.41474425311553786
0.7713718706995045,-0.41456513358258684
0.7716802704589381,-0.41442785610531074
0.7719532381256622,-0.41430635045713926
0.7721491781975157,-0.41421913197548177
0.7722693549265112,-0.41416563790592054
0.772557493100881,-0.41403737943465224
0.7728537871521584,-0.41390549055132103
0.7731431414547492,-0.4137766907468996
0.7732344219289533,-0.413736059219669
0.7735469140777032,-0.4135969601038727
0.7742822892997522,-0.41326962374174414
0.7747125483107763,-0.4130781032563935
0.775077036646507,-0.4129158591634746
0.7751310912129691,-0.4128917979432817
0.7754118550656594,-0.41276682199168413
0.7756156767947973,-0.4126760951608931
0.7759637786044633,-0.4125211451753483
0.7760814108975592,-0.4124687837063508
0.7769061652000966,-0.41210166218124655
0.7769801675860368,-0.4120687216210044
0.7770749283699462,-0.4120265409092437
0.7774713756381351,-0.41185007098932547
0.777612078308909,-0.411787440241087
0.7776434635528292,-0.41177346977912244
0.7777955488768703,-0.41170577228917155
0.7779576211629647,-0.41163362931924097
0.7780717412024662,-0.41158283125390455
0.7781650917129457,-0.41154127829483417
0.779027448364009,-0.4111574188982259
0.779733180788607,-0.41084327738573323
0.7799775064819294,-0.41073452109203623
0.7800034325423288,-0.4107229806674461
0.7804263863954004,-0.41053471191503027
0.7807401767738802,-0.4103950349203712
0.7810372429303128,-0.41026280235114315
0.7816450474985377,-0.40999225130416406
0.7817378156008934,-0.40995095759146305
0.7817899846136187,-0.40992773568470137
0.7820039686437388,-0.4098324853256018
0.782361072804229,-0.40967352813845287
0.7826443073085384,-0.4095474524297669
0.7829726749103976,-0.40940128669965986
0.7832973924939994,-0.40925674569617154
0.7834950778105035,-0.40916875035663536
0.7837444155457387,-0.40905776306097175
0.7839450340100516,-0.4089684620941795
0.7852797271215022,-0.408374352346447
0.7853463114162557,-0.40834471378892423
0.7861142590187482,-0.4080028785367045
0.786275429672719,-0.4079311369087969
0.7863355625404672,-0.4079043700643577
0.7864369365951938,-0.4078592455982437
0.7865601143591305,-0.4078044156829389
0.786562892487373,-0.4078031790592873
0.7866626569444222,-0.40775877107073794
0.78682396293165,-0.4076869692021604
0.7871298377666082,-0.40755081564035994
0.7877927368419503,-0.4072557404661158
0.7878019126309803,-0.4072516560622486
0.7879867088004872,-0.40716939804749924
0.7883884625421514,-0.40699056606577766
0.788544868182982,-0.4069209454803258
0.7889100218260057,-0.40675840524026663
0.788957832182936,-0.40673712349478436
0.7890820639110684,-0.40668182443013207
0.7891060905905336,-0.40667112947385065
0.7891564289477386,-0.4066487224437674
0.7893104205071377,-0.40658017643440936
0.7894506025839096,-0.4065177774173222
0.789709798813461,-0.4064024018263111
0.7899581023262348,-0.4062918748923894
0.7900918397243211,-0.40623234458451724
0.7908544824306379,-0.40589287069200003
0.7910558110497563,-0.4058032536151682
0.7911737101847576,-0.4057507733672726
0.7913150505057157,-0.40568785878285735
0.7917585482873121,-0.4054904453453535
0.7921437483346981,-0.40531898188231785
0.7921480423360896,-0.4053170705005467
0.7922040100391388,-0.40529215768901383
0.7922985996880307,-0.4052500531543015
0.7923592903040578,-0.40522303804028903
0.792363353535277,-0.4052212293808647
0.7924187977052267,-0.40519654960875867
0.7927056789634334,-0.4050688506265132
0.7929496651489426,-0.4049602454573702
0.7944811163509746,-0.4042785531046501
0.7944920750183595,-0.4042736750910756
0.7946342494001176,-0.40421038924254926
0.7948768366871559,-0.40410240676278003
0.7951498078343672,-0.40398089956534516
0.7953745822362263,-0.4038808461058349
0.7958710716839745,-0.40365984457520354
0.7965180710768545,-0.40337184680044225
0.7965239551058949,-0.4033692276522808
0.7970147546417321,-0.40315075886277263
0.7970241442941657,-0.4031465792622408
0.79738821160009,-0.40298452258162654
0.7991077680181401,-0.4022190992637304
0.7993948151948476,-0.40209132642645573
0.7999800382720792,-0.40183082704139217
0.8003489864217792,-0.40166659775882224
0.8004748545650933,-0.4016105702793737
0.8005512121468815,-0.40157658135468044
0.8007404056266199,-0.40149236597246585
0.8009811808821741,-0.4013851900792884
0.8011019670908089,-0.4013314247130585
0.8011918516015136,-0.40129141456876266
0.8016705331396541,-0.40107833984362246
0.8019739421449458,-0.40094328389252243
0.8025079560250609,-0.4007055791730787
0.8036045670576197,-0.40021744650922897
0.803625610533431,-0.4002080794614796
0.8040059978757111,-0.4000387582699459
0.8048163446185221,-0.3996780499581872
0.8048952329287711,-0.3996429345344999
0.8049893845353036,-0.39960102498486205
0.805077163701958,-0.39956195198889777
0.8051566407861352,-0.3995265744852409
0.8054677559206017,-0.39938808831754613
0.8054957385290066,-0.3993756324651275
0.8056522471629277,-0.39930596603453067
0.8057652119457926,-0.3992556822066794
0.8061103214410592,-0.3991020641851178
0.8061278559746051,-0.39909425906706314
0.8063656000756765,-0.3989884324266912
0.8066060431851988,-0.3988814043811302
0.8070361469052498,-0.3986899530201948
0.8072949187250359,-0.39857476634600386
0.8073574812808564,-0.3985469179785125
0.8073962662238052,-0.3985296537006995
0.8074519331358143,-0.39850487477978724
0.8074910052341365,-0.3984874826809756
0.807688447153329,-0.3983995956844841
0.8081167427355148,-0.39820894917698035
0.8081333815780121,-0.39820154275640784
0.8083212735155639,-0.39811790672752423
0.8085021706539051,-0.3980373842820996
0.8085041029146558,-0.39803652417805224
0.8094570395274245,-0.3976123450721889
0.8097619783009107,-0.3974766081778905
0.8098302752661433,-0.39744620726217655
0.8099681730035583,-0.39738482506930717
0.8100360457186495,-0.3973546129993603
0.810918013188193,-0.39696202427140215
0.8109586497622437,-0.3969439357800847
0.8117180022141952,-0.39660592647307724
0.811908813507445,-0.3965209909561973
0.812219311447443,-0.3963827795192602
0.8122948425300438,-0.39634915849278984
0.8128012084920718,-0.39612376064561444
0.8128913164404673,-0.396083651042867
0.8138566602375511,-0.3956539491474723
0.8140128714049691,-0.3955844151276504
0.8140354002264684,-0.39557438691042
0.8142874738258568,-0.39546218180404913
0.8148252750008055,-0.39522279125229015
0.8150427246836038,-0.39512599823291855
0.8152685058126597,-0.3950254966505883
0.815646201808683,-0.39485737345358374
0.8156803132091739,-0.3948421895020322
0.8164720967408542,-0.3944897442018882
0.816994558455226,-0.39425718167896634
0.817248495248892,-0.39414414721199365
0.8173193416192297,-0.3941126114837816
0.8175584421323219,-0.3940061810659596
0.8180588147748195,-0.39378345101524154
0.8181064365650917,-0.39376225320612523
0.8181808497514489,-0.3937291297869697
0.818537070199161,-0.3935705659654352
0.8186960396272392,-0.3934998041655858
0.8190454647926004,-0.3933442651168989
0.8195136285607663,-0.3931358721493947
0.8196017795669768,-0.3930966336371009
0.8196683130750516,-0.39306701768616886
0.820087968488988,-0.3928802171625358
0.8206643468619598,-0.3926236548061207
0.8209994716981478,-0.3924744812394195
0.8211949701676107,-0.3923874593275072
0.821382715250069,-0.3923038886679897
0.8214172687938986,-0.39228850790590164
0.8218333127249393,-0.3921033149557053
0.8221108988884207,-0.39197975348367464
0.8230154695921617,-0.3915771034152843
0.8230731088667941,-0.39155144653984403
0.8235465059951983,-0.3913407240553114
0.8240047779783706,-0.3911367342017791
0.8243274708178537,-0.3909930944693074
0.8246856942725994,-0.3908336390525492
0.824782156072748,-0.3907907011702297
0.8248459306093836,-0.3907623133157129
0.8248468852686246,-0.39076188836981646
0.8250404890539176,-0.39067570983554983
0.8251307799684576,-0.39063551878938374
0.8251338209053092,-0.39063416518216854
0.8256683642188212,-0.3903962247969083
0.825775214103723,-0.3903486628835218
0.8259565657055655,-0.3902679381435069
0.8260108415776242,-0.3902437784139181
0.8260531036520316,-0.3902249663663025
0.8263294166875579,-0.3901019715996228
0.8265287896154334,-0.3900132250564148
0.8273755741067923,-0.38963629726962323
0.827558037429105,-0.3895550776713053
0.8278614664639582,-0.38942001280447947
0.8284180793577428,-0.38917224862328015
0.8286034971539388,-0.3890897139048658
0.8287529293813847,-0.3890231973834353
0.8296856723312114,-0.3886080070495176
0.829709645445549,-0.3885973359365933
0.8312989850724404,-0.38788987580460277
0.8313704452918453,-0.38785806683476587
0.8316831775568359,-0.38771886083642265
0.8319273129887886,-0.38761018923345586
0.8322823530278196,-0.3874521508452945
0.8323926758401422,-0.387403043033442
0.832536769418118,-0.3873389028962623
0.8333556869870604,-0.3869743794667757
0.8338249073410577,-0.38676551618295957
0.8341459342320238,-0.3866226180114092
0.835164615581427,-0.38616917405914664
0.8352564368520924,-0.38612830180807745
0.8353303512723944,-0.38609540040383505
0.8353775793640635,-0.38607437784112997
0.8356882149434353,-0.38593610513700494
0.83590635994873,-0.38583900260987514
0.8365908114610676,-0.38553433383482755
0.8366356286070777,-0.3855143844523951
0.8367420197879571,-0.38546702672117517
0.8381039847473901,-0.3848607775006409
0.8381769160858763,-0.384828313693989
0.8386689315562279,-0.38460930365755197
0.8391125385839793,-0.384411841591487
0.839413032272385,-0.38427808333059366
0.8400976107280496,-0.3839733580494719
0.840486005553079,-0.3838004725003227
0.8407334516512712,-0.3836903272259422
0.840917649105258,-0.3836083357164467
0.8409789239910394,-0.38358106052740026
0.841422072005696,-0.38338380278107853
0.8414933276474031,-0.3833520848745756
0.8415277452665796,-0.38333676461640454
0.8417102146004336,-0.38325554234217923
0.8420271067289338,-0.38311448467063924
0.8422963802222128,-0.3829946234038127
0.8423625106885032,-0.38296518685820674
0.8427177261139884,-0.3828070704005618
0.84283613186936,-0.38275436464157453
0.8428684858490884,-0.3827399629678343
0.8428967782087735,-0.3827273692363382
0.8431725584260737,-0.38260461164215853
0.8432296336868287,-0.38257920582528726
0.8432560287915891,-0.38256745661575275
0.8434047387593948,-0.3825012615925671
0.8436057880629207,-0.3824117688470251
0.8436562509532262,-0.3823893063837277
0.8438078467591583,-0.382321826792167
0.844505919448693,-0.38201109484493484
0.8450420708054296,-0.3817724386740409
0.8450880291901282,-0.3817519812939097
0.8461225626149473,-0.3812914811334105
0.8462006387620389,-0.3812567272265726
0.8464892034890757,-0.3811282788846178
0.8466933558034322,-0.38103740490097254
0.8467602252249001,-0.3810076394254648
0.8470129479541291,-0.38089514537299657
0.8474523158197589,-0.3806995702781888
0.8477217813275671,-0.38057962354025104
0.8481492594552096,-0.3803893409049426
0.8481558053048766,-0.38038642716165516
0.8485325467108902,-0.3802187288797303
0.8486050045520449,-0.38018647584016607
0.8486283709838287,-0.3801760747788484
0.8489877151835538,-0.3800161204867222
0.8493533801925095,-0.3798533526231875
0.8494691604463243,-0.37980181554938663
0.8495295924709437,-0.3797749155417417
0.8496154775331377,-0.3797366856653781
0.8498177521165379,-0.3796466475130227
0.8498560344190311,-0.37962960697472836
0.8498608898398999,-0.3796274456892293
0.850191277543821,-0.3794803807544166
0.8502695686139439,-0.37944553117924346
0.8509725330433882,-0.3791326217798774
0.851217056889804,-0.37902377728262004
0.85129469692669,-0.3789892175008001
0.8517526721960189,-0.3787853597230124
0.8522190252712497,-0.378577772746274
0.85231111515302,-0.3785367809287859
0.8528066211502218,-0.3783162171598776
0.853482194984042,-0.3780155000912554
0.8537872913225948,-0.37787969306027824
0.8538471095480449,-0.3778530662720473
0.8540255565245436,-0.3777736344631305
0.8540471523990937,-0.37776402152703986
0.8545773393014224,-0.37752802030391874
0.8546655860369785,-0.377488739179779
0.854979729843468,-0.37734890486429173
0.8552948106783653,-0.3772086534508917
0.855557288899534,-0.37709181695235433
0.8565111136910997,-0.3766672424929252
0.8569277673946833,-0.37648177811568034
0.8570260807119916,-0.3764380160705753
0.8577258976916637,-0.3761265076903454
0.8579514787267635,-0.37602609517550845
0.8579952678113072,-0.3760066034123844
0.858910036551958,-0.37559941390861074
0.8592741418689669,-0.3754373403081851
0.8595764163978414,-0.3753027893447052
0.8609941689330659,-0.3746717074923879
0.862013612109,-0.3742179244295355
0.862811631042049,-0.37386270357544404
0.8628196980400634,-0.37385911272589656
0.8629246900791551,-0.3738123777923575
0.8630552102650629,-0.3737542795568466
0.8634038707812347,-0.3735990808751947
0.8635023032685318,-0.37355526578414866
0.8638935685593363,-0.3733811025092939
0.8639960353034897,-0.37333549165613394
0.8642053630341207,-0.3732423139479615
0.8642560905361634,-0.37321973369847705
0.8644169473468062,-0.37314813177113343
0.8652917332848112,-0.37275873974648793
0.8654612146495535,-0.3726832987855744
0.8659081911943576,-0.3724843368519302
0.8661254055836587,-0.3723876485683656
0.8663749191970984,-0.3722765829843263
0.8664048381460752,-0.3722632652118163
0.8670747816202726,-0.3719650543759051
0.8671531955064502,-0.37193015013182384
0.867256851610054,-0.37188400986104964
0.8675999132990485,-0.37173130337612303
0.8681919933305152,-0.37146775176630775
0.8682235333486211,-0.3714537124099646
0.8682772484785495,-0.37142980228259714
0.86869045492883,-0.37124587237554113
0.868864021268677,-0.3711686130763833
0.8690818997118274,-0.37107162920362197
0.8693211398591287,-0.37096513663065417
0.8696718948100427,-0.3708090056567128
0.8697417508045204,-0.37077791077287725
0.8699582928361342,-0.37068152177478336
0.8699638319164925,-0.37067905617306107
0.8715044433085297,-0.3699932863600422
0.8716472189629854,-0.3699297328679898
0.8720080123279902,-0.36976913351130797
0.8722966931399989,-0.36964063349664067
0.873352995573158,-0.36917044333329196
0.873920902088718,-0.3689176520408215
0.8745011794994516,-0.36865935411214545
0.8745108327413024,-0.36865505718049
0.874624930022986,-0.3686042692453037
0.875893415227969,-0.3680396305139957
0.8765910368167278,-0.3677290993645094
0.8766474926623821,-0.36770396926686233
0.8767625564542593,-0.36765275111058443
0.8767689394526982,-0.36764990985699597
0.8774661939418268,-0.3673395421139638
0.8774999818031991,-0.36732450217884755
0.8775845867635468,-0.3672868421121117
0.8782776712325888,-0.36697833056325657
0.8789370233637225,-0.36668483423444953
0.8797073176242481,-0.3663419544182023
0.8798969551424279,-0.36625754138188715
0.8799454573971748,-0.36623595165306866
0.8800364414940255,-0.3661954520518017
0.8805201564193911,-0.36598013682329106
0.8806114130756784,-0.3659395158980906
0.8806687448861634,-0.3659139958836603
0.8807348002017917,-0.36588459278974483
0.8809416826524121,-0.3657925035450384
0.88125299916476,-0.3656539277383386
0.8818720686249671,-0.3653783623685339
0.882134551074127,-0.36526152398799777
0.8822613615979769,-0.36520507702825256
0.8824888680625926,-0.3651038074501444
0.8827575934065455,-0.36498419018012523
0.8830464137116439,-0.36485562807312855
0.8832675713307435,-0.3647571845461745
0.8833542143898773,-0.3647186172638809
0.883679189328521,-0.3645739617043664
0.883743469076065,-0.36454534896614954
0.8843857825685991,-0.364259437018496
0.8848194158417656,-0.36406641455339217
0.8849794075744325,-0.363995197696784
0.8862728734085549,-0.36341943937914656
0.8864180689097838,-0.36335480874468307
0.8864184779896482,-0.3633546266516364
0.8868942040540923,-0.36314286749163793
0.8872214423779621,-0.36299720443518335
0.8873588935726179,-0.3629360210111573
0.8874324678792562,-0.36290327100115016
0.8881943293629583,-0.3625641448529696
0.8892010307397911,-0.3621160335261777
0.8897824934356445,-0.3618572079934873
0.8899152770150781,-0.36179810225734205
0.8899853565124553,-0.3617669078860287
0.8911611946507588,-0.3612435089910103
0.8921420895701658,-0.3608068848501337
0.8922507840986557,-0.3607585018335833
0.8925623946023344,-0.36061979516300624
0.8929020665824497,-0.36046859753361365
0.8930751822652732,-0.3603915388346749
0.8931923692697827,-0.36033937557625284
0.893717031325597,-0.3601058336189667
0.8938692278083001,-0.36003808664914355
0.8940037413128376,-0.3599782108742844
0.8941503891056543,-0.35991293378365696
0.8947503898670172,-0.3596458564323809
0.8949765789829609,-0.35954517324351876
0.8953705385732333,-0.35936981065957674
0.8960717887816766,-0.3590576643085831
0.8968720188579556,-0.3587014592119453
0.8970585840187928,-0.35861841376899684
0.89784628345231,-0.35826778641674556
0.8978525040203619,-0.35826501746552797
0.8981891457555163,-0.35811516868408677
0.8989323824768134,-0.3577843329457383
0.8989603174469898,-0.3577718982984459
0.8990511826985763,-0.3577314515985757
0.8994696698677609,-0.35754517109380607
0.8995660596835247,-0.35750226525377726
0.8996871897814501,-0.35744834681267357
0.8998070322189198,-0.357395001545749
0.8998945411524555,-0.35735604883820804
0.9006234348752598,-0.3570315975751694
0.901139640537527,-0.3568018197984231
0.9011547271140827,-0.35679510433543415
0.9015352366359476,-0.3566257287583029
0.9021221008603512,-0.35636449885210014
0.9031803893697354,-0.3558934246299104
0.9036851457558547,-0.3556687432506099
0.9037042203924884,-0.35566025258900297
0.9037103170493552,-0.35565753879416717
0.9037755941025182,-0.3556284821269418
0.9040534726427983,-0.355504790509708
0.9044516788453624,-0.3553275376382268
0.9049972432109804,-0.35508469147018373
0.9059495302259976,-0.3546608015186982
0.906427521538854,-0.35444803403240255
0.9070235893488479,-0.3541827073492955
0.9070576600467899,-0.35416754151560254
0.9072184432004607,-0.35409597237506574
0.9082862427217081,-0.353620664531821
0.9083090937750916,-0.35361049288004226
0.9088241427105278,-0.3533812299952062
0.9092878734773293,-0.35317481028230246
0.9094244906780257,-0.35311399809263483
0.9102679328511353,-0.352738558066464
0.9103720699023304,-0.35269220371227983
0.9107408876795371,-0.3525280324622033
0.9110884865467662,-0.3523733063505976
0.9112611977718901,-0.352296427687249
0.9118117680598191,-0.3520513532412477
0.9120606422190415,-0.35194057229641157
0.9122377146966263,-0.35186175231593386
0.9125513342558345,-0.351722151357776
0.913086212237312,-0.3514840620023151
0.9139307992755853,-0.3511081123641984
0.9140063192747877,-0.3510744962712629
0.9140321628704354,-0.351062992554072
0.9149504084359881,-0.35065425541695283
0.9153079302182596,-0.3504951123345079
0.9153344543753199,-0.35048330568013575
0.9155461380946873,-0.35038907925457496
0.9158592975349764,-0.3502496831083942
0.9160837621999086,-0.35014976752157234
0.9163070098118796,-0.3500503936795317
0.9169762359099212,-0.349752502168088
0.9173593364422872,-0.34958197325871737
0.9174905529658027,-0.3495235650635935
0.9176073142305765,-0.3494715913139992
0.9179617674573972,-0.34931381413259127
0.9180286318354638,-0.3492840509020443
0.9181104219017275,-0.3492476438244786
0.918303573351829,-0.34916166663743126
0.9189055246013664,-0.3488937210685647
0.9189369021120374,-0.3488797540488886
0.9190123020260824,-0.3488461914092615
0.9192657910622173,-0.34873335625186164
0.9195104935674461,-0.3486244322285009
0.9195234110180366,-0.3486186823049823
0.9197559845028133,-0.34851515725253057
0.9198141729623224,-0.34848925591933017
0.9200053246019562,-0.3484041689046246
0.9201197284403564,-0.3483532445123515
0.9201735371611892,-0.3483292927250189
0.9204004075429738,-0.3482283062854144
0.920904676832573,-0.348003841726586
0.9215318027963795,-0.34772469017859564
0.9220110446942824,-0.3475113660214367
0.9227262748045559,-0.347192996819753
0.922915524939516,-0.34710875621869275
0.923398259952614,-0.3468938771769169
0.9236316400416577,-0.3467899930820355
0.9239530479360912,-0.34664692531503877
0.9243589681874931,-0.346466238701696
0.9246976865451616,-0.34631546555669335
0.924750642607429,-0.34629189331186444
0.9250957410951116,-0.3461382801900906
0.9253198109890219,-0.34603854032704384
0.9255886941883237,-0.34591885279113305
0.9256162182547738,-0.34590660104873994
0.9261388936509889,-0.34567394340997093
0.926216662649891,-0.3456393262235011
0.9265375184185293,-0.3454965042233507
0.9266993293392621,-0.34542447759455325
0.9274856447727291,-0.34507446629996624
0.9275422850123739,-0.3450492541233256
0.9279638891529726,-0.3448615861662011
0.9285478700004681,-0.3446016397328153
0.9303859602654371,-0.34378345363875246
0.930952335762267,-0.34353134384612916
0.9325076453835882,-0.342839031434503
0.9341277672763524,-0.34211786924317356
0.9342583617140746,-0.3420597379560748
0.9342688245071527,-0.3420550806702141
0.9346960803873745,-0.3418648969635342
0.9350652481649678,-0.3417005699183616
0.9351014233035778,-0.34168446733845814
0.9351431154999921,-0.3416659089596956
0.9351859460446955,-0.3416468438698328
0.9356621156483417,-0.34143488727795923
0.9368358291340261,-0.3409124341260641
0.9372313970560966,-0.34073635562803617
0.9373177438642025,-0.34069792021547496
0.9376337985524148,-0.3405572353123518
0.9376435884519169,-0.340552877550501
0.9378893941130239,-0.34044346248118024
0.9386422201083078,-0.34010835828508634
0.9388355927549908,-0.3400222826371687
0.9388722460959543,-0.34000596719583875
0.9391075787048024,-0.3399012139790307
0.9392530360633511,-0.33983646678444956
0.9393201620296625,-0.3398065871135579
0.9394693337195195,-0.3397401865647955
0.9403082739808448,-0.3393667504672067
0.9403987957533241,-0.33932645665962613
0.9409339369530239,-0.33908825013827126
0.9410932021115068,-0.3390173567004336
0.9413677655280797,-0.3388951407387589
0.9421528572968563,-0.3385456741320212
0.9431398044288607,-0.33810635597971334
0.94344795948877,-0.33796918742513354
0.9436333743362506,-0.3378866540192761
0.9442683194618406,-0.3376040219406717
0.9446738925677772,-0.3374234898516184
0.9454488264898437,-0.33707854479046656
0.9454664668031898,-0.3370706925868237
0.9454996673992817,-0.33705591406013485
0.9456297197562773,-0.33699802406853774
0.9463025827915257,-0.33669851365322184
0.9463598708970576,-0.3366730130931052
0.9469527744616291,-0.33640909490535464
0.9470446359557098,-0.3363682047497028
0.947649283848329,-0.33609905882854
0.9482981630773397,-0.3358102242854162
0.9491872577599427,-0.3354144630328405
0.9499827642089543,-0.3350603605566329
0.9499884475580713,-0.3350578307367956
0.9501795445537016,-0.33497276804568527
0.9506672312154874,-0.33475568488467977
0.9507056264307601,-0.33473859408570567
0.9508717398979799,-0.33466465227147274
0.9510052327649049,-0.33460523081135396
0.9510121468237845,-0.33460215316770564
0.9513663157003189,-0.3344445025586726
0.9519926352954838,-0.33416570994822814
0.9526859159333916,-0.33385711107904875
0.9529421735955939,-0.33374304352768475
0.9529735762568504,-0.3337290653127698
0.9530542224291747,-0.3336931674148305
0.955343124694629,-0.3326743121170494
0.9554403636083914,-0.33263102831942615
0.9557794048764923,-0.3324801114378342
0.956018111519796,-0.3323738563426228
0.9562141359987675,-0.3322866002889637
0.9564668666030018,-0.33217410273110726
0.9567023515676492,-0.33206928169641303
0.9570627035974753,-0.3319088787905329
0.9571575083126539,-0.33186667852371843
0.9573134320984262,-0.33179727242561546
0.9577247218929649,-0.3316141956763748
0.9577405358906936,-0.33160715641759647
0.9578949143448102,-0.3315384381904297
0.9581976745325578,-0.3314036710464151
0.9583560750472657,-0.33133316248603784
0.9596428706421521,-0.3307603732810119
0.9597761040973095,-0.3307010672924261
0.960307959556724,-0.3304643233472361
0.9607656726055729,-0.3302605822912191
0.960985993730074,-0.3301625111117288
0.9610246764567552,-0.3301452923332747
0.9610744519484067,-0.3301231358506087
0.9612515352471942,-0.3300443110533069
0.9613262518517975,-0.3300110525740869
0.9615545598445392,-0.32990942621308345
0.9616238255001386,-0.329878594105821
0.9616426263538981,-0.329870225312734
0.9619148779788769,-0.3297490383950462
0.9622092470283027,-0.3296180063846206
0.9622735380254572,-0.3295893886388832
0.9630782147294982,-0.329231204222149
0.9632382216176408,-0.3291599806194089
0.9646812743424671,-0.3285176369353394
0.9646929173673591,-0.3285124542948343
0.9651702212937835,-0.32829999278372957
0.966178839857484,-0.32785102806270305
0.9667163113589937,-0.32761178425793935
0.9667998037809724,-0.3275746194135764
0.9671345701035645,-0.32742560543144206
0.9672173655284217,-0.32738875084026053
0.9685126791631087,-0.3268121700141994
0.9688388220922124,-0.326666994549014
0.9688792878184042,-0.32664898210692256
0.9692337868819814,-0.3264911845222746
0.9693267615818424,-0.3264497988471662
0.9694905903857047,-0.3263768740013729
0.9695204429145533,-0.32636358579434516
0.9701426251673541,-0.3260866348322973
0.9701962741358379,-0.32606275415526464
0.9704744916326457,-0.32593891165886957
0.9708959676087929,-0.32575130075137637
0.9716295731481239,-0.32542475212520316
0.9717213427915065,-0.3253839028549014
0.9719148663119869,-0.3252977600487788
0.9720988312914862,-0.3252158720202692
0.972169298561486,-0.32518450504036667
0.9723159836187182,-0.3251192113622914
0.9738592316024903,-0.3244322679275335
0.9741872966507675,-0.32428623687260427
0.9749247745865482,-0.3239579645329734
0.9749757443471079,-0.3239352764473541
0.9751092555586548,-0.323875846821524
0.9751487786273954,-0.32385825398299234
0.9752194084177346,-0.32382681466067853
0.9758727536759843,-0.3235359921613109
0.9763714240150668,-0.3233140198541098
0.9763985237437226,-0.32330195699650077
0.9767014572700042,-0.3231671126945897
0.9769922457300579,-0.3230376745060174
0.9771668264472136,-0.322959963678758
0.9773158064018899,-0.32289364847676094
0.9773780076446518,-0.3228659609399565
0.977487674836956,-0.3228171449631634
0.977510329070227,-0.3228070609215975
0.9776746110461005,-0.32273393435609277
0.9777176057012983,-0.3227147962159958
0.9777829519463792,-0.32268570874948577
0.9779025179661225,-0.3226324865239288
0.978221576066321,-0.32249046471697207
0.9787559985541691,-0.32225257811464075
0.9788328239272879,-0.32221838096276256
0.9792495357965326,-0.3220328906943329
0.9796390548730037,-0.32185950470899005
0.9796450552055985,-0.32185683379081886
0.9797112767385016,-0.32182735670888146
0.9798038379781261,-0.3217861550766475
0.9803582605843808,-0.321539365854531
0.9811721872837361,-0.3211770640026086
0.9812542558211339,-0.3211405329696453
0.9822444987036976,-0.32069974778531596
0.9822961052452288,-0.3206767762504309
0.982408478708004,-0.32062675563591786
0.9825831291582252,-0.3205490137684936
0.9828070193294335,-0.3204493539051174
0.9830847627126166,-0.32032572245013985
0.9836207078963619,-0.32008715805269017
0.983841989038084,-0.31998865954231454
0.9840142707565059,-0.3199119720645772
0.9842543411304809,-0.31980510993417677
0.9844408629477582,-0.31972208378467576
0.9848083721550175,-0.31955849501618583
0.985081647774178,-0.3194368522896536
0.9851483748679679,-0.3194071501682307
0.9863510884103801,-0.3188717882688196
0.9865159791526324,-0.3187983907241387
0.9865552745512133,-0.3187808992280505
0.9865886345899326,-0.3187660497289276
0.9867357115689702,-0.31870058159534415
0.9867748635842087,-0.3186831539232471
0.986803194368488,-0.3186705430878746
0.9870179631825655,-0.3185749433991839
0.9871101469110781,-0.3185339098078499
0.987889239140345,-0.3181871137662586
0.9880478253912128,-0.3181165225294502
0.9884512681389288,-0.3179369387232451
0.9884782155827718,-0.3179249436519239
0.9885592676579279,-0.3178888650751252
0.9888421344885644,-0.3177629530284161
0.9888824350196734,-0.31774501411934014
0.9894453087397636,-0.317494463066833
0.9898631498148409,-0.31730847015686986
0.989869092286364,-0.3173058249943023
0.9898696515324498,-0.31730557605801274
0.9899380801949969,-0.3172751165200899
0.9907917036575616,-0.3168951445133027
0.9909899702103554,-0.3168068904490138
0.9916548118672187,-0.3165109505766546
0.9920018832348165,-0.31635645927009154
0.9931614811107737,-0.31584028937631914
0.9936633830877141,-0.3156168785754778
0.9939390767818166,-0.3154941594952268
0.9941825161882676,-0.31538579771294595
0.9944134124489303,-0.3152830192405033
0.9953962567701763,-0.31484552736559485
0.9954208065372019,-0.3148345995682089
0.9955628819620991,-0.3147713577681871
0.9959844686846872,-0.31458369756431304
0.9968455242538501,-0.31420041731614934
0.9974550230464421,-0.3139291121218665
0.9974574894859953,-0.3139280142396881
0.9974810363555587,-0.3139175328603986
0.9982074844397106,-0.3135941702204676
0.9988068176930546,-0.3133273899959373
0.9998860375503268,-0.31284699863731613
1.000021635698407,-0.3127866400568622
1.0002448817608054,-0.3126872669045804
1.0004582704744867,-0.3125922815377072
1.0005507104986067,-0.31255113386193123
1.0008584441689334,-0.3124141528798028
1.0014677562547756,-0.3121429307939881
1.001573698657014,-0.31209577282686574
1.0016849444085107,-0.31204625418861776
1.0019501231821641,-0.3119282155975982
1.00220667828482,-0.3118140156470548
1.002881779373727,-0.3115135090105976
1.0029095678951188,-0.31150113955181163
1.0033614314021038,-0.31130000229273597
1.0036452949963701,-0.31117364655827306
1.0037863581358057,-0.31111085535521255
1.0039543513801028,-0.3110360767989033
1.0044261315315441,-0.31082607407666457
1.0046414169941562,-0.3107302444130621
1.0046616733700937,-0.31072122772578376
1.0051193232920377,-0.3105175147693422
1.0054221578150226,-0.31038271453660576
1.0057994636083167,-0.3102147650298998
1.0059243667121256,-0.31015916711689767
1.0064401290818294,-0.30992958666224035
1.0069469267633873,-0.30970399664446135
1.0070414863570234,-0.30966190548819567
1.0072599181453932,-0.3095646753057876
1.0074472290354406,-0.3094812979176233
1.0076904791265648,-0.3093730204049622
1.0078193178572359,-0.30931567063285315
1.007905291524911,-0.3092774013156777
1.0079991039421228,-0.3092356427488238
1.0080530237229075,-0.3092116415255577
1.0088151622769403,-0.3088723920455168
1.0093117563116825,-0.3086513439602491
1.009684126703546,-0.308485591340658
1.0097825238632248,-0.30844179197493654
1.009829668850398,-0.30842080640439906
1.0104932739912325,-0.3081254169403847
1.0106230833310184,-0.3080676351226379
1.010764297563852,-0.3080047766636219
1.0112492047088946,-0.30778893074432906
1.011768860511208,-0.307557617212423
1.0118890529527402,-0.3075041161487662
1.0118980134488187,-0.30750012757789624
1.0125743801249572,-0.30719905759267796
1.0126165681208603,-0.307180278519505
1.012646479151285,-0.30716696427176704
1.0131447282673562,-0.30694517946287153
1.0134077996749953,-0.3068280789202172
1.0145456753646513,-0.30632157818747724
1.014685802778392,-0.30625920350245517
1.0149835253427444,-0.3061266787474505
1.0150867930406855,-0.3060807113670494
1.0150932186843378,-0.30607785113086716
1.015146693247584,-0.306054048086551
1.0152958538314145,-0.305987652481396
1.0155386576996017,-0.30587957359521634
1.015799750492806,-0.30576335378994823
1.0159702680786122,-0.3056874515776583
1.0164641248144066,-0.3054676219417656
1.0165172584553601,-0.3054439706516283
1.0165825919659763,-0.30541488885358975
1.0168836493991533,-0.30528087965391437
1.0172574288359466,-0.305114499828473
1.0176776905457032,-0.30492742942537954
1.017709109553724,-0.3049134439340564
1.0178744173853689,-0.30483986073106084
1.018005937671084,-0.30478131732276903
1.018481674612924,-0.3045695533209331
1.0186070097314863,-0.3045137631059149
1.0187520006343669,-0.3044492235439775
1.0189209950680687,-0.3043739993298765
1.019245430987278,-0.30422958370319564
1.0195637573338958,-0.3040878876205058
1.0196727762682656,-0.3040393602017001
1.019809447782148,-0.3039785238356933
1.0203639886771065,-0.3037316819599207
1.020613923770076,-0.3036204287633921
1.0210030191045807,-0.3034472313976132
1.0211939656518236,-0.3033622356753459
1.0212266418172713,-0.3033476905876067
1.0214896587846403,-0.30323061427786
1.0220310553113177,-0.30298962333310414
1.022229399247784,-0.3029013348231483
1.0232331677040294,-0.30245452902246983
1.023307839975044,-0.30242129027738707
1.0233806077492877,-0.3023888992778172
1.0237913073771006,-0.3022060852285197
1.0247879024985183,-0.30176247248256527
1.0251462951469117,-0.301602941752917
1.0254254826026412,-0.30147866750030394
1.0255133539488006,-0.30143955347262835
1.0256247753342245,-0.3013899566547394
1.025702726888428,-0.30135525820772874
1.0258731981263762,-0.3012793766261844
1.026056925610649,-0.3011975943135341
1.0262596518017837,-0.3011073551377712
1.026322806861215,-0.3010792430301228
1.0266073314354114,-0.3009525930747515
1.0269120288893263,-0.30081696359863663
1.0269326010443698,-0.3008078063491249
1.0275395577311537,-0.3005376327182159
1.0278002562702924,-0.3004215884066111
1.0280772711692978,-0.3002982812205963
1.0281867144070054,-0.30024956493234434
1.0284755721345877,-0.3001209861675389
1.0287156163522746,-0.300014135680044
1.0290329972494443,-0.2998728604437107
1.0291279873546797,-0.2998305776545254
1.0291405078095228,-0.2998250044450703
1.029494114882233,-0.2996676039108487
1.0306345955424905,-0.29915994363183296
1.0306806031767444,-0.29913946432932825
1.0307799256544057,-0.29909525307833623
1.0310361348187351,-0.2989812071147506
1.0311606794108572,-0.2989257687854656
1.0312328118850405,-0.2988936605759659
1.031261549712758,-0.29888086855401763
1.0314366167744888,-0.2988029412409981
1.0314839290485742,-0.29878188120631266
1.0318081996798254,-0.2986375391539885
1.0321327436061924,-0.29849307545025927
1.0323542166270663,-0.2983944915290327
1.0325879659806512,-0.2982904430640338
1.0326005853508127,-0.2982848258245659
1.0326481703443353,-0.2982636443947263
1.0336965315419544,-0.2977969891004819
1.0338055952015823,-0.2977484417731956
1.033872469776366,-0.2977186740038008
1.0341632254706727,-0.29758925040019146
1.034240808132159,-0.29755471615778883
1.0343774473460279,-0.29749389416943395
1.0348275002975438,-0.2972935628399339
1.0351346900233491,-0.2971568239829349
1.035163109360811,-0.29714417373003016
1.0363595069929283,-0.2966116232213723
1.0365765663463173,-0.2965150039486881
1.0367681523026673,-0.29642972360729763
1.037154846285505,-0.2962575951512335
1.0373265398849858,-0.29618116946191225
1.0375397906687938,-0.2960862454915366
1.038198772750115,-0.2957929138823934
1.0392498392414096,-0.2953250543852284
1.039336414052141,-0.29528651748223356
1.0395386278729188,-0.2951965063770442
1.0402078407761224,-0.294898620738997
1.0404712348384306,-0.2947813765736007
1.040756993879842,-0.29465417712187014
1.0412318596301686,-0.2944428009120784
1.0413253228327324,-0.294401197790566
1.0419879168050175,-0.2941062584263436
1.0420599630369456,-0.29407418860571694
1.042195787743918,-0.29401372917747604
1.0422780639413074,-0.2939771057091626
1.0422881919012654,-0.29397259746701765
1.0425426919823502,-0.2938593122648435
1.043196275835472,-0.29356838356013293
1.0432484012882672,-0.29354518104313126
1.0437392846362337,-0.2933266749464679
1.0437575884988575,-0.29331852737822717
1.0439500152103318,-0.293232872792892
1.043967595404025,-0.29322504735021104
1.044049333584907,-0.2931886633683001
1.0440836703272751,-0.2931733791106896
1.04427493499845,-0.2930882417824402
1.0445137716333377,-0.2929819288242889
1.0446211277389885,-0.29293414157769376
1.045114637072633,-0.29271446658034816
1.04532016907483,-0.2926229784585255
1.045855166586579,-0.29238483589675157
1.0460771317755775,-0.2922860328975378
1.0462207235933354,-0.2922221161080582
1.0463307625471159,-0.29217313464969114
1.0464352802302055,-0.2921266108654583
1.0465075930313528,-0.2920944223873139
1.0465469117063362,-0.292076920530239
1.0466691391307323,-0.2920225136380096
1.0471750385304053,-0.29179732347096743
1.0471933521281322,-0.2917891715693561
1.0472840188781298,-0.2917488132281715
1.047460965734866,-0.29167004916509537
1.0483239529293198,-0.2912859090957455
1.048872139683621,-0.29104189562814464
1.0489585889757167,-0.2910034145970534
1.0491229031012292,-0.29093027372083297
1.0491585905301202,-0.2909143882343539
1.0495969250511192,-0.29071927311054074
1.0499820438598755,-0.29054784580912263
1.0505354646251817,-0.29030150253481846
1.0505356977272078,-0.2903013987744973
1.0509092334119752,-0.2901351274499939
1.051277985117272,-0.2899709856103978
1.051456526684394,-0.28989151169651256
1.0515259368197605,-0.2898606152772094
1.051933685828645,-0.2896791146320586
1.0523723535008644,-0.28948385121319103
1.0527287757077213,-0.28932519758294056
1.05277263901319,-0.2893056727819783
1.0537409484130627,-0.28887465081269564
1.0539858038482326,-0.288765658715882
1.0539967586321592,-0.2887607824309447
1.054292435476453,-0.28862916828394247
1.054761152419215,-0.28842052908274074
1.0549350820690298,-0.2883431080640151
1.0550666471001682,-0.2882845447382666
1.0551997639332624,-0.2882252906614679
1.0556533415563434,-0.28802339040071595
1.0557765747027954,-0.2879685358330833
1.055822286602695,-0.28794818817032486
1.055892685453957,-0.2879168516455424
1.0559164395889775,-0.28790627800652113
1.0559218889527384,-0.2879038523402002
1.0559698931230757,-0.2878824843228751
1.0559893981854678,-0.28787380206655877
1.0561973296453975,-0.2877812458780651
1.0565282777561122,-0.2876339314902988
1.056706972139102,-0.2875543895537379
1.0569041431524808,-0.2874666231451053
1.0570496039922517,-0.28740187440093357
1.057210036310857,-0.2873304614270319
1.0572278460718207,-0.2873225337974497
1.057386096749987,-0.28725209193356566
1.0574014107127347,-0.28724527525453525
1.058922337254955,-0.2865682677263132
1.0592672631943718,-0.28641473141066487
1.0592855383178545,-0.2864065966350306
1.0593268459123215,-0.2863882094534998
1.0596380478142207,-0.2862496846631605
1.060469944857695,-0.28587938370154015
1.060589959742637,-0.2858259616733561
1.060960744096433,-0.28566091504427926
1.0612720160343467,-0.2855223590789241
1.0620428583243626,-0.2851792353192117
1.0630312630337186,-0.28473926835789665
1.0631819471641988,-0.28467219457892917
1.0635111229924539,-0.28452566908433685
1.0635142038317114,-0.2845242977154294
1.063730015174054,-0.28442823396784794
1.0637508051595392,-0.2844189797558302
1.0642656500909717,-0.2841898076789605
1.0646797319533967,-0.2840054881011375
1.0647667080020184,-0.2839667725957812
1.0649641394613805,-0.2838788902552568
1.0653407078239567,-0.28371126899987253
1.0657028844665344,-0.2835500539071215
1.0657289891443007,-0.283538433974877
1.066752693436179,-0.2830827541684982
1.0669141955602621,-0.2830108649938454
1.0669329466556585,-0.28300251834961687
1.067002930819748,-0.2829713664138529
1.0672798278826534,-0.2828481116800273
1.0673518472045718,-0.28281605383780895
1.067638553188298,-0.28268843287520434
1.06774156221437,-0.28264258063698666
1.0680249194899156,-0.28251645027934236
1.0684587555589788,-0.2823233375440348
1.0690444238976884,-0.28206263996046255
1.0690493186818322,-0.28206046115325367
1.0692086970098336,-0.28198951734045474
1.069575558815202,-0.28182621674890274
1.0700757745331622,-0.2816035565497456
1.0704646885111766,-0.28143043991088273
1.0708103360329355,-0.2812765823984743
1.0709517233674926,-0.28121364688697303
1.0712230516732224,-0.28109287096486263
1.0712689819176493,-0.2810724261107642
1.0719262233748572,-0.2807798693027675
1.0728949351523034,-0.2803486682238179
1.0733872268022355,-0.2801295352520187
1.0735366291111879,-0.280063032048158
1.073859853631046,-0.2799191556496764
1.0739678198961085,-0.2798710968038266
1.0747237560308485,-0.27953460819647613
1.0747257246289839,-0.27953373191762854
1.0747575167269927,-0.2795195803533731
1.0748035111526912,-0.27949910693037083
1.0750301839453869,-0.27939820844327234
1.0750633339242068,-0.27938345244776663
1.0751264699846121,-0.27935534879712337
1.075354421150246,-0.2792538812699831
1.075537343491111,-0.2791724573494925
1.0755482304654789,-0.2791676112485126
1.0763649302774936,-0.2788040750055167
1.0765576612264411,-0.2787182849954559
1.0766687035839142,-0.27866885689365484
1.076809513906562,-0.27860617822651484
1.0770304252681306,-0.27850784431577047
1.0773051720818623,-0.2783855467188202
1.077350023899989,-0.2783655819028456
1.0775512814341432,-0.2782759964679469
1.078498593303864,-0.2778543210946979
1.0789898611038926,-0.27763564386752104
1.0797506429906436,-0.27729699827855425
1.0801145046485336,-0.27713503313771104
1.0801815971086053,-0.2771051683813967
1.0804575364762345,-0.27698233994489296
1.0804984092873284,-0.2769641462977693
1.080576015855787,-0.2769296014136953
1.0807590676163463,-0.27684811988482944
1.0814790260243703,-0.27652764598375096
1.082458125828713,-0.27609182089948814
1.0830698627149475,-0.27581951946626604
1.083322156855745,-0.2757072161906609
1.083850317678603,-0.2754721168329597
1.0839622434453002,-0.2754222955006647
1.0840719325527206,-0.27537346976883226
1.0848656712928715,-0.27502015414995995
1.0851321150115805,-0.27490155249603
1.0859917873511948,-0.27451888796255836
1.0869477596790207,-0.2740933575738484
1.0871522625433487,-0.2740023275504714
1.0876593462874176,-0.27377661019815774
1.0877638480267804,-0.27373009351093003
1.0879108003857971,-0.27366468084925133
1.0880223118226406,-0.27361504394692215
1.0884357028717788,-0.2734310318696803
1.0884955072435964,-0.2734044112480939
1.0893031490531062,-0.2730449069788431
1.0893267943862788,-0.27303438177060935
1.090016585025742,-0.2727273363986929
1.0904538288686778,-0.2725327067666108
1.090654672889966,-0.2724433053980133
1.0906887123893168,-0.2724281534516979
1.0910879604503667,-0.27225043681946387
1.0912360487022974,-0.2721845185396422
1.091339530854597,-0.2721384556995255
1.0922695643689952,-0.27172447141214023
1.0929523667481607,-0.2714205367130271
1.0938158465882124,-0.27103617735315294
1.0938790670469194,-0.2710080361344327
1.0943443764829641,-0.2708009137110873
1.0943827284797578,-0.2707838421498837
1.0946354458597838,-0.2706713504784975
1.0946387648370575,-0.2706698731076068
1.0959877940808007,-0.2700693819409047
1.096821411506707,-0.26969831518828447
1.096839889803412,-0.2696900899744884
1.0979192545442458,-0.26920963412408605
1.0986249872252736,-0.2688954924974491
1.0988921726314953,-0.2687765606973774
1.0991972258975609,-0.26864077283918564
1.0993189718012655,-0.268586580285469
1.1003898886334236,-0.26810988483874987
1.100525584972443,-0.2680494825507247
1.1009774728696342,-0.2678483344348766
1.1012292336586018,-0.26773626856929345
1.1017550403140977,-0.2675022171182352
1.102313125914763,-0.26725379739344607
1.1023511887666229,-0.2672368545388508
1.102781898476624,-0.26704513343460634
1.102864277696045,-0.2670084641082657
1.102892497065194,-0.26699590286692654
1.104031001839957,-0.2664891221105688
1.1041709066050345,-0.26642684653277954
1.104227175220448,-0.26640179977662143
1.1047333279753477,-0.2661764968339839
1.1049066000621368,-0.2660993685152055
1.1053300685210607,-0.2659108706971337
1.105439035522022,-0.26586236639536065
1.105572982097125,-0.26580274297686746
1.1057068637867984,-0.2657431484407185
1.1059668517094206,-0.265627420444674
1.1065794827290398,-0.2653547210073305
1.1066864832156178,-0.26530709205686775
1.1068945054508699,-0.2652144954617042
1.1071136897808467,-0.2651169303016895
1.10764111562338,-0.26488215810457016
1.1076884850079327,-0.26486107264839653
1.1084832327621907,-0.26450730788873567
1.1088519096557863,-0.26434319934994893
1.1089674422687892,-0.2642917725080951
1.1091790517701725,-0.2641975791190635
1.1092841252464962,-0.26415080793550344
1.1094687794076832,-0.26406861313268365
1.1094908256439917,-0.2640587997278047
1.110426498549743,-0.26364230518742926
1.1106710555308068,-0.2635334459410006
1.110820840302941,-0.26346677249193323
1.110912542220178,-0.2634259533684591
1.111065086403816,-0.26335805162709125
1.1111322786249245,-0.26332814246431074
1.1113916854804327,-0.26321267311771424
1.1115013460286005,-0.26316386009841475
1.1116630123847282,-0.263091897819422
1.1119031950156082,-0.2629849857202902
1.112542870194638,-0.26270024816078413
1.1126044358660585,-0.2626728435348045
1.1128840202653159,-0.2625483925913722
1.113039793766823,-0.26247905338905686
1.1140749029821333,-0.26201829692788414
1.1147540631760673,-0.26171598346868774
1.1152767457643935,-0.2614833226285062
1.1158894053912807,-0.2612106104572564
1.115966693063827,-0.2611762075227949
1.1161389099180161,-0.2610995489179669
1.1165150306813711,-0.2609321269016871
1.1167993327950023,-0.26080557596982096
1.1168370674105543,-0.26078877922251326
1.1170577583323062,-0.26069054343578146
1.1173507164036025,-0.2605601394917282
1.1173642312710983,-0.26055412364100583
1.1174027308262287,-0.26053698639740264
1.1176667663221063,-0.2604194567117375
1.1177130436300673,-0.26039885736981927
1.1178887873325543,-0.26032062886481366
1.1179427557756527,-0.2602966059805719
1.1184066551722662,-0.26009011120575753
1.1193494568159206,-0.25967044346201335
1.1198418170896742,-0.2594512799438055
1.1205706501171295,-0.2591268556979877
1.1210918659646545,-0.2588948477457246
1.12115056100819,-0.2588687209176105
1.1211666315850262,-0.2588615674481964
1.1221391593413048,-0.2584286677688703
1.1221533226992595,-0.25842236325665735
1.1221777862545914,-0.25841147383454055
1.1222117811813586,-0.25839634172874615
1.1222244262114613,-0.25839071306731076
1.122311000540009,-0.2583521763789498
1.1229433064722913,-0.258070719080118
1.1232878484540338,-0.2579173536749174
1.1234609225238588,-0.2578403134991042
1.1239308702243358,-0.25763112645274683
1.1241533152951564,-0.25753210984452757
1.124328593956097,-0.25745408834269995
1.1246077611271248,-0.2573298231193826
1.1250321178557767,-0.25714092990726883
1.1250723947681618,-0.2571230015115566
1.1252341386573779,-0.25705100472038783
1.1253694361081155,-0.2569907799888468
1.125448033084378,-0.2569557942461775
1.1254584262389398,-0.256951167958395
1.1254890756801712,-0.25693752502307005
1.1255602391056525,-0.2569058481646239
1.1256180807282254,-0.2568801012183782
1.125716001393432,-0.25683651395385665
1.1257855936894505,-0.2568055364496821
1.1261777952216963,-0.2566309564272157
1.1277681578507763,-0.2559230409279447
1.1283215096377675,-0.2556767283578444
1.1286688462754488,-0.2555221189720457
1.1301595282320467,-0.2548585741664377
1.1301707752568937,-0.2548535677967807
1.130378706404532,-0.2547610117472968
1.1309337727926987,-0.25451393595959754
1.1318031208039716,-0.25412696451032724
1.1322632073587031,-0.2539221669395435
1.1323143225090928,-0.25389941413678874
1.1325071674662024,-0.25381357337846217
1.1326480951654496,-0.25375084246366997
1.132835494051414,-0.253667425906028
1.1328695887805984,-0.2536522493753476
1.1329482137632272,-0.2536172511662504
1.1331182074440367,-0.25354158215892925
1.1331822501061208,-0.25351307495417297
1.133409514814059,-0.2534119129888169
1.1338724247884968,-0.2532058586338669
1.1338986851888588,-0.25319416938507955
1.134100466015002,-0.25310435101807915
1.1343703613379787,-0.252984212957223
1.1347393027279902,-0.2528199866835821
1.1349770342955396,-0.25271416562223603
1.135019890358632,-0.25269508917341477
1.1350217074263678,-0.2526942803450445
1.1352064337217862,-0.2526120534332331
1.1354332523887365,-0.2525110900133677
1.1354862097446121,-0.25248751719271706
1.1356113709338338,-0.2524318043985799
1.1357264168408443,-0.2523805942033633
1.135872608633223,-0.2523155200914604
1.1366147301010836,-0.25198518078403825
1.1366504725297568,-0.2519692708155967
1.136841058013745,-0.2518844358128217
1.1369461871611848,-0.2518376398484693
1.1369678075726692,-0.25182801599029353
1.1374025971428343,-0.25163447882461
1.1385033246927005,-0.25114451378218716
1.1387753337011683,-0.25102343485998735
1.1387823913054127,-0.25102029332022724
1.1388823574331055,-0.2509757955623563
1.1396387664279908,-0.2506390964715478
1.1398845349227327,-0.2505296979460297
1.140624240719337,-0.2502004339223777
1.1409620523979471,-0.25005006436593186
1.1412011774789734,-0.24994362301222572
1.14126440167879,-0.24991548012823128
1.1415054137046403,-0.24980819884188166
1.1415349366741787,-0.24979505733104723
1.141635248691617,-0.24975040560784334
1.1420833797613705,-0.24955092976240867
1.1426596700364609,-0.2492944066208585
1.142663473226812,-0.24929271371299777
1.1431949311426486,-0.24905614672572596
1.1436829545528442,-0.24883891366845512
1.1440748888808234,-0.24866445258618397
1.145615365193633,-0.24797874290075933
1.1458365345797772,-0.24788029413596013
1.146530575969966,-0.24757135663437002
1.1467400053039543,-0.24747813369966237
1.1468939293190419,-0.24740961775619252
1.147092809706809,-0.24732109045655232
1.14774498925313,-0.2470307868486164
1.1479183413034226,-0.2469536229358153
1.1485441742582114,-0.24667504694280062
1.1486721817834866,-0.2466180671637812
1.1486735091890758,-0.2466174762979162
1.148726593622619,-0.24659384691139274
1.149056253889281,-0.24644710577952972
1.1496954189219943,-0.24616259530061363
1.150400829363611,-0.24584859711187546
1.1508050200704707,-0.24566868036784784
1.1509618995284612,-0.24559884887294348
1.1510130356909178,-0.24557608671712172
1.1512415359713013,-0.2454743747634368
1.1517104883677258,-0.24526563075513397
1.1519721751558418,-0.2451491465458887
1.152475505773254,-0.24492509981666566
1.1527283647236515,-0.24481254512829304
1.1530699421204837,-0.2446604993438935
1.1540962596724715,-0.24420365630134394
1.154412033971887,-0.24406309620722455
1.1552489553878516,-0.24369055875494805
1.1553089791131703,-0.24366384049289874
1.1556195984392335,-0.24352557502358235
1.1556906412169596,-0.24349395186887268
1.1558346268509492,-0.24342985978062215
1.1561129404508534,-0.24330597450601393
1.1561297209614119,-0.24329850502497063
1.1561632876549528,-0.24328356353792702
1.1570676061649299,-0.24288102572813164
1.1573042667835667,-0.24277568137651245
1.1576973006985547,-0.242600730836886
1.1577903282349047,-0.24255932164275823
1.1578365070547016,-0.2425387661407144
1.158803654943695,-0.24210826119285755
1.1590676342503878,-0.2419907565185918
1.1597614668497966,-0.24168191195569794
1.1600368625041804,-0.24155932554137627
1.1602075725293157,-0.2414833376688844
1.160694103200445,-0.241266769072097
1.1612002571468951,-0.2410414655990668
1.1612770638551648,-0.2410072767554421
1.161986229514131,-0.24069160701298659
1.1625985989323626,-0.2404190240218379
1.1627199783442246,-0.24036499460403193
1.1628791241209075,-0.24029415430641832
1.1632775834564324,-0.24011678875827908
1.163362920389939,-0.24007880286953576
1.163557181910402,-0.23999233155869565
1.1641977896810718,-0.23970717887620774
1.1642657005728687,-0.23967694981272697
1.1643162766158235,-0.23965443698197691
1.1646735590847628,-0.2394954004246817
1.166035011060582,-0.23888937954769907
1.1667563474394838,-0.23856829227271198
1.1668046395809062,-0.23854679607129192
1.167438168422654,-0.23826479442078274
1.1678856824730137,-0.23806559322817528
1.1685112303648537,-0.2377871441247617
1.1688333820689352,-0.23764374526700083
1.169003514603984,-0.2375680144517206
1.1691038475529123,-0.23752335341131692
1.1693831578359872,-0.23739902448476957
1.1694673890998655,-0.23736153076092809
1.1698391348363602,-0.2371960561931531
1.1700842588700149,-0.23708694453553797
1.1702440288038167,-0.23701582640789354
1.1704821207388774,-0.23690984493675044
1.170810108377162,-0.23676384833920394
1.1711470386255027,-0.23661387113236299
1.1714253466777773,-0.23648998832716217
1.1714366724144691,-0.23648494692063116
1.1714459301266664,-0.23648082605043952
1.1715958106891589,-0.2364141099623676
1.1717618477206189,-0.23634020217185858
1.1724774171061625,-0.2360216819491323
1.1730596568086988,-0.2357625105487361
1.173633626753594,-0.2355070202519463
1.1737228166738618,-0.23546731928954856
1.1738570558512433,-0.2354075656254846
1.1740786588732743,-0.2353089238370567
1.1743249333563384,-0.2351993000817899
1.1747324561074206,-0.2350179001504023
1.1747992942299166,-0.23498814860695416
1.1748750498238427,-0.23495442764412722
1.1751132159816475,-0.2348484131343362
1.1753280234264678,-0.2347527962500066
1.175517640011321,-0.23466839253170863
1.1756737354953872,-0.23459891000582656
1.176565001451112,-0.23420218225802036
1.1766882497522262,-0.23414732094461804
1.1768222023981523,-0.2340876948238293
1.1769029655508911,-0.23405174485459063
1.1769283026003319,-0.23404046661547895
1.1770486122020556,-0.23398691340049887
1.1772587210087455,-0.233893388013226
1.1775842418846951,-0.2337484894415372
1.1777110163012385,-0.2336920585541779
1.1782167339588128,-0.23346694928569678
1.1785578437775301,-0.23331511163357388
1.1786630353403174,-0.23326828788638077
1.178739625123166,-0.23323419560241165
1.1787620707538777,-0.23322420441575942
1.1788021253620131,-0.2332063749739719
1.1788156528824896,-0.23320035349104917
1.1789215520485243,-0.23315321476958717
1.1789671473884051,-0.23313291899099797
1.1790328626104247,-0.23310366728239074
1.179878957335902,-0.23272704652995074
1.180252517862858,-0.23256076414748506
1.1804725975492414,-0.23246280043894663
1.181072944048364,-0.23219556918999062
1.1813524644320172,-0.2320711467417188
1.181775130008825,-0.23188300630924152
1.1825477902907153,-0.23153907330979873
1.1826660651747312,-0.23148642580536294
1.1829473181806636,-0.23136123211778786
1.1830673455302119,-0.2313078045412541
1.1833769221631063,-0.23117000320423142
1.1835440248520497,-0.23109562105936093
1.1836178607747962,-0.23106275459660608
1.1845828924113393,-0.23063319165271912
1.1853545614962184,-0.23028969986317033
1.1859128130706822,-0.23004120625873758
1.1861766547933774,-0.2299237628270101
1.1863040988042708,-0.22986703388421986
1.1863391383842044,-0.2298514367736808
1.1865315806343875,-0.22976577527162584
1.1867812586498787,-0.22965463650757195
1.1868173566026474,-0.22963856828527485
1.1871407123976991,-0.22949463345248244
1.1871859382514358,-0.22947450214265247
1.18721684225913,-0.22946074589257703
1.1877676651683442,-0.22921555899767881
1.1880546403991283,-0.2290878181855746
1.1883761620934516,-0.22894469976302034
1.1888226884550486,-0.22874593821868577
1.1888292956975905,-0.22874299714768898
1.189201743611333,-0.22857721002091158
1.1896908698262336,-0.2283594860739976
1.1900120842108775,-0.22821650444369496
1.1901313971013892,-0.22816339489313608
1.1912693668301966,-0.2276568523009036
1.1919341237437504,-0.22736095015019442
1.1920558278130413,-0.2273067762181616
1.1922144542011788,-0.22723616711511635
1.1922576023623406,-0.22721696064516234
1.1922655855501885,-0.22721340710189641
1.192566287422209,-0.22707955617257325
1.1926082638414375,-0.2270608712781772
1.1926416385083753,-0.22704601526761947
1.1926621559941244,-0.2270368823529607
1.1928462655796062,-0.22695492995622818
1.1929304520934092,-0.22691745615191405
1.1934368993307112,-0.22669202212680978
1.194564169928477,-0.2261902420211665
1.1947021725663576,-0.22612881313412547
1.194851559722006,-0.22606231667542992
1.1951326196948138,-0.225937208912372
1.1956349529793815,-0.22571360612427638
1.1960172175579897,-0.22554344932162607
1.1961435835164362,-0.22548720025054703
1.1968536061286466,-0.22517114905390434
1.1975434186287905,-0.22486409395117896
1.1977641254906912,-0.2247658510690349
1.197829427661261,-0.2247367832213396
1.198259159419928,-0.22454549743096286
1.1984571512787445,-0.2244573656407518
1.1994325559296504,-0.22402318537405586
1.199851314597188,-0.22383678401767126
1.1999542967379346,-0.22379094374687414
1.2007328907131012,-0.2234443694923104
1.200862075194717,-0.22338686581665257
1.2009910591745967,-0.22332945139000226
1.2010075854818512,-0.22332209506205725
1.201073543176427,-0.2232927354220401
1.2011773457690376,-0.22324652994485533
1.201707324184695,-0.223010621525063
1.2020557604089885,-0.22285552268208564
1.2022825184803856,-0.22275458623501915
1.2023372446293794,-0.2227302260743993
1.2024100996858558,-0.22269779622303276
1.20318135192586,-0.2223544899829571
1.2036546613279604,-0.2221438065478895
1.2036819116777147,-0.22213167664455885
1.2039746432659173,-0.22200137351455218
1.2046227300867463,-0.22171289169477781
1.205477357991591,-0.22133247258225186
1.205713606290875,-0.22122731176566734
1.2065455536900078,-0.22085698838931583
1.2067648285404187,-0.2207593829360891
1.207062711371219,-0.2206267868419441
1.207330320260439,-0.22050766653758236
1.2075135403031387,-0.2204261101015642
1.2077631614925846,-0.2203149966323944
1.2081071836371668,-0.220161862621453
1.2087804668939603,-0.2198621651536123
1.2089733511996186,-0.21977630688013128
1.2092745584500204,-0.2196422309925613
1.209518074020332,-0.21953383530758652
1.209521566389479,-0.21953228075505676
1.2105052825576996,-0.21909440079633963
1.2105329947034893,-0.21908206533449975
1.2108438267760873,-0.21894370516566836
1.2110313127190748,-0.218860249856477
1.2111558839120191,-0.2188047996864116
1.2114641104492776,-0.21866759931523722
1.2126673781445378,-0.218131990746681
1.2130436304691585,-0.21796451016875162
1.2132748086418834,-0.2178616062092567
1.2133416388248053,-0.21783185819993833
1.2134242430365285,-0.21779508872314435
1.2135384412655867,-0.21774425585341928
1.2136823869342497,-0.21768018155486868
1.2137741708859155,-0.21763932591554436
1.2140149192612406,-0.217532161987519
1.2143117295627055,-0.21740004330659163
1.2153040953817795,-0.21695831314302788
1.2154872736456643,-0.2168767753039449
1.2156253614949404,-0.21681530848689567
1.2157569686766698,-0.21675672639872406
1.216162129901398,-0.21657637764967508
1.2166365549643587,-0.21636519760232542
1.2176860750523673,-0.2158980264531094
1.2177800753793568,-0.21585618424228553
1.217956013778032,-0.21577786907248608
1.218456397320343,-0.21555513416995187
1.2192197115665755,-0.21521536135597763
1.2194910540152848,-0.215094579138426
1.2200279189168872,-0.21485560534848053
1.2205607975174786,-0.2146184059741424
1.2207863605072498,-0.2145180014917928
1.2209401135388596,-0.21444956165791718
1.220974623803331,-0.2144342001606983
1.221478427243635,-0.21420994296460005
1.2215885216543185,-0.21416093682079296
1.221733371612251,-0.21409645999744836
1.2219131521604327,-0.2140164345779635
1.2226198556777859,-0.21370186080455117
1.222684464028966,-0.21367310179553867
1.2230655174045202,-0.21350348413371006
1.2230714783298458,-0.21350083075683168
1.2232794862327236,-0.2134082405414145
1.2236191969001964,-0.2132570256911821
1.2236984333366587,-0.21322175530664655
1.22375148127649,-0.21319814216450883
1.2238143453461972,-0.2131701595846373
1.224799385822328,-0.2127316901389199
1.2249315110676817,-0.21267287744594005
1.225058390995534,-0.2126163995925055
1.2252936743292915,-0.2125116683094374
1.2253039393599265,-0.2125070990532475
1.2254520191025429,-0.21244118456116284
1.2256022259390047,-0.21237432323929617
1.225748256447086,-0.21230932091960697
1.2258649313869892,-0.21225738559566037
1.225865895408143,-0.21225695648251103
1.2259581794319927,-0.2122158782468786
1.2260014491279925,-0.21219661767832204
1.226384409252697,-0.21202615126838276
1.227096031806017,-0.21170938789258759
1.2270987579772408,-0.21170817439647788
1.2271405795677661,-0.21168955842072773
1.2273370709061584,-0.21160209455470325
1.2275111426496532,-0.21152461028605152
1.2275311048639224,-0.21151572453847267
1.2289448942068766,-0.210886406815407
1.229025104726807,-0.21085070283870083
1.2292172233436687,-0.21076518539501338
1.2296897413644794,-0.21055485422619657
1.2299166042812595,-0.21045387110947733
1.2311335190928274,-0.20991218782250304
1.2312657825597033,-0.20985331360320425
1.2314600185520335,-0.20976685365566006
1.2316405078846955,-0.2096865127361061
1.2319746919969787,-0.20953775791228813
1.2324978187516988,-0.20930489936105073
1.2327383345738216,-0.20919783894904964
1.2328061170310018,-0.20916766705545808
1.23290372623944,-0.2091242184291754
1.2330885594882148,-0.20904194390939235
1.2331210063666675,-0.20902750088379574
1.2334641465271008,-0.2088747594690069
1.23362260108397,-0.20880422685293148
1.2336865735750417,-0.20877575088328237
1.2340501473318128,-0.2086139138953902
1.2342223337989515,-0.20853726881669965
1.2345439139805445,-0.20839412435980337
1.2345776112004556,-0.2083791247717715
1.2345888899559339,-0.20837410427791087
1.2349653549990185,-0.20820652901296166
1.2351700300099253,-0.2081154223622615
1.2356290639460838,-0.2079110933418506
1.2358220551625454,-0.20782518747933965
1.2358918350049806,-0.20779412649293744
1.236723285424745,-0.2074240243361941
1.2367467874965181,-0.20741356289767116
1.2367991563176441,-0.20739025205052486
1.237098306540137,-0.20725709180440188
1.2374106322792424,-0.2071180667622567
1.2374771332154038,-0.2070884653100069
1.2375207076718884,-0.20706906908391753
1.2378329157392458,-0.2069300964208038
1.238157894543442,-0.20678543914062236
1.2386906174376988,-0.20654830907558863
1.2388003485206165,-0.206499464659272
1.2388044107099276,-0.20649765646363039
1.2392212608288056,-0.20631210465636912
1.2393530473039776,-0.2062534427596026
1.2393824934657283,-0.20624033543809228
1.2399630834981832,-0.20598189835262404
1.2400225199515815,-0.205955441501958
1.2400910000171175,-0.20592495908310737
1.2401452706368148,-0.2059008016914935
1.2403908107784765,-0.20579150481240627
1.240557621441558,-0.20571725265652696
1.2406622892646242,-0.2056706620407337
1.2407130936098936,-0.20564804758615007
1.2408199345212396,-0.20560048966714783
1.2409439799928332,-0.20554527351056207
1.2409913015045753,-0.20552420936393379
1.241001759555602,-0.20551955418889478
1.2414010066018903,-0.20534183800835976
1.2415569524032832,-0.2052724221104798
1.2415795213162455,-0.20526237604740244
1.2417511954009435,-0.2051859590446644
1.2421882877234365,-0.2049913968586276
1.242190166420537,-0.2049905605972795
1.24233510076437,-0.204926046211378
1.2427369245126834,-0.204747183067712
1.2427423760481353,-0.20474475643470968
1.2429453582847105,-0.20465440328586137
1.2433152406017254,-0.2044897581789321
1.2435438425548462,-0.20438800096782905
1.2436921276270354,-0.20432199507772952
1.2438377958940559,-0.20425715400180755
1.2442154250175046,-0.20408906057168208
1.2443133678493903,-0.2040454634401433
1.2443154676119423,-0.2040445287762948
1.2443370734503296,-0.20403491140501773
1.2443593751196897,-0.20402498429964505
1.2448527778398006,-0.20380535675900607
1.2454424306889325,-0.20354288555686834
1.2467503972885055,-0.2029606725373747
1.2468886449646222,-0.2028991345768671
1.2471231505428257,-0.20279474949484844
1.2479351820853586,-0.20243329123096293
1.249130735381246,-0.2019011165603013
1.2491566721123237,-0.2018895713858896
1.2495233326469322,-0.20172636038565972
1.2495361686337598,-0.20172064672397183
1.2497945873545093,-0.20160561722417414
1.2498724853993755,-0.20157094259568664
1.249873786973553,-0.2015703632281154
1.2501120362764164,-0.20146431170810125
1.2502672943376376,-0.20139520194287203
1.2504305326587213,-0.20132253993770594
1.2504775272570157,-0.20130162130952262
1.250698102494148,-0.20120343701729493
1.250987992101597,-0.20107439893350304
1.2512209291004155,-0.2009707120706442
1.2514152389357391,-0.20088421925348976
1.25199549690205,-0.20062592998007756
1.2520424419105771,-0.20060503342570574
1.2521894179484794,-0.20053961022388367
1.2522837190321592,-0.20049763413772925
1.2533542531859787,-0.2000211090319891
1.2534813585008047,-0.19996453085242188
1.2538024224865076,-0.19982161616895222
1.2538071377015902,-0.1998195172930241
1.254012620539919,-0.19972805105543318
1.2544024849214575,-0.199554511365014
1.2545694333105448,-0.19948019790338423
1.2548836476438947,-0.19934033219439173
1.2551766164872218,-0.19920992345540217
1.2552822844101965,-0.19916288766678264
1.2553622313697754,-0.19912730100826187
1.256073752956712,-0.19881058257546658
1.256596408832637,-0.19857793362573223
1.256885053893897,-0.19844944952473698
1.2570276458757301,-0.19838597779057665
1.2574000079743664,-0.19822022886253615
1.2582603432239978,-0.19783726924901995
1.2583065147759442,-0.19781671698210246
1.2584023745588888,-0.19777404707471008
1.258732282578702,-0.1976271956608947
1.25897482481567,-0.19751923323418907
1.2592355678364506,-0.1974031691225442
1.2594267770445147,-0.197318056482498
1.2599062820906548,-0.1971046151905974
1.2600945726831227,-0.19702080170910735
1.2604309178936537,-0.1968710849191836
1.2605603205857012,-0.19681348411187538
1.2610272207429385,-0.19660565361342391
1.2611311799649216,-0.19655937841606452
1.2616732203049281,-0.19631810089174112
1.262480142789227,-0.19595891681453736
1.2629088100707808,-0.19576810485310575
1.2631750440582201,-0.1956495965565106
1.263490166443155,-0.19550932664801068
1.264857433541935,-0.1949007172949166
1.264910970514196,-0.19487688647057833
1.2654335782682624,-0.1946442589412476
1.266220831423973,-0.19429383023990188
1.2678686637729277,-0.19356033333882094
1.2678790318760118,-0.19355571820216155
1.267897030108383,-0.19354770667861193
1.2679383932684363,-0.19352929476326314
1.2682674232692184,-0.19338283418061386
1.2688587535608444,-0.19311961630125984
1.270077026596606,-0.19257732843018593
1.2707067694640943,-0.19229701202416705
1.2710252052869861,-0.19215526721048354
1.2713332348876762,-0.1920181545013595
1.2718201117086994,-0.1918014318234395
1.2719404895470474,-0.19174784823440316
1.271943579402328,-0.19174647285220836
1.272164745194195,-0.1916480256873237
1.2723272488965238,-0.19157569068179492
1.2732898659198264,-0.19114720255072493
1.2736366556716514,-0.1909928365993273
1.273819696566129,-0.19091135990726232
1.2739764971918799,-0.190841563502823
1.274114217997848,-0.19078026006715737
1.2744171609209916,-0.1906454115824367
1.2745293424592101,-0.19059547639898572
1.2751013999574001,-0.19034083738644964
1.2753592700723793,-0.19022605208663534
1.275742642423901,-0.19005540218285139
1.275882249463269,-0.18999325913121734
1.2760750194654478,-0.18990745173745577
1.2764644580755202,-0.18973410156998854
1.2769925784987082,-0.18949902019532583
1.2771096766867485,-0.18944689647163243
1.2773990505838608,-0.189318087945134
1.2777171438889292,-0.18917649559584543
1.2780678917535362,-0.1890203677762201
1.2780926187949895,-0.18900936106896016
1.2786220939574717,-0.1887736766614252
1.2786516493147473,-0.18876052073389066
1.2792565189131095,-0.18849127612521543
1.2795820473103636,-0.1883463742055807
1.2804085413918032,-0.1879784782555577
1.280680427376379,-0.18785745409478039
1.2808833160937274,-0.1877671425739914
1.2809231153331142,-0.18774942680407458
1.281165399355191,-0.18764157931613845
1.2811711092775757,-0.1876390376677861
1.2814264578950947,-0.1875253747579858
1.2814280239428097,-0.18752467766574415
1.2816671048877162,-0.18741825595827633
1.281832509661061,-0.18734462960378134
1.2822147827770647,-0.18717446900089418
1.2822267839597827,-0.18716912693418547
1.2825812973929294,-0.18701132295323453
1.2828437162580313,-0.18689451287576553
1.283073135479064,-0.18679239187554175
1.2832725720313014,-0.18670361701132665
1.2832805612073668,-0.1867000608025351
1.2836751981769234,-0.1865243966978672
1.283878300430818,-0.186433990125907
1.284601481671355,-0.18611208165069704
1.285810563405938,-0.18557388508838735
1.2859124952928427,-0.18552851231535422
1.2861595764141924,-0.1854185295025148
1.2862059009731108,-0.18539790912785592
1.286212109857006,-0.18539514537758767
1.2865472745583268,-0.18524595406578576
1.2866087192537354,-0.18521860328965922
1.2867342724671484,-0.18516271599443912
1.287103482764112,-0.1849983700226892
1.287323180194194,-0.1849005764672691
1.2873588401839984,-0.18488470319470557
1.2875054937958004,-0.18481942351388292
1.2875750941640842,-0.1847884424165141
1.2876636489828812,-0.18474902415578837
1.289112150120361,-0.18410425522876284
1.2896463183033167,-0.18386648182474963
1.2896645141931882,-0.18385838231824236
1.2897376511870295,-0.18382582696856065
1.2899598737152003,-0.1837269094203849
1.2901061203844828,-0.18366181088121591
1.2907236998184526,-0.18338690876433766
1.2909677513829434,-0.1832782744931562
1.2914051542808913,-0.18308357406117837
1.2914180724982551,-0.18307782379634713
1.2918830173763067,-0.18287086364810118
1.29229987586049,-0.18268530811720518
1.292467137396739,-0.18261085526489512
1.2925239988075634,-0.18258554463869137
1.2929444729775494,-0.1823983796635258
1.2929784859274815,-0.18238323953510932
1.2932736613377158,-0.18225184859062415
1.2934968667603481,-0.18215249352825458
1.2939885460321725,-0.18193363314331457
1.29424848904055,-0.18181792513987383
1.2946511664579503,-0.18163868200389233
1.295002840282,-0.1814821420134648
1.2950461464142575,-0.18146286522609673
1.295049370213331,-0.1814614302217218
1.2951565954385655,-0.1814137012337108
1.2955550268675857,-0.18123634810754796
1.296199302818452,-0.18094956261404732
1.2962325983399872,-0.18093474183335234
1.2963072655191126,-0.18090150535481386
1.2970987813598271,-0.18054917921150881
1.2972048193189225,-0.18050197870932022
1.2973613563362656,-0.18043229964445756
1.297672282386901,-0.18029389764333714
1.2990774908686835,-0.17966839950488023
1.2994542486771314,-0.17950069392176676
1.299478383389898,-0.1794899508768001
1.2999610557468975,-0.17927509972503008
1.3001526803458214,-0.17918980218273417
1.3011682503802398,-0.17873774316498947
1.3019416348081474,-0.178393487827622
1.301984251363596,-0.1783745179904439
1.3022204587647719,-0.17826937537876697
1.3023833079087093,-0.17819688660738348
1.3026190822847665,-0.17809193674746476
1.3035958661558118,-0.17765714255077836
1.303954724023046,-0.17749740473903342
1.3046675531023673,-0.17718010430430525
1.3047026306695184,-0.17716449028457848
1.3048757342115258,-0.1770874369898613
1.3049654286718688,-0.17704751144237013
1.3052854824067919,-0.17690504645016725
1.3055999966042204,-0.17676504726317094
1.305985818530287,-0.17659330698430192
1.3062130490829789,-0.17649216022241443
1.3066201159274153,-0.17631096322800155
1.3067368349778359,-0.1762590082692128
1.3069522512540777,-0.1761631203767548
1.307211647955622,-0.17604765554997548
1.3072459821277251,-0.17603237243646264
1.3075249644730669,-0.17590818948429876
1.3084098082197038,-0.17551432044385257
1.3085406294245179,-0.17545608821629155
1.3086049889169853,-0.1754274399813482
1.3087462785741641,-0.17536454794881773
1.3091997549757657,-0.17516269274461616
1.3099316845338993,-0.1748368901451946
1.3112464042104555,-0.17425167113965928
1.311248582274134,-0.17425070162175943
1.3115254857350378,-0.1741274440400033
1.3117208232711774,-0.17404049376407615
1.3117209654918764,-0.17404043045761053
1.311878019143747,-0.1739705214240711
1.3122309230542002,-0.17381343388730752
1.3122340633196536,-0.17381203606611528
1.3128587671809049,-0.17353396266464816
1.3129542548774324,-0.17349145838347013
1.3136013858432953,-0.1732034020418436
1.3138339348058785,-0.17309988790491548
1.3138483477707363,-0.1730934722855928
1.3146029641517227,-0.17275757113805812
1.3146400424464928,-0.1727410665377398
1.3147480107656502,-0.17269300677755406
1.3147489841735296,-0.17269257348610706
1.315055766817532,-0.17255601583276092
1.3153661836591057,-0.17241784049503184
1.315514974076745,-0.1723516096613441
1.3159104292811137,-0.17217558133716127
1.3160645069328787,-0.17210699700565013
1.3165043508770826,-0.17191120999477044
1.3165395637050885,-0.17189553576660221
1.3171084411797775,-0.17164231227269278
1.317229366420431,-0.1715884850193694
1.317835191476703,-0.17131881510928748
1.3181860962677456,-0.17116261743725636
1.3183589268032165,-0.17108568566548932
1.3184241764407905,-0.17105664120171998
1.3188628910948732,-0.17086135686989307
1.3189203796016078,-0.17083576710551907
1.3191491180201882,-0.17073394914977064
1.3201025045357402,-0.17030956977942185
1.3201556204379685,-0.17028592638529427
1.3205643047457534,-0.1701040094120836
1.3211715033828721,-0.16983372808222014
1.3211798821554623,-0.1698299984529691
1.3216986677013258,-0.16959907229688415
1.3221702372564463,-0.16938916331703902
1.322331208362519,-0.16931751051355887
1.3224438349357983,-0.16926737723238366
1.3224492467654119,-0.16926496827357584
1.3226317213917467,-0.16918374364351718
1.3227212829321144,-0.16914387726247593
1.3237719166009283,-0.16867621042686892
1.324302187032108,-0.16844017202268813
1.3244103722736678,-0.1683920157041906
1.3246865767611784,-0.16826906925531038
1.3247000586094706,-0.16826306810237185
1.3249148988501438,-0.16816743661967803
1.3253002107849081,-0.16799592335239805
1.3255884720011142,-0.16786761011171958
1.3257495482413435,-0.1677959105100454
1.3259429665031326,-0.16770981455755085
1.3266565760787228,-0.16739216670180312
1.3273066971387926,-0.16710277938446416
1.3274737197153383,-0.16702843289989328
1.3277932243472583,-0.16688621232900636
1.3281974749969423,-0.1667062689027281
1.328689009641038,-0.16648747289569077
1.3290281094556171,-0.1663365299534013
1.3292802182403036,-0.1662243091850567
1.3295901048365166,-0.16608636987457226
1.3296662447304928,-0.1660524778488966
1.3300553883189632,-0.16587925900390926
1.3303121127040693,-0.1657649837009474
1.3305266785230716,-0.16566947437112028
1.3305653829495065,-0.1656522459334906
1.3307882869448016,-0.16555302504497527
1.3308836268028055,-0.16551058657091594
1.33127299474079,-0.16533726786159886
1.3329358411697514,-0.1645970877677984
1.333030491979043,-0.1645549560088581
1.3333545014383277,-0.1644107302115816
1.333557967189551,-0.1643201618366536
1.3338365407767734,-0.16419616083431865
1.334198793760428,-0.16403491175998974
1.3343799231867055,-0.16395428591661843
1.33514602704515,-0.16361327136715187
1.3353079718384955,-0.16354118514785876
1.335428783245212,-0.16348740856524824
1.335496395284187,-0.1634573125296318
1.336432411725525,-0.16304066507182619
1.3369472480089055,-0.1628114968444495
1.3370678957926638,-0.16275779309505717
1.3372139119675792,-0.16269279715546653
1.3382524054803362,-0.16223053424754197
1.3388034686483452,-0.16198524040664208
1.3388992857346302,-0.16194258950474333
1.3391615218221367,-0.16182586078676453
1.339393956636026,-0.1617223974606566
1.339807931951114,-0.16153812531007405
1.3400321557830237,-0.16143831692485927
1.3405964356459656,-0.16118713995829892
1.3416074756682264,-0.16073709737740932
1.342123998147157,-0.16050717857658298
1.3421508744058102,-0.16049521519180854
1.3427523524910843,-0.16022748024177158
1.3431298139106798,-0.16005946146138628
1.3432985710525964,-0.15998434287258695
1.3444057749157756,-0.15949149503947946
1.344425454467341,-0.15948273511308475
1.3444585500598165,-0.15946800332648292
1.344778262160616,-0.15932569040531525
1.3450790622663509,-0.15919179574938058
1.3456591483564582,-0.15893358298294002
1.3456621080346902,-0.15893226554624024
1.3458090859981153,-0.15886684148731356
1.3465847822074442,-0.15852155711048732
1.3475821463211963,-0.15807760206424093
1.3477203536805606,-0.15801608204986284
1.3479229749600083,-0.15792588957326642
1.3483818444118694,-0.15772163376948012
1.3486700775296203,-0.15759333303622092
1.3489479230184005,-0.15746965613114694
1.3490714960552121,-0.15741465026867807
1.3497098187756198,-0.15713051472685202
1.3497479257787208,-0.15711355221928758
1.3502269234697106,-0.15690033676555004
1.3512781999000651,-0.15643238381855656
1.3512846873668132,-0.1564294960631616
1.3517180622509462,-0.1562365886143428
1.3526804241270562,-0.1558082140565228
1.3526820447370425,-0.15580749267706734
1.3527866137353393,-0.155760946050981
1.3534227119461177,-0.15547780070146455
1.3536423928085948,-0.15538001452075528
1.3542418433672436,-0.15511318208030767
1.3542763320445035,-0.15509783019216883
1.3546493134361572,-0.15493180559924696
1.3548075692654213,-0.1548613614424631
1.3554812616155887,-0.1545614818755623
1.3560348561853648,-0.15431506123596045
1.3561118086741402,-0.1542808075012993
1.3562634011883714,-0.15421332937496796
1.3568477163464143,-0.15395323413047846
1.3572643862373686,-0.15376776254777624
1.3573546636965916,-0.15372757749095323
1.3579915392588555,-0.15344408612024962
1.3586841082254968,-0.15313580403612964
1.3587502776701221,-0.15310635014016155
1.3592515976423916,-0.15288319840610132
1.359597442926203,-0.15272925286419603
1.360137459524952,-0.15248887616448753
1.360252507003921,-0.1524376652695475
1.3604201884739253,-0.15236302549281622
1.3604624117230204,-0.15234423072744796
1.3609480209975888,-0.152128072270395
1.3612058725319722,-0.15201329524133056
1.3619765905852794,-0.15167022678289988
1.3626633685187286,-0.1513645224518524
1.3630046285461077,-0.15121261793759516
1.3642131955559695,-0.15067465049385342
1.3643854275684706,-0.1505979851416307
1.364479127925529,-0.1505562764559285
1.3646935187104503,-0.1504608450387338
1.3651998516711876,-0.15023546188136871
1.3652202622966314,-0.15022637653326165
1.36522978452744,-0.15022213791833594
1.3654290211714344,-0.1501334520389475
1.3658710561797678,-0.14993668972329838
1.3664023550430417,-0.1497001935348321
1.3669008224384753,-0.14947831156360347
1.3680741297098384,-0.1489560392292204
1.3687243009180172,-0.14866662958953597
1.3689064318869484,-0.1485855579311317
1.3692951858538995,-0.14841251251773024
1.369421079676845,-0.14835647360754978
1.3697813135392876,-0.1481961233013223
1.370077024510948,-0.14806449396326138
1.3701395538897958,-0.1480366603637811
1.3702726894079813,-0.14797739796971837
1.3702945133894127,-0.1479676834967873
1.371070012764916,-0.14762248673627765
1.3713760196412055,-0.14748627439913653
1.3718177933290985,-0.147289628404625
1.3720630103955405,-0.1471804753354785
1.3723866746498294,-0.14703640319873357
1.3725270401776533,-0.1469739225223815
1.3726578131254936,-0.14691571177536777
1.3728426440436348,-0.14683343829301587
1.373091236602724,-0.14672278269638345
1.3738602206056199,-0.14638048611295829
1.3740151329368249,-0.14631153024196197
1.3740242629986155,-0.14630746619258556
1.3743442012781895,-0.14616505259283208
1.3743740809467102,-0.14615175230516686
1.3745447782488018,-0.14607577009606254
1.374716199579234,-0.14599946560141486
1.374784447658619,-0.14596908644617768
1.3748316243745895,-0.14594808675225285
1.3761066763782417,-0.14538052495266268
1.3762466514978349,-0.14531821805808376
1.3763889344353462,-0.14525488388831376
1.3764648309363487,-0.14522110020375167
1.3764671771447734,-0.14522005583985764
1.3765579542558275,-0.14517964837383746
1.3767218299094353,-0.14510670267389392
1.3770953248970672,-0.14494044946483953
1.3772885674437778,-0.14485443172810875
1.377294806801726,-0.14485165441297543
1.3773805315481626,-0.1448134958977011
1.3775517311253667,-0.14473729011170278
1.3784161602692864,-0.14435250818976064
1.3787483907753273,-0.14420462297147363
1.379266445805251,-0.14397402198874665
1.3794121875528942,-0.14390914820451584
1.37952161770842,-0.1438604377395139
1.3799299895713972,-0.14367865984434613
1.3799753275950029,-0.14365847860452696
1.380137166972561,-0.14358643930878967
1.380294738809498,-0.14351629961638468
1.3803098419779443,-0.14350957676787474
1.380584574438907,-0.14338728555974878
1.3808280265048312,-0.14327891814237753
1.3810325825574894,-0.14318786444336662
1.3820429179106593,-0.14273813553066939
1.3820655857350825,-0.1427280454392963
1.3824129158543497,-0.14257343895502866
1.3825456059101449,-0.1425143748489064
1.382690455379397,-0.14244989824308724
1.383317111588012,-0.14217095579645195
1.383571819179394,-0.14205757822556087
1.3835983354277903,-0.1420457750915592
1.3838181405522976,-0.14194793359829666
1.3838905929636351,-0.14191568297569823
1.384271231494404,-0.14174624997304597
1.386355242968032,-0.14081859737617042
1.386480197235622,-0.1407629766887188
1.3865345226021197,-0.14073879492775176
1.3867140123288766,-0.14065889896112893
1.3870822715613338,-0.14049497633515717
1.3872514826340412,-0.14041965568889236
1.3878384205185506,-0.14015839299448812
1.387869342491959,-0.14014462874736366
1.387882153384743,-0.14013892625574603
1.3882309545557023,-0.13998366496466003
1.388556206292273,-0.13983888619453994
1.3885929864982456,-0.13982251428199738
1.3891959860247864,-0.13955410209531371
1.390032070129397,-0.13918193735406204
1.3902795978950317,-0.13907175572718744
1.3912682673887724,-0.1386316709028348
1.391526382495713,-0.13851677655015227
1.3916875840739977,-0.1384450211569555
1.3919926737631747,-0.13830921708580413
1.392171084524,-0.13822980139751045
1.3927058024612191,-0.1379917832822869
1.392814092652568,-0.1379435802476624
1.3932591577610571,-0.1377454691485187
1.3940151943806338,-0.13740893581251828
1.3942174612710199,-0.13731890108454148
1.3944388614621008,-0.1372203495819208
1.3950631912609488,-0.13694244268623568
1.3959031223194287,-0.13656856555674046
1.3960962146093367,-0.1364826147035727
1.3968518901499352,-0.13614624209406345
1.3968674916260033,-0.13613929743470216
1.3970192038099793,-0.13607176603997412
1.3970336188102936,-0.13606534951461197
1.3971382758689226,-0.1360187636903749
1.3971408458977768,-0.13601761969766152
1.3974456551731531,-0.13588194044664353
1.3975979449140317,-0.13581415196496227
1.3976170012743907,-0.13580566943864336
1.3984044469297285,-0.1354551550502554
1.4001996870417814,-0.1346560427742266
1.4002151624216461,-0.1346491542438607
1.4002653126008064,-0.1346268309771605
1.4011700859162608,-0.1342240907205517
1.4012406917026006,-0.13419266208309866
1.4013162204845881,-0.1341590420806964
1.4022789465084822,-0.1337305054303728
1.4025749808054646,-0.13359873217104318
1.4030486970921858,-0.13338786762009436
1.4032160188132874,-0.13331338797779985
1.4033862671826343,-0.13323760560138925
1.4034948075892286,-0.13318929118886447
1.4035258202843666,-0.13317548655892597
1.4043368090180688,-0.13281449247881866
1.4043811523503547,-0.1327947540043095
1.4048929962690775,-0.13256691776328744
1.4050825396103475,-0.13248254664778514
1.4051732133629307,-0.13244218518955114
1.4053091396532957,-0.1323816805436619
1.4054253274063702,-0.1323299620803864
1.405747790888342,-0.13218642444144624
1.405790634859933,-0.1321673533748952
1.4064212955746538,-0.13188662840904852
1.4065961217932905,-0.131808808302119
1.4068558197978815,-0.1316932093568104
1.4077153066215176,-0.13131062740176103
1.4078136098527692,-0.13126686984624575
1.4085701246941809,-0.1309301236401471
1.4087404864984496,-0.13085429077063637
1.4102135846883324,-0.1301985729981625
1.4111920006390153,-0.12976305231655355
1.4112047476475937,-0.12975737826160727
1.4113598194247523,-0.1296883514166962
1.4114208561874784,-0.12966118222297313
1.411808123306317,-0.12948879864782437
1.4120958634693657,-0.1293607173426804
1.4122105996777736,-0.129309645003093
1.4135377948811179,-0.1287188727868539
1.4139081160523435,-0.1285540323334723
1.4139940369222042,-0.12851578651810097
1.414523748145952,-0.1282799970330034
1.4147412876223928,-0.1281831640439356
1.414905747611781,-0.12810995823956817
1.415220074810493,-0.12797004229100273
1.415242432573693,-0.12796009021667143
1.4153074029907708,-0.12793117004186205
1.4153917686555555,-0.1278936164923664
1.415689930583462,-0.12776089616418573
1.4157272293062257,-0.12774429344511734
1.4160319879065248,-0.12760863675101308
1.4165860562873178,-0.12736200520469343
1.4168467918892063,-0.1272459443954077
1.416978420837499,-0.12718735261832176
1.4174257291568584,-0.12698824300241562
1.4185015069957752,-0.12650938378375953
1.4186521353128874,-0.12644233484890455
1.4186605617973005,-0.1264385839817681
1.418689731666488,-0.1264255996459117
1.4189408687212126,-0.1263138114221254
1.419172021898406,-0.12621091858885036
1.4194052330332134,-0.12610710970028993
1.420253318135701,-0.12572960297460745
1.4203585923569275,-0.12568274243379934
1.4203783740564049,-0.12567393703847252
1.4210995161612439,-0.1253529362403792
1.4213582871986419,-0.12523774991445152
1.4217611640842478,-0.125058417989516
1.4220148614502814,-0.1249454900985712
1.4222966789457725,-0.12482004514068801
1.422533040662226,-0.12471483383890547
1.4227665700563348,-0.12461088328410641
1.4227789033385267,-0.12460539339050547
1.4228551831929621,-0.12457143906446089
1.4229865755767985,-0.1245129525889217
1.4236499803649845,-0.12421765230755188
1.4236652276401773,-0.12421086531304304
1.4240518120107446,-0.12403878564850834
1.4245684776143328,-0.12380880313883907
1.424902994280417,-0.12365990028589513
1.4249748672871472,-0.12362790757271558
1.4250275778346937,-0.12360444461345033
1.425172692476714,-0.12353984997171336
1.4251860720304177,-0.12353389435299655
1.4252263812839803,-0.12351595156130918
1.4253882222750929,-0.12344391154733303
1.4255855433379865,-0.12335607834740697
1.4258809336131224,-0.12322459176046191
1.4261005154267627,-0.12312684966919812
1.4263756092279984,-0.12300439761827142
1.4266827927762775,-0.12286766151106449
1.4267191999633733,-0.12285145563980049
1.4267441914382915,-0.12284033122570726
1.4269826468636126,-0.12273418795474289
1.4272011411443117,-0.12263692995522718
1.427230021126807,-0.12262407465615688
1.427481484473971,-0.12251214119035425
1.4276406686122647,-0.12244128381690011
1.4277873011924924,-0.1223760134978274
1.427896711306008,-0.12232731195409241
1.4280933257030664,-0.1222397933111663
1.4287667865718836,-0.1219400167831779
1.4288914092381724,-0.12188454370086754
1.4294838380250647,-0.12162083685012376
1.429707861188227,-0.12152111778825797
1.4299547570365094,-0.12141121744571404
1.4313594546531716,-0.12078594670780757
1.4316121986217105,-0.12067344320112011
1.4325530348314452,-0.1202546503277413
1.4326599472079753,-0.12020706059755937
1.4326901276194177,-0.12019362644069248
1.432984097528613,-0.12006277209890048
1.4330344442972578,-0.12004036132464668
1.4332882981603263,-0.11992736377243457
1.433437790851839,-0.11986082033673351
1.4334720855755265,-0.1198455547828291
1.4334808550877192,-0.1198416512243019
1.4337155256431875,-0.11973719270622502
1.4339612022469992,-0.1196278350839654
1.4340308628808762,-0.11959682716067244
1.4344454903906987,-0.11941226469972155
1.434448955279544,-0.11941072237945316
1.4347668789582344,-0.1192692055356751
1.434797825057161,-0.11925543054959853
1.4348205365503326,-0.11924532102002733
1.4349207398636137,-0.11920071768412577
1.4353377672197856,-0.11901508698351948
1.4354633780768842,-0.11895917402946066
1.4354857575532045,-0.11894921229000388
1.435912954062449,-0.11875905501102946
1.4360935892723592,-0.11867864915737608
1.4361084608092372,-0.11867202941464489
1.436772239639832,-0.11837656263639329
1.436926647324939,-0.11830783139768386
1.4374233473479165,-0.11808673613404741
1.4375433708796053,-0.11803331025695118
1.4377181167247024,-0.11795552592656289
1.4378392830072209,-0.1179015913786709
1.4380653035841124,-0.1178009832113196
1.438424752724871,-0.11764098220696378
1.4385942341391542,-0.11756554122399843
1.4386486142498607,-0.11754133509483178
1.4388392501644274,-0.11745647764397626
1.4389243919233543,-0.11741857863297267
1.4392021218429498,-0.11729495317101951
1.439644109771055,-0.11709821181211494
1.439788366172411,-0.11703399919763208
1.4398210785741188,-0.117019437980106
1.440696100162248,-0.11662994106090863
1.4408742629060716,-0.11655063577201469
1.4410762732263087,-0.11646071525068602
1.4411429958467128,-0.11643101512049409
1.4418369032977976,-0.11612213723899695
1.4422846936763694,-0.11592281304486723
1.4423735856366093,-0.11588324471292594
1.442503332321488,-0.11582549078465504
1.4434771814597906,-0.11539200292072366
1.4435176876909184,-0.11537397244873693
1.443660906459136,-0.11531022171418515
1.444108018768389,-0.11511119934793512
1.4445030758909851,-0.11493534822123652
1.444588198315781,-0.1148974578164027
1.4448909097463174,-0.11476271237560515
1.4450622746255426,-0.11468643300899029
1.445102707748033,-0.11466843507973096
1.4451426371748484,-0.11465066135969826
1.4454194798507378,-0.11452743083507572
1.4459876021972957,-0.11427454347010835
1.446254659880253,-0.11415566852328307
1.4462896616393985,-0.11414008824784927
1.446575565394537,-0.11401282437993537
1.446658805856571,-0.11397577169008788
1.4471230172586342,-0.1137691380328012
1.447391615188223,-0.11364957747852833
1.4474773482808796,-0.11361141524811458
1.4476755576742917,-0.1135231866270871
1.4480954932197467,-0.11333626140897218
1.4484484034508902,-0.11317917105869008
1.4484805977601942,-0.113164840458783
1.4490414115399233,-0.11291520634413793
1.4490917396444547,-0.11289280387781025
1.4491689637994059,-0.11285842921683142
1.4499540951154792,-0.1125089450064708
1.4499661645771678,-0.11250357254685611
1.4501025201849318,-0.1124428767996199
1.450107174075239,-0.1124408052210879
1.4513799605220474,-0.11187425188508626
1.4516719201729467,-0.11174429236626071
1.45259948516078,-0.11133140689004212
1.452655220968239,-0.11130659730181147
1.4527367448170854,-0.11127030872516669
1.4529274417048412,-0.11118542413341603
1.4533363949019702,-0.1110033874699341
1.453417160638882,-0.11096743635040679
1.4537046247479624,-0.11083947792471116
1.4543124606562707,-0.1105689129273722
1.4543168901114787,-0.11056694125126676
1.454506180206956,-0.11048268286264706
1.4550188886148028,-0.11025446181300447
1.4551279736653255,-0.11020590496402433
1.4551659867279816,-0.11018898427201551
1.4556869308936171,-0.1099570972530648
1.4562493401485332,-0.10970675294717591
1.4564901350068904,-0.10959956832823498
1.457021852933937,-0.10936288560260143
1.4575240657011068,-0.109139336460217
1.4578228763836694,-0.10900632735294424
1.4584630423926181,-0.10872137131112408
1.45885234746067,-0.10854808058699639
1.4590031152716803,-0.10848096955945241
1.4590635563986825,-0.10845406550007891
1.4590683669112343,-0.10845192420454508
1.4591442261412702,-0.10841815711034719
1.4591950200589914,-0.10839554729736095
1.4592103476823561,-0.10838872453760273
1.4592628856715468,-0.10836533838895424
1.459438528108406,-0.10828715496015073
1.4599578500677652,-0.10805599003120947
1.4599684173733953,-0.10805128622384863
1.460750991505706,-0.10770294028848681
1.461531943743456,-0.10735531630438122
1.46177887160585,-0.1072454017114487
1.4620426789615628,-0.10712797357743936
1.4626161595525566,-0.10687270110594638
1.4626208932775107,-0.1068705939907495
1.4631938140671017,-0.10661557070273336
1.4637814376935383,-0.10635400276515361
1.4646048163353704,-0.10598749358563475
1.464858411151177,-0.1058746113427037
1.4652531066716845,-0.10569892117534768
1.4656367104157677,-0.10552816827217354
1.4661233878218063,-0.10531153435951757
1.4665653183178609,-0.10511481856524696
1.466914574020792,-0.10495935494909253
1.467095945398995,-0.10487862140605886
1.46790331886477,-0.10451923658421292
1.468120477201185,-0.10442257325137749
1.4682682394233915,-0.10435680009663012
1.4690773762199454,-0.10399663036625723
1.469276156437731,-0.10390814765511597
1.4696216495747645,-0.10375435886372619
1.4698967716021203,-0.10363189424855301
1.4708902008315503,-0.10318969073088796
1.4708943103655112,-0.1031878614608005
1.471588579093881,-0.10287882276453986
1.4716007178359003,-0.10287341946628581
1.4716330153890909,-0.10285904290959758
1.4717550520069667,-0.10280472095076049
1.471900273711684,-0.10274007865238127
1.4726169273085041,-0.1024210758164742
1.4728790501302569,-0.10230439751629378
1.472945032825854,-0.10227502674761335
1.4735967870053943,-0.10198491248249236
1.4736304676954886,-0.10196992025235085
1.4737750537418892,-0.10190556090351188
1.4740214532369746,-0.10179588150184954
1.4743476724226487,-0.10165067209270279
1.4751363351256341,-0.10129961596189851
1.4751685894120294,-0.10128525866448745
1.4753005457470476,-0.10122652115828717
1.4757584720702734,-0.10102268516779789
1.4759011883452948,-0.10095915810721517
1.4761942550584877,-0.10082870580357328
1.476722475994622,-0.10059357968774818
1.4771363275217833,-0.10040936263868194
1.4772019871649802,-0.10038013566978449
1.4772242200750114,-0.10037023917113869
1.477515148676427,-0.10024073860167276
1.477753218002991,-0.1001347671942126
1.4788896527731614,-0.09962890785559164
1.479086703140339,-0.09954119515000404
1.4796997124762425,-0.09926832731335544
1.4798850654454918,-0.09918582145125315
1.4801896861092831,-0.09905022615659959
1.4802329667963747,-0.09903096069559658
1.4808228518226272,-0.09876838614483929
1.481090882401341,-0.09864907813452722
1.4812449294304748,-0.09858050743401753
1.481258987139329,-0.09857424994921499
1.481487714900306,-0.09847243673746775
1.4823306284502997,-0.09809723201643428
1.4829158952030488,-0.09783671319015957
1.48316743462994,-0.09772474585911328
1.4832149388910854,-0.09770360036554393
1.483620151637787,-0.09752322868260382
1.4839338704811076,-0.09738358353027243
1.4840409355742428,-0.09733592582159911
1.4840689701277239,-0.09732344684695449
1.4846883488534963,-0.09704774381427783
1.4848099624699265,-0.0969936101453781
1.4850122887509691,-0.096903548980936
1.485064870798226,-0.09688014322079319
1.485182058207314,-0.09682797978228169
1.4853975645004471,-0.0967320518207529
1.4854341336012036,-0.0967157738771276
1.4854341459302407,-0.09671576838912344
1.4854553021386814,-0.09670635116088455
1.4855893696590112,-0.09664667390624149
1.48577203577041,-0.0965653640407515
1.4858919447069852,-0.0965119891731896
1.4859460329564254,-0.09648791295974812
1.4865195921381225,-0.09623260550530455
1.4877108777426449,-0.09570233050507548
1.4877867038438493,-0.09566857815745972
1.4878161442126876,-0.0956554734145389
1.4887687651281474,-0.09523143483449886
1.4888204072428406,-0.09520844746499074
1.4889074353756997,-0.09516970877546382
1.48952594735023,-0.09489439155834078
1.4895536527628919,-0.09488205909360703
1.4904581409119908,-0.09447944577262851
1.4905426645642614,-0.09444182189842304
1.4909337013243755,-0.09426776034905848
1.4910382339850923,-0.0942212298978593
1.491292916555914,-0.09410786346432887
1.491382357888792,-0.09406805059104956
1.4914633825953767,-0.094031984196778
1.4915760748895983,-0.09398182166134783
1.4917534855536883,-0.09390285114446761
1.4935331117818786,-0.09311068905086156
1.493687043187792,-0.09304216981752583
1.49423954956736,-0.09279623356223998
1.494483376049006,-0.09268769948181482
1.4949522784111229,-0.09247897774520103
1.4955675790794298,-0.09220508997153126
1.4956445613141096,-0.09217082299612467
1.4958911765142449,-0.09206104757802858
1.4962894505373627,-0.09188376451769587
1.4968242390277953,-0.09164571499723656
1.4969413555796496,-0.091593583099289
1.4971011883435184,-0.09152243700420021
1.4971946813582762,-0.09148082061243507
1.4976004754199308,-0.09130019016972685
1.497647296541858,-0.09127934876079319
1.4980347152044127,-0.09110689772923941
1.4982107775502453,-0.09102852738704581
1.4984812678010297,-0.09090812450695374
1.4984895423162938,-0.09090444128559444
1.4989518722142852,-0.09069864513911813
1.4991430473614962,-0.09061354766052354
1.499665891859501,-0.09038081474975324
1.4997381823322349,-0.09034863621061862
1.500371583871511,-0.09006669122604932
1.5015023938146426,-0.08956333565742947
1.501627648030439,-0.08950758145452625
1.5018840617968734,-0.08939344441674235
1.5023953508216774,-0.08916585517473707
1.502419678437597,-0.08915502626310723
1.5027282094516679,-0.08901769036067031
1.5028996116771074,-0.08894139437019655
1.5031657420936828,-0.08882293217592957
1.5031790980418387,-0.0888169870647113
1.5035562999522112,-0.0886490837992393
1.5039711586237479,-0.08846441844165492
1.5039818537384881,-0.08845965774283532
1.5040231602588274,-0.08844127103942906
1.5040413103895551,-0.08843319190161425
1.50417059690005,-0.08837564281000926
1.504368946813845,-0.08828735163937518
1.5044368288525025,-0.0882571354192444
1.505550527975143,-0.08776139636198443
1.5057107381427681,-0.08769008227378305
1.5060284362577967,-0.08754866583478638
1.5061285176782475,-0.08750411675683967
1.506429575714214,-0.08737010728884553
1.506932083381041,-0.08714642687826224
1.5073062921935283,-0.08697985592552493
1.5074050735479956,-0.08693588554380971
1.5074801061126353,-0.0869024864218188
1.5080279275954342,-0.08665863554692027
1.5080538261276504,-0.08664710737590497
1.5084395508824098,-0.08647541035074013
1.5084844448393062,-0.08645542677760432
1.5085925259611257,-0.08640731680575542
1.5090741595836392,-0.08619292802415757
1.5091282642311936,-0.0861688445114503
1.5095875614971943,-0.08596439827546021
1.5097075107071878,-0.0859110054810579
1.5097833925826993,-0.08587722830671646
1.5103227983953473,-0.08563712348522001
1.5104330577822211,-0.0855880439058328
1.5113424123676844,-0.08518326439604584
1.511387531823753,-0.0851631804468348
1.5116191719700058,-0.08506007084982387
1.5120686679957889,-0.08485998742375861
1.5124852718114228,-0.08467454525305479
1.513001831119957,-0.08444461005832787
1.5131942879412106,-0.08435894207027617
1.513993960568918,-0.08400298510980342
1.5143250011061289,-0.08385562958038306
1.5143285566768845,-0.08385404689502529
1.5148141637611543,-0.0836378894129362
1.515521043852306,-0.08332323704151984
1.517571714742776,-0.08241042528354531
1.5176141627844304,-0.08239153045663511
1.5177784911390475,-0.08231838324663654
1.5183455680519216,-0.08206596123384413
1.5192050387010307,-0.08168338647853501
1.5192845235341272,-0.08164800552561474
1.519872624020012,-0.08138622532437367
1.5198967923062918,-0.08137546733488427
1.5199970050132903,-0.08133085981757271
1.5201615957613759,-0.08125759580880154
1.5202473947826616,-0.08121940423168567
1.5204066880005993,-0.08114849830378923
1.5215735357742706,-0.08062910127498107
1.5219358622518693,-0.08046781948641402
1.5224073067488806,-0.08025796617347897
1.5224786969588293,-0.08022618836683643
1.5224828236572545,-0.08022435145635898
1.5225400452086846,-0.08019888052136037
1.522993051280275,-0.07999723467438252
1.5230234282316748,-0.07998371303200785
1.5232231716050861,-0.07989480159298823
1.523868296185405,-0.07960763835045609
1.5244462030517427,-0.07935039561830498
1.5247156322631885,-0.07923046503690712
1.525544395620704,-0.07886155896775976
1.5257337890154246,-0.07877725459771823
1.525903903004717,-0.07870153203768004
1.5271541978005743,-0.07814499037324396
1.52737259603898,-0.07804777512487615
1.528683982264251,-0.07746403993302453
1.5286957030681274,-0.07745882267088822
1.528800973668699,-0.07741196374173609
1.5289260932949469,-0.07735626944845697
1.5289653136732062,-0.07733881134604104
1.5301519649951634,-0.07681059919638189
1.5305758876088311,-0.07662189922115648
1.5306846484304983,-0.07657348669563319
1.5310880109206093,-0.07639393861436372
1.5311652335418244,-0.07635956463609417
1.5314204063910504,-0.07624597996574484
1.5317390706115215,-0.07610413348582296
1.5318426819487714,-0.07605801314182181
1.5320793058990498,-0.07595268511232844
1.5326773900734447,-0.07568646088825476
1.5327584515283512,-0.07565037813626319
1.532874233464761,-0.07559884031349162
1.5331783459379709,-0.07546347122887498
1.5331919157677085,-0.07545743091290052
1.5333139712420636,-0.07540310056050964
1.533443800050954,-0.0753453100765128
1.5335134347669606,-0.0753143136899988
1.5339457635050713,-0.0751218719104369
1.534102768103249,-0.0750519847120869
1.5342679375858137,-0.07497846309218958
1.5344658774632767,-0.07489035444035291
1.5344877574948081,-0.07488061501793286
1.5349219829701204,-0.07468732894686253
1.5355532026330814,-0.07440635517730587
1.5360433006758645,-0.07418819864224624
1.5361692162482723,-0.07413215005076323
1.5363071412076874,-0.07407075574060973
1.5364800068324656,-0.07399380834959735
1.53649383377431,-0.07398765358573389
1.5374210448170664,-0.0735749256605045
1.5381417974937108,-0.07325409820794254
1.538257228122784,-0.0732027167620275
1.5382828766624321,-0.07319129986979256
1.5386854886412966,-0.0730120858623588
1.538966022750125,-0.07288721217626859
1.539043317037929,-0.07285280629716834
1.5394894575700173,-0.07265421649648801
1.5400600153921322,-0.07240024503229481
1.5404173281545872,-0.07224119499049697
1.5404565240262071,-0.07222374779668089
1.54047970094195,-0.07221343109432654
1.540899709697975,-0.07202647328811107
1.541078206304456,-0.07194701938748227
1.5413090480947271,-0.07184426516135517
1.541374743368397,-0.07181502233232384
1.5417563020256873,-0.07164517975526774
1.54196258089845,-0.07155335918017958
1.5422463893945755,-0.0714270279714615
1.5424784928567177,-0.0713237121394113
1.543044460234632,-0.07107178401208913
1.5435740964080213,-0.07083602793403443
1.5442894290114273,-0.0705176131097513
1.5448392705058969,-0.07027286307038288
1.5449207201080197,-0.07023660754305983
1.5450576472667699,-0.07017565738227383
1.5462493854009187,-0.06964518094827687
1.5465869870201683,-0.06949490489520849
1.5468338017108578,-0.06938504067821044
1.5470456392095822,-0.06929074580109773
1.547205594930346,-0.06921954497440885
1.5476956218033424,-0.06900142011903898
1.548209817617582,-0.06877253698263686
1.548549678005176,-0.06862125548773346
1.548884185292702,-0.0684723568094518
1.5488991840242006,-0.06846568044878842
1.5493812692596485,-0.06825109064146845
1.5502916042418382,-0.06784587472930043
1.5504322310842469,-0.0677832777344175
1.5504518330926895,-0.06777455232466512
1.5504593599143996,-0.06777120192290675
1.5513587049961937,-0.0673708779270118
1.5531715698814066,-0.06656392036471775
1.5534648303894054,-0.06643338179751257
1.5536486404656311,-0.06635156272084253
1.554506979489216,-0.06596949168414057
1.5546598284055226,-0.06590145429762129
1.554725144493559,-0.06587238025486708
1.554834651455258,-0.06582363560125981
1.5548373873690224,-0.06582241776846909
1.5549132475168674,-0.06578865026572822
1.5552435120532606,-0.06564164015627416
1.5552859576129592,-0.06562274643415328
1.555425641839417,-0.06556056902435675
1.555670726729668,-0.0654514747905805
1.5557882340541378,-0.06539916894866182
1.5559343499177116,-0.0653341286348228
1.5565081474620355,-0.06507871507841573
1.556788168920828,-0.06495406958739192
1.556873823540671,-0.06491594228745268
1.5569551000617663,-0.06487976380340232
1.5573135645319414,-0.06472020110384258
1.5573645748148168,-0.06469749498059152
1.558149608663836,-0.06434805415558031
1.5581728462477527,-0.06433771044810171
1.558664039894902,-0.06411906622847369
1.5587718465571139,-0.06407107842637827
1.5590493247872015,-0.06394756499856152
1.5598029290673423,-0.06361211436581049
1.5598632693025536,-0.0635852552162337
1.5598936434095814,-0.06357173483996964
1.5603226465685551,-0.06338077336997505
1.5613226738329975,-0.06293563287984533
1.5616120949933008,-0.06280680331516048
1.5618496953740724,-0.0627010406487688
1.5623127280731175,-0.06249493166561665
1.5624849033285546,-0.06241829157757234
1.562753650836832,-0.06229866444158394
1.562776555386079,-0.062288468977279465
1.5628148799732875,-0.06227140961685945
1.5628937896900885,-0.06223628466450892
1.5629649635163196,-0.062204603176394146
1.563232266007874,-0.06208561925832112
1.5634365290693728,-0.06199469597798268
1.5639499532704024,-0.061766156308498577
1.5639717681697978,-0.06175644587823914
1.5641101964777084,-0.06169482751339833
1.5643774306322193,-0.0615758740140806
1.5644508819010843,-0.061543178771675144
1.5651268052415692,-0.06124230612772669
1.5653254019706215,-0.061153905092623195
1.5655286998488247,-0.061063411442736526
1.5656876539467943,-0.060992656466753115
1.566058874584576,-0.06082741563530386
1.5664780830333942,-0.06064081406851818
1.5666137296648814,-0.060580433906725184
1.5666436110038398,-0.06056713287550036
1.5667710018285093,-0.060510427607406825
1.5668595459685202,-0.0604710141001113
1.5675116062084615,-0.06018076359882818
1.5679080712455686,-0.06000428576946082
1.5679651885062478,-0.059978861257232285
1.5679937048856665,-0.059966167808200965
1.5680381251779536,-0.059946395076613035
1.5686089505314311,-0.05969230452662477
1.5690024978168344,-0.05951712547127075
1.5695880148245747,-0.059256495249403796
1.569854779674821,-0.059137750650720966
1.5702797131373514,-0.058948600718005284
1.5709610115158958,-0.05864533549221296
1.5713397899785484,-0.058476730458619564
1.5713568020027817,-0.058469157924275095
1.571675030817802,-0.05832750525566466
1.571760343155428,-0.05828953031524531
1.5729174414111515,-0.05777447307331296
1.5731893385589664,-0.05765344394346178
1.5734578177807477,-0.057533936229399674
1.5739039950975329,-0.057335330054807676
1.5741465388531966,-0.05722736695208758
1.5741523427763164,-0.05722478346134274
1.5741947674565966,-0.05720589903324258
1.574494356307656,-0.05707254354110808
1.5748163352195341,-0.05692922159805591
1.5749661285393037,-0.056862544344193466
1.5751968580631341,-0.0567598400910429
1.575635563837805,-0.056564559711693885
1.5758056725434537,-0.05648883950355532
1.5773183029692939,-0.05581552481196156
1.577380494588465,-0.05578784155889027
1.5773954848615577,-0.05578116896330326
1.5775864345373876,-0.05569617184841319
1.5776641083593506,-0.05566159702789758
1.5777376551857587,-0.055628859250119955
1.5779753225510464,-0.05552306676702107
1.5783913857192509,-0.055337865253818064
1.5786932582845175,-0.05520349321573714
1.5786996949094008,-0.05520062809149773
1.5787108443158042,-0.055195665174577635
1.5788629164229417,-0.0551279735678456
1.5788795201120376,-0.055120582795048834
1.5790733380470823,-0.05503430893665573
1.5793430663839156,-0.05491424520606658
1.5793609994865907,-0.05490626267359161
1.5797062801665667,-0.05475256845286203
1.579914461178092,-0.05465990118187758
1.5799764506332257,-0.05463230791775131
1.580348219743102,-0.0544668229458215
1.58043387064965,-0.05442869729877514
1.5807035070930164,-0.054308674472573815
1.5807366597847097,-0.05429391726949123
1.5811046377032731,-0.05413011986430999
1.5814944752325595,-0.05395659212658965
1.5817877410720629,-0.05382605118618078
1.581898335189203,-0.0537768226088613
1.5827988115248608,-0.05337599505979629
1.583064319717213,-0.053257809835173364
1.5830761768825745,-0.05325253187467344
1.5834477256720132,-0.053087144973617384
1.5836061109620658,-0.05301664319016591
1.5840297208097132,-0.05282808243596426
1.584584059920425,-0.05258133038008139
1.584588239001398,-0.05257947015264686
1.5851561994928305,-0.05232665483398502
1.5853785721039155,-0.05222767047964849
1.5858637483421543,-0.05201170477934425
1.5858979922912217,-0.05199646182666284
1.5860566627716384,-0.0519258330968943
1.5862056860417006,-0.05185949861399047
1.5866413055932345,-0.05166559200006643
1.5868419753336052,-0.0515762682088472
1.5872316197270533,-0.05140282644136451
1.5872995307960893,-0.05137259729898941
1.587317387763133,-0.05136464865664231
1.5873584990054175,-0.051346348877035486
1.5876427805389257,-0.05121980710596585
1.5883313331918159,-0.05091331279697464
1.5884954209496736,-0.050840272683415455
1.589048284318501,-0.050594177522088724
1.5891033171739093,-0.050569680837747266
1.5893554562410164,-0.05045744658983864
1.5903969578652388,-0.04999384468620893
1.5905261529954147,-0.04993633627057503
1.5917151720098492,-0.04940707019386076
1.5917160693795551,-0.04940667074916072
1.5928654619043312,-0.04889504354656132
1.593005151530587,-0.04883286373316159
1.5932765394358324,-0.048712061281616925
1.5933261414164723,-0.04868998203362196
1.5935757793441991,-0.04857886111376869
1.5944841557849179,-0.048174517003941764
1.5944999520235439,-0.048167485650243425
1.5948042560532567,-0.048032031298396116
1.5948469422028082,-0.04801303048290961
1.595079816685891,-0.04790937144757751
1.5958580109813187,-0.04756297510179808
1.5959855910635157,-0.047506185589812344
1.596063291941313,-0.04747159872597784
1.5960668425185265,-0.04747001826338715
1.5961163757498502,-0.047447969617661956
1.5961430223884707,-0.04743610844327456
1.596575275106641,-0.04724370050234339
1.5969454284382543,-0.047078934759132385
1.5970110228323622,-0.04704973683445457
1.5975825530369745,-0.046795332535240874
1.5984098387003218,-0.046427084229666016
1.5988401844292546,-0.04623552514371537
1.5989463409810607,-0.0461882718525487
1.5995514462833573,-0.045918922325369094
1.5996337576175268,-0.04588228321667864
1.599792509015905,-0.04581161846803078
1.5999891568268945,-0.04572408495161656
1.600263146097213,-0.045602124558718926
1.6005525474127478,-0.04547330382750292
1.6007093832203214,-0.04540349176263703
1.600797812039522,-0.04536412958790398
1.6012112467086261,-0.04518009809417872
1.601297923122102,-0.04514151596492161
1.6013859520090827,-0.04510233181135942
1.6018760004499761,-0.044884197355507416
1.6020219820023256,-0.04481921682740242
1.6025202067251425,-0.04459744287663614
1.6031272068126194,-0.04432724992684833
1.6034532015480756,-0.04418214042685725
1.6036142821458452,-0.044110438885518355
1.6037807611064538,-0.044036334379814746
1.6045101099058845,-0.04371168054926666
1.6053647266653042,-0.04333126639788526
1.6056018311817213,-0.04322572445477785
1.6060867482375865,-0.04300987412389673
1.6062274833593593,-0.04294722893079855
1.6068783536728009,-0.04265750809953933
1.607086974322962,-0.0425646451329324
1.6079413496909392,-0.04218433843172675
1.6080896458606206,-0.04211832760181905
1.6081261883313767,-0.042102061511962
1.6082940312452896,-0.0420273498719691
1.6085547674289327,-0.041911288803728186
1.6088653578958032,-0.04177303618045647
1.6097695959036318,-0.041370534204449916
1.6099402247067176,-0.041294582486195386
1.610243201910539,-0.041159718742173
1.6107014343214234,-0.04095574650338801
1.6107951795458852,-0.040914017845932515
1.611131511837016,-0.040764306806800155
1.6113977182763264,-0.04064581077265822
1.6121733428833214,-0.040300558268061004
1.6125179148949456,-0.04014717949570845
1.6127582118956423,-0.04004021648732836
1.6128321836881867,-0.04000728954507404
1.6137414058391415,-0.03960256898564174
1.6137604536490664,-0.039594090265363535
1.616416816236345,-0.0384116679593855
1.6165484285267537,-0.03835308359719608
1.616686000210842,-0.03829184653990719
1.6166930659475263,-0.03828870138016749
1.6171187431702605,-0.03809922037869651
1.6173943807617388,-0.03797652627131415
1.6175231227048332,-0.03791921958209976
1.6175265821765823,-0.0379176796731347
1.6176782879945266,-0.03785015111210821
1.6196082481819007,-0.03699107111070715
1.6200829581281218,-0.03677976425374058
1.6206788743310416,-0.03651450505524079
1.6208362754088872,-0.0364444413725491
1.6213626806867563,-0.03621012345769897
1.6218692427547017,-0.03598463831821941
1.621878269354095,-0.03598062032288962
1.6220359169174077,-0.035910446922527484
1.6221426944629405,-0.035862917209445566
1.6223893769844155,-0.03575311182471219
1.622996724975088,-0.03548276401334738
1.6242232750365708,-0.034936791803438505
1.6247090993467963,-0.03472053762791738
1.6254551973880609,-0.03438842823492183
1.6260043673759197,-0.034143977102185696
1.626197819803153,-0.034057865941683085
1.6263624312536733,-0.033984592717671236
1.6263998474231631,-0.03396793771973494
1.6265604825155353,-0.03389643448548013
1.6268074312605365,-0.03378651059710697
1.6269281150807722,-0.033732790806856594
1.6280852125237653,-0.033217733926693804
1.6287662915103578,-0.032914566358479724
1.6288619663223232,-0.03287197878691489
1.6289685623771006,-0.032824529860513985
1.629412883622845,-0.03262674987576941
1.6301243655929945,-0.032310049077529546
1.6301259609080885,-0.03230933895754773
1.6305139310579384,-0.03213664244336195
1.6306167647838956,-0.03209086823619578
1.630801542115826,-0.03200861860658577
1.6314790732956632,-0.031707030267752845
1.6317066850161048,-0.031605713837292326
1.6317717250605437,-0.03157676266937004
1.6337525216371793,-0.03069505394969657
1.6352306726841737,-0.03003708700725405
1.6356844327145927,-0.029835105551823726
1.6359128597766497,-0.02973342618969188
1.6362317120269947,-0.02959149601234151
1.6363358523781835,-0.02954514018923693
1.6367092126372558,-0.029378946951684415
1.6369779279292018,-0.029259334156098438
1.637404779025843,-0.02906933063006767
1.6380355647244405,-0.028788550030353632
1.638330310570263,-0.028657350297168316
1.6383431716177466,-0.02865162548027167
1.6392862967429167,-0.02823181374573297
1.6393835033099053,-0.02818854434657586
1.6396194963971369,-0.02808349713211228
1.6400833347446755,-0.02787702953197202
1.6400977182068261,-0.027870627045140706
1.6408189895853265,-0.027549568703675364
1.6408270535817018,-0.027545979190242598
1.6408877846176786,-0.027518946084164275
1.6412689154635949,-0.02734929393808072
1.641459092546621,-0.027264640726153866
1.6415747153014224,-0.02721317375962945
1.642051382735659,-0.027000995569244735
1.6425529697589107,-0.02677772496322045
1.6430475457641673,-0.026557575160096047
1.6431379490385596,-0.02651733409937368
1.6437210739317996,-0.026257768675496784
1.6437596890643569,-0.026240579985103762
1.6441427983632049,-0.02607004717352346
1.6443313757134572,-0.02598610604801299
1.6443938796505204,-0.025958283773392266
1.6444054709252083,-0.025953124168370145
1.6444524469089508,-0.025932213826051542
1.6444850595233225,-0.02591769702669844
1.64488886077786,-0.025737953638941713
1.6450001432896206,-0.02568841863765775
1.6460946705509716,-0.025201213519456034
1.646282165753639,-0.02511775408851835
1.6464434799001666,-0.025045948588005573
1.6467858035827292,-0.024893570610667104
1.649109517371434,-0.023859219716843016
1.649369033366148,-0.023743701789291582
1.649405315692885,-0.02372755149691319
1.6494918928745874,-0.023689013538532366
1.6494993446866872,-0.023685696525678313
1.6500179575184744,-0.023454847249525845
1.6501576423970532,-0.02339266954945196
1.6502099035549798,-0.023369406626248423
1.6504190219147667,-0.023276322114975323
1.650784685066987,-0.023113555077925785
1.651269103819306,-0.02289792655608236
1.6515570961997144,-0.02276973298183993
1.651657700532175,-0.02272495114093126
1.6517903696951488,-0.02266589633479643
1.6522716544010574,-0.022451662865872635
1.6526606004018503,-0.02227853197276286
1.6534557567554238,-0.021924585333961355
1.6535087231153185,-0.02190100850536658
1.6535129683313734,-0.0218991188393321
1.6537420066232726,-0.021797167401466533
1.6538622027777425,-0.021743664685075825
1.6541023437153377,-0.021636771144807276
1.6541427342491966,-0.021618792172955537
1.6547063139181042,-0.021367926882613242
1.6554250496676906,-0.02104799722147266
1.6554474603525284,-0.02103802159021978
1.6558564339339912,-0.020855975853092845
1.6560851293107732,-0.020754177056469203
1.656092592158552,-0.020750855131321688
1.6561366217922124,-0.02073125629296524
1.6563530887527094,-0.02063490071115409
1.6570344637009589,-0.0203316014020149
1.6580585113589668,-0.019875768753636225
1.658490576366179,-0.01968344436817515
1.6586733406013363,-0.01960209082501807
1.6589024103150722,-0.019500125400402246
1.6593323557255282,-0.019308744507556375
1.6600984074945486,-0.018967753144569388
1.6602371165602956,-0.018906009806455126
1.6602539232144968,-0.01889852868813502
1.6605707896961293,-0.018757482432742945
1.6606316039167164,-0.018730412298836152
1.6612214146699646,-0.01846787080909884
1.6618854544542858,-0.01817228787294478
1.6621091799687142,-0.01807270130296995
1.662281591379098,-0.017995956095662957
1.6625412580718255,-0.017880371088152658
1.6628430851174858,-0.01774601931213926
1.6639280153056144,-0.017263086123343707
1.664159108620118,-0.01716021993664918
1.664754336184034,-0.01689526727089563
1.6659950451201366,-0.0163429925444335
1.6666048655563404,-0.016071544177459263
1.6666715563881107,-0.016041858197289538
1.6669754403179662,-0.015906590843800195
1.6673663268196428,-0.0157325961787263
1.6674679867057551,-0.0156873444809581
1.6676750005368521,-0.015595196755076257
1.6682584049763851,-0.01533550689721791
1.66856190360879,-0.015200411050548757
1.6691257053242998,-0.014949446920967668
1.669578519802282,-0.014747886357737605
1.6698109471948634,-0.014644426335064131
1.6701647974852978,-0.014486917537737232
1.6703863079031316,-0.014388316970063653
1.6709287362493674,-0.014146866733165897
1.6714125303988159,-0.013931516239769848
1.671544523344755,-0.013872762437010633
1.6717415700232465,-0.013785051373361668
1.6719606433198764,-0.013687535637437631
1.672594783000141,-0.013405262085385006
1.6727558009375578,-0.013333588435945898
1.6727887269819024,-0.013318932120024884
1.6727890731438837,-0.01331877803351178
1.673022256446885,-0.013214981533677228
1.6730506263698655,-0.013202353276559275
1.6736031089422716,-0.012956427618516453
1.67389621624709,-0.012825957246391018
1.6741361963953127,-0.012719135278031035
1.6743639445556215,-0.012617758114317035
1.6748079240168487,-0.012420130267551954
1.6748302410947742,-0.01241019630339013
1.6749735190620725,-0.012346419217648896
1.6752002336729166,-0.01224550211610681
1.677167616748166,-0.011369764126225812
1.67728256404446,-0.011318597825434873
1.6773241296052388,-0.011300095815784283
1.6776871019464297,-0.011138526535019455
1.6778444080912625,-0.011068505109703475
1.6778830875965547,-0.01105128776518105
1.6782297579067236,-0.010896974980651064
1.67875707916133,-0.010662249338583563
1.678860759661713,-0.010616098208111047
1.6789193279767562,-0.010590027790442158
1.6791231853671096,-0.010499285085833032
1.6796640781226568,-0.010258518383891024
1.6801439638530486,-0.010044907638636247
1.6809500880671175,-0.0096860788941458
1.681998514505688,-0.009219394559304095
1.6825820439450476,-0.00895964906047897
1.6828363222612954,-0.00884646257212146
1.682905985702927,-0.00881545339901757
1.683103516519054,-0.008727526831979748
1.6838769841301326,-0.008383234467424061
1.6839359854758702,-0.008356971295514937
1.6843274628330276,-0.008182713623913651
1.6846324095196235,-0.008046973207265662
1.6850172667354277,-0.007875662348287849
1.6852205564305849,-0.007785172340906921
1.6852822108326069,-0.007757728218421023
1.6853689776246354,-0.0077191058591074
1.6855322424813184,-0.007646432042193729
1.6862646184976957,-0.007320430711549086
1.6863035210296096,-0.0073031140915535975
1.686562886610478,-0.007187663117469434
1.6866242939359077,-0.00716032897578045
1.686682327333904,-0.007134496664856105
1.6871393464802524,-0.006931064484516858
1.6875522375635108,-0.006747274956264149
1.688143818864168,-0.006483945345673092
1.6881930376620002,-0.006462036663210657
1.6883638836271695,-0.006385988279955401
1.688638611247948,-0.006263699226332631
1.6890024412980125,-0.00610174815502873
1.6892593948077685,-0.00598737086218859
1.6897665073847927,-0.005761640675508883
1.6900236327590812,-0.005647186880892385
1.690105437210229,-0.005610773400206881
1.6907442388779577,-0.005326424665348273
1.6908494415228987,-0.005279595985174135
1.6911432391069132,-0.005148818350206308
1.6912149110638126,-0.005116915130007116
1.6920338176696053,-0.004752396580529394
1.6921795434547033,-0.0046875299016800875
1.6923167059821196,-0.004626474971627492
1.6928361916142753,-0.004395237187283518
1.6928408482224742,-0.004393164398940996
1.693119727804856,-0.004269027189484187
1.693661799767505,-0.004027735589026138
1.6936777867677772,-0.004020619321910335
1.694477925250541,-0.003664454996142985
1.6945463715422027,-0.0036339876110017544
1.6952033096651251,-0.0033415658256958913
1.695611593117978,-0.0031598272843814668
1.6966625064412675,-0.00269203596663814
1.6975067656610965,-0.0023162322498060384
1.6975357911485014,-0.0023033121823747837
1.6977115312916737,-0.0022250852617210493
1.6977772972502543,-0.002195810968831813
1.698086151444593,-0.0020583312096942308
1.6982178926513312,-0.001999689463191179
1.698290351087013,-0.001967436158986091
1.698627131171814,-0.0018175257941943634
1.6989858987134638,-0.0016578281889279012
1.698987395293146,-0.001657162018877445
1.699126231037143,-0.0015953622926823119
1.6997019660960078,-0.0013390862936166759
1.6999603411948963,-0.0012240762111460635
1.7009960575568075,-0.000763049491806056
1.701471415470409,-0.000551454206186297
1.7017546533787042,-0.0004253769822895048
1.7021181714001237,-0.0002635648037827565
1.702284943474183,-0.00018932982497132933
1.7031111560018646,0.00017844079749063102
1.7033904541679057,0.0003027643304027716
1.7034004898162733,0.00030723148204159223
1.704810857758801,0.0009350262427672007
1.7052407355609944,0.0011263770412586194
1.705250376266473,0.0011306683926191052
1.705493019735974,0.0012386758807956255
1.7059283089758968,0.0014324354636557901
1.7065878026722467,0.0017259948071545184
1.7070640000675292,0.0019379637698734298
1.70871449772404,0.002672647074919321
1.7088197469479902,0.0027194964887312656
1.7107211817142987,0.0035658790164074805
1.7110162519918328,0.0036972231633467523
1.7111977128012579,0.003777996514753079
1.7112111987313297,0.003783999484607392
1.7115450617226111,0.003932611368362315
1.7117005848278088,0.004001839112180661
1.7124343957944126,0.0043284791798579025
1.713022071796542,0.004590070431343296
1.7130425169194798,0.0045991711352630915
1.7132991486992413,0.004713405216960287
1.7135227229804277,0.004812924468731161
1.7137784069640913,0.004926736659511377
1.7140340511950234,0.0050405311552238485
1.714164729660598,0.005098699845502264
1.7143041152502934,0.005160744323608024
1.714460692745917,0.005230441406500974
1.7147098928364817,0.0053413674326191485
1.7147178998855344,0.005344931597183966
1.7147699667159768,0.005368108019714213
1.714881084300468,0.005417569607194084
1.7151728326207998,0.005547435056792116
1.715271804932912,0.005591490439169511
1.7154239090879715,0.005659196311340375
1.7156578667089875,0.005763337482078135
1.716018911492619,0.005924048752319666
1.7163392367395,0.006066634602193366
1.7163832571813213,0.006086229349001604
1.7168301162797115,0.0062851390039166954
1.71736257780012,0.006522152724039665
1.717593244741501,0.006624829119967868
1.717784947411678,0.006710161413992166
1.7178402843491745,0.006734793453892607
1.7178831331186968,0.006753866656139418
1.7183905723484394,0.006979742245205922
1.7186641973291594,0.0071015404824741335
1.7188999856135232,0.007206496533374351
1.7189992814640267,0.007250695931863338
1.7190625297576747,0.0072788495407052345
1.7191091271879955,0.0072995913781623845
1.7195348814085178,0.007489106653532307
1.7197657940105704,0.007591892399990696
1.7198668248234021,0.0076368640794050036
1.720181995455684,0.00777715546416724
1.7209212297345735,0.008106209601914882
1.7214015495084032,0.008320013552210681
1.7216279755719348,0.00842080221316266
1.7218982792902715,0.008541122062373452
1.7219575810930474,0.008567518976229427
1.7221286533369862,0.00864366808258088
1.7227004097710266,0.008898173082927618
1.722859338976571,0.008968916978586483
1.7228785098626433,0.0089774504835477
1.7231929324203321,0.0091174088790974
1.7232484367722296,0.009142115439894849
1.7232577098759998,0.009146243161312073
1.7235501100460466,0.009276398767700478
1.7235808404908421,0.009290077760008786
1.7240276972773914,0.009488986385858045
1.724267887661904,0.009595901936351514
1.7245728480249574,0.009731648440778562
1.724763473018945,0.00981650103057441
1.7248391943316506,0.009850206733858391
1.7248974199028464,0.00987612458652265
1.7253640652434232,0.010083841658853565
1.7257080642972753,0.010236965391456132
1.7257200674028785,0.010242308314095672
1.7257764353996254,0.010267399307703262
1.725973855557418,0.010355276617578513
1.726348789491529,0.010522170342510573
1.7263854521513466,0.010538489931926742
1.7264665391644118,0.01057458406057965
1.7265412036017784,0.010607819318683376
1.7265694203428315,0.010620379390182122
1.7269562509378114,0.010792568656184276
1.7270320208378573,0.010826295987070855
1.7272116973624807,0.010906275102720464
1.727256270680762,0.01092611595051729
1.7272847936679336,0.010938812340846593
1.7273099686075792,0.010950018420291974
1.7291404651239126,0.011764824321524592
1.7295001811770192,0.011924944136134319
1.729593336348046,0.011966410144075845
1.7296388791708575,0.011986682545828131
1.729974689689356,0.012136161329167505
1.7314231503813557,0.012780912252763232
1.7320010848174323,0.013038167256986699
1.732037293556154,0.013054284793252657
1.7325047347622657,0.013262356127898944
1.7327418748167256,0.01336791388999714
1.7329344790501195,0.013453647495372256
1.7330908168673214,0.013523237890604056
1.7336265734629959,0.013761718342155893
1.7338383486581435,0.013855985486180167
1.7343676907327208,0.01409161065251463
1.735218113894682,0.014470158114762266
1.7359855197038,0.014811752199389128
1.7360715362671078,0.014850040610626558
1.7361270446226849,0.014874748953575323
1.736503489321154,0.015042315162559272
1.7367132649735446,0.015135692253407496
1.7372690507764665,0.015383088273012602
1.7375126293815604,0.015491512016556297
1.7375225111092187,0.015495910653723022
1.7376324331926511,0.015544840089784406
1.738060905536646,0.015735565278981123
1.7383122132103004,0.015847429450090766
1.7386633249162424,0.016003719225810453
1.738740632291451,0.01603813093048556
1.7397163636296873,0.016472456614974984
1.7399849247332244,0.016592000776928573
1.7400916624521836,0.016639512762073316
1.7401542822357332,0.016667386603249623
1.7401604588517754,0.016670135990181523
1.7402206638593927,0.01669693494612179
1.7404068111964945,0.01677979440387878
1.7404312198726353,0.016790659397711516
1.740540469095586,0.01683928932449419
1.7407360884056013,0.016926365025962786
1.7420173499453824,0.017496690866148912
1.742191147637247,0.017574053146649393
1.7422404957377011,0.01759601938537525
1.7436108659299403,0.018206010013353313
1.7441751580096434,0.018457192417940416
1.7443670047703432,0.01854258885074167
1.7444694207416642,0.018588177103474268
1.7448306563159324,0.018748973300037663
1.7449039352017564,0.018781591809864162
1.7455412785501299,0.019065291405428453
1.7463911244052142,0.019443581892016115
1.7464432366604534,0.019466778534411255
1.746933507295302,0.019685011895093196
1.7470765455688477,0.01974868228634874
1.7472274091970328,0.019815835964834272
1.7474154139238625,0.01989952219942348
1.7477346886701612,0.02004164044170209
1.7478105487777649,0.020075407926530286
1.7478523021901589,0.020093993554261336
1.7482970048791349,0.020291943330203566
1.7491187228783107,0.02065771331059052
1.749188649774899,0.020688839754965827
1.7496603220359654,0.020898794452139713
1.7497065560883338,0.02091937453976711
1.749941601626354,0.021023999973210028
1.7500425115776106,0.021068917853710345
1.7500903071271583,0.02109019300800663
1.750244651016938,0.021158895849607173
1.750270336879335,0.021170329355255757
1.7506185349939662,0.021325322208871178
1.7506442602647607,0.02133677325631489
1.7507233420431287,0.021371974798147564
1.7507979733066588,0.021405195289636136
1.751007628868916,0.021498518924960908
1.751015630588262,0.021502080717122007
1.7521377910025335,0.02200158613519798
1.7523009797192308,0.0220742260600455
1.7526512237242153,0.022230129597466175
1.7527711566377864,0.022283515137868748
1.7531644587713655,0.022458585069194847
1.7535209438043744,0.022617266665146962
1.7535735773996552,0.022640695370777064
1.7540715919021304,0.022862375746508734
1.7541636154716556,0.022903338046536215
1.754562717112508,0.02308098950298898
1.7548551868853548,0.023211176091556984
1.7551662460014676,0.02334963732389439
1.75517793149996,0.023354838870603634
1.7554211156641726,0.023463087037326913
1.7555592719286814,0.023524584307936247
1.7559165553622107,0.02368362129459789
1.7559248544357398,0.023687315447536994
1.7560262983845485,0.0237324710254887
1.7572513529235168,0.02427777753592253
1.7578514408520043,0.024544893687757363
1.7585483208916748,0.02485509475271863
1.7593625659786358,0.02521753832799223
1.7594044407639353,0.025236177982244534
1.759450781341254,0.025256805487147926
1.7599754500768623,0.025490350417799457
1.7600213858996387,0.025510797754979664
1.7601672314115897,0.025575717727645886
1.7610824930863342,0.025983126650361288
1.7617079708242083,0.026261544526255398
1.7622891557895586,0.026520246433223926
1.7623511298940424,0.026547832864340593
1.762698758182996,0.02670257207239013
1.7627592719033447,0.026729508445120453
1.7634753091784425,0.02704823693875391
1.7637575601776505,0.027173874861432856
1.763866876610642,0.02722253470531044
1.7638957278787322,0.027235377222785018
1.7641552213964553,0.027350885145190462
1.766566889013268,0.028424386781744193
1.7669539208592309,0.028596665630264972
1.766982149070387,0.028609230807432162
1.7669858760631465,0.028610889797584305
1.7675131959496835,0.028845614830685262
1.7675893275611962,0.028879503169601528
1.7676038508535166,0.028885967898806375
1.7678305163304124,0.028986863129434992
1.7682970030953349,0.029194509615245945
1.7686335592098739,0.029344320284523273
1.7687266449514811,0.029385755387461576
1.7688214167160925,0.029427940987044154
1.7701158566243667,0.030004132892705204
1.7704808708723674,0.03016661108408758
1.7705666672496627,0.030204801484288057
1.7710124069753774,0.030403212874687058
1.7712314030517342,0.03050069423767765
1.772490892721311,0.03106132880111745
1.7725744638119525,0.031098528663132674
1.773092847654418,0.031329276009645524
1.7732840715720395,0.03141439519733269
1.773554038560163,0.031534565158377714
1.773715642620194,0.031606499707611646
1.7742198417503399,0.03183093303647788
1.774683067844297,0.032037128105189216
1.7750674472873003,0.03220822629394671
1.7759100230154634,0.032583280640904766
1.7762716116016875,0.03274423397309878
1.7765854487648685,0.03288393179295512
1.776734936135383,0.032950472860128754
1.7776080292263217,0.033339111350546125
1.7779597101206628,0.033495654488161164
1.7787266374290684,0.03383703557855311
1.7791055675842464,0.03400570813479087
1.7791987121523114,0.0340471694230533
1.7792508720871776,0.03407038728900258
1.7794568985169712,0.03416209549456761
1.781196633447097,0.03493650084032918
1.7818677912964875,0.03523525222907087
1.7820279344013543,0.035306536465737226
1.7821096643414995,0.035342916779462774
1.7824390069368639,0.03548951650682408
1.7825692229892023,0.03554747936385949
1.7826101694161518,0.03556570577948792
1.7848261341942708,0.036552094533589985
1.7848293046467147,0.03655350579186767
1.785465554024252,0.036836718429994586
1.785722851088418,0.03695124864864374
1.7859983375475366,0.03707387548272745
1.7860271602613937,0.03708670528990321
1.7860476197015576,0.037095812366826464
1.7863841690665279,0.037245620031679305
1.7871380598202016,0.03758119818192229
1.7874477550594172,0.03771905231398187
1.7876196479468742,0.03779556671203177
1.7881163597321283,0.038016667211391075
1.7890763736076005,0.038443996607552156
1.7894507905864412,0.038610660221035764
1.7905622654525744,0.03910540919865779
1.7920505283202157,0.03976787719918051
1.7921295788514409,0.03980306483202356
1.7924471552378185,0.039944427086146206
1.7928270220702136,0.040113516583971776
1.792838658663213,0.04011869636145926
1.7932588865472028,0.040305751707744975
1.7938402323269722,0.040564525197770984
1.7940284761435734,0.0406483178579965
1.794734597817858,0.040962632636561414
1.7953745761050515,0.04124750511810549
1.7953879112049889,0.0412534409491907
1.7960312237002354,0.04153979758127724
1.7964173142243611,0.04171165742075822
1.7964196386699862,0.04171269209741324
1.7967623366383485,0.04186523667997344
1.7974610659568695,0.04217626091138549
1.7976987468090553,0.04228205939788532
1.7982463856618256,0.042525828978979496
1.7983674121199464,0.04257970128706756
1.7984691293024824,0.0426249784890983
1.7984892205459746,0.042633921671243136
1.7984921402111165,0.04263522129698172
1.7993492469024224,0.04301674378764486
1.7995404850677132,0.04310186931737392
1.7996893326528107,0.04316812559791838
1.7997645035177832,0.043201586281308546
1.800182047581641,0.04338744698315655
1.8002364884867161,0.04341168017362029
1.801081439570347,0.043787791858647784
1.801143807206138,0.043815553461707624
1.801184510618281,0.04383367170455499
1.801477303631651,0.0439640021766452
1.801528881363839,0.04398696088767462
1.8016654394816276,0.04404774677786505
1.8016734576122901,0.04405131587516853
1.8028235145232465,0.04456323881489521
1.8032588006853911,0.044756997027748935
1.8035553957338935,0.04488901989347949
1.8042050441788546,0.04517819683643298
1.8042347810877697,0.04519143357775013
1.8045150088519009,0.04531617090113005
1.8045365149249644,0.04532574386403254
1.8051638419128173,0.045604984893525935
1.805182708607705,0.0456133829943659
1.8056157441116167,0.045806139375425436
1.8057320657889058,0.045857917452166164
1.8058589083171888,0.04591437865799175
1.805949849516883,0.04595485916451825
1.8060241906897052,0.04598795052840787
1.8062550563050401,0.04609071535974596
1.807309442811126,0.04656005268963048
1.8078979967942699,0.04682203475535962
1.8080620160568197,0.04689504437971537
1.808148631276099,0.04693359926970009
1.8083847291302562,0.04703869311889308
1.8093446607566925,0.047465985903676344
1.809977614638591,0.047747731623254075
1.8102412205565697,0.04786507009161611
1.8102548190002967,0.047871123144488714
1.810438660607569,0.04795295625652196
1.8107306089458617,0.048082910739785545
1.810812187076698,0.04811922347888331
1.8109399247322402,0.04817608313123256
1.8113145269258022,0.04834282918903998
1.8115810785221678,0.04846147886237384
1.8121762085206798,0.04872638809899954
1.8125046224732415,0.0488725744611187
1.8128970609546602,0.049047259956380374
1.8129106825190666,0.049053323300922935
1.8131535427170655,0.049161427261098734
1.8132525960543233,0.049205518710065954
1.8133343558261934,0.04924191230273778
1.8133893810749875,0.04926640560115947
1.8138830192325537,0.04948613794168544
1.8141776215016925,0.04961727376481817
1.8147836865588485,0.04988705050609832
1.8149499498551147,0.04996105901348824
1.815234302095046,0.05008763225799173
1.815394746036572,0.05015905040558477
1.8154352979058255,0.05017710119239516
1.8155319925783953,0.050220142732832485
1.816842847180315,0.05080364128405712
1.8171105820250961,0.050922817654810215
1.817615082523252,0.051147385131122935
1.8176771029926,0.0511749922005551
1.8177725576871533,0.05121748179161867
1.8184980225175047,0.05154040675740368
1.8189246451286716,0.05173030857807159
1.819463956825536,0.05197037150596462
1.8198445302844086,0.05213977554327087
1.8202281837507266,0.052310550579221404
1.8202765385982025,0.05233207469288381
1.821310924393582,0.052792509139333865
1.8213820304364183,0.052824160455137714
1.8215543848051492,0.052900880271587236
1.8216023410230893,0.052922226943940665
1.8221712365477032,0.053175458472383474
1.8226550062805174,0.053390798097243564
1.8228877266992514,0.05349438855416555
1.8231629798045914,0.05361691151586623
1.8232350517268963,0.053648992772008075
1.8242715566024494,0.05411037048112721
1.824502307798296,0.0542130843811075
1.8245991895049742,0.05425620917572904
1.8250134300594214,0.054440599391870736
1.8250157960363382,0.05444165255528122
1.8261334255454522,0.054939141139002556
1.8262112904817998,0.054973801029949754
1.8265419459942536,0.05512098517393371
1.8266143294652628,0.05515320510923738
1.8266692745682565,0.05517766273249103
1.8269273441764078,0.05529253683237256
1.8269334523752079,0.05529525576485017
1.8276663305139198,0.05562148060438321
1.827866776397295,0.055710704750506546
1.8280889247937617,0.05580958930055946
1.828647563411252,0.05605825518881735
1.8287586623773409,0.05610770848871849
1.8292478238374537,0.056325448124275534
1.8294330338815226,0.05640789036632754
1.8294622821443365,0.05642090959740975
1.8301430698695538,0.05672394751692722
1.8306919817952725,0.05696828377888785
1.8309479986933332,0.05708224415930585
1.8310060159759318,0.05710806929680978
1.8315139465437107,0.057334163594367604
1.8320006698477167,0.0575508179375106
1.8320950121380455,0.057592812365912405
1.8321580299799392,0.057620863394144184
1.8322912422526456,0.05768015995382059
1.8323598364814053,0.05771069318995903
1.832466644551232,0.05775823649027012
1.8324887173672924,0.05776806172654991
1.833499220839128,0.05821786547363206
1.8337535276705605,0.05833106465490645
1.8342248095032299,0.058540845561330546
1.8342270261315383,0.05854183224544107
1.836812348244369,0.059692632421963765
1.8368385922614474,0.05970431437808699
1.8368713177758171,0.05971888143243087
1.8373500473003932,0.05993197751769397
1.8373740818073079,0.059942675958195246
1.8374313268512419,0.0599681573503732
1.8384138701645958,0.06040551523813398
1.8386807906500757,0.060524329114472364
1.8391644907586648,0.06073963774761537
1.8398068590092092,0.061025574069611954
1.8401134194545448,0.061162032816031275
1.8401928401676944,0.061197385227345524
1.840680261241272,0.06141435016750907
1.841023858490174,0.06156729504533576
1.8416270752318782,0.06183580392064714
1.8417767979559863,0.06190244975037884
1.8419613416625715,0.06198459538672374
1.8419831004066138,0.06199428082064329
1.8420147707759125,0.06200837819999838
1.8420290337459075,0.06201472705235478
1.8420405736411256,0.06201986378691782
1.842273152012597,0.06212339101457587
1.8423516838420668,0.062158347758560994
1.8423546561731257,0.06215967082739249
1.8424700256834585,0.06221102506762344
1.843678225596901,0.0627488291063405
1.8437653436691428,0.0627876078304368
1.8439203760817389,0.06285661715306512
1.8447782205074,0.0632384680302076
1.8448127776181298,0.06325385038002374
1.8448294067428705,0.0632612524749474
1.8453791588583317,0.0635059627291853
1.845901503547828,0.06373847316101644
1.8472639449276564,0.06434493444977751
1.848187911906464,0.0647562183501611
1.8490008325515805,0.0651180723788164
1.8491809330691351,0.06519824022574128
1.8494133448698447,0.06530169330803037
1.8498585651741501,0.06549987348923259
1.8500784463920856,0.06559774885383707
1.8505946859018003,0.06582754169704208
1.8514260665006312,0.06619761277450831
1.8514834173843582,0.06622314127897933
1.8517476095708654,0.06634074071208662
1.8518770514114895,0.06639835894553625
1.8521013743557562,0.06649821144847157
1.85212899454111,0.06651050597611396
1.852280257779314,0.06657783753234914
1.8526404802505791,0.06673818276804067
1.853383874206155,0.06706908849582482
1.8537233368214412,0.06722019293099546
1.8538392357396902,0.0672717828257009
1.8539155662589861,0.06730575970411112
1.8542862123148838,0.06747074477287218
1.8545010395835337,0.06756637048135072
1.8547569356391087,0.06768027707135205
1.8548740754975133,0.06773241934370577
1.855190797357308,0.06787340122381735
1.85559697157136,0.06805420088313652
1.8560445550528493,0.06825343298150843
1.8564575461502242,0.06843726702888009
1.858145498749935,0.06918862259114011
1.8586417681485525,0.06940952617166396
1.858896882763562,0.06952308492031256
1.8590680898868992,0.06959929406530885
1.8591495188332765,0.06963554039817377
1.8591874955517613,0.06965244491236167
1.8592870907330252,0.06969677755145909
1.8599208416653454,0.06997887806077907
1.8602500361681416,0.0701254118679393
1.8603842801653594,0.07018516767744876
1.8604505294688414,0.07021465712085828
1.8605609249172468,0.07026379726509102
1.8605973246499694,0.07027999981820221
1.8608731665748228,0.07040278488016338
1.861617756253186,0.07073422285806363
1.8616187305911307,0.07073465656350908
1.8624030052701512,0.07108375946042855
1.8629116406843704,0.0713101675051222
1.8631135887405081,0.07140006031093504
1.8633426313937782,0.07150201369017017
1.8640162543284686,0.0718018623582739
1.8640743747890713,0.0718277334232329
1.8647302305170486,0.07211967340385816
1.864775495206973,0.0721398220007764
1.864981157458336,0.07223136810019604
1.865266202155657,0.07235824957711756
1.8652957400336334,0.0723713977241206
1.865684612961245,0.07254449609028502
1.8669593475222748,0.0731119165871632
1.8675271531059252,0.07336466295197908
1.8676253869448243,0.07340838961899077
1.8689190883659694,0.07398425280309195
1.8690620461318337,0.07404788735809575
1.8695854490969077,0.07428086885839325
1.8697323865394075,0.0743462748803072
1.8706271738342788,0.07474457007601165
1.8709705217533388,0.07489740397005606
1.8710829938396054,0.07494746848468159
1.871487491212212,0.07512752173432835
1.8716337697519707,0.07519263445994961
1.8716568671564595,0.07520291576959026
1.87187248970275,0.07529889547869584
1.8721332508874966,0.07541496767563693
1.8727649352579594,0.07569614829967897
1.8729468130680131,0.07577710726988884
1.8729710047275245,0.07578787566346634
1.8733288043355687,0.07594714241404021
1.8744797346976432,0.07645945415162514
1.875908843175654,0.07709559085606255
1.8762614526491905,0.07725254733060605
1.8766509669438183,0.07742593118741492
1.8767499891218704,0.07747000876653598
1.876899477832068,0.07753655043004093
1.8773042639320139,0.07771673220041286
1.8775858386383713,0.07784206908596858
1.8777247357452658,0.07790389612652948
1.8778832404620152,0.07797445107018985
1.8781548581287102,0.07809535579507032
1.8781804367152097,0.07810674154917552
1.8787183278488073,0.0783461721440799
1.8797713083694345,0.07881488362997113
1.8804471110934509,0.07911570258410938
1.8812997455031366,0.07949523433541661
1.8819008107631119,0.07976278552520788
1.882154397047479,0.07987566397055335
1.882173432404586,0.07988413714772924
1.882396637423235,0.07998349203027466
1.8824842108146542,0.08002247342984714
1.8834415707306462,0.08044862147339349
1.8834771572861604,0.08046446205827218
1.8839244647319278,0.08066357128531765
1.8844293781616803,0.0808883225691921
1.884447479928332,0.08089638017878531
1.885071310871578,0.08117406501969782
1.8857826607383499,0.08149070701497863
1.8861607326796659,0.08165899755589234
1.88656884462213,0.08184065975307009
1.8871009673475585,0.08207752266594115
1.8871923225813931,0.0821181874708028
1.8881566107771572,0.08254741948811983
1.8884457911659251,0.08267614187856742
1.8885133140210573,0.08270619821592651
1.8888700344554104,0.08286498459569169
1.8889931943928768,0.08291980657592912
1.8892623739273988,0.0830396260190489
1.8894531844242508,0.08312456118142941
1.8899267947368483,0.08333537856029116
1.8900963011466219,0.08341083066945842
1.890148503575991,0.08343406745091564
1.890502607263035,0.08359168904225833
1.890852375925272,0.0837473809911441
1.8908805354384908,0.08375991558891127
1.8913631101498531,0.08397472327583944
1.8916557663243039,0.08410499283704698
1.8918609226317038,0.08419631372646275
1.892113694758334,0.08430882976711496
1.892741073265332,0.08458809372924081
1.8929827565728554,0.08469567382209675
1.89344298246655,0.08490053341660331
1.8935420462751351,0.08494462952665505
1.8937110877875358,0.08501987469681982
1.8941723819968594,0.08522520982890414
1.894658961246048,0.08544180004916346
1.8951687326218343,0.08566871374255935
1.8955523719532448,0.08583948248666184
1.8955856302900722,0.08585428671538908
1.896937456593884,0.08645602293283527
1.897471292652672,0.08669364849896455
1.8975567133632854,0.08673167167927309
1.8976930533283003,0.08679236046347805
1.8983529699438166,0.08708610806028949
1.8991317275760704,0.08743275516326288
1.89969767787455,0.0876846756880445
1.89974740801963,0.08770681198566554
1.8999383985343077,0.08779182727908508
1.899990149532806,0.08781486311586195
1.9001422035339124,0.08788254666308615
1.9001720279768648,0.08789582236828541
1.9004673204352935,0.08802726541424077
1.900676427882085,0.08812034506782984
1.9008677130213,0.08820549150698442
1.9014569977002453,0.08846779882613331
1.901715632030707,0.08858292429992709
1.9018738433363525,0.08865334863798624
1.9019756260254919,0.08869865499886398
1.9023812499035573,0.08887920968803109
1.9025777767369774,0.08896668935389884
1.9025907145567056,0.0889724483442983
1.9026496667149613,0.08899868962146473
1.9033294647793622,0.08930128701489193
1.903447736745674,0.08935393322057517
1.9036562512753508,0.08944674894994531
1.905208960452554,0.09013790383016163
1.9056883090182268,0.09035127546816935
1.9062519981400676,0.09060218947911569
1.9069476872172813,0.09091186041291932
1.9075619022883081,0.0911852649564584
1.9076003408749986,0.09120237506128015
1.9078052364231846,0.09129357987937636
1.9082578313000216,0.09149504269191056
1.9085567989801129,0.09162812168323486
1.9088167219586558,0.09174382077082799
1.908910333825498,0.09178549006702619
1.9097727200696555,0.09216936263635989
1.9099626266430498,0.09225389543677964
1.9107513758112704,0.09260499005571154
1.9123658519176245,0.0933236391474297
1.9130463111602567,0.0936265308500348
1.913479915883514,0.09381954060676445
1.914219744180064,0.0941488591586156
1.914643292268978,0.09433739242225403
1.9152091418004902,0.0945892680928011
1.9155853758196972,0.09475674052247185
1.9163503254263807,0.09509724128175201
1.9166282967849213,0.09522097421502518
1.9171117103429356,0.09543615529638272
1.9171118478831952,0.09543621651945222
1.9177483567486517,0.09571954466300936
1.9177841404139016,0.09573547298702034
1.917981270270884,0.09582322107577423
1.9182386648262928,0.09593779469053942
1.9188416409921343,0.09620619647871353
1.9188850229042942,0.0962255069978647
1.9199205303525109,0.09668644072379551
1.920285348707037,0.09684883171743763
1.9202934674250396,0.0968524455890184
1.9204787224551247,0.09693490785562164
1.9225683404894922,0.09786505609165042
1.9232240717729665,0.09815694067849878
1.924432784659115,0.09869497305591224
1.9244594812580051,0.09870685646903199
1.9245930735992862,0.09876632220800763
1.9255127878571365,0.09917571310171136
1.926249111494186,0.09950347163024809
1.9264970916111912,0.0996138546115437
1.9268118540264103,0.09975396428731653
1.9269411444038596,0.09981151510021224
1.9270408493424989,0.09985589659542993
1.9271630610952084,0.09991029651174732
1.9279081540013436,0.10024195849059736
1.9279923972745108,0.10027945756011358
1.9282717647033571,0.10040381192386438
1.928775481447168,0.10062803052889546
1.9291259873670228,0.10078405065205154
1.9295979835777932,0.10099414954842345
1.9296447216239805,0.10101495397798999
1.930041953298241,0.10119177305929139
1.930175452730758,0.10125119744194166
1.93032886280793,0.10131948461707285
1.930464011871198,0.10137964329714366
1.9305581767199482,0.10142155874126813
1.9309358764283353,0.10158968359075093
1.9309439761007574,0.10159328898460396
1.931233366835063,0.10172210500581458
1.931429548980452,0.10180943124126651
1.9314558077808004,0.1018211197778427
1.9325276354973866,0.10229822068504757
1.9325498858604757,0.10230812495254438
1.9328425731050702,0.1024384083439539
1.9330354764141595,0.10252427507640072
1.933055577724289,0.10253322273949139
1.9333017412913722,0.10264279712291025
1.9334407957440713,0.1027046942025498
1.9341186248017235,0.10300641513524422
1.9348283137974245,0.10332231782971912
1.9352575843717585,0.10351339833387296
1.9352660947496714,0.10351718654438502
1.935668635931101,0.10369636903787305
1.9356901420560408,0.10370594202386729
1.9357668006835782,0.1037400649525595
1.9357759092044393,0.10374411941345718
1.936070738264528,0.10387535618767207
1.9367164370228895,0.10416277501313109
1.9368515114443554,0.10422290046801941
1.9368998245788942,0.10424440601407092
1.9375922855762095,0.10455264003798259
1.9376436060057127,0.10457548421629148
1.9410555651486783,0.1060942439733551
1.9417715804631408,0.10641296269168699
1.9419288993144397,0.10648298977301152
1.9423773787566705,0.10668262068891332
1.9424542871288615,0.10671685478603199
1.9432885509985,0.10708820928908669
1.9438208860308772,0.10732516670580028
1.9439679486311203,0.10739062843897462
1.9440370555306896,0.10742138987942684
1.9442136367863951,0.1074999912031177
1.9442820391967937,0.107530439055465
1.9444033983425686,0.10758445945226114
1.9447111451654615,0.10772144628896962
1.9448786560240547,0.10779601012172468
1.9452154894289353,0.1079459442207954
1.9452824411778802,0.10797574634259755
1.945828923725373,0.10821900121942707
1.9458467004836166,0.10822691415856256
1.94738895570718,0.10891341568760327
1.9475436692513923,0.10898228307287239
1.9491550585107675,0.10969955812147592
1.9492408906094945,0.10973776442229854
1.9492578230306417,0.10974530152305217
1.9496656489714634,0.10992683641278977
1.9496965471230017,0.10994059005612411
1.9500722996550177,0.11010784816219388
1.9501356784962205,0.11013605988145425
1.9503605130991586,0.11023614013817162
1.950428031748713,0.11026619460350884
1.950893409386566,0.11047334738541292
1.9510066391541996,0.11052374916549834
1.9515612522372254,0.11077062317422615
1.952651912093874,0.11125610680093923
1.953006844740968,0.11141409738590446
1.953617984314314,0.11168613293822327
1.9536682840879447,0.11170852279366372
1.9538009188931202,0.11176756230616869
1.9539151008725122,0.11181838794270638
1.9540046546487753,0.1118582508677245
1.9541469821632513,0.11192160487996572
1.9546453822267091,0.11214345687982252
1.9547454450885846,0.11218799769682108
1.9548394361274095,0.11222983577321954
1.9549235354573486,0.11226727076952381
1.9556865871496887,0.1126069267133164
1.9559392281016879,0.11271938436442097
1.9560673631118037,0.11277642089055762
1.9565223325635217,0.11297894069369974
1.9569420866319056,0.11316578513122455
1.9571342687280324,0.11325133083133287
1.9571518847345317,0.11325917221530901
1.9573730614665543,0.11335762424996709
1.9579458418544033,0.11361258504118688
1.9580931035470996,0.11367813539605709
1.9581520045985454,0.11370435392413303
1.958509936540427,0.11386367958025034
1.958531331339356,0.11387320301188064
1.9586632455169952,0.11393192175263633
1.9586957544422983,0.11394639239704518
1.9598363001546568,0.11445408163259563
1.9602779977691283,0.11465069376467019
1.9605184261513875,0.1147577152547089
1.960533465398157,0.11476440964986834
1.9615891472168818,0.1152343235601353
1.9617358789611627,0.1152996380199397
1.9619510499115855,0.11539541671092002
1.9621964999991615,0.11550467350438043
1.9630339853887813,0.11587746199732152
1.963764474992114,0.11620262363203282
1.964187959879526,0.1163911287628907
1.964573756889572,0.11656285795093257
1.9645840264424197,0.11656742922008734
1.965486163444339,0.11696899597879196
1.9657885611419057,0.11710360176814938
1.966280161704295,0.11732242711728769
1.9664839277932533,0.11741312918105729
1.9665254538369723,0.1174316136005441
1.9669404347055468,0.11761633335149446
1.967047062614438,0.11766379645706482
1.9681179723672817,0.11814048875258054
1.9688263693639365,0.11845581634164692
1.968932706924826,0.11850315020508884
1.9698546703809263,0.11891354228070783
1.9699398923632152,0.11895147700140452
1.9703813103691699,0.11914796467180044
1.9712322178549027,0.11952672772029127
1.9712895893120472,0.1195522653825738
1.9717348501211276,0.11975046359359953
1.9721364084127895,0.11992920857498302
1.9729924270035983,0.12031024672126323
1.9733808869764904,0.12048316126957315
1.9737262103020978,0.12063687447308258
1.9741291494710937,0.12081623412212084
1.9744083616476573,0.12094051937867834
1.9747451747968428,0.12109044446136497
1.9753502227816386,0.1213597684748996
1.9755031625151795,0.12142784628674486
1.9755550668858788,0.12145095039383724
1.9757244083407564,0.12152632907690286
1.9758872490582058,0.12159881409741757
1.9759168440454733,0.12161198766538528
1.9762544552737653,0.12176226799571122
1.9763851523158718,0.12182044495493038
1.9765626581160085,0.12189945781956257
1.976884519427426,0.12204272741531497
1.9773094521828272,0.12223187703326754
1.9776309084256014,0.12237496632148126
1.9777292841685583,0.12241875615401265
1.978081694719481,0.12257562408246092
1.9784732135801562,0.12274990022845444
1.9791597481285117,0.12305549622189593
1.9794733698198212,0.12319509812911267
1.9800425895691431,0.12344847397916592
1.9800934184958803,0.1234710993756577
1.9801115676036787,0.12347917805813768
1.9802813724571686,0.123554763013065
1.9805849659868162,0.1236899011011876
1.9806238425924947,0.12370720618068054
1.980630604855226,0.12371021625555945
1.9812964497163343,0.12400660268257258
1.9813225618507266,0.12401822593397294
1.98241848176,0.12450605095925193
1.9825870876563692,0.12458110222436969
1.9838162395681291,0.12512823259160966
1.9840164714486466,0.12521736147899332
1.9842479756777083,0.12532041057540866
1.9844060511121018,0.1253907744333207
1.9845751526751272,0.12546604633372094
1.984656839034913,0.12550240724859296
1.9853985041380513,0.1258325434151375
1.985749072947576,0.12598859153226816
1.9858586684134376,0.12603737558158823
1.985889041759623,0.1260508956191797
1.986304235077169,0.12623570993719135
1.9864318698324435,0.12629252378571376
1.9868141826956447,0.12646270208120558
1.9868242837856207,0.12646719836275988
1.9872276327738065,0.12664674043393953
1.987694338579958,0.12685448442121205
1.987703500615402,0.12685856270296814
1.9877372173371894,0.12687357097183827
1.9881597597376959,0.12706165657505075
1.9882970823322337,0.12712278275551814
1.988309521646669,0.12712831984707718
1.9885226331475105,0.12722318181865544
1.9888836355677815,0.12738387423176345
1.9889698744696616,0.12742226161220394
1.9894466488737397,0.1276344874178984
1.9894725832857965,0.12764603156004806
1.989543361749351,0.12767753706102536
1.9900088774045666,0.12788475127837062
1.9905894956974435,0.12814320094335407
1.9905919683827145,0.1281443016056788
1.9909712772024342,0.12831314271624028
1.9912504293116213,0.1284374012351054
1.9915413181992698,0.12856688412684758
1.9919280949641378,0.12873904943154058
1.9919789243191255,0.12876167501865876
1.9919880690462717,0.12876574559600074
1.9930453467789522,0.12923636989282006
1.9936260067337295,0.12949483810269657
1.9943467767834475,0.1298156732885063
1.9944965255190996,0.1298823306967135
1.9950708379816744,0.1301379734578343
1.9953516157758477,0.1302629556151812
1.9955618124370909,0.13035652010900678
1.9955739879717627,0.1303619397847139
1.9958525483270249,0.13048593489712823
1.996030845556332,0.13056530004932432
1.9964341775152061,0.1307448345402744
1.9972822696839687,0.13112234441135595
1.9973742451834195,0.13116328531403065
1.9980222620887895,0.13145173601245186
1.9985798659040575,0.1316999412809
1.9987295713505566,0.13176657941987802
1.9991629709152288,0.13195949785470462
1.9999032816260736,0.13228903114283674
1.9999564429928616,0.1323126947745289
2.0000079366792627,0.13233561607439592
2.0000937766741704,0.13237382589003222
2.000137494612279,0.1323932859838608
2.0008062153628132,0.1326909525508002
2.0018496792136804,0.1331554278971464
2.00239140516971,0.1333965654802477
2.0024928134120437,0.13344170516423481
2.0025533012006993,0.13346862999403353
2.0032753575336812,0.13379003774099518
2.0039672405117637,0.13409801447215708
2.003991367543745,0.1341087540981888
2.0040148489971434,0.1341192063588883
2.004148159589325,0.13417854668335083
2.0041564586112792,0.13418224081333252
2.0043280666945935,0.13425862843698333
2.004382859570242,0.13428301829952927
2.004389793603632,0.13428610483439807
2.00443924981395,0.1343081191958898
2.00444702258599,0.13431157907711366
2.0044779291549117,0.1343253364672642
2.0051902651948303,0.13464241743617456
2.0052851032312944,0.13468463253523777
2.0055414250221397,0.1347987286320792
2.0056696011908794,0.13485578347908622
2.0060224825283184,0.13501286096796128
2.006083634329306,0.13504008136847612
2.0069234377923677,0.13541390170163292
2.007524381396315,0.13568139873887664
2.0085780509882456,0.13615041694994323
2.0088661575654694,0.13627866135642586
2.009588693094557,0.13660028240716127
2.0097075495507912,0.13665318878588162
2.009711221243141,0.13665482316025324
2.0098636395280973,0.1367226688605484
2.0099770841583693,0.13677316628208613
2.0108229962256945,0.13714970572820362
2.0116529596059225,0.13751914596148618
2.012216804891051,0.13777012948513956
2.0123661200491707,0.13783659389569336
2.0124307878677334,0.13786537937532384
2.012780268241946,0.138020942999036
2.013412141331444,0.13830220762727152
2.013669463556791,0.13841674904587586
2.013844676691678,0.1384947413801989
2.014211496072856,0.13865802308754116
2.0144292160403343,0.1387549364182873
2.0146124135006995,0.13883648280226824
2.0149226986704414,0.1389745995291316
2.0150291150059214,0.13902196845737724
2.0150344133119775,0.13902432688363076
2.0153343430568125,0.1391578341172508
2.0159352674397786,0.13942532259869067
2.016179450445201,0.13953401537795762
2.016352841163825,0.13961119650312936
2.016497949628555,0.13967578839517958
2.0168651051369655,0.13983921972228297
2.016912704107187,0.13986040737354744
2.0170720216769897,0.13993132414114962
2.0174655837858038,0.14010650979482453
2.018073420555812,0.14037707517573028
2.018977084271716,0.14077932151811778
2.0193363339239014,0.14093923372445327
2.020325861138732,0.14137970034478253
2.0206038861905085,0.1415034571784376
2.0206880760060826,0.14154093245246369
2.0208003620330617,0.141590914146825
2.020943351556541,0.14165456283804367
2.021583403811681,0.1419394682448185
2.0218828184100923,0.1420727461721587
2.0224475412448695,0.14232412031804265
2.0224761437647536,0.14233685211063773
2.02283406233816,0.14249617181606733
2.0233509463991397,0.14272625156731555
2.0238422109567606,0.142944927351205
2.024291026288982,0.14314470778126565
2.024912436045625,0.14342131488337073
2.0249718075469625,0.14344774282203243
2.0252266646355572,0.14356118693837217
2.0260327409143417,0.14391999434550828
2.0275945313841763,0.1446151915665651
2.02764144174745,0.14463607269935275
2.0283109391216354,0.1449340849634997
2.028906832677632,0.14519933408121177
2.0291230271810177,0.14529556838463742
2.029145921324174,0.1453057592168957
2.0293963166211966,0.14541721726329693
2.0296827939287567,0.14554473643565635
2.029791293136935,0.14559303250959776
2.03063561667565,0.14596886485659
2.030995204404352,0.14612892755036866
2.0315180146512337,0.14636164521499284
2.032590477942265,0.14683902903440504
2.032617376534088,0.1468510023603069
2.0326383689162064,0.14686034666480452
2.033264192759609,0.14713891860208306
2.0337667682064335,0.1473626291834652
2.0341140834176166,0.14751722903172226
2.0342754427488767,0.14758905464524097
2.0355910686706764,0.14817467704622944
2.0356866334981656,0.14821721566058554
2.0363859473389727,0.14852850007944074
2.0365163720604915,0.14858655582104507
2.0367388120331498,0.148685570159928
2.037054085843534,0.1488259074721886
2.037138517857183,0.14886349055544534
2.0374100657336114,0.14898436421469952
2.03845856522201,0.14945108106609062
2.0385866927780603,0.1495081142742114
2.0387987562579495,0.14960250974194833
2.0402939337156054,0.15026805562254253
2.04113485024651,0.15064237141375603
2.0415292986872706,0.1508179515989111
2.041577002440891,0.15083918589223744
2.04193305625499,0.1509976755404262
2.0435122759818976,0.1517006310179948
2.0435371706433947,0.1517117123376892
2.04367369905888,0.15177248500654217
2.0437437491018473,0.15180366626686237
2.0439335857821637,0.15188816795589155
2.0450004175816305,0.15236304503873288
2.0453919737258444,0.15253733778068712
2.045400123309008,0.15254096539122597
2.0462594808098054,0.1529234897810131
2.0466629577947746,0.1531030888271906
2.0473946618464884,0.15342879104731078
2.047452845502833,0.15345469024248637
2.0475435806887137,0.15349507904642312
2.0479421173347885,0.15367247900768033
2.048233213978409,0.1538020543774964
2.0483512761214864,0.15385460718490906
2.048636197796038,0.15398143390090746
2.0489873775062954,0.15413775394727602
2.049089515190662,0.15418321832659487
2.04942359194888,0.15433192536407458
2.0494911910499165,0.15436201564064733
2.049571990768555,0.15439798188640497
2.0496565960439073,0.15443564209335803
2.0497728990152573,0.15448741184355486
2.0505647121994404,0.15483987034286872
2.051851032431967,0.1554124479506298
2.052078088350221,0.1555135169777777
2.052469211015821,0.1556876167661101
2.052766239521837,0.1558198325760699
2.053699115665237,0.15623508219822357
2.054095245313731,0.15641141073660958
2.054199864494244,0.15645797970022357
2.0542930371042725,0.1564994534707591
2.0551933991639757,0.15690023015235677
2.0559261106166424,0.15722638079520468
2.0560834114992708,0.15729639987816446
2.056460635726224,0.1574643130773794
2.0574966649188475,0.1579254790465392
2.058011084419296,0.1581544617520153
2.0581926373569512,0.15823527611230903
2.0586978722096814,0.15846017047066463
2.0592315623894546,0.158697731101908
2.0601012613166207,0.1590848587537923
2.0602631303346284,0.1591569112433341
2.060550277083956,0.15928472840320518
2.0609228046374657,0.15945055097990113
2.0623559633285646,0.16008849054902352
2.062472041948879,0.1601401604342133
2.062527030607027,0.1601646374451009
2.0632284417352755,0.16047685542606227
2.063812522335425,0.160736846262183
2.063854822041927,0.16075567506091082
2.064239801242927,0.16092704021895787
2.0642723845581683,0.160941543976438
2.0646311106127073,0.16110122311461472
2.0647111508705867,0.1611368513028547
2.06526683339926,0.16138420135216347
2.065355562089167,0.1614236970078502
2.066023714494698,0.16172111058831395
2.06641831607852,0.1618967589417879
2.066695731737311,0.1620202445173463
2.0667030168730096,0.16202348733780814
2.0669232289203765,0.16212150996397323
2.0671123200397035,0.16220567978266665
2.0673622967080454,0.16231695148557213
2.0676931108599548,0.16246420624447633
2.067700144147917,0.16246733696036952
2.0679608910822496,0.16258340281404737
2.0681967777184687,0.1626884026441472
2.0682274790613393,0.16270206868236303
2.0682372537370144,0.16270641966765664
2.068257617882788,0.16271548432634475
2.0687146949956525,0.162918942309224
2.0690708048741255,0.16307745691325504
2.070027540872342,0.16350332723330885
2.0701002381816056,0.163535686866918
2.0703545258220757,0.16364887750575097
2.0704639771807303,0.1636975974088668
2.0714209230895873,0.1641235611660986
2.071445662400568,0.16413457333487336
2.071991830618556,0.16437768829472788
2.072853637327076,0.16476130289631719
2.0729024753060052,0.1647830420654881
2.0730870614556403,0.16486520659443804
2.0733717309743334,0.1649919210687143
2.0737877101541597,0.16517708519630914
2.0742536602568644,0.16538449279855028
2.0743637014774183,0.16543347526592267
2.074491636711754,0.16549042286619509
2.0750569031047745,0.16574203896526507
2.075428076094364,0.16590725858715338
2.0763876843678815,0.16633440743838368
2.0768891046313303,0.16655760381489138
2.077200149892145,0.16669605887984262
2.077979343400862,0.16704290000378885
2.079131117187294,0.16755558717346952
2.0795950628617716,0.1677621025478736
2.0801236818619944,0.16799740585331102
2.0807192420454004,0.16826250657743047
2.0807546316190546,0.16827825948009856
2.08122233648671,0.16848644817797387
2.084181546601009,0.16980367650515282
2.0842558996437477,0.16983677315267875
2.084350125274628,0.16987871565265278
2.085222894578048,0.17026721001606482
2.086095724043829,0.17065573115944965
2.0869273745345533,0.17102592237344982
2.0875439004456675,0.1713003555374336
2.087786680207603,0.17140842369323706
2.088087749487529,0.17154243816623682
2.0881115599774325,0.1715530368904138
2.088773273359822,0.17184758427910607
2.0888044590109525,0.17186146589666051
2.0889665165642826,0.17193360230861998
2.088995312561174,0.17194642022331674
2.088995673237828,0.171946580770722
2.089225822746994,0.17204902684290002
2.0893386933330573,0.1720992687410845
2.089451613362882,0.17214953264808863
2.0906389777093537,0.17267806218517612
2.0906698184208197,0.17269179026030557
2.0908867456503435,0.17278835072091125
2.091252292996139,0.17295106620923695
2.092012320243955,0.17328937588701676
2.092490652513564,0.17350229514283044
2.092780450080564,0.17363129225680873
2.0927871369688527,0.17363426878038601
2.094225999269968,0.17427474718804647
2.0947089216229493,0.17448970962011645
2.0951472580466795,0.17468482559088894
2.095360239616128,0.17477962972631989
2.0960188573382217,0.17507279914883989
2.0962288096905617,0.17516625489384552
2.0963025287157997,0.17519906932220475
2.0969297995349345,0.17547828534940924
2.096959630722958,0.17549156405703015
2.0975865277819725,0.17577061371300773
2.097880414932918,0.17590143121675594
2.0980560551852454,0.1759796136731624
2.098238052918283,0.17606062602449246
2.0984303298178526,0.17614621392430108
2.098731036920497,0.17628006718192302
2.099621367999756,0.1766763787897072
2.100037119209742,0.176861441441462
2.1001594385721605,0.17691588925791213
2.1001653611526026,0.17691852556639553
2.1008728221381894,0.1772334365103958
2.1020356832297464,0.1777510589539566
2.102952738041756,0.1781592660529112
2.1034583595861314,0.17838433253868224
2.1035792120240915,0.17843812738546283
2.103663899891003,0.17847582435626064
2.1046105511827773,0.17889720568753598
2.1049878531655253,0.17906515349805963
2.1068428670276287,0.17989087276505789
2.107038808802879,0.17997809200494597
2.107065450308896,0.17998995089466596
2.1071957722755754,0.1800479608971779
2.107577888825211,0.18021805180793538
2.107918701848836,0.18036975734814742
2.1079812712363855,0.18039760875663502
2.1080158329599157,0.18041299315974013
2.1084438958938447,0.18060353610890822
2.108548728436138,0.18065020004589993
2.1088206165965793,0.1807712251752165
2.108947938825721,0.18082789990949588
2.108953220405429,0.18083025089037763
2.1091661849751455,0.18092504745874594
2.1094248283168895,0.1810401769437172
2.1094592369646588,0.18105549320846048
2.109508497833827,0.18107742061806786
2.110420515112861,0.18148338536826103
2.1104883091757287,0.18151356242787298
2.1113680089583804,0.18190514174409766
2.1116199830451503,0.18201730255458037
2.112911364869558,0.1825921332204038
2.1135025091896233,0.18285526831854337
2.1140897032307318,0.18311664503551295
2.115770792621259,0.18386494558876654
2.1162442791409806,0.18407570786390903
2.116747459564954,0.1842996877377736
2.117427665146613,0.18460246652868728
2.1175975659169493,0.18467809417892234
2.1177588211753773,0.1847498734666726
2.1179725764672086,0.18484502200787445
2.1179835975398063,0.1848499277997787
2.1181485816179006,0.18492336689088928
2.118676410092322,0.1851583183108778
2.119269880048489,0.1854224886155872
2.1192818266108193,0.18542780636921297
2.119899460728151,0.18570273282720584
2.1199047919166083,0.1857051058903484
2.120401841979945,0.18592635696687398
2.1205233343409007,0.1859804366615242
2.1209605379403995,0.18617504838011123
2.1211576122001157,0.1862627717209453
2.121476311126884,0.18640463364962434
2.1215159253153195,0.18642226704811582
2.122057427382387,0.18666330497189154
2.1222065820656586,0.18672969795054073
2.122569238987051,0.18689112682900977
2.123518474388307,0.18731365842068504
2.123687051767785,0.1873886969921259
2.1237968739953494,0.187437581979509
2.1239181582309357,0.18749156903165576
2.1239215760078154,0.18749309038105244
2.124012332658817,0.1875334887397231
2.1240254381453316,0.18753932236336324
2.1241580972042753,0.1875983726719077
2.1242349697583878,0.1876325908253842
2.1250508898366993,0.18799577998680006
2.1263581063688335,0.18857765913000923
2.127029809466078,0.1888766532240309
2.127372030769381,0.1890289856294579
2.127664970060872,0.18915938121408749
2.12944260361589,0.18995065631236452
2.130777376703468,0.19054480165973897
2.131158145709744,0.19071429274073903
2.131219962200347,0.19074180901344828
2.131469668549281,0.19085296038952104
2.132135500151793,0.19114934091475677
2.132245825911136,0.19119845003841174
2.1325727880377348,0.19134399015162984
2.1327500249603557,0.19142288333125568
2.133513793663486,0.1917628584368809
2.133832898342448,0.191904900977366
2.134320894614191,0.19212212195454226
2.1343857975290192,0.19215101208218655
2.134473075155721,0.1921898618284975
2.1346782296611626,0.19228118191581056
2.136280236091367,0.19299428040110977
2.1365703571498487,0.1931234215103188
2.137234903758592,0.19341923004839368
2.137447313513333,0.1935137796528853
2.137517771862338,0.1935451426618
2.137764256012229,0.1936548597457166
2.1379306207486475,0.1937289134069945
2.1384098852620084,0.19394224763093504
2.13894906479527,0.1941822517290609
2.138967898911014,0.19419063532800007
2.139189703644834,0.1942893669040644
2.139279169871577,0.1943291908583089
2.1393496605597795,0.19436056826231773
2.1400636954576067,0.1946784054410523
2.140159813167194,0.19472119015890688
2.140278577800746,0.1947740556647476
2.1408316003053596,0.19502022166192523
2.1409774996583284,0.19508516560075506
2.1410926815039497,0.195136436306102
2.141672292409292,0.19539443755433028
2.1419393424380107,0.19551330909403664
2.142378622787793,0.19570884523305931
2.1424527931980513,0.19574186058568965
2.1429057639658167,0.19594349071793382
2.143333298241994,0.1961337983465472
2.1439337750921745,0.1964010876184551
2.143946816552424,0.19640689274218937
2.1442381009156253,0.1965365516713129
2.1443765903449465,0.19659819724302663
2.144506910780357,0.19665620656392768
2.144906156921751,0.1968339223416683
2.1449436138140783,0.1968505954664943
2.145144116462374,0.19693984488029315
2.1452816237052112,0.19700105325295403
2.1457932982892007,0.19722881411828486
2.1459669031101027,0.19730609054645132
2.1463475494034014,0.19747552700442572
2.146912049859485,0.197726802163248
2.146937749083502,0.1977382416165323
2.147011665160191,0.1977711437580797
2.1471881925415737,0.19784972110078236
2.147538483803016,0.1980056456733924
2.147872208426312,0.19815419596563388
2.147952994844491,0.19819015629097925
2.1483952010169354,0.19838699479662758
2.1486626640627406,0.19850605018195033
2.1491873746284984,0.1987396137323878
2.1494144651607545,0.19884069816720906
2.1501570090073714,0.19917122548739175
2.1503811790814913,0.19927100994349
2.150599867072996,0.1993683541691782
2.1510163912099833,0.1995537608726572
2.1513833745965085,0.19971711558342908
2.151562490531198,0.19979684516460428
2.1517052253856352,0.19986038049541155
2.1521357390149,0.20005201431856046
2.152356453642486,0.20015026065743136
2.1525829406358903,0.20025107643999707
2.152748953894886,0.20032497364870816
2.152778907364825,0.20033830678747755
2.153265529758363,0.20055491621250998
2.1533314821100396,0.2005842734742509
2.153458007680921,0.20064059359335018
2.153645182187026,0.20072391027315462
2.1537159958348027,0.20075543143562702
2.154111037275699,0.20093127558195634
2.1550050628224753,0.20132923170198502
2.15618909283575,0.20185627703282483
2.1563493825859914,0.20192762654550567
2.156909357610967,0.20217688730662764
2.157121341709603,0.20227124743951796
2.1575733372718524,0.20247244348013616
2.158345399527036,0.2028161102809355
2.158425651861774,0.20285183287059816
2.1591430563039817,0.20317116992907647
2.159231797774294,0.20321067127368386
2.1593929220157837,0.20328239224208045
2.1597321476121016,0.2034333911733881
2.1602234960420548,0.20365210429123048
2.16027620140069,0.20367556494076444
2.160362733378434,0.20371408277758196
2.1610597920757977,0.20402436336814822
2.1613344246744983,0.20414661012474966
2.1613684875546695,0.20416177247853096
2.1619504029717103,0.20442079953025816
2.162328582690987,0.20458913804619838
2.1624402685274196,0.2046388525787296
2.1636235966342383,0.2051655854711043
2.1639954380831696,0.20533110264319865
2.1640152076707535,0.20533990264717816
2.16424747929056,0.20544329333097266
2.164973862916224,0.20576662727860284
2.166122917878031,0.2062781042223537
2.1662766436616456,0.20634653192737418
2.1665422990543,0.20646478267502533
2.1665440625704497,0.20646556766606605
2.166761152218247,0.20656220042365048
2.167190085423368,0.20675313075520185
2.1672805559093997,0.2067934017337303
2.1678598420026063,0.2070512583988673
2.1682545022573154,0.20722693286841665
2.1686492799219255,0.20740265960044202
2.1690203084208655,0.20756781490544474
2.1691037717562898,0.20760496680255758
2.1696360919940925,0.20784191763378668
2.1701780193218894,0.20808314485317103
2.1706070854875588,0.20827413436923237
2.1707828948625805,0.20835239210694545
2.1710258294030327,0.20846052915905555
2.1715385424991713,0.2086887522955897
2.1715868312808806,0.20871024700150642
2.1727084680295086,0.2092095193211564
2.173040421123212,0.20935728105534623
2.1732389340045706,0.20944564476746397
2.173258523025782,0.2094543643962311
2.1733437391008237,0.20949229648744494
2.1737740994853985,0.2096838620970376
2.1751017250462064,0.21027482587758595
2.17564309833066,0.21051580647656898
2.1756468276094947,0.2105174664843179
2.175650734397812,0.21051920550657077
2.176560650060769,0.21092423476785904
2.176776549449452,0.21102033770736306
2.177066982329215,0.21114961761706585
2.177134911399495,0.21117985477230505
2.1772802414249646,0.2112445452873225
2.1774328360977124,0.21131246950282445
2.1776267907640894,0.21139880422421042
2.1777235198611575,0.2114418610879678
2.1778120561117054,0.21148127108343928
2.178477895506343,0.2117776550771715
2.178544438578019,0.21180727528513366
2.1787667134642734,0.2119062161393771
2.1788319959277733,0.21193527521489697
2.1800686684474537,0.21248575321796126
2.18023682615825,0.2125606049829727
2.1802857774917386,0.21258239460947215
2.1804782137848364,0.2126680534598595
2.18066409481432,0.21275079437654487
2.18135757623912,0.21305948262166308
2.18146335618633,0.21310656827544605
2.181503277545235,0.21312433840422274
2.1815675298744313,0.21315293893775566
2.181640708208504,0.21318551268914632
2.181759982812556,0.21323860519731663
2.181848099004524,0.21327782821280372
2.182179844135549,0.21342549737690897
2.18236757386615,0.2135090612028795
2.1837568190846306,0.214127453640219
2.18388515665392,0.21418458033118704
2.184003507553427,0.21423726167227375
2.1845124794355875,0.214463819488388
2.1848430104404994,0.21461094821053484
2.1855960165345936,0.21494613257371586
2.1859761266008886,0.2151153303418466
2.186106897633625,0.21517354023639312
2.1863246582994424,0.21527047168312452
2.1865737190106054,0.2153813356675186
2.1867326963957376,0.21545210100927858
2.1879025134873644,0.21597281976570049
2.188137103577117,0.21607724246620563
2.1882011959865313,0.2161057718149092
2.188222452045618,0.2161152334895019
2.188245275096186,0.2161253926764336
2.1894700031090126,0.21667055384082334
2.190065302307704,0.2169355383932463
2.1907298128924864,0.21723133089603475
2.1907843634790574,0.21725561290884254
2.191154730421983,0.21742047373650553
2.1913484860938737,0.2175067198798034
2.191473671052386,0.2175624432543255
2.192837471599346,0.21816950954691416
2.193026932983671,0.21825384418105642
2.193249163378297,0.21835276523081482
2.19351048821445,0.21846908832497858
2.19429901771564,0.21882008516388707
2.1945860990245976,0.2189478731943938
2.194854221864163,0.21906722227262665
2.195891131608332,0.21952878020024646
2.1963081495242274,0.21971440669871822
2.196355681506479,0.21973556453173781
2.1965111442061724,0.2198047653873536
2.1975427442080364,0.2202639597981213
2.197698031371318,0.22033308251750305
2.197971779912545,0.22045493575505626
2.1980286306679186,0.220480241638217
2.1984940854975705,0.2206874287803794
2.1991452484710816,0.22097727988293325
2.1994739653890227,0.2211236011035329
2.1996819037303257,0.2212161603551207
2.200127783264177,0.22141463397808536
2.200134378172712,0.22141756955886593
2.200318006563311,0.22149930776211257
2.201165314364567,0.22187646848897746
2.20123058663362,0.22190552302665967
2.201395735917972,0.22197903565575983
2.201998670321675,0.2222474188544219
2.202115768994023,0.22229954279369435
2.20240052706948,0.22242629668709712
2.2024976665856384,0.22246953624002852
2.2027496088818053,0.22258168289961244
2.202905782684539,0.22265120028735397
2.203316216572687,0.22283389604839188
2.203995117947982,0.2231360943000733
2.204436734913547,0.22333267053303318
2.2053522454743373,0.22374019024198433
2.2062295093411577,0.22413068526300473
2.206306404667335,0.22416491355297252
2.2064683335150606,0.22423699267441832
2.206473490882104,0.22423928836472118
2.206628729738769,0.22430838958145782
2.207889527177359,0.22486960626996588
2.2081429771607857,0.2249824240438979
2.208553847957647,0.22516531428539222
2.209245481442493,0.22547317996004068
2.209932941980245,0.225779188137618
2.2103451582858584,0.2259626773032083
2.210667288524691,0.22610606660617838
2.210809517213419,0.22616937662827663
2.2112378635400822,0.22636004572358615
2.2118412840474777,0.22662864530078464
2.21294597965619,0.22712037663870988
2.2130564909061294,0.22716956832948887
2.2132892450470107,0.227273173797095
2.2141456720780286,0.22765439375169272
2.214551709328829,0.22783513244478537
2.2147021145235986,0.22790208206155937
2.214835406514251,0.2279614141059536
2.2151277286916824,0.22809153499561752
2.215298392398502,0.2281675022505134
2.2153668020734982,0.2281979533365388
2.215523706552267,0.22826779596890134
2.21562262088051,0.22831182554101437
2.215667831110497,0.22833194989627048
2.2158586077569713,0.22841686999088817
2.216212965822767,0.22857460481342584
2.2163467874319154,0.2286341726060297
2.216627724991261,0.2287592258793848
2.217089829422959,0.22896492166442073
2.2171111050377936,0.2289743920438313
2.2172500309307686,0.2290362318978928
2.2177372130788138,0.22925309048552744
2.21849004750519,0.2295881984345397
2.219633991556623,0.23009740036716841
2.22050673678593,0.2304858840145101
2.220573230130391,0.2305154820874793
2.2213716497586526,0.2308708813023711
2.2221890952259846,0.23123474945769074
2.222536739729731,0.2313894958834044
2.222766704833351,0.23149185987144516
2.223166463219529,0.2316698036638637
2.223668063577449,0.2318930802055268
2.22482596577185,0.23240849530335916
2.2248983564680573,0.23244071845480385
2.2251427734105604,0.23254951536609836
2.2253371673600846,0.2326360456248685
2.225944084381382,0.23290620159954467
2.2260840271030364,0.23296849407288223
2.2268908725926866,0.23332764387758476
2.2270720748195676,0.23340830212656882
2.2273251328392565,0.23352094542632762
2.2274751727209745,0.23358773243190434
2.228128886536962,0.23387871898677104
2.2282596781430017,0.23393693803907856
2.2283434437058727,0.2339742244661971
2.2305327221438858,0.23494873437365515
2.230804816076975,0.23506985109821155
2.231039199445889,0.23517418178141036
2.2319010533042487,0.23555781737073023
2.2321303777664685,0.23565989619111916
2.232634907066353,0.2358844764878979
2.234213533346011,0.2365871678052689
2.234390387980343,0.2366658908175383
2.2344046175795658,0.2366722248156179
2.235095621196761,0.23697981011831537
2.235573627582499,0.23719258431397805
2.2355884686290874,0.23719919048461713
2.235671282176181,0.23723605314251972
2.235967750318511,0.23736801951871467
2.2361244567646827,0.23743777400115285
2.236261413639848,0.23749873738955785
2.2365139044271944,0.2376111281981177
2.2365144857426897,0.2376113869581271
2.2365241989425657,0.2376157105787997
2.2372349535232057,0.23793208759534445
2.237325610068205,0.2379724413939952
2.2381216366167602,0.23832677538125635
2.2381535671934363,0.23834098858629305
2.238395835946835,0.2384488292777076
2.2385095884279242,0.23849946373237307
2.2389922277458894,0.23871430017753192
2.239634999618014,0.2390004161629381
2.2398481630860085,0.23909530126656953
2.240834400253976,0.23953430339375448
2.2409487359446296,0.23958519745153284
2.2421452067844854,0.2401177805470306
2.2424687329117257,0.24026179119950997
2.2429282066925054,0.24046631600723312
2.2433002949088108,0.2406319430224826
2.2440315300160583,0.2409574365021243
2.2443693131615814,0.24110779335768417
2.24527561085257,0.2415112121570654
2.2456533241500094,0.24167934305542071
2.245671459611633,0.24168741566360163
2.2460815311625772,0.24186995013807644
2.2467932957875933,0.24218677675401157
2.2473289094017996,0.2424251935604581
2.2474670119678986,0.2424866669283826
2.247863208858483,0.24266302539812967
2.248428572491575,0.242914684781513
2.249302546872985,0.24330371555930697
2.2494556486603265,0.24337186550589385
2.2498572255620584,0.24355061877114703
2.2504524670720847,0.24381557764470974
2.2510902916600437,0.24409949145365883
2.2514638466421593,0.2442657713679589
2.2516806696213743,0.24436228542379623
2.251737738443672,0.24438768837472746
2.2527873773819183,0.24485491242755408
2.2529406652656236,0.24492314521090863
2.2534585751664777,0.24515368159257211
2.2539861117676607,0.24538850309150662
2.2540389494229567,0.24541202263003525
2.2540635695790883,0.24542298175960808
2.2541695080256114,0.24547013796592942
2.2543044093264033,0.24553018635989665
2.2544952228957555,0.2456151228899348
2.2553002986937103,0.24597348495468574
2.2556642435721477,0.24613548713935418
2.2564280945232067,0.24647549885586495
2.2564431311733384,0.24648219209518674
2.2565268118950876,0.24651944075711651
2.256934892743479,0.24670108911344102
2.257096557261458,0.2467730505742214
2.257370235076833,0.24689487232969265
2.2574091830400236,0.2469122091724376
2.25784558949981,0.24710646606153686
2.2584468700229214,0.24737411307105373
2.2584680073838834,0.24738352190974544
2.25856755784597,0.2474278346430696
2.2589436351046497,0.24759523729418453
2.2591625244731635,0.24769267115848903
2.260139038021334,0.24812734502679912
2.2608026820172378,0.24842275178630657
2.2608719853684005,0.2484536006729331
2.261674159161938,0.24881067097323484
2.2616863377479834,0.24881609200719468
2.2618957324538864,0.24890929952795982
2.2620103537293197,0.24896032070762097
2.2620424227449396,0.24897459553575707
2.262285992262206,0.24908301523405096
2.2625921463624965,0.2492192931047692
2.2632508335109476,0.24951249343092952
2.26346223149235,0.24960659266641994
2.2637687431028195,0.2497430296750559
2.2639640277946502,0.24982995642848282
2.2647600961306344,0.2501843090165137
2.26490637583624,0.2502494222610864
2.2649122271216444,0.2502520268341272
2.265394738476174,0.25046680631913276
2.2654208323816603,0.2504784214563298
2.2654326996140592,0.25048370389795327
2.26551077767499,0.2505184586566954
2.2659059105384194,0.2506943434977865
2.266016096044695,0.25074339019082437
2.266258748694089,0.2508514017652319
2.2667138714074246,0.25105398978946536
2.2667648547092054,0.25107668390266635
2.2673835925872976,0.25135210167586997
2.2675641881167308,0.2514324898666178
2.2677337396234103,0.2515079620496963
2.268138904566891,0.25168831245406753
2.2684181578607157,0.25181261601308336
2.268997473865868,0.2520704859928756
2.2693361625251676,0.2522212459182923
2.26972406317293,0.25239391149512813
2.2704194669958118,0.2527034554541402
2.270820925687735,0.25288215610085596
2.2708328655290613,0.25288747086277197
2.2715080059355586,0.2531879950006033
2.2721572754389445,0.2534770032659175
2.272682114779272,0.2537106241375673
2.273581555196439,0.2541109905699399
2.2737217326802464,0.25417338754256846
2.273851107939958,0.25423097613896595
2.2743072023499176,0.25443399669291844
2.2744432473284353,0.2544945541702698
2.2753607578106236,0.2549029641009407
2.27549424956673,0.25496238506660285
2.2756982266590096,0.25505318105393315
2.275986019335998,0.25518128573452115
2.276193747180017,0.2552737512877994
2.277182386177212,0.25571382253727437
2.278021019389087,0.25608712195844696
2.2784921102378726,0.2562968178525292
2.278684276176271,0.2563823563603743
2.2790273258506213,0.25653505749724215
2.2790358464762064,0.25653885026928336
2.279051608680977,0.2565458664735478
2.2796128867091348,0.25679570723833156
2.279777098941875,0.25686880275919
2.2806379987812475,0.25725201368760864
2.282316175941626,0.2579990179246493
2.2823794314517944,0.2580271747457694
2.2827512081434467,0.2581926630925626
2.282837099843143,0.2582308959234666
2.2831079624364436,0.2583514645437699
2.283690649481737,0.2586108350691111
2.2853459898779995,0.2593476740149314
2.2859265658438144,0.25960610483893953
2.2860502342658466,0.25966115316007443
2.287350415584901,0.2602399007304662
2.2874247549528826,0.2602729912909696
2.2874560922949714,0.2602869404304706
2.287964231211414,0.2605131274699266
2.2889976691384932,0.2609731399933197
2.2894403073367635,0.26117017080591276
2.2897283422511756,0.26129838331324584
2.2897685498432945,0.261316280852542
2.290349167004716,0.26157473001388254
2.290579913476627,0.26167744181110486
2.2907187549361105,0.26173924408142524
2.290850845010262,0.2617980411187061
2.2911230140274994,0.2619191912653457
2.291606296477543,0.26213431398682807
2.2924065671659415,0.26249053716107185
2.2925042618449267,0.2625340238327186
2.2931816060582015,0.2628355289474331
2.293215869991866,0.26285078079582536
2.2933562921554778,0.26291328668237224
2.2933828369393785,0.2629251025183359
2.2936243965256033,0.263032627539334
2.2937461530234797,0.26308682480881707
2.2940913163816137,0.263240466806268
2.29467786101671,0.2635015544542083
2.2957582653789834,0.2639824730695908
2.2978927906623126,0.26493261079543007
2.298060154175695,0.26500710904065405
2.2989550050487257,0.2654054325367996
2.3000793036668226,0.26590588973002505
2.300086467820894,0.2659090786981343
2.300565715595242,0.26612240547106536
2.3006864684111075,0.26617615597322675
2.300760332515686,0.2662090349805142
2.3008606803590443,0.2662537026508508
2.301374475286223,0.26648240734105544
2.301494816607083,0.2665359746751226
2.3022378038362863,0.2668666993574659
2.302726238705537,0.26708411556682843
2.3041700383730395,0.267726791736262
2.304342251772132,0.2678034488031289
2.3049357452159644,0.2680676295628641
2.305387136967804,0.268268556830348
2.3058457585610497,0.2684727023052371
2.3061958344083346,0.2686285309908978
2.3067018146563485,0.2688537571458287
2.3069612479669535,0.2689692382683391
2.3074138651737277,0.26917071102056156
2.307438191684637,0.26918153944031986
2.3081250324371267,0.26948727173390374
2.3086068809291027,0.2697017561599916
2.3092400316537622,0.2699835894998637
2.3094642044143185,0.27008337515177105
2.3096350348929477,0.2701594166415281
2.309919478600541,0.27028603060088174
2.310031164568939,0.2703357451921542
2.310070753965846,0.2703533675552333
2.310611489253972,0.27059406416396137
2.310862882494397,0.2707059664232663
2.311070753541539,0.27079849572031556
2.3112059292112184,0.2708586662436544
2.3121909972184613,0.2712971479442503
2.3123107462859553,0.2713504516495512
2.313457592480195,0.27186094540823047
2.3136748512730922,0.27195765345709466
2.314436443489941,0.27229665974696404
2.3147979383122745,0.27245757134219206
2.3152381968986027,0.2726535429220379
2.315258695405961,0.2726626673888768
2.3155439317063524,0.2727896341537579
2.3159226849106567,0.27295822794414426
2.3172018483709884,0.27352761986967866
2.318128507037674,0.27394010191665696
2.318188707485265,0.27396689884280023
2.3183903129857755,0.2740566391673902
2.3190010340544824,0.2743284884314283
2.3194630781072187,0.2745341573400768
2.3202198902691222,0.2748710358919565
2.321280828198417,0.27534328944607
2.3220989633208786,0.27570746458644224
2.322263755577254,0.27578081829226697
2.3222765090277755,0.2757864952147049
2.3225058927881617,0.2758886004303891
2.3225502287818514,0.2759083356382812
2.322641653009555,0.27594903115427016
2.3236901277297783,0.2764157369806447
2.3243804596588196,0.27672302329589993
2.324595750469401,0.2768188553400355
2.3249980941459167,0.2769979499184865
2.32509528858757,0.2770412139203128
2.325353460261072,0.27715613345237644
2.325601047816086,0.27726634169319886
2.327520716147521,0.27812084049770625
2.3285332378353414,0.27857154260994765
2.3289020167781556,0.278735696573735
2.329039068292362,0.27879670208866014
2.329118624783772,0.27883211493872817
2.3295874949192394,0.27904082233034655
2.330501450332854,0.27944764979919523
2.3311178961846504,0.2797220473265065
2.3312165540007594,0.27976596271779586
2.3320506095118176,0.2801372244745388
2.3326070094207396,0.28038489385013676
2.33321356439197,0.2806548886660626
2.33330789427718,0.28069687757259476
2.3335617258341217,0.2808098651957175
2.333657375086535,0.280852441390001
2.334727884810158,0.28132895562116833
2.334812987840411,0.2813668373929409
2.3348360468116467,0.2813771015948511
2.334933146283731,0.2814203233230297
2.3350338017049146,0.2814651279049778
2.3351351651658985,0.28151024765551647
2.3356543275526875,0.2817413415541822
2.3357981884014483,0.28180537809698936
2.3361606211373327,0.2819667071841321
2.3369211930677327,0.28230525931557426
2.3370741122035246,0.2823733279587771
2.337419759128022,0.2825271852053274
2.337849659244172,0.2827185459363938
2.3387209493727825,0.28310638187715786
2.338866592873346,0.28317121192882766
2.339006962281196,0.28323369433228907
2.3395645589921097,0.28348189643838784
2.340418349709444,0.2838619428950153
2.341318180414445,0.2842624830555689
2.3414640530604007,0.28432741510634985
2.3417316832487454,0.2844465448915561
2.3429421389833003,0.2849853530602112
2.3432089416427964,0.2851041144888634
2.344872619313246,0.28584466459181923
2.345332810009044,0.286049508518744
2.345399667545487,0.28607926870389044
2.3455928153062438,0.2861652442487058
2.345751682336447,0.28623596046835753
2.3463461545107234,0.28650057688876407
2.3474473078849543,0.2869907314776855
2.347542494834457,0.28703310188783526
2.3487799237618048,0.28758391658939975
2.3488862390465437,0.2876312405370952
2.34945301991796,0.2878835307734411
2.3504481650862203,0.28832649810413336
2.350583341281427,0.2883866688613991
2.350698905595341,0.28843810981422735
2.3509581043032783,0.2885534865084384
2.3509682386367987,0.28855799758763667
2.351221338154181,0.28867065935919534
2.351524108059266,0.2888054308286724
2.351701748127892,0.28888450346001615
2.352549102311191,0.2892616848328433
2.352932058078301,0.2894321493030937
2.353144045878083,0.28952651108346916
2.35434701508463,0.2900619867862355
2.355022509580593,0.2903626685393277
2.3552552468296875,0.29046626648792084
2.355314413250391,0.2904926031393781
2.3558088316951715,0.290712682807867
2.3559239359434083,0.2907639189724177
2.356977104229186,0.29123271403790163
2.3570113064079563,0.2912479383974391
2.3572902219630856,0.29137209161938604
2.357434057851337,0.2914361170515626
2.357633243585229,0.29152478026942086
2.357735681658785,0.29157037836048494
2.3586315146549537,0.29196913902748656
2.3593825792379644,0.29230345916903433
2.3597951549894955,0.29248710833419433
2.3598244618750197,0.29250015365990745
2.360258161907484,0.2926932058414673
2.3603817412006847,0.2927482144888326
2.360783677346134,0.2929271276636506
2.3609236757078107,0.29298944490393986
2.361018971549104,0.2930318637849133
2.361727242987705,0.2933471354845303
2.361854067670281,0.2934035887467258
2.362375130846263,0.293635528740556
2.3630958909914628,0.29395635951758414
2.363103170568303,0.2939595998636402
2.363305275181039,0.2940495623572337
2.3651462511421064,0.29486903295645117
2.3653192186058973,0.2949460256788956
2.366870972794946,0.2956367554668067
2.3668908066159537,0.2956455840629044
2.3683279275581164,0.29628528734232096
2.368576800811258,0.29639606788383477
2.3689738822722504,0.29657282010095143
2.3692468786469756,0.2966943385278684
2.3695941077933447,0.296848900066236
2.3700880144080725,0.2970687519046563
2.37025919517829,0.2971449493191315
2.3705194579276343,0.2972607996483423
2.370673193889263,0.2973292318838854
2.3708391851564032,0.29740311930339847
2.370997111288691,0.29747341670271
2.3710427982546807,0.29749375326667793
2.3714389791953394,0.2976701046366609
2.372179689164498,0.297999815645989
2.3721890004112463,0.29800396034592747
2.3724772813454393,0.298132282363641
2.3726230594286646,0.29819717232186915
2.3742400817241167,0.2989169547945496
2.3743187634354306,0.2989519782551928
2.3755453934397535,0.2994979860499265
2.375556148711189,0.29950277352619703
2.3765281517800245,0.299935439652265
2.376788069325284,0.30005113632134994
2.377674925001096,0.3004459009285182
2.377724398162221,0.3004679228352948
2.378097472006498,0.3006339885815005
2.378664160603026,0.30088623774367695
2.3791359790429256,0.30109625750919444
2.3791670522204766,0.30111008906156955
2.379258318583589,0.30115071430755325
2.3796136488613406,0.3013088818891987
2.380060760125145,0.3015079037900896
2.3800663053702173,0.30151037213590115
2.3801607835226917,0.3015524270403964
2.38051128047757,0.3017084431729866
2.380661533903167,0.30177532523299855
2.380782621839685,0.3018292249068645
2.3813298017645073,0.3020727902061169
2.38153069052902,0.30216221149119193
2.3816350824099364,0.3022086792773102
2.381918525959335,0.302334848037893
2.3823171125831446,0.3025122702456572
2.3823574914480417,0.30253024402332307
2.3828003056539835,0.3027273531819211
2.38389082728921,0.3032127752823598
2.3841841694341714,0.30334335018849146
2.3843099397866467,0.3033993341384651
2.384379884192438,0.30343046837668275
2.38490436204644,0.3036639283405198
2.385003819719014,0.3037081997706007
2.385033762900139,0.3037215283295269
2.3864797302044103,0.30436516937554714
2.3866642201262076,0.30444729107075774
2.386850715585628,0.30453030548762927
2.3870885078648305,0.30463615357345364
2.3875141891678013,0.30482563639115334
2.3877900727353376,0.3049484399894534
2.388444349997596,0.3052396773502314
2.3888065380386525,0.30540089751676847
2.3890196181576417,0.3054957455193943
2.389355311502949,0.3056451721456238
2.3897501467102766,0.3058209244915444
2.390242297955793,0.30603999496535716
2.3908191679773845,0.30629677616851314
2.3908287277785925,0.30630103150708865
2.391532544517321,0.30661432029348357
2.392228442611939,0.30692408426686013
2.3933261704575974,0.30741271405588655
2.394454404617648,0.30791492307042356
2.3950482682807843,0.3081792686252679
2.3951147927515337,0.3082088805534303
2.3958862275883592,0.30855226807252845
2.396255003368057,0.30871642062832305
2.396266346127712,0.30872146961225777
2.396948710384872,0.30902520929084354
2.397212231645618,0.3091425100758709
2.397487873561775,0.30926520610829045
2.3976751652199355,0.30934857493579715
2.3984861150375467,0.30970955169324865
2.3990619763514642,0.30996588389201796
2.399221659058046,0.31003696319235363
2.3997408717916366,0.31026807950180824
2.400432227476,0.31057582151958496
2.4009962736483317,0.3108268944638286
2.4014444369350603,0.31102638464995247
2.4015008169122383,0.31105148097638924
2.4025129797290825,0.3115020233449838
2.402928697470463,0.31168707109891347
2.4033084902786914,0.3118561276464836
2.404259272780091,0.31227934789629896
2.404367008736652,0.3123273042253043
2.4052035870918322,0.3126996889714987
2.406070399312374,0.3130855316684149
2.4062194388999396,0.31315187341470185
2.4067665673808207,0.31339541581479724
2.406847304137079,0.31343135403421396
2.407337507056874,0.31364955725300536
2.407627193541707,0.31377850492116166
2.4078603047735503,0.3138822693400801
2.4079706086862105,0.31393136873915684
2.4086990482901967,0.3142556178610335
2.4091185279158878,0.3144423401363341
2.409184643786112,0.3144717701848174
2.4096650072708234,0.3146855935920665
2.410026746737705,0.31484661408551906
2.4118220468775626,0.3156457530816258
2.4121024174039674,0.31577055395254106
2.413237237182905,0.31627569441277303
2.4134938269697295,0.31638990980222337
2.41355564510804,0.31641742680837415
2.4136933965683927,0.3164787438891752
2.4137243819056655,0.31649253634135244
2.4151215373288633,0.31711444983509707
2.4158134978726693,0.3174224610929621
2.416526713576504,0.31773993362522357
2.4180294925950565,0.31840886317610684
2.4184627709599624,0.3186017276614812
2.4185144904789575,0.3186247494858385
2.4187214066476574,0.31871685373941816
2.4196471338874006,0.31912892118185454
2.4199571069883175,0.3192668989980355
2.420122653436673,0.3193405884160947
2.4205230114109395,0.31951879910217185
2.4220333270413437,0.3201910834126833
2.4226968196118897,0.3204864227684707
2.423734991509144,0.3209485425162161
2.4245125054192482,0.3212946360031962
2.424646706573017,0.32135437274187206
2.424740037347211,0.32139591691576186
2.4248407176330464,0.3214407325656714
2.4256411384602936,0.321797022570974
2.426485798017542,0.3221730044893424
2.4265096899559997,0.322183639468581
2.4266426917508,0.32224284233857303
2.4279487550440595,0.3228242081424604
2.428223079036536,0.3229463175296814
2.4285672387925588,0.3230995127953765
2.4291192206614776,0.3233452155761005
2.4301766922853254,0.3238159261793758
2.4307244137767596,0.32405973254528275
2.4313621212274,0.32434359421309
2.4313636973973405,0.324344295811021
2.4313725748107737,0.3243482473994498
2.4315946163597983,0.3244470843886763
2.4316901302319343,0.32448960032136
2.4319568944576773,0.32460834464205857
2.4319677476463126,0.32461317570405124
2.4323026821603784,0.3247622645529791
2.433202598035648,0.3251628426252344
2.433590829405959,0.3253356554160539
2.4337974882022197,0.3254276451058632
2.434154149946625,0.32558640536106853
2.4354306652450526,0.32615461851465355
2.4360565255612663,0.32643320668701425
2.4363455452318723,0.3265618575372512
2.4366277901500673,0.3266874927530986
2.4368794852260525,0.3267995293679702
2.437208234338679,0.3269458649193372
2.4372743566226482,0.3269752978227599
2.4383544268849673,0.32745606772077984
2.4387794232044784,0.32764524563291997
2.4388716691777454,0.3276863069311591
2.439670785011406,0.32804201604681427
2.4402666243400266,0.32830724102638376
2.4409465832149784,0.3286099100011466
2.441950173317543,0.3290566364115446
2.4419912394713967,0.3290749161210129
2.4421543521405384,0.3291475221949369
2.442507925236248,0.3293049076050323
2.4426825325267045,0.3293826302608215
2.4434418201855,0.329720610726558
2.443506458400285,0.3297493830287077
2.4438623118211016,0.32990778347616434
2.443948973690419,0.32994635913140424
2.444172811008034,0.3300459954681474
2.4443788771792287,0.33013772136373676
2.4453911617406447,0.330588317924292
2.4456161448763956,0.330688464297176
2.4461127705463053,0.3309095264641535
2.44635280943607,0.3310163745800393
2.446764232724848,0.33119951075135123
2.447925215173482,0.3317162969576799
2.4480934696175285,0.3317911917814036
2.448133908144055,0.3318091921161528
2.4484161024225832,0.3319348047908489
2.448956485761276,0.332175344736905
2.4496610839375976,0.33248898136332916
2.449842876598728,0.3325699024313391
2.449874988456344,0.3325841963296621
2.4504829044783727,0.33285479698788956
2.451310925774416,0.33322337274443525
2.451427183903025,0.3332751225338567
2.451468929990448,0.33329370490103516
2.451714193275637,0.33340287854345685
2.4522819471253645,0.3336556018800365
2.4524448320001895,0.33372810655625096
2.453104687596581,0.3340218269917197
2.453205319540556,0.334066621123296
2.453858156765146,0.3343572174824774
2.4538903154016047,0.33437153220338955
2.4540148170289164,0.3344269514078191
2.4540308007143214,0.33443406619939375
2.4545442478201465,0.3346626160644517
2.4545494135695773,0.33466491548599264
2.454549653658358,0.33466502235631657
2.4548781433725018,0.3348112424420635
2.455537712179088,0.33510483521925805
2.455660660497631,0.33515956300191263
2.456363417770306,0.33547238018992676
2.4566571863920172,0.3356031449329523
2.457001953252141,0.33575661043789706
2.457279520940223,0.33588016368600326
2.4577478966386748,0.33608865098968677
2.458154804477945,0.33626977720639173
2.4583651106852407,0.33636339046227137
2.458568087043921,0.33645374099470227
2.4586014383250894,0.33646858659559087
2.4586950889239683,0.3365102731325167
2.4591303405705047,0.3367040159814949
2.459435324473754,0.33683977296433043
2.459743171902455,0.3369768045835366
2.460145422273947,0.3371558576292759
2.46067638699833,0.3373922050830477
2.461401541356136,0.3377149918486998
2.4625555430863346,0.33822867073932217
2.462742199194749,0.3383117566656162
2.463315628628605,0.33856700636561654
2.463533042812559,0.33866378358344584
2.4637186087303196,0.3387463842349687
2.4637518073368545,0.3387611618760493
2.463864580284774,0.33881136031272674
2.464109826003556,0.33892052613584245
2.4646967216017948,0.3391817700074288
2.4656486665875104,0.33960550771197395
2.4662315975173423,0.33986498679723853
2.46647193468963,0.3399719676871329
2.466651060651244,0.3400517017315762
2.466705375603886,0.3400758788570407
2.4671942419401107,0.34029348712458773
2.467255765889038,0.3403208731787025
2.4678097762494673,0.34056747889851324
2.4685909215182797,0.34091518880621785
2.4686666279927545,0.34094888790458455
2.4686782306542936,0.34095405257821676
2.4688520606610775,0.3410314292430041
2.469126974486838,0.3411538011817439
2.4693222822379313,0.3412407381995025
2.469918808664905,0.3415062690260309
2.4701766124499622,0.34162102480051626
2.470260106127022,0.34165819020355137
2.4705943264687154,0.3418069611541069
2.4708659182608153,0.3419278543614712
2.471021906701763,0.3419972892394262
2.47120828733714,0.3420802525448605
2.4715570826393014,0.34223551122357787
2.471940739609326,0.3424062878191275
2.47208933241627,0.3424724306906919
2.4724306978216717,0.3426243821116949
2.4728835636303863,0.3428259655236897
2.473291089122028,0.34300736667497833
2.4736794422345336,0.34318023365670036
2.4738609176784063,0.3432610135223142
2.473870779533804,0.3432654033137742
2.4751680169123484,0.34384284045277236
2.4753609033566186,0.34392869967821027
2.475453504955953,0.3439699192756952
2.4758385298091845,0.3441413047548455
2.4759777109835,0.3442032582418696
2.477310519225811,0.34479652898090485
2.4775795503438656,0.34491628235964655
2.478789479654923,0.345454856202277
2.478861446362129,0.3454868906241948
2.478918325915641,0.3455122093262234
2.4790348697718274,0.3455640863010908
2.480066710782507,0.34602338799171606
2.4803748910574823,0.34616056777023696
2.4820002562054455,0.3468840638831222
2.4820347187650835,0.3468994041455671
2.482172671701874,0.34696081090924347
2.4823765447753865,0.3470515605948714
2.482901721433946,0.3472853316164307
2.4831001631497847,0.3473736636507575
2.4842936105030664,0.3479049009066537
2.484356974788188,0.347933106146589
2.4846611172956465,0.34806848860030126
2.4848079580154985,0.3481338515682224
2.484976189185619,0.3482087360320614
2.485445533511393,0.3484176544992308
2.4869155272873833,0.3490719904090587
2.486973685154074,0.3490978781245282
2.4870717796626174,0.3491415427716478
2.4872053145230915,0.3492009829242857
2.4873169937179993,0.3492506945004862
2.487417381931485,0.34929538014071115
2.487622671127059,0.3493867601824212
2.487904539230948,0.3495122276675374
2.4882786245436956,0.3496787436470389
2.4882945036495885,0.3496858118873072
2.489227418539469,0.3501010787566181
2.4892848275874115,0.3501266331516305
2.4893888307350065,0.35017292790152554
2.489426332772607,0.3501896211217925
2.489841779376972,0.35037454818494906
2.4913587871518255,0.3510498113587033
2.491741379713371,0.3512201141558593
2.49208721709144,0.351374056178694
2.492198589574607,0.35142363122880205
2.49226141374948,0.3514515960503519
2.4944322354690853,0.3524178903491253
2.4944869815684196,0.35244225939020735
2.4947719677027727,0.3525691147990916
2.495743855920994,0.3530017298018947
2.4962479488115576,0.35322611584051045
2.496619926157244,0.35339169350410415
2.496831761677854,0.3534859875007017
2.4981744829185413,0.3540836707963868
2.498854299626024,0.3543862764883785
2.499351119080315,0.35460742491427877
2.4994331337069586,0.35464393195003685
2.4999423296588286,0.3548705895059322
2.50008485351314,0.35493403091460096
2.5000923954241543,0.3549373880330364
2.500354181798819,0.3550539165710783
2.501006465002544,0.3553442663198635
2.5012514429381003,0.35545331294507254
2.501649376985953,0.3556304446727754
2.5016742072752076,0.3556414973385593
2.5017367906750936,0.3556693549843355
2.5017584349875768,0.35567898948152343
2.5019741668813413,0.35577501786428967
2.5024176961759905,0.3559724453291472
2.50279111408927,0.3561386642302219
2.5031976159497815,0.35631960973427024
2.5044549338960094,0.3568792776020703
2.5053962498649853,0.35729828402989017
2.5054374921598717,0.35731664214472625
2.505445157318008,0.35732005412395007
2.5054653815171273,0.3573290564884146
2.5055105382667446,0.3573491570380414
2.5058090126097596,0.3574820164310448
2.5060238896043177,0.3575776642739348
2.5074201043723527,0.358199159055395
2.5085719978398413,0.3587118994985079
2.5094192216598805,0.35908902284295185
2.5097925708429374,0.3592552111502557
2.5098536862857985,0.3592824153667379
2.51012364148035,0.3594025800781291
2.5101236973666214,0.35940260495469323
2.5102470228967926,0.35945750064493875
2.5105844869297123,0.3596077154544308
2.5107220535656376,0.3596689502646393
2.511364928278332,0.3599551120272989
2.511486107635806,0.3600090523952242
2.511683897719427,0.3600970943695747
2.5116857196980957,0.3600979053839406
2.5118356936562964,0.3601646630450903
2.512102775636767,0.3602835488074275
2.512348229822143,0.36039280742493474
2.5127233768427866,0.3605597960007245
2.5134932733213327,0.3609024987529338
2.5135713819301144,0.36093726710939056
2.5137031067227373,0.36099590154950556
2.5142690797865663,0.36124783220778967
2.5150714677628985,0.3616049978469261
2.5159054221996997,0.36197621461265117
2.5159891100637437,0.36201346645381915
2.5160061365811464,0.362021045439484
2.5168570445644027,0.36239980870943655
2.516912286847637,0.36242439861604103
2.5171919848718933,0.36254890013718233
2.517865427376618,0.36284866849079256
2.518555111228708,0.3631556663286213
2.51873165551569,0.36323425119648534
2.5190132067914877,0.36335957765243476
2.5191176809451696,0.36340608206049374
2.5196521803584697,0.3636440029045248
2.520532762292961,0.36403597489154593
2.5209876298562723,0.36423844934126937
2.5212590558053636,0.36435926872720836
2.521341958185821,0.3643961709273602
2.5214961499657726,0.3644648060605632
2.521738730638552,0.36457278559613815
2.521739877836588,0.3645732962465119
2.5229071408984898,0.3650928781318866
2.523241174522467,0.3652415659690923
2.5234582786914515,0.36533820519046867
2.523483303579839,0.3653493444778444
2.5238807184374417,0.3655262450992458
2.524095643994632,0.36562191455874005
2.524684351993103,0.3658839651810586
2.524760732249612,0.3659179641989131
2.5254451204687154,0.3662226048003475
2.5255074587091277,0.3662503533186906
2.5256525372635448,0.3663149318968121
2.525960989438636,0.36645223270578375
2.5260085804763723,0.36647341682607415
2.5263542871073144,0.3666273006496559
2.52697929989983,0.36690551156518847
2.5270321307353973,0.36692902806806227
2.52735419698731,0.36707238888864
2.527567309091693,0.3671672511288714
2.5282387572361222,0.36746613173616594
2.5284593562275783,0.3675643266021167
2.528469783531937,0.36756896809094175
2.5287606414064356,0.3676984371778519
2.5290331337940604,0.36781973126582
2.5294084030599318,0.36798677425642634
2.5297429839406065,0.3681357056931054
2.5318792400547783,0.3690866138608292
2.532220955148056,0.36923872093782084
2.5322487717895297,0.36925110291365215
2.532833855080138,0.3695115400757263
2.5333399158447394,0.36973680207087356
2.5335945062140315,0.3698501274628888
2.534437308688324,0.3702252827409781
2.5351519117136094,0.37054337280935357
2.5358457047640037,0.37085219976785955
2.535899016037418,0.3708759301272416
2.5359076898349917,0.3708797910804782
2.536134848918889,0.3709809060295789
2.536326818245211,0.37106635701981394
2.537165016982049,0.37143946304382847
2.538165679812677,0.37188488644248774
2.5384008482788505,0.3719895665947375
2.5387551833621287,0.37214729118710477
2.5397327866159225,0.37258245011428526
2.5401243392398527,0.3727567412892615
2.54140119683273,0.3733251068078114
2.542458250348587,0.3737956312993649
2.5431357917860233,0.37409722420414615
2.544657099380457,0.3747744013495128
2.545251353909343,0.3750389208897851
2.5460522212079493,0.37539540963214846
2.54720998715082,0.37591076408056145
2.5475154550318586,0.3760467364956337
2.5482482028062017,0.3763729033062898
2.5486305456281753,0.37654309493728066
2.5492057063894746,0.37679911530021604
2.5495303489707872,0.37694362291805883
2.549967473751024,0.3771381995519578
2.551093830992909,0.37763957309700136
2.5518924224005457,0.37799504877576373
2.551998217156071,0.37804214102114764
2.5520860952198796,0.37808125803903925
2.5524675771617695,0.37825106646789564
2.5526217877482917,0.37831970997243647
2.554223206219855,0.37903254674067344
2.5544326620729265,0.37912578147977705
2.5545630967347535,0.37918384164609453
2.5551339394819386,0.37943793993851505
2.5557050235707446,0.3796921456589343
2.5561940300796104,0.37990981632129783
2.5563150774237764,0.37996369792635676
2.5563726728926004,0.3799893353025897
2.556874031642444,0.3802125042976474
2.5574472173879763,0.3804676455250656
2.5577463881845963,0.38060081492931586
2.558976138359441,0.38114821160041823
2.559667562244088,0.38145598397607494
2.5603781991891332,0.38177230862968115
2.56082999199684,0.3819734144185034
2.561095812663144,0.38209173873414204
2.5621154841962235,0.3825456234452347
2.562544787659544,0.3827367185892089
2.562767209301115,0.382835724768405
2.5627884367440066,0.3828451737051177
2.562927847215269,0.3829072292587148
2.5637080529404335,0.3832545209489019
2.564323878950793,0.38352864256721464
2.5646518355468717,0.38367462534699515
2.5650116121633224,0.3838347721200668
2.565499608905186,0.38405199330650697
2.5668924175479937,0.384671971925052
2.5685774103165824,0.3854220099825564
2.5689400627793786,0.3855834368763782
2.5690921742688975,0.38565114601332495
2.570137830374746,0.3861165971945222
2.571141956999247,0.3865635624260467
2.571564980241627,0.3867518620656114
2.5715877155360958,0.3867619821898147
2.571606352976541,0.38677027824300214
2.5721262988485116,0.3870017208931372
2.5724513976898598,0.38714643160525863
2.5725074364468328,0.3871713760449075
2.5726877108943444,0.3872516213129883
2.5734366748191486,0.38758500639200644
2.573706482494718,0.38770510543851666
2.5738789474037738,0.3877818744595992
2.5744895744212033,0.388053681858747
2.5744921724734584,0.38805483832547083
2.574580404777711,0.3880941130258281
2.5745912153313677,0.38809892510978283
2.574705986006489,0.38815001279148165
2.5753288516327757,0.38842726794244475
2.5755767043519557,0.38853759421535594
2.576190819258802,0.3888109541729784
2.5770309768110535,0.38918493212127336
2.5770825360926053,0.38920788261940154
2.5773794359773716,0.38934004117639665
2.5775411095406877,0.3894120066635133
2.5776720596287523,0.38947029626066354
2.5778082323705314,0.38953091060906486
2.5779121394822093,0.3895771626106501
2.5790293179910457,0.39007445044136013
2.5803741633005624,0.39067307922030714
2.5807355010982285,0.39083392091940294
2.581931126048223,0.39136612748533917
2.5820434158448022,0.3914161108576564
2.5821437586924074,0.3914607763042417
2.582144293693062,0.39146101444820225
2.5827336914279395,0.39172337209175245
2.5832167493591456,0.3919383948735341
2.5834328707967185,0.39203459665329476
2.5836166086734544,0.39211638359192524
2.5854992448973513,0.3929543983553607
2.5855879849079715,0.39299389905021787
2.585803974702308,0.39309004223184174
2.5862374495009433,0.3932829941554383
2.5872385244330465,0.3937286009921491
2.5878921781391457,0.39401956079040046
2.5879893169754484,0.3940628000407089
2.588416056891088,0.3942527540769234
2.588438208574231,0.3942626144191784
2.589532781310202,0.394749839779423
2.5900325006306666,0.39497227901797993
2.5905559763134516,0.3952052928869927
2.5927088015103648,0.3961635764232432
2.5929304681303633,0.39626224652092934
2.593914584881533,0.39670030479047524
2.5940267134475,0.3967502163944754
2.5941326674551513,0.39679737952749594
2.5947596178927363,0.39707645294378824
2.595202604578746,0.39727363887815503
2.5953218681872503,0.39732672649189515
2.595528266523122,0.39741860024340014
2.5957164136336144,0.3975023498569946
2.596920454673435,0.3980383026631419
2.597535662283789,0.3983121490140783
2.5975491616650808,0.398318157971452
2.597896762289083,0.39847288486504717
2.599256100834139,0.3990779649940731
2.5993313386998986,0.3991114555014136
2.6000398227703783,0.3994268218495084
2.600071144166045,0.39944076389080463
2.600635381803694,0.39969192206169013
2.6006666522110544,0.3997058414066458
2.602210249291369,0.4003929402341727
2.6023276576953736,0.40044520204378775
2.602426856211919,0.40048935811617237
2.602556880930966,0.4005472358053349
2.6027766388984066,0.4006450563076498
2.603279935450464,0.400869087873417
2.6042409254840515,0.40129685178523355
2.60473364736563,0.4015161762653372
2.604910957643837,0.4015951020976146
2.605254632568863,0.4017480815512864
2.6054426006831184,0.4018317514885804
2.6069116764734033,0.4024856787769422
2.607281098567718,0.4026501190256986
2.60893500455493,0.40338631947537906
2.6090355427407026,0.4034310718725219
2.609361505639582,0.40357616720114997
2.6093796517380428,0.40358424454408826
2.610441833141394,0.4040570516037614
2.610822407568158,0.4042264560719038
2.611953772477405,0.4047300586716768
2.611960203338511,0.4047329212302957
2.61199480786795,0.4047483246875241
2.6120264226234235,0.4047623973115886
2.6124687682227585,0.4049592978800993
2.6125095949386266,0.40497747100893067
2.6125193177035246,0.4049817988872658
2.6126065682139163,0.40502063656333775
2.6129450514765806,0.4051713050608886
2.613088148889911,0.40523500177693916
2.613133248417322,0.4052550768553398
2.614789759941893,0.4059924371035759
2.6148744287412975,0.4060301255868861
2.615339180857941,0.40623699993156404
2.615730901255018,0.40641136578712467
2.616444738712879,0.4067291150797324
2.6165436135945583,0.4067731270930619
2.6166533726090675,0.40682198394252156
2.618184604605151,0.4075035787204587
2.618654073695083,0.4077125527236918
2.6189765282780706,0.4078560864014418
2.6192616215659568,0.40798298950740175
2.6197142654762136,0.40818447414610104
2.619769269077312,0.4082089578085195
2.619876122103766,0.4082565211203001
2.6199113972992043,0.408272223109981
2.620503029773268,0.4085355754993061
2.621225077299376,0.4088569793260788
2.6226386803906188,0.4094862141432265
2.6242589527353695,0.4102074433050009
2.6246012374569316,0.4103598039396932
2.625388529165153,0.4107102498018549
2.625830571194859,0.41090701524291595
2.626382303438441,0.41115260690832445
2.626987685199228,0.41142207949501686
2.629181577223533,0.4123986430405463
2.629494982684759,0.41253814869762184
2.6299976953569986,0.41276192036192694
2.630085424583566,0.4128009711281426
2.6301970261098715,0.4128506481318456
2.630300158997399,0.41289655550430904
2.6307437618719365,0.41309401572166116
2.6310582786947436,0.4132340160772876
2.631434614126565,0.41340153364858867
2.6318432219450427,0.41358341657424
2.6322657928862765,0.4137715148817396
2.6324519595959663,0.413854382962785
2.632462901269921,0.41385925341210206
2.6333071193190745,0.41423503880269896
2.633713457747324,0.4144159115584136
2.633806006180132,0.41445710748997
2.634432804543743,0.414736113213825
2.6353110680291825,0.4151270531934357
2.635827488732585,0.4153569266910887
2.636162670715227,0.4155061256952969
2.6364159665347304,0.4156188748464955
2.636963758657552,0.4158627126524358
2.637716100789139,0.4161976014670784
2.638344344345977,0.41647725048741546
2.6391427278528226,0.4168326336236411
2.639891165159163,0.4171657842898493
2.6400746224545704,0.41724744633377486
2.640218859887685,0.41731165050495544
2.640404642657779,0.41739434768360006
2.640536963159281,0.41745324729062816
2.6412128265279264,0.4177540932394104
2.6413385817210937,0.41781007044154594
2.6415333990548606,0.4178967891606472
2.641899421227748,0.418059716007975
2.642029909241701,0.4181177999228366
2.6421823137157348,0.41818563947549814
2.6423709608502506,0.41826961166396315
2.6426412100383194,0.4183899072402052
2.6427282091645745,0.41842863301807076
2.6432304166764355,0.41865217982116865
2.6437917190960007,0.4189020314432592
2.6441293039035574,0.41905230001296656
2.6443947445326694,0.41917045516327534
2.644869559207955,0.419381808638118
2.644879680072438,0.41938631372186563
2.644995441599303,0.41943784245977067
2.6450524125065926,0.4194632018259554
2.645943101908844,0.41985967293346327
2.6462146733331284,0.41998055707453563
2.6464307498207966,0.4200767388458194
2.646642787060113,0.42017112263313294
2.6467374191444,0.4202132460570426
2.646960486037163,0.4203125394558396
2.6474408527556115,0.4205263643025168
2.6476193982841347,0.4206058399797339
2.647644421585923,0.4206169785608693
2.6483250138058034,0.4209199294554179
2.6485438171247235,0.4210173250166088
2.648573319421973,0.42103045732562094
2.649562070143451,0.4214705783067423
2.651255198869724,0.422224237909699
2.6516061836533455,0.42238047118869504
2.6517724229959634,0.4224544690336367
2.653067231738835,0.423030825118035
2.653354858208938,0.4231588558152256
2.653496107725001,0.42322172997980745
2.653810613349103,0.4233617253505729
2.6554096519082613,0.4240735027523185
2.655996887176501,0.4243348978206535
2.6562711287726564,0.42445697053093523
2.656598131981882,0.42460252893119566
2.6566360056628935,0.4246193875804821
2.6569607750748925,0.4247639516542596
2.6570575422624696,0.4248070254731824
2.658429638522098,0.4254177844226963
2.6584577506495743,0.4254302979277256
2.6592168016472253,0.4257681730488764
2.6593041261733803,0.4258070436714637
2.6605799174897635,0.4263749345601129
2.6608255026382426,0.4264842514730106
2.661075297884593,0.4265954424198437
2.6611754642863574,0.42664002932538303
2.661562426482186,0.4268122771706544
2.6624336060557026,0.42720006390021115
2.663169605143362,0.4275276779626117
2.66319935767128,0.4275409216563899
2.6636834865811707,0.42775642116115076
2.664234263155432,0.42800158743104744
2.6651471801752478,0.4284079526813739
2.665550981355433,0.4285876960360341
2.6658438405206786,0.4287180559542003
2.666451321423504,0.42898846292853254
2.666919097012735,0.4291966831065863
2.667002124806959,0.4292336411319616
2.66701107149124,0.42923762355480943
2.66740898177438,0.4294147447041641
2.6679031942536953,0.4296347326915848
2.668279646403219,0.4298023022172447
2.6684350079408654,0.4298714580427645
2.6689891272404442,0.4301181122544798
2.6699658904766226,0.43055289726600154
2.6704136627354216,0.43075221339450687
2.670565169195625,0.43081965321575055
2.670572295772657,0.43082282545725403
2.670945768233483,0.43098906863898834
2.672270283212287,0.43157864781128963
2.6724233374696116,0.4316467766009181
2.672867900745341,0.4318446643200716
2.6735933627511352,0.4321675880285659
2.6737421401684496,0.4322338130754405
2.67376304247526,0.43224311728486486
2.6740629924703994,0.43237663353246947
2.6750080121321362,0.43279728857895183
2.675249872472638,0.43290494747420605
2.6758427506983415,0.433168854382908
2.6767731171707676,0.4335829868793524
2.677086461411082,0.4337224652852638
2.677186711241212,0.4337670893271335
2.6772263237971745,0.43378472199896567
2.6779676024073407,0.43411468612652926
2.6786290803094337,0.43440912869626447
2.6795926865603414,0.43483805716058965
2.6808839308361225,0.4354128265996199
2.6809588871737504,0.4354461917908061
2.6812809832302977,0.435589565878272
2.6817086460354,0.43577993071875387
2.6821132906904768,0.43596004952800427
2.682292645338758,0.4360398853673675
2.682651393252222,0.4361995742355721
2.6827892460691505,0.43626093643305874
2.6830097107150253,0.43635907149798203
2.6846851334725184,0.4371048496722004
2.686081605307302,0.43772645888135964
2.686394169454289,0.43786559004561265
2.6865902451201302,0.43795286888399865
2.6868181173239365,0.4380543012629904
2.687812132588701,0.4384967656415997
2.6878990462809167,0.4385354533903515
2.688470888251788,0.4387899964655665
2.6891007369489315,0.4390703599793657
2.690047470149136,0.4394917777704055
2.6900755060868256,0.4395042573612006
2.6906548503603487,0.43976213992404656
2.6906883817334073,0.4397770656889418
2.69086740843614,0.4398567555504429
2.69134248727216,0.4400682266107182
2.691954136328251,0.4403404889482533
2.693241810820819,0.4409136693755573
2.693295712625363,0.4409376625970891
2.693344122848383,0.4409592113599765
2.693710276935893,0.4411221969262431
2.694128539826407,0.4413083775982174
2.6947046094859433,0.44156480253752883
2.6955911867005473,0.4419594431937175
2.6955966576434762,0.4419618784655386
2.695662079795852,0.44199099972053746
2.6966003342606966,0.44240864338606345
2.6970067669256332,0.4425895580891991
2.6973382806866026,0.4427371242639321
2.6974192069830574,0.44277314685306446
2.697697516543519,0.44289703032960204
2.697878112498419,0.4429774187097373
2.698316188010315,0.4431724185412551
2.6988674747395263,0.4434178118955847
2.6996703499162,0.44377519440140756
2.6998675735013045,0.44386298421120574
2.7004623943664834,0.4441277558438199
2.7005129017058818,0.44415023809266907
2.7008112605276335,0.44428304606388247
2.7008607784259864,0.4443050878844672
2.701753484920329,0.4447024568568575
2.7017578645247946,0.44470440634298436
2.7018042615206617,0.4447250589613828
2.702641417307542,0.4450977007387992
2.7029221172716054,0.4452226482517574
2.7035873145811027,0.4455187464351882
2.7043363920681154,0.44585218206396593
2.7047702456443754,0.44604530259222286
2.7050354600004205,0.44616335702197363
2.705557928102643,0.4463959223883085
2.7059874810199833,0.44658712857134064
2.7067270946580853,0.44691635157263
2.7067755249383394,0.44693790926356136
2.707172602612912,0.4471146597952351
2.707927028710879,0.44745047624240275
2.7084471862041193,0.44768201309116484
2.7090956557689574,0.44797066528115004
2.7096315939651228,0.44820922656822937
2.709739799198643,0.44825739178571566
2.7098817449551014,0.44832057586663854
2.709978717895145,0.4483637412718182
2.710195497079379,0.4484602358332672
2.7104819955570663,0.44858776442905046
2.7112598631464238,0.44893401534869437
2.712055025852827,0.4492879648153213
2.7127899938406306,0.44961511990593994
2.7129790653121058,0.4496992809788174
2.7158334254545697,0.4509698376106217
2.7162238937511103,0.45114364612073166
2.7164507287395216,0.451244616805742
2.7166456433364794,0.4513313788194475
2.7166657943163184,0.4513403485919337
2.7167146706875744,0.451362104850618
2.717659970263278,0.4517828844947436
2.71799767563643,0.45193320673161574
2.71835466947271,0.4520921148103304
2.7188552669493715,0.4523149449411099
2.7189551751969745,0.45235941693491166
2.7196565354607496,0.45267161227465413
2.719836730541874,0.4527518222145057
2.7199505221303295,0.4528024740769683
2.7205108170442105,0.4530518772297121
2.720550491124063,0.4530695372875717
2.721608912075602,0.45354067046351976
2.7220472182220647,0.4537357729570225
2.723453210259412,0.4543616198782776
2.723853504169398,0.4545398020475273
2.724418215070838,0.45479117088154475
2.7244347469021744,0.4547985296684153
2.7245044113250025,0.45482953927827796
2.7260104846350774,0.4554999352117246
2.726233997119298,0.45559942695591304
2.726458022638397,0.4556991470664735
2.726664902135274,0.45579123499638496
2.7266858547584683,0.4558005616030584
2.7267916557331677,0.4558476566167733
2.7268948230947725,0.45589357933462604
2.727249923002773,0.45605164437216283
2.728691104227982,0.45669315499868834
2.728713307409839,0.45670303826448055
2.7291096085338484,0.4568794431314812
2.7291551477293186,0.4568997139186012
2.7306397382521257,0.45756054725431206
2.7307325351089524,0.4576018537664438
2.732116031071152,0.4582176870467982
2.7322362479235456,0.458271198976422
2.7322918091245714,0.45829593084237774
2.732383199418568,0.458336611253512
2.7328474323650385,0.4585432545008251
2.7331487831017522,0.45867739425822096
2.7337162084617885,0.45892997137472535
2.7343641002488077,0.45921836637942126
2.734966762880584,0.4594866286046926
2.7350621377627933,0.4595290826690186
2.7350867375229826,0.4595400327197797
2.7351699182805813,0.4595770588334901
2.7352812463751084,0.45962661412495587
2.735543835414803,0.45974349995196107
2.7361705018246183,0.46002244693944006
2.7361932646083003,0.4600325792998715
2.736400944000079,0.4601250232856843
2.7371745204923936,0.46046936411636497
2.73775067771401,0.4607258280320412
2.738007967532306,0.4608403550253479
2.7387213201344536,0.46115788849493
2.739150548278504,0.4613489501121617
2.740621180562547,0.46200357024002836
2.741869612475931,0.46255928268265545
2.742013613679719,0.4626233817014648
2.742218084680724,0.4627143975415733
2.742972924796205,0.46305039827967487
2.743592006781929,0.4633259692249425
2.7442378295325183,0.4636134432428576
2.7445743746390185,0.46376324901214505
2.7458834459831647,0.46434595378477184
2.7460938905223284,0.46443962861608856
2.7462260423407785,0.46449845313750693
2.746431805325994,0.46459004407642057
2.7473826584616625,0.46501329576755146
2.7474657976094896,0.465050303359573
2.7484859199467757,0.4655043887363999
2.7486005515764056,0.46555541452500826
2.7489320979248806,0.4657029952053642
2.749352412808722,0.4658900892777502
2.7501379648406155,0.46623976076065166
2.7517525060781125,0.46695843884408783
2.752034066210385,0.4670837692423049
2.75224056773206,0.4671756889247376
2.752291090289112,0.46719817794739504
2.752635836172717,0.4673516341150964
2.7530111336851073,0.46751868967902954
2.753946930969918,0.46793523958405103
2.7540109883217427,0.4679637533276274
2.7550390419534656,0.46842136914849164
2.755082774871553,0.4684408359103335
2.7552417030935272,0.46851157936817756
2.75564161243352,0.46868959035441893
2.7556419336485094,0.46868973333631847
2.7571563475703282,0.4693638419125412
2.757668727690982,0.4695919168322463
2.7577857372911967,0.4696440011229863
2.7588577622759316,0.4701211898398385
2.759095236418325,0.4702268963139482
2.7593159158502285,0.47032512698622275
2.759322922859491,0.4703282460047221
2.759869463449123,0.4705715267177535
2.7599419250666233,0.47060378143827597
2.759999941976558,0.47062960640989715
2.7611541635452985,0.47114338315688764
2.7617519782964863,0.47140948745305267
2.7621478012289256,0.4715856794634258
2.7625568741439546,0.4717677694167396
2.763484991380885,0.47218090071469
2.764528497720883,0.47264539497415303
2.764633216340988,0.47269200820114865
2.7653452533816907,0.4730089560770301
2.765394390820075,0.4730308285440953
2.765854729340477,0.47323573827194343
2.7667221900132035,0.473621869613313
2.7668734370558052,0.47368919396042675
2.7688471297010877,0.47456774051883044
2.7689820263837737,0.47462778685714846
2.7690031598062674,0.4746371939427161
2.7690727167894664,0.4746681557281539
2.7690905516906845,0.474676094548376
2.7691869897679044,0.4747190218709473
2.7702253325172106,0.47518121766978483
2.7703362919998273,0.4752306088816374
2.772209632250217,0.47606448574368787
2.772915015340237,0.47637847175745485
2.7732027541189006,0.47650655244636964
2.7732475602727744,0.47652649693589066
2.7739857294355295,0.47685507696024654
2.774425770848973,0.4770509518702841
2.774674476231813,0.4771616576879666
2.7746968709947506,0.4771716262319303
2.774990980267299,0.4773025426083024
2.775752365416919,0.477641456726677
2.776119527509971,0.47780489098479073
2.777005571485036,0.4781992942809419
2.7776820572270875,0.47850041726577386
2.7787330160776715,0.4789682288490068
2.779435341807921,0.47928085394525144
2.7799959392647198,0.47953039176842704
2.780292999042051,0.4796626214981362
2.780387848508994,0.47970484168523
2.780528649678831,0.47976751627819425
2.7814351422614427,0.4801710218293621
2.7822379760849762,0.48052838592772973
2.7825789022266068,0.48068014181997354
2.783054173280368,0.480891698441816
2.7831397253680836,0.48092978010179777
2.783231848124461,0.48097078655270575
2.7836420061768044,0.4811533595314059
2.783819541898811,0.4812323857151106
2.784765988452102,0.48165367591148156
2.7849634727699852,0.48174158178083215
2.7851819840464893,0.48183884734566274
2.787059140651933,0.4826744229755562
2.7870871845772016,0.4826869061218495
2.787243161545993,0.4827563358932223
2.787631141089076,0.4829290365886023
2.787670336344746,0.48294648350824165
2.787687860974244,0.48295428421772324
2.787696363903576,0.4829580691126607
2.7877773732806004,0.4829941286833104
2.7883348336247376,0.48324227008869036
2.789311937873424,0.4836772068945484
2.790000328005862,0.4839836288610786
2.790616323438724,0.4842578258941508
2.791136066558239,0.4844891782934191
2.7912610364847708,0.48454480595111016
2.7912710920450197,0.48454928196609137
2.791346989297258,0.4845830659850501
2.7914195539818407,0.48461536658365323
2.7923180888500725,0.48501532993051844
2.7931311714532785,0.48537725605131143
2.7931717833240004,0.485395333546477
2.793681230899637,0.48562210310724574
2.79371165376634,0.48563564518782343
2.7937767718153794,0.48566463107780533
2.7942261730232922,0.4858646722977481
2.7946874198461846,0.4860699863367881
2.7951544594446442,0.48627787890448126
2.7954668978687667,0.486416954105923
2.7955864968024513,0.4864701909824085
2.7959231599472467,0.4866200492938879
2.796791756242551,0.48700668613306664
2.7970867715700782,0.4871380058201997
2.7976046869595073,0.48736854464498314
2.7981891217792643,0.487628693154294
2.798348058479685,0.48769944038613566
2.798617628233805,0.48781943352706214
2.799923774737336,0.4884008363702006
2.8000915705211145,0.4884755270312342
2.8012699452105485,0.4890000550170821
2.8013871599587468,0.48905223062500636
2.801817187460428,0.4892436480589848
2.8031305833129982,0.4898282777929279
2.804720360611135,0.49053593274479945
2.8049201519972162,0.4906248655556198
2.8050711593567454,0.4906920832130024
2.8051371120220776,0.49072144061435974
2.8056614250406837,0.4909548272052884
2.805780317829982,0.4910077497568852
2.8062960188065516,0.49123730288371803
2.806771709635156,0.4914490463592456
2.807210594005679,0.4916444062366718
2.8078442706990017,0.491926473700109
2.8079712847108427,0.49198301123812893
2.808372245638451,0.49216149031583467
2.81050670480065,0.4931115986092842
2.8107301638416504,0.49321106656438074
2.811003597076678,0.4933327794502047
2.8112486473486267,0.49344185827439313
2.8125989775451035,0.494042928532044
2.812822235426647,0.49414230694536254
2.8130634502404632,0.4942496784983854
2.813491938670941,0.4944404108481322
2.813575825699056,0.49447775134287486
2.8146711382354166,0.4949653060092494
2.8148307562732335,0.49503635652368416
2.8148561074799416,0.49504764106459676
2.8167475817985497,0.49588958991458343
2.81676244062618,0.49589620400006784
2.8168771787784004,0.4959472772049014
2.8169776924167333,0.4959920186752824
2.8170803804407,0.4960377280263615
2.81716768153418,0.49607658821840084
2.817519101747548,0.49623301531952246
2.8176645605766075,0.4962977631686698
2.8177992567329815,0.49635772024704083
2.8180279080302344,0.49645949942261614
2.8190011462435747,0.49689271534652457
2.819273674378768,0.49701402534674877
2.819343051237669,0.49704490695375414
2.8194163151223264,0.4970775187861356
2.8195846898976082,0.4971524671727041
2.8209865047254734,0.49777645469957865
2.8212471128048175,0.49789245874496446
2.8216333180909046,0.49806436966824785
2.8234785497834554,0.49888573461421526
2.8250644983009403,0.4995916852672575
2.825215902531272,0.4996590795830871
2.825351061993032,0.49971924289182135
2.8254206956911854,0.4997502388252597
2.8264396633663975,0.5002038102292579
2.8270922477420526,0.5004942940382098
2.829012861812191,0.5013492138178295
2.8294780516469262,0.5015562830032407
2.82952440539773,0.5015769163720356
2.829709859121747,0.5016594670829417
2.829882714715149,0.5017364100087043
2.8315253512130103,0.5024675940891403
2.8320875363686357,0.502717838642081
2.832523287470163,0.5029118038126368
2.8333235414548774,0.5032680195515975
2.8337030522345303,0.5034369505602514
2.833776236582188,0.5034695269884593
2.8339310396928266,0.5035384342422848
2.8339658471493765,0.5035539280281243
2.8340386201882435,0.5035863213711276
2.8344869466618126,0.5037858841963412
2.8347434306759522,0.5039000525033701
2.834745657174584,0.5039010435810416
2.835462313537743,0.5042200476483243
2.835470476782877,0.5042236813401935
2.8379419531507244,0.5053238055476479
2.838539919432359,0.5055899772943111
2.838598211356436,0.5056159246825243
2.8386556851663816,0.5056415079049406
2.839158812262066,0.5058654640408715
2.8398943005124395,0.5061928507151123
2.8401663492824447,0.5063139473362996
2.8406266740255397,0.5065188509314777
2.8422250871393846,0.5072303499297806
2.844422064840015,0.5082082869973337
2.845558471737728,0.5087141339291334
2.8461696919968524,0.5089862053969805
2.8462490493917496,0.5090215296235452
2.8465460114539893,0.5091537158574961
2.8465943702457155,0.5091752417268567
2.847656671806561,0.5096481022720372
2.8480303708379284,0.5098144463067438
2.8487231721181576,0.5101228318002291
2.8491960927492874,0.5103333421823142
2.850448778696924,0.5108909482162061
2.8506331724741467,0.5109730271147406
2.852008924359058,0.5115854132867188
2.852234090553242,0.511685641144102
2.8528777522961684,0.5119721532362329
2.85392879809645,0.5124400035232417
2.8543824098938426,0.5126419189959495
2.854927906107842,0.5128847348277739
2.8552207886490355,0.513015105151237
2.855319968856115,0.5130592530735592
2.855552495918238,0.5131627574619715
2.856706239229645,0.5136763213230624
2.856921510061486,0.5137721444740937
2.8569450340293345,0.5137826156591807
2.857195171859389,0.513893959099734
2.8579267788538463,0.5142196181169176
2.8579814832406902,0.5142439685905877
2.8587142478730763,0.5145701429052367
2.8587888434135813,0.5146033474953937
2.858847840169365,0.5146296086241844
2.859066180601821,0.5147267981414851
2.8596391425242995,0.5149818397389159
2.8596746749364446,0.514997656223046
2.8597561248285452,0.5150339118794467
2.8598673561791066,0.5150834241074298
2.860181599462857,0.5152233027030662
2.8602629051431614,0.5152594941667072
2.860781609798578,0.5154903843161605
2.8609826139138472,0.5155798569471282
2.8611086213889956,0.5156359464471267
2.861145417248877,0.5156523253276681
2.861996029523092,0.5160309569691417
2.862095028467015,0.5160750242060932
2.8621663872144114,0.5161067880078616
2.8633795910190307,0.5166468194204217
2.864188447622533,0.517006864428923
2.865237904522749,0.517474007451461
2.8655124010116757,0.5175961936217428
2.866482744137326,0.518028120860033
2.86685602772135,0.5181942799673471
2.8687625453231878,0.5190429250092361
2.870585862781585,0.5198545353082262
2.870714860862722,0.5199119560117458
2.8709074350886055,0.519997676259927
2.871156397665742,0.5201084965620841
2.8712996560537376,0.5201722649325224
2.871372058632716,0.520204493373325
2.8720639094464064,0.5205124557872038
2.872458082407824,0.5206879133486928
2.8724689467261624,0.5206927493648315
2.8726768449237685,0.5207852907473216
2.8749364330720883,0.5217910975003957
2.8749855123384407,0.5218129440734403
2.87558374805643,0.5220792357538644
2.8760318328363916,0.5222786909944002
2.8762268950400696,0.5223655187120417
2.876230007571608,0.5223669041880818
2.877025006131228,0.5227207805883209
2.87769535211774,0.5230191705938758
2.879938649057122,0.5240177256679315
2.880453260905115,0.5242467939927531
2.8810053726688793,0.5244925545933554
2.8811128279467937,0.5245403859843369
2.8827889185472517,0.5252864614343957
2.883114504844031,0.5254313891267504
2.883366271253823,0.5255434574943216
2.8837047091895447,0.5256941058155649
2.8841888269313634,0.5259096003491002
2.884813315232851,0.5261875777988039
2.884993553697154,0.5262678070497384
2.8852175540814344,0.5263675159720782
2.8857513846336804,0.5266051390870894
2.886090736549405,0.5267561942467465
2.8870583596884165,0.5271869107418621
2.887151912691922,0.5272285538363191
2.8871645605720544,0.5272341837663836
2.8908720229309104,0.5288844803835244
2.8923123877188255,0.5295256275906612
2.8923867574804687,0.529558731680245
2.8925034137078898,0.5296106586747358
2.8926593321200653,0.5296800623808982
2.8927182703740484,0.5297062974688784
2.892993946844546,0.5298290088824149
2.89312952731346,0.5298893595933707
2.893379719001052,0.5300007270074412
2.8937531785868154,0.53016696445812
2.8945381846690124,0.5305163929233316
2.894949706964021,0.5306995731651238
2.8987988841363816,0.5324129510639308
2.900241131234683,0.5330549361407908
2.901865623105665,0.5337780435333315
2.9024634923253823,0.5340441720749831
2.9027903989781216,0.5341896874952139
2.9032590213217366,0.5343982845876527
2.9035390238973173,0.5345229216732237
2.9041786473844815,0.5348076362232148
2.9055329190622468,0.5354104609459434
2.905947949428901,0.5355952027298927
2.9062643017968073,0.5357360201386883
2.90763111906793,0.5363444292607378
2.9077062755978544,0.536377883563192
2.909127942199791,0.5370107076775821
2.909267880867087,0.5370729983462101
2.9093827266807226,0.5371241194741918
2.9098427883498204,0.537328905967674
2.910223047778734,0.5374981702213415
2.911234724702363,0.5379484963050893
2.9115265096803062,0.5380783780720291
2.91294261442947,0.5387087264480499
2.916924322703751,0.5404810976981018
2.916994210437784,0.5405122067101134
2.9176033927374254,0.5407833710244103
2.9179827523526116,0.5409522347454745
2.919478979056033,0.5416182476751086
2.9196370955789552,0.54168862982269
2.9197388723448987,0.5417339335469851
2.920181417388395,0.5419309228937463
2.920557083944097,0.5420981427293214
2.920784094056446,0.5421991913669622
2.920928839371212,0.5422636216106667
2.9218200236906213,0.542660313019834
2.922573865024249,0.5429958691718133
2.9236674227739265,0.5434826427328803
2.923788562633174,0.5435365655190247
2.925077827878097,0.5441104540353063
2.9255713470695235,0.5443301334206301
2.9257800845770205,0.5444230484037509
2.926900694502679,0.5449218636553828
2.9275188521811035,0.5451970231652632
2.929467059416968,0.546064225445323
2.930207900608357,0.5463939948653871
2.9305340278130796,0.5465391633312042
2.9305602687082946,0.5465508438976976
2.930677389786198,0.5466029778103179
2.930755767199744,0.5466378658193971
2.931065354932357,0.546775672097219
2.9318431188136302,0.547121876853454
2.9321088774710646,0.5472401735671866
2.9321313023020186,0.5472501554952769
2.932313149982422,0.5473311010539255
2.9328174415639316,0.5475555755355146
2.9334007488705627,0.5478152221567645
2.9334332678558974,0.5478296972791787
2.934864698044465,0.5484668674428148
2.934992295207475,0.5485236645579543
2.9361371440382946,0.549033269233542
2.936232251008866,0.549075604042802
2.9362491428724216,0.5490831230902218
2.9363658078519483,0.5491350539805222
2.936531256375207,0.5492086998093446
2.937365504291703,0.5495800472112027
2.9374226049064207,0.5496054643138422
2.9378116772425495,0.5497786514423921
2.937889682938491,0.5498133739894258
2.9382154984509294,0.5499584037121694
2.9387290837093087,0.5501870150728465
2.93892629441464,0.5502747991494921
2.9390096023500845,0.5503118818736679
2.939956754700294,0.5507334862402595
2.942667561241669,0.5519401430939073
2.9429444246603746,0.552063382851746
2.943867947248508,0.5524744689412395
2.945410034756252,0.5531608958152134
2.945638850595927,0.5532627482332866
2.945878980026057,0.5533696366512557
2.9460775784266464,0.553458038430408
2.9466426611118077,0.5537095727559012
2.947345475457929,0.5540224153489246
2.947735027575099,0.5541958160416196
2.9484048384472197,0.5544939678525864
2.948846678108842,0.5546906432138758
2.9496587699335133,0.5550521283110503
2.9499761842718293,0.5551934184329859
2.950355758388736,0.5553623776348477
2.9515696069624937,0.5559026960524334
2.9517789992803367,0.555995902510205
2.952437965893451,0.5562892272340105
2.9525444983167355,0.5563366478362297
2.952924659501748,0.5565058683587516
2.9535792269854655,0.5567972349053294
2.9539281647172406,0.5569525569835072
2.9549991210390676,0.5574292700081973
2.9554674496375792,0.5576377363463623
2.955681089436292,0.5577328334783016
2.9568592424415394,0.5582572627862328
2.9571781745056067,0.5583992284909338
2.9581022311907086,0.5588105523221327
2.9584062364678,0.5589458736907174
2.9597723771011557,0.5595539816221116
2.960307954261651,0.5597923822019772
2.9609269197421555,0.5600679012874685
2.9611598469653457,0.5601715837989178
2.961447801526763,0.5602997605388544
2.9615586788743666,0.5603491151900846
2.9623437336822622,0.5606985653444858
2.963034451170029,0.5610060232828624
2.9632944853572565,0.5611217718725938
2.963422332347508,0.5611786801929226
2.963438526840183,0.5611858888207901
2.963603827487914,0.561259468826022
2.963634933505946,0.5612733149966267
2.9638817960382333,0.5613832005092763
2.964130556937205,0.5614939310387637
2.964857875287856,0.5618176810589888
2.9659641528341982,0.5623101165622073
2.9660533050700906,0.5623498007502215
2.9662592648379085,0.5624414792826506
2.966440890702996,0.5625223261050121
2.9668217515292175,0.5626918580576736
2.967496506793306,0.5629922107576986
2.967804720880951,0.5631294055871969
2.968506359188377,0.563441724692052
2.9685446057243574,0.5634587493096574
2.96865033195799,0.5635058110540041
2.9687151621911863,0.5635346688289928
2.9693567087853183,0.5638202394084233
2.9695617434233728,0.5639115061393638
2.970578347219261,0.5643640253136497
2.970685015043358,0.5644115061866097
2.97106276397692,0.5645796529476139
2.9715415670726726,0.564792781781494
2.971830680318164,0.5649214742845656
2.9725641193008165,0.5652479487716389
2.973537426641779,0.5656811954662118
2.9735737949444054,0.5656973840288964
2.9738120509548818,0.5658034385346589
2.9738663045580975,0.5658275883517543
2.9746537557241766,0.5661781051931298
2.9766361994333397,0.5670605470981942
2.97714561483471,0.5672873023372844
2.977473217782186,0.5674331276980444
2.97816917418437,0.567742917625772
2.9785519310029427,0.5679132935383877
2.978701853663465,0.5679800283654861
2.979265316927512,0.5682308418407238
2.9797548129038005,0.5684487303789163
2.981902691045282,0.5694048118405255
2.982454403590097,0.5696503947374545
2.982595567292995,0.5697132307041635
2.9834021478106663,0.5700722625623251
2.983831118487404,0.5702632095735554
2.983873183636219,0.5702819339640064
2.9839081451092593,0.5702974963069518
2.9847911568498606,0.5706905498695676
2.9851364789370205,0.5708442625218089
2.9859365818666745,0.5712004110218785
2.9862425266205683,0.5713365957065799
2.9870633315059107,0.571701959234109
2.98913344388305,0.5726234249490434
2.989326235914421,0.5727092421486222
2.9893536319538536,0.5727214369025599
2.9897469143415956,0.572896498044454
2.990053025271329,0.5730327566987337
2.9908124475120754,0.5733707970707123
2.9909642691328413,0.5734383771788585
2.9910638830547325,0.5734827181599405
2.991650974250949,0.5737440490977328
2.9923371026288788,0.5740494642932008
2.992364675667658,0.5740617378345663
2.9930474686473953,0.574365668349728
2.9942326896395293,0.5748932438190268
2.994869669684583,0.5751767816979825
2.9951450054197504,0.575299341440562
2.9952685495724243,0.5753543344458825
2.9955811516946635,0.5754934825139975
2.9963977451125166,0.5758569713979351
2.996836170489847,0.5760521269644774
2.9969369179877083,0.576096972532365
2.997056286335533,0.5761501067685464
2.9980521763551375,0.5765934056536912
2.998617378129458,0.5768449929891462
2.999877431430222,0.5774058784408083
3.000220763634979,0.5775587053399707
3.002134034915625,0.5784103566357908
3.002320184046189,0.5784932168918682
3.0023575500576367,0.5785098495630379
3.0030664307350468,0.5788253924521225
3.004070173938785,0.5792721870121944
3.0041882304601297,0.5793247373172137
3.004202690366531,0.5793311738315485
3.00533506710078,0.5798352268233196
3.005629978988631,0.5799665004665198
3.005712838202103,0.5800033834518221
3.0067586861621862,0.5804689200327793
3.0070915058601115,0.5806170675170803
3.008522290767913,0.5812539504479506
3.00872082398356,0.5813423232114363
3.008970605444028,0.5814535080217829
3.010216482061609,0.5820080830297953
3.011308090171883,0.5824939887510836
3.011400561450423,0.5825351503390879
3.011414627451611,0.5825414115150434
3.0116295280469436,0.5826370698633074
3.0122710105696804,0.5829226119227429
3.0124098325319766,0.5829844055143123
3.0124572455376963,0.5830055103875045
3.0126340511077974,0.5830842115598933
3.0128040978486226,0.5831599041857316
3.0128284074124227,0.5831707250618514
3.0132172101904446,0.5833437922024445
3.0134971849993724,0.5834684169282907
3.013879053611403,0.5836383974749904
3.01396493784367,0.5836766269819305
3.0147314666507152,0.5840178306880679
3.0148157744039423,0.584055358459487
3.016428074740603,0.5847730390544228
3.0181541985181743,0.5855413856902525
3.0192349323095256,0.5860224509438585
3.019650268103575,0.5862073286822014
3.019948106399479,0.5863399049526017
3.022070523612909,0.5872846530332172
3.0231048238568636,0.5877450493983025
3.0233337912012126,0.5878469692554009
3.023603568071962,0.5879670545898121
3.0237951643684595,0.5880523395338959
3.0243254496408123,0.5882883845443034
3.024379661710583,0.588312515873685
3.02555740123333,0.5888367611288312
3.025903500494516,0.5889908197232678
3.0261417942284075,0.5890968910207917
3.026406977860643,0.5892149317745037
3.0266552758915153,0.5893254562682757
3.0269279697717555,0.5894468400463202
3.0279201027847384,0.5898884665812922
3.0279607716122285,0.5899065694295296
3.028103844781187,0.5899702553537232
3.0297426569478283,0.5906997371158984
3.0306286146488564,0.5910941020090295
3.0307269614399095,0.5911378789542474
3.0310900486036045,0.5912994993457643
3.0351524504782494,0.5931077896053212
3.0366092967151896,0.5937562731727328
3.0368606677892114,0.5938681655651437
3.0369912452279393,0.593926289285508
3.0372979002804383,0.5940627901442586
3.037504618650409,0.5941548063520157
3.0377116165607574,0.5942469469911205
3.039063196825606,0.594848573689648
3.0395668006256433,0.5950727420202029
3.039808407277802,0.5951802879915826
3.0412733500151243,0.5958323755408823
3.0417507705591302,0.5960448889617793
3.041778008205418,0.5960570132104372
3.041845998731177,0.5960872777212523
3.0418754084399637,0.596100368816515
3.044104223155327,0.597092477442031
3.0445223682965983,0.5972786057004784
3.046352323450863,0.5980931706261046
3.046900026305837,0.5983369686963942
3.0469614372094522,0.5983643044308351
3.049157884995343,0.5993420056183127
3.049207556753045,0.599364115926057
3.0504833457729807,0.599932005792492
3.0509040882581444,0.6001192902023513
3.0511201109523567,0.6002154480286421
3.052089170179297,0.600646803767213
3.053799218816067,0.6014079949020787
3.054002931546781,0.6014986732145808
3.0545677865992724,0.601750106214318
3.0552135632050015,0.6020375596918479
3.0566932537728757,0.6026962119186854
3.0576975334187315,0.6031432452643541
3.0585313827278586,0.6035144152347705
3.059851137303303,0.6041018754165604
3.0599578824270988,0.6041493906978077
3.060169041269823,0.6042433834858922
3.060173828733969,0.6042455145219272
3.060291201079967,0.6042977602811013
3.0614959700170488,0.6048340370949583
3.0623879898295363,0.6052311004057844
3.0624003775725304,0.6052366145414325
3.062529646662473,0.6052941558786553
3.0630914189960015,0.6055442166727754
3.0637725260596778,0.6058473967388955
3.0641458184877974,0.6060135597829674
3.064677806064267,0.6062503625372049
3.0648884478898952,0.6063441251863206
3.0653880396826687,0.6065665076586857
3.0661310292828183,0.6068972333964051
3.0661771241898603,0.6069177515465023
3.0664375449282564,0.6070336722011196
3.066454631239104,0.6070412778025427
3.0665574944709384,0.6070870651436111
3.067349611863676,0.6074396590547779
3.0674050499446506,0.6074643361165089
3.0686193445310233,0.6080048530669553
3.0688146208699996,0.6080917761022897
3.0700281122476065,0.60863193552174
3.0705008280085986,0.6088423547103183
3.070698535570628,0.6089303599519682
3.070863181348359,0.6090036484559951
3.0717678686446352,0.6094063504230285
3.0719168449372583,0.6094726639949422
3.072135318194159,0.6095699126361691
3.0730199426620435,0.6099636840694254
3.0748278632009076,0.6107684407629674
3.0750541319991984,0.6108691594207023
3.075225683543439,0.6109455218772077
3.0755529176348424,0.6110911830496715
3.076216845966909,0.6113867163752671
3.076557011385495,0.611538133648114
3.0767949983021357,0.6116440683725808
3.077847790296158,0.6121126959399348
3.077933871685689,0.6121510132071633
3.078323054486908,0.6123242495068564
3.0784800409740605,0.6123941286434753
3.0787425935856914,0.6125109982553165
3.0806428014354967,0.6133568346476694
3.082406618228904,0.6141419595135935
3.083426215772826,0.6145958112900145
3.0841367156384702,0.614912074925692
3.084524678022213,0.6150847679829632
3.0845546482800095,0.6150981085944842
3.0851109139563166,0.6153457182193389
3.0856677904265153,0.6155935997258737
3.086856308903898,0.616122642999354
3.0874292330402215,0.616377667777096
3.087758483838147,0.6165242266428135
3.088037448996586,0.6166484019446001
3.088835065863297,0.6170034438275647
3.0889791412628083,0.6170675758729942
3.089172578302261,0.6171536801839594
3.0892466420455977,0.6171866480561186
3.089339544646114,0.6172280016377645
3.0894707964854855,0.6172864255529769
3.0901036078985014,0.617568107855615
3.0906481522624296,0.6178104999919851
3.0906514870800343,0.6178119844138565
3.0906523288847763,0.6178123591250155
3.0908129783263663,0.617883868746514
3.0913814106398907,0.6181368940865666
3.092119677296773,0.6184655175083233
3.09238824691964,0.6185850654624725
3.0947608655252563,0.6196411852769483
3.095535067036226,0.6199858043211541
3.0956607867757926,0.6200417657418869
3.0958597735760276,0.6201303404087339
3.096684507580081,0.6204974528984073
3.0970321746419405,0.6206522093653766
3.0971421462620734,0.620701160851628
3.0981814928425044,0.6211638034841618
3.0989435403908496,0.6215030124549907
3.0994562842395768,0.6217312492803746
3.0994673512013025,0.6217361754988304
3.100257694705479,0.6220879798019023
3.100287344780742,0.6221011778910988
3.1005088497933326,0.6221997760527458
3.10127968608238,0.622542897141257
3.101857928965701,0.6228002894440943
3.101919270025279,0.6228275940889743
3.1025660233450116,0.6231154823296003
3.1028541278478814,0.6232437258127292
3.1033404880444593,0.6234602185264599
3.103596724155928,0.6235742764849816
3.1039483970402766,0.6237308160571213
3.1049273477441313,0.62416657477253
3.1051064563064172,0.6242463010720389
3.1060640870756515,0.624672569680043
3.106180860678223,0.624724548921541
3.106226050259195,0.6247446640853345
3.1062353864647085,0.6247488198951268
3.1069215198575177,0.6250542373228607
3.1072552896518624,0.6252028077220166
3.1100641680353083,0.6264531191332945
3.1105408045163907,0.6266652835455524
3.1116452249267392,0.6271568923848834
3.112222339580698,0.6274137824808419
3.114248970452308,0.6283158933447923
3.1144570826358815,0.628408529978504
3.114555949010616,0.6284525382051507
3.1149186871092853,0.6286140032179273
3.1154054025588818,0.6288306540648498
3.115550720943128,0.6288953393980286
3.1163178704268546,0.6292368193849556
3.116820385013146,0.6294605028755889
3.1168661893384817,0.62948089167953
3.117020155875493,0.6295494265507131
3.1172571493651557,0.6296549190726644
3.117570123816361,0.6297942328749588
3.117845632577937,0.6299168696364992
3.118629884100301,0.6302659622257343
3.1192084766914427,0.6305235101934383
3.119799621632573,0.6307866455680313
3.1203189161200386,0.6310177982684537
3.1211447739457223,0.6313854110029999
3.1216667995307232,0.6316177793923723
3.1224381977373934,0.6319611506063503
3.1230180482858403,0.6322192585265192
3.123221524610862,0.6323098316081444
3.1249427865351276,0.6330760140952147
3.125542601967219,0.6333430089511776
3.1260442391051195,0.6335663018646529
3.1267411874032445,0.6338765333133876
3.1270923317765984,0.6340328376302986
3.128937705077642,0.634854265610221
3.1293856228504193,0.6350536465111241
3.1297048830525496,0.6351957582793804
3.130084592572815,0.6353647777531171
3.1308951359953294,0.635725573612588
3.131669115634092,0.6360700938951842
3.131754504701204,0.6361081029900728
3.1321973652950206,0.636305232797229
3.1327948101460334,0.6365711724403382
3.1332884645128787,0.636790911996074
3.1341534359544942,0.6371759353100965
3.1348051706144524,0.637466040886498
3.1352072434992215,0.6376450149278647
3.1353079583654795,0.6376898459705005
3.1361043587078443,0.6380443463439849
3.1379043412746572,0.6388455696210946
3.1380390269220166,0.6389055220216049
3.138237165804165,0.6389937192560697
3.139314943573059,0.6394734687002648
3.1441991992899343,0.6416475894078033
3.145661808014665,0.6422986380219204
3.146760228128899,0.6427875759593185
3.1467649322051,0.6427896698770148
3.1491161754607933,0.6438362749171647
3.1493647729529117,0.6439469327096283
3.151217334142009,0.6447715602223287
3.1513098979826877,0.6448127630123657
3.152660838028876,0.6454141047314139
3.1531580027185218,0.6456354068313599
3.153778881252292,0.6459117774711021
3.1554244541736156,0.6466442686368807
3.1557291579556206,0.6467799009298076
3.1560840169443036,0.6469378587273258
3.1574850434483634,0.6475614953489222
3.1579745635535654,0.647779394627578
3.1587258738344355,0.6481138241362094
3.1595067556525,0.6484614167745166
3.1599836170146087,0.6486736812876959
3.160267047793973,0.6487998443639742
3.162308188784547,0.6497084140932947
3.1630789366510617,0.6500514958224286
3.1635504351223265,0.6502613731608347
3.164297060382454,0.6505937172338949
3.1655460450716264,0.6511496757326987
3.1658914860545333,0.6513034413088079
3.167511990443492,0.6520247737600389
3.167638388176096,0.6520810369746961
3.167732290106764,0.6521228353865276
3.1679798511903283,0.652233031844158
3.1687636603183136,0.6525819275111111
3.1691663891089235,0.6527611935147644
3.1712243598917267,0.6536772546617977
3.172689565570319,0.6543294592537121
3.1726905617831758,0.6543299026963014
3.1743815469201366,0.6550826081268757
3.174682895117398,0.6552167467538894
3.1751878749692852,0.6554415276041397
3.175392348953223,0.6555325447720359
3.1762702812188612,0.6559233373163218
3.1763047075110693,0.655938661435105
3.176840323693396,0.656177079384695
3.1769245612757784,0.6562145759210818
3.178942335220199,0.6571127443156111
3.1794931466134377,0.6573579260844218
3.18364060828022,0.6592040788692404
3.18402046856762,0.6593731654537027
3.184344946867032,0.6595175999450138
3.184458737729508,0.6595682514843226
3.184573426677323,0.6596193027868797
3.1851889615306597,0.6598932948029461
3.1860703017879266,0.6602856043409364
3.186390967614952,0.6604283417926895
3.1864196133632787,0.6604410928274895
3.187509126062916,0.6609260658220901
3.1875812231330074,0.6609581582722248
3.187835377467487,0.6610712895727819
3.1883380856080548,0.6612950592199114
3.189759630064315,0.6619278289637978
3.1898377307766816,0.661962593805336
3.190519554126131,0.6622660927105632
3.1911704483518264,0.6625558241858442
3.1916319812559792,0.6627612655677653
3.1918542513050294,0.6628602042688323
3.192410479669935,0.6631077972853248
3.193491790893174,0.6635891195702355
3.193618135486443,0.6636453591310689
3.194976927391796,0.6642501959352631
3.1953169084441067,0.6644015311414535
3.195409813635967,0.6644428858765798
3.19700596491488,0.6651533780680228
3.1970443346661632,0.6651704575322532
3.197051980978434,0.6651738611226479
3.1970988259016018,0.6651947131261888
3.1984362752227997,0.6657900497410294
3.1986603439346273,0.6658897890778974
3.1990239746560585,0.6660516514223744
3.1999665553707337,0.6664712208243662
3.200598639939852,0.666752579588177
3.2007468650384014,0.666818558782309
3.2008305837747253,0.6668558243656033
3.2011097914245954,0.6669801076072017
3.2020255731226963,0.6673877480070576
3.202133662008293,0.6674358614347835
3.202301135649617,0.6675104087010773
3.2024006679436003,0.6675547133472628
3.2025710931974314,0.6676305744599726
3.2038488368123996,0.6681993343720776
3.2044359358125987,0.6684606687836441
3.2055460075537607,0.6689547931905575
3.206443834266668,0.6693544413174088
3.206651951482588,0.6694470801911603
3.207017977638315,0.669610008811363
3.207292669796461,0.6697322820795621
3.2081226465096853,0.6701017282477391
3.2092582233169042,0.6706072056827237
3.2112718516336978,0.6715035287408513
3.2120215545925475,0.671837242784878
3.212879927157121,0.6722193287516249
3.2143516660655727,0.6728744414693923
3.215690281240082,0.6734702970385986
3.21603556936361,0.6736239945726645
3.216162126179799,0.673680328599936
3.2191134782498447,0.6749940590888119
3.2193440816234857,0.6750967071889362
3.219362427796603,0.6751048735907781
3.220843122278897,0.6757639726883882
3.2220491313436663,0.6763008015182419
3.2221143247552853,0.6763298209542443
3.223213601705243,0.676819140293518
3.2248858940747893,0.6775635250433021
3.2252145136220793,0.6777098029214639
3.226173390573933,0.6781366262406865
3.2279996360505043,0.6789495398835868
3.2284921076958843,0.6791687529764638
3.22886571520504,0.6793350562720386
3.229889326989945,0.67979069490094
3.22994271420329,0.6798144590633386
3.230790055021124,0.6801916344868186
3.2308368260015996,0.6802124535763696
3.230910071969813,0.6802450574336347
3.2309737611836624,0.6802734073085599
3.231081395753611,0.6803213185075097
3.232342947491016,0.6808828709558079
3.233053863446686,0.6811993198049537
3.2358050793344604,0.6824239640044485
3.2359234521132727,0.6824766550846344
3.2360006553708613,0.6825110204436042
3.2365572584571733,0.6827587802592199
3.236806642465584,0.682869788152386
3.2369469925414225,0.6829322619506208
3.2376339988727523,0.683238067948041
3.2380848776264632,0.6834387668655126
3.2423812819220443,0.6853512182375217
3.242434927656458,0.6853750974749779
3.242881492428846,0.6855738761170442
3.2450864535637214,0.6865553668375428
3.2463035866190397,0.6870971472709979
3.246610059895692,0.6872335672161645
3.2470721632201602,0.6874392625083419
3.2474973330322903,0.6876285176469656
3.247506739825556,0.6876327048773678
3.248137191237211,0.6879133366764858
3.248261808244287,0.6879688072397196
3.2482865505127445,0.6879798207249515
3.2496867512102017,0.6886030897566142
3.249788957904548,0.6886485848542316
3.2499376234896986,0.6887147601214394
3.250993750756977,0.6891848723134875
3.2513886223722928,0.6893606408656356
3.251486542518382,0.689404227899084
3.2522354771216957,0.6897375999262751
3.2539099629929145,0.6904829610658483
3.256097801164366,0.6914568298698227
3.256132413001135,0.6914722365797514
3.2561701746340996,0.6914890453532749
3.2562636048043405,0.691530633771164
3.256677203239115,0.6917147381616322
3.2573019077003504,0.6919928118301695
3.2594594891207485,0.6929532124963509
3.259511649462369,0.6929764305433586
3.2600429090883503,0.693212909266193
3.2601723764937143,0.6932705388792331
3.2625005751410887,0.6943068861108148
3.2626166484366546,0.6943585536258079
3.2631910283365495,0.694614226405192
3.263518594886715,0.6947600355644776
3.2636231279803036,0.69480656620836
3.2654891551008673,0.6956371877889684
3.266414846598728,0.69604923932168
3.2677475403863916,0.6966424591137057
3.2681962455503095,0.6968421905047306
3.269020177583423,0.6972089460143995
3.269701147007068,0.6975120648130388
3.270383602318341,0.6978158450223924
3.2707882560099475,0.6979959678540586
3.271981595017963,0.6985271568824043
3.273308638442318,0.6991178615375115
3.274351769992478,0.6995821889673917
3.274559589834997,0.69967469547181
3.276299283345505,0.7004490823805261
3.278678017927945,0.7015079245896989
3.2804466001879953,0.7022951706999456
3.2808479781215993,0.702473835398844
3.281014184226164,0.7025478184485856
3.2837865222255527,0.7037818646988545
3.286312721233813,0.70490634750516
3.28638367066628,0.7049379291092479
3.2868473555095323,0.7051443283802779
3.2870944217680873,0.7052543045772659
3.2873195404552646,0.7053545112879327
3.2873350178329432,0.7053614007075826
3.2874501500440996,0.7054126493192217
3.2877008598203123,0.7055242473492271
3.2885256864945447,0.7058914010890252
3.2889062960390807,0.7060608211890829
3.2891316439323743,0.7061611299258914
3.2896587328386904,0.706395752143147
3.289885747427959,0.7064968027735921
3.2899143009046687,0.7065095127356795
3.291399577792972,0.7071706515921339
3.293420550019166,0.7080702436325643
3.294064567086246,0.7083569138895516
3.294264812620215,0.7084460488544737
3.295236019552091,0.7088783605974078
3.297163983448614,0.7097365519931478
3.2993026330063793,0.7106885255504785
3.300526480476403,0.7112332947603
3.301125949196384,0.7115001352848713
3.3013517657802787,0.7116006526491556
3.3025338163433386,0.7121268168705797
3.302785936298177,0.7122390426110758
3.3032460629898477,0.7124438580479491
3.303430516319905,0.7125259634551386
3.3034997017158667,0.7125567598365605
3.3058327775309624,0.7135952780337818
3.3065210474138627,0.7139016464738328
3.3067045614641404,0.7139833337809602
3.307414824066215,0.7142994918038958
3.3080599452985244,0.7145866535561343
3.3085253650045163,0.7147938250637598
3.3085533555778723,0.7148062844616039
3.3092800172097165,0.7151297421576677
3.3106820378744093,0.7157538213083505
3.310934576051507,0.7158662332114318
3.3117484334217315,0.716228504202993
3.3121421086064506,0.716403740189959
3.312196748926976,0.7164280621458943
3.3124017258604335,0.7165193031908825
3.3135850457192,0.7170460324118149
3.3138465034614386,0.7171624146662461
3.3142410518887373,0.7173380393582447
3.314966258861188,0.7176608495441665
3.315415024145859,0.7178606076966434
3.315841442810772,0.7180504187350514
3.315923725849487,0.718087045248633
3.3178282167706072,0.7189347881574693
3.321783763115706,0.7206955139910483
3.3219552083054005,0.7207718291061307
3.3225798392434505,0.7210498700474124
3.3229767924690834,0.7212265651833352
3.323349245478505,0.7213923545783443
3.3256832897903768,0.7224313038809409
3.3296617033876985,0.7242022085768611
3.3299605146713556,0.7243352179516984
3.3301487029572012,0.7244189858936103
3.3303569714844796,0.7245116921203376
3.3318834629048477,0.7251911767336099
3.3322020150419225,0.725332973322034
3.333174417762923,0.7257658173446124
3.3333631035883484,0.7258498067554986
3.3361009604164544,0.7270685044587524
3.337370284988595,0.7276335168161812
3.3378290016964463,0.7278377046292779
3.338283373764839,0.728039958520164
3.339710069623271,0.7286750212992192
3.3397215122581083,0.7286801147404298
3.3400381603048923,0.7288210637642769
3.3410655306475134,0.7292783754337884
3.3439168721359627,0.7305475883770998
3.344675667328978,0.7308853496323544
3.3453165198548596,0.7311706112623269
3.3455932329305447,0.7312937840982237
3.346067514914632,0.7315049004571095
3.3462977258656537,0.7316073738788003
3.347518272731302,0.7321506738960291
3.348273406599387,0.7324868053917439
3.348695507135529,0.7326746943085998
3.3496379464697776,0.7330942007781545
3.349915116873262,0.7332175771836218
3.351786677515126,0.7340506618914582
3.3519044869968075,0.7341031022321189
3.352604890141488,0.7344148715310141
3.3528579050201013,0.7345274956274568
3.3536410833298316,0.7348761104993191
3.3561437296784473,0.7359901093490047
3.3577179354765017,0.7366908329846764
3.3592557195138997,0.7373753442619788
3.3593936941660356,0.7374367606917709
3.359910007914563,0.7376665865807768
3.360239822639114,0.7378133964662252
3.3603407491126545,0.7378583217012631
3.3606004791455772,0.7379739349032899
3.361493230000083,0.7383713236216463
3.3617108034133487,0.7384681717169572
3.361749174520032,0.7384852517845144
3.361848355161094,0.7385293999000146
3.3618936128472354,0.7385495453793502
3.3626765720150296,0.7388980627049226
3.3629763835524806,0.7390315173210842
3.3636496472400808,0.739331206078123
3.36560357655182,0.7402009554163982
3.3664990394952428,0.7405995513624297
3.3668938795188046,0.7407753058521926
3.3683565114044107,0.7414263647758714
3.3685157101088157,0.7414972286331152
3.3686467440474632,0.7415555555545372
3.368659005950238,0.7415610136751358
3.369507717323122,0.7419387991715285
3.369991412079165,0.7421541054221021
3.371492162308424,0.7428221319013468
3.3751642490288183,0.7444566818187688
3.376092073606381,0.7448696828457366
3.3769288134562307,0.7452421394777871
3.377804792931518,0.7456320627797182
3.3783109914796596,0.7458573861062263
3.380088128629422,0.7466484402404485
3.3805523927116545,0.7468550973471724
3.3807977269113074,0.7469643025556327
3.3815528450690833,0.7473004270582433
3.3818403791673024,0.7474284166380889
3.3823758322198203,0.7476667619739752
3.382762779648709,0.7478390032460629
3.383225105809668,0.7480447977290803
3.3842833079710255,0.7485158335153148
3.3852664665441803,0.7489534652726582
3.385509400424176,0.7490616020307801
3.3869104618396824,0.7496852541924521
3.387070429366169,0.7497564602742022
3.3871632726386793,0.749797787447271
3.387917544504345,0.7501335352412677
3.38836835571384,0.7503342040928938
3.3886075220678724,0.7504406638183851
3.3942623382513455,0.7529577828380414
3.394824643115772,0.7532080806767638
3.3956626417948437,0.7535810976493937
3.3957804353870302,0.7536335309171898
3.3958913066249483,0.7536828828488253
3.3971136675238784,0.7542269903437024
3.3975069885419384,0.7544020686810471
3.39885968913727,0.755004194070438
3.399669348833231,0.7553645965581637
3.4000085632076713,0.7555155904942956
3.4009052585065476,0.7559147349966815
3.4014933499590976,0.756176511176929
3.401519922652899,0.7561883394363806
3.402153521922934,0.7564703724365176
3.4024135704499687,0.7565861274093046
3.4025667247653066,0.7566543007375914
3.4030091342621454,0.7568512297486929
3.403065400480672,0.7568762754379286
3.403148353885342,0.756913200350404
3.403578353172534,0.757104605225313
3.404529328064284,0.7575279111135287
3.4045443270839235,0.7575345876024515
3.4065460784085237,0.7584256238745948
3.4069197766349206,0.7585919675509858
3.4077505382290756,0.758961763091919
3.4078865557020177,0.7590223083257588
3.4098250662070795,0.7598851943159977
3.410302559018717,0.760097739905266
3.4127504112960234,0.7611873483601834
3.4130457657152027,0.7613188189866258
3.413333355374275,0.7614468332981832
3.413959764163903,0.7617256656116118
3.4147956239975676,0.7620977305235064
3.4168304685080724,0.7630034975110178
3.417116867847644,0.7631309819776151
3.4171852932978966,0.7631614400856541
3.417412116996807,0.7632624057453874
3.41771157143284,0.7633957014055825
3.4177973004413174,0.7634338618180123
3.418017891963879,0.7635320533593464
3.4187516717527773,0.7638586795489428
3.4189313664645846,0.7639386667602235
3.4193537540430166,0.7641266834477416
3.420394031742661,0.7645897405478381
3.421860913536359,0.765242691226111
3.422302712964245,0.7654393486782232
3.422401959469822,0.765483526111886
3.4233687062875164,0.7659138525315357
3.4238252657288877,0.766117080084155
3.42586841014802,0.7670265415963315
3.4261150237012106,0.7671363162813263
3.4269490388121646,0.7675075600548371
3.427293338899652,0.7676608177860467
3.4308017237925643,0.7692224993784622
3.43116977792991,0.7693863307107849
3.4316686558959506,0.7696083954386315
3.4317920906923103,0.7696633397663557
3.432187496982641,0.7698393463175139
3.432230951354851,0.7698586890906876
3.4324167479553953,0.7699413924256577
3.4332251869334987,0.7703012515372527
3.4332486008999465,0.7703116737575972
3.4348213153695872,0.7710117335607063
3.4363672190305055,0.7716998591126609
3.4374852885559983,0.7721975435601487
3.437700479627081,0.7722933312074056
3.4392107252579063,0.7729655843591194
3.44040937023009,0.7734991352225615
3.443787780308386,0.7750029613396918
3.444833241428822,0.7754683257273531
3.445018165657969,0.7755506407450803
3.445944006037271,0.7759627585491422
3.4489104503821775,0.7772832070374833
3.449087888995192,0.7773621899952223
3.4511325893307436,0.7782723440899135
3.451265093386762,0.7783313254022615
3.4533408692701033,0.7792553121043886
3.453398783808069,0.7792810915073434
3.4537591896917306,0.7794415183850929
3.453905780869463,0.7795067702747409
3.4542247772490757,0.7796487646081145
3.4556135621717816,0.7802669521547536
3.4566013173795054,0.7807066300044763
3.4566120237513305,0.7807113957141436
3.4575706346751156,0.7811381006167295
3.4588156945475874,0.7816923120683357
3.4594974582465303,0.7819957844214314
3.460710203436704,0.7825356116916982
3.4607190524810947,0.7825395506522617
3.4622977117989127,0.7832422566758548
3.4625452703917077,0.7833524520247728
3.463082651638489,0.7835916556545974
3.4660816222111337,0.7849265824891525
3.46619220634199,0.7849758066212942
3.4671877727884617,0.785418961474863
3.467828569932819,0.7857041984529485
3.4682973197831,0.7859128523022201
3.468731018096422,0.7861059037185409
3.468831207175728,0.7861505007184963
3.4694139115915266,0.7864098789759424
3.4694518762737654,0.7864267781324554
3.4695423780540096,0.7864670630409263
3.4715436965445106,0.7873579066463385
3.4727438362360554,0.787892122851749
3.472769273269431,0.7879034455965452
3.4759343861683023,0.7893123270912958
3.4784597705899194,0.7904364473019889
3.478687201775835,0.7905376833714133
3.4802847320560306,0.7912487893954261
3.480378327011574,0.7912904511639256
3.4827531863272916,0.7923475683820016
3.4831009847537637,0.7925023833230844
3.485943057083036,0.7937674703008291
3.486932370279653,0.7942078416555836
3.4874534822149688,0.794439803353576
3.4875091968414664,0.7944646035135599
3.491505094688463,0.7962432909447585
3.491620765866295,0.796294779465746
3.492525196939034,0.796697367380419
3.4926809474751104,0.7967666963601698
3.4930598121133634,0.7969353397529666
3.493649225966257,0.7971977045711018
3.495445687357723,0.7979973604732258
3.4960353572021132,0.7982598392404348
3.497554115521169,0.798935881631049
3.4982925184654947,0.7992645657182105
3.4984334069273366,0.7993272791673207
3.5000853514897305,0.8000626065312015
3.5003927152678043,0.8001994228637999
3.5024412456031633,0.8011112818000012
3.502472492910001,0.8011251908622592
3.5027615178634424,0.8012538440640362
3.5038205668046887,0.8017252567760094
3.504039453245417,0.8018226893370726
3.5050709575656365,0.8022818411572279
3.507102634473756,0.8031861981551038
3.5077827420887253,0.803488933338266
3.508596614775403,0.8038512111476142
3.509477639965854,0.8042433804404308
3.5100939701913605,0.8045177264992021
3.5106196869029604,0.8047517379136822
3.5114914299867674,0.8051397754776473
3.5143208163468485,0.8063992155708075
3.515628681694316,0.8069813835201176
3.5156495225684963,0.8069906603841368
3.5156566986156053,0.8069938546461739
3.517529994074457,0.8078277115702408
3.518123016042663,0.8080916824628066
3.518896466385448,0.8084359671407546
3.5212736469701236,0.8094941176214605
3.5213832295850036,0.809542895950444
3.5214846150834687,0.8095880255104904
3.5216826859045947,0.8096761924490643
3.5222503192132577,0.8099288621293985
3.5225511888566174,0.810062787738502
3.522753535766895,0.8101528580856014
3.5260653290303794,0.811627031169609
3.5263624293125724,0.8117592789291803
3.5264047648618226,0.8117781236825319
3.5273763102287363,0.8122105860724969
3.5282142589079006,0.8125835807887503
3.528554097134416,0.8127348524191291
3.5325755449095237,0.8145249128477723
3.532884265317557,0.8146623330548313
3.5332173077400415,0.8148105796801481
3.5337755038403724,0.8150590485914715
3.5351733697351753,0.8156812783362724
3.536080816164411,0.8160852084716188
3.536984917075578,0.8164876494220143
3.5370439855259055,0.816513942464079
3.538034062537156,0.8169546538143835
3.5388950952948166,0.8173379239085012
3.538952773817292,0.8173635982542684
3.539756359937575,0.8177212972212502
3.5404738769357147,0.8180406843815646
3.5420188299962865,0.8187283867943518
3.5433986500858135,0.8193425838395547
3.5455317746424138,0.8202920980622113
3.547508925461257,0.8211721839517201
3.5487863634394357,0.821740807816224
3.550363704181609,0.82244292690441
3.552335387394532,0.823320579007496
3.552470432118029,0.8233806912429755
3.555207968201066,0.8245992461735061
3.5572764097609637,0.8255199681603111
3.5578612474261995,0.8257802959875671
3.5601868750413463,0.8268154987798055
3.5632171156440804,0.8281643447913829
3.563553394665544,0.8283140321186755
3.5641036185895025,0.8285589523882528
3.5647146976724438,0.8288309610145776
3.5652953527329734,0.8290894270458855
3.5673383271939256,0.8299988129048572
3.5681685442458764,0.8303683660546164
3.569606507291215,0.8310084441780332
3.570409688909248,0.8313659630895935
3.572682674240635,0.8323777333087135
3.573015754555129,0.8325259968008378
3.5752717005070664,0.8335301823090313
3.5767196091933635,0.8341746875192368
3.5770955878710895,0.8343420462891746
3.579436294563069,0.8353839612060627
3.5800838507563797,0.8356722068284828
3.580292965591222,0.835765289770704
3.5815698338603252,0.8363336600415447
3.58327214984267,0.837091409152674
3.584958774859631,0.8378421737702098
3.5876484053431947,0.8390394045601006
3.5902051811639795,0.8401774979726333
3.5902633241727995,0.8402033790744436
3.5910649682834213,0.8405602135978607
3.5912757930198658,0.8406540576657673
3.591348899535901,0.8406865994489128
3.593317179732829,0.84156273677309
3.593456651378668,0.8416248195572251
3.597472906424351,0.8434125685547662
3.5978031815596383,0.8435595833820881
3.598209648522939,0.8437405133523985
3.598832753350495,0.8440178749786287
3.598938874267171,0.8440651124075889
3.600007195978969,0.8445406526926535
3.6004248401471832,0.8447265579537888
3.600949603766539,0.8449601451198874
3.6019387940061214,0.8454004617429791
3.6020406505807787,0.8454458009923955
3.602679463538195,0.8457301547526144
3.603076368903904,0.8459068285847271
3.6035960046862607,0.8461381332051829
3.603781500178334,0.8462207025082353
3.6045323367022046,0.8465549211341938
3.604643029941482,0.8466041938335869
3.6046475009906835,0.846606184024359
3.6047792534996046,0.8466648308017837
3.605474270646785,0.8469742026404776
3.606164473782001,0.8472814316259492
3.6065302639664196,0.8474442552086319
3.607068374271602,0.8476837833630229
3.6085736601760954,0.8483538287999186
3.61058113138476,0.84924741115464
3.6105977037137857,0.8492547879681804
3.6107356264477226,0.8493161812877104
3.6116534308054047,0.8497247220306965
3.6134488532965205,0.8505239154888173
3.613706760257158,0.8506387171896788
3.6138822300014555,0.8507168237481262
3.6159207530214124,0.8516242281444955
3.6165833028306933,0.8519191478505124
3.6203787363858897,0.8536086029414751
3.6220967876588577,0.8543733562766183
3.62256517675555,0.8545818495442392
3.62378170517568,0.8551233608374289
3.62410076699716,0.8552653843008327
3.624307547511183,0.85535742817067
3.625619330140582,0.8559413398132383
3.626011234524064,0.8561157875663645
3.626207669194184,0.8562032262077346
3.6268383161812343,0.8564839450630055
3.62695608438818,0.8565363670311112
3.627506559114542,0.8567813989399498
3.6299597834653587,0.8578733986571063
3.6312232875341643,0.8584358201434672
3.631279292099314,0.8584607493633662
3.633015774514437,0.8592337069224785
3.6332794711325755,0.8593510857640532
3.6344779916890353,0.859884581246529
3.6352698711922087,0.8602370692663059
3.6390989689829825,0.8619415092630383
3.6403519429267344,0.8624992434921663
3.640855277955291,0.8627232921849148
3.64171302019065,0.8631050975742565
3.6417326309019873,0.8631138268579142
3.6422416069926427,0.8633403865473488
3.6422544562830166,0.8633461061308223
3.642341284896193,0.8633847560084822
3.6426702029885556,0.8635311667775205
3.643449704127442,0.8638781448363775
3.643468341892998,0.8638864410342806
3.6445749201974147,0.8643790104134461
3.64477924193165,0.8644699598106833
3.646466179149155,0.8652208633975333
3.6469767015206624,0.8654481113804189
3.648896914969242,0.8663028528320238
3.6501069976416654,0.8668414949401466
3.6525617033257145,0.8679341540407268
3.6611327458132554,0.8717493680748682
3.6611964625962785,0.8717777302216141
3.6613500321942256,0.8718460884039654
3.661726400735756,0.8720136207133364
3.6617361045858985,0.8720179401721775
3.6623564100217525,0.8722940557097869
3.6624947801237497,0.8723556481655261
3.662766998564969,0.8724768203121815
3.663571955006757,0.8728351292481185
3.664741153580645,0.8733555726847573
3.6678365463641676,0.8747334197793253
3.669569550805058,0.8755048291934917
3.670660680880386,0.8759905221278719
3.670844886228535,0.8760725171512824
3.6717376170310727,0.8764698969439397
3.6721341322161605,0.8766463970955944
3.672232803475404,0.8766903184708046
3.6744269646344665,0.8776670018158459
3.675109518020169,0.8779708256809087
3.6766256951499745,0.8786457191110004
3.679962585286151,0.8801310635246391
3.680346379700731,0.8803019013006577
3.6811876514253163,0.8806763751986495
3.681192784722895,0.880678660174951
3.6825406535911953,0.8812786348256421
3.6842492131744744,0.882039163140578
3.684922034404917,0.8823386549473891
3.685850412084601,0.8827519021757937
3.68692074552473,0.8832283379381791
3.6869682843796316,0.8832494988304105
3.6874365956944324,0.8834579574751056
3.6881522707151206,0.8837765247190297
3.6883719691716297,0.883874318731342
3.6911341512060445,0.8851038442736401
3.6919444335103337,0.8854645239019854
3.692960349135592,0.8859167367520115
3.6959310859580428,0.8872390959438172
3.696065419430989,0.887298891581511
3.6968011819869178,0.8876264003569314
3.69703171444385,0.8877290168900178
3.6973766562838044,0.8878825602834468
3.698163805555223,0.888232942742949
3.698843552487248,0.8885355173759057
3.6992401095463667,0.8887120361668801
3.7045062638712656,0.8910561507731851
3.704929159841896,0.8912443937604846
3.7054402560325577,0.8914718971665458
3.7056345875790355,0.8915583996479508
3.7063826571945957,0.891891386644567
3.7073020040988998,0.8923006140187921
3.709615749093266,0.8933305275196017
3.710751452376937,0.8938360612528413
3.711949741365914,0.8943694536580646
3.712245518336157,0.8945011123739659
3.713246741585377,0.8949467852308313
3.7144744684161735,0.8954932812541272
3.7174078348763437,0.8967990058380846
3.7193008387235222,0.897641635524606
3.7216156243464904,0.898672012238712
3.72275487322708,0.8991791242176717
3.7231130263589773,0.8993385483317364
3.7242033018123215,0.899823860849639
3.7248820735020116,0.9001260013745809
3.725405578952232,0.9003590284939227
3.725700718751034,0.9004904035867494
3.7283449211176123,0.9016674130337037
3.7284891848364516,0.901731628905406
3.7286262935218346,0.9017926598688433
3.7291566538960406,0.9020287383092152
3.7305816030191186,0.9026630235668378
3.7317320651498527,0.9031751268813764
3.7327610590160973,0.9036331612272861
3.7358699557804727,0.9050170193266223
3.7368049080226635,0.9054331930792137
3.737126897932577,0.9055765199178032
3.7372061481030543,0.9056117964157384
3.7380382913535124,0.9059822069710672
3.7400607762265587,0.9068824723335018
3.7402625119136994,0.9069722706078525
3.7413830779498243,0.9074710663230083
3.742250264238348,0.907857075528189
3.7433360674731384,0.9083403973348088
3.744845692561379,0.9090123742654241
3.746063583166072,0.9095544919055856
3.746340348546268,0.9096776880237034
3.748056932866341,0.9104417883765195
3.7486179249788987,0.9106915018721624
3.7504929016250044,0.9115261071403447
3.7525792576578794,0.9124548033670181
3.753900173642852,0.9130427805251191
3.7547581905546212,0.9134247081807187
3.755679046798907,0.9138346074049657
3.758089957939987,0.9149077723127215
3.759055782803346,0.9153376883443556
3.7608182572104196,0.9161222156760602
3.761008239710995,0.9162067822738218
3.7613538419678574,0.9163606196375416
3.76256159486657,0.9168982246973274
3.7634698130083457,0.9173024983438063
3.764597623657688,0.9178045188417185
3.7677504650765967,0.9192079379527924
3.767877575049894,0.9192645182059771
3.7691111362320004,0.9198136112644688
3.769497276477051,0.9199854932361435
3.7715649082046756,0.920905854743642
3.773216439675943,0.9216409982289488
3.775411773618583,0.9226182036132136
3.7760091901652317,0.9228841306572482
3.7785414493682272,0.9240113110280599
3.780220746718799,0.9247588138935179
3.7811401034130174,0.9251680456255109
3.781745373545586,0.9254374685233182
3.782801315592331,0.9259074982684556
3.7856430924327293,0.927172453715724
3.7861310258830154,0.9273896467292884
3.7873748512118386,0.9279433086505127
3.788240435155069,0.9283286046063712
3.789175973510388,0.928745039254534
3.789247987275411,0.928777094623221
3.7895787735336386,0.9289243369658562
3.7898033873485155,0.9290243189435476
3.790330823899857,0.9292590959074611
3.792452115872904,0.9302033431116776
3.7932187275536227,0.9305445837072366
3.7942286062883146,0.9309941093661029
3.795974469928532,0.9317712427744991
3.798103919178542,0.9327191210139827
3.7981736157583734,0.9327501449378393
3.7988390697776624,0.9330463573900769
3.798888873723367,0.9330685265384484
3.8001828964257864,0.9336445327339546
3.803581974236378,0.9351575586447414
3.8106146528905995,0.9382880033179763
3.8127516087658635,0.9392392229692033
3.8138446136284654,0.9397257504245558
3.814516146175487,0.9400246686018376
3.81476253785305,0.9401343445236989
3.815945647352092,0.9406609801075536
3.8172981147506273,0.9412630016944383
3.8174740723821383,0.9413413254253189
3.818454832102827,0.9417778893854125
3.820618425321438,0.9427409660734369
3.8226883592209995,0.9436623523429402
3.823852596962706,0.9441805875725164
3.825065338663155,0.9447204132894074
3.825814727131459,0.9450539873447752
3.831736597928358,0.9476899799449214
3.8328822893489347,0.9481999596811015
3.8336176846899326,0.9485273049987444
3.836745571549689,0.9499196161279799
3.836941798410367,0.9500069622674745
3.8403543329173626,0.9515259781353809
3.8420886516448958,0.9522979725757981
3.8429385753622127,0.9526762977210739
3.843122642032218,0.9527582310149101
3.8452123916886927,0.9536884378396706
3.8487052830681256,0.9552432228299348
3.849837716394781,0.9557473010125901
3.850796742610201,0.9561741907732584
3.8514841163277054,0.9564801603046817
3.8540336870612104,0.9576150465285738
3.856622384863993,0.9587673493204087
3.858951691370001,0.9598041896912803
3.8593214330968584,0.9599687722175434
3.8614704434763376,0.9609253576703896
3.8623986708409097,0.9613385379892754
3.862431436846092,0.9613531230672281
3.8639844693154086,0.962044421853931
3.865813935037682,0.9628587689195005
3.866047413680006,0.9629626968832405
3.8688856554184303,0.9642260787563868
3.8689229576265856,0.9642426830269017
3.8690661433064437,0.964306419032886
3.8760299491942405,0.9674062064849707
3.878921545951839,0.9686933381899767
3.879400513946453,0.9689065404250152
3.8820884836027507,0.970103031933599
3.8831232861903295,0.9705636519060736
3.8832535395864016,0.9706216313858647
3.8833054186436966,0.9706447242252427
3.8860199942195375,0.9718530587829979
3.8865690718418735,0.9720974688012212
3.8873155583193597,0.9724297510981927
3.8873718888933206,0.9724548254338572
3.8881168783857674,0.9727864413803422
3.889521483634017,0.9734116710024501
3.8902811925012797,0.9737498389600179
3.8913091625789504,0.9742074175886044
3.895269153110823,0.9759701216557268
3.8952903378677752,0.9759795515917182
3.8953782829607597,0.9760186984461963
3.8956814590471494,0.9761536507184887
3.895860399563152,0.9762333022158327
3.8971759892418323,0.9768189084839813
3.899403046021487,0.9778102346024691
3.8996898784467815,0.9779379118478002
3.902395137789588,0.9791420994860807
3.9027340178301797,0.9792929446007366
3.906795388026639,0.9811007756310808
3.907490038288581,0.9814099841587518
3.907720156909496,0.981512416481694
3.9093864107551672,0.9822541133132858
3.9095821245479865,0.982341231071729
3.910566215428873,0.9827792778256788
3.9120740674913392,0.9834504655322489
3.913993356252013,0.9843047953790482
3.9147952628954936,0.9846617467632848
3.917265278481584,0.9857612207353594
3.920839662483568,0.987352280402559
3.92102070698685,0.987432868444297
3.922580385477116,0.9881271255633655
3.9237025250266,0.9886266216939332
3.9274606411942785,0.9902994657576163
3.927899904418819,0.9904949942737082
3.928721181612323,0.9908605680389919
3.928844352184733,0.9909153947531439
3.9289509373136413,0.9909628388161311
3.929573373720177,0.9912399029092123
3.932306247229174,0.9924563823958346
3.935192905764432,0.9937413159580584
3.938620408842202,0.9952669947612351
3.938941569612867,0.9954099525264355
3.941639213189567,0.9966107501712844
3.9447114184169862,0.9979782758271718
3.9448594604923284,0.9980441735524843
3.9457562142542715,0.9984433440784395
3.9540024291889044,1.0021139681586362
3.9542977030630175,1.0022454029321852
3.956576105382127,1.0032595844061334
3.957987054042778,1.0038876376609613
3.964290988185159,1.006693697489188
3.964991154750665,1.0070053614799857
3.967689744624367,1.0082065803484603
3.967985931211738,1.0083384213965603
3.968657738604057,1.0086374619152765
3.976738697228315,1.0122345257260557
3.9810871209042,1.0141701323991927
3.9849477309929906,1.015888599413271
3.985926603578373,1.0163243233559318
3.9878224683078995,1.017168226502304
3.9889995460151457,1.0176921771646055
3.989059919271966,1.0177190510130367
3.9907426801207766,1.0184680955797645
3.9922523361668496,1.0191400862905884
3.9939522156131475,1.019896750830437
3.9947633801801214,1.0202578231789192
3.995590995166214,1.020626218075386
3.9968355449423223,1.0211802024686376
3.997194051309746,1.0213397838178504
3.999136557874712,1.022204448567657
4.001508286998332,1.0232601724484767
4.003309995367286,1.0240621639290526
4.009612279896368,1.0268674894676268
4.013360865654619,1.0285360912758494
4.015273115209701,1.0293872877726509
4.016536233412673,1.0299495374991878
4.020379163886214,1.031660134815231
4.0217217688578195,1.0322577663562515
4.021874096544364,1.0323255717286244
4.02190497626074,1.0323393171659454
4.0221056435620115,1.032428639871452
4.026973288589915,1.0345953666903511
4.028714915791001,1.0353706143395702
4.029983489531913,1.0359352924807306
4.032075842141239,1.0368666579536094
4.032475611050021,1.0370446064299375
4.036937081704276,1.0390305335184762
4.036974594044023,1.03904723132452
4.038603629342924,1.0397723611256513
4.038672814569428,1.039803157431643
4.0426005223293435,1.0415514915216229
4.044300076207431,1.042308011141831
4.0445595563699035,1.0424235131194357
4.0476465998741,1.0437976437130403
4.0480481279402385,1.043976375240187
4.050309333791881,1.044982902078877
4.052634503323723,1.046017900965249
4.058096613425648,1.048449241044028
4.058610205946472,1.0486778556374259
4.060106935340843,1.0493440923290553
4.065118244304936,1.051574768039392
4.066872671337514,1.0523557132565349
4.068213508540897,1.0529525579137948
4.0701858888938975,1.0538305203336962
4.0732325463518935,1.0551866739530331
4.0766569436382,1.056710970280368
4.08254945268667,1.0593338931337668
4.083872876860969,1.0599229867580546
4.086010324893248,1.0608744254823235
4.087216222834433,1.0614112048479183
4.092011931882268,1.0635459109224183
4.0923002945881235,1.0636742693390182
4.094066635447709,1.0644605177383657
4.094697016918385,1.0647411184047701
4.0950172140461465,1.064883647225191
4.098875925036986,1.0666012688969242
4.105122690676299,1.0693818814034828
4.11196214449747,1.0724263162248386
4.112797142797167,1.072797997643536
4.112849081610752,1.0728211170821336
4.117533949801352,1.0749064847483025
4.118685107667538,1.075418897754418
4.125898526417629,1.0786297949690207
4.127501400427652,1.0793432796386961
4.144201982689222,1.0867771823308474
4.1447683514831715,1.0870292891398288
4.145391739828899,1.0873067769680351
4.145477864130523,1.0873451133366527
4.145766042443985,1.0874733896749693
4.145967436174834,1.0875630357348784
4.1465888317571435,1.0878396365275853
4.148144353034858,1.0885320431534735
4.149727066528657,1.0892365538057478
4.152031680974681,1.0902624030406034
4.155008109871551,1.0915872959361246
4.157409907968276,1.0926564043694482
4.157467020993954,1.0926818269965575
4.159557787020358,1.0936124862363916
4.161434577782208,1.0944478990189284
4.1678375956901865,1.0972980638406393
4.17238013585013,1.0993200772648004
4.175475585837313,1.1006979498223395
4.178300673654749,1.1019554765122876
4.178636776895357,1.102105085594538
4.185998424266752,1.1053819635713495
4.190218082460063,1.1072602530771838
4.194449156714911,1.109143624195697
4.195732059782437,1.1097146807264269
4.195918734491876,1.1097977749325634
4.197060882976564,1.110306177607523
4.203750343068039,1.1132838459668761
4.20497634754657,1.113829575322343
4.2086433218827874,1.1154618495726123
4.210350306892999,1.116221677000431
4.216981731252801,1.1191735120100736
4.218448521554526,1.119826421962675
4.219256247370553,1.1201859636256082
4.219965341282077,1.1205016014312432
4.220132098307004,1.120575829711259
4.222290172199554,1.121536449590759
4.2228571456993,1.121788825571436
4.22433956838458,1.1224486939411973
4.226727294011216,1.1235115383190737
4.227004156750436,1.123634777774453
4.22753247414627,1.123869946827225
4.235522956779668,1.1274267372091216
4.237674255564191,1.1283843412959371
4.238230614287342,1.1286319923385806
4.241184381307739,1.1299467977903315
4.241535922922231,1.1301032789305359
4.245024129074895,1.1316559783935205
4.2522942210434636,1.1348921024645773
4.253375000867719,1.1353731882087335
4.256183101102153,1.1366231532438227
4.259682825168969,1.1381809796569746
4.261685545494978,1.1390724472591192
4.265173395913545,1.1406249883747706
4.270020607505214,1.1427826196918323
4.271380652420143,1.1433880142461172
4.27180242536229,1.1435757573415972
4.273091399794521,1.144149516408903
4.273105841186203,1.1441559446818117
4.273896093618987,1.1445077084464241
4.279750595405826,1.1471137131900153
4.28411649066219,1.149057096959012
4.288990983494097,1.1512268719296357
4.292119223214003,1.1526193401269278
4.292938709859128,1.152984116868359
4.2975478120974175,1.1550357589608902
4.299740931094946,1.156011978410283
4.300309194586616,1.1562649286029416
4.302743958191988,1.157348710918866
4.304026444994649,1.1579195821583013
4.304497629355726,1.158129319677356
4.311142525484849,1.1610871513535015
4.311650159207144,1.1613131135167178
4.319886706843355,1.1649794344082811
4.320506884211251,1.1652554929392114
4.322057186902303,1.165945576624208
4.322926069017473,1.1663323406899135
4.325667380675866,1.1675525762360863
4.326815888241199,1.168063809518146
4.327475209057254,1.168357291907723
4.331546049505487,1.1701693384156509
4.334555233292646,1.1715088114415717
4.344781088608563,1.1760606295861078
4.353511212707929,1.1799466553562645
4.356406287495165,1.1812353352308786
4.357943170610878,1.181919445482394
4.359884058719556,1.1827833898114177
4.3640015163412365,1.1846161869450273
4.366756221122808,1.185842384150075
4.368068344727229,1.1864264475702944
4.36878158699575,1.1867439319272504
4.3703039127198275,1.18742156227099
4.3710193977419225,1.1877400449411526
4.3734781005566274,1.1888344832779223
4.37513672066967,1.1895727821186748
4.378406090667497,1.191028071404271
4.384730524256483,1.1938432561174224
4.387493054928464,1.1950729368481856
4.388114973777014,1.1953497705615332
4.388426955444107,1.1954886424474702
4.3992405782204,1.200302092554151
4.401486665642523,1.2013018897511953
4.406300756600466,1.2034447781350848
4.408797013110637,1.2045559326865023
4.409384588293533,1.2048174790604886
4.411303147688937,1.205671484246126
4.413467870118367,1.206635063577904
4.414225391844748,1.206972257977051
4.4216323053354145,1.2102692851870243
4.424398229241305,1.2115004763424133
4.430073107379954,1.2140265255071543
4.437434349591153,1.217303223135675
4.441586060148085,1.219151267221972
4.441700636861474,1.2192022685658044
4.443082223676379,1.2198172520305663
4.444980371846862,1.2206621716012522
4.445618442880661,1.2209461951102327
4.449907478554684,1.222855366499857
4.450746430081322,1.223228807611955
4.4510457142615385,1.2233620274864594
4.457659652833917,1.2263060790763296
4.458554253987118,1.226704291415098
4.461939757296327,1.2282112749304288
4.466048257116354,1.2300400846925341
4.46982787425991,1.2317224994502183
4.471483123601836,1.2324592978651716
4.4720337628707165,1.2327044030165504
4.478484429697762,1.2355757777231728
4.491209286447145,1.241239972262315
4.492699788036556,1.2419034367813735
4.49362304007329,1.2423144024407686
4.495129084593409,1.24298478555899
4.497300011444393,1.2439511266547212
4.506750563742928,1.2481578354433158
4.50802521787363,1.2487252201383747
4.508636420237981,1.2489972836407508
4.51311926572644,1.2509927252740538
4.516959582411445,1.2527021591187089
4.518789449778196,1.2535166849676231
4.5224256087328705,1.2551352424178297
4.5248115888729705,1.2561973098301562
4.526677878357112,1.2570280481962326
4.527824096560644,1.2575382624184417
4.529997032188988,1.2585054976779328
4.5325626540568855,1.2596475287168565
4.543864898039054,1.264678477976615
4.548718985950532,1.2668391701385946
4.569616579031853,1.276141281348465
4.573149859039262,1.2777140444622186
4.586041962295493,1.283452685163658
4.591179647677199,1.285739614600746
4.592932929513108,1.2865200500583795
4.593855250233883,1.286930601162635
4.593983268917549,1.2869875859085709
4.604362292002623,1.291607583370072
4.6065045487291725,1.2925611625805051
4.619067980494533,1.2981535022822224
4.622985822346931,1.2998974447770282
4.628899267446187,1.302529686860252
4.644848872373769,1.3096293082478692
4.649645808955967,1.3117645607327204
4.652177009844515,1.3128912700177644
4.65486616577245,1.3140882895694894
4.656423443036644,1.3147814778347486
4.6644104547541305,1.3183367232135574
4.6683724240306566,1.3201003080760303
4.671793645135406,1.3216231905948965
4.678146133683259,1.3244508633657086
4.679140146459242,1.3248933266364904
4.679611279497657,1.3251030413103733
4.683296465241019,1.3267434219743273
4.683717371178386,1.3269307791413967
4.6887399232654365,1.329166459484549
4.699976718426299,1.3341682756182116
4.705611500118305,1.3366764767176593
4.70628019322216,1.336974130978278
4.706545780548144,1.3370923514275244
4.714019107700322,1.3404189412413259
4.714526383764948,1.3406447442009728
4.729227410486232,1.3471885880268386
4.755763932072499,1.3590007462001747
4.778039715341543,1.3689163289397401
4.778713917073119,1.369216435246749
4.785405299869419,1.3721949594565357
4.804021864160815,1.3804817200758268
4.836350713092179,1.3948722073858428
4.840353756222675,1.396654075385325
4.844559695372843,1.3985262581560658
4.859669987827231,1.4052522777640375
4.919319613380318,1.4318040174004012
4.920865898135914,1.432492312588403
4.924958107162253,1.434313870856329
4.927618396553521,1.4354980410941032
4.931445127988582,1.4372014277588125
4.9368959745414704,1.4396277541125508
4.954417666108758,1.4474271558383711
4.960920416571367,1.4503217144479608
4.98846867684777,1.4625842261990678
4.999263010188365,1.4673890900309867
5.002299915871476,1.468740902858822
5.0175785793283145,1.475541869173967
5.01829774980923,1.4758619923463487
5.035361390442458,1.4834575026138646
5.060485224817488,1.4946408336542125
5.0983000743173905,1.511473295367088
5.103054184682795,1.5135894846885518
5.146999864227231,1.5331509526875176
5.15641780092722,1.5373431433484177
5.16190359919206,1.5397850277001648
5.163065447150581,1.5403021991694852
5.174000649904983,1.545169767971695
5.175856651081583,1.545995926720371
5.270032692811627,1.5879163531574834
5.324815895450612,1.6123019099724536
5.397832940678737,1.6448038671253682
5.406571429185573,1.6486936161304546
5.451878964502125,1.6688612847475832
5.466822981088084,1.6755132902519387
5.472639243966187,1.6781022737730271
5.5505310097262175,1.7127741072522904
5.582760917335923,1.727120552974658
5.589992008075287,1.730339316492757
5.603152650639613,1.7361974916543812
5.718205305385848,1.787410690479507
5.7767629222691,1.8134763460941656
5.835990855620069,1.8398403785747262
6.229188525255646,2.014863810037805
