x,y
-6.138194246365484,-0.8534084989586316
-6.110297478049938,-0.8495516628586478
-5.960204539398715,-0.8288007336615869
-5.902585694247424,-0.8208347055000015
-5.879784492492026,-0.8176823511821634
-5.723230805747161,-0.7960381985766202
-5.598478748123443,-0.77879074417803
-5.578138726847044,-0.7759786575791123
-5.572598251964053,-0.7752126655008162
-5.560469897699281,-0.7735358736218192
-5.549805488025472,-0.7720614777437833
-5.43573939325259,-0.7562595727148645
-5.432883205324724,-0.7558627511804776
-5.416404850941183,-0.7535733479493893
-5.416349000674331,-0.7535655884499628
-5.331324630822355,-0.7417528150061042
-5.304993927440435,-0.7380945857924146
-5.28780348358571,-0.7357062491424783
-5.281424404554916,-0.7348199783532632
-5.273435342254857,-0.7337100261931498
-5.260936117338327,-0.7319734592251165
-5.258741072973665,-0.7316684929922104
-5.250755032042603,-0.7305589606028936
-5.243170077798192,-0.7295051527801806
-5.205145377597438,-0.7242222301366592
-5.170981194090233,-0.7194756644124134
-5.136498988197398,-0.7146849145748588
-5.1325601010904816,-0.7141376693427454
-5.130936094078672,-0.7139120395975895
-5.09585109694511,-0.7090375415785071
-5.08203008333641,-0.7071173332569601
-5.069156745089919,-0.7053287892379138
-5.066837075325941,-0.705006508303234
-5.061194055529377,-0.7042225011472611
-5.022448770824572,-0.698839464836231
-4.995829942812268,-0.6951412053231316
-4.986736020641241,-0.6938777505923356
-4.982005227044275,-0.693220482645888
-4.980042532132487,-0.692947797645426
-4.970557448439666,-0.6916299972906054
-4.969309623194277,-0.6914566319725564
-4.963650799257275,-0.6906704290845739
-4.950697260554098,-0.6888707424975019
-4.938362985222379,-0.6871570926305115
-4.915846676499914,-0.6840288124186911
-4.905039096660951,-0.6825272724209662
-4.891837121449535,-0.6806930695629457
-4.890871140157209,-0.6805588619448578
-4.88698066268326,-0.6800183424553493
-4.874388786698877,-0.6782689031064232
-4.860545671671938,-0.6763456241470476
-4.845941971279896,-0.6743166740416425
-4.8383406708707675,-0.6732605951813336
-4.829312158742136,-0.6720062281275546
-4.829025358301311,-0.6719663818030601
-4.826601606624754,-0.6716296403548234
-4.8247180983616955,-0.6713679570700208
-4.813454322192823,-0.6698030359040436
-4.811103823759176,-0.6694764718198267
-4.804871474719533,-0.6686105868111345
-4.804212279937162,-0.6685190022615156
-4.801146432717646,-0.6680930519289149
-4.799517922629786,-0.6678667965535156
-4.797365152128444,-0.6675677035963644
-4.789301794672958,-0.6664474293151866
-4.777978087335375,-0.6648741816738776
-4.759680147364828,-0.662331976189289
-4.758032201859256,-0.6621030205741042
-4.745217853021474,-0.6603226721879316
-4.719910759208651,-0.6568066571177372
-4.718170336031439,-0.6565648532122846
-4.7106173638604965,-0.6555154887860803
-4.697040265206256,-0.6536291685380539
-4.693049829806838,-0.6530747614968996
-4.686562444579598,-0.6521734432975899
-4.680787942308763,-0.6513711687591819
-4.672749386702337,-0.6502543402974142
-4.667851958103522,-0.6495739210882389
-4.664850336040783,-0.6491568938117894
-4.6629421127342505,-0.648891776767822
-4.662199121757791,-0.648788550080097
-4.653708189892677,-0.6476088711877456
-4.649350629507564,-0.6470034580140064
-4.645781996986803,-0.6465076537223009
-4.637693707945655,-0.645383915596892
-4.633993974144208,-0.644869896883491
-4.633560957470236,-0.644809736156914
-4.6268876195711055,-0.6438825828142428
-4.624752601298466,-0.6435859562447416
-4.624431702476645,-0.6435413724967274
-4.622031416318968,-0.6432078912062408
-4.617863289061532,-0.6426287967294102
-4.612576448264558,-0.641894274936692
-4.611724318342881,-0.6417758851417776
-4.606702768993982,-0.6410782213437516
-4.6040638596171455,-0.6407115871815496
-4.588278120949704,-0.6385184118031599
-4.58782333917584,-0.6384552271647979
-4.582613037810008,-0.6377313392992842
-4.579859339400716,-0.6373487570408294
-4.576696039285814,-0.6369092671903627
-4.5751572558477385,-0.6366954778948372
-4.573024341493898,-0.6363991436311321
-4.570655848263857,-0.6360700794583719
-4.558158561328092,-0.6343337817417044
-4.556646212375968,-0.6341236650943173
-4.555834759822823,-0.6340109267677949
-4.552007160652522,-0.6334791432107822
-4.550490172465275,-0.633268382016031
-4.544297745064267,-0.6324080434791738
-4.543650125799298,-0.6323180671621687
-4.541529036030974,-0.6320233757351001
-4.5412700742439505,-0.6319873971453611
-4.539289301937607,-0.631712200580665
-4.536167238367006,-0.6312784398871012
-4.53464354112089,-0.6310667465761509
-4.523173283101892,-0.6294731380665332
-4.515411875376059,-0.628394814860724
-4.515380975052032,-0.6283905217559623
-4.512092350357333,-0.6279336200638007
-4.509324115696717,-0.6275490182262072
-4.502681330671663,-0.6266261097156963
-4.499832792269314,-0.6262303509602755
-4.496598262804003,-0.6257809649332134
-4.493689918030872,-0.6253768970411321
-4.493616617871023,-0.6253667131587558
-4.486868533220239,-0.6244291749529632
-4.484556287245035,-0.6241079254347472
-4.480527503562502,-0.6235481905142894
-4.47565945768881,-0.6228718535638321
-4.47276139376375,-0.6224692140308119
-4.472179153555071,-0.6223883210858009
-4.469465695251834,-0.6220113295451247
-4.464993036026026,-0.6213899252322433
-4.46300595048816,-0.621113851545214
-4.462704152273867,-0.6210719215204763
-4.445315695805523,-0.6186560741915687
-4.439064226061312,-0.6177875326674377
-4.425547989238462,-0.6159096681954068
-4.422898042380205,-0.6155415005520669
-4.422055193323654,-0.6154244001846109
-4.4213540749819815,-0.6153269910283662
-4.413030594768176,-0.6141705768590953
-4.403427018847523,-0.6128363139083782
-4.402483039729147,-0.6127051631397162
-4.400823752423994,-0.6124746317632628
-4.395302966366414,-0.6117076070261935
-4.390731210160963,-0.6110724347762895
-4.390683955463804,-0.6110658694935047
-4.383210761510252,-0.6100275889719435
-4.372483172337673,-0.6085371623952445
-4.3708718635769985,-0.6083132968685597
-4.367524932336361,-0.6078482944163611
-4.366310058129218,-0.6076795071169463
-4.365001485900432,-0.6074977019791898
-4.3615661638273675,-0.6070204190375293
-4.360292249785162,-0.6068434290993066
-4.359040955309691,-0.6066695817873414
-4.3529492564153465,-0.6058232378620367
-4.352528295038846,-0.6057647520258245
-4.351151930513595,-0.6055735282350305
-4.350575277554998,-0.6054934115488675
-4.34979887209967,-0.6053855424548615
-4.348728298426372,-0.6052368034018152
-4.3450833521816765,-0.6047303965413049
-4.343985004343101,-0.6045777987131499
-4.339902186358102,-0.6040105565924113
-4.328310375835757,-0.6024000603106631
-4.324291391867837,-0.6018416869034837
-4.321725711921887,-0.6014852267970021
-4.320387610881606,-0.6012993191041682
-4.319297318483125,-0.6011478404503043
-4.313912092264964,-0.6003996495802064
-4.313806735036188,-0.6003850118819043
-4.310278189576161,-0.5998947770447843
-4.310235120239227,-0.5998887932507205
-4.307658772847864,-0.5995308510736735
-4.306907024347548,-0.5994264076683716
-4.302077308861663,-0.5987553961109517
-4.301976364445334,-0.598741371502212
-4.300805147891281,-0.598578649733961
-4.298299185288097,-0.5982304863951239
-4.295767281423429,-0.5978787189337826
-4.290748353537974,-0.5971814193460862
-4.2898775206064,-0.5970604310677133
-4.288257741497267,-0.5968353887218705
-4.2836773862576125,-0.5961990217739871
-4.279042931229347,-0.5955551385275726
-4.277991061854054,-0.5954089981369468
-4.274500367990687,-0.5949240221725074
-4.273277533194691,-0.5947541288768613
-4.2668381310860095,-0.5938594771628153
-4.26202059683048,-0.5931901579921154
-4.260155578268806,-0.5929310435549723
-4.2474563081045105,-0.5911666835060317
-4.246390047072861,-0.5910185436254208
-4.242206657202806,-0.590437328653192
-4.240761760786338,-0.5902365834545236
-4.240353552026958,-0.5901798693900651
-4.2389844673338795,-0.5899896570152723
-4.238576237113317,-0.5899329399691262
-4.234437044469288,-0.5893578654930727
-4.2285805476572405,-0.5885441991273491
-4.224960440733189,-0.5880412432923244
-4.223988060510945,-0.5879061466454846
-4.22388159456158,-0.5878913549082271
-4.223278863456651,-0.5878076150816047
-4.213150368455972,-0.5864004230379757
-4.2131206311653004,-0.5863962915180578
-4.209514386622315,-0.5858952616386999
-4.207213258343102,-0.5855755567461504
-4.203371410284734,-0.585041793534518
-4.203087707525563,-0.5850023775832403
-4.19194331903256,-0.5834540434213127
-4.191707303064402,-0.583421252785336
-4.190105710840167,-0.5831987372156553
-4.1874649573620735,-0.5828318468451404
-4.1865047697243405,-0.582698444162499
-4.183621184144105,-0.5822978161634372
-4.182676151680466,-0.5821665190493334
-4.182553412400254,-0.5821494663935792
-4.18060581684248,-0.5818788792063493
-4.179511808688463,-0.5817268843078083
-4.178890243709624,-0.5816405278162702
-4.177834539185388,-0.5814938545931677
-4.175064149173389,-0.5811089533040451
-4.175039885413709,-0.5811055822435303
-4.174676267497438,-0.5810550633620319
-4.173391606727164,-0.5808765803381896
-4.171367022906055,-0.5805952968657159
-4.168812403661273,-0.5802403734663836
-4.166026062008778,-0.5798532559524826
-4.165636675590177,-0.5797991569505956
-4.164747334580409,-0.5796755972714001
-4.164074875560773,-0.5795821698686088
-4.162878353117424,-0.5794159322526362
-4.156591968641028,-0.5785425398860717
-4.1547335860783,-0.5782843474146223
-4.154671499966568,-0.5782757215444961
-4.151949161814839,-0.5778974962911959
-4.14960258232613,-0.5775714766815665
-4.144091004984599,-0.5768057313479975
-4.1373226152524625,-0.5758653720765948
-4.136175961921199,-0.5757060629744581
-4.13595589288205,-0.575675487908674
-4.134845349824401,-0.5755211957502906
-4.1336975833463505,-0.5753617319942488
-4.1290431845512945,-0.574715077881092
-4.12781355120107,-0.5745442400353015
-4.1273369057096625,-0.5744780177838124
-4.125257148761004,-0.5741890688895651
-4.117621227796281,-0.5731281800579454
-4.117477025496717,-0.5731081454596555
-4.116845646285791,-0.5730204254378685
-4.116742738739385,-0.5730061280836689
-4.115401370843547,-0.572819766513616
-4.114876162883436,-0.5727467972854464
-4.113476698119406,-0.5725523640867185
-4.111491575804705,-0.5722765631580818
-4.110691585673468,-0.572165417351367
-4.1102605505721375,-0.5721055319325484
-4.109543682626833,-0.5720059346213091
-4.101141506204701,-0.570838586875213
-4.097299506000205,-0.5703048025253145
-4.095386959798446,-0.5700390848843416
-4.092156960899018,-0.5695903283067946
-4.0854354492784015,-0.5686564819976384
-4.083981518864994,-0.5684544816698898
-4.080249227104848,-0.5679359395499571
-4.079050545612807,-0.5677694019687731
-4.072732924633327,-0.5668916697907553
-4.068105716516659,-0.5662487933865559
-4.066054681814148,-0.5659638349880585
-4.06394885002173,-0.5656712634121913
-4.061047892188981,-0.5652682218170803
-4.060062315703125,-0.5651312917609179
-4.045552305373186,-0.5631153583880034
-4.044812845470307,-0.5630126222863573
-4.043239719914959,-0.5627940617040625
-4.042739767458959,-0.5627246013234012
-4.040622214020079,-0.5624304012126292
-4.035485889391801,-0.5617167912291201
-4.029537079693628,-0.5608902994674346
-4.029515089366825,-0.5608872442639803
-4.026770127226868,-0.5605058757701272
-4.024312525450806,-0.5601644313931042
-4.020463626143073,-0.5596296885233879
-4.0195728290801265,-0.5595059265489404
-4.017877501285253,-0.5592703879240877
-4.017188311607017,-0.5591746360644381
-4.016784538727513,-0.559118538294391
-4.009698430793973,-0.5581340371712029
-4.006371164796661,-0.5576717668893753
-4.003946574742053,-0.5573349089619458
-4.0033559654742445,-0.5572528532703056
-4.001977839928704,-0.5570613848139679
-4.001425875298693,-0.5569846981753642
-4.000456024604282,-0.5568499529658744
-3.997202414726361,-0.556397916021296
-3.99144083199589,-0.555597436445951
-3.9881164698171707,-0.5551355696031751
-3.9865061128897525,-0.5549118363184654
-3.9860208422964813,-0.5548444157473134
-3.983064249219333,-0.5544336445266992
-3.980231055837119,-0.5540400177158802
-3.9769550704513676,-0.5535848720531173
-3.975542059365522,-0.55338855681009
-3.9753473962083374,-0.5533615114844063
-3.973742757182319,-0.5531385726104512
-3.9734926013406207,-0.5531038174656759
-3.9727221179747456,-0.5529967711510819
-3.9700133815192564,-0.55262043563547
-3.9693354845296214,-0.5525262527139057
-3.967749109715206,-0.5523058513594191
-3.965876854054813,-0.5520457314434031
-3.963936412587168,-0.551776138202333
-3.9629947312079974,-0.5516453066677057
-3.9571747395431323,-0.5508367121070887
-3.9569882979715922,-0.5508108090389572
-3.956629448515825,-0.5507609526586179
-3.9566090686938713,-0.5507581212089996
-3.9522923600986286,-0.5501583837367017
-3.950776025764559,-0.5499477133843697
-3.9487123947682097,-0.5496610049327337
-3.9422306914581204,-0.548760476144744
-3.9400000144618836,-0.5484505593287906
-3.93891379809464,-0.5482996469741374
-3.9344409174737924,-0.5476782119019638
-3.9305137714224236,-0.5471325979013362
-3.9296075815265024,-0.5470066973394591
-3.925660315392893,-0.5464582879758831
-3.9246403378123107,-0.54631657843898
-3.9238530780717142,-0.5462072013160051
-3.922410160031318,-0.5460067309809833
-3.9205700607581595,-0.54575107867958
-3.919557466663487,-0.5456103949597031
-3.9187511011105234,-0.5454983633903228
-3.9164659904017407,-0.5451808838824594
-3.916359574073499,-0.5451660990392618
-3.915961705032288,-0.5451108215129206
-3.9159089202371944,-0.5451034879116621
-3.9124010351833824,-0.5446161235068462
-3.9121647133129906,-0.5445832903706566
-3.9106817645448553,-0.5443772584076169
-3.910605968668352,-0.5443667277854121
-3.9104382697618885,-0.5443434287101906
-3.9102332586100146,-0.5443149456964997
-3.9096927278739004,-0.5442398476141939
-3.908933897671344,-0.544134420319869
-3.9079072229106466,-0.5439917803171291
-3.9035060698573463,-0.5433803106408364
-3.8978308652073745,-0.5425918319153327
-3.897064600174817,-0.5424853716705427
-3.895693236597811,-0.5422948426813538
-3.8940999976839104,-0.5420734876702598
-3.89205161439457,-0.5417888976431263
-3.888710570143274,-0.5413247130937417
-3.8886726261589994,-0.5413194413852824
-3.8882029180204176,-0.5412541829677785
-3.8876911945354764,-0.5411830871913084
-3.8855496446692244,-0.5408855531615615
-3.8848383450540402,-0.540786729480545
-3.8834847077309056,-0.5405986632702197
-3.882905974819819,-0.5405182576079952
-3.877810785164761,-0.5398103626697147
-3.8777635692473407,-0.5398038027747528
-3.8769609637916305,-0.5396922936106204
-3.8729662747879448,-0.5391372955993282
-3.8725924731077903,-0.5390853618470606
-3.872480706013327,-0.539069833600657
-3.8702817371602545,-0.5387643221229867
-3.8628089557063348,-0.5377260989116383
-3.8582205476835423,-0.5370886131586055
-3.8579194762364866,-0.5370467841065268
-3.857900159258957,-0.5370441003221064
-3.85687270663129,-0.5369013522472182
-3.85634615215666,-0.5368281959424378
-3.852268998454134,-0.5362617407829632
-3.8495388181190133,-0.5358824259839733
-3.8494174659801166,-0.5358655660492719
-3.848416355542653,-0.5357264777995077
-3.8470679105256016,-0.5355391329768919
-3.8429461729088734,-0.5349664835971176
-3.83887864344823,-0.534401365571798
-3.838014485619829,-0.5342813046920242
-3.836999230644822,-0.5341402512854727
-3.8368788796884585,-0.5341235304490378
-3.8359781130811488,-0.5339983833661902
-3.8340181525511965,-0.5337260782642582
-3.83327839842286,-0.5336233012847005
-3.830104442133588,-0.5331823309295992
-3.830098670183674,-0.5331815290096699
-3.8278219149968455,-0.5328652103676623
-3.8266696013045145,-0.532705114849078
-3.82642752495676,-0.5326714822204901
-3.826326472371718,-0.5326574425834413
-3.8253579590546387,-0.5325228831810966
-3.824591019633767,-0.5324163292408594
-3.823294675745367,-0.5322362230350074
-3.820410226178484,-0.5318354749988485
-3.814666756100662,-0.5310375118862843
-3.8144060314843,-0.5310012883796629
-3.8138731938193358,-0.5309272591262908
-3.813724910780968,-0.5309066575747492
-3.8124729964087316,-0.5307327241380639
-3.8118522642076877,-0.5306464833476529
-3.810060389731234,-0.5303975311088178
-3.808084684885592,-0.5301230385865666
-3.807871975806745,-0.530093486069303
-3.80727508761428,-0.5300105580217187
-3.8018562261808495,-0.5292576940775552
-3.7983217561931113,-0.5287666361222659
-3.7980516460019764,-0.5287291086404592
-3.7970615538272834,-0.528591551201709
-3.7940263444061277,-0.5281698575001363
-3.789572736877996,-0.5275511001152916
-3.785754587706738,-0.5270206294841837
-3.7829063952917057,-0.5266249187981549
-3.7810237910817017,-0.5263633611170342
-3.7767030848355114,-0.5257630682352099
-3.7765653928521252,-0.5257439381410077
-3.7755409885941096,-0.5256016135882243
-3.7714797917249103,-0.5250373753749886
-3.769801878675745,-0.5248042562499332
-3.7697476328458466,-0.5247967196613063
-3.7694007007261905,-0.524748519003812
-3.76878464343415,-0.5246629277170787
-3.7672065963685406,-0.5244436833698141
-3.7663190238090176,-0.5243203693884356
-3.765642686651695,-0.5242264031805707
-3.7650297435353663,-0.5241412445586395
-3.7629584734737307,-0.5238534747813186
-3.7620370925872684,-0.5237254636747825
-3.761740931098408,-0.5236843167826998
-3.7617257496538694,-0.5236822075643051
-3.7614214479217445,-0.5236399297158905
-3.760466649032638,-0.5235072757135014
-3.758016934713643,-0.5231669271722201
-3.7576393549971496,-0.5231144685223569
-3.7572307386927872,-0.5230576978360547
-3.7566755705754566,-0.5229805661242326
-3.7548160570308564,-0.5227222165209789
-3.750244236424203,-0.52208703532356
-3.748714637359386,-0.5218745220494944
-3.748667794497678,-0.5218680139846443
-3.7477884151997416,-0.5217458383256444
-3.7464116275675563,-0.5215545557509234
-3.7449965124725564,-0.5213579481895463
-3.742931426007446,-0.5210710375238536
-3.74146690469737,-0.5208675657607609
-3.7386914995829645,-0.5204819677035396
-3.737968174174484,-0.5203814732312908
-3.7377705726493002,-0.5203540196664689
-3.7369083912011654,-0.5202342333730561
-3.736862408921317,-0.5202278448722625
-3.7343474540926596,-0.5198784322078208
-3.7339422953428847,-0.5198221418933119
-3.7318962832937923,-0.5195378813120055
-3.731050618672847,-0.5194203897670037
-3.730282119068547,-0.5193136190642852
-3.7299774225054225,-0.5192712863604312
-3.7272421118562997,-0.5188912587865379
-3.723563067295206,-0.518380114511482
-3.723041049163716,-0.5183075884588738
-3.7229921128443184,-0.5183007895416313
-3.722925855505699,-0.5182915841463844
-3.7197030843710412,-0.5178438317509079
-3.7192431575625724,-0.5177799322924506
-3.717259285077099,-0.5175043050075534
-3.716913861875742,-0.5174563139900722
-3.7164495288501653,-0.5173918023583696
-3.7157312885469658,-0.5172920143799967
-3.7085484763567123,-0.5162940777502875
-3.70852989033861,-0.5162914955209638
-3.706725449202015,-0.5160407973461172
-3.706179085609472,-0.5159648888818977
-3.7045029525931112,-0.5157320170638706
-3.7018706408696542,-0.5153662995398602
-3.7018451983180305,-0.5153627647050982
-3.7007607858858638,-0.5152121029783112
-3.699968865378168,-0.5151020783164495
-3.6965546012324686,-0.5146277210362854
-3.6964402898796225,-0.5146118393059584
-3.695826947195613,-0.5145266251705022
-3.6928751403509197,-0.5141165189201753
-3.6925724626487657,-0.5140744667046955
-3.6922673270303625,-0.5140320730011475
-3.6894949867503253,-0.5136469007535394
-3.687494056025754,-0.513368903499724
-3.684908808962455,-0.5130097248559033
-3.6840869585475007,-0.5128955419131366
-3.6805945293332853,-0.5124103248495104
-3.680039620167707,-0.5123332291148838
-3.6798651823585393,-0.5123089937771411
-3.6770028266679406,-0.5119113153309771
-3.6751848592908734,-0.5116587379018119
-3.674335085274748,-0.511540675422214
-3.672766327296922,-0.5113227216448141
-3.671248707785032,-0.5111118727376226
-3.6696294314651188,-0.5108869002462831
-3.6686269581163007,-0.5107476226418305
-3.667953785517778,-0.51065409609869
-3.6674624182321516,-0.5105858284898508
-3.666583017187407,-0.5104636498094803
-3.66537659738316,-0.510296037113843
-3.6644131247280627,-0.5101621780306903
-3.6639626262326948,-0.5100995884852242
-3.6628496720289925,-0.5099449613367418
-3.66204561970329,-0.5098332511532137
-3.660742018890143,-0.50965213671398
-3.658704389133078,-0.5093690407178016
-3.6584726528724487,-0.509336844678592
-3.658223847272459,-0.5093022771282606
-3.6579576590011236,-0.5092652945343507
-3.6576763106264196,-0.5092262056870593
-3.6575053790627114,-0.509202457485926
-3.655336622673443,-0.5089011435458645
-3.6538710683893636,-0.5086975282675902
-3.6536013196577883,-0.5086600510047959
-3.6532516585563646,-0.5086114711990244
-3.652836364505052,-0.5085537727468127
-3.6524847200693418,-0.5085049173885305
-3.6521028565965743,-0.5084518635793913
-3.650427050488228,-0.5082190371799934
-3.6500428136520906,-0.5081656536300536
-3.6492767699971758,-0.5080592241421389
-3.6492574702555354,-0.508056542752369
-3.6482486913280305,-0.5079163890888218
-3.647410399842646,-0.5077999219228314
-3.6464931628603434,-0.5076724865453612
-3.645699257696183,-0.5075621861472932
-3.6452865687089107,-0.5075048496269767
-3.6449946016007466,-0.5074642854768654
-3.6448812536699666,-0.5074485375985928
-3.644691794081792,-0.5074222152254216
-3.6433421128164905,-0.5072346986459261
-3.641899312445048,-0.5070342446591192
-3.641264854801206,-0.5069460969384189
-3.639809569466072,-0.5067439083660127
-3.6391799063228167,-0.506656426764324
-3.638681305305003,-0.5065871541443379
-3.6386321064680938,-0.5065803187544948
-3.63791339659153,-0.5064804655364293
-3.637504683223197,-0.5064236813646443
-3.6368149310438134,-0.5063278513544759
-3.636161306398257,-0.5062370406860908
-3.63593200347688,-0.5062051827203693
-3.634549662428599,-0.5060131285874904
-3.6340189070406193,-0.5059393886331311
-3.6320028071153887,-0.5056592838620121
-3.631070583736706,-0.5055297663649625
-3.629696446149219,-0.5053388519714782
-3.6292378524374476,-0.5052751377254405
-3.6284361538193775,-0.5051637545518636
-3.6284062248226667,-0.5051595963974642
-3.625770582325332,-0.5047934161158083
-3.621631861632247,-0.5042184072097741
-3.620741406602149,-0.5040946927553088
-3.6206729513679594,-0.5040851819976998
-3.620037775889751,-0.5039969345454195
-3.619351478402173,-0.5039015845093068
-3.619250702588258,-0.5038875833251701
-3.619240940597286,-0.503886227052987
-3.6180850398197486,-0.5037256331664063
-3.6177868389997103,-0.503684202941942
-3.6172855380123705,-0.5036145552044647
-3.616692288308601,-0.503532132666568
-3.6157104312119452,-0.5033957193599217
-3.615146784248381,-0.503317409648312
-3.6149582305302514,-0.5032912131312646
-3.6133709143214574,-0.5030706809851176
-3.6120069468130462,-0.5028811795611176
-3.610414105204829,-0.5026598797492804
-3.6099702536145046,-0.5025982136847352
-3.6094189558927385,-0.5025216197023435
-3.6087167114961316,-0.5024240540988136
-3.6073771876839293,-0.5022379487346251
-3.6066014738633987,-0.502130175732189
-3.6034363968904977,-0.5016904390157824
-3.602897130613936,-0.5016155166098647
-3.6020389654578957,-0.5014962883158665
-3.601596077173689,-0.5014347560872672
-3.598448153911499,-0.5009974026040288
-3.5978179195123037,-0.500909841635483
-3.59744250556113,-0.5008576838839983
-3.594649667136688,-0.5004696637477638
-3.5944204445245127,-0.5004378169397186
-3.594073866822558,-0.5003896655228836
-3.5935383111471144,-0.500315258645519
-3.5921435635728174,-0.5001214808246983
-3.592102826085453,-0.5001158210037584
-3.591563952275301,-0.5000409531247578
-3.5911767099659984,-0.4999871520124927
-3.590767579535483,-0.4999303098966022
-3.5902390373970268,-0.499856877437791
-3.590105826848757,-0.4998383699671705
-3.589285178397159,-0.4997243540179473
-3.585653129203203,-0.4992197389959266
-3.5841374098782293,-0.49900915408925145
-3.583030189885557,-0.49885532361748547
-3.58226035278359,-0.49874836709090303
-3.5817617782781426,-0.4986790981543853
-3.581127528980399,-0.4985909793800361
-3.5810651151280783,-0.49858230797560793
-3.579955939631337,-0.49842820581789377
-3.579833679475756,-0.4984112197288277
-3.579081453456812,-0.4983067099799661
-3.578632481390776,-0.4982443325073905
-3.5773323251440483,-0.4980636966354521
-3.5749670610335964,-0.49773508109710357
-3.5736316729820503,-0.4975495503305713
-3.5734588338867384,-0.49752553710849506
-3.5733743735154024,-0.4975138026936053
-3.5714877413148933,-0.4972516853877636
-3.571445895115633,-0.49724587152907557
-3.569213941980882,-0.49693577741412914
-3.5686758263068348,-0.4968610148659895
-3.568290033789542,-0.4968074151790874
-3.567993842603806,-0.49676626416109965
-3.5677884730275577,-0.49673773135008664
-3.565663309273443,-0.49644247390798907
-3.565659554276531,-0.4964419522113523
-3.5632542317546485,-0.4961077711987805
-3.5621883216339287,-0.4959596800716191
-3.558203521301156,-0.49540605593265724
-3.557550123560796,-0.4953152767891125
-3.5548265880147185,-0.4949368851770592
-3.5539040437675875,-0.49480871244020436
-3.5535370952320786,-0.49475773082254476
-3.5534623074256326,-0.4947473402555173
-3.5513883100779564,-0.4944591915655135
-3.5512139519732395,-0.4944349673014265
-3.5506981506481714,-0.4943633049744293
-3.5475132623660492,-0.49392081579413644
-3.5473553885360167,-0.4938988817558115
-3.545743427292189,-0.49367492557705045
-3.543148519364861,-0.49331440471101445
-3.5420736788728786,-0.4931650728518993
-3.541309659562612,-0.4930589246142279
-3.5381260011305997,-0.49261660630189635
-3.5365136799397296,-0.49239260011426295
-3.536258552817087,-0.49235715428967847
-3.5358314958705503,-0.4922978215717079
-3.534107705966184,-0.4920583285929239
-3.533627186982651,-0.4919915681817872
-3.5333157408621907,-0.49194829773512155
-3.532299124934928,-0.4918070552460671
-3.529842340420438,-0.4914657244144413
-3.528054972505601,-0.49121739829011296
-3.5272371327168117,-0.49110377255957055
-3.5270755056748446,-0.4910813170726028
-3.5267246243604435,-0.4910325677377954
-3.5257741979101884,-0.49090052121570454
-3.525178539958385,-0.49081776409034233
-3.5249220215364763,-0.4907821249670244
-3.524272380628361,-0.4906918677751066
-3.5232353856492997,-0.49054779394343445
-3.5200721181745394,-0.49010830862779237
-3.518902019056188,-0.48994574210932224
-3.518473100715452,-0.48988615078046155
-3.517787298832804,-0.48979086960071044
-3.517564584457252,-0.48975992700783194
-3.5158538482300465,-0.4895222476282686
-3.5149730970454307,-0.48939988136760243
-3.5142559898275607,-0.4893002508132754
-3.5134674452666026,-0.48919069518510444
-3.511066424860627,-0.488857111882585
-3.507758239346237,-0.4883974925280424
-3.5075896681442202,-0.4883740722613346
-3.5075053745999107,-0.4883623610243866
-3.506734775457906,-0.4882552986245549
-3.50599381151298,-0.4881523535603724
-3.504348884289069,-0.4879238172870484
-3.503505459803913,-0.48780663697301024
-3.5025032360959485,-0.4876673940521529
-3.5016992395419044,-0.48755569161720275
-3.501384231383091,-0.4875119262823992
-3.499581948958964,-0.48726152802605044
-3.4962186121541925,-0.48679424628365947
-3.495554877876311,-0.48670203104389714
-3.495313428298871,-0.4866684854949989
-3.495058568404045,-0.4866330767974369
-3.4944228794301035,-0.4865447580031546
-3.493945700055231,-0.486478461577115
-3.493440909512565,-0.48640832902185455
-3.4928093373855154,-0.4863205821974645
-3.4915873377305333,-0.4861508049312771
-3.4910428184798787,-0.48607515270880247
-3.490749534496214,-0.48603440559994665
-3.4893745265492577,-0.4858433702839641
-3.487944131684233,-0.485644639843442
-3.4869417422230105,-0.48550537389382614
-3.4867320527079393,-0.48547624089655256
-3.4860446296113516,-0.4853807344751087
-3.485946535252594,-0.48536710583618864
-3.485808789692323,-0.48534796829833665
-3.4853035863020767,-0.4852777783845222
-3.4849282554208605,-0.48522563217427667
-3.4840198779461167,-0.4850994276833838
-3.4825662549525416,-0.48489747006669376
-3.4815731610551826,-0.4847594955866898
-3.4813273740668635,-0.48472534742406886
-3.4805132260164973,-0.48461223460141006
-3.479804881558176,-0.48451382149207517
-3.4777264759926942,-0.4842250603508607
-3.4738829699943166,-0.4836910667950369
-3.4735813058030622,-0.4836491553906523
-3.4730662700211608,-0.4835775994236082
-3.4711246309655257,-0.48330783979688113
-3.4698096706771198,-0.4831251471406269
-3.468823717481618,-0.482988164746697
-3.4688158156312907,-0.48298706691124255
-3.468234112269573,-0.48290624855251235
-3.465102666736826,-0.48247118438567976
-3.4643090765539046,-0.48236092774920664
-3.4640933638817857,-0.4823309579307988
-3.463950091104607,-0.4823110524747461
-3.4613600183464857,-0.48195120337797487
-3.460035922986374,-0.4817672415499213
-3.4599142432968955,-0.4817503361073167
-3.4591200525852215,-0.4816399960369984
-3.4582771241519494,-0.48152288464141896
-3.4567667926598977,-0.4813130482877738
-3.4561426581880115,-0.48122633480635973
-3.455135048438087,-0.48108634358129815
-3.453930430456233,-0.48091898122000315
-3.4513099130415554,-0.48055490232616177
-3.450045711258736,-0.4803792617507155
-3.449745789482752,-0.4803375924270055
-3.449450649010013,-0.4802965873887483
-3.449185858319494,-0.48025979896629273
-3.445339966997886,-0.47972547400803706
-3.4451921171028257,-0.4797049326348157
-3.4443476764522694,-0.47958761114088205
-3.4435431137498806,-0.4794758300486934
-3.4430152523513673,-0.47940249216778646
-3.4417700250567544,-0.47922948779335844
-3.4395776761501273,-0.47892489605114447
-3.439452063348025,-0.47890744416557934
-3.4380117109344304,-0.4787073302832802
-3.436657822647468,-0.47851922920555373
-3.4359380858867468,-0.47841923331839337
-3.4354589537286766,-0.47835266558442696
-3.43450977486871,-0.478220792395011
-3.4342876186932,-0.4781899273550814
-3.432093140183164,-0.47788503973860635
-3.429584481594281,-0.4775365018357666
-3.427131000428241,-0.47719562995146286
-3.4255598671265,-0.47697734616087556
-3.424027055184073,-0.4767643865089611
-3.4238493422625647,-0.47673969614685113
-3.4235058442139548,-0.47669197259848856
-3.4225509740348374,-0.476559308691495
-3.4224601089737146,-0.47654668444761217
-3.422268837835364,-0.4765201103885793
-3.419494843611763,-0.47613470835202176
-3.416764617411149,-0.4757553871807565
-3.41670648606614,-0.47574731076208054
-3.415573410430897,-0.4755898880631863
-3.415176645139871,-0.4755347638852425
-3.4142947403749666,-0.4754122373530845
-3.4142132792224724,-0.47540091963158243
-3.4136970981742256,-0.47532920454813543
-3.413181581995537,-0.47525758183765743
-3.4121690639083804,-0.4751169086778067
-3.410379628304016,-0.47486829528115904
-3.4098189302097723,-0.47479039526767786
-3.409354108787852,-0.47472581578113104
-3.4087913651045683,-0.47464763156583895
-3.4060135769712523,-0.47426170242633414
-3.4058623456254784,-0.4742406912547331
-3.4041590386775757,-0.4740040440544545
-3.403687210054026,-0.4739384910295509
-3.4014346828840356,-0.4736255384821628
-3.4009636430724015,-0.4735600950500321
-3.400311910944882,-0.4734695473166955
-3.4002167231495024,-0.4734563224981711
-3.39970893200665,-0.4733857730576077
-3.3996332473291617,-0.4733752578847237
-3.399327671915174,-0.47333280307862835
-3.3977842487152246,-0.4731183691625554
-3.397640898475978,-0.47309845294439
-3.396869298425553,-0.47299125148437543
-3.3962032302521354,-0.47289871198723554
-3.3952285251183745,-0.47276329233120373
-3.394200460413978,-0.4726204592180644
-3.393258383955328,-0.47248957279347586
-3.3931679332767586,-0.47247700612140703
-3.3930721904831667,-0.4724637041947765
-3.392644227539744,-0.4724042456030595
-3.3922067778066753,-0.47234346897397284
-3.391451670069942,-0.47223855885661187
-3.3908178829857727,-0.4721505042994304
-3.3896579136405727,-0.47198934515058266
-3.389291326884298,-0.4719384137963492
-3.3882269501097886,-0.47179053570306767
-3.3869113628932244,-0.47160775594519394
-3.3866267572539117,-0.4715682145531918
-3.3859779151514164,-0.4714780683425119
-3.385461517169944,-0.4714063231196701
-3.385078038355483,-0.47135304488469326
-3.3834732872092332,-0.4711300904334292
-3.381942540918514,-0.4709174177707117
-3.38187096747399,-0.4709074737877543
-3.381419361078266,-0.47084473031729085
-3.379646101676193,-0.4705983643446839
-3.379407523573106,-0.47056521774112375
-3.3791866335498724,-0.4705345286127595
-3.378884841731028,-0.470492599476567
-3.3782686442876284,-0.47040698871804876
-3.377860262747708,-0.4703502506485031
-3.376830375043501,-0.47020716425875875
-3.3756316444478194,-0.47004061985541107
-3.3750378886092607,-0.46995812699819767
-3.373090670287129,-0.4696875922218139
-3.368507880955828,-0.469050887095909
-3.3677592930608884,-0.46894688280606683
-3.366431693059303,-0.46876243406425183
-3.366350183100617,-0.46875110956191157
-3.365398798363624,-0.46861892990123777
-3.3652640665447002,-0.46860021107444255
-3.363709923978098,-0.46838428787418024
-3.363279917092965,-0.4683245453095224
-3.3631081522181145,-0.46830068133316166
-3.3624241828967585,-0.46820565475843023
-3.3601923722420515,-0.4678955804388027
-3.3596616435178723,-0.4678218441889509
-3.35916237879038,-0.4677524793571427
-3.3582937424926875,-0.4676317962658406
-3.357064534704206,-0.4674610175450334
-3.3544095595223333,-0.4670921512967197
-3.35439529615701,-0.4670901696307173
-3.3539649516656587,-0.4670303801610866
-3.353010676968265,-0.46689779898673445
-3.352963666308897,-0.4668912676090891
-3.3527353282462555,-0.46685954369502436
-3.3522921856429493,-0.466797976132862
-3.3522700033833583,-0.4667948942634229
-3.3502873839509872,-0.46651944107017085
-3.349590904121189,-0.46642267636080614
-3.3493925254261185,-0.46639511482068513
-3.348101023705689,-0.4662156813564637
-3.3475322165129153,-0.466136654713712
-3.3473349673041324,-0.46610925009760745
-3.34731620368333,-0.46610664319323486
-3.3472351790010606,-0.46609538611227475
-3.3451196043783202,-0.4658014609262898
-3.3447797164537536,-0.4657542389468008
-3.3442497094354406,-0.46568060296641206
-3.3440981047673035,-0.4656595399276522
-3.3436692397448184,-0.4655999560065076
-3.342365290479538,-0.4654187931554349
-3.341503196688875,-0.4652990190406231
-3.3409629615127545,-0.46522396202164107
-3.3395921719636132,-0.4650335127844237
-3.339525346478739,-0.46502422845436053
-3.3390824935054813,-0.46496270113165145
-3.3384912297245686,-0.464880554505906
-3.337140496975674,-0.46469289183961765
-3.3370350487081404,-0.46467824149293946
-3.3348346569237792,-0.46437253232177317
-3.333673391754663,-0.4642111931389613
-3.3334785002566822,-0.464184116088984
-3.333007096149524,-0.464118622043829
-3.331865903402481,-0.46396007160234887
-3.3310333343976057,-0.4638443994833071
-3.3307152256336625,-0.46380020336911626
-3.3305480015302162,-0.4637769702601642
-3.3301699529431064,-0.46372444646824335
-3.329878008249993,-0.4636838854323439
-3.329025639313821,-0.46356546243019636
-3.3283454988439747,-0.46347096781301456
-3.327478680772056,-0.4633505373350416
-3.32489046242153,-0.4629909458784837
-3.3220495993299437,-0.46259625348447536
-3.3215364034065487,-0.46252495313628195
-3.3196669754607258,-0.46226522608588366
-3.319298084170818,-0.4622139745536384
-3.319292400430462,-0.46221318488901336
-3.317023811462477,-0.46189800081222804
-3.3161973239738947,-0.46178317362240234
-3.3160771934919193,-0.4617664834173501
-3.315412913910764,-0.4616741924164378
-3.314809163857801,-0.4615903110233175
-3.3146323766294676,-0.46156574927143723
-3.3121368825434714,-0.4612190403652768
-3.3108763797141463,-0.4610439137001325
-3.308583403311695,-0.4607253413802034
-3.308560515526798,-0.460722161489331
-3.3079253797128785,-0.4606339195477679
-3.306420224025065,-0.46042480228916505
-3.30630619730125,-0.46040896010347987
-3.305781386974892,-0.4603360461201473
-3.3044119995680585,-0.46014579168812986
-3.3041482473450703,-0.4601091475440933
-3.3040120244415565,-0.4600902215549933
-3.303558291962882,-0.46002718269938003
-3.3032952905076067,-0.4599906428624842
-3.3021759344902506,-0.4598351262846008
-3.3018288489090564,-0.45978690430608576
-3.3001600102461692,-0.4595550459215618
-3.2990895139474463,-0.4594063176184728
-3.2984445083193585,-0.45931670442442163
-3.2979819582308934,-0.45925244050325426
-3.297128970550505,-0.45913393153651505
-3.2970340224878156,-0.45912074002500536
-3.296876713494778,-0.459098884461728
-3.2968674640977276,-0.4590975994062544
-3.2950230855811156,-0.4588413525725598
-3.2949819183425353,-0.45883563304457614
-3.2939985074035314,-0.45869900385643986
-3.292926832829161,-0.45855011185083483
-3.2924075543765325,-0.4584779664326934
-3.2923193640059516,-0.4584657137941922
-3.2920471665113307,-0.4584278963150206
-3.2912502961556123,-0.45831718395111104
-3.290729905537496,-0.4582448840154006
-3.2893203871415637,-0.45804905402565677
-3.2892897636475795,-0.4580447993819926
-3.2873729806575813,-0.4577784931071997
-3.287276322273037,-0.457765063973881
-3.286237354206009,-0.45762071601326026
-3.284272620016792,-0.45734774768788444
-3.2841362517518538,-0.4573288015031441
-3.28305532301576,-0.45717862378009055
-3.2819774239708104,-0.45702886698406264
-3.281151435037771,-0.45691410906053864
-3.280565260924333,-0.45683266956251295
-3.280508960206094,-0.4568248474800859
-3.2791462859667853,-0.45663552573509963
-3.2775845581416694,-0.45641854868474124
-3.2769450974779457,-0.4563297058746155
-3.2747318941151287,-0.4560222167399633
-3.2735614795171437,-0.45585960639065454
-3.272808577588621,-0.45575500273499014
-3.2727466786095696,-0.4557464028639504
-3.2722832889818827,-0.4556820223022642
-3.2715629015120897,-0.4555819360095077
-3.2714008689142813,-0.4555594241770557
-3.2711846759082146,-0.45552938762394446
-3.2704166833940884,-0.455422687373278
-3.2702504741879572,-0.45539959526804114
-3.2697692754204315,-0.45533274041181415
-3.26870855732096,-0.455185370632789
-3.267710400891859,-0.45504669279514043
-3.266791377616402,-0.4549190092408664
-3.2645266822109993,-0.454604366112197
-3.2637033496360823,-0.4544899772470591
-3.262298083966918,-0.45429473810553783
-3.261819952058685,-0.4542283093402548
-3.260887609558812,-0.4540987752932251
-3.258257044009109,-0.45373330037207077
-3.2580437280824603,-0.45370366354303143
-3.256304059715336,-0.4534619645063428
-3.2556937946296864,-0.45337717795385174
-3.255443576862461,-0.4533424142055169
-3.254288872368833,-0.45318198652341135
-3.253617011123112,-0.4530886421717246
-3.252059390662868,-0.45287223577388347
-3.250580145294947,-0.4526667183389464
-3.2497254541588743,-0.4525479727043421
-3.248300459076016,-0.4523499924770058
-3.2477608781080614,-0.45227502634976285
-3.2477086054237354,-0.4522677638980881
-3.246626644696206,-0.4521174427963649
-3.2462300709687057,-0.4520623452331028
-3.2454640799085057,-0.45195592305238064
-3.245279745051802,-0.45193031267850975
-3.2450318601237895,-0.4518958730407934
-3.2449629594307052,-0.45188630039381067
-3.244846838609117,-0.4518701672668033
-3.244254406634746,-0.45178785833930035
-3.2442373483109255,-0.4517854883586115
-3.2432224151480686,-0.4516444796627005
-3.24275297573372,-0.45157925858012177
-3.2411559382857367,-0.4513573758235987
-3.240519270477673,-0.45126892103600375
-3.239447917262614,-0.4511200736781242
-3.239251891703533,-0.45109283906853337
-3.2390579563785282,-0.45106589486346566
-3.2384804797306774,-0.4509856637388828
-3.238376360945147,-0.4509711981024203
-3.23832854250167,-0.45096455449612
-3.2373904294705156,-0.45083421872625706
-3.2361966066518084,-0.4506683561798598
-3.235701195860204,-0.4505995267906734
-3.2356803761756217,-0.4505966342291927
-3.234830179135084,-0.450478512977133
-3.234722665459487,-0.4504635756751082
-3.2345929846571284,-0.4504455586061085
-3.2339864444801365,-0.4503612895699737
-3.233075455690505,-0.45023472227873035
-3.231002173042389,-0.44994667288477547
-3.2306474667115626,-0.44989739212524205
-3.2304330040123044,-0.4498675959705288
-3.2301467626530407,-0.4498278273214565
-3.2297197192240366,-0.44976849648153033
-3.2295931305894987,-0.4497509090196889
-3.2287890181893677,-0.4496391904897818
-3.2286034927377636,-0.4496134147018319
-3.228569336070054,-0.44960866918030734
-3.225928814887413,-0.44924181108352207
-3.225487447513583,-0.4491804901610427
-3.225372351984875,-0.44916449948204806
-3.22400396485894,-0.44897438402302947
-3.2223429736264237,-0.44874361591317924
-3.220850704730313,-0.4485362890677376
-3.220126850001374,-0.44843572105489493
-3.2195579168027653,-0.4483566769056518
-3.218474589363817,-0.44820616592128265
-3.2159652846872437,-0.4478575382549139
-3.2159542964124124,-0.447856011610243
-3.214515715036738,-0.44765614378527735
-3.2141966528412356,-0.4476118152070529
-3.2138999504972134,-0.4475705931718141
-3.2132648821222647,-0.44748236059981517
-3.2131504917453295,-0.4474664678903574
-3.2116927219181632,-0.44726393413760396
-3.2111838263572405,-0.44719323125585103
-3.211068956140672,-0.4471772718803668
-3.211006980415351,-0.4471686613466633
-3.210773885494193,-0.44713627654334936
-3.210374967020202,-0.44708085321514307
-3.2102385864416885,-0.44706190531962897
-3.210140100098346,-0.4470482222207333
-3.208171688226793,-0.4467747429403418
-3.206666036244613,-0.44656555672959125
-3.2062202912485263,-0.4465036276066624
-3.2060061818751002,-0.44647388054091075
-3.2054216415445587,-0.44639266803083266
-3.205353156421163,-0.4463831531205973
-3.20389991870032,-0.4461812490313785
-3.203487622145449,-0.44612396703325424
-3.2032390738631786,-0.4460894352330958
-3.2028992001769323,-0.44604221523179316
-3.202132560179125,-0.4459357028915915
-3.201155888274577,-0.44580000998428176
-3.2010766683503697,-0.4457890036455282
-3.1993923652493566,-0.44555499672518645
-3.1993009309774867,-0.44554229339859336
-3.1976920909433617,-0.4453187708618946
-3.197409398485046,-0.445279495275728
-3.1968981290328324,-0.4452084625798283
-3.1964289274730255,-0.4451432745433261
-3.195907524092525,-0.44507083390051466
-3.1958983408715924,-0.44506955803915205
-3.1956773067574553,-0.4450388488916661
-3.1945359995886466,-0.4448802825531159
-3.1933368598420935,-0.44471368130481254
-3.193294350760083,-0.44470777534919087
-3.192182361309142,-0.44455328223764173
-3.191942399699725,-0.4445199434180515
-3.1910602242247137,-0.4443973792750633
-3.191036277948431,-0.44439405232377793
-3.1909864962678247,-0.4443871359571448
-3.1905098476287828,-0.44432091326834244
-3.189770757856424,-0.44421822859039944
-3.189476360557673,-0.4441773268042566
-3.1893331535434886,-0.4441574304849179
-3.188231946321998,-0.4440044353913366
-3.187651253898605,-0.44392375748628354
-3.1876108867156723,-0.44391814911320904
-3.185987892833382,-0.4436926601261616
-3.185686588059587,-0.44365079865707235
-3.1848194452251954,-0.44353032305855905
-3.1839126408545106,-0.44340433712526206
-3.1833632606689375,-0.4433280095537903
-3.182336044939401,-0.44318529439210064
-3.182249284469832,-0.4431732404154268
-3.1819799149081733,-0.44313581583221506
-3.181424944205881,-0.44305871154804843
-3.18065897028803,-0.44295229174898115
-3.1806096657125758,-0.44294544166846195
-3.1794954649056737,-0.44279064132444507
-3.179056828054234,-0.4427296997642875
-3.1787885294169613,-0.44269242396885466
-3.1782718894934425,-0.4426206451320435
-3.177469816081585,-0.44250920988687664
-3.175001268587598,-0.44216624477778343
-3.1749509300140017,-0.4421592510397951
-3.1749401785313807,-0.4421577572936065
-3.174849413275627,-0.44214514691608
-3.1742015999669193,-0.44205514363980747
-3.17414043790189,-0.4420466461511603
-3.1741222400637326,-0.44204411785321834
-3.1726599639030293,-0.44184095801764617
-3.1710506662681115,-0.4416173719046517
-3.1703486183779908,-0.44151983360254876
-3.1698023856790796,-0.4414439433239017
-3.1697155493944833,-0.44143187881394474
-3.1694838355961754,-0.44139968589551465
-3.1690694982423344,-0.44134212036108283
-3.1689278507078398,-0.44132244070645243
-3.166862433128397,-0.44103548403773024
-3.1668505513421845,-0.441033833253974
-3.1667948164966173,-0.44102608979048497
-3.1666819772018746,-0.4410104125790378
-3.1653628596359327,-0.44082714233570125
-3.165182001047814,-0.4408020149336337
-3.1651265535043946,-0.44079431138617337
-3.1650722724430427,-0.44078676990270044
-3.1647897496251427,-0.44074751788535077
-3.1640161226574133,-0.4406400348176638
-3.16400360090463,-0.4406382951208096
-3.1638756634125413,-0.44062052025683063
-3.1637777945794663,-0.44060692295108955
-3.162089576236987,-0.44037237207069835
-3.1607291897649246,-0.4401833681743032
-3.1597435955417987,-0.4400464356538315
-3.159576227542834,-0.4400231825529033
-3.1595717911438905,-0.4400225661863754
-3.159060721252486,-0.4399515612162514
-3.1590395610881563,-0.43994862135056706
-3.1581466520457595,-0.4398245659504252
-3.15780318755531,-0.43977684706443115
-3.1577624280151575,-0.4397711841796096
-3.1575109105053683,-0.4397362398528774
-3.157251548206379,-0.43970020561842
-3.1571733745610664,-0.4396893446433494
-3.156463961270755,-0.4395907830369407
-3.1564348318964135,-0.4395867359772532
-3.155769520421377,-0.4394943016112252
-3.1550636451810123,-0.4393962315601496
-3.1550133629514967,-0.439389245650268
-3.1547725196457623,-0.43935578433310624
-3.1541437637429803,-0.4392684287779402
-3.153352095652777,-0.4391584391854437
-3.151941253672156,-0.4389624253048212
-3.1508824410077354,-0.43881532025545644
-3.150382634111252,-0.4387458800979566
-3.149643229844418,-0.438643151726047
-3.1490432783412756,-0.43855979808054213
-3.1474619615867407,-0.4383400994624068
-3.146803582165588,-0.4382486281941608
-3.145555351390515,-0.438075206534262
-3.144148971550935,-0.43787981259661934
-3.144095976404945,-0.43787244977047546
-3.1437724951528314,-0.4378275072351621
-3.1435796043613946,-0.4378007081512924
-3.143067457328115,-0.4377295535295692
-3.1409198954338677,-0.4374311842248913
-3.1404675832507354,-0.43736834269657954
-3.1396787368295294,-0.43725874512976515
-3.139391515300091,-0.43721884030175684
-3.1392094656846723,-0.4371935474255353
-3.1390139153204677,-0.4371663788366563
-3.13885020628551,-0.437143634090132
-3.138470198627404,-0.4370908381166958
-3.137466427466888,-0.43695138020210844
-3.1366600086841876,-0.4368393412373094
-3.13608053475884,-0.43675883262303006
-3.1358290640244917,-0.4367238947949956
-3.135115094191856,-0.43662470013006194
-3.1348684551071058,-0.43659043358229876
-3.1347110994079532,-0.43656857152995526
-3.1342546484110003,-0.43650515497979886
-3.1341926632831107,-0.43649654313975905
-3.133993550108443,-0.43646887955547004
-3.1339394190210554,-0.43646135890847554
-3.133174819973721,-0.4363551301256302
-3.1310285199055774,-0.4360569361314654
-3.13071887941252,-0.4360139165477874
-3.1300363055668297,-0.43591908385203326
-3.12989373350587,-0.4358992757492684
-3.129316531953173,-0.4358190828447479
-3.128413047761504,-0.4356935581971102
-3.1275402496596483,-0.4355722968898239
-3.1247130256736657,-0.43517949943093537
-3.1246722946371763,-0.4351738405062409
-3.1229338834595834,-0.43493231613588784
-3.1216768685268725,-0.434757674058075
-3.1215049082387,-0.4347337829321655
-3.120935326934432,-0.434654648739029
-3.1197522790450782,-0.43449028319636745
-3.1174293700230966,-0.43416755221870607
-3.1174264774034697,-0.434167150335571
-3.116940610114718,-0.43409964686314545
-3.116829038136903,-0.4340841457250729
-3.1152681806565585,-0.43386728959517085
-3.114809400843305,-0.433803549493315
-3.1142793590117637,-0.4337299086761863
-3.112575828433911,-0.4334932304061103
-3.1117232924344345,-0.4333747841931943
-3.1115700131734454,-0.4333534884965973
-3.1114646646695405,-0.4333388520104765
-3.1112977001817343,-0.43331565497095637
-3.1111015689160015,-0.43328840567512056
-3.111004255455268,-0.4332748855294648
-3.1107957652894207,-0.43324591916254296
-3.109638782830432,-0.4330851749936613
-3.1094951474653314,-0.4330652191618285
-3.1085733491569356,-0.43293715006120503
-3.1062005814475873,-0.4326074920180553
-3.105942547245908,-0.43257164230143286
-3.105711656513289,-0.4325395637347881
-3.1050677271801974,-0.4324501000746763
-3.1046945398831207,-0.43239825168109025
-3.103972812709999,-0.4322979792580285
-3.103360583400243,-0.4322129198080798
-3.1030705462160397,-0.4321726237899704
-3.102254946338838,-0.43205930925924235
-3.1017924972998325,-0.4319950593772779
-3.0999098124900586,-0.43173349049811105
-3.099164711726386,-0.4316299706892675
-3.098671406345251,-0.431561433813121
-3.09826432262238,-0.4315048760544532
-3.0982384916757892,-0.4315012872584359
-3.097457289419872,-0.4313927517258697
-3.0973996166266278,-0.43138473901561203
-3.0964059467879514,-0.43124668451779324
-3.0946243544523724,-0.4309991608176334
-3.0938380945098496,-0.4308899226005767
-3.092121940876544,-0.4306514905592645
-3.091620913088821,-0.43058188077849496
-3.0914625099003947,-0.4305598731943058
-3.0914268762280948,-0.43055492246666643
-3.0909334103527275,-0.4304863632924186
-3.09050504145565,-0.4304268482999478
-3.09036959310871,-0.4304080299230691
-3.089511137918382,-0.43028876133345534
-3.0890363557871394,-0.4302227979659958
-3.08877512607671,-0.430186504284649
-3.087632891951772,-0.4300278091604015
-3.0871372361665403,-0.4299589457332773
-3.0869792612684583,-0.42993699765316673
-3.0853162240358594,-0.42970594528439776
-3.085196870167299,-0.42968936297733207
-3.0844989716895164,-0.42959240116956793
-3.0841977126641673,-0.42955054605649184
-3.0837295965264477,-0.4294855088219917
-3.0836450162962703,-0.4294737577546369
-3.08339819218183,-0.4294394654999642
-3.083112698182922,-0.42939980068463474
-3.081758900057763,-0.42921171213344567
-3.0773809519440416,-0.428603466411585
-3.0766198199208588,-0.4284977193161774
-3.075545121707825,-0.4283484072244418
-3.075474270311385,-0.42833856355849304
-3.0754208926936886,-0.42833114759403584
-3.0751588176686284,-0.42829473646976973
-3.0745904345212645,-0.42821576874133127
-3.0716659749092745,-0.4278094619506748
-3.0716626489455354,-0.4278089998613209
-3.070041170559054,-0.4275837214281262
-3.0687922068905,-0.4274101979444248
-3.0673745724160817,-0.4272132403556575
-3.0670949094672997,-0.4271743856712845
-3.0639463912517435,-0.42673694952881164
-3.0634970194327864,-0.42667451651697497
-3.0630967170575403,-0.42661890091786986
-3.0625636654605284,-0.42654484194206865
-3.061548558963977,-0.426403809164219
-3.061232249541543,-0.42635986303969164
-3.0600092433987993,-0.4261899459381616
-3.0597780286142604,-0.4261578223496963
-3.059711511097026,-0.426148580806801
-3.0592876643810825,-0.4260896940989185
-3.0578171434084007,-0.4258853887788676
-3.057298502392069,-0.4258133319222831
-3.056170796345211,-0.4256566552416326
-3.0558653981012873,-0.42561422505047813
-3.055822093457669,-0.425608208564322
-3.054754118428798,-0.4254598305512685
-3.0544469526285645,-0.4254171547864949
-3.054352242995466,-0.42540399640095544
-3.0523308805294933,-0.4251231604841469
-3.0493480942196323,-0.4247087501336653
-3.045998710413482,-0.4242434069367977
-3.0459430928344737,-0.42423567976561755
-3.044924740084903,-0.4240941959729409
-3.0445759802280357,-0.4240457413806555
-3.042890046351104,-0.4238115078901377
-3.0417453322088033,-0.4236524682072264
-3.0409235676849664,-0.42353829719765385
-3.0402135636659073,-0.4234396535189535
-3.03971778325692,-0.4233707727773559
-3.0393846952369183,-0.42332449553561924
-3.0379286638033034,-0.4231222033047875
-3.037727413128792,-0.4230942427491542
-3.0373009224543654,-0.42303498870561695
-3.0368552295728692,-0.4229730668231754
-3.036721190161561,-0.4229544441953207
-3.0361578832874523,-0.42287618173369
-3.0360026687247728,-0.4228546171579418
-3.0358808045482957,-0.4228376860838254
-3.034271201035728,-0.42261405747403413
-3.0339647974030703,-0.42257148760022883
-3.0338389111809785,-0.42255399772733876
-3.031012303874034,-0.4221612859461187
-3.030589778142464,-0.42210258276784257
-3.0305162723234558,-0.4220923703124222
-3.0295206258592637,-0.4219540411941688
-3.029438687374014,-0.42194265715493084
-3.029184962271833,-0.42190740611861843
-3.028834388555415,-0.42185869951962074
-3.027941464109163,-0.4217346419793599
-3.027327887544273,-0.4216493953499038
-3.026626397649778,-0.4215519345723496
-3.0261631096147856,-0.4214875681253398
-3.0261521005464034,-0.4214860385917386
-3.025843103063342,-0.42144310834399323
-3.0250465897395875,-0.4213324455839527
-3.0248195515435596,-0.42130090226552
-3.023756494659445,-0.4211532075498538
-3.023519746258023,-0.42112031515401427
-3.0233417545582735,-0.4210955860601357
-3.0227673321789004,-0.42101577927720474
-3.022465324475909,-0.42097382014737006
-3.0224429474528747,-0.4209707112186721
-3.0207677086732136,-0.4207379636405017
-3.0201219326951843,-0.4206482434186734
-3.019750202442446,-0.4205965974580451
-3.018633463215869,-0.4204414444412994
-3.0184590208105697,-0.42041720846499764
-3.0183758499043623,-0.42040565320062057
-3.0182593063441794,-0.42038946134086097
-3.018138677286966,-0.4203727018667704
-3.017640608238245,-0.4203035031553635
-3.01664012143076,-0.42016450154898916
-3.0164268841945763,-0.4201348756527288
-3.0161305442511974,-0.4200937039672509
-3.016111186939987,-0.42009101457911197
-3.015575764028237,-0.4200166261471345
-3.0151592381055523,-0.41995875654613973
-3.015000040841771,-0.41993663863790703
-3.014448902424741,-0.4198600667883547
-3.014224356697257,-0.41982886975847755
-3.0140481926626186,-0.4198043945893731
-3.01401797871833,-0.41980019684607484
-3.0138942293839213,-0.41978300385947886
-3.012270750417798,-0.41955744747780777
-3.0118726185886437,-0.41950213344129333
-3.0106036963233573,-0.419325837030467
-3.010262983025358,-0.41927850037856834
-3.0102567712273,-0.41927763734878915
-3.0099722526095847,-0.41923810804704337
-3.009771389352203,-0.41921020131681097
-3.009254828534121,-0.41913843347043245
-3.008733946320556,-0.41906606523541323
-3.007741441517012,-0.4189281726005533
-3.0076742325109618,-0.4189188349863699
-3.007138356305037,-0.41884438357643217
-3.0070227179796802,-0.4188283174845429
-3.0047022722973935,-0.41850592874845055
-3.0042454450414313,-0.4184424599231356
-3.0014205328346235,-0.4180499836489109
-3.0011756670122716,-0.4180159634675366
-2.9997503913366184,-0.4178179442563287
-2.998578567973663,-0.41765513818170674
-2.99776686058625,-0.4175423644500473
-2.9956559122999202,-0.41724908201935657
-2.995516076835894,-0.4172296541228743
-2.9953607707459033,-0.41720807683087313
-2.994479987455782,-0.41708570610966167
-2.9938428396892567,-0.41699718463953117
-2.993662656528057,-0.4169721510772082
-2.9935283735712126,-0.41695349461260484
-2.993395260730632,-0.41693500071690176
-2.9930940659244354,-0.4168931545260479
-2.9915004189063463,-0.4166717428154179
-2.9898970517260812,-0.4164489806440455
-2.9882614244087007,-0.4162217364436776
-2.9878843864135876,-0.41616935305731717
-2.9878490026348663,-0.4161644370483853
-2.98711733990454,-0.41606278423889426
-2.985319591235487,-0.41581301587514763
-2.9852019609040834,-0.4157966730259454
-2.9843936328208898,-0.4156843687944445
-2.984321081974975,-0.4156742890172296
-2.9829482521944573,-0.4154835563225625
-2.9824330852642733,-0.4154119821345664
-2.982379920793009,-0.4154045957833897
-2.982165562433999,-0.41537481412508176
-2.981512306892893,-0.4152840547378441
-2.9799384539304374,-0.4150653930939907
-2.9785094920005664,-0.4148668617368416
-2.9780751801889114,-0.41480652107164157
-2.976708016829744,-0.4146165756354014
-2.975131799479457,-0.41439758549775446
-2.97510139349819,-0.41439336107399616
-2.974952834364802,-0.4143727211634766
-2.97411779387336,-0.41425670567098877
-2.9738174368813834,-0.4142149758809924
-2.973370992386785,-0.41415294957395654
-2.9732159757665144,-0.41413141249913366
-2.9711381755451964,-0.41384273546078854
-2.971004627935839,-0.41382418116093245
-2.9703897008817925,-0.4137387469026533
-2.9701133953096757,-0.413700358671957
-2.9699235906931603,-0.4136739883626278
-2.9697339928751822,-0.4136476467846413
-2.9686326308134,-0.4134946301784829
-2.968072076894863,-0.4134167501959054
-2.968061319102339,-0.41341525557305703
-2.9673320901089455,-0.41331394089230555
-2.9647614813623164,-0.4129567960079672
-2.9638411201280555,-0.41282892656576187
-2.963779981413123,-0.41282043232123633
-2.962678825697385,-0.41266744438355357
-2.962457205315188,-0.41263665378351755
-2.9610686050027697,-0.4124437300262087
-2.9607024710381236,-0.41239286158011507
-2.9605092767986516,-0.4123660203370042
-2.9591138682057627,-0.4121721506782449
-2.9572285663378572,-0.41191021820079626
-2.9570562500202704,-0.4118862776103058
-2.9562196785289703,-0.4117700494099261
-2.9559266064932688,-0.4117293317478429
-2.955317726153587,-0.41164473758360964
-2.9547223824844817,-0.41156202412279097
-2.9546658101626084,-0.4115541643053924
-2.9541265923543754,-0.4114792486333721
-2.953196218009468,-0.4113499880299298
-2.9527728171921512,-0.41129116327251475
-2.9525453239835637,-0.4112595567373798
-2.9513543079834283,-0.41109408415343585
-2.9513418165298115,-0.4110923486661653
-2.951155859790277,-0.4110665129576703
-2.9507072127992897,-0.4110041806490624
-2.9505605786215994,-0.41098380818028435
-2.9498521811012477,-0.4108853876988308
-2.9497813414846754,-0.41087554566950585
-2.9496280170832057,-0.4108542437013627
-2.9494852986981734,-0.4108344152692133
-2.9494573571649365,-0.41083053324100915
-2.9493351791796827,-0.4108135585681933
-2.948840697733744,-0.4107448582966916
-2.948728550505507,-0.410729277236793
-2.9472832944460294,-0.41052848207149273
-2.947275827380249,-0.4105274446423828
-2.9471781357224702,-0.4105138719523092
-2.946054314372333,-0.4103577349880052
-2.9453721754689663,-0.410262962720516
-2.94460278435289,-0.4101560681565252
-2.943719017659314,-0.4100332829392208
-2.9430215965445146,-0.409936387453392
-2.9411492128920416,-0.40967624975492806
-2.9411052814210223,-0.4096701461811514
-2.9405156247053874,-0.40958822283136853
-2.94047607382518,-0.4095827278704743
-2.9403032792952266,-0.40955872084004025
-2.9377768853472643,-0.40920771889331403
-2.9375587281206963,-0.409177409443246
-2.9373657081555766,-0.4091505924127633
-2.937206598854599,-0.40912848672555224
-2.937102590136742,-0.409114036381229
-2.936619612671338,-0.40904693440344025
-2.935178698965974,-0.40884674253864617
-2.9346695437271073,-0.4087760035788049
-2.933949907858033,-0.4086760217089216
-2.933137499689365,-0.4085631506149386
-2.932620200390875,-0.4084912801685434
-2.931681855422788,-0.4083609121747611
-2.9308212087676138,-0.40824133911623117
-2.9306176371476718,-0.4082130561024298
-2.9305942334135473,-0.4082098045286818
-2.9305695012503103,-0.4082063683910004
-2.9304318306254626,-0.4081872412642244
-2.930000895597143,-0.40812736974894676
-2.9292884958797014,-0.4080283932263538
-2.9287805665343436,-0.4079578245847675
-2.928561808043266,-0.40792743159863265
-2.9283490963690677,-0.4078978787207867
-2.9272645169602267,-0.40774719379526697
-2.9268596550441583,-0.40769094472104395
-2.926859417242557,-0.4076909116823229
-2.9264323444689295,-0.4076315767654316
-2.9261519596464876,-0.4075926217882836
-2.9260421801174905,-0.4075773696822454
-2.9249630955024304,-0.40742744817025234
-2.924577172180317,-0.407373830310117
-2.924512377987107,-0.407364828195474
-2.924453798065841,-0.40735668945431674
-2.9241959957219277,-0.40732087195061467
-2.923885066905485,-0.40727767337505094
-2.923709826716089,-0.40725332655943575
-2.92337375939005,-0.40720663539087665
-2.9232238791256724,-0.4071858119303808
-2.922634375173641,-0.4071039098046523
-2.9219308285269574,-0.4070061632743464
-2.9209504623108877,-0.40686995710166196
-2.920521974194842,-0.4068104255456266
-2.920158460429735,-0.40675992113426285
-2.9198984915077317,-0.40672380261926055
-2.9198964498654734,-0.4067235189657916
-2.9180990813724743,-0.40647380342141437
-2.9180705047285254,-0.4064698331547561
-2.917872349839571,-0.4064423027089077
-2.917813199595638,-0.4064340847305569
-2.917766023645538,-0.4064275303884135
-2.9176017094478066,-0.40640470156422115
-2.9173200671296686,-0.4063655718782012
-2.916040124911264,-0.40618774442151356
-2.9155630747144907,-0.40612146594270043
-2.9149103534660896,-0.4060307807868706
-2.914308110603669,-0.40594710879371926
-2.9142526350926725,-0.40593940136061235
-2.9136254498204845,-0.40585226401939395
-2.9132821402093074,-0.40580456665139225
-2.9131211312623804,-0.4057821970388236
-2.9124792886157747,-0.4056930232903542
-2.911955900432107,-0.40562030689095446
-2.9116400522853656,-0.40557642485329154
-2.910463539541448,-0.40541296726434484
-2.91022435622341,-0.40537973657586757
-2.9099958242321207,-0.4053479857185254
-2.9080399280204174,-0.40507624528847247
-2.907933468906922,-0.4050614545009494
-2.90726215569745,-0.4049681862901157
-2.9070457649852943,-0.4049381222689122
-2.9069909427719107,-0.4049305056010379
-2.9068795514530197,-0.4049150295626271
-2.906863019879863,-0.4049127327655006
-2.9061884167439342,-0.40481900747211563
-2.905913923848398,-0.4047808710837771
-2.905515856496448,-0.40472556600533693
-2.9045666567023383,-0.4045936899074571
-2.9044757153110448,-0.40458105505872044
-2.9042976565820906,-0.4045563166522082
-2.9041406562446084,-0.40453450397167295
-2.903998332237689,-0.40451473033204116
-2.903488054566668,-0.40444383542824225
-2.9027300208417026,-0.40433851879171323
-2.9027220022851004,-0.4043374047417925
-2.902693874870736,-0.40433349688838494
-2.9017464305062672,-0.40420186467931807
-2.90040588401919,-0.40401561723084684
-2.899927525919942,-0.40394915703994766
-2.8997505617466897,-0.40392457070440696
-2.89952069288859,-0.4038926341108485
-2.8992781964172365,-0.4038589431128203
-2.898173019922466,-0.403705396552335
-2.89733228353683,-0.403588589706641
-2.8970178059553575,-0.40354489808705507
-2.8968720242782893,-0.40352464405957494
-2.8954708065762054,-0.40332996731819987
-2.8951010090274414,-0.403278589875812
-2.894663850815022,-0.40321785374884717
-2.894562253354497,-0.40320373841008317
-2.893435348864026,-0.40304717309284555
-2.8910523233745504,-0.40271608989555613
-2.890978555713251,-0.4027058410613462
-2.890970189776916,-0.40270467874857946
-2.890695229640711,-0.4026664774446387
-2.890097710142776,-0.4025834616872778
-2.8893925850113034,-0.40248549585181026
-2.8892334067862318,-0.402463380588701
-2.8885727076742986,-0.4023715870366005
-2.8864609876460348,-0.4020781973847375
-2.886034600480441,-0.40201895772209373
-2.885889267001676,-0.4019987659645843
-2.885506533135785,-0.4019455912282711
-2.885343225311101,-0.4019229022234838
-2.884657354926857,-0.40182761152653396
-2.8836615941051904,-0.4016892665201422
-2.8833075794330236,-0.40164008185549394
-2.8830576640140673,-0.4016053601136051
-2.8827854171472733,-0.40156753577496146
-2.8822139939079494,-0.4014881456744711
-2.882056421439544,-0.4014662535055142
-2.8820263689888383,-0.40146207819916085
-2.8808233349287247,-0.40129493589840504
-2.8803306173581755,-0.4012264806891182
-2.8802502424052387,-0.40121531387763515
-2.8799531277169526,-0.4011740345537697
-2.879531717919973,-0.401115486416719
-2.8793324106832996,-0.40108779587062465
-2.87800762190159,-0.400903737702754
-2.8774021928562337,-0.4008196230405509
-2.8769834862622705,-0.40076145047023337
-2.8769764603996935,-0.40076047433923667
-2.876849411534056,-0.4007428229356604
-2.8768377021358438,-0.40074119610245384
-2.874635547531827,-0.4004352420157505
-2.874476893770501,-0.4004131996184727
-2.874155254664615,-0.4003685130198525
-2.873855344503398,-0.4003268453098285
-2.8722535254953243,-0.4001042982321684
-2.8712753624342917,-0.3999683981525648
-2.8706272688058383,-0.39987835593035664
-2.8703568784346114,-0.3998407895220167
-2.8702681065835396,-0.3998284560961209
-2.8701412615711903,-0.39981083301469184
-2.8699180296734665,-0.3997798185204021
-2.868824988902497,-0.39962795802423084
-2.8687659648778734,-0.3996197575820301
-2.8685718999550276,-0.3995927953714197
-2.8684010463358898,-0.399569057999435
-2.868244216178714,-0.3995472689627258
-2.8681341624794943,-0.39953197876512947
-2.8677219115664805,-0.3994747031082098
-2.8661587402040136,-0.3992575255014731
-2.863190469785018,-0.39884513190137055
-2.8629190113205856,-0.3988074170985988
-2.8628658219669307,-0.3988000272904127
-2.862569653097797,-0.39875887937295934
-2.8620807387362412,-0.39869095255860526
-2.8620445674718,-0.39868592714115414
-2.860421013063683,-0.39846036027802706
-2.8595733406613784,-0.3983425897839855
-2.8574638435425297,-0.39804950896975766
-2.857157414611118,-0.3980069355810962
-2.856684205953951,-0.3979411908226402
-2.856177241028708,-0.39787075617177126
-2.855649093348765,-0.39779737851664804
-2.855352246107408,-0.397756136350247
-2.85533897203593,-0.3977542921307683
-2.8546604355493703,-0.39766002036135584
-2.854595081975168,-0.39765094052968947
-2.854151317358136,-0.39758928654868936
-2.853938060482174,-0.3975596579237966
-2.8534378948491503,-0.3974901679256043
-2.853319632121237,-0.3974737372150431
-2.8518198098259737,-0.39726536094585296
-2.851701617692645,-0.39724894004327765
-2.8499295043817425,-0.3970027333016697
-2.84939820820285,-0.39692891821308046
-2.8492738617522497,-0.39691164226676023
-2.8486464223103134,-0.39682446961272894
-2.8480345331890193,-0.3967394574265146
-2.8480256718794807,-0.3967382262895809
-2.8473475549291973,-0.39664401280801004
-2.8468296736482124,-0.39657206150447477
-2.846038091049107,-0.3964620837895961
-2.845876482505256,-0.396439630872645
-2.8458004028869275,-0.3964290608290614
-2.8452868330053924,-0.3963577085253781
-2.845058285820124,-0.396325955557076
-2.8444841598872035,-0.3962461899606283
-2.8441244908111165,-0.39619621970718244
-2.843145896491916,-0.3960602597111684
-2.8416406698956984,-0.39585113260097937
-2.8413750685921553,-0.3958142315568363
-2.8403008679730277,-0.39566498859779886
-2.840203456695263,-0.3956514548620344
-2.8399791103394967,-0.39562028553166206
-2.8395565964760183,-0.39556158400226704
-2.839374706038513,-0.3955363132412653
-2.8390224211529125,-0.3954873689027359
-2.8389511945190677,-0.39547747310356385
-2.838902850547956,-0.3954707564836217
-2.8384766598223803,-0.3954115441131699
-2.838263450985903,-0.39538192216259355
-2.8379663791486442,-0.39534064879219166
-2.8379239881198366,-0.3953347592381706
-2.8374672345300054,-0.39527130064758365
-2.8373933014597004,-0.3952610288324437
-2.837325240976705,-0.395251572919186
-2.8363611842150735,-0.39511763268379235
-2.8353488926844004,-0.3949769910003338
-2.8346558086778546,-0.3948806980861829
-2.8341468055324643,-0.39480998025729264
-2.833828203734938,-0.39476571564398777
-2.8316100092793297,-0.3944575330769879
-2.831463253984362,-0.39443714378090533
-2.830899705549471,-0.39435884775827573
-2.8303014132368185,-0.39427572463069627
-2.830132887111744,-0.3942523106267074
-2.8299837703477113,-0.3942315932423473
-2.8299464547828888,-0.3942264088426986
-2.828795745539137,-0.3940665362365287
-2.8285341578219647,-0.3940301928158833
-2.8285075224148217,-0.3940264922529655
-2.8283497535159765,-0.39400457279314727
-2.8281019307581032,-0.3939701417929754
-2.8264492456815775,-0.39374052769037127
-2.826024788166626,-0.3936815561217563
-2.8258680432202015,-0.39365977892371534
-2.825666558356547,-0.3936317858312541
-2.82496481086809,-0.3935342892651476
-2.8248522483020913,-0.39351865050072365
-2.8246926659103915,-0.39349647908513946
-2.8244314448488006,-0.3934601866054103
-2.824402273578696,-0.3934561337249784
-2.824271653107762,-0.3934379861040908
-2.8241395684915918,-0.3934196350636896
-2.8241131153850256,-0.3934159598285153
-2.824037332974889,-0.3934054310772463
-2.8235371503855395,-0.39333593872324435
-2.8230745457362723,-0.39327166722172796
-2.8210096417479544,-0.3929847819082609
-2.8207358574807766,-0.39294674397247503
-2.8199378567368845,-0.3928358745592465
-2.818562170157721,-0.39264474495819546
-2.8184770830609067,-0.3926329234698455
-2.8183662299694823,-0.39261752220951485
-2.8173190615387274,-0.3924720349397873
-2.8172178993948926,-0.39245798008130023
-2.8168099300900766,-0.3924012992852152
-2.816376170296768,-0.39234103531411696
-2.8155200032844494,-0.3922220846301633
-2.8151511761067702,-0.3921708420052847
-2.8151417180696114,-0.3921695279626123
-2.814878965368184,-0.39213302268607647
-2.8145105640959702,-0.3920818392339362
-2.8143632908470018,-0.3920613779764468
-2.814316052248746,-0.3920548149303463
-2.8137046763561755,-0.39196987404903744
-2.8134977796494263,-0.3919411290677178
-2.812990954378748,-0.3918707138196122
-2.8129292993455963,-0.39186214784094553
-2.8124404909737786,-0.39179423575216676
-2.8117978863807234,-0.39170495614345047
-2.81071333517617,-0.3915542751364644
-2.809085193285373,-0.3913280709161458
-2.8085555370641018,-0.39125448367338356
-2.8077283914074997,-0.3911395650416604
-2.807629301041635,-0.3911257980235166
-2.8065532229232444,-0.3909762942160485
-2.8060321367426013,-0.39090389764307304
-2.805709550952134,-0.39085907951780346
-2.8056010085066023,-0.3908439992846852
-2.805396619849273,-0.390815602756634
-2.8053883408549356,-0.3908144525230644
-2.8052473054299285,-0.39079485791123647
-2.8051368420109184,-0.39077951078964196
-2.8048106677435363,-0.3907341941030202
-2.804355646942149,-0.390670976255615
-2.8037703087742094,-0.39058965289881803
-2.8028090480252503,-0.39045610112457135
-2.8027905534332285,-0.3904535315974361
-2.8019447774648305,-0.39033602458249045
-2.8018677562668106,-0.3903253237214999
-2.8003239148058925,-0.3901108316947691
-2.7999218522543767,-0.3900549715473833
-2.799736388203997,-0.3900292042901497
-2.799650698853548,-0.3900172991283099
-2.799421587484417,-0.3899854677757028
-2.798941340579054,-0.38991874516546715
-2.798653694955698,-0.3898787814164065
-2.798442255539774,-0.3898494052984562
-2.7981930856977937,-0.3898147871425382
-2.7970084606937213,-0.38965020248506416
-2.7965751348565893,-0.3895899988052213
-2.7942805386534175,-0.3892712014399436
-2.7942580341146526,-0.38926807479497877
-2.793628603385722,-0.38918062548353527
-2.7933984279634188,-0.3891486462977943
-2.793031517574196,-0.38909766997995
-2.792491303540967,-0.38902261589843384
-2.792361332645673,-0.3890045585256704
-2.7919257442722456,-0.3889440405026726
-2.79099420112776,-0.38881461751326196
-2.7901017261370056,-0.38869062241763885
-2.789842049423817,-0.388654544500368
-2.788819966370856,-0.38851254244182326
-2.7872984813619426,-0.3883011564857755
-2.7867408188704275,-0.3882236782206395
-2.7844442017417212,-0.38790460008014976
-2.784328433824006,-0.38788851598347923
-2.783229632185512,-0.38773585510709924
-2.7829523264308356,-0.3876973279170668
-2.7817585143226946,-0.3875314668587308
-2.7813362464778053,-0.3874727995096756
-2.780398947962775,-0.3873425769037734
-2.77914925364089,-0.3871689519075023
-2.7786836063292246,-0.3871042576768125
-2.7784396638099134,-0.38707036577359755
-2.7781765046545734,-0.38703380402680526
-2.7780972673465563,-0.3870227952728497
-2.7776321740818117,-0.38695817801809973
-2.7768656244572782,-0.38685167823381605
-2.775932395211935,-0.38672202098771585
-2.773977360593988,-0.386450400262306
-2.7732697385645233,-0.3863520875228819
-2.7727356102312553,-0.38627787895183546
-2.772430732508861,-0.38623552107880454
-2.7721082138655007,-0.38619071228254925
-2.772090479662902,-0.3861882483993369
-2.771977686918298,-0.3861725776552852
-2.7714555089783377,-0.3861000293998513
-2.7714256898459957,-0.38609588650934507
-2.7712110465456625,-0.38606606526300724
-2.7704234211210697,-0.3859566373341025
-2.7701844766413375,-0.3859234398283797
-2.7701842037497104,-0.385923401914462
-2.7700927597178415,-0.3859106972318734
-2.769617454210133,-0.3858446611496424
-2.7692917659589598,-0.385799411987183
-2.7686488063828594,-0.38571008305926213
-2.7673395782064647,-0.385528186788099
-2.7652308596056843,-0.38523521413647893
-2.7648048652270973,-0.38517602904529424
-2.764069803527062,-0.3850739040034399
-2.7632503537702116,-0.38496005459363936
-2.7632489522713692,-0.3849598598778381
-2.7629017081635103,-0.3849116158745836
-2.7617975284456744,-0.38475820780027725
-2.7617120614768624,-0.3847463335348018
-2.761687175968886,-0.3847428760923265
-2.7606425403380137,-0.3845977407145477
-2.7585788789440033,-0.3843110280396437
-2.758049417021915,-0.38423746779163875
-2.7579885550408973,-0.38422901199485526
-2.757983692341265,-0.3842283364006795
-2.757616670085705,-0.3841773445408006
-2.757562740381005,-0.3841698518727028
-2.7570724300290887,-0.38410173110786267
-2.7552683992062947,-0.38385108993954226
-2.7551207306972882,-0.38383057376700597
-2.754257182366187,-0.383710597567113
-2.752717420006128,-0.38349667226606793
-2.752610026132187,-0.38348175160856307
-2.752357905559034,-0.3834467234958422
-2.752053231890037,-0.3834043939727604
-2.751908716410171,-0.3833843158630873
-2.7518524836135665,-0.3833765032172827
-2.75134543270535,-0.3833060566204576
-2.750606556190851,-0.3832034015712763
-2.7505957835201533,-0.3832019048813443
-2.750325300897653,-0.3831643256561686
-2.7497870485716045,-0.38308954412242346
-2.748278488821738,-0.3828799539239578
-2.7471848734403927,-0.38272801359488456
-2.747058094899844,-0.3827103997486468
-2.746325297066264,-0.38260858923475155
-2.745649745452029,-0.38251473216550796
-2.745373039565243,-0.3824762883175044
-2.744849500540199,-0.3824035509611133
-2.744656849575451,-0.3823767851973179
-2.744571819555177,-0.3823649716388384
-2.7436755381702262,-0.38224044770574966
-2.7427801307540687,-0.3821160451966168
-2.7427618971826075,-0.3821135119341048
-2.742652595095461,-0.3820983261609594
-2.7416955135436414,-0.38196535501917245
-2.7401457266464404,-0.38175003696936194
-2.7397108959179195,-0.3816896242089807
-2.739521744238718,-0.3816633446148263
-2.739398990515391,-0.38164628995243266
-2.738894895260468,-0.3815762539962604
-2.738204107596011,-0.3814802801220376
-2.737744254084844,-0.3814163908470659
-2.737429347768107,-0.3813726396615866
-2.7366126615329245,-0.3812591741988291
-2.7366125421765157,-0.3812591576161689
-2.735452920716192,-0.38109804680034887
-2.7353175160184477,-0.38107923448782643
-2.73518793358985,-0.3810612310862841
-2.735010734288952,-0.3810366120835255
-2.7347410312612714,-0.3809991411705548
-2.734678141644513,-0.3809904036662836
-2.7336122526055067,-0.3808423154680883
-2.7332012042272806,-0.38078520688410356
-2.7328343488467355,-0.38073423820883323
-2.7324624098629378,-0.38068256324836974
-2.732207666992099,-0.38064717080941496
-2.732012687229871,-0.380620081496535
-2.7317398789265095,-0.380582179155279
-2.7314915596270777,-0.3805476791686161
-2.730357174496369,-0.3803900745363149
-2.7302108440492763,-0.38036974426603537
-2.7298129449281334,-0.3803144625605696
-2.7296374913460304,-0.38029008609745774
-2.729084236448404,-0.3802132201968489
-2.728651843436453,-0.38015314611811396
-2.727580350377796,-0.38000427933120784
-2.7273970596622505,-0.3799788140240157
-2.7272282148260474,-0.37995535574022354
-2.7271727727422865,-0.37994765295129534
-2.7260294190187455,-0.3797888022767664
-2.724604086438549,-0.3795907751595843
-2.724514202429624,-0.37957828721718023
-2.7242708901180235,-0.3795444828712258
-2.723764481913144,-0.37947412556772836
-2.7237554543146736,-0.37947287132761276
-2.7227497023035294,-0.3793331382055792
-2.720873613110012,-0.3790724856815785
-2.7193379599831924,-0.3788591312926302
-2.719327260410103,-0.37885764475843936
-2.718353304146003,-0.3787223291458442
-2.7179091013561387,-0.37866061428775183
-2.717434520786347,-0.3785946789240253
-2.716579648530353,-0.37847590812571097
-2.716559596855175,-0.37847312226682767
-2.716195295803612,-0.3784225084746295
-2.7159690595138737,-0.3783910765682229
-2.7150912781364496,-0.378269122914667
-2.7146644635924053,-0.37820982387463736
-2.7140848814801326,-0.37812930022951885
-2.7136599609323877,-0.37807026432991875
-2.7131487672106194,-0.37799924215555053
-2.7129832179420394,-0.37797624173805916
-2.711873573549551,-0.37782207443479604
-2.7115603365205274,-0.3777785551700898
-2.7107037335078163,-0.37765954391086964
-2.710337046334469,-0.37760859860529356
-2.708587675562706,-0.3773655515749877
-2.7085212961848857,-0.3773563292243499
-2.7083984394640077,-0.37733926025209746
-2.708102873006838,-0.37729819603013115
-2.7077664029374087,-0.37725144890683304
-2.7074041123910804,-0.3772011144421134
-2.7068416816087204,-0.37712297369938935
-2.7066360991691867,-0.3770944113144347
-2.7058459212029535,-0.37698462875078037
-2.7034099837470267,-0.37664619428381085
-2.7032172429720296,-0.37661941604232085
-2.7027671765058687,-0.37655688652038855
-2.7022879465307668,-0.37649030519631366
-2.702015690104178,-0.37645247952948985
-2.701651997350886,-0.37640195025058665
-2.70093171668657,-0.37630187879673915
-2.700869601355392,-0.37629324886703935
-2.700345041007967,-0.37622036961427274
-2.700019006791774,-0.37617507238551884
-2.6995287752657267,-0.37610696257226983
-2.6992928149920203,-0.3760741796741443
-2.6986817166064903,-0.37598927734799076
-2.6978579052176155,-0.37587482195932764
-2.6961781674505665,-0.37564144931896826
-2.6959850171927084,-0.3756146141863978
-2.695981023656932,-0.375614059348609
-2.6952411639711804,-0.37551126770354004
-2.6942482794228626,-0.37537332230923026
-2.693712702878302,-0.3752989125324362
-2.693673767935049,-0.37529350314610954
-2.6934063532996704,-0.3752563501685715
-2.6933791551107436,-0.3752525714161452
-2.6930687679074325,-0.3752094480890453
-2.6926350728776582,-0.3751491931158023
-2.6924944994261972,-0.375129662687794
-2.6921437200097014,-0.37508092751006744
-2.691867709816844,-0.3750425803175849
-2.6915617486824517,-0.3750000719218215
-2.691371910642544,-0.37497369696884786
-2.6913059857302537,-0.37496453775891136
-2.690552146857988,-0.37485980392993085
-2.6898651566520657,-0.37476435765170696
-2.6893609650115087,-0.37469430830429573
-2.688444346316294,-0.3745669588279063
-2.687956153313267,-0.3744991322347581
-2.6875893033783935,-0.3744481643160767
-2.6866497036931913,-0.3743176219994616
-2.686305176280739,-0.37426975543749136
-2.6861190571145808,-0.37424389716242024
-2.685414420002351,-0.37414599912940466
-2.6851152766817137,-0.37410443795958837
-2.6846945247885907,-0.3740459812277339
-2.6838997714760477,-0.37393556299304226
-2.68366970162095,-0.3739035984741723
-2.6822244222974496,-0.37370280007670903
-2.6821532633343024,-0.37369291367929586
-2.681805644223764,-0.37364461757542966
-2.6816050982304365,-0.37361675492395235
-2.6812574735989254,-0.3735684580530353
-2.680656322736482,-0.37348493777577857
-2.680274883611228,-0.3734319429229252
-2.6796319683899927,-0.3733426201574019
-2.679568922026713,-0.3733338608757137
-2.6795174392045626,-0.37332670816272845
-2.6793853628889375,-0.3733083582755549
-2.6785361080203907,-0.3731903679231924
-2.676619358237729,-0.3729240662620266
-2.6765095878407896,-0.3729088154247414
-2.676011500637834,-0.3728396141910948
-2.6753580980500997,-0.3727488343740849
-2.6747495357813738,-0.37266428440071314
-2.6741032934929465,-0.37257449939252874
-2.6738048743417053,-0.37253303883444333
-2.6733842599232975,-0.37247460120249715
-2.6731266580550384,-0.3724388115516739
-2.672527966073393,-0.37235563289649376
-2.672098150015772,-0.3722959168442602
-2.6717657721990453,-0.37224973827388574
-2.671126972221516,-0.37216098725551716
-2.670310850277002,-0.3720476001919037
-2.6702725342786535,-0.3720422767980514
-2.670244296050067,-0.37203835354878395
-2.6695740446027365,-0.3719452328527819
-2.6685802238052845,-0.3718071573816609
-2.668067239420088,-0.37173588642330957
-2.6679785990856875,-0.3717235712695474
-2.667797672125582,-0.3716984343682879
-2.667704205696123,-0.3716854487059686
-2.667177282004918,-0.37161224110446284
-2.667055536448427,-0.37159532651069255
-2.666930402061969,-0.37157794109331355
-2.665611869200746,-0.3713947520853264
-2.665547292525869,-0.37138578019136936
-2.665428442048865,-0.3713692678224922
-2.664764760502525,-0.37127705990893245
-2.6641693051516735,-0.3711943309317252
-2.6639844754959086,-0.37116865181345526
-2.663901905306002,-0.37115718000897985
-2.663894298363073,-0.37115612314618196
-2.663814019781866,-0.3711449697240062
-2.6623596705372776,-0.37094291120637785
-2.6622863736600015,-0.37093272778006237
-2.6615768485420768,-0.37083415063699904
-2.661257888667271,-0.37078983627459533
-2.6610762318299233,-0.3707645979685914
-2.660540111824512,-0.37069011268662255
-2.6599986516798637,-0.3706148854778971
-2.659965770324567,-0.3706103171405919
-2.6592213579869877,-0.37050689297752026
-2.6588154424175396,-0.3704504975150478
-2.6583618549558556,-0.3703874788072212
-2.658070072443397,-0.3703469403037245
-2.6578031334432395,-0.3703098534080769
-2.657678399189845,-0.37029252358277387
-2.655817357818444,-0.3700339617124739
-2.6554601533348556,-0.369984333874654
-2.655178354421517,-0.36994518243224045
-2.654851645938721,-0.3698997915249493
-2.6546543291068945,-0.3698723775137064
-2.65427895701312,-0.3698202255776366
-2.654198353545755,-0.36980902701773627
-2.6530235062749346,-0.36964580081958276
-2.652653684365848,-0.3695944199927184
-2.6524545324627686,-0.3695667510277371
-2.652365749371577,-0.3695544160402069
-2.6522760996053822,-0.36954196064207584
-2.6521180808802916,-0.36952000647290484
-2.651721190519347,-0.3694648649185005
-2.6512197548149543,-0.3693951984642476
-2.6511630578292364,-0.3693873213268058
-2.6508625841004836,-0.3693455753181054
-2.650449662844982,-0.36928820652784117
-2.650188581203232,-0.3692519334182643
-2.6501186576793154,-0.369242218665331
-2.649921312637414,-0.3692148007347505
-2.6491368301490756,-0.3691058094664641
-2.6472493659986047,-0.36884357657450934
-2.646888028660404,-0.3687933745427812
-2.6455590480981113,-0.3686087339941834
-2.64491726674806,-0.3685195687618877
-2.6448703148217496,-0.36851304554425923
-2.644704385121018,-0.36848999227181806
-2.6444335750815413,-0.36845236755730115
-2.6443582822027123,-0.3684419068185611
-2.643773992808928,-0.3683607291721237
-2.6435740943257158,-0.3683329564817989
-2.641773224713374,-0.3680827545130039
-2.641502640590114,-0.3680451611859243
-2.640594885872783,-0.3679190432171926
-2.6405555263500102,-0.36791357484234694
-2.6400197899592515,-0.3678391428574856
-2.63972528924217,-0.367798226703023
-2.639107381937099,-0.36771237838663073
-2.638943079877078,-0.36768955124877895
-2.638910311645434,-0.36768499862819204
-2.6387751244855306,-0.36766621653906584
-2.6387228162615237,-0.36765894914972197
-2.63793810606684,-0.36754992624528837
-2.6378673654653917,-0.36754009797252796
-2.637676210329129,-0.36751354003012593
-2.6364502176611464,-0.367343207998781
-2.63555887374534,-0.36721937004789335
-2.635471109849144,-0.36720717666117225
-2.635009155860588,-0.3671429955585333
-2.634749401646218,-0.3671069068737151
-2.6343544450270695,-0.36705203398173997
-2.634306559924583,-0.36704538111423857
-2.6339304403944106,-0.36699312533386097
-2.633753612333747,-0.3669685579089828
-2.6336505304501174,-0.36695423633342045
-2.6333461835400493,-0.36691195220825457
-2.6312749339899595,-0.36662418528068424
-2.631219067795689,-0.36661642356839824
-2.6310763786356586,-0.3665965991965944
-2.630979716281854,-0.3665831695118107
-2.630776273667259,-0.36655490442123473
-2.629027349757951,-0.3663119194753048
-2.6282485515146083,-0.36620371794175505
-2.627870351462238,-0.3661511731061641
-2.6269144442391608,-0.36601836511853403
-2.6266979233651657,-0.365988283013429
-2.6256979179533304,-0.3658493482892645
-2.6256318577824604,-0.36584017028731636
-2.6253636995046943,-0.3658029139925874
-2.6251883786088848,-0.3657785559641096
-2.624292126573346,-0.36565403610865094
-2.624256410013093,-0.36564907386505896
-2.6236507352402447,-0.36556492506295934
-2.6232504757726813,-0.3655093154251894
-2.62126015115586,-0.36523279172005435
-2.6210783664679536,-0.3652075356512643
-2.620950604989551,-0.36518978524156603
-2.620670974876397,-0.36515093511917723
-2.620148462450161,-0.3650783403922364
-2.61918644114664,-0.36494468295112337
-2.6188345174896828,-0.3648957887995242
-2.6187460584913214,-0.36488349883949817
-2.6187212311993178,-0.3648800494851993
-2.617636073112448,-0.36472928416164235
-2.617098634407963,-0.364654615667573
-2.6169533755913212,-0.36463443428316883
-2.616578526479718,-0.3645823550070893
-2.61643007398811,-0.3645617299127359
-2.6163325552162453,-0.36454818124238914
-2.6162211656146885,-0.3645327054425745
-2.6158898092355276,-0.3644866687845786
-2.6155697617101996,-0.36444220331056726
-2.6148464335438946,-0.3643417084551629
-2.614546036093471,-0.36429997304411377
-2.613244069533218,-0.3641190856581263
-2.612240947332083,-0.3639797179060437
-2.6115298735614436,-0.36388092560250707
-2.6113408553332715,-0.36385466454923443
-2.6107047900707525,-0.36376629347568545
-2.610595879399948,-0.36375116208356717
-2.6097219210657276,-0.3636297395805897
-2.6090625078728573,-0.36353812468633256
-2.608933030551657,-0.36352013588777843
-2.6088048815435774,-0.3635023316370426
-2.6087140102301487,-0.363489706524502
-2.6083527033677463,-0.3634395087268976
-2.606619470469671,-0.3631987037954873
-2.6057896180238447,-0.363083409098785
-2.605753601682602,-0.36307840520542944
-2.605751013558173,-0.36307804562702173
-2.6051491181297135,-0.36299442190425074
-2.6044808104926,-0.3629015712695237
-2.6038956093849794,-0.36282026695506114
-2.6036328427647586,-0.3627837597447323
-2.602913564016647,-0.36268382749108286
-2.6018025840785333,-0.3625294746351609
-2.6012098073498016,-0.3624471178095652
-2.601179732944378,-0.3624429394529558
-2.6009174598263454,-0.3624065008068461
-2.600445980838134,-0.3623409963581688
-2.6001213085107575,-0.36229588834203824
-2.5986091255755475,-0.3620857947600404
-2.5974153676138676,-0.36191994122448723
-2.5958769039846747,-0.3617061963612803
-2.5938427050904136,-0.3614235770284996
-2.593686565943184,-0.3614018839965472
-2.5931641404847894,-0.361329301352394
-2.5925682655511544,-0.36124651408088393
-2.592162614033989,-0.36119015530424414
-2.5905568988761116,-0.36096706691901526
-2.5904685284240863,-0.36095478926108343
-2.5896033308034254,-0.3608345839188407
-2.5890469346469986,-0.360757281590669
-2.58872428134123,-0.3607124540852302
-2.5880735651902986,-0.3606220475055567
-2.587930544305562,-0.36060217704592185
-2.5875090748053373,-0.3605436206140619
-2.5874156236409673,-0.36053063707258226
-2.5873934714952127,-0.3605275593869781
-2.586853599781726,-0.36045255286530364
-2.5864294192726676,-0.36039361978221773
-2.585857225680177,-0.36031412265350177
-2.585558562812465,-0.360272628234919
-2.585233154006054,-0.36022741789683044
-2.5852001291014255,-0.36022282961564633
-2.585133738513548,-0.36021360570755073
-2.585130991716846,-0.3602132240841738
-2.5850705885615186,-0.3602048320338663
-2.5843793701713405,-0.3601087983172081
-2.584191454048176,-0.360082690383762
-2.5840768294267944,-0.3600667651297927
-2.583235196439089,-0.3599498337156118
-2.5823706683636782,-0.3598297213959501
-2.582314980171555,-0.3598219844142095
-2.582068732005057,-0.3597877721782722
-2.5817344889411333,-0.3597413344616951
-2.5816416435610843,-0.3597284350842374
-2.5812240327126803,-0.359670414750203
-2.580716586571139,-0.35959991324204216
-2.580558273763789,-0.35957791821485474
-2.5804800386044167,-0.35956704869339146
-2.580316983407347,-0.35954439478716205
-2.579413521455083,-0.35941887322933325
-2.5787603502884577,-0.3593281255645775
-2.578065590464305,-0.35923159982242964
-2.576791158125619,-0.3590545378752182
-2.5767895309034725,-0.35905431179878144
-2.576596932966057,-0.3590275534022841
-2.5765211481534256,-0.359017024317227
-2.576133110647394,-0.35896311272512155
-2.576029772396391,-0.3589487555314216
-2.5754830149084977,-0.35887279234175656
-2.574256691183022,-0.35870241431527916
-2.574139295437204,-0.35868610405798435
-2.5737438189659163,-0.3586311589408862
-2.572866403494159,-0.35850925612405804
-2.572737722670776,-0.3584913779861096
-2.571929162217282,-0.35837904147047994
-2.5715477462385175,-0.35832604983346017
-2.5710293757902662,-0.35825403056797384
-2.57079728266647,-0.3582217849483467
-2.5703773066826066,-0.35816343601664785
-2.5703545374170678,-0.35816027259214056
-2.5693590163098152,-0.35802196089022476
-2.568892642607027,-0.35795716573913083
-2.5687070652771573,-0.35793138274352765
-2.568385846670795,-0.35788675456657665
-2.5683012699796333,-0.35787500399091143
-2.56785384826581,-0.3578128419149272
-2.5670836513539315,-0.35770583539852463
-2.566980256704548,-0.35769147036917365
-2.5656029435545826,-0.35750011478218
-2.5653912598497324,-0.357470704724199
-2.5643684806531675,-0.35732860594765814
-2.563811461863909,-0.3572512171146337
-2.563547449837888,-0.3572145368751299
-2.5633220479329055,-0.35718322089311194
-2.560059307262615,-0.35672991537127974
-2.559938329508937,-0.356713107451404
-2.5580894432351506,-0.35645623433709916
-2.5575264908838657,-0.3563780211307325
-2.557033974534869,-0.3563095938779553
-2.5569518981152446,-0.3562981906749464
-2.556898761426353,-0.35629080818368525
-2.5560383514305576,-0.35617126800518284
-2.555600827891967,-0.35611048112200183
-2.5553995673807233,-0.35608251919971234
-2.5553394609572955,-0.35607416837554606
-2.5545734672074554,-0.3559677458211417
-2.5544629502209864,-0.35595239125720757
-2.5531627413712688,-0.3557717480769268
-2.5529096172591443,-0.3557365805385504
-2.5527766584946194,-0.3557181080492461
-2.5516829673774297,-0.35556615719789114
-2.5512285957423626,-0.3555030295417414
-2.5504865367496734,-0.35539993233822337
-2.550361572048779,-0.3553825704959339
-2.5492437471672367,-0.35522726664483145
-2.5488100380469882,-0.3551670097139427
-2.548089355651287,-0.3550668824459581
-2.547803473631166,-0.35502716372130005
-2.547414954868346,-0.3549731852662776
-2.5472973034693274,-0.35495683949006784
-2.5472443773441915,-0.35494948625326567
-2.546735620171581,-0.3548788025983506
-2.5462850498745953,-0.35481620307720035
-2.5460418221554653,-0.3547824104840139
-2.5455606486907802,-0.35471555914321107
-2.5452297616866697,-0.35466958769735507
-2.5451051130209925,-0.35465226976309366
-2.544413160274736,-0.35455613401942854
-2.543493399542694,-0.3544283480073818
-2.5427649659532365,-0.35432714383525876
-2.5421317047724576,-0.3542391623439245
-2.541693215951489,-0.3541782413502284
-2.5416268062059055,-0.3541690147804765
-2.541590355509264,-0.3541639505403998
-2.541211708219701,-0.3541113435683691
-2.541197209936268,-0.35410932926426064
-2.5411493671629395,-0.35410268227771724
-2.5399834071525587,-0.35394069082195934
-2.539352777258937,-0.353853074905802
-2.539347540977914,-0.35385234740847965
-2.5391718254399027,-0.3538279345507928
-2.5388617645901657,-0.35378485656529146
-2.5388607999766006,-0.35378472254769716
-2.538847048736025,-0.35378281203322026
-2.5387768888570568,-0.35377306444254075
-2.537165668084587,-0.3535492111404069
-2.5368248970518783,-0.3535018664671957
-2.535818442975189,-0.3533620358044072
-2.534302199261746,-0.353151378042359
-2.534023731369405,-0.35311268939192453
-2.5336953290977773,-0.35306706315982267
-2.533572648979316,-0.35305001872364544
-2.533072486827975,-0.3529805292091771
-2.5326514524787496,-0.35292203323457433
-2.5324561049368572,-0.3528948928246047
-2.5323066775842085,-0.3528741322889344
-2.5322016787046526,-0.3528595443775131
-2.5316808807758493,-0.352787187852511
-2.5313713532811346,-0.35274418396814144
-2.530681697235925,-0.35264836731427585
-2.530288459131846,-0.3525937331824257
-2.5295698591711258,-0.3524938952354048
-2.5290377324283533,-0.35241996475327675
-2.528620750032318,-0.35236203173262615
-2.5283413675621773,-0.352323216016265
-2.528305125899869,-0.35231818081815863
-2.5282038639481383,-0.3523041120929643
-2.527667030544589,-0.35222952769575827
-2.5276577055143505,-0.35222823213226573
-2.5276350827751375,-0.35222508906524297
-2.527500707032899,-0.3522064197095962
-2.527022234052306,-0.35213994355777534
-2.52672741013809,-0.35209898250025096
-2.5258813910984346,-0.35198144171445017
-2.525730729855501,-0.3519605097495012
-2.5254507295417055,-0.35192160819366686
-2.52542779949691,-0.35191842243145877
-2.525065875219412,-0.35186813885392276
-2.5239045247348986,-0.3517067878179038
-2.5232739733529104,-0.35161918280967974
-2.5219335417990596,-0.3514329513293382
-2.5213022008751387,-0.351345236626917
-2.520951627684592,-0.35129653010098066
-2.519977235373217,-0.3511611539066054
-2.5199541126991822,-0.35115794138165213
-2.51988207327165,-0.35114793265782446
-2.5198216524892114,-0.35113953815851223
-2.5191864844147447,-0.35105129173486327
-2.5190036156630584,-0.35102588505278615
-2.5178306133904553,-0.35086291518756385
-2.5174046681246334,-0.35080373691981076
-2.517147403023569,-0.35076799405739173
-2.516947861728288,-0.35074027099260513
-2.51657599634522,-0.35068860625778336
-2.5165506221852043,-0.3506850809249391
-2.516442784456214,-0.3506700986008892
-2.5157294229902853,-0.3505709884587587
-2.5134771142359336,-0.35025806625672296
-2.5130345210600176,-0.3501965750286904
-2.512705668017665,-0.350150886169221
-2.512665246754582,-0.3501452702825764
-2.5126517803224315,-0.3501433993376654
-2.51203586866586,-0.3500578282846463
-2.511514221114258,-0.3499853537181738
-2.5113630151628596,-0.3499643460747142
-2.5110491504187205,-0.34992073959905334
-2.5109488438295013,-0.34990680360616766
-2.51081562813622,-0.34988829542073047
-2.509817013362831,-0.3497495539034893
-2.509775428411399,-0.3497437763409999
-2.5093530163212794,-0.3496850889513819
-2.509264380788124,-0.3496727744646758
-2.508526860827575,-0.34957030788692345
-2.508236680265547,-0.3495299919487634
-2.5080336991989234,-0.3495017909828804
-2.5079836910545534,-0.3494948431527368
-2.5063467966092867,-0.34926742290525836
-2.505199586749429,-0.34910803648239336
-2.504494862988589,-0.3490101264109419
-2.5041136863661744,-0.3489571680286509
-2.5040403376225027,-0.3489469773963311
-2.503640255199326,-0.34889139235604105
-2.5031927265301506,-0.3488292154203248
-2.502476858573144,-0.34872975704143233
-2.501170036529402,-0.34854819506383633
-2.501111756800616,-0.34854009802961294
-2.501039261560511,-0.3485300259779341
-2.50075948468472,-0.34849115546522924
-2.500681641634789,-0.34848034042108816
-2.4993184532523,-0.34829094724414755
-2.499170813626289,-0.34827043508444044
-2.4988948334327308,-0.34823209205987965
-2.4988133498842284,-0.34822077122681105
-2.4986876304857173,-0.34820330453138354
-2.4972624058551114,-0.34800529241206696
-2.4970379180988758,-0.34797410343636564
-2.496460423114316,-0.34789386976419095
-2.4963310627889315,-0.3478758972203303
-2.495565559296846,-0.34776954277938316
-2.4955206308723534,-0.34776330069490025
-2.4953620426057315,-0.34774126739706196
-2.494956273791276,-0.3476848923238438
-2.494832058852458,-0.3476676346489776
-2.494807514677865,-0.3476642246293053
-2.49464589158014,-0.3476417696903265
-2.4942193111946773,-0.3475825031828789
-2.493961240136118,-0.3475466483455835
-2.493895343794499,-0.3475374931050839
-2.4935367244404176,-0.3474876686936862
-2.493416538698135,-0.34747097081109973
-2.493030844394445,-0.3474173847694037
-2.4930167968014345,-0.3474154330815058
-2.4926130757182174,-0.34735934250772255
-2.4926063886772942,-0.34735841345056434
-2.4924026494002915,-0.3473301071435016
-2.492120563881231,-0.34729091588181665
-2.4915852623490506,-0.34721654431358506
-2.491122754595427,-0.34715228627416544
-2.4891506286854344,-0.34687829098766026
-2.4889226727873406,-0.34684662016923423
-2.4888962423689276,-0.3468429480862151
-2.4885586253416516,-0.34679604161150757
-2.4885342473920646,-0.34679265468613524
-2.4878868755911876,-0.3467027127502996
-2.487482203027043,-0.3466464899834918
-2.4872727152822036,-0.3466173850189579
-2.4872348362337946,-0.34661212233229627
-2.4870012706889724,-0.3465796721433672
-2.4861444982415812,-0.34646063734391386
-2.484608666267128,-0.3462472581069535
-2.4845984878130194,-0.3462458439738925
-2.484257234874827,-0.34619843234763836
-2.4840485833332373,-0.3461694435601437
-2.4837968672742345,-0.3461344716481806
-2.4833376690876685,-0.34607067342005865
-2.4821110013910412,-0.3459002476043028
-2.4821063530833176,-0.34589960179644647
-2.4813645380127083,-0.3457965384819919
-2.480980354851379,-0.3457431623893067
-2.48024721792799,-0.34564130476431765
-2.4798586286868898,-0.34558731651746744
-2.4792804727749536,-0.34550699102002685
-2.4786954024815215,-0.34542570488009927
-2.478218560294379,-0.34535945530089046
-2.4781942660970926,-0.34535608001155826
-2.4781030435933014,-0.34534340610674535
-2.478052237577123,-0.34533634742510233
-2.477358126891045,-0.3452399118702857
-2.47671124490455,-0.3451500379863077
-2.47670318160372,-0.34514891771989376
-2.476379111512964,-0.34510389337488906
-2.4763339436811935,-0.345097618028602
-2.4759557653277664,-0.34504507620773117
-2.47578684154906,-0.34502160695614353
-2.475361452855054,-0.34496250601512385
-2.475103547042282,-0.3449266741360821
-2.4747358542398916,-0.34487558911446836
-2.4741104664843765,-0.3447887015093815
-2.4738077036869757,-0.34474663747128104
-2.4734140072311175,-0.34469193965879735
-2.4732348963648696,-0.34466705507467177
-2.4722224911243154,-0.3445263975930477
-2.471667076407665,-0.34444923162020263
-2.471477507456035,-0.34442289405273224
-2.4702860856808293,-0.34425736509284594
-2.46993286689217,-0.3442082910034547
-2.4695747492887556,-0.34415853630227006
-2.469573451422157,-0.34415835598450817
-2.4690219627539722,-0.3440817354731717
-2.467248166180624,-0.3438352948692256
-2.4666125500147147,-0.3437469861904525
-2.4660691431774007,-0.3436714885199822
-2.46583832294164,-0.3436394197477461
-2.465523183126926,-0.3435956361214654
-2.465480351744597,-0.3435896853873803
-2.464954639667943,-0.34351664612029675
-2.464781568061928,-0.34349260059458486
-2.4643700220397653,-0.34343542287095113
-2.46434806465945,-0.34343237224488327
-2.4636600143963894,-0.3433367786887102
-2.463200561746763,-0.34327294510702433
-2.462924916793698,-0.3432346486587572
-2.462765584404211,-0.3432125119769734
-2.462157802631614,-0.3431280704410291
-2.462071978301601,-0.3431161465259424
-2.4615783275323735,-0.34304756166365624
-2.4603337562126333,-0.34287464842642307
-2.4603118128821198,-0.34287159975234976
-2.459312603347794,-0.3427327756026092
-2.459034574645139,-0.3426941479705423
-2.4587804104040347,-0.342658835922915
-2.4586769303358467,-0.3426444590259902
-2.458126095149445,-0.3425679293054737
-2.4572623215523306,-0.3424479218084788
-2.456479304813456,-0.34233913418258793
-2.4561451427587793,-0.34229270772094744
-2.4557415268549687,-0.34223663176015695
-2.455301490973754,-0.3421754958272355
-2.4545453723135555,-0.34207044525826175
-2.4544098513485606,-0.3420516167922681
-2.453872422430242,-0.34197694965782977
-2.453827061652941,-0.3419706475048538
-2.45353676446089,-0.3419303153628215
-2.4535149462396784,-0.3419272840706804
-2.452719081013609,-0.3418167113534256
-2.4520535245486665,-0.34172424294997683
-2.4508763290889766,-0.34156069050861604
-2.450570323551731,-0.3415181759437878
-2.4502228115838363,-0.3414698947256745
-2.4494632977777093,-0.3413643724555902
-2.449011341437084,-0.3413015803658916
-2.4487224574839948,-0.34126144457076185
-2.4474802292566644,-0.34108885686866464
-2.44699265390098,-0.3410211160877152
-2.446982374851032,-0.3410196879784747
-2.446203331965814,-0.34091145245585747
-2.4457203453538607,-0.34084434920730233
-2.4453582774494422,-0.3407940456751076
-2.4449607737728383,-0.34073881891032237
-2.444833726013778,-0.3407211676604872
-2.444589960051975,-0.34068730028710814
-2.4442811177122565,-0.34064439159404375
-2.4427375681340697,-0.34042994011974037
-2.4425708910697685,-0.3404067830131095
-2.4422772380890154,-0.3403659846380226
-2.442261857457038,-0.3403638477457258
-2.4418551793001564,-0.340307346333952
-2.4414536973115126,-0.34025156684647245
-2.4408230560177695,-0.34016394934645083
-2.4406395120208493,-0.34013844884987127
-2.440128215852873,-0.3400674124422443
-2.4400804837500187,-0.3400607808315897
-2.439913417564332,-0.34003756966277915
-2.439471285103764,-0.33997614244375995
-2.438961409028831,-0.3399053033353006
-2.438365568581172,-0.33982252085506437
-2.4382712904363126,-0.33980942241790013
-2.437109527238113,-0.33964801404192935
-2.4364526909420765,-0.33955675716618544
-2.436267793212243,-0.3395310685901147
-2.4360634147479328,-0.3395026734782203
-2.435307980681795,-0.33939771802261864
-2.435048482107263,-0.33936166485485886
-2.434695987040354,-0.33931269131500513
-2.434685580818311,-0.33931124553724024
-2.4345475038044704,-0.33929206194922745
-2.434439817967181,-0.33927710072809486
-2.433401260788503,-0.3391328098538246
-2.4321792839964087,-0.33896303576406894
-2.4319381606372485,-0.3389295355379723
-2.4308166647427787,-0.33877372165846137
-2.4305899767403023,-0.33874222699380996
-2.4305367536555975,-0.3387348324992352
-2.43010716548563,-0.3386751481083385
-2.429521037019068,-0.3385937149522145
-2.429301003331682,-0.3385631447979913
-2.4287759899973054,-0.3384902026099481
-2.4284909839056215,-0.3384506055815074
-2.4284008791978517,-0.3384380869765361
-2.428302471193343,-0.3384244147615658
-2.4279972305829194,-0.33838200647105954
-2.427606111060402,-0.3383276666821612
-2.4274075983236867,-0.3383000865191019
-2.427322196057602,-0.33828822124303337
-2.4273021560606307,-0.33828543700664976
-2.4265074450845074,-0.3381750246539251
-2.4261862371133613,-0.3381303979545667
-2.425356483819623,-0.33801511703345793
-2.424956282290506,-0.33795951544530656
-2.424526825406858,-0.33789984929453976
-2.4243726867758633,-0.3378784342022544
-2.423111105399852,-0.3377031576903349
-2.4225560289833723,-0.33762603871887614
-2.421942885260062,-0.33754085222582025
-2.4219012249262195,-0.337535064190153
-2.421736389046602,-0.3375121628866242
-2.4216888749100423,-0.3375055615588926
-2.421364264403558,-0.33746046213178377
-2.4208481496714467,-0.33738875626190123
-2.4205845983252003,-0.3373521400264684
-2.4205426791937916,-0.3373463160350273
-2.420170186043436,-0.3372945640820026
-2.4199082950482427,-0.3372581785257367
-2.419822529575097,-0.33724626278786846
-2.4197452978231375,-0.3372355326737829
-2.419370817021209,-0.3371835045684297
-2.4191481343391756,-0.3371525663788575
-2.4191100659493676,-0.3371472773862432
-2.418801275307975,-0.33710437587583275
-2.418397724280829,-0.33704830892861515
-2.4177340881238654,-0.33695610732118164
-2.417502901645947,-0.33692398766546766
-2.417174761689873,-0.33687839787790763
-2.416945634981021,-0.33684656439409216
-2.415328854914013,-0.33662193871708485
-2.414661792990602,-0.3365292611543109
-2.413757649505243,-0.3364036449083819
-2.4137225368176627,-0.33639876656321904
-2.4134210033414463,-0.3363568733195939
-2.413340424842837,-0.3363456782287021
-2.4130889759634497,-0.3363107434370643
-2.4118965289076,-0.33614507203086547
-2.4118310859000864,-0.33613597977387394
-2.411565476335164,-0.33609907758194457
-2.4115606204091145,-0.33609840292884946
-2.4114185929055467,-0.3360786704836062
-2.4112692885272953,-0.3360579270332572
-2.4112675417109184,-0.3360576843411191
-2.4105422032304724,-0.33595691018478563
-2.4097512612635854,-0.33584702147548573
-2.408228065909597,-0.3356353978944028
-2.407060531416788,-0.33547318768954665
-2.4055255596152,-0.3352599279598193
-2.4051596610046597,-0.33520909221240647
-2.4048892971140434,-0.33517152948312284
-2.404432030012117,-0.33510799954826087
-2.403758759736529,-0.3350144594344577
-2.4028458493978953,-0.3348876251747788
-2.402014441068854,-0.33477211431304116
-2.401783545461105,-0.3347400350690753
-2.4017360146565236,-0.33473343142558915
-2.4015075716391228,-0.334701692929743
-2.4012395372541673,-0.3346644538479343
-2.4002447528843,-0.33452624450387003
-2.3998641803661607,-0.3344733700521856
-2.399849110443475,-0.33447127632796486
-2.399708237319173,-0.3344517042652186
-2.399065780792998,-0.334362445228022
-2.3981646285328315,-0.3342372445648908
-2.398087015496202,-0.3342264614774115
-2.3977016568804457,-0.33417292207417343
-2.3965608747932636,-0.33401442868729925
-2.3964974548480638,-0.33400561750239094
-2.3948785730953936,-0.33378069982984615
-2.394639796758436,-0.33374752568486693
-2.3940500493547567,-0.33366558973543403
-2.393606087481226,-0.333603908348805
-2.3932570766374184,-0.3335554188859071
-2.3929424497729688,-0.3335117065258443
-2.3924757238231003,-0.3334468624356643
-2.3922803624615168,-0.3334197201056701
-2.3914089770874924,-0.3332986550742731
-2.390742372244437,-0.33320604101548856
-2.390509389345435,-0.33317367177585766
-2.3904140800596356,-0.3331604300781867
-2.3900918958957122,-0.33311566775248813
-2.3895687036614888,-0.3330429785771232
-2.3895116715454163,-0.3330350548786899
-2.389366298730826,-0.3330148576560979
-2.389204120769421,-0.33299232562770403
-2.3885741639584004,-0.3329048032255862
-2.388499206949203,-0.3328943891505485
-2.38842920165039,-0.33288466303630404
-2.388390194600962,-0.3328792436319802
-2.387866120973446,-0.3328064320011439
-2.3876868403655975,-0.3327815238341433
-2.3852978641543454,-0.3324496138794395
-2.385245195171787,-0.3324422963684769
-2.3841516641695075,-0.3322903677625226
-2.3840853858561295,-0.33228115945316905
-2.383047525160175,-0.3321369653440102
-2.3815690525219115,-0.331931555267474
-2.3802140207247318,-0.33174329531733043
-2.379918491193402,-0.33170223622561773
-2.379634465546181,-0.33166277541422085
-2.3793316496456436,-0.3316207039982907
-2.377679329271553,-0.33139114056524455
-2.3776690358675707,-0.3313897104617411
-2.377503741389453,-0.3313667454433008
-2.377055706599894,-0.33130449819026925
-2.3768375173794163,-0.33127418429516026
-2.3765016338363156,-0.33122751866029476
-2.3764465556072243,-0.3312198664231412
-2.376027247655901,-0.33116161030385677
-2.375632297676191,-0.3311067383343249
-2.3752116019078966,-0.3310482894001159
-2.374507270631312,-0.3309504338580613
-2.374501617342385,-0.3309496484241743
-2.3728894315793885,-0.3307256610520732
-2.3728461863142565,-0.33071965281560617
-2.3724596467319,-0.3306659493359873
-2.3723464363496145,-0.33065022056787335
-2.371454571688424,-0.33052631026776097
-2.3709812989774406,-0.33046055661005397
-2.370667614959596,-0.3304169752434151
-2.368935438067905,-0.3301763170271665
-2.3688330370639257,-0.3301620900489185
-2.3687637877426715,-0.33015246896563927
-2.3686203391362075,-0.3301325390809257
-2.36859616533494,-0.3301291805186905
-2.3683973827098836,-0.3301015628589719
-2.368144609397111,-0.33006644405854285
-2.3680151238921274,-0.33004845412298317
-2.367394402492395,-0.3299622148332412
-2.3669005788150312,-0.32989360594814077
-2.366635783338954,-0.3298568168608085
-2.365715083104711,-0.3297289003199889
-2.3651320324118514,-0.3296478947711913
-2.365128147996966,-0.32964735509400134
-2.364860978525276,-0.32961023617802837
-2.36459649180315,-0.3295734899871089
-2.363543426034478,-0.32942718337679866
-2.3633446115465855,-0.3293995612902496
-2.363317312970655,-0.32939576859065806
-2.362469439585975,-0.3292779701733369
-2.362078212578764,-0.3292236154511631
-2.3609717377809636,-0.3290698885122806
-2.3603370040969343,-0.32898170244022057
-2.360091375506182,-0.32894757628440263
-2.35837867506652,-0.3287096240090004
-2.3575846318267253,-0.3285993044275362
-2.357408727503723,-0.3285748653412009
-2.3572749202225816,-0.3285562749641123
-2.356919199353844,-0.32850685325079704
-2.3564943656534516,-0.32844782941724443
-2.3563294700137254,-0.3284249198110061
-2.35495420537422,-0.3282338488317081
-2.3547680782797777,-0.32820798945512875
-2.3543945331167744,-0.32815609134180795
-2.3533640929307706,-0.3280129281935729
-2.3532471238546298,-0.3279966772151912
-2.3531733864630406,-0.3279864325864724
-2.3530350993350755,-0.32796721980646937
-2.3528826278071096,-0.3279460363314301
-2.3527775999044986,-0.32793144438772037
-2.352719587542851,-0.32792338449987546
-2.352451665241902,-0.32788616099034323
-2.3515088665006534,-0.3277551742161641
-2.3499757805567225,-0.3275421764961322
-2.3496074197933496,-0.3274909986720458
-2.349514034524441,-0.3274780242856843
-2.3491501302969544,-0.3274274656258313
-2.34907103898728,-0.3274164771560056
-2.348575457439859,-0.3273476240430355
-2.3483079416257304,-0.3273104570083317
-2.347854979669405,-0.3272475252044492
-2.3473574738575267,-0.32717840474577414
-2.347307575304307,-0.3271714721415646
-2.3472632191090383,-0.3271653095591607
-2.3467529813666643,-0.32709442020280727
-2.346562705116871,-0.3270679843675937
-2.3463006942466094,-0.3270315821566083
-2.34527086522676,-0.326888503920115
-2.3445045184330486,-0.32678203231592307
-2.3443057307474686,-0.3267544139531258
-2.3441155075697346,-0.32672798549142423
-2.343948531873672,-0.32670478689469645
-2.3436471734801896,-0.32666291797601094
-2.3431243926334178,-0.3265902859563388
-2.3428591536275287,-0.3265534352476479
-2.3428471242604343,-0.32655176395989366
-2.342719812282642,-0.3265340760011003
-2.3424753936626557,-0.3265001179513274
-2.342410982245412,-0.3264911690172697
-2.3406080798783395,-0.3262406846297852
-2.3406030681945706,-0.32623998833665135
-2.3405363350221475,-0.3262307168319241
-2.3401344291752246,-0.3261748784561299
-2.339936169396783,-0.32614733343756835
-2.3391497716611585,-0.32603807607636853
-2.3389647511899696,-0.32601237044735376
-2.338959833808322,-0.3260116872559882
-2.3389246825274257,-0.32600680354890277
-2.3386932625684476,-0.32597465145473786
-2.338207386900432,-0.3259071468181478
-2.3380884362984835,-0.3258906205385143
-2.337240516255818,-0.3257728156388139
-2.3371535885251693,-0.3257607384238939
-2.3368727710815462,-0.3257217233409667
-2.3366984046135335,-0.3256974979149338
-2.336679130409179,-0.3256948200731605
-2.3363917161862218,-0.3256548884734762
-2.336274573800658,-0.3256386134165277
-2.3357777476479384,-0.32556958738559943
-2.3356388578292986,-0.32555029087138715
-2.335194003661173,-0.32548848551472565
-2.3350358260460524,-0.3254665092703316
-2.3344567579521707,-0.3253860570398299
-2.3341381577466165,-0.3253417926477042
-2.3341043709007456,-0.32533709850699666
-2.333974906353701,-0.3253191114832066
-2.3335264209689743,-0.32525680162719844
-2.3321218797854395,-0.32506166314134377
-2.330577984545717,-0.3248471636429099
-2.330543394326732,-0.3248423578863845
-2.330145784275599,-0.3247871163425635
-2.330005209210419,-0.3247675856903549
-2.329956502645579,-0.32476081869382584
-2.3295519499406683,-0.3247046125795374
-2.329158300912949,-0.32464992135643334
-2.328727378727455,-0.32459005162546056
-2.3283379417772276,-0.32453594560301413
-2.3277078537802876,-0.32444840497471533
-2.32751030579084,-0.32442095884782624
-2.3274127981443606,-0.32440741172317344
-2.3271418056422526,-0.32436976165839837
-2.3269258259438557,-0.324339754740969
-2.3266389503303535,-0.3242998979724358
-2.3258051146711067,-0.32418404987207067
-2.3255292315498863,-0.32414572033415556
-2.3254428523007533,-0.3241337193219512
-2.325223284067738,-0.3241032138351526
-2.325159356570525,-0.324094332134027
-2.325113790221511,-0.3240880014201564
-2.3250860080284395,-0.3240841415297143
-2.3246549626667035,-0.3240242546853769
-2.324552677059217,-0.32401004373962206
-2.324337840068031,-0.3239801955830446
-2.3242489916695597,-0.32396785152211455
-2.3237240146820035,-0.3238949143838796
-2.322880347608036,-0.32377770036601405
-2.3224751905744894,-0.3237214102899476
-2.3222569983348778,-0.32369109597537843
-2.322038359149403,-0.3236607195648452
-2.3216773297057487,-0.3236105603101294
-2.3211968395922136,-0.3235438039100163
-2.3211205501785463,-0.3235332047187328
-2.3204640084130803,-0.3234419887632911
-2.320458851281068,-0.3234412722624551
-2.320187925846066,-0.3234036315155794
-2.320055516440651,-0.32338523535091857
-2.320045034236741,-0.323383779016691
-2.3200355210943227,-0.32338245731802595
-2.3190522529127846,-0.3232458479637515
-2.318572316295004,-0.3231791684630021
-2.318430393054714,-0.3231594505034704
-2.317896145969944,-0.323085225433806
-2.3169867606151664,-0.3229588809141365
-2.3165307448675923,-0.32289552483490536
-2.3158829766612268,-0.3228055278248804
-2.3151406773597043,-0.3227023972343016
-2.315073937341774,-0.32269312477850076
-2.31465069979047,-0.32263432270428144
-2.314454330546996,-0.32260704034525267
-2.314376588626164,-0.32259623935137904
-2.31408004789199,-0.3225550397692385
-2.31399281658838,-0.322542920377721
-2.313074097973162,-0.32241527915110413
-2.3126746193902017,-0.322359778004734
-2.312334639618083,-0.3223125432644999
-2.311992519685662,-0.3222650111832937
-2.3116625423381127,-0.3222191661196372
-2.3116535154823628,-0.3222179119827108
-2.311163878178262,-0.32214988472707723
-2.311030472196972,-0.32213135010417104
-2.3108463993216155,-0.3221057761284095
-2.310813023380834,-0.3221011390763783
-2.3096838312389387,-0.32194425592664105
-2.309561780964562,-0.3219272989972045
-2.309085989560005,-0.32186119540739433
-2.3089595569269727,-0.32184362961946167
-2.308730911241265,-0.32181186296610237
-2.3085745241795124,-0.32179013549040036
-2.3084570321387834,-0.3217738118544709
-2.3080914245270394,-0.3217230165366768
-2.3075799435109126,-0.3216519544473622
-2.307562678934415,-0.32164955581116966
-2.3070057379260134,-0.32157217778454855
-2.3068319507173047,-0.32154803283731187
-2.306622795089691,-0.32151897401514357
-2.3060353547003842,-0.32143735858838135
-2.3055179427941006,-0.32136547249693803
-2.305365468738008,-0.321344288670656
-2.3052862020452083,-0.3213332758341561
-2.305106658351474,-0.3213083311155885
-2.3042321742394605,-0.3211868355642134
-2.303266176285713,-0.3210526256312882
-2.3026708558343607,-0.3209699153962043
-2.302472138079274,-0.3209423067491282
-2.301852443570376,-0.3208562101294089
-2.2998082535792395,-0.320572202693852
-2.299367152198381,-0.3205109187268328
-2.2988404938374845,-0.32043774798872054
-2.2981820416068093,-0.3203462666047584
-2.29810766323035,-0.3203359329214653
-2.297798060885394,-0.32029291863785436
-2.2973768574113547,-0.32023439916606944
-2.295585221892318,-0.3199854801265376
-2.295500482961768,-0.3199737070103098
-2.2952881486687637,-0.3199442065635322
-2.295204187767212,-0.31993254154196377
-2.2951016653079535,-0.31991829768945135
-2.2950878992908743,-0.3199163851220159
-2.294077088235224,-0.31977594912683344
-2.2935631628289532,-0.3197045474286864
-2.293294898788924,-0.31966727643998594
-2.2931264229230743,-0.3196438694187107
-2.2922938721124195,-0.3195281998274643
-2.2922240526334114,-0.3195184995299034
-2.2914181626884416,-0.3194065340386309
-2.2907806542273588,-0.31931796245577265
-2.2900313464735484,-0.319213858153078
-2.289722018751865,-0.3191708820239693
-2.2895062892501947,-0.3191409098673649
-2.288440537880201,-0.3189928407960724
-2.288397566013696,-0.3189868705439628
-2.2880120341386356,-0.31893330706912143
-2.2878107273287047,-0.3189053387143712
-2.287782487468264,-0.3189014152383838
-2.2870464557789294,-0.31879915543206283
-2.2865863255399947,-0.318735227710203
-2.2863912420879835,-0.3187081239912897
-2.285929279576357,-0.31864394170450655
-2.2856997184518297,-0.31861204786559555
-2.2856597171848754,-0.3186064903306815
-2.285502794857116,-0.318584688488347
-2.2847050943664953,-0.31847386079049805
-2.2841960356139346,-0.31840313523588254
-2.28331458704898,-0.3182806720853959
-2.2832659224391687,-0.31827391091784546
-2.282894551625549,-0.31822231489552155
-2.282812666781446,-0.3182109383088611
-2.2827577052401034,-0.31820330228359983
-2.282162670398567,-0.31812063172942234
-2.281401717626061,-0.3180149095380231
-2.281013399515403,-0.3179609589604024
-2.2804201227469343,-0.3178785326622995
-2.279907042231264,-0.31780724834815965
-2.2798793396264694,-0.3178033995152331
-2.2796380067563264,-0.31776987018094316
-2.2796371462462774,-0.317769750626864
-2.2796369703099653,-0.3177697261833332
-2.2795146226086715,-0.31775272793119363
-2.279390889201207,-0.3177355371573911
-2.2793702004279326,-0.3177326627839387
-2.278981593915463,-0.31767867213750867
-2.2786963084495118,-0.31763903629449125
-2.2786314697478733,-0.3176300279961154
-2.2782412817087763,-0.31757581762190873
-2.2773940511220285,-0.3174581085110575
-2.277348569092018,-0.3174517895119609
-2.2769925916872586,-0.3174023321570771
-2.276609651011036,-0.317349128687783
-2.276116496806272,-0.31728061281517034
-2.2759968140303686,-0.3172639848117009
-2.2757385634588148,-0.3172281050339522
-2.275056706356301,-0.3171333719181749
-2.274307591475164,-0.3170292944120468
-2.2738980674616647,-0.31697239761410884
-2.2736858275769767,-0.3169429102838535
-2.27367751026504,-0.31694175472666747
-2.2732213514088033,-0.3168783787647813
-2.2731315467060536,-0.3168659018406991
-2.272997123750172,-0.3168472259254734
-2.272765067293083,-0.31681498540009756
-2.272701773433817,-0.31680619173280905
-2.272396784499846,-0.31676381840871193
-2.2719975432995323,-0.3167083502428559
-2.271422651939634,-0.31662847830259777
-2.2709117309041105,-0.3165574940136127
-2.270481614720685,-0.3164977362637089
-2.2703214417885,-0.3164754828019891
-2.270271709647719,-0.31646857331812067
-2.269180589125182,-0.31631697960969185
-2.2688812193661554,-0.3162753869798909
-2.267815324276599,-0.3161272979410686
-2.2667209453716946,-0.3159752515326344
-2.2664521102671147,-0.31593790120366766
-2.266322915869105,-0.31591995171275633
-2.2659912984368513,-0.31587387878561723
-2.265779422370506,-0.31584444200208944
-2.2641789136683568,-0.3156220769704363
-2.2639398675278084,-0.31558886534057257
-2.2636559415656987,-0.3155494183788241
-2.2634886323836123,-0.31552617344955847
-2.2633788751826107,-0.3155109244456374
-2.26331882373488,-0.3155025812594632
-2.2626675049386966,-0.31541209095189104
-2.262616123054552,-0.3154049522626237
-2.2621083042088923,-0.31533439897319926
-2.260939214023144,-0.31517197262974356
-2.260415813949326,-0.31509925457839805
-2.2601726084742633,-0.31506546507566824
-2.2601107408339365,-0.3150568695586422
-2.2600954412301406,-0.3150547439239126
-2.2598025659950416,-0.31501405360411877
-2.2595181818382786,-0.3149745429835672
-2.2594904150861863,-0.3149706852384017
-2.2584596192056408,-0.31482747267211103
-2.25815771171301,-0.31478552746489985
-2.2563685447738155,-0.31453695139497145
-2.256236042530849,-0.3145185423320204
-2.2561304194355696,-0.31450386769582916
-2.255666956883097,-0.3144394770024127
-2.255388391356028,-0.3144007747871976
-2.2553785689586476,-0.3143994101225122
-2.255214463905681,-0.3143766103556328
-2.2551707442236895,-0.31437053620654704
-2.2548334922704147,-0.3143236804530205
-2.2545355298332614,-0.31428228334803776
-2.2542988862001594,-0.31424940550807684
-2.254089778105322,-0.3142203532898257
-2.2539499297046515,-0.31420092359600416
-2.253336063605308,-0.31411563674037635
-2.252641691400574,-0.31401916485173403
-2.251408845406889,-0.313847880660626
-2.250251627721207,-0.3136871038107654
-2.2500669480006286,-0.31366144552358644
-2.249804956189359,-0.31362504596054275
-2.2493882951191484,-0.3135671575829654
-2.2492061719566876,-0.31354185448856114
-2.2491954060167862,-0.31354035873376535
-2.2487076505187633,-0.31347259292492524
-2.2470676919093577,-0.31324474696095117
-2.2467201134805284,-0.31319645650915623
-2.246514320115893,-0.3131678648195392
-2.2462829553883417,-0.3131357203988958
-2.245027515617392,-0.31296129716456367
-2.244515894732976,-0.31289021564279185
-2.24425663163838,-0.31285419519119495
-2.243931369372388,-0.3128090052125491
-2.2439233423069553,-0.31280788998046266
-2.243479542636166,-0.31274623112930483
-2.243443497535479,-0.31274122324028536
-2.2431495101440135,-0.31270037840418974
-2.242532906078359,-0.3126147111520264
-2.2422796522201427,-0.3125795255875099
-2.2417546499899523,-0.3125065849422155
-2.2416788755537125,-0.31249605729879176
-2.2414054728245896,-0.31245807237160333
-2.2413484646947968,-0.31245015200567927
-2.2412597086392005,-0.3124378207743116
-2.2409313491902223,-0.31239220049173044
-2.2406183893704026,-0.3123487197408
-2.2398604036623624,-0.3122434097754529
-2.23971762903902,-0.31222357352989183
-2.238070838568912,-0.3119947783883721
-2.2376546561149913,-0.31193695650685704
-2.236911041914564,-0.31183364323215035
-2.236671350801443,-0.311800341993685
-2.2366043706350944,-0.31179103617311055
-2.2360554381432247,-0.3117147708015033
-2.235752603071317,-0.31167269672201847
-2.2352193544734047,-0.3115986103760994
-2.2348786766712276,-0.31155127865577653
-2.2346691079079086,-0.31152216243502356
-2.2341905923132015,-0.31145568036265453
-2.234187751047282,-0.31145528561429403
-2.2337736649937825,-0.31139775499401695
-2.2335594477513223,-0.3113679929415918
-2.2327061017479775,-0.31124943419162054
-2.2314290667218963,-0.31107201064271056
-2.231344921058585,-0.311060319951457
-2.231341237629211,-0.31105980819798257
-2.2307623489793054,-0.3109793808983452
-2.230531930678337,-0.31094736796850647
-2.2304473399130376,-0.3109356154374654
-2.230114273138282,-0.3108893411474152
-2.229804340677862,-0.31084628099955164
-2.2289632561036146,-0.31072942577863083
-2.228871483086339,-0.31071667538879283
-2.2287778476643814,-0.31070366624767437
-2.228636601926376,-0.3106840424162262
-2.227831292762408,-0.3105721576151654
-2.227544096871721,-0.3105322563492507
-2.227531733210421,-0.31053053861667446
-2.227346594872052,-0.31050481661190404
-2.226947958332054,-0.3104494324539076
-2.2267230313849566,-0.3104181824596751
-2.2266799711124485,-0.31041219992496827
-2.2263705192547505,-0.31036920654914985
-2.2246206203817938,-0.3101260861476476
-2.22460371129929,-0.31012373690164774
-2.224308776804138,-0.3100827604806749
-2.222250636024455,-0.30979681480664883
-2.22115051902863,-0.30964397118244974
-2.2208957477407494,-0.30960857479540244
-2.2197064073591095,-0.30944333501179216
-2.2192950625927947,-0.30938618524943273
-2.218670364565064,-0.3092993934709668
-2.2181330611316756,-0.30922474377064824
-2.2174416613652164,-0.3091286848546628
-2.217316459406868,-0.30911129004925275
-2.2169722992016827,-0.30906347450484667
-2.2167658288480028,-0.3090347887584526
-2.2165840965417134,-0.3090095399672488
-2.2161058719095403,-0.3089430983194603
-2.2155927862269187,-0.30887181328745555
-2.2155063967274216,-0.30885981085112735
-2.2151869643616235,-0.3088154308436733
-2.21469812216795,-0.30874751405588974
-2.2146288664734266,-0.3087378920871468
-2.213366128294496,-0.30856245485600253
-2.213053099546004,-0.3085189645285377
-2.21299256117295,-0.30851055369189423
-2.212804640140946,-0.30848444507644346
-2.2125006043722295,-0.3084422041793816
-2.212312658329421,-0.3084160920890806
-2.2119506938128612,-0.3083658029209717
-2.2112600182193978,-0.3082698446172171
-2.210076272071938,-0.3081053820627833
-2.21001228125086,-0.3080964915638217
-2.209672522240256,-0.3080492874948617
-2.2092997366676226,-0.30799749491444833
-2.209273418108223,-0.30799383837244637
-2.2092355426202963,-0.3079885761804568
-2.2080611228735263,-0.30782540937991776
-2.2078423934146203,-0.307795020427338
-2.2078272878118916,-0.30779292174594736
-2.20752789416866,-0.3077513257978187
-2.20735976472148,-0.3077279669058654
-2.207042628681756,-0.3076839059361145
-2.2069527454808613,-0.3076714181059732
-2.206633905467839,-0.30762712039644324
-2.2063104977191617,-0.3075821880732544
-2.2062674355304495,-0.30757620527232166
-2.205784889120784,-0.30750916318281907
-2.205745094172463,-0.30750363431257216
-2.204924464764721,-0.3073896210091876
-2.2040030620609143,-0.3072616068714811
-2.203752875995664,-0.3072268475276278
-2.2034968358040747,-0.3071912748467478
-2.203284433747176,-0.30716176498526304
-2.203034463380551,-0.30712703560927634
-2.2026109344514375,-0.3070681930527806
-2.2024636150068706,-0.30704772537715325
-2.2022593050707244,-0.3070193397861488
-2.2020546225400257,-0.3069909024291032
-2.2019108799052174,-0.3069709316938638
-2.201488419316918,-0.3069122375662011
-2.200958193862787,-0.30683857123765634
-2.2008674022893535,-0.30682595720371014
-2.200670911135412,-0.30679865790717575
-2.200066277806693,-0.30671465379704577
-2.199126902446247,-0.30658414264676037
-2.1987238170040646,-0.306528140385111
-2.197635655910061,-0.30637695784184404
-2.197196356869306,-0.3063159242810946
-2.1965176605459233,-0.3062216303049175
-2.1956142319502545,-0.3060961133814529
-2.1951141544140156,-0.30602663562289684
-2.1951084332006534,-0.30602584075199823
-2.1943460972498228,-0.30591992639014
-2.1941739537341065,-0.3058960098076998
-2.1938145096937025,-0.30584607081935533
-2.1934913051249763,-0.30580116672476426
-2.1931617422276046,-0.30575537924231727
-2.19302721752344,-0.3057366891907984
-2.191708675152083,-0.3055534988615306
-2.191184877955959,-0.30548072563640577
-2.1911070323370323,-0.3054699102353439
-2.191060638757317,-0.305463464591026
-2.190850835334942,-0.3054343157681581
-2.190768557506069,-0.30542288458256256
-2.190695499189165,-0.30541273430038723
-2.190628868856418,-0.3054034770835847
-2.1904776258352365,-0.30538246428987265
-2.189006037213237,-0.30517801063706107
-2.188485922641954,-0.3051057490536337
-2.1878771804414425,-0.30502117408162427
-2.187874541450591,-0.3050208074361424
-2.1870773820213008,-0.3049100549100933
-2.187036554038428,-0.30490438251625274
-2.186580012944216,-0.30484095344852635
-2.1861474581711566,-0.30478085689567797
-2.185652700592593,-0.30471211825997413
-2.1848512094677757,-0.30460076391425867
-2.184766863116762,-0.30458904534066533
-2.184147023025889,-0.3045029284946641
-2.183922575289002,-0.30447174507900976
-2.1832315795101516,-0.30437574229062775
-2.182853293302661,-0.3043231854851634
-2.1828033121114814,-0.30431624139973384
-2.1827756887267027,-0.30431240357315875
-2.182725753608442,-0.30430546588882273
-2.1812025880551276,-0.3040938464480656
-2.181150842038915,-0.3040866571684837
-2.1810091818256976,-0.30406697575234787
-2.180992467367712,-0.3040646535463056
-2.180795677581558,-0.3040373127596117
-2.1807392905289706,-0.3040294786824108
-2.1801472639079997,-0.30394722607226565
-2.1793469219552684,-0.303836031385593
-2.1793374146196425,-0.3038347104936887
-2.1793226097407885,-0.3038326535930605
-2.1790780994574614,-0.3037986828081354
-2.1786877541045975,-0.3037444505777023
-2.178642912052039,-0.30373822049321525
-2.1772682801395824,-0.3035472374211994
-2.1771302982012024,-0.3035280670423979
-2.1770247665728686,-0.3035134051140725
-2.176909367648228,-0.3034973722830757
-2.176786025092618,-0.3034802358118741
-2.1767135803406683,-0.3034701707747151
-2.176588553046435,-0.3034528002360842
-2.176434545493918,-0.3034314033550524
-2.1761829883526196,-0.30339645352215733
-2.176166988161152,-0.3033942305519995
-2.1760652274210757,-0.30338009252815895
-2.17563742845432,-0.3033206567183717
-2.175551982795853,-0.30330878541362705
-2.1754787366384005,-0.30329860903401823
-2.1754655312607425,-0.3032967743584448
-2.1753833830123237,-0.30328536117597643
-2.1753224234072213,-0.30327689181589107
-2.1751524734441054,-0.3032532799924271
-2.17457335271291,-0.3031728204488143
-2.1743475251138378,-0.30314144532342546
-2.1742065906533425,-0.3031218647389982
-2.173295874792568,-0.3029953353668455
-2.1726608963825726,-0.3029071152940348
-2.172494179892021,-0.3028839527097584
-2.1719148224382643,-0.30280346027733984
-2.1704808136257117,-0.3026042277367322
-2.1700685588954314,-0.30254695154946454
-2.169806851839534,-0.3025105915486158
-2.169538514203311,-0.302473310334904
-2.169529935223223,-0.3024721184231223
-2.169201740429446,-0.30242652101674244
-2.169022855503825,-0.30240166782344535
-2.1685720529349615,-0.3023390360318406
-2.1680115869645786,-0.3022611682682495
-2.1666999458457368,-0.3020789367574074
-2.1664784369078913,-0.30204816164077775
-2.166367813372708,-0.3020327922736073
-2.166281258190189,-0.30202076681827883
-2.166247076167745,-0.3020160177741201
-2.16576772443556,-0.30194941953385007
-2.16576078703018,-0.30194845569256334
-2.165687985673112,-0.3019383411108387
-2.1650996977305494,-0.301856607930136
-2.1650678789074767,-0.30185218721465334
-2.164615342530058,-0.3017893145381389
-2.164244502278154,-0.3017377922288617
-2.1639412517017167,-0.30169566042168205
-2.1637497141109177,-0.30166904934335204
-2.1637027239749655,-0.3016625208171064
-2.1622533306544356,-0.30146115084569397
-2.1606429614858618,-0.30123741586027203
-2.1605454421105863,-0.30122386710609106
-2.1605381966033246,-0.30122286045898594
-2.1605261453899494,-0.301221186136041
-2.1604030532205516,-0.30120408445199054
-2.160118350379857,-0.30116452955541423
-2.1597446574005517,-0.30111261090538743
-2.1595668198019244,-0.3010879032213901
-2.1595139328193897,-0.3010805554228248
-2.1584402782212995,-0.30093138832465893
-2.1582141129989174,-0.30089996629192256
-2.1578497092232234,-0.30084933822785276
-2.1575782554841005,-0.3008116240815872
-2.156510272939362,-0.30066324502432434
-2.1563681880831904,-0.3006435046108561
-2.1561849950446517,-0.3006180528743185
-2.155389137258052,-0.30050748119065884
-2.155186437647356,-0.30047931932856603
-2.154268737734299,-0.30035181963428687
-2.1535066001219456,-0.30024593282838125
-2.153267926229411,-0.3002127729164127
-2.1525208330432224,-0.3001089762923946
-2.151763736623993,-0.30000378987947457
-2.151234438971344,-0.29993025245407534
-2.1506635859151997,-0.29985094157139885
-2.1506501452037483,-0.2998490741999667
-2.1506109080315334,-0.29984362282377003
-2.1503892280747228,-0.2998128239467962
-2.1501207714537602,-0.29977552620206194
-2.1486645769821813,-0.299573211319718
-2.1486550173709125,-0.299571883164951
-2.148653370706524,-0.2995716543873265
-2.148600375423343,-0.2995642915421224
-2.148544835562905,-0.29955657516869194
-2.1485094259916884,-0.2995516555763061
-2.1476622974315647,-0.2994339606404192
-2.1472802900308223,-0.2993808868347949
-2.1470044229884104,-0.29934255953077243
-2.1467755056321307,-0.2993107551331414
-2.146637805444314,-0.2992916238990647
-2.1462383162414573,-0.2992361212772303
-2.1459948902614556,-0.29920230113887325
-2.145991137514331,-0.2992017797548083
-2.1459026963254124,-0.299189492269119
-2.145793274847789,-0.2991742899085803
-2.1457164173587655,-0.29916361179233103
-2.1457073088515406,-0.2991623463112409
-2.145665505810832,-0.29915653844874196
-2.145472200512279,-0.2991296817757519
-2.14533199188871,-0.29911020203473193
-2.1451235612221566,-0.2990812439342835
-2.144985823389627,-0.2990621074700773
-2.144966900468405,-0.2990594784334648
-2.144948932611018,-0.2990569820876648
-2.144881654312082,-0.2990476348463456
-2.144320303781186,-0.2989696441872486
-2.1438136543852004,-0.29889925337411266
-2.14368560584119,-0.29888146308124913
-2.1431189179902126,-0.2988027308870719
-2.143102985318784,-0.2988005172977414
-2.14241196627042,-0.29870451127643327
-2.1422583795370356,-0.2986831728614751
-2.141964398567102,-0.2986423289175485
-2.1419531282850754,-0.2986407630924979
-2.1417527329997355,-0.29861292137948015
-2.1410481062952966,-0.2985150247924601
-2.1409022531407755,-0.2984947608343334
-2.1398782579736206,-0.2983524931181684
-2.1393097438976536,-0.2982735071992992
-2.1391985302026812,-0.298258055838885
-2.139013361226758,-0.29823232957751766
-2.1380864530565042,-0.2981035505434886
-2.1378048520077453,-0.29806442659118715
-2.1371037587388373,-0.29796702091840127
-2.136898613783958,-0.29793851931492743
-2.1367922953218987,-0.29792374806866717
-2.1363184564683593,-0.29785791575452597
-2.135858806082655,-0.2977940547005815
-2.1358215384356467,-0.29778887695834516
-2.1357550941205874,-0.2977796455857188
-2.1352522167536208,-0.2977097788355581
-2.13494890667054,-0.29766763876088415
-2.1349448545539933,-0.2976670757842361
-2.134830277124619,-0.2976511570868398
-2.1347978691017553,-0.29764665451148986
-2.134418311614059,-0.2975939210820168
-2.134202263238114,-0.29756390462294285
-2.1340783026610333,-0.2975466822875634
-2.1334820537219006,-0.29746384305398393
-2.1329253967003234,-0.2973865044827805
-2.132222104360154,-0.297288793284289
-2.1312525685403196,-0.2971540918215749
-2.1300474459256833,-0.2969866593496429
-2.129675690018798,-0.296935009824782
-2.12948113919976,-0.29690798010668334
-2.1289268496334226,-0.2968309704554406
-2.128795924105396,-0.2968127804517594
-2.127748634930643,-0.2966672764065885
-2.1274562809439272,-0.29662665850590325
-2.1273603126866183,-0.2966133252547028
-2.127324689558624,-0.2966083759920258
-2.1266731011755104,-0.2965178482296703
-2.1263332654137908,-0.29647063349737296
-2.1261884440460337,-0.29645051288947993
-2.125767174253062,-0.2963919842037422
-2.1254428530048375,-0.2963469249644326
-2.124706132704296,-0.2962445694866216
-2.124255098746617,-0.2961819055472495
-2.124103127491557,-0.29616079157711206
-2.1237162641051213,-0.2961070431101062
-2.1233212489877884,-0.29605216209074575
-2.122975921713832,-0.2960041844008396
-2.1220281413564854,-0.29587250551094746
-2.1201069668307646,-0.29560558910265244
-2.1192944690731856,-0.295492705561726
-2.1188469603797238,-0.295430531401315
-2.118782635738148,-0.2954215945233456
-2.1185754303210893,-0.2953928066516764
-2.1177310582809774,-0.29527549469006426
-2.115336638598067,-0.29494282845222003
-2.1146583528747205,-0.2948485915223369
-2.114630192469956,-0.294844679085442
-2.1145500295416193,-0.2948335417313789
-2.1142614130297708,-0.2947934430929231
-2.1141952766916217,-0.2947842545087522
-2.1117690397639675,-0.29444716777470875
-2.1110217329739664,-0.2943433414738646
-2.110713554033441,-0.29430052494948533
-2.1104648421964725,-0.29426597042602315
-2.1103977105834506,-0.2942566435643607
-2.108812739024135,-0.2940364371696795
-2.108703103617367,-0.2940212050871149
-2.1085057757425436,-0.2939937895416249
-2.108247556076943,-0.293957914057763
-2.1079318795305633,-0.29391405586121977
-2.1079191311258416,-0.2939122846747116
-2.1074621946414935,-0.29384880067386304
-2.1073528155625745,-0.29383360420394483
-2.107281782825531,-0.29382373534362566
-2.1067522124633355,-0.29375016002960586
-2.1062475984358704,-0.29368005199830366
-2.1061660464265177,-0.2936687216536971
-2.1060931248106898,-0.2936585903639452
-2.1058715401850536,-0.2936278047317102
-2.105476860939273,-0.29357297037631863
-2.1054584162794474,-0.2935704077864619
-2.1052415381680607,-0.293540276048947
-2.103715402382065,-0.29332824394196494
-2.1031653432698896,-0.29325182204452344
-2.1022268115649765,-0.2931214281066523
-2.101863824001909,-0.2930709968026284
-2.101706375936006,-0.2930491219174051
-2.1016198285164247,-0.29303709754061236
-2.1015048488958437,-0.2930211229651941
-2.1013923731802624,-0.2930054962672438
-2.1009488609278786,-0.29294387734826677
-2.100171879931482,-0.2928359282920538
-2.099802032708553,-0.2927845439482368
-2.0997398149627537,-0.2927758997896669
-2.0993687329362385,-0.2927243438896826
-2.099073478791477,-0.29268332305851974
-2.0989207192667014,-0.2926620995709396
-2.098466131802592,-0.29259894192880365
-2.098235775238114,-0.29256693757626057
-2.0968500945784085,-0.29237441945790077
-2.096791432606243,-0.29236626931708626
-2.0967018608103496,-0.29235382475167887
-2.0953285701881645,-0.2921630280304483
-2.095303185635095,-0.2921595012536559
-2.0949790719785675,-0.2921144708558854
-2.094534429370371,-0.2920526948920852
-2.094422367805169,-0.2920371257336922
-2.0943480060630337,-0.29202679436147183
-2.0934830518761975,-0.2919066228404573
-2.093222667395461,-0.29187044659022937
-2.09298606739175,-0.29183757481187317
-2.092790861373601,-0.29181045406435946
-2.0925500034387374,-0.29177699071471447
-2.0921662769800324,-0.29172367807353894
-2.091646313757088,-0.29165143751753747
-2.0911782471079112,-0.29158640715867706
-2.090021951929272,-0.2914257584763843
-2.08986244571954,-0.29140359764506346
-2.089805526259206,-0.29139568959833945
-2.089359270060901,-0.29133368945205573
-2.089228815102563,-0.2913155648264907
-2.088632649250893,-0.2912327371365825
-2.0886154924865203,-0.2912303534791567
-2.0878751864277314,-0.29112749981770863
-2.0877021072665953,-0.29110345324233383
-2.0876501149931785,-0.29109622974926025
-2.0876062710452032,-0.2910901383354077
-2.0864469512903487,-0.290929069436727
-2.0861268963288326,-0.2908846029295767
-2.0851280023020426,-0.2907458226145513
-2.0848301782088114,-0.29070444473023893
-2.0844753257224804,-0.29065514366474066
-2.084416024753161,-0.2906469047455133
-2.0838078381277945,-0.2905624069617656
-2.0837634530252234,-0.2905562403631554
-2.083720182079092,-0.2905502285587252
-2.081572547990596,-0.29025184922381375
-2.0813276129491523,-0.29021781942555624
-2.0812070478777764,-0.29020106884127206
-2.0803186048258198,-0.29007763391892216
-2.079938124686921,-0.29002477230185253
-2.0798043739261924,-0.29000618977736936
-2.0794073474103465,-0.2899510293064238
-2.0793241058677183,-0.28993946422824807
-2.0790270014663457,-0.28989818633358444
-2.0781913432662438,-0.28978208502037867
-2.077963319561864,-0.289750404781356
-2.076468664913103,-0.2895427464738219
-2.076145687124482,-0.2894978738866915
-2.075924139828182,-0.28946709344076943
-2.0757922134751965,-0.28944876438850115
-2.0757735963680317,-0.28944617783985044
-2.0755376159782934,-0.2894133921469247
-2.0753053470783227,-0.2893811221060154
-2.0749805723874277,-0.2893359998681145
-2.074767577387742,-0.28930640762673304
-2.074141950897047,-0.28921948685321924
-2.0737165366726744,-0.2891603823651641
-2.0735410444052635,-0.28913600052734895
-2.0726713194059267,-0.28901516617840267
-2.072559381787623,-0.28899961424044446
-2.0724964046742893,-0.2889908645799266
-2.0723786344679764,-0.2889745022973477
-2.0723366528912766,-0.2889686696301344
-2.0718736056094036,-0.2889043366319118
-2.0715211764132158,-0.2888553722437392
-2.0707887724439007,-0.28875361645097103
-2.07053766892637,-0.2887187296418278
-2.0704711989093205,-0.2887094946983218
-2.070370497978237,-0.28869550391795445
-2.070251248521086,-0.2886789361171806
-2.0697467762089885,-0.2886088477749573
-2.069615740303093,-0.2885906424360403
-2.0693476239846365,-0.2885533919708849
-2.068773901065944,-0.2884736823668049
-2.0685772558004514,-0.28844636165894055
-2.0676138132469752,-0.28831250675792564
-2.0675502949938522,-0.28830368191470723
-2.0669631779544853,-0.28822211141223664
-2.066764576938,-0.28819451898411824
-2.065947978703929,-0.28808106574770465
-2.0657477091819674,-0.28805324150749245
-2.065478325761182,-0.28801581499877726
-2.065365162992144,-0.28800009284576095
-2.065004079801238,-0.28794992612372605
-2.063810426095897,-0.28778408707292014
-2.0637804389321506,-0.28777992083714365
-2.063064709987935,-0.2876804817718503
-2.0621718517836283,-0.28755643343484616
-2.0612136032104833,-0.28742330015415063
-2.060698120974785,-0.28735168215950696
-2.0600996081013103,-0.2872685283885365
-2.0600275996249318,-0.2872585239648756
-2.0596594460635367,-0.28720737492818316
-2.059276828144007,-0.28715421630075866
-2.058906903192301,-0.28710282115777375
-2.0587781617534766,-0.2870849345982814
-2.0586493548944103,-0.2870670389496948
-2.0584262137747933,-0.28703603706756814
-2.058412701936767,-0.28703415981423847
-2.0580156372911804,-0.2869789940457764
-2.0567174152929444,-0.28679862690666447
-2.0566737036336926,-0.28679255387220975
-2.0561985428737093,-0.28672653790035535
-2.0560129943420824,-0.2867007589058063
-2.0557427386579623,-0.28666321121008115
-2.0554814016661003,-0.28662690262369883
-2.055187451922854,-0.2865860630182199
-2.0551230186248217,-0.28657711104417743
-2.054853502930676,-0.28653966615819887
-2.054602267065632,-0.2865047609614899
-2.054581152905424,-0.28650182748734093
-2.0544941884718306,-0.2864897451731352
-2.0541796017385345,-0.28644603838865257
-2.0539938511906883,-0.2864202313271878
-2.05387929866574,-0.28640431608986255
-2.053071942038783,-0.28629214682663545
-2.0528295082685357,-0.2862584645399209
-2.0525079201856347,-0.2862137850301266
-2.052501153270085,-0.2862128448756692
-2.051781605534123,-0.2861128752504693
-2.0512240112697198,-0.2860354064643971
-2.050929866881206,-0.2859945398160779
-2.0506441293247994,-0.2859548411623378
-2.0506071759552382,-0.28594970708391565
-2.0504987298977344,-0.2859346402423689
-2.050258352718292,-0.28590124368598424
-2.050224810900503,-0.28589658358800146
-2.049044504212304,-0.2857325988913052
-2.047110835145913,-0.285463946566843
-2.0457860708157853,-0.28527989179612784
-2.0453546024222353,-0.28521994617830004
-2.0449320239748783,-0.2851612356760103
-2.044761340286064,-0.28513752191312053
-2.043343355373906,-0.28494051563664585
-2.043180698455318,-0.28491791706482816
-2.042704703422122,-0.28485178518408233
-2.041832472541322,-0.2847306026830703
-2.041549764981334,-0.2846913249987686
-2.0410050702859324,-0.28461564840105835
-2.0402827042654854,-0.2845152872203999
-2.039982184948437,-0.28447353487793653
-2.039922715268746,-0.284465272519107
-2.0395182142925385,-0.2844090735916927
-2.039250855247107,-0.2843719283374869
-2.0391671424107685,-0.2843602977806038
-2.0389317582121826,-0.28432759491888304
-2.038777066713806,-0.2843061030145362
-2.0382828970142963,-0.28423744605520446
-2.037897433846712,-0.2841838921261657
-2.03787377709023,-0.2841806053990165
-2.0375744612364777,-0.2841390202584892
-2.037482518482529,-0.28412624628646116
-2.037053341392804,-0.2840666190085755
-2.03690219678646,-0.28404561988802796
-2.036898332856715,-0.2840450830569198
-2.0367893454355213,-0.28402994100156514
-2.036137558510512,-0.28393938565499566
-2.0353981628509317,-0.28383665847892603
-2.0352198462289586,-0.2838118842423123
-2.0347766977759885,-0.2837503158674329
-2.0341760203045234,-0.28366686136026503
-2.0341362614419536,-0.2836613375035551
-2.0340243340262925,-0.2836457869830906
-2.0331713765083204,-0.2835272822069355
-2.032301018958407,-0.283406359975225
-2.031655566596623,-0.2833166847146871
-2.031543225707568,-0.2833010767487215
-2.0315161643009407,-0.2832973170000033
-2.031305032820234,-0.2832679836647161
-2.030946506785814,-0.28321817221858947
-2.030737642749344,-0.28318915390833704
-2.03072598242997,-0.28318753389384843
-2.030518418509541,-0.2831586962138818
-2.030254354839493,-0.283122008799268
-2.029633970955439,-0.28303581640192005
-2.029632302047875,-0.28303558453396277
-2.0295842765606307,-0.2830289121622494
-2.0291222898253665,-0.28296472650998
-2.028991425803097,-0.28294654505153805
-2.028793926339852,-0.2829191056665868
-2.0265032465845993,-0.2826008524289758
-2.02647958621351,-0.2825975651996348
-2.0259491703808727,-0.2825238724210482
-2.0258706768002805,-0.2825129669960982
-2.025735056738705,-0.282494124762223
-2.025707176009967,-0.2824902511818296
-2.0256865464876115,-0.2824873850403426
-2.025598950397053,-0.2824752149675253
-2.02490118798143,-0.28237827206341737
-2.024737083811588,-0.28235547241923403
-2.024663318386409,-0.2823452238956973
-2.024039437176889,-0.2822585456010299
-2.022434738710509,-0.28203559846878934
-2.0222971888979755,-0.2820164881269482
-2.022178539450135,-0.28200000368785133
-2.0221633296538664,-0.28199789053043817
-2.0214465772621883,-0.28189830927352355
-2.0213904721685316,-0.28189051436999685
-2.021192499949825,-0.28186300930325153
-2.021027118080534,-0.28184003214320835
-2.019785324992439,-0.2816675048967336
-2.0189810893764832,-0.28155576924796244
-2.018863577970338,-0.2815394429215189
-2.018033641876346,-0.2814241366032447
-2.0179280677938993,-0.28140946877660095
-2.017450738908922,-0.2813431515785287
-2.0173868272098376,-0.2813342720722999
-2.017325552427483,-0.2813257589233869
-2.0168769289044013,-0.2812634298752684
-2.016071269417838,-0.2811514964024978
-2.0159700658879323,-0.28113743579407957
-2.015704268925197,-0.2811005075662278
-2.0153790757911643,-0.28105532719235937
-2.0152825762583193,-0.2810419201289385
-2.0148615804020826,-0.2809834295023194
-2.0148574679627633,-0.28098285814478907
-2.014786611291562,-0.28097301374599676
-2.0147272438148947,-0.28096476558663935
-2.014041660566041,-0.28086951478254973
-2.0137870411376233,-0.28083413949394087
-2.0137790478412634,-0.28083302895352596
-2.012317273202962,-0.28062993879645337
-2.012237722471416,-0.2806188864973222
-2.012154798271278,-0.2806073655087992
-2.0110326514219334,-0.2804514611895419
-2.0108296431592,-0.28042325644519533
-2.0104218821097954,-0.2803666045828619
-2.010287163098055,-0.28034788753541967
-2.0100343422181215,-0.2803127621262959
-2.009937372603577,-0.2802992897525572
-2.009500166594594,-0.2802385469850258
-2.009405716527155,-0.2802254246619748
-2.0084502866340115,-0.2800926829916885
-2.008193372274011,-0.2800569888591186
-2.007921929504702,-0.28001927623693285
-2.007658143279869,-0.27998262736888485
-2.0076375605844925,-0.279979767733256
-2.007518510163746,-0.27996322758540054
-2.0069264739958284,-0.2798809736488602
-2.0068596919978225,-0.2798716953606008
-2.0067873701297105,-0.27986164739618147
-2.005836918370754,-0.2797295973578523
-2.0057040586746897,-0.2797111386325226
-2.0053048696583575,-0.2796556777167942
-2.0050327202602656,-0.2796178669198647
-2.0042344982168996,-0.27950696676062103
-2.0039606962997243,-0.2794689263726508
-2.003684981816268,-0.27943062026425014
-2.0034966766725266,-0.27940445828262994
-2.0032377874023983,-0.2793684897679513
-2.002982314478491,-0.27933299589982363
-2.0017393179853724,-0.27916030145950865
-2.00145774666506,-0.2791211816374985
-1.9995769784637538,-0.2788598790403593
-1.9990200182992073,-0.27878249835229885
-1.9987291517123356,-0.27874208710198234
-1.9987137369681602,-0.2787399454703425
-1.998488379906525,-0.27870863571858884
-1.997781061500014,-0.2786103651627078
-1.9971200028243152,-0.27851852165498503
-1.9969193823415494,-0.2784906486543943
-1.996487566380375,-0.2784306547476159
-1.9954157862470747,-0.27828174807628925
-1.995411544251198,-0.27828115871895165
-1.9952568636759698,-0.27825966833220117
-1.9950338928648041,-0.27822869011170415
-1.9949710292449974,-0.27821995621929274
-1.9947082196532833,-0.2781834430387635
-1.9943095469422654,-0.27812805385538336
-1.9941970530078614,-0.2781124246262196
-1.9938182495883103,-0.27805979596242947
-1.9937038587353944,-0.2780439031868417
-1.9934816277403473,-0.27801302775193687
-1.9929891575089267,-0.2779446069064575
-1.9923959972546839,-0.27786219679613894
-1.9920025892020896,-0.27780753905266625
-1.9917727511261976,-0.2777756067358022
-1.9914018767132162,-0.2777240796803909
-1.9906599018176927,-0.2776209941608262
-1.9904844346365334,-0.27759661580834355
-1.9900632511682634,-0.2775380991160395
-1.9900082011979685,-0.2775304508049928
-1.9888469303370155,-0.2773691108313914
-1.988714418620837,-0.27735070045228954
-1.9874736131209993,-0.2771783104153743
-1.9872026257768958,-0.2771406610672213
-1.986571727401665,-0.27705300784984754
-1.9864808508058371,-0.2770403820034022
-1.9857371864238813,-0.2769370617567764
-1.985607655033964,-0.2769190654462407
-1.9856049307051804,-0.2769186869444209
-1.985462508323492,-0.2768988996371919
-1.985333047705109,-0.2768809131592265
-1.9852804492463632,-0.27687360544641737
-1.985171314722335,-0.2768584429534816
-1.9851041964681155,-0.2768491179478106
-1.9839577005971785,-0.2766898307222625
-1.9827523692255375,-0.27652236924689066
-1.9826864210823385,-0.27651320680939184
-1.9824162576565683,-0.2764756719314856
-1.9822666806582028,-0.2764548906049415
-1.9821266145928356,-0.2764354306700988
-1.981996498290512,-0.276417353095359
-1.9817635529709945,-0.27638498907679526
-1.9816797234989294,-0.2763733423152474
-1.9811598182654184,-0.27630110981594824
-1.9810955097216603,-0.2762921751745125
-1.98040865201594,-0.27619674730506794
-1.9800757301075689,-0.27615049314188006
-1.9796929040094584,-0.2760973055913784
-1.9789419523224352,-0.27599297289051244
-1.9784692183805728,-0.2759272940861395
-1.978171111636418,-0.27588587693201144
-1.9772005068445866,-0.27575102695277165
-1.9770793665282345,-0.2757341964474179
-1.9770764889261532,-0.27573379665073017
-1.9764942046642227,-0.275652897585226
-1.975572268839907,-0.27552480937896956
-1.975381512972907,-0.27549830690863214
-1.9753587901396135,-0.2754951499351413
-1.9752215954532233,-0.27547608893238584
-1.9741100175755393,-0.2753216530023444
-1.9740800125483653,-0.2753174842847308
-1.9739568572339967,-0.27530037382769856
-1.973709439449846,-0.27526599909213456
-1.9737073212880474,-0.2752657048075019
-1.9731865090059801,-0.27519334628834385
-1.9730769055766848,-0.27517811864853686
-1.9730172168329292,-0.2751698258542666
-1.9723629086510899,-0.27507892021947045
-1.9723235550920413,-0.2750734526731885
-1.971513077661711,-0.2749608498243522
-1.9713742963514558,-0.2749415683856408
-1.9710529795487466,-0.27489692656588105
-1.970921275331159,-0.27487862837576604
-1.9704911177737714,-0.2748188648776134
-1.96958616541,-0.2746931362509934
-1.9691875335306797,-0.27463775274052327
-1.969090488704512,-0.27462426991733496
-1.968760890526869,-0.2745784775332598
-1.9680257923662545,-0.2744763474257924
-1.967926110770309,-0.27446249826570485
-1.9674525834361203,-0.2743967092321844
-1.9674090111123068,-0.27439065555615555
-1.9672831286157453,-0.2743731662008682
-1.9649417208453959,-0.27404786511861406
-1.9645299786214285,-0.27399066013588425
-1.9645288777741714,-0.27399050719080187
-1.9644505564411041,-0.2739796256968849
-1.964057458407605,-0.27392501102559674
-1.9636632273404053,-0.2738702389374358
-1.9636010961537416,-0.2738616068048703
-1.963517597751343,-0.2738500060401463
-1.9630695078054528,-0.27378775112402653
-1.9630534706742937,-0.2737855230216907
-1.9628362165660498,-0.2737553390454389
-1.962787593189923,-0.2737485836066481
-1.96188820546364,-0.2736236280972187
-1.9618765844835224,-0.2736220135482892
-1.9605472818315044,-0.2734373282504864
-1.9605454647146037,-0.27343707579121723
-1.9600689311805848,-0.27337086909441294
-1.9589878241602041,-0.2732206666016153
-1.9589849369502967,-0.273220265470074
-1.9588115891711813,-0.27319618157453623
-1.9584928262721777,-0.27315189457876327
-1.957846685268578,-0.27306212364248217
-1.9578231900119747,-0.2730588593531527
-1.957365284052602,-0.2729952406592878
-1.95703274803531,-0.27294904010948046
-1.956944740441241,-0.27293681286484595
-1.956934763027179,-0.2729354266630772
-1.9568415735196631,-0.27292247947462356
-1.9565025172837271,-0.2728753730449397
-1.9564316086462326,-0.2728655214262639
-1.9546009129691686,-0.27261117560381964
-1.9544675308869928,-0.2725926443013124
-1.953613352915777,-0.2724739699627401
-1.9534871851680713,-0.2724564409763783
-1.9532582392202016,-0.272424632606404
-1.9529627771874216,-0.27238358289253295
-1.9525931209676457,-0.27233222508554267
-1.9521348483296828,-0.27226855544756473
-1.9516379730474722,-0.2721995225908812
-1.9509969762954924,-0.2721104663659122
-1.9507646564797831,-0.2720781892510771
-1.950694100247557,-0.27206838659346494
-1.9502546438030661,-0.27200733116398923
-1.9501176946796668,-0.27198830427827564
-1.9500753949655867,-0.27198242741097234
-1.9500078898195434,-0.27197304865288335
-1.949580609367097,-0.2719136848823488
-1.948959538523905,-0.2718273970430389
-1.9478381859593314,-0.27167160307692
-1.9476807861975518,-0.2716497349027806
-1.9476349741428112,-0.2716433700520373
-1.9471622269052324,-0.2715776894004377
-1.946863336550756,-0.271536163376215
-1.946836480276467,-0.2715324321273476
-1.9466354712101823,-0.27150450513930496
-1.9464904492647097,-0.2714843566643532
-1.9461061048557284,-0.2714309581688911
-1.945501066110821,-0.2713468977326798
-1.9452651047198395,-0.2713141146793268
-1.944189118570113,-0.2711646236494305
-1.9441727474959718,-0.2711623491510697
-1.9440360925219657,-0.2711433631326997
-1.9440198375255644,-0.27114110476148023
-1.9439008123611685,-0.27112456812258984
-1.943805662570624,-0.27111134858422825
-1.9425587064185892,-0.27093810401277113
-1.9420975980924693,-0.2708740404013735
-1.9420798197478757,-0.27087157038533854
-1.9420051536117695,-0.2708611967224548
-1.9415596300116267,-0.2707992983589439
-1.9414603144334421,-0.27078550005115776
-1.9409686079835422,-0.2707171853208792
-1.9403470133359964,-0.27063082470734956
-1.940139755382216,-0.27060202953654494
-1.9396853979144209,-0.2705389038487106
-1.9396342369385338,-0.27053179585110504
-1.9395003732542355,-0.2705131976377018
-1.939254009596098,-0.2704789693560522
-1.9387268562252058,-0.27040572984423517
-1.938348221018067,-0.2703531245508636
-1.9380906516102865,-0.2703173394099037
-1.937995690380553,-0.27030414606904457
-1.9370906908510006,-0.27017841088949524
-1.9370284750045679,-0.2701697669948117
-1.9364871160819208,-0.2700945538492609
-1.9364247720508245,-0.2700858921453731
-1.9360886998977094,-0.2700392003061692
-1.935640623756742,-0.2699769473080222
-1.9355762610778606,-0.2699680051453787
-1.9353356203180976,-0.2699345719687332
-1.934814250424537,-0.2698621359783954
-1.9340727126194939,-0.2697591111855474
-1.9339779986699506,-0.26974595220030734
-1.9335987656959843,-0.2696932638568159
-1.9335594158894855,-0.2696877968318907
-1.9329826258124374,-0.26960766109531675
-1.9329374421293297,-0.2696013835467405
-1.932319374112168,-0.2695155129019789
-1.9316604185783632,-0.26942396159211374
-1.9315281116216125,-0.2694055796610525
-1.9311550707820315,-0.269353751615388
-1.931075544659293,-0.2693427027352562
-1.9308664768390102,-0.2693136561125091
-1.9303773153492663,-0.2692456949636542
-1.930164251074753,-0.26921609309764577
-1.9300992086634954,-0.2692070564970834
-1.9295464592945533,-0.2691302608315827
-1.9294149103818203,-0.2691119842185881
-1.9286319060620947,-0.2690031983181389
-1.9279669815975242,-0.2689108177210121
-1.9277472670795208,-0.268880291910259
-1.9266068080850673,-0.268721843411941
-1.9263022269283352,-0.26867952674195544
-1.9262205158679016,-0.2686681742997505
-1.9260267752183384,-0.2686412571417152
-1.9260080290235737,-0.26863865265841147
-1.9254466997470407,-0.26856066495226755
-1.9251539530330324,-0.26851999248841946
-1.924822001398598,-0.26847387312924376
-1.9246737924090713,-0.2684532818656016
-1.9245020111766908,-0.2684294156166244
-1.9243622603869213,-0.26840999948427297
-1.9239598185686952,-0.26835408664385657
-1.9237635577000505,-0.2683268193417732
-1.9235950010628522,-0.2683034010986137
-1.9235243032571858,-0.2682935787716413
-1.9235103317866507,-0.26829163765974123
-1.9234517323525422,-0.2682834962075873
-1.9227957652530188,-0.2681923600927678
-1.9226110807211645,-0.2681667011371392
-1.92218321694474,-0.2681072563230872
-1.9216824980790956,-0.26803768946208945
-1.9215353494898346,-0.2680172455240685
-1.9214373280699801,-0.26800362701883984
-1.921424802831626,-0.2680018868377215
-1.9214186680987695,-0.26800103451491697
-1.9199713255541004,-0.26779994946594093
-1.9193935626214773,-0.26771967856667744
-1.9192402605030061,-0.26769837969439986
-1.9191517583026596,-0.2676860837321504
-1.9190380741504431,-0.2676702891412981
-1.918867611799458,-0.2676466061297522
-1.9182485841810495,-0.2675606021637777
-1.9173459984989538,-0.2674352023496441
-1.9169862457773093,-0.2673852204749886
-1.9161993129464103,-0.2672758887708768
-1.9161214578913506,-0.2672650720588157
-1.9159956189416751,-0.2672475887536701
-1.9136912142018452,-0.26692742864943214
-1.9133249784185928,-0.2668765460572751
-1.9132602452462713,-0.26686755242050647
-1.9128478158941693,-0.2668102519723354
-1.9125026031953287,-0.26676229020080516
-1.9119398551906583,-0.26668410538512544
-1.911630587018153,-0.2666411375294204
-1.9112408562524186,-0.2665869906860186
-1.9111109618893192,-0.2665689439461769
-1.910514130536604,-0.26648602379556485
-1.9098266831234407,-0.2663905139957227
-1.9097716896950647,-0.2663828735402693
-1.909110025995766,-0.2662909459742145
-1.908581541218012,-0.26621752148475336
-1.9083247630038211,-0.2661818462674617
-1.9074833457266154,-0.2660649448227973
-1.9070954673499396,-0.26601105533916547
-1.9068381414444235,-0.26597530402894237
-1.9068363377991804,-0.2659750534413441
-1.905558115001018,-0.2657974648705408
-1.9054011259540182,-0.26577565375863726
-1.9053198768848714,-0.2657643655027168
-1.9049745038463324,-0.26571638145455534
-1.9048970625309822,-0.2657056222249955
-1.9045787482714744,-0.26566139756048973
-1.9045094877617283,-0.26565177492274883
-1.904399494723997,-0.26563649315309407
-1.9035870951965548,-0.26552362325967077
-1.9033976321961499,-0.26549730041242503
-1.9032827720569678,-0.26548134243703225
-1.902985462285263,-0.26544003600945265
-1.9026929412205473,-0.26539939489595715
-1.9023374121062873,-0.2653499998238529
-1.9022959501054506,-0.2653442393433781
-1.9018574701351298,-0.26528331957933765
-1.9011806940572777,-0.26518929239049976
-1.9010666542021082,-0.2651734483804233
-1.9010622078577184,-0.26517283063213515
-1.9008772393230273,-0.26514713221886427
-1.9007298524574172,-0.2651266551761636
-1.900700182255214,-0.26512253297711325
-1.9004646145714514,-0.26508980462306814
-1.9000285073727183,-0.2650292145176097
-1.8993495285025868,-0.26493488128609033
-1.8991791473245765,-0.26491120955222824
-1.8985691808604168,-0.26482646448840685
-1.8985003842362909,-0.2648169063001379
-1.897801853973813,-0.2647198567160164
-1.8975758576246824,-0.2646884581455117
-1.8973094670818051,-0.2646514474492127
-1.8970346934849638,-0.26461327206192675
-1.8964660619278073,-0.26453426982092915
-1.895634362179064,-0.26441871847109466
-1.895260137535118,-0.26436672595478744
-1.8951152251639132,-0.2643465927034239
-1.8948417119969876,-0.264308592432673
-1.8947744229285104,-0.26429924369509866
-1.8947714473832358,-0.26429883029077395
-1.8945448582022981,-0.2642673493557913
-1.8930977873698642,-0.26406630205687565
-1.8927417080163351,-0.264016830537844
-1.8925126409829893,-0.2639850053449838
-1.892067026011565,-0.2639230942868978
-1.8917059526423927,-0.2638729289294353
-1.8912839347342016,-0.26381429630507836
-1.8909237378296706,-0.26376425271833015
-1.8906831376155153,-0.26373082517484686
-1.8905471590953877,-0.26371193313890134
-1.8903905981211528,-0.2636901815008474
-1.8900392937923773,-0.2636413733949725
-1.889728208604684,-0.2635981530941299
-1.8896100302383672,-0.2635817341042603
-1.8895732160017262,-0.2635766193561274
-1.8889690246148656,-0.26349267664673554
-1.8887954862755225,-0.2634685662759083
-1.8887358086306771,-0.26346027502365377
-1.888482081881037,-0.2634250237584534
-1.8878527113957908,-0.26333758281690445
-1.8876177522827695,-0.2633049390140098
-1.8873704409360048,-0.26327057906621476
-1.8861670951944285,-0.2631033934623152
-1.8859674586106683,-0.2630756571587218
-1.885844674001747,-0.2630585982052698
-1.8858339791502163,-0.26305711232706375
-1.8853811462757735,-0.2629941984570399
-1.885153508436231,-0.2629625718277518
-1.884846643403775,-0.2629199378498399
-1.8843329646303353,-0.2628485704173717
-1.8840854516212702,-0.26281418245183213
-1.8840107078960624,-0.26280379800918624
-1.88354766441251,-0.26273946553867944
-1.8835047689271818,-0.26273350589851
-1.8834831152783886,-0.26273049747106897
-1.8815698719428648,-0.2624646829745327
-1.881210352749145,-0.2624147335448395
-1.8809115902603455,-0.2623732252855034
-1.8803124082475908,-0.2622899785483546
-1.879788324711766,-0.26221716554091756
-1.879687640207742,-0.2622031770428268
-1.8795441972842681,-0.2621832479476736
-1.8790071228882108,-0.2621086300684213
-1.8788531386892224,-0.26208723643198795
-1.8784538167620808,-0.26203175705043297
-1.8782721773468851,-0.2620065211649578
-1.8781453358232791,-0.26198889856823365
-1.8774310323239987,-0.2618896575456674
-1.8766757544515165,-0.2617847237906708
-1.8766600559350919,-0.26178254273342505
-1.8760980460882595,-0.261704460472946
-1.875867567532321,-0.2616724391716449
-1.8758337762464805,-0.2616677444140747
-1.8755689429023583,-0.26163095006558446
-1.875340402884983,-0.2615991980931464
-1.874929057572659,-0.2615420482549278
-1.874916471071332,-0.2615402995623013
-1.8748940773939067,-0.26153718831974293
-1.8746095698649234,-0.2614976605585986
-1.8745228600154884,-0.261485613614781
-1.8742640869754723,-0.2614496612484134
-1.8742490315127696,-0.2614475695331758
-1.8734312752195588,-0.26133395540300564
-1.8733126010281793,-0.2613174675261905
-1.8718334457596444,-0.261111962609119
-1.8717015459266084,-0.26109363724137274
-1.8704467694453168,-0.2609193061605075
-1.8704083001005052,-0.26091396146162205
-1.8698614782727003,-0.2608379893329574
-1.869122270561437,-0.260735288269294
-1.868798067244512,-0.26069024541464836
-1.8685593273796264,-0.260657076336879
-1.8682681544117312,-0.26061662251982964
-1.8679423955035572,-0.2605713635407125
-1.8675783639860712,-0.2605207871959544
-1.8673723443946142,-0.2604921640757464
-1.8672289397342108,-0.2604722402966335
-1.867217380110459,-0.2604706342721877
-1.8672103875186958,-0.26046966276363753
-1.8670207074839098,-0.26044330976294305
-1.866986437875579,-0.2604385485501293
-1.866580099716487,-0.26038209437559906
-1.866311178518025,-0.26034473208526737
-1.8656976724492011,-0.26025949525010983
-1.8656576920374812,-0.26025394061269636
-1.8648298729441166,-0.2601389284177287
-1.8647331154029922,-0.26012548550819253
-1.8643921130868903,-0.260078108701861
-1.8637855280538462,-0.2599938334336965
-1.8635342394355516,-0.259958920907769
-1.8628094746269703,-0.2598582264539463
-1.862519103054568,-0.25981788397795624
-1.8624711483154743,-0.25981122143556457
-1.8620221760048048,-0.259748843929001
-1.8618950125149891,-0.25973117660023226
-1.8615739124950332,-0.25968656489896175
-1.8615045755005486,-0.25967693163489214
-1.8611252120185025,-0.2596242251593948
-1.8609316964718454,-0.2595973392758005
-1.8602147010483474,-0.25949772425350964
-1.858531197940609,-0.25926382847941143
-1.8584357046511921,-0.259250561217387
-1.857079759936735,-0.2590621744320199
-1.8561626065654369,-0.2589347506709584
-1.856051225665993,-0.2589192760801629
-1.8558252586686221,-0.2588878815876147
-1.8557196742693505,-0.2588732123276135
-1.8556833992004456,-0.258868172488196
-1.8554142229738377,-0.25883077476579086
-1.8550923333180367,-0.2587860533572756
-1.8549315938060191,-0.2587637211783692
-1.8547206793926712,-0.2587344180011123
-1.8542501590170544,-0.2586690467362908
-1.8540050550610534,-0.25863499347006286
-1.8540005733552312,-0.25863437080887036
-1.8539445633471467,-0.2586265891159599
-1.8538687667045441,-0.25861605838731794
-1.8538105713540411,-0.25860797307610456
-1.8536498591669235,-0.25858564469355505
-1.8535116985981397,-0.25856644949692187
-1.8523888703465712,-0.258410450507747
-1.8499873505208797,-0.2580767978188624
-1.849927858247601,-0.258068532321016
-1.8496678705297556,-0.2580324111946326
-1.8495025488854693,-0.2580094424018885
-1.8475713876824456,-0.2577411385048458
-1.8475469734738876,-0.257737746541871
-1.8474424073904896,-0.25772321876053905
-1.8472240941655518,-0.2576928876369978
-1.8467998311729732,-0.2576339430941489
-1.846673399201707,-0.257616377398158
-1.8463638518471286,-0.2575733707545789
-1.8461851055367542,-0.25754853681964873
-1.8454155473399227,-0.25744161904246476
-1.8451623603572467,-0.25740644276923297
-1.845107325320358,-0.25739879653294356
-1.8450911913755508,-0.25739655497990294
-1.8447643617446328,-0.2573511472410218
-1.8442904811873486,-0.25728530913281367
-1.8431670940392002,-0.2571292324939168
-1.8426547237811552,-0.25705804685869016
-1.8423564468498441,-0.2570166060597846
-1.8396623710900875,-0.2566423074128673
-1.8394677450030208,-0.2566152672374824
-1.8389363898817817,-0.2565414439597991
-1.837150320091319,-0.25629329818904667
-1.8368539303955627,-0.25625211959127336
-1.836260449002196,-0.25616966486382065
-1.8354041087158695,-0.25605069010622067
-1.834848814394743,-0.25597354086040386
-1.8345598654748143,-0.25593339603917314
-1.8341884080033233,-0.2558817879771271
-1.8340959726146409,-0.2558689455613984
-1.833804311452444,-0.2558284239175756
-1.8332660295274326,-0.25575363827152897
-1.8326329712106053,-0.25566568496488945
-1.8320964421842574,-0.2555911428560172
-1.8318307748456109,-0.2555542326373548
-1.8310465164430154,-0.2554452725021909
-1.8309759102548075,-0.25543546290399577
-1.8300099239113623,-0.25530125458413594
-1.8296633860643963,-0.25525310870451273
-1.8290821679663536,-0.25517235776539254
-1.828986690792118,-0.2551590927423143
-1.8285210098307891,-0.25509439383654325
-1.8282892864589682,-0.2550621995880267
-1.82762949184746,-0.2549705317017632
-1.827577449429258,-0.2549633012418755
-1.827550968395311,-0.25495962212663925
-1.8273418403446342,-0.2549305671358442
-1.8272994065863537,-0.2549246716452476
-1.8272535657956572,-0.25491830280210387
-1.826991541930911,-0.25488189878574347
-1.8268904173342702,-0.25486784914383726
-1.8261135289024961,-0.2547599129479951
-1.8251161019175903,-0.25462133645492613
-1.824751122397696,-0.25457062840042755
-1.824151239146906,-0.254487284237493
-1.8240953341103747,-0.2544795171286975
-1.8240211198533307,-0.25446920624716673
-1.8237386943328144,-0.2544299677477292
-1.8235290397444481,-0.25440083960296134
-1.8233741364566316,-0.2543793182738664
-1.823194423206083,-0.25435434999809686
-1.8225364479164392,-0.2542629348774466
-1.8223265571078264,-0.25423377391366175
-1.8220570689064708,-0.2541963328473657
-1.821952875390253,-0.25418185682827205
-1.821891326037346,-0.2541733055321817
-1.8216426432642456,-0.25413875504667804
-1.821385853330055,-0.25410307820108036
-1.8212980865674546,-0.25409088441611827
-1.8204002281728289,-0.253966141382811
-1.8201902268989705,-0.2539369650716507
-1.820045975707034,-0.2539169236805493
-1.8193160313854757,-0.2538155096164144
-1.8185367326622395,-0.25370723854920507
-1.8181662822607738,-0.253655770403398
-1.8175025869451324,-0.25356356057681434
-1.8170872757811662,-0.2535058597470738
-1.8167415082048086,-0.2534578208842059
-1.816404003784089,-0.2534109300543743
-1.8152859544739581,-0.2532555950225166
-1.814952790672774,-0.2532093072521993
-1.8148407968337164,-0.25319374750326856
-1.8141634923226262,-0.25309964689710185
-1.8132480357808187,-0.2529724588833019
-1.8129398243220778,-0.2529296378410378
-1.81293540183247,-0.2529290234069892
-1.812747559561779,-0.2529029257341607
-1.8126441611451087,-0.2528885601814055
-1.8124138817401136,-0.25285656654893607
-1.8119644638447068,-0.252794127135515
-1.8117279831693764,-0.2527612719359246
-1.810958035618535,-0.2526543000642415
-1.8104764865848935,-0.25258739654415163
-1.81004320800901,-0.2525271994305018
-1.8098653184270195,-0.25250248452424917
-1.8094698260278177,-0.25244753719422286
-1.80940857997812,-0.25243902803725204
-1.8093110719272818,-0.2524254808564202
-1.8091626438456512,-0.2524048591534418
-1.8083283351566617,-0.2522889453331756
-1.8073678102532131,-0.2521554957928687
-1.8073634923511361,-0.2521548958895813
-1.80735352008267,-0.25215351040271067
-1.8071804188576306,-0.25212946076191
-1.8062512502929717,-0.25200036768230727
-1.8061551120627393,-0.2519870108160934
-1.8048704895422445,-0.251808533106445
-1.8046985305385812,-0.25178464215899743
-1.8043233429161627,-0.2517325158522657
-1.8038731589660748,-0.2516699700078248
-1.8038003997474565,-0.25165986128056234
-1.8037135402406408,-0.2516477935442505
-1.8036198935445917,-0.25163478283677776
-1.8035070215022297,-0.25161910107557334
-1.8030490177591083,-0.251555468796224
-1.8025331229609447,-0.2514837934826382
-1.802506996448145,-0.2514801636224332
-1.8021056646763856,-0.25142440500518193
-1.8005890942900815,-0.2512137018571754
-1.799787799972456,-0.25110237485466497
-1.7997141817164115,-0.25109214677792063
-1.799495575400632,-0.25106177493410464
-1.799456577052932,-0.25105635673874643
-1.7994289880500367,-0.25105252368898306
-1.7993007846620563,-0.25103471188303156
-1.7990606421523907,-0.25100134793025125
-1.7990247120469753,-0.2509963560179816
-1.798960844063803,-0.25098748258537823
-1.7987627483919606,-0.25095996036679824
-1.7983430309041075,-0.2509016473489768
-1.7982843946109375,-0.2508935007758471
-1.7976777875634946,-0.2508092224491349
-1.7972022890093224,-0.25074315954619175
-1.7967946101484096,-0.250686519102632
-1.7967516569393525,-0.2506805514426757
-1.7965516307515532,-0.25065276100984535
-1.7960101694077093,-0.25057753363451085
-1.7953714142420842,-0.2504887888420383
-1.7952635919233069,-0.2504738086589905
-1.7951357740440255,-0.25045605041329394
-1.7933623254710194,-0.2502096581584177
-1.7930032620459544,-0.25015977205047424
-1.7928736566852035,-0.2501417654628767
-1.792614082244283,-0.2501057017546981
-1.7925467276561389,-0.25009634391421626
-1.791900710966755,-0.250006590249403
-1.7917574533062686,-0.24998668689357262
-1.791330532650756,-0.24992737311105523
-1.791313099311273,-0.24992495102795081
-1.791139379506801,-0.2499008154454524
-1.7910412460883727,-0.24988718137981697
-1.790686508662076,-0.24983789630006648
-1.789904863251903,-0.24972929919831932
-1.7898553981542398,-0.24972242681581186
-1.789516632435995,-0.24967536074890495
-1.7894921657033327,-0.2496719614885476
-1.7894510517397562,-0.24966624936227183
-1.7887263407878842,-0.24956556239097594
-1.788642100178517,-0.2495538585084895
-1.7885433244138156,-0.24954013519913482
-1.787262756806742,-0.2493622208547152
-1.7870174117616897,-0.24932813409302773
-1.7869628266107818,-0.24932055036118478
-1.7868257690283922,-0.24930150840683263
-1.7865120483140209,-0.24925792194179952
-1.7863613345786344,-0.24923698268386574
-1.7863151045693164,-0.24923055976503278
-1.785999595931557,-0.2491867248967013
-1.785846149615083,-0.24916540599042236
-1.7854875941443689,-0.24911559045459436
-1.7851809954582734,-0.2490729934812404
-1.7850878520516658,-0.24906005269776904
-1.7847078382991004,-0.24900725587760536
-1.7845004283626493,-0.24897843959124455
-1.784296613527316,-0.2489501227865628
-1.7839047067308433,-0.24889567361856657
-1.7834933775107138,-0.24883852601610046
-1.7833431597152856,-0.24881765566107494
-1.7832251596043232,-0.24880126143692988
-1.7829517297180408,-0.24876327273668958
-1.7824575540236374,-0.24869461494446343
-1.782052726797155,-0.2486383706898025
-1.7818702126427777,-0.24861301327333823
-1.7817807131892993,-0.24860057875874975
-1.7813659459308897,-0.24854295349596855
-1.7810768824996723,-0.24850279276522969
-1.7807324179797137,-0.24845493494116339
-1.7802843772326593,-0.24839268686043336
-1.7801426175167898,-0.24837299161999876
-1.7800687602909806,-0.24836273034223572
-1.7796794551551167,-0.24830864263328245
-1.7795415155184529,-0.24828947813162633
-1.7794436694574405,-0.2482758839896983
-1.7793732575237071,-0.24826610138004906
-1.778897167802237,-0.2481999563438851
-1.7788164555183377,-0.24818874266567137
-1.7787820360192175,-0.24818396062793485
-1.778600887201261,-0.24815879290308296
-1.778434483882055,-0.24813567382894564
-1.7777821583754039,-0.24804504365508911
-1.7776867135347776,-0.24803178312424767
-1.7775111196636957,-0.2480073871702308
-1.7766687992783803,-0.2478903602531693
-1.776024980807836,-0.24780091199563142
-1.7755740222831902,-0.2477382585364703
-1.7749843001031633,-0.2476563260914596
-1.7749287518756987,-0.24764860855556492
-1.7746428358010713,-0.24760888509957923
-1.7745758431562266,-0.2475995775453177
-1.7740042198297623,-0.24752015964592594
-1.7735664986261348,-0.24745934530035624
-1.773014830602134,-0.2473826998704038
-1.7726623104316124,-0.24733372284280541
-1.772657059801576,-0.2473329933519176
-1.7720741801406266,-0.2472520115652626
-1.7719310205805348,-0.2472321218389097
-1.7716432584422697,-0.24719214190196964
-1.7714840505108278,-0.24717002251163656
-1.7712407933003542,-0.24713622582110045
-1.7708824585305982,-0.2470864409481333
-1.7706510641082138,-0.24705429240186882
-1.7702486531830577,-0.24699838385354939
-1.7699957196320213,-0.24696324279058185
-1.7697313673073882,-0.24692651527203996
-1.7694431668199608,-0.24688647443350964
-1.768900621293838,-0.24681109642842447
-1.7684619760524862,-0.2467501537026232
-1.7681001113955068,-0.2466998784084024
-1.7680251675754934,-0.24668946616579035
-1.7679672022369268,-0.246681412811049
-1.7675095435326174,-0.24661782846931224
-1.7675030891927954,-0.24661693174224242
-1.7674438999566373,-0.2466087083465469
-1.7673927117868977,-0.24660159657079134
-1.7673838433998164,-0.2466003644505465
-1.767287986883451,-0.24658704672395926
-1.7670986621115101,-0.24656074308134313
-1.7670539942222256,-0.24655453719405157
-1.7666381651473722,-0.24649676440889406
-1.7658134402228396,-0.2463821820990933
-1.7655132982221262,-0.24634048217868698
-1.7653535064745234,-0.24631828167645553
-1.7651257491825643,-0.24628663845116866
-1.7645534410621453,-0.24620712541063267
-1.764384991299217,-0.2461837220159399
-1.7639500520601468,-0.24612329417975687
-1.7636271381991748,-0.2460784304743489
-1.7635378685250047,-0.24606602788391257
-1.7634969693113263,-0.24606034559369316
-1.763336325707433,-0.2460380267396835
-1.763243120920516,-0.24602507742840185
-1.7630564918066993,-0.24599914830427683
-1.762731224400949,-0.24595395761154382
-1.7624164268990588,-0.2459102215441435
-1.7623494960743107,-0.24590092257879348
-1.7618987431295454,-0.24583829768166177
-1.7610264741300454,-0.24571710988466744
-1.76096163542752,-0.2457081015861683
-1.7608082231591724,-0.24568678741033073
-1.7600619183019912,-0.24558310031199315
-1.7589523743878392,-0.2454289469685847
-1.7585297725480458,-0.24537023321629065
-1.7583899553541518,-0.2453508078581505
-1.7582842160510077,-0.24533611707673886
-1.7577967704369761,-0.24526839432131264
-1.7576292718988809,-0.24524512308406454
-1.757592899297486,-0.2452400696940707
-1.7574298398492652,-0.24521741519721207
-1.75729607932957,-0.24519883131687692
-1.756955364974064,-0.24515149451805485
-1.7567412154076736,-0.2451217418681349
-1.7562909700975822,-0.24505918749870503
-1.7561618095024878,-0.24504124270416694
-1.7558676798538073,-0.24500037810371134
-1.7556939961260434,-0.24497624753349329
-1.7555605348939276,-0.24495770523437055
-1.7554970891162291,-0.24494889046045065
-1.7553049169658896,-0.2449221912202431
-1.7549237549397911,-0.24486923486587614
-1.7548291822886035,-0.24485609551177795
-1.7548071023483036,-0.24485302785796442
-1.754400909377023,-0.2447965938549535
-1.7541782232330798,-0.24476565518440457
-1.7540929241155576,-0.24475380423917553
-1.7536174714444543,-0.2446877477109496
-1.7534575362406952,-0.24466552727778434
-1.7534484349907964,-0.2446642628049832
-1.7529439133874767,-0.24459416761453462
-1.7527935383739288,-0.24457327541657126
-1.7524483861854507,-0.24452532205198602
-1.752199720960121,-0.24449077400446395
-1.7518153870881368,-0.24443737697294865
-1.7509549429774014,-0.24431783205472213
-1.7498499193258523,-0.2441643067293527
-1.7498273084880558,-0.2441611653158411
-1.7495562885484168,-0.24412351143906086
-1.7484313016710953,-0.2439672125434354
-1.7480432433225617,-0.24391329805559847
-1.7469750319571866,-0.24376488720737582
-1.7468808547316212,-0.24375180279133002
-1.7466789241118652,-0.24372374776820305
-1.746514133432391,-0.24370085274450948
-1.7463289288908954,-0.24367512154187576
-1.7458349351508122,-0.24360648902928622
-1.7457719166271366,-0.243597733615465
-1.7454811200698135,-0.24355733209463165
-1.7454560679774018,-0.24355385150791903
-1.745076346263104,-0.2435010952617921
-1.7448124648786103,-0.2434644331728344
-1.7447752682848499,-0.2434592653023081
-1.7447551599147193,-0.24345647156656985
-1.74425470264607,-0.24338694105028164
-1.7441345505385792,-0.24337024784071054
-1.7439313127516738,-0.24334201120765903
-1.7437049126420103,-0.24331055654109968
-1.743628665545227,-0.243299963229069
-1.7436279856132202,-0.24329986876341442
-1.7430918749259905,-0.2432253847760576
-1.743086842125394,-0.243224685549079
-1.7430440053900509,-0.24321873407127848
-1.7426953524066748,-0.24317029432735188
-1.742553875242756,-0.24315063834298223
-1.7423554898952895,-0.24312307587861715
-1.7421131890367225,-0.24308941205785045
-1.7417550819219554,-0.24303965881389522
-1.7415107784489998,-0.24300571676195654
-1.741291649536071,-0.24297527231164268
-1.7411967033150977,-0.24296208105601014
-1.7411964656043735,-0.242962048029915
-1.7401397263977587,-0.2428152310542795
-1.7401255337297787,-0.24281325921053987
-1.7399194438845758,-0.24278462632969988
-1.739297352517583,-0.24269819670496456
-1.7380936223769863,-0.24253095769498229
-1.7377388213012932,-0.24248166377216823
-1.7376315439975787,-0.24246675931022799
-1.737033808812188,-0.2423837135865522
-1.736944000454327,-0.24237123615465084
-1.736330652010641,-0.2422860212189798
-1.735564106708325,-0.242179522035199
-1.7349340033217324,-0.2420919792687547
-1.7346456389724114,-0.24205191566424056
-1.7343834057175422,-0.24201548255647853
-1.7340232705913545,-0.24196544755284094
-1.7340210849259183,-0.24196514388965978
-1.7339435979579634,-0.24195437831740202
-1.7337271439546518,-0.2419243055029069
-1.7328183622966316,-0.2417980448572259
-1.7327082394822093,-0.24178274505717995
-1.7323900096181726,-0.24173853211807222
-1.732349328850974,-0.24173288017749
-1.732116062427406,-0.24170047154666502
-1.7319919112021145,-0.24168322272377218
-1.7305007989399446,-0.2414760565740785
-1.7296458431875061,-0.24135727417527136
-1.7293428840963068,-0.2413151828652937
-1.7291154210265505,-0.24128358051746623
-1.7289238947546186,-0.24125697101171123
-1.7287043061508127,-0.24122646269471798
-1.7284920679349816,-0.24119697559632347
-1.728042079014041,-0.24113445684805684
-1.7279988149537218,-0.2411284460002998
-1.727639029374235,-0.2410784595605739
-1.726991638823106,-0.24098851501969104
-1.726744712757424,-0.2409542086005272
-1.7258897268696112,-0.24083542201489289
-1.72579079186475,-0.24082167658167025
-1.724921772458637,-0.24070094026359345
-1.7243136784121256,-0.24061645534219384
-1.7234943100992783,-0.24050261724773225
-1.723110165737787,-0.24044924654566263
-1.7226170029338446,-0.24038072947833183
-1.7222479085846478,-0.24032944973425302
-1.721720688866913,-0.24025620100460549
-1.7215587892627984,-0.24023370764949586
-1.7209022283113176,-0.2401424890284648
-1.7207979918387601,-0.24012800704127635
-1.720369492348731,-0.24006847390500807
-1.7191427936514019,-0.23989804378220148
-1.7186830384317826,-0.23983416816326486
-1.7185756772034704,-0.23981925204134685
-1.7174356785420999,-0.23966086749893262
-1.7165795345253012,-0.23954192000983776
-1.7162988011688747,-0.23950291660947887
-1.7161010271433852,-0.23947543907850444
-1.7156020796339158,-0.23940611831905634
-1.7155838174332534,-0.23940358107897586
-1.7154021656976814,-0.23937834348178177
-1.715067301050078,-0.2393318194061153
-1.7149435376615632,-0.23931462446692653
-1.7145568740816322,-0.239260903759832
-1.7138673752664704,-0.23916510895056142
-1.7133890843754955,-0.23909865809717445
-1.7122941145207309,-0.23894652958572887
-1.7117059255020197,-0.2388648101489097
-1.7115986216234442,-0.23884990199481854
-1.7111296080989926,-0.23878474008281503
-1.71045383738308,-0.238690852572905
-1.7097613181075517,-0.23859463811907766
-1.7093759216107305,-0.23854109345287272
-1.7089903986606134,-0.23848753121800925
-1.7087527450411122,-0.2384545130566259
-1.7086999238534353,-0.2384471743992016
-1.7086073638207717,-0.23843431466618964
-1.708582218168108,-0.2384308210807795
-1.707612280228143,-0.23829606374991835
-1.7070728049620256,-0.23822111230825166
-1.7070632549084468,-0.2382197854813724
-1.7064576044755926,-0.2381356400609249
-1.706164339690719,-0.23809489561943353
-1.7059441738612255,-0.23806430710618243
-1.705613800919005,-0.2380184070809871
-1.7055481746931451,-0.23800928936874266
-1.7053732848277503,-0.23798499122503247
-1.7052876586063481,-0.23797309483396206
-1.7052651210857337,-0.2379699636066978
-1.7049783951215978,-0.23793012762954557
-1.7045459018332862,-0.23787003961901737
-1.7044880876524078,-0.23786200726521411
-1.7044205671523,-0.23785262637392401
-1.7042970717623664,-0.2378354686688427
-1.7033134718711818,-0.23769881322882935
-1.7030941127428523,-0.23766833679377547
-1.702913542903426,-0.23764324950871057
-1.7025762844662231,-0.23759639285434614
-1.7024309382260732,-0.2375761993238466
-1.7023459972950383,-0.2375643981428891
-1.7022756800981018,-0.23755462869539934
-1.7022307377798516,-0.23754838468060158
-1.7020294888801453,-0.23752042437154908
-1.7020019549339742,-0.237516598971035
-1.701765471609942,-0.23748374340345002
-1.701276439634952,-0.23741580024859438
-1.7012018238701179,-0.23740543358399147
-1.7010721993906004,-0.2373874243401478
-1.7006804900325958,-0.23733300260306223
-1.7005748235742757,-0.23731832194227143
-1.6997112010238953,-0.23719833543079938
-1.6994701205578846,-0.23716484116401815
-1.698567484878217,-0.23703943440352326
-1.6979780237102693,-0.23695753822195742
-1.6977223337211362,-0.23692201419609582
-1.6976262862255753,-0.23690866993601029
-1.697603161365305,-0.2369054571073146
-1.6974699747532016,-0.23688695296224094
-1.697199985523611,-0.23684944228610205
-1.696751755502011,-0.2367871679087074
-1.6964736169797339,-0.23674852501896437
-1.6964145618867004,-0.23674032026030595
-1.6962324847544203,-0.2367150235610576
-1.695697078170408,-0.2366406373975577
-1.6950477434656535,-0.23655042274768906
-1.6949531342251045,-0.23653727831008547
-1.693714571582737,-0.2363651998822679
-1.6921315682286875,-0.2361452669381624
-1.6913203706734499,-0.23603256403951206
-1.6911240850827718,-0.23600529330269854
-1.6910257643181543,-0.2359916332083129
-1.689981215061012,-0.23584650983077948
-1.6895861164830175,-0.23579161721589786
-1.6894248469779933,-0.2357692114029577
-1.6876383097056633,-0.23552100068309245
-1.687440981642068,-0.23549358511137564
-1.6874122326281478,-0.23548959089667265
-1.6873911031275017,-0.23548665529121565
-1.6871917076147978,-0.23545895248058146
-1.6868362903589962,-0.2354095729494174
-1.6867529650667357,-0.23539799623557245
-1.6856656516246489,-0.23524693145995346
-1.685586041986614,-0.23523587097670978
-1.6855384760775287,-0.2352292624560156
-1.6854390357554516,-0.23521544681706497
-1.6843548025713362,-0.23506480999392154
-1.6842591017653423,-0.23505151390079482
-1.6841194358711176,-0.2350321095633186
-1.6832538667225605,-0.23491185260322933
-1.6828884137499873,-0.2348610787700694
-1.6822831198553296,-0.23477698288488974
-1.6822273527082015,-0.23476923493361673
-1.6821445685167373,-0.23475773339705497
-1.6821036231953517,-0.2347520447009087
-1.6815314183778132,-0.23467254601265225
-1.681401769833534,-0.2346545334253956
-1.680947276244104,-0.2345913888256418
-1.6806910007908706,-0.23455578345892708
-1.68020710408386,-0.23448855376725042
-1.6799133859769184,-0.2344477463439235
-1.6796509021745083,-0.23441127842659637
-1.679594689479595,-0.23440346857359962
-1.6792844096123927,-0.23436036015913175
-1.6783100737683443,-0.23422499180998652
-1.6775470048891674,-0.2341189756194817
-1.677032813008998,-0.23404753689905744
-1.6769496150696743,-0.234035977878862
-1.6767926593691083,-0.23401417139991082
-1.6767664987963495,-0.2340105368076204
-1.676652492702415,-0.2339946974881263
-1.6762107771524313,-0.23393332819215074
-1.6755164163970953,-0.23383685789421887
-1.675218675234689,-0.2337954915318155
-1.6751372323482459,-0.23378417634808824
-1.674720124137196,-0.23372622584745784
-1.674455694857534,-0.23368948763724817
-1.674349315876957,-0.23367470798290974
-1.6739297351992526,-0.23361641397266575
-1.6737167183517663,-0.23358681869588266
-1.6736735604185144,-0.23358082259278073
-1.673374900684756,-0.23353932860961046
-1.6732988298505385,-0.2335287597864384
-1.6725095239486498,-0.23341909838214753
-1.671755248535606,-0.2333143039028227
-1.671286854277038,-0.23324922802788833
-1.670783691486664,-0.23317932162271976
-1.6706115982786822,-0.233155412029733
-1.6705835225431418,-0.23315151135626977
-1.6703680503823821,-0.2331215749530604
-1.6703421732648467,-0.23311797974233012
-1.6702308447614813,-0.2331025124311299
-1.6698541866876198,-0.23305018182873827
-1.6696889445658398,-0.23302722408437193
-1.6687849106304689,-0.23290162305865786
-1.6686813093380763,-0.23288722931957284
-1.6683439337931811,-0.23284035639497153
-1.6678446364021364,-0.2327709870250863
-1.6677494848103023,-0.2327577672364643
-1.6672052300169873,-0.2326821517560984
-1.6670049298630756,-0.2326543232600678
-1.6668334872688446,-0.23263050405943397
-1.6659725513468036,-0.232510890811909
-1.6658509707921632,-0.2324939991425013
-1.6655016031576992,-0.23244546010926026
-1.6651032466889832,-0.23239011486267946
-1.665016604664069,-0.23237807734199206
-1.6648229293890227,-0.23235116926669802
-1.664050055042915,-0.23224379076372254
-1.6640286838281348,-0.23224082157596088
-1.6638154829314384,-0.23221120072848983
-1.66323203530738,-0.23213014003246396
-1.6632145033165637,-0.232127704243338
-1.6620777106674594,-0.23196976512494288
-1.6617951400861777,-0.23193050647163688
-1.661641920436252,-0.23190921905704187
-1.661198253890361,-0.2318475787014549
-1.660756063465679,-0.2317861434292512
-1.6605611060989267,-0.23175905722786372
-1.6604139283108907,-0.23173860923314088
-1.660119568998704,-0.23169771272462225
-1.6587933507429706,-0.23151345595424733
-1.658543344319498,-0.2314787215687395
-1.6583292220286123,-0.23144897270831383
-1.658008593635591,-0.23140442653204674
-1.6579255470839802,-0.23139288854474743
-1.6577110481732493,-0.23136308735903066
-1.6575978792160968,-0.231347364346275
-1.6574922341859377,-0.23133268666258372
-1.6573553640194416,-0.2313136707466663
-1.657157774450508,-0.23128621884297385
-1.656288440338097,-0.23116543880150098
-1.655806201917158,-0.23109843950209547
-1.6557074974495147,-0.2310847260983243
-1.655319776281676,-0.23103085845634075
-1.655230556032872,-0.23101846273276688
-1.654704479543153,-0.23094537283632882
-1.6545380025745418,-0.23092224352978707
-1.6541129198668656,-0.2308631851006635
-1.6534017630880595,-0.23076438126447252
-1.653052459209063,-0.2307158510890318
-1.6526247933861153,-0.23065643377744277
-1.6525712694397647,-0.2306489974829643
-1.652417346166156,-0.23062761231113604
-1.6522464398146153,-0.23060386761282914
-1.652209906681959,-0.23059879191958954
-1.652176204623876,-0.23059410955878612
-1.6521534776231355,-0.23059095200629526
-1.6521496675622103,-0.23059042265939633
-1.6519759526087754,-0.23056628775087173
-1.6512082956669594,-0.2304596341225995
-1.651121212796753,-0.23044753535352447
-1.6510261368157728,-0.23043432606981878
-1.6505389882273018,-0.23036664458133344
-1.65036623191475,-0.2303426428605948
-1.6503408366374765,-0.23033911459384626
-1.6499488308843326,-0.23028465167740658
-1.6496814363001482,-0.2302475014856606
-1.6494392390991888,-0.23021385206645695
-1.649157030228655,-0.23017464366706203
-1.6489316585248894,-0.23014333188101904
-1.6478110919208204,-0.2299876471115152
-1.6475420186025482,-0.22995026368657384
-1.64725578918459,-0.2299104966965545
-1.646996293710882,-0.22987444395960444
-1.6469708212485827,-0.2298709049692335
-1.6469145173516095,-0.22986308244517245
-1.6468016640409644,-0.22984740328643993
-1.646528672467747,-0.2298094754827747
-1.645601151921156,-0.22968061136886858
-1.6455570922983909,-0.22967448999046086
-1.64550735557188,-0.22966757986947867
-1.6452979219287076,-0.22963848242150436
-1.6449438310890698,-0.22958928717460658
-1.6444608305837245,-0.2295221819957874
-1.644336131274056,-0.22950485702535495
-1.6442265495106345,-0.22948963239567377
-1.6437711560097923,-0.22942636276765277
-1.64368987188,-0.22941506964061753
-1.643388383747842,-0.2293731826968226
-1.6432434680464791,-0.22935304898278708
-1.643151343908979,-0.2293402498104215
-1.643097807388138,-0.22933281176891923
-1.6429552315226872,-0.22931300313758146
-1.6421505646348822,-0.22920120757049905
-1.6419474403024765,-0.22917298670013192
-1.6415002437445847,-0.22911085590595553
-1.6414049551863361,-0.22909761708804555
-1.6414026311869703,-0.22909729420558206
-1.6413120180702194,-0.22908470496533145
-1.6413099334326455,-0.22908441533835266
-1.6408741703404968,-0.22902387304098876
-1.6407663101424628,-0.22900888759522542
-1.6404678116599596,-0.22896741601533266
-1.640455047402705,-0.2289656426263692
-1.6404480565160604,-0.22896467135471787
-1.6403539830860456,-0.22895160135940024
-1.6402482744450597,-0.22893691483800394
-1.6401507068357568,-0.2289233593824781
-1.6400023900068679,-0.228902753136285
-1.6397839146305913,-0.2288723994844143
-1.6394175274445102,-0.22882149585726075
-1.6393623382431401,-0.22881382820228768
-1.6391647284871411,-0.2287863734939261
-1.638979874527567,-0.2287606909990314
-1.6377889949386215,-0.22859523736723603
-1.6375909689547559,-0.22856772483068344
-1.6375869881557292,-0.22856717176246188
-1.6375436109076973,-0.22856114518908632
-1.6371383373598554,-0.22850483892522594
-1.6369509498924202,-0.2284788044400204
-1.6368230871623597,-0.22846103996302697
-1.6367551772104658,-0.2284516049636532
-1.6366952134900858,-0.22844327396578834
-1.6362201210303031,-0.228377267483152
-1.6358037487563986,-0.22831941922919252
-1.6357229717254087,-0.2283081965554084
-1.6348719417399529,-0.22818995957900245
-1.6345590526243678,-0.228146488651292
-1.6344864918880497,-0.22813640749996406
-1.634385693487978,-0.22812240317784294
-1.6340746153512318,-0.2280791838566164
-1.634042666991811,-0.2280747451441344
-1.6334705046691553,-0.2279952523598608
-1.6325457354982005,-0.22786677050550103
-1.6322421648644827,-0.22782459423149193
-1.6319247129768006,-0.2277804893797295
-1.6316722252448443,-0.22774541025617767
-1.631213704476253,-0.22768170614442595
-1.631099863305139,-0.22766588973831448
-1.6297370314844324,-0.22747654609991858
-1.6295332831143998,-0.22744823852952512
-1.6292299991269226,-0.22740610208041695
-1.6286870102785609,-0.22733066248281208
-1.6280301714905132,-0.22723940526084324
-1.6277535346924008,-0.22720097101160358
-1.6276623620189945,-0.22718830402992424
-1.6273321779937577,-0.2271424302517157
-1.6267833915127472,-0.22706618516597715
-1.6264250801497766,-0.22701640354500785
-1.625385097590196,-0.22687191463690676
-1.6251660469846552,-0.22684148106614938
-1.6248759543304603,-0.22680117734137378
-1.624824059290019,-0.22679396735726376
-1.6247885535817062,-0.2267890344081694
-1.6243226538446982,-0.22672430510702418
-1.6241660194357894,-0.22670254326639933
-1.6241450324654347,-0.22669962746324188
-1.623367125626531,-0.22659154977605175
-1.6231605472883703,-0.22656284902694476
-1.6224293763491828,-0.22646126454395019
-1.6221961575003285,-0.2264288625228691
-1.6217707382265965,-0.22636975733328635
-1.6216715452579114,-0.22635597606012497
-1.621664562457867,-0.22635500591197724
-1.6216327672007518,-0.22635058847060674
-1.6212210513348022,-0.226293387149901
-1.6211879364131792,-0.2262887863622982
-1.6211754606934066,-0.22628705306099323
-1.6208647045775424,-0.226243878479407
-1.6205983927309187,-0.22620687871669118
-1.6203806098151525,-0.22617662127110982
-1.6192945246929764,-0.2260257271508552
-1.619178348835297,-0.22600958637746524
-1.6188836336290182,-0.22596864042316656
-1.6187569807326156,-0.22595104403316899
-1.618428818645767,-0.22590545117089253
-1.6180411740890288,-0.22585159417279335
-1.6172982140704273,-0.22574837178616633
-1.6160846447365882,-0.22557976577798286
-1.615861947519046,-0.22554882556893474
-1.6157399611038934,-0.22553187751171383
-1.6156984289820016,-0.22552610728904232
-1.6155055392581983,-0.22549930835350296
-1.6152446367677396,-0.22546306013412662
-1.6147512087567066,-0.2253945062205213
-1.6144204284300563,-0.2253485495957887
-1.6139592910408835,-0.22528448194654563
-1.6134221822045718,-0.225209859282372
-1.6131908120169614,-0.22517771410314083
-1.6131089285081206,-0.2251663377019936
-1.6128211748517387,-0.22512635894347538
-1.6125358749421084,-0.22508672109374026
-1.6120839288662205,-0.22502393043016225
-1.611702597905775,-0.22497095060507558
-1.6105633697539308,-0.2248126731126103
-1.6102076624161412,-0.2247632532792032
-1.609849247671177,-0.2247134572949628
-1.6098094754183079,-0.22470793157788535
-1.609508501255546,-0.22466611604190007
-1.6094532384825122,-0.22465843816532358
-1.6090746663531958,-0.2246058416356044
-1.608868417229807,-0.2245771866256133
-1.6086015575005472,-0.22454011074338662
-1.607957904499082,-0.22445068547512517
-1.6079327588328107,-0.2244471918878247
-1.607767622332925,-0.22442424881792764
-1.607448608954264,-0.22437992702202078
-1.6072194070629826,-0.22434808309281187
-1.60705718734637,-0.22432554526320123
-1.606723114556999,-0.22427913120354426
-1.6066543991513014,-0.22426958429927416
-1.6065146203048313,-0.22425016426889383
-1.6064839215668685,-0.22424589917128482
-1.6064206095417275,-0.2242371029801391
-1.6060504758440426,-0.22418567883524623
-1.605606682013457,-0.2241240207954911
-1.6055386561869576,-0.22411456969719815
-1.6053324152315427,-0.2240859158220162
-1.6052916265524675,-0.22408024888880831
-1.6046327457593093,-0.223988707962958
-1.6041499041062413,-0.22392162485411665
-1.6039817954936788,-0.22389826885679945
-1.6036771407941215,-0.22385594196921718
-1.6035944142254381,-0.22384444843841717
-1.602520956042153,-0.2236953086289404
-1.6023815999029531,-0.22367594732696025
-1.6022172622552577,-0.22365311524477133
-1.6020989551677962,-0.22363667837116186
-1.6018940381791305,-0.2236082084399395
-1.6018539861989125,-0.2236026438592303
-1.6015945985680067,-0.22356660610530904
-1.6010426125810764,-0.22348991649950375
-1.600863654628154,-0.22346505316023382
-1.6007511954754081,-0.2234494287634239
-1.6003849255671039,-0.22339854143013782
-1.6001137043017732,-0.22336085958237947
-1.6000662038270377,-0.2233542601527394
-1.599822422929845,-0.22332039070432735
-1.5997387703196377,-0.22330876851489986
-1.5994893806257577,-0.2232741198140842
-1.5993654874062835,-0.2232569068369646
-1.598815528119121,-0.22318049880860866
-1.5987959657531712,-0.22317778093140017
-1.5985055081452832,-0.2231374265021582
-1.5978567627223275,-0.22304729372355067
-1.5977696964524926,-0.22303519726083107
-1.5973303334250584,-0.22297415481015828
-1.597127967066351,-0.2229460392480879
-1.5968417044873209,-0.22290626765086896
-1.5966442675132835,-0.2228788369477917
-1.5963261762317904,-0.22283464326250726
-1.5962263758445296,-0.22282077759827032
-1.5961975364846193,-0.22281677083144008
-1.5960518169049858,-0.22279652543140324
-1.5960508165558271,-0.22279638644892086
-1.5955715523615712,-0.22272980037064294
-1.595433264358125,-0.22271058746900602
-1.5950816514402109,-0.22266173648961624
-1.5949666968535339,-0.22264576539225786
-1.5949654411204481,-0.2226455909282722
-1.5949479306280805,-0.222643158126011
-1.5948019610880473,-0.22262287799798283
-1.5946476675706172,-0.22260144138670965
-1.5945702665159556,-0.22259068775072716
-1.5945436217401943,-0.2225869858861902
-1.5945027823387814,-0.22258131190592642
-1.5944743447512664,-0.22257736095893116
-1.5933878071045326,-0.22242640396764207
-1.5929132640050463,-0.22236047380981408
-1.5924774290216033,-0.22229992152430708
-1.5923509966514127,-0.22228235577289218
-1.5922496037847924,-0.22226826885917217
-1.5921175751960057,-0.22224992560287796
-1.5919421684497386,-0.22222555564685484
-1.591344002244517,-0.22214245003988173
-1.5904881005658227,-0.22202353621978244
-1.5899135235914785,-0.22194370795835808
-1.5895114012122107,-0.22188783949886506
-1.5891695991175003,-0.22184035157611448
-1.587981115172618,-0.2216752307806649
-1.5874012403709632,-0.22159466647104778
-1.587365505117024,-0.2215897016302677
-1.5867685979974797,-0.22150677095306923
-1.5867032836019006,-0.2214976965646446
-1.5864549667983623,-0.22146319692474598
-1.5858933301728146,-0.22138516651738246
-1.5854131026502731,-0.2213184466000792
-1.5854079713687466,-0.2213177336907539
-1.5851409051251035,-0.22128062911666355
-1.5848992887293178,-0.22124706039102982
-1.5844267022962906,-0.2211814020806452
-1.5843636895779152,-0.22117264747337742
-1.5841162158644495,-0.22113826496733158
-1.5839402484018394,-0.22111381710875969
-1.5838356128649622,-0.22109927967798007
-1.5837070672961338,-0.2210814203314841
-1.583550048457294,-0.2210596050804819
-1.5827188389904363,-0.22094412184745732
-1.582716128864995,-0.22094374531896435
-1.5824424760257165,-0.22090572564297867
-1.5822785246971722,-0.22088294723364393
-1.5819192592524542,-0.22083303305830754
-1.5817065878015328,-0.22080348576884107
-1.5816028827304862,-0.22078907761137537
-1.5807887261848692,-0.22067596360843778
-1.5795971799111133,-0.22051041735147336
-1.5794492563808518,-0.2204898657478209
-1.5791176825979802,-0.22044379888506377
-1.5784167522324333,-0.22034641584508902
-1.5781713960014678,-0.2203123275292981
-1.5780449463136101,-0.22029475937187087
-1.5776895310232664,-0.22024538011377548
-1.5770851547504763,-0.22016141171744705
-1.5770216142637556,-0.22015258378522654
-1.5768992478849293,-0.2201355829381431
-1.5767640380688828,-0.22011679770130888
-1.5762227377217308,-0.22004159269388437
-1.5762159862040148,-0.2200406546787092
-1.5756563601073812,-0.21996290360211415
-1.5756067705458605,-0.21995601392734862
-1.5755141269097837,-0.21994314257898234
-1.5754975308068537,-0.2199408368164779
-1.575388422112629,-0.2199256779121794
-1.5750424255731659,-0.21987760723855776
-1.5748565051694767,-0.21985177657834595
-1.5742898226288526,-0.2197730451219572
-1.573969696267179,-0.21972856869489937
-1.5738736247488216,-0.21971522109723132
-1.573871233334498,-0.21971488884853996
-1.5734292468294047,-0.21965348190769476
-1.5732169258693163,-0.21962398331331204
-1.5727179402732974,-0.21955465726234827
-1.5724927289539614,-0.21952336775915124
-1.5715944650570866,-0.2193985683878057
-1.5712345579196116,-0.21934856505954553
-1.5706873533065593,-0.21927253974900607
-1.5705977356266363,-0.21926008880874812
-1.570296295088915,-0.21921820847743728
-1.5696089340803412,-0.219122710682128
-1.5677888116794338,-0.21886983384694014
-1.5677459237533398,-0.21886387525700515
-1.5663550535389523,-0.218670636133199
-1.5663029779256983,-0.2186634010613909
-1.5657977333796074,-0.21859320542963134
-1.5654064040180975,-0.21853883648696817
-1.564059842756674,-0.21835175338200477
-1.5640436297860543,-0.21834950084959412
-1.5636319940341927,-0.21829231065945695
-1.5624837989346014,-0.21813278735332203
-1.5623468050459826,-0.2181137542481986
-1.561414311476368,-0.21798419921244955
-1.5612114819212248,-0.21795601929665842
-1.5611164891009817,-0.21794282156680422
-1.5609628218165208,-0.21792147196056513
-1.5608772633719934,-0.2179095849860051
-1.5608566783216895,-0.21790672502319686
-1.5608134572531784,-0.2179007201484626
-1.56055253354616,-0.21786446898138537
-1.5604994771969918,-0.21785709765204103
-1.5603901426619748,-0.21784190737078407
-1.5603503156002407,-0.21783637403889325
-1.5600020459899937,-0.21778798755851828
-1.5595636552432732,-0.2177270801906671
-1.5594490053845842,-0.21771115143037845
-1.5590154583361153,-0.21765091701676587
-1.55854673802733,-0.21758579584237947
-1.558340339851317,-0.2175571201239154
-1.5582754833585384,-0.21754810935374572
-1.558068375734945,-0.2175193350689111
-1.5579994942788138,-0.21750976509459466
-1.5575025853157143,-0.21744072755849134
-1.5574091940080443,-0.21742775233314066
-1.5572747037012034,-0.21740906706057844
-1.5570582058463607,-0.21737898815361575
-1.5566261730133093,-0.21731896411596602
-1.5563914910264,-0.2172863588153029
-1.5558595029406115,-0.21721244759734046
-1.5556763525962332,-0.2171870017924722
-1.5544953230049934,-0.21702291665998485
-1.5542796315041316,-0.21699294978298375
-1.5540623398457103,-0.21696276058973665
-1.5531715612351507,-0.21683900117895252
-1.5525032658483082,-0.21674615224620436
-1.5524536596398308,-0.21673926025861098
-1.5516105504602686,-0.21662212375123144
-1.551596171616381,-0.21662012604133338
-1.551488830535386,-0.21660521271856228
-1.5507905098427144,-0.21650819225080636
-1.5505906718056996,-0.21648042795851202
-1.5504185884812798,-0.21645651973868768
-1.5503835315095367,-0.21645164913434753
-1.5490844357723386,-0.21627116060321083
-1.5490290339077333,-0.21626346340208966
-1.5488831811467785,-0.2162431994986427
-1.5487601075028599,-0.21622610038841047
-1.5480563153796891,-0.21612831975308133
-1.5477344914717144,-0.21608360747917285
-1.5474501908317269,-0.21604410846193853
-1.5470190162070816,-0.21598420365859164
-1.5469066818065287,-0.2159685965940995
-1.5468101952834559,-0.21595519133817787
-1.5466998327002224,-0.21593985822609854
-1.5461570662063067,-0.21586444952108008
-1.5459959014615312,-0.21584205826289743
-1.545827111676896,-0.21581860762763838
-1.5456156037985105,-0.21578922199792647
-1.5454259328231936,-0.2157628702559001
-1.5452891875784598,-0.21574387169585924
-1.5447589774248314,-0.21567020749307425
-1.5442423895765027,-0.21559843589127606
-1.543452464799197,-0.21548868850416517
-1.5433026928301878,-0.21546788008957507
-1.543117317686924,-0.21544212518456002
-1.5430107637782724,-0.21542732122676952
-1.54298453867098,-0.21542367766843992
-1.5427650667565556,-0.2153931855635658
-1.5426951157771551,-0.215383466996133
-1.5425283239714844,-0.21536029394802803
-1.5424639530361541,-0.21535135063828342
-1.5418292388628583,-0.21526316727692713
-1.5418177598036855,-0.21526157244563823
-1.5417286653307507,-0.21524919419660557
-1.5415563724254537,-0.21522525685887745
-1.5414374250857676,-0.21520873103248317
-1.5410951307494196,-0.21516117472064655
-1.5403193476319028,-0.21505339209050472
-1.5397421401984706,-0.21497319836895032
-1.539300590516127,-0.2149118521176248
-1.5392178882266703,-0.21490036196003418
-1.5388237337158808,-0.21484560050815948
-1.5381329474953818,-0.2147496268345515
-1.5370436348050294,-0.21459828429542946
-1.5365295602856863,-0.2145268618804108
-1.5362954929861519,-0.2144943419807065
-1.5358322387907273,-0.21442998023516233
-1.5356669804865877,-0.21440702024251646
-1.5354470773115618,-0.21437646822089385
-1.534892953191452,-0.21429948155575262
-1.534878434450904,-0.2142974644094559
-1.5348495440388452,-0.2142934505497479
-1.5344649750125563,-0.21424002084731103
-1.53374780017326,-0.21414038089807066
-1.5337471197376424,-0.2141402863624474
-1.5336776182108978,-0.2141306302392575
-1.53339298055698,-0.21409108439933908
-1.5333880319076452,-0.2140903968638297
-1.5333486448890863,-0.21408492466888515
-1.5333422896258528,-0.21408404170691928
-1.5333170444949644,-0.21408053430060428
-1.5325901359756824,-0.21397954201253863
-1.5318155549179402,-0.2138719263893362
-1.5314271576429,-0.2138179648130935
-1.5309359472379243,-0.2137497190003065
-1.530907718152434,-0.21374579702132562
-1.5308749599309759,-0.21374124579149373
-1.5305755838847628,-0.21369965228818885
-1.5300010450234143,-0.21361982932195436
-1.529991925990913,-0.21361856237854562
-1.5295254223081343,-0.21355374916881553
-1.5290355932190636,-0.21348569526773423
-1.5288325679440855,-0.2134574881598089
-1.5287033051820786,-0.2134395291708159
-1.5286308268492854,-0.21342945946813702
-1.5285622891064707,-0.21341993724727681
-1.52846237658381,-0.21340605600362328
-1.52840377800207,-0.21339791466989247
-1.5282932536794285,-0.2133825590867147
-1.5276148763343387,-0.2132883094274588
-1.5271893914856784,-0.21322919512729085
-1.5261505330041554,-0.21308486239181954
-1.526041892087686,-0.21306976847774267
-1.5252741703795427,-0.21296310585122727
-1.5247675563291456,-0.21289271994879444
-1.5246729039844396,-0.21287956952255913
-1.5245881253960725,-0.21286779089651334
-1.5243741476671808,-0.21283806212065962
-1.5241342805840707,-0.2128047364339847
-1.5239689116230142,-0.21278176106733382
-1.5236189058054799,-0.21273313336878386
-1.5235336659440337,-0.21272129065623674
-1.523353153967113,-0.21269621141023967
-1.5232874419075249,-0.21268708177277468
-1.5230237025878322,-0.21265043942144415
-1.5227584049473355,-0.21261358056641433
-1.5222220249005898,-0.21253905915586996
-1.521396104256543,-0.21242431072000728
-1.5212090002211185,-0.21239831561313674
-1.5206432498010365,-0.21231971365995753
-1.5194384006339692,-0.21215231917918265
-1.5187941138311374,-0.21206280585437973
-1.5181328334012805,-0.21197093153747085
-1.5174291903888426,-0.2118731716186881
-1.517074651073721,-0.21182391406331
-1.5170612537514607,-0.21182205272011054
-1.5168484866082514,-0.21179249213573448
-1.5167442008020355,-0.21177800329442478
-1.516628028809224,-0.21176186305799624
-1.5165950129484096,-0.21175727603330508
-1.5165894736432102,-0.21175650643563013
-1.5164487046738828,-0.21173694884354818
-1.5161600825078452,-0.21169684941953337
-1.5157430969987604,-0.2116389159663745
-1.5155008351540018,-0.21160525756595108
-1.5153114091500186,-0.2115789398587652
-1.5152558734552652,-0.21157122406409
-1.5152077952393148,-0.21156454436656805
-1.514939605213078,-0.2115272836608979
-1.514902927919022,-0.2115221879387424
-1.5142236657537078,-0.21142781534789806
-1.514115095596278,-0.21141273126465557
-1.5131078300046514,-0.21127278785487333
-1.5130751948115595,-0.21126825371786104
-1.5108163004853887,-0.21095441655617284
-1.5106363730111838,-0.21092941851745972
-1.509897776542292,-0.2108268023761271
-1.5094727393101177,-0.21076775026509564
-1.5093699708220532,-0.21075347223082389
-1.5090783463805706,-0.21071295568875587
-1.508334813900987,-0.21060965376785046
-1.508310199057438,-0.21060623392985922
-1.507767339874629,-0.21053081234720478
-1.5077558273468514,-0.2105292128659897
-1.5070494644457513,-0.21043107506227096
-1.5062006584552825,-0.21031314707432294
-1.5061614509047425,-0.21030769981358305
-1.5058467132595983,-0.21026397206231823
-1.5053508038698775,-0.21019507340091487
-1.5052398593210512,-0.21017965943404412
-1.504867682930297,-0.210127951489689
-1.504370273937132,-0.21005884448242237
-1.5039816596742184,-0.21000485275919245
-1.503884779166569,-0.20999139276542855
-1.5035889711944734,-0.20995029498883425
-1.5034889989923013,-0.2099364054536691
-1.5031792154667367,-0.2098933659979166
-1.5027042851019463,-0.20982738203578144
-1.502568713238288,-0.20980854649823447
-1.5022528997075146,-0.20976466926990536
-1.5021585148495582,-0.20975155600666673
-1.50196871113865,-0.20972518582315736
-1.501728245021751,-0.20969177691033866
-1.5017218239487744,-0.2096908848051638
-1.5008349934138527,-0.20956767391621076
-1.5007380117904552,-0.20955419987403434
-1.500710121194486,-0.20955032492274717
-1.500517930916892,-0.20952362316404807
-1.5004873554229112,-0.20951937518921507
-1.4991204440024128,-0.2093294647558147
-1.49892613460681,-0.20930246857963306
-1.4986050275208178,-0.2092578558966499
-1.4982573565792405,-0.20920955259169136
-1.4982540791980925,-0.20920909725210984
-1.4976716434528936,-0.2091281771404334
-1.497417730460259,-0.20909289999975403
-1.497156017195342,-0.20905653913626157
-1.496914621596395,-0.20902300108680974
-1.4968007405926629,-0.2090071791465944
-1.496786192395377,-0.20900515790775598
-1.4961013513095454,-0.20891001021532313
-1.4951540978104374,-0.2087784045239391
-1.4950115040245724,-0.20875859340284683
-1.4949411526086336,-0.20874881920117525
-1.4948327652368403,-0.20873376051306727
-1.4946667449113653,-0.20871069464977046
-1.4944339406675426,-0.2086783502314133
-1.4941169731882231,-0.20863431268042884
-1.4939293911171303,-0.20860825115816403
-1.4938455846558492,-0.20859660759359583
-1.4936453437516337,-0.20856878732936093
-1.493113964283111,-0.20849496066901274
-1.4924353173835387,-0.20840067355948177
-1.492061354858971,-0.20834871746046113
-1.4916684843568693,-0.20829413440101366
-1.4914983091819174,-0.2082704912879747
-1.4913774844273235,-0.2082537046248697
-1.4913491411739261,-0.20824976678408794
-1.4911914590632729,-0.20822785938209795
-1.49077545976883,-0.20817006294765672
-1.4906317378247773,-0.20815009508706614
-1.4904506923747394,-0.20812494172352966
-1.4900740711161173,-0.20807261623602555
-1.4896726565195115,-0.2080168461115892
-1.4894066142595128,-0.2079798838036141
-1.4889638082207635,-0.20791836300170258
-1.4876736431533697,-0.2077391152439969
-1.4876694933502819,-0.20773853869536973
-1.4873705355908582,-0.20769700330631016
-1.4865528279573643,-0.2075833959366278
-1.4858669096356212,-0.20748809857953068
-1.4853296567239784,-0.20741345589839894
-1.4847574958864334,-0.20733396332045764
-1.4844700870831944,-0.20729403247375627
-1.4836619663763249,-0.20718175705387185
-1.483061631063103,-0.20709835008410807
-1.4829436192152532,-0.20708195422931056
-1.48287281295908,-0.20707211683487828
-1.4824360640764616,-0.20701143757772872
-1.4823628138218083,-0.20700126062887952
-1.4807886973016213,-0.20678256236790357
-1.47997630034594,-0.20666969283178524
-1.4799284775202337,-0.20666304861664436
-1.4799107670421128,-0.20666058802956805
-1.479855191724175,-0.20665286672988645
-1.4785010046092195,-0.20646472413479974
-1.4781334664758807,-0.2064136606019718
-1.4776724213351546,-0.20634960576917194
-1.4768637785191954,-0.20623725781059765
-1.476845539399804,-0.2062347237772897
-1.476694957493375,-0.20621380283487664
-1.476605539461247,-0.20620137963247992
-1.4761579737396588,-0.2061391975489248
-1.475887238812111,-0.20610158327000652
-1.4753217357581079,-0.20602301568437925
-1.474933774495945,-0.2059691146851376
-1.4748541623364517,-0.2059580538515776
-1.4746493270564263,-0.2059295952724612
-1.4746477621090786,-0.2059293778481098
-1.474529117365674,-0.20591289406261878
-1.4745236092331166,-0.20591212879588291
-1.474095456498493,-0.20585264383572038
-1.47409544398326,-0.2058526420969294
-1.4735212225301604,-0.2057728632294838
-1.4732564571772648,-0.20573607832728477
-1.4731747591466737,-0.20572472769536757
-1.472885218296747,-0.20568450063495086
-1.4727737337694577,-0.20566901164672716
-1.4726419978288738,-0.2056507090492103
-1.4720990103920113,-0.20557526964771067
-1.471788220473197,-0.20553209036974615
-1.4717458360293367,-0.20552620173059793
-1.4715091406564458,-0.20549331670222262
-1.471264007051132,-0.20545925931669792
-1.471058390548095,-0.20543069219916532
-1.4707720014485282,-0.20539090302394578
-1.4704582817690133,-0.2053473167026894
-1.469994244762441,-0.20528284619808293
-1.4699406961837067,-0.20527540648132958
-1.4693421403509515,-0.20519224674185554
-1.4690244094744402,-0.20514810312906687
-1.4687258977479423,-0.20510662970913326
-1.4681957801153371,-0.20503297836066156
-1.4680368129871026,-0.20501089242607454
-1.467465591821146,-0.20493153040043965
-1.4672513640302776,-0.2049017668824823
-1.467154463041551,-0.20488830404320088
-1.4666753261394279,-0.20482173565012465
-1.4665129926106868,-0.20479918200814287
-1.4664241965710507,-0.20478684522163382
-1.465670142213954,-0.20468208145448982
-1.4655841121214843,-0.20467012895200773
-1.465281851162423,-0.20462813463630114
-1.4651452030103103,-0.20460914956572382
-1.4640937488263863,-0.20446306685928436
-1.4640890993038005,-0.20446242088264227
-1.4640508161478067,-0.20445710205170875
-1.4639048524066904,-0.20443682272934713
-1.4638098294524284,-0.204423620812854
-1.4637446637788798,-0.20441456708697184
-1.462922502912871,-0.20430034101200675
-1.4626404285504073,-0.20426115130035233
-1.4626194145367144,-0.2042582317399565
-1.4621340007578914,-0.2041907912754668
-1.462049951616716,-0.20417911399441674
-1.4620098477586194,-0.2041735422061078
-1.4616589041105224,-0.20412478421103242
-1.4611487578697417,-0.20405390756735872
-1.4607394876956663,-0.20399704603634009
-1.4604551800363839,-0.2039575460438873
-1.4602954914231647,-0.2039353598705254
-1.4598868285899353,-0.203878582719783
-1.459727892682791,-0.203856501122866
-1.45969458881689,-0.20385187408448424
-1.4594953633810879,-0.20382419490330966
-1.4591014667969913,-0.2037694692862149
-1.4590480710182256,-0.2037620507985682
-1.4584117451139194,-0.20367364351302036
-1.4583974499305083,-0.20367165742640464
-1.458171056481542,-0.20364020368524235
-1.4578849725662417,-0.20360045691048512
-1.4577447179347265,-0.20358097077739856
-1.4565045996690906,-0.2034086762206609
-1.456456528379891,-0.2034019974854999
-1.4564023614183936,-0.20339447185437298
-1.456218053251199,-0.20336886518858158
-1.456169044975452,-0.2033620562741576
-1.4559175595094864,-0.20332711639940115
-1.455834200946542,-0.20331553506312797
-1.4551345688622503,-0.20321833239852516
-1.4538931397169308,-0.2030458557160658
-1.4538801160343444,-0.20304404628411046
-1.4535499992257426,-0.20299818184457602
-1.4528110820532407,-0.2028955211466169
-1.4525565334666601,-0.20286015570034582
-1.452094726682624,-0.20279599504941534
-1.4516221255220172,-0.20273033469286972
-1.4516078315336354,-0.20272834877228416
-1.4514806494776904,-0.2027106788640494
-1.4514242810006357,-0.202702847367621
-1.4506052997612273,-0.20258906305080987
-1.4504601837075228,-0.20256890150102758
-1.450227482050269,-0.20253657133542996
-1.4496415458898975,-0.20245516489716903
-1.4494633103329193,-0.20243040192323705
-1.4492077664809766,-0.2023948982007958
-1.4491201473190287,-0.20238272492257875
-1.4487354447828367,-0.2023292766710807
-1.4486249999701557,-0.20231393213453752
-1.4481942138227397,-0.20225408130387526
-1.4479190959308894,-0.20221585808231615
-1.447540517256932,-0.20216326064332407
-1.4472270373654925,-0.20211970763677745
-1.4470844384513015,-0.2020998958031865
-1.4469325718445745,-0.2020787963722577
-1.4467394540839575,-0.20205196575465806
-1.4463163170355096,-0.20199317764369978
-1.4461730128771577,-0.20197326782773617
-1.4458368208739436,-0.20192655933728193
-1.445752630833849,-0.20191486248058557
-1.445003772405094,-0.20181082060440567
-1.4449857391768859,-0.20180831517637773
-1.4444091540762023,-0.20172820791798424
-1.4431635347080445,-0.2015551490712213
-1.4427847540153562,-0.20150252356496437
-1.4423271115594434,-0.20143894148068198
-1.4416234401670258,-0.20134117761895587
-1.441592255418369,-0.2013368449979506
-1.440185732116049,-0.20114143112845947
-1.438019583296206,-0.2008404794683762
-1.437791258634983,-0.20080875741622378
-1.4376917971287657,-0.20079493883407637
-1.4374479484668452,-0.2007610599708414
-1.4369568829136028,-0.20069283428288123
-1.4364533114932276,-0.20062287110512345
-1.4364122319297534,-0.20061716375819058
-1.4362795165471938,-0.20059872508290935
-1.4360676387050144,-0.2005692880526579
-1.4357311864834013,-0.20052254340902795
-1.4355405072287355,-0.2004960515827464
-1.4354958136585123,-0.2004898421275001
-1.4354404124839328,-0.20048214502224704
-1.4351913139231791,-0.2004475367697131
-1.4351102119631416,-0.20043626895224567
-1.4349338823986872,-0.2004117707854261
-1.4349020505282641,-0.2004073482572233
-1.4343864793358896,-0.2003357179034752
-1.433762727226797,-0.20024905754524308
-1.4337605979709647,-0.20024876171927228
-1.4335945655502769,-0.20022569417553943
-1.4334905683448897,-0.2002112454306893
-1.433152322467631,-0.2001642515873555
-1.432899445074743,-0.20012911832666264
-1.4327981878842502,-0.20011505026296578
-1.432705296070769,-0.20010214443432695
-1.4324147269826173,-0.20006177451668916
-1.432255314539471,-0.2000396267127326
-1.4321724261712718,-0.2000281107024831
-1.4319739784275647,-0.20000053956916053
-1.4318653546382583,-0.19998544803462848
-1.431811598611661,-0.19997797949631949
-1.4312625579666538,-0.19990169909856723
-1.431181165930695,-0.19989039097969977
-1.4298741284837635,-0.19970879907528324
-1.428656567702058,-0.1995396385193926
-1.4281354036876965,-0.19946723113266965
-1.4278066430909975,-0.19942155511704218
-1.4277791780520983,-0.19941773929008919
-1.4276425824913872,-0.19939876152624422
-1.4275855428708075,-0.19939083678517996
-1.4270844660296826,-0.19932122018922652
-1.4270129591252074,-0.19931128545094265
-1.4260375680896444,-0.19917577049984878
-1.4259167129875785,-0.19915897962044887
-1.4258004580183772,-0.19914282785578086
-1.4247454850598564,-0.19899625627200904
-1.4245447300331051,-0.1989683645786879
-1.4244956790540724,-0.19896154973132693
-1.4243492401709559,-0.1989412043955998
-1.4243207015044226,-0.19893723940529479
-1.4237899318851555,-0.19886349747372628
-1.4234665789456908,-0.19881857276539908
-1.4233238767134986,-0.19879874657742783
-1.4232065900743283,-0.1987824514787529
-1.4226304119886959,-0.19870240076857723
-1.4225334855971665,-0.19868893439998356
-1.4223695254810367,-0.19866615476975477
-1.4218906616912965,-0.19859962432126665
-1.4212681443233266,-0.19851313551052335
-1.4211183085341417,-0.19849231822914273
-1.4206850981597376,-0.19843213059099532
-1.4205111406378146,-0.1984079619814671
-1.4193534989158154,-0.19824712621855647
-1.4187107724988328,-0.19815782968435794
-1.418382980107596,-0.1981122881853613
-1.4181969282826739,-0.19808643926627556
-1.418148854332068,-0.1980797601613549
-1.417546982812993,-0.19799613976040958
-1.4174240487578709,-0.19797906004380333
-1.4173950967927764,-0.1979750376322876
-1.417117505395468,-0.19793647075678966
-1.416963960054065,-0.197915138092584
-1.4166801872040702,-0.19787571240330995
-1.41656343096219,-0.19785949099483738
-1.4165238118180232,-0.19785398654976014
-1.416405992940908,-0.1978376175051533
-1.415866590018391,-0.1977626761144704
-1.4153060908542887,-0.1976848037391439
-1.414954551175525,-0.19763596293516036
-1.4148816453999744,-0.1976258338461612
-1.4146420906935713,-0.19759255155922303
-1.4143339691792547,-0.19754974301329514
-1.4141438746163029,-0.19752333242055603
-1.4141116274955,-0.1975188521999684
-1.4135158637470446,-0.19743608037585705
-1.4134811036562305,-0.19743125101836353
-1.4129384972224073,-0.19735586455112958
-1.4126059442803456,-0.19730966164989666
-1.4124795691436622,-0.19729210385016022
-1.412333268130088,-0.1972717776691962
-1.41230148715525,-0.19726736221211913
-1.4120118584334826,-0.19722712294331868
-1.4115146601952868,-0.19715804521707705
-1.4107120242462563,-0.19704653181638623
-1.4106759120451715,-0.19704151460484187
-1.4106715986836948,-0.197040915332398
-1.4106488239174124,-0.19703775114365074
-1.410546214022692,-0.19702349514338233
-1.4101384920324775,-0.19696684870769723
-1.410048066445909,-0.19695428552175984
-1.4096381402474816,-0.19689733284667205
-1.4096117929416343,-0.19689367231081192
-1.4096061893040788,-0.19689289377518712
-1.4090705354002369,-0.19681847325056082
-1.4089681712081787,-0.1968042513867393
-1.4089000196738648,-0.1967947828233603
-1.4080056695351513,-0.19667052720598263
-1.4077798694222583,-0.19663915589935785
-1.4077175190856526,-0.19663049331942048
-1.4076131425836471,-0.19661599187738446
-1.407379614929235,-0.19658354695272054
-1.4069581962583082,-0.1965249975827771
-1.406520816377091,-0.19646423065848567
-1.4056658139344,-0.19634544177281638
-1.4054362553013662,-0.19631354828005856
-1.4053739765470015,-0.19630489564532624
-1.405296833934138,-0.19629417791568932
-1.4052455661352015,-0.1962870550767332
-1.4043077829435318,-0.1961567651327802
-1.4042410845501272,-0.19614749846003995
-1.404110458771224,-0.1961293501016953
-1.403136652366677,-0.19599405530968306
-1.402836410147792,-0.19595234146556817
-1.4028257930079953,-0.195950866384162
-1.4027628642360686,-0.1959421234399077
-1.402186649624484,-0.1958620676550364
-1.4016440672511457,-0.19578668453062117
-1.400479814031824,-0.1956249302061249
-1.4001818344137533,-0.1955835307141288
-1.3996682504196971,-0.19551217644973695
-1.3995834706955015,-0.19550039766588584
-1.3993556745484614,-0.1954687490423082
-1.3991852429912228,-0.19544507030905983
-1.3987055771555563,-0.19537842842914527
-1.398640327534665,-0.19536936304012528
-1.39849337181882,-0.19534894589877416
-1.3983982129733645,-0.19533572510237773
-1.3976149309847803,-0.195226900624291
-1.397575068531806,-0.1952213623753546
-1.3973810648603695,-0.1951944086746456
-1.3970880341120109,-0.19515369674877692
-1.3969178047650919,-0.1951300461094114
-1.3965963448988261,-0.19508538441326356
-1.3963229120386842,-0.195047395299853
-1.396242401995169,-0.1950362097196993
-1.39623843737373,-0.19503565889909422
-1.3959265213939396,-0.19499232317300536
-1.395722240753986,-0.19496394165223735
-1.395608268390899,-0.19494810701910395
-1.3952161335941247,-0.1948936261741202
-1.3951729990972013,-0.19488763332712047
-1.3949362358606898,-0.19485473887018284
-1.3946965629619743,-0.19482144016231723
-1.3946767108834832,-0.19481868203419453
-1.3946357795909108,-0.19481299528712698
-1.3929472086171897,-0.19457839541427685
-1.3927698841876228,-0.1945537590268954
-1.3927375081036981,-0.194549260888949
-1.3923308316559544,-0.19449275971463248
-1.3922559832225219,-0.19448236072445704
-1.3918399776867012,-0.1944245634228764
-1.3915377131905258,-0.1943825686157446
-1.3908256691607188,-0.19428364151024757
-1.3904738856973837,-0.19423476683630517
-1.3896335818913996,-0.19411802009062054
-1.3894317255244673,-0.1940899753837333
-1.3892847629516494,-0.19406955728971576
-1.3892789199298914,-0.19406874549549277
-1.389205971562245,-0.19405861048900458
-1.3889800204840652,-0.1940272182081728
-1.3889261524450456,-0.19401973410753312
-1.3885250160042335,-0.1939640026283861
-1.3884295280113919,-0.19395073610223593
-1.3876951390040966,-0.1938487045202561
-1.3876909480304214,-0.1938481222516356
-1.387551162187855,-0.19382870124925983
-1.3867046102256717,-0.19371108642241508
-1.3866508458642974,-0.19370361672612246
-1.3861188851350645,-0.19362970930891488
-1.3860654047812575,-0.1936222790709217
-1.385990801421364,-0.19361191412978657
-1.3858952421671011,-0.19359863770300398
-1.3856379186767709,-0.19356288672833227
-1.385596942468761,-0.19355719374098473
-1.3855007759947366,-0.19354383295074865
-1.3851607410497637,-0.19349659054513066
-1.3848104084719661,-0.19344791744847925
-1.384668420428267,-0.19342819048555235
-1.3845457753616721,-0.19341115091927016
-1.3845301317301015,-0.19340897748739522
-1.3843161350886333,-0.19337924608394225
-1.3840490538816683,-0.19334213943093814
-1.3838796040618238,-0.19331859709436552
-1.383747269374766,-0.1933002113106226
-1.3836935379551842,-0.19329274619106407
-1.3836273720730485,-0.19328355350222978
-1.383329902379287,-0.19324222485604348
-1.3833016826694802,-0.19323830417966362
-1.3830063596227073,-0.19319727377567053
-1.3829188076511447,-0.1931851098324807
-1.3818645479053098,-0.19303863733818033
-1.381728273863039,-0.1930197042441695
-1.3809780928801427,-0.19291547862028935
-1.3805974272865715,-0.19286259123726543
-1.3796010519653563,-0.19272416085601043
-1.3793351624868366,-0.1926872197745732
-1.3785155065448726,-0.19257334171865592
-1.378479975373704,-0.1925684052319058
-1.3783028690248718,-0.19254379914334713
-1.3782474822701878,-0.19253610404150737
-1.3782370828528472,-0.19253465920914686
-1.3779623337335556,-0.19249648722262425
-1.3776721128296927,-0.1924561656796127
-1.3776116360862127,-0.19244776340541075
-1.3772458129637213,-0.19239693814585235
-1.3765241976947509,-0.1922966812700788
-1.3764153215358628,-0.19228155467283825
-1.3757130453359485,-0.19218398465074882
-1.3756505764185891,-0.19217530559591622
-1.375619138807709,-0.19217093784375772
-1.3752793870943414,-0.1921237347886317
-1.3750074158054535,-0.19208594873712134
-1.3749976154394872,-0.1920845871333479
-1.374754209844857,-0.1920507698272115
-1.3747365715408166,-0.192048319267567
-1.3746354705821078,-0.1920342729097725
-1.3741819878966905,-0.19197126875892884
-1.3732883227596366,-0.19184710831155266
-1.3730851860992277,-0.19181888572840708
-1.3729049875786468,-0.19179385003214444
-1.372267495581326,-0.19170528073666207
-1.3721739183467847,-0.19169227967975253
-1.3718778672805836,-0.19165114812912845
-1.3718210103790194,-0.19164324877394281
-1.3717237625577807,-0.19162973774784284
-1.3715341404036216,-0.19160339278873392
-1.371187608796695,-0.19155524777606414
-1.370562961550999,-0.19146846305294798
-1.3705612326646746,-0.19146822285190324
-1.3701987743928268,-0.19141786508441092
-1.3694761084137517,-0.19131746222930873
-1.3693337973467135,-0.19129769038746616
-1.3688019877048696,-0.19122380396142977
-1.3682700638350989,-0.1911499016652538
-1.3678171053416568,-0.19108697034248334
-1.3674488777684257,-0.19103581102303255
-1.366729466529903,-0.19093586036196417
-1.3664459991890032,-0.1908964771182822
-1.3662820192072018,-0.19087369472803664
-1.3659920698522137,-0.1908334109123891
-1.3659778843740085,-0.19083144006755332
-1.365856645341362,-0.19081459584715285
-1.365717948871905,-0.19079532619571044
-1.3655378111902188,-0.190770298952037
-1.3642500044530619,-0.1905913788465191
-1.3641608107457814,-0.19057898681046456
-1.3641403228596651,-0.19057614034706288
-1.3636946968309591,-0.19051422775274485
-1.3633397665508775,-0.19046491587905184
-1.3625183477108629,-0.19035079289670573
-1.3623553514683318,-0.1903281471812647
-1.3619901558925926,-0.19027740910926932
-1.3613727855813855,-0.19019163539956765
-1.3607510431014205,-0.19010525424709293
-1.3603049918728003,-0.1900432825780618
-1.3594398270887438,-0.18992308179793893
-1.3590348468319164,-0.18986681628216429
-1.3587931730219753,-0.1898332395797539
-1.3584733303373184,-0.18978880256507086
-1.358254141896388,-0.1897583498442953
-1.3581478389765456,-0.18974358075737702
-1.3581454369903647,-0.18974324703989545
-1.357991176990962,-0.18972181508541508
-1.3578214723980946,-0.18969823735221442
-1.3569949127530698,-0.18958340013740752
-1.356763334200258,-0.18955122600917132
-1.3566034944509764,-0.1895290188378759
-1.3565990031896724,-0.18952839484910236
-1.3563271280226183,-0.18949062215218018
-1.356302574278144,-0.18948721080292608
-1.3554742644968882,-0.1893721304347406
-1.3550264941998034,-0.18930991992869906
-1.3548871198844037,-0.18929055610142725
-1.3544465883435493,-0.1892293513045431
-1.3544380333514827,-0.18922816272551254
-1.3542826173209954,-0.1892065701590414
-1.3538218656959322,-0.18914255610553846
-1.3535038077663064,-0.18909836705396144
-1.3529096384498023,-0.18901581675061466
-1.3526685657890256,-0.18898232356824562
-1.3518885373054144,-0.18887395111252853
-1.3514142611206013,-0.18880805803821618
-1.3512097761259207,-0.18877964812563428
-1.3509415244854759,-0.1887423788596575
-1.3503047049771608,-0.18865390299574394
-1.350149415438766,-0.18863232800332186
-1.3498688698700207,-0.1885933506930514
-1.34979901340781,-0.18858364525726726
-1.3495495284175234,-0.18854898331654332
-1.3495165088214476,-0.18854439577289758
-1.349216523602492,-0.1885027176348038
-1.3490587722233012,-0.1884808006090606
-1.3489790405186182,-0.18846972316661267
-1.3485440603365533,-0.18840928964205667
-1.3479481775301319,-0.18832650127674927
-1.3473261271331822,-0.18824007734414475
-1.3469447278916016,-0.1881870880324886
-1.3464603446878827,-0.18811979074989185
-1.3464435243091402,-0.1881174538278579
-1.346075397868781,-0.18806630855919876
-1.345885233159507,-0.18803988822075246
-1.345438006354542,-0.18797775322423008
-1.345052393447832,-0.1879241784913396
-1.3450150900530033,-0.1879189957825167
-1.3447711609331858,-0.18788510574094652
-1.3446243993399907,-0.18786471556982623
-1.3446080305431647,-0.18786244138786182
-1.3440820579926787,-0.18778936593211434
-1.343650624198343,-0.18772942512129284
-1.3433449754974125,-0.18768696013315136
-1.3426437879791553,-0.18758954136592906
-1.3426110602156232,-0.1875849943677377
-1.3424619935863475,-0.18756428394879865
-1.3424440750808404,-0.1875617944596512
-1.342044772361829,-0.18750631774675813
-1.3414304217989026,-0.18742096358268026
-1.3413234030189154,-0.1874060950384685
-1.3411549403112393,-0.18738268984531056
-1.3410343708340569,-0.1873659386489103
-1.340791015076562,-0.1873321282668451
-1.3406550027390454,-0.18731323153251528
-1.339965395254676,-0.18721742162540012
-1.3394262337470266,-0.1871425137754437
-1.338082904569477,-0.18695587971673155
-1.3379413872037942,-0.18693621814697114
-1.337609764001921,-0.18689014441823568
-1.3372600765541078,-0.18684156095205576
-1.336933740485897,-0.18679622178580207
-1.3366295307931362,-0.18675395672478173
-1.3363260684123213,-0.18671179549077863
-1.3362699544698817,-0.1867039993578553
-1.336028824194945,-0.18667049817092218
-1.3359964522261165,-0.18666600060470243
-1.3357662646472628,-0.18663401973000351
-1.3357643457838728,-0.18663375313469052
-1.3357498104148993,-0.18663173367814054
-1.3356894586848458,-0.18662334877255043
-1.3356769808406017,-0.18662161517608414
-1.3353753626529412,-0.18657971016316152
-1.3352142327269447,-0.18655732374249026
-1.3351885496488156,-0.1865537554904255
-1.334913158705775,-0.1865154943327798
-1.3348257871618048,-0.18650335545711202
-1.3347835314572587,-0.1864974847042281
-1.3347672503996617,-0.1864952227122233
-1.3337450082935032,-0.1863531985557862
-1.3332585814627094,-0.18628561734396204
-1.3330546269769123,-0.18625728113708662
-1.3329394157576444,-0.1862412743847429
-1.3319015920025858,-0.18609708540792955
-1.3318441032893702,-0.18608909827264133
-1.3316719203678218,-0.18606517621539242
-1.3299809897862722,-0.18583024851285357
-1.3299526231216425,-0.18582630741945638
-1.3299335213293537,-0.18582365353157604
-1.329281954565956,-0.18573312877293377
-1.3292679667031262,-0.18573118538358716
-1.3288156634263137,-0.1856683450926658
-1.328786201759188,-0.18566425186622215
-1.328676585238342,-0.18564902240755382
-1.3284172727796002,-0.18561299509760004
-1.3276737613484135,-0.18550969610103213
-1.3266300195485352,-0.18536468490674377
-1.326094424992271,-0.18529027262751221
-1.3258462488065388,-0.185255792524204
-1.3257589714812539,-0.18524366673871243
-1.3257217354633082,-0.18523849339082746
-1.3256512491021004,-0.18522870044067355
-1.3249843143169673,-0.18513604054172544
-1.3237314575612853,-0.18496197617596494
-1.3237190832850467,-0.18496025696861307
-1.323660180431814,-0.18495207336123498
-1.3235186030487769,-0.18493240345302514
-1.3235167083279264,-0.18493214021193102
-1.3235157986654016,-0.18493201382890295
-1.3235043242205593,-0.1849304196387014
-1.323397987365685,-0.18491564583705425
-1.3229353191864073,-0.18485136550906123
-1.3227047505339184,-0.18481933169028844
-1.32241946289799,-0.1847796955457875
-1.3223883600833037,-0.18477537430819407
-1.321627517182343,-0.18466966738168517
-1.3212359503712747,-0.18461526544921167
-1.3205385558660785,-0.18451837366036086
-1.3204762669768426,-0.18450971961755064
-1.3201273750607896,-0.18446124667775812
-1.3198818317925078,-0.18442713237612995
-1.319706262457246,-0.18440273983097202
-1.3194655590912345,-0.1843692979561917
-1.3193533735540923,-0.1843537115738845
-1.3191525192169835,-0.184325806082981
-1.3191351778822598,-0.18432339678246323
-1.319126374225257,-0.18432217365542525
-1.3189144473533814,-0.18429272981328348
-1.318116960069875,-0.1841819317371457
-1.318011838690412,-0.1841673268063258
-1.3179577264989835,-0.184159808784622
-1.3178133730898616,-0.18413975319208098
-1.3175872664796326,-0.1841083393025639
-1.3174702233712015,-0.18409207803858185
-1.3174131188775762,-0.18408414428444766
-1.3169929937842118,-0.18402577463637346
-1.3160153816208984,-0.18388995109517828
-1.3159151285001207,-0.1838760225308755
-1.3153551143297628,-0.18379821753765643
-1.3153257690876996,-0.18379414048660916
-1.3147588889336486,-0.18371538157500206
-1.314720670734557,-0.18371007176878898
-1.3141664265928108,-0.1836330684285651
-1.3137685538952524,-0.18357779039423286
-1.313577799649264,-0.18355128814910904
-1.3130953337825781,-0.18348425724976247
-1.3130557594972188,-0.1834787590370975
-1.312644955003171,-0.1834216843369103
-1.3125991126219754,-0.18341531527279217
-1.3123323888824263,-0.1833782582841562
-1.312221538686438,-0.18336285742609984
-1.3109063362018216,-0.18318013112056392
-1.309869858032366,-0.18303612909130337
-1.3092742397708979,-0.18295337748027704
-1.3081934965950412,-0.1828032255378444
-1.3077315986219942,-0.18273905221766237
-1.3077203715046934,-0.1827374923896585
-1.307592678625857,-0.18271975151077027
-1.3072278581648507,-0.18266906555495496
-1.3071802469358735,-0.18266245073778817
-1.3066811987618276,-0.18259311599261058
-1.3052084200603524,-0.1823884969973301
-1.3051921668932072,-0.18238623888025654
-1.3048169739872135,-0.1823341118394568
-1.30479426345257,-0.1823309565746662
-1.304457654461712,-0.18228419015046224
-1.3039942944712137,-0.1822198137063883
-1.3039774888847937,-0.1822174788395105
-1.3039346186514769,-0.18221152270770333
-1.3035572826297177,-0.18215909791531726
-1.3030646845140403,-0.18209065930237017
-1.3027711515917826,-0.18204987760748692
-1.3024666281279424,-0.18200756895300413
-1.3019864033100994,-0.1819408494114754
-1.3014249355966288,-0.18186284247173776
-1.300824095552459,-0.18177936537769834
-1.3005683171460751,-0.1817438290676769
-1.3001274156865243,-0.18168257287651887
-1.3000351686753258,-0.18166975663282245
-1.2998551938313827,-0.18164475201284352
-1.2996511618504876,-0.18161640503926627
-1.2984714736074365,-0.18145250626561105
-1.2974922398574427,-0.181316457430937
-1.2974705092822585,-0.18131343831580685
-1.2974149393982273,-0.18130571777107932
-1.2972851207505625,-0.18128768155068367
-1.2969342083063697,-0.18123892789089074
-1.296583677677181,-0.1811902272781729
-1.296470227339985,-0.18117446517217012
-1.2961483260151385,-0.18112974214242802
-1.2957779744505054,-0.18107828772841464
-1.2954594694569603,-0.18103403656447148
-1.2954045829973835,-0.18102641097061828
-1.2948508661871383,-0.18094948089465449
-1.2946260623035273,-0.1809182479981212
-1.2942782852719208,-0.1808699299536535
-1.2941447044509482,-0.18085137103957583
-1.2941170335215788,-0.1808475266074419
-1.2940247652042673,-0.18083470740360258
-1.292950647156116,-0.18068547591647885
-1.2928452475402301,-0.18067083232916736
-1.2927916116427662,-0.1806633804808761
-1.2923876609804492,-0.18060725801075656
-1.292241397803059,-0.18058693708652393
-1.2921402422470718,-0.18057288314331274
-1.2918911251783325,-0.18053827231939087
-1.2908982440248,-0.18040032739673198
-1.2896113760969319,-0.1802215377237177
-1.2893066049371829,-0.18017919465585844
-1.2891192386149526,-0.18015316310844015
-1.2890633346793208,-0.1801453961525969
-1.288897520593611,-0.18012235894300982
-1.288846310851634,-0.1801152441701377
-1.2886970444341224,-0.1800945059938253
-1.2885758214918142,-0.18007766400891934
-1.2881058221437125,-0.1800123651325201
-1.2875189737299482,-0.17993083195127155
-1.2874320325246722,-0.17991875286426806
-1.2868879900900643,-0.17984316688774088
-1.2868443452586698,-0.1798371031379459
-1.286697194530434,-0.17981665890274867
-1.2861775679321494,-0.17974446511534836
-1.2859512668915436,-0.17971302421284663
-1.2854746957561776,-0.17964681229193777
-1.2849924158041603,-0.17957980722245465
-1.2845900476942043,-0.17952390462262102
-1.284528858238012,-0.17951540332841076
-1.283791809369775,-0.1794130022013846
-1.2836092753826938,-0.17938764202948385
-1.2833711939804782,-0.17935456443454884
-1.28316204627332,-0.17932550671280073
-1.2830528324877308,-0.17931033320774156
-1.2826609833288891,-0.17925589204757034
-1.282267231797322,-0.1792011865831996
-1.282074735882572,-0.17917444236111638
-1.2820572303862545,-0.17917201025297635
-1.2820464130892506,-0.17917050736293433
-1.2820275952376974,-0.17916789292406834
-1.281905843072545,-0.17915097741213037
-1.2818445265601845,-0.17914245846550197
-1.2814379855769136,-0.1790859761118029
-1.2812740683982389,-0.17906320244704524
-1.2812674871371288,-0.17906228808629662
-1.2811764682497653,-0.179049642470723
-1.280661746026021,-0.1789781300675591
-1.2805845819345179,-0.17896740935380945
-1.280529936309894,-0.17895981722011298
-1.2802059650191622,-0.17891480660178793
-1.2799955828023484,-0.17888557736470964
-1.2793770393409114,-0.17879964066458634
-1.2786161421890192,-0.17869392620077998
-1.2779390420505836,-0.1785998539889181
-1.2774533224916933,-0.17853237104118894
-1.2772411805519979,-0.1785028973188206
-1.27645738225441,-0.17839400110787296
-1.2761615037006249,-0.17835289352508413
-1.2756175578195361,-0.17827732096312085
-1.2752862211702682,-0.17823128704627728
-1.2749716867516019,-0.17818758753007416
-1.2746875877809098,-0.17814811653155624
-1.27412094579289,-0.17806939070930183
-1.2737755896092102,-0.1780214090028529
-1.2737104069858223,-0.1780123529220622
-1.273509068816145,-0.17798438021037802
-1.2730555610669427,-0.17792137257732307
-1.2730131115955314,-0.1779154749036389
-1.272594053313456,-0.17785725347189477
-1.2723059432207815,-0.1778172251922664
-1.272119385586184,-0.1777913059990332
-1.2718997558709004,-0.17776079197025887
-1.270610409970178,-0.17758165802263287
-1.2696258338425428,-0.17744486695021167
-1.269370440355339,-0.1774093841185408
-1.2690205537695667,-0.17736077298533323
-1.268902582534365,-0.1773443827730122
-1.2686837734564986,-0.17731398275865398
-1.2684833089877212,-0.17728613143370642
-1.2681119274934995,-0.1772345339274842
-1.2671927514586077,-0.1771068291497351
-1.2667917657038734,-0.17705111860600353
-1.2653597148142481,-0.17685215808740545
-1.264354630900022,-0.17671251778673056
-1.2634016254095362,-0.1765801129483359
-1.2626523195407593,-0.17647600890753656
-1.2622452658687942,-0.1764194553239606
-1.262153798626547,-0.176406747416662
-1.2617497618679137,-0.1763506129848393
-1.2612271743495953,-0.1762780078250571
-1.2606702842596407,-0.17620063687273815
-1.260024927276305,-0.17611097486350683
-1.2597929091424949,-0.17607873966253632
-1.2594920768907572,-0.17603694384281346
-1.259167060730054,-0.17599178805655288
-1.259026771413983,-0.17597229710460313
-1.2586127117080363,-0.1759147701448963
-1.2583532628390488,-0.17587872388292508
-1.257877848517161,-0.17581267268270798
-1.2576767747061346,-0.17578473669942127
-1.2570256784017655,-0.17569427730352064
-1.2562222340162994,-0.1755826515835444
-1.255766876972038,-0.17551938702058104
-1.2552100177901238,-0.17544202036243892
-1.2547442342592208,-0.1753773072062695
-1.2546932399674604,-0.17537022236675173
-1.2545020298968215,-0.17534365679209862
-1.2544307069568477,-0.17533374761273354
-1.2544215997882722,-0.1753324823176272
-1.2543934275123896,-0.17532856823143078
-1.2543005765150272,-0.17531566807353738
-1.254091102347305,-0.17528656499532635
-1.2538711080004472,-0.17525600030683902
-1.2538176261730227,-0.1752485698641103
-1.2538019375084346,-0.17524639017561927
-1.2529646367174534,-0.17513006065073788
-1.2529250149989104,-0.17512455584799227
-1.2526719019224848,-0.17508938984284922
-1.2521862804954529,-0.17502192052896912
-1.2521777167716046,-0.17502073073679736
-1.2521124345728611,-0.17501166082160696
-1.2510522007163953,-0.17486435832038597
-1.250271820521992,-0.1747559370000914
-1.250172774083547,-0.17474217608495843
-1.249720264002783,-0.1746793070619426
-1.2493239557548308,-0.17462424638280852
-1.2493032621610336,-0.17462137133962163
-1.2492440516369556,-0.17461314498631095
-1.2491367565188825,-0.1745982380493511
-1.2486531466579893,-0.17453104821034504
-1.2484686574807387,-0.1745054163961075
-1.2481602681343675,-0.1744625706392084
-1.247958768588088,-0.17443457550683183
-1.2478410544470229,-0.1744182210136205
-1.2465910832494527,-0.1742445575499106
-1.2464094097787934,-0.1742193169329746
-1.2460518832654564,-0.17416964435428245
-1.245868179959194,-0.17414412172422308
-1.2452829427495813,-0.1740628123939675
-1.2451761094330167,-0.17404796961692565
-1.2448974706046323,-0.17400925721766766
-1.244796308317292,-0.17399520233924287
-1.2445910021610485,-0.17396667833942314
-1.2444611635963978,-0.17394863935188157
-1.2443829837725229,-0.17393777751839865
-1.244369662047096,-0.1739359266781675
-1.2441929827376343,-0.17391137991988492
-1.2440601367697675,-0.17389292310186824
-1.2436870343873403,-0.1738410865058117
-1.2434513759330639,-0.17380834554065852
-1.243347607068157,-0.17379392852005837
-1.2429971673837075,-0.17374524054265442
-1.2425118059649087,-0.17367780735275085
-1.2424911767960516,-0.17367494126037675
-1.242419258019662,-0.17366494929909163
-1.241969051935906,-0.17360240037953226
-1.2419687728912931,-0.17360236161075582
-1.2418419874254862,-0.17358474680236421
-1.241684156977978,-0.1735628187913457
-1.2415022120564863,-0.1735375404606674
-1.240961201068425,-0.17346237565505063
-1.240407094790923,-0.17338539146885384
-1.2403544277904626,-0.17337807423327195
-1.2402460352345335,-0.17336301482491157
-1.240195446991944,-0.17335598639941807
-1.240049949094309,-0.17333577179854168
-1.2397896643247392,-0.1732996094015823
-1.2396624019215956,-0.17328192833039208
-1.2396135215379125,-0.17327513718452056
-1.2395883918115647,-0.17327164581181678
-1.2388506339767675,-0.17316914618525026
-1.237098038877177,-0.17292565118627143
-1.2362963530602606,-0.17281426979120934
-1.2358849242037366,-0.17275710834586314
-1.2353640571424003,-0.1726847422160037
-1.2350126833547048,-0.17263592445992518
-1.2349029720399274,-0.17262068183115947
-1.2348289489525277,-0.17261039750958682
-1.2345619360807285,-0.17257330035065882
-1.2343154703222825,-0.17253905788380763
-1.234072371683037,-0.17250528322420225
-1.2338207061080437,-0.17247031832618315
-1.233628053704491,-0.17244355236248893
-1.233538997706977,-0.1724311794589992
-1.2334631667734897,-0.17242064396618834
-1.233244831624219,-0.17239030979661255
-1.2329843516663466,-0.17235412028136693
-1.2322745905189652,-0.17225551034579353
-1.2321501817898273,-0.1722382257468685
-1.231626848322212,-0.1721655169493874
-1.2304586033719986,-0.17200320803786198
-1.2301458942040482,-0.17195976211099132
-1.2296718285904669,-0.17189389829217672
-1.2295652591329305,-0.1718790921741178
-1.2293094305286487,-0.1718435488899029
-1.2288391000417094,-0.17177820400706958
-1.2286586183589239,-0.171753128969957
-1.2286440360539679,-0.1717511029924045
-1.228625274217313,-0.17174849633591086
-1.2281060334100524,-0.17167635614799
-1.2278747143092559,-0.17164421806645283
-1.2275243704208756,-0.17159554339837735
-1.2274458350643918,-0.17158463216933686
-1.2273353936265543,-0.1715692881016742
-1.226944953674122,-0.17151504272814722
-1.2268507726215885,-0.17150195778040556
-1.226578829015505,-0.17146417557497712
-1.2265696405164264,-0.17146289898030087
-1.2264606493980625,-0.17144775641128365
-1.2262414047899113,-0.17141729588697296
-1.2262320965364732,-0.17141600265434784
-1.225864440242303,-0.17136492270496625
-1.225489309549163,-0.1713128043076454
-1.2253987522839715,-0.17130022282707386
-1.2252026061420187,-0.17127297146442558
-1.2248324515469917,-0.17122154441618198
-1.2238140341549202,-0.17108005164246584
-1.2230538674366467,-0.1709744386607036
-1.223024954654249,-0.17097042169299548
-1.2227448792717979,-0.17093150970757465
-1.2226953456666663,-0.17092462780705253
-1.2225742256394072,-0.17090780012054313
-1.2223764074963517,-0.17088031646014012
-1.2216923861530968,-0.17078528265779963
-1.2216895458826351,-0.17078488804774203
-1.2206947621306048,-0.17064667878951614
-1.220159397172203,-0.17057229840922758
-1.2201289871226224,-0.17056807342024227
-1.219760503163832,-0.1705168784801273
-1.2195855236270705,-0.17049256787801784
-1.21939617851669,-0.17046626140970153
-1.219384404938611,-0.17046462565973114
-1.2193430283934739,-0.1704588770519561
-1.218640823292616,-0.17036131690794096
-1.2184153489672853,-0.17032999086427641
-1.2176850996924613,-0.17022853443177283
-1.2176651015150257,-0.17022575600554343
-1.2175971876449239,-0.17021632046179752
-1.2173952903622296,-0.17018827007032097
-1.2169680246020056,-0.17012890834103528
-1.2159519947617208,-0.16998774727937271
-1.2154605248268997,-0.16991946540907354
-1.215346666771988,-0.16990364665722898
-1.2152858799378317,-0.16989520130089747
-1.21443370155367,-0.1697768047728975
-1.2143794264663934,-0.16976926411942656
-1.2143749151387184,-0.16976863734275244
-1.214178776310392,-0.16974138699621538
-1.2132809735418566,-0.16961665169126167
-1.2130364105844595,-0.16958267358811877
-1.2129349389543786,-0.1695685757314783
-1.2123655731328633,-0.16948947147621649
-1.2122682257430917,-0.16947594661666482
-1.2120855233154448,-0.1694505630426473
-1.2120319595342746,-0.1694431212137591
-1.2118771711587157,-0.16942161584988039
-1.211702644644805,-0.16939736818803516
-1.2115129289928686,-0.16937101023890863
-1.211001824830801,-0.1693000005074254
-1.2104229698491045,-0.16921957788544614
-1.2089569341294164,-0.16901589571941036
-1.2088468296598518,-0.16900059846808835
-1.2084899522482044,-0.16895101607167237
-1.2083692856058883,-0.1689342513757341
-1.2076353716990575,-0.16883228580134899
-1.207359671919867,-0.16879398173587018
-1.2068537439822928,-0.1687236911578173
-1.2068458198514387,-0.16872259022684086
-1.206785797445317,-0.1687142510755328
-1.205338514504701,-0.16851317430758464
-1.2053102354110068,-0.16850924538076534
-1.2048653853138094,-0.16844744058969408
-1.204803152993626,-0.16843879440624696
-1.2047305012666265,-0.1684287006132222
-1.2044856384969345,-0.1683946808559662
-1.2042790287740506,-0.16836597574645498
-1.203960668803204,-0.1683217447310914
-1.2036762181051057,-0.1682822248656877
-1.2036268545590503,-0.16827536659214856
-1.203569987790407,-0.16826746586609037
-1.203446395837827,-0.168250294745177
-1.2034073270534826,-0.16824486676377606
-1.2031375014397891,-0.16820737881944364
-1.2031044066324281,-0.1682027808263952
-1.202332230018003,-0.16809549926205394
-1.2019524238851187,-0.16804273128731723
-1.2019103509018096,-0.16803688592062055
-1.2018609639348665,-0.16803002439312448
-1.2013277694721654,-0.16795594556842547
-1.2012473320876675,-0.16794477008307773
-1.2010859605014008,-0.16792235008758502
-1.1998005314977744,-0.1677437603300315
-1.1996123914552024,-0.16771762128657267
-1.1994801112807651,-0.16769924307648468
-1.1993472832053698,-0.16768078874434014
-1.198678726719531,-0.16758790353607117
-1.1984374958801847,-0.1675543883773252
-1.1984078259541031,-0.16755026621663754
-1.1983294051589337,-0.1675393709040555
-1.197886511249787,-0.1674778378939606
-1.1976796848647158,-0.16744910268271104
-1.197558391515726,-0.16743225091592515
-1.1964439376715683,-0.16727741541643726
-1.1955479363306936,-0.16715293039098433
-1.1950548916652288,-0.16708442973710147
-1.194312110007868,-0.1669812321309101
-1.194274022236481,-0.1669759404455361
-1.1937463986944792,-0.16690263561097912
-1.1934820849348693,-0.16686591345042912
-1.1934712251071382,-0.16686440465142413
-1.1934487249969856,-0.16686127862174402
-1.193227990118336,-0.1668306110482332
-1.192654257435042,-0.1667509000875182
-1.1919660814034851,-0.16665528905782837
-1.191579654259587,-0.16660160119973103
-1.191557681106321,-0.16659854838226437
-1.1914776231219804,-0.16658742560848744
-1.1911641286623311,-0.16654387057792167
-1.1910506794396285,-0.1665281086267599
-1.1909119680535145,-0.16650883690288706
-1.190674528872528,-0.16647584853429848
-1.1901113476009548,-0.16639760352312696
-1.1899187906197006,-0.1663708508168317
-1.1894858522599003,-0.1663107009707538
-1.1892758261791467,-0.16628152121307285
-1.1891740786467682,-0.16626738502423016
-1.1890904297729579,-0.16625576335391531
-1.1889596943437075,-0.16623759976141222
-1.1887647474929248,-0.1662105150210501
-1.1887470466965804,-0.16620805577910158
-1.1880742052605437,-0.1661145752456806
-1.1880386070489088,-0.1661096294447322
-1.1875230452636167,-0.16603800039794755
-1.187246331209897,-0.16599955541527944
-1.1870708196378144,-0.1659751708953895
-1.186628900247003,-0.16591377327899798
-1.1864514267552086,-0.1658891161818091
-1.1859597503094579,-0.16582080562012613
-1.1855256397814484,-0.1657604929200626
-1.1852012889543995,-0.16571542957124952
-1.1850543212466018,-0.1656950107638088
-1.1846710276537773,-0.16564175826240948
-1.1845555364388776,-0.16562571260916034
-1.1844448728726045,-0.16561033768031172
-1.1844192160101692,-0.16560677307049743
-1.1843003188797887,-0.16559025421988144
-1.1842739900386203,-0.16558659624939248
-1.1839005212918234,-0.16553470875287873
-1.183831604810498,-0.16552513391237286
-1.1837206434955072,-0.16550971761611213
-1.1833417805464108,-0.16545708068164564
-1.1831167605291204,-0.16542581775680176
-1.1829558227135448,-0.16540345802679435
-1.1827839392879886,-0.16537957757971328
-1.1823228243044313,-0.1653155130433713
-1.1821418928511525,-0.16529037551785747
-1.1815703285474075,-0.16521096581872666
-1.1809113928571615,-0.16511941726580592
-1.1807693585702168,-0.16509968387812116
-1.180479609019918,-0.1650594278221327
-1.1802749959946408,-0.16503100012175145
-1.1797055313017746,-0.1649518821299002
-1.1796519003656192,-0.16494443097090322
-1.1796249754134749,-0.16494069018034851
-1.1791952969390518,-0.16488099324309513
-1.1779192260447235,-0.1647037036448394
-1.1779037544867543,-0.16470155411983348
-1.1775000694936728,-0.16464546856019618
-1.177222996770439,-0.16460697374614772
-1.1772089790993685,-0.16460502621542378
-1.1771893119886223,-0.16460229378560456
-1.1768575461827808,-0.16455620024433354
-1.176259628451978,-0.16447312915889836
-1.1762553845324546,-0.16447253953430102
-1.1756955320314109,-0.1643947570024419
-1.1756441249689928,-0.16438761481505715
-1.1755931109788422,-0.1643805272387638
-1.174973807889127,-0.16429448500046642
-1.1749711682263595,-0.16429411826163262
-1.174629175607479,-0.16424660386860235
-1.174535494650356,-0.16423358840110258
-1.1744990331041574,-0.16422852265365379
-1.1743246723110585,-0.1642042980160593
-1.1742401105379559,-0.16419254951301937
-1.1736533505962083,-0.16411102862353955
-1.1732415500397404,-0.16405381553644371
-1.1724917278293883,-0.16394963975825813
-1.171670179011952,-0.16383549871763248
-1.171369531433998,-0.163793728555372
-1.1713636259291311,-0.16379290808012256
-1.1710216118293815,-0.16374539070266966
-1.170852988984658,-0.1637219632610357
-1.170586364931646,-0.16368492012224617
-1.170382434194401,-0.16365658721485143
-1.1699432691969847,-0.1635955722772755
-1.169849559399819,-0.163582552802914
-1.1695984251820541,-0.16354766172846535
-1.16903690850275,-0.16346964798571
-1.1689992528086153,-0.16346441633054504
-1.1685807672560957,-0.16340627447039308
-1.1684998745884205,-0.16339503573074488
-1.1681550422679303,-0.1633471268066898
-1.1680982110729936,-0.16333923102302803
-1.1674426189809497,-0.16324814700948714
-1.167101649100442,-0.16320077470956154
-1.1669240007535857,-0.16317609331906438
-1.1667673824436415,-0.1631543337151326
-1.166501786473464,-0.1631174334119751
-1.1661857019690616,-0.16307351853620342
-1.1658861287040585,-0.16303189763250864
-1.1651188124062313,-0.16292529133125885
-1.1651111606288431,-0.1629242282394313
-1.1648575938156531,-0.1628889991948373
-1.1647306185104973,-0.16287135801131092
-1.1642535920717614,-0.1628050828332964
-1.1642328648615,-0.16280220311964055
-1.1640533927587444,-0.16277726834749184
-1.1638173771765394,-0.16274447776513692
-1.1636347978095944,-0.16271911128843147
-1.162874914589201,-0.16261353769415582
-1.1622194351133728,-0.16252246932683317
-1.161812588412241,-0.16246594449853724
-1.160781495462666,-0.16232269065926636
-1.1606511655060612,-0.16230458340068848
-1.1605168686144596,-0.16228592500007394
-1.1595437903635026,-0.16215073137333239
-1.1590798136880494,-0.16208626925076794
-1.1585109198888923,-0.16200723057544747
-1.158063158965492,-0.16194502137172914
-1.1579360198133937,-0.16192735742429626
-1.1570216730073202,-0.1618003235904899
-1.1569803433111892,-0.1617945814916335
-1.1568434723717798,-0.16177556546833208
-1.1567543818335295,-0.16176318776596074
-1.1566747682514293,-0.16175212673475242
-1.1566040978147767,-0.1617423082102657
-1.1562132577069524,-0.1616880072415606
-1.155815394029598,-0.16163273046044116
-1.155363184556887,-0.16156990320209624
-1.1546913896704933,-0.16147656806997435
-1.1545926729859386,-0.1614628529688593
-1.1544591261677548,-0.16144429877892405
-1.1544547993327998,-0.16144369763455638
-1.1537888718419982,-0.16135117768301094
-1.1534068912096291,-0.16129810759642324
-1.1531318690455452,-0.16125989767470295
-1.1523170723877112,-0.1611466947384323
-1.152059468681393,-0.16111090483224025
-1.152049061409387,-0.1611094589085999
-1.1520304719321668,-0.1611068761986872
-1.1520209490098403,-0.16110555314126065
-1.1513289266125561,-0.16100940772070155
-1.1508737654465342,-0.16094617037188003
-1.1508152928958129,-0.1609380465481391
-1.1497493936117766,-0.16078995692656112
-1.1497460552422067,-0.16078949311361582
-1.1492368586274275,-0.16071874840525463
-1.1489636491022828,-0.16068079032066251
-1.1481642330008592,-0.16056972426618982
-1.1476483029146085,-0.16049804404988993
-1.147576494473515,-0.16048806741792573
-1.1471657218741738,-0.1604309971489969
-1.146002203554272,-0.16026934492699627
-1.1457919490752724,-0.16024013343703986
-1.145446176594715,-0.16019209389281205
-1.1451821235525674,-0.16015540795477476
-1.1447324299507557,-0.16009293023636764
-1.144690017777189,-0.16008703774462116
-1.144402182910338,-0.16004704770320977
-1.1444020106678716,-0.1600470237728797
-1.1436983339710516,-0.15994925917419195
-1.1435652205349625,-0.15993076519575267
-1.1435386378954342,-0.1599270719640495
-1.1429568219819368,-0.15984623796805345
-1.142735234103679,-0.15981545188391877
-1.1425690466646428,-0.15979236280287096
-1.142451461131581,-0.15977602617768039
-1.142018562037312,-0.1597158817869186
-1.1418884646527938,-0.1596978068405047
-1.1415917329345076,-0.15965658072418268
-1.1414781069500732,-0.1596407942148114
-1.1411186868618837,-0.15959085855424318
-1.1409838770293772,-0.1595721288887111
-1.1409477060025464,-0.1595671035042721
-1.140553856482407,-0.15951238442595986
-1.1401207018553827,-0.15945220453301745
-1.1400548859048614,-0.1594430604615723
-1.1392182378878837,-0.15932682162917614
-1.1391617335098545,-0.15931897125148548
-1.1389162543925604,-0.1592848658626089
-1.138168785862218,-0.15918101709053661
-1.1381019186678065,-0.15917172696560203
-1.1380049621847914,-0.1591582564162788
-1.1376841763901957,-0.15911368837158565
-1.1371200907773191,-0.1590353177166846
-1.1369385922298478,-0.15901010140252192
-1.1366983489124303,-0.15897672344412017
-1.1359412375979172,-0.15887153496173925
-1.1358242842592547,-0.1588552861698278
-1.1353267949814094,-0.1587861680082917
-1.1347569428149618,-0.15870699618319667
-1.1345292026735818,-0.1586753553407078
-1.1344427459190092,-0.15866334356036493
-1.1342662154924021,-0.1586388174869687
-1.1339986067139607,-0.1586016375363638
-1.133677909054626,-0.1585570817366525
-1.1334370916238679,-0.1585236240144039
-1.1331137042847805,-0.1584786945268005
-1.1330807876479818,-0.15847412128769606
-1.133066829204313,-0.15847218198567029
-1.1329754401927379,-0.15845948494726977
-1.1323450435246865,-0.15837190143406732
-1.132192347623235,-0.15835068678592837
-1.1319893889251071,-0.15832248892778933
-1.1315475023453923,-0.15826109586997375
-1.131385782890832,-0.15823862754375734
-1.130822420803705,-0.15816035741116263
-1.1305752353597653,-0.15812601495554707
-1.130389296112002,-0.1581001816772532
-1.1299657234077176,-0.15804133303889906
-1.1293621034429067,-0.1579574697194423
-1.1293462489399115,-0.15795526699036277
-1.1293420130188307,-0.15795467847702072
-1.129320673748302,-0.1579517137274007
-1.1290461722432206,-0.15791357614290377
-1.128602719812656,-0.1578519655352097
-1.128061734134764,-0.1577768042460354
-1.1279290893300171,-0.15775837537641
-1.1274317779519307,-0.1576892819311941
-1.1267538857751032,-0.15759509967829213
-1.1261609156484844,-0.15751271598315958
-1.1259966540891904,-0.1574898944722345
-1.1258794072141225,-0.1574736048981443
-1.1258641362368504,-0.15747148324061125
-1.1258469995651703,-0.15746910237474318
-1.1256003410622875,-0.1574348331291418
-1.1255763599007949,-0.1574315013311159
-1.1254867429464754,-0.15741905049166896
-1.1251036874558984,-0.15736583107076063
-1.1242383403168605,-0.15724560495533588
-1.124218277478306,-0.1572428175454804
-1.1241588846757407,-0.15723456586749526
-1.1234414715884633,-0.15713489281751658
-1.123383445546203,-0.15712683102896982
-1.1232955361478338,-0.15711461742705396
-1.1232295385217594,-0.15710544811470256
-1.1224637098526298,-0.15699904849561705
-1.122089765479469,-0.15694709491844328
-1.1219772330955202,-0.15693146034733152
-1.1212042026957203,-0.15682406016319672
-1.1210507344265033,-0.1568027382069359
-1.120899203649976,-0.15678168543423082
-1.120202320462318,-0.15668486468475665
-1.1201740101469708,-0.15668093142018905
-1.1198162595032854,-0.1566312277021773
-1.1197659037075751,-0.15662423157145205
-1.1195805471202833,-0.15659847924449202
-1.1195331257692807,-0.1565918908078265
-1.1193940958636885,-0.15657257483077736
-1.119191441673134,-0.156544419279085
-1.1188924106886726,-0.15650287371658006
-1.1176179862376097,-0.15632581286522731
-1.117607947137344,-0.1563244180931493
-1.117339744530119,-0.15628715563955256
-1.115980469626058,-0.1560983061777154
-1.115885973876582,-0.15608517750787743
-1.115870430561459,-0.15608301801336502
-1.1152168775535336,-0.15599221729788054
-1.11444942519535,-0.15588559209322497
-1.1142959626374749,-0.15586427093046362
-1.1140824796818498,-0.15583461089542525
-1.11386626338856,-0.1558045711069276
-1.11356521176325,-0.15576274480876287
-1.1133397960375964,-0.15573142690658423
-1.1132060622814288,-0.15571284674461236
-1.1131658109106592,-0.15570725446178177
-1.1130780404867722,-0.15569506016814272
-1.1128416603260174,-0.15566221893344165
-1.1127997843242985,-0.1556564009341798
-1.112552778771291,-0.1556220834715261
-1.1124944097259128,-0.15561397402819366
-1.1115644543740253,-0.1554847716371159
-1.1114917767268029,-0.15547467424289163
-1.1114581767092726,-0.15547000605898756
-1.1110698378132462,-0.155416052593573
-1.1109844193575764,-0.15540418506822112
-1.1105595936136878,-0.1553451623400973
-1.1099293051970187,-0.15525759386668944
-1.1094225027684836,-0.15518718179213353
-1.1087234748567458,-0.15509006306762352
-1.1086180270873336,-0.15507541279015138
-1.108540411806322,-0.15506462939085108
-1.108223714211503,-0.1550206293359924
-1.108035198301681,-0.1549944380718035
-1.107822094516799,-0.15496483071646272
-1.1076085529039057,-0.15493516253193695
-1.106943124552054,-0.1548427119277487
-1.1066749835138907,-0.15480545802818632
-1.1064437116394148,-0.1547733265079895
-1.1063788681418985,-0.1547643175433032
-1.106330449100435,-0.1547575904935389
-1.1053381145943553,-0.15461972151878198
-1.105279003959914,-0.15461150904353527
-1.1046125773389495,-0.15451891974585374
-1.1044042009823651,-0.1544899691909049
-1.1040746916933202,-0.15444418915647584
-1.1040052324995189,-0.15443453891476983
-1.1032420758191497,-0.15432851052569665
-1.1031481261719163,-0.15431545772801256
-1.103063511571461,-0.1543037018854587
-1.1030217713505945,-0.15429790275077
-1.1023584781618583,-0.15420574879327484
-1.1019760022320089,-0.1541526098930406
-1.1015652708496642,-0.15409554535055275
-1.1012231715538428,-0.1540480161364712
-1.1011851605456435,-0.15404273511611188
-1.101038660734299,-0.15402238131538395
-1.100977378679181,-0.15401386715603713
-1.1009658939304723,-0.15401227153427843
-1.0990014255884022,-0.1537393401441028
-1.098945741598291,-0.15373160374616446
-1.0985727508369318,-0.1536797826580663
-1.0985698206949905,-0.15367937556180708
-1.097574279356892,-0.1535410610491394
-1.0973870825601855,-0.15351505305457547
-1.0971524648255977,-0.1534824566807427
-1.0969099000816622,-0.15344875619733345
-1.0962498366286093,-0.15335705095984603
-1.0954404222669578,-0.15324459580736402
-1.095328731933602,-0.15322907822568602
-1.0950485779291828,-0.15319015531700286
-1.0949957761014004,-0.1531828193493255
-1.0946055114877071,-0.15312859833630615
-1.0943578684432478,-0.1530941923044327
-1.093954090377116,-0.15303809381378683
-1.0938786988222227,-0.15302761936558934
-1.0937283274843024,-0.15300672767829554
-1.0935723524173833,-0.15298505744267232
-1.092957221956616,-0.1528995949242896
-1.0929359686795417,-0.15289664212208168
-1.0923293659988056,-0.15281236440205334
-1.0917511820357726,-0.15273203500736246
-1.0913766777331204,-0.1526800036369603
-1.0905283921265723,-0.1525621479480174
-1.090118789700174,-0.15250524025586373
-1.0901063542215708,-0.15250351254542416
-1.0891841043944754,-0.15237538071351436
-1.089122594288268,-0.15236683487012376
-1.0890139803959924,-0.1523517447106255
-1.0889352063090456,-0.15234080031381353
-1.0889127905960017,-0.15233768600975892
-1.0888571057626029,-0.15232994949465928
-1.088613578071402,-0.1522961152251613
-1.088231366342041,-0.15224301303135043
-1.0881837283871616,-0.15223639450104798
-1.086806006605289,-0.15204498214120024
-1.0867923226565925,-0.15204308097585145
-1.0861722115341528,-0.15195692647435788
-1.0860683816112497,-0.1519425009707279
-1.0860648130413333,-0.15194200517513393
-1.086035523998103,-0.1519379359320137
-1.0854864399719866,-0.15186164950715172
-1.0852141733185394,-0.15182382241946987
-1.0848558317332548,-0.1517740365995943
-1.0845576194514175,-0.15173260478269698
-1.0845086533270738,-0.15172580172453493
-1.0838658696899546,-0.15163649724051548
-1.082741183251022,-0.15148024008598884
-1.0824183385042305,-0.15143538598288847
-1.0823877609504953,-0.15143113772188546
-1.0822138271182824,-0.15140697240366283
-1.0821151294168343,-0.15139325993994604
-1.0816589482698786,-0.15132988088112176
-1.0810873156089658,-0.15125046168485803
-1.080930740988503,-0.15122870815087947
-1.0805916230994448,-0.15118159315548246
-1.080426963155489,-0.1511587162953939
-1.0803617954960143,-0.15114966229359916
-1.0802908418465869,-0.1511398044212366
-1.0797940552698975,-0.1510707838887634
-1.079606643832119,-0.15104474607326274
-1.0793096867219096,-0.15100348864234556
-1.0792608862491653,-0.15099670859881825
-1.0789899727607803,-0.15095906951173357
-1.0788990488538506,-0.15094643709216882
-1.078726140319236,-0.15092241422261438
-1.0786075582954546,-0.15090593915100978
-1.0786020184107514,-0.15090516947282193
-1.0783165560643633,-0.15086550905510288
-1.0782635594687537,-0.15085814602755773
-1.077863300207332,-0.15080253641842783
-1.0763177448758952,-0.15058780627685783
-1.0762494267833251,-0.1505783145728788
-1.0760046407474844,-0.15054430547656156
-1.0759936511129256,-0.15054277864297838
-1.0757083958622942,-0.1505031469978954
-1.0749039986402005,-0.15039138889654158
-1.0748044678111546,-0.15037756068309827
-1.0745719775446747,-0.1503452598868605
-1.0743976174333056,-0.15032103534398147
-1.073985576412756,-0.1502637888482555
-1.073142995659764,-0.15014672575727847
-1.0730468128531108,-0.15013336269788538
-1.0730285876110472,-0.15013083059260982
-1.072670887810733,-0.1500811339384695
-1.0726621329856423,-0.15007991759584313
-1.0721456690384106,-0.15000816320811655
-1.0720289294601937,-0.14999194411479294
-1.0706406556631656,-0.14979906572156423
-1.0702182425022788,-0.1497403781831802
-1.0696436508926337,-0.14966054788841535
-1.069290613035266,-0.14961149893652725
-1.0691333273215007,-0.14958964660753138
-1.0688994798075209,-0.14955715724350718
-1.068849909368933,-0.14955027022556663
-1.0687240163636416,-0.1495327794102597
-1.0685472646449128,-0.14950822259186994
-1.0683239899341956,-0.14947720214940108
-1.067962360366484,-0.14942695951706622
-1.0677560611497305,-0.1493982975474051
-1.0677135752691527,-0.14939239481525068
-1.0671804634335873,-0.1493183274702679
-1.0670390262646272,-0.14929867704255667
-1.0668104321635379,-0.14926691755605334
-1.0666871601019927,-0.1492497908788722
-1.0663222087473052,-0.14919908673747764
-1.0662529793940936,-0.1491894684284378
-1.0660071811690792,-0.149155318704658
-1.0657205991987038,-0.14911550273313084
-1.0651475201881841,-0.14903588258977093
-1.0650106635196486,-0.14901686854917875
-1.06496897564319,-0.14901107668690655
-1.064768965762659,-0.14898328851970982
-1.0646905719863,-0.14897239696095854
-1.0643757739017168,-0.1489286608126022
-1.0638833887451726,-0.14886025178691348
-1.0633597224804943,-0.1487874967526144
-1.0631760854086507,-0.14876198332476592
-1.0630499307522268,-0.14874445615722776
-1.0630073411119068,-0.14873853900932027
-1.0629147749268482,-0.14872567842153156
-1.0622937781634745,-0.14863940087442506
-1.0621340630373934,-0.14861721101752598
-1.0620002232316252,-0.14859861612166186
-1.0615697207574966,-0.14853880470285621
-1.0609008044806536,-0.14844586950739388
-1.0605432300105346,-0.14839619026587553
-1.0602056401769921,-0.14834928756930127
-1.059639820110198,-0.14827067593982765
-1.0594173693710767,-0.14823976997500568
-1.0590300139198399,-0.1481859531434823
-1.0589987761434918,-0.14818161315512912
-1.058454347234807,-0.14810597348422322
-1.0579982293303511,-0.14804260321193072
-1.0574085634089783,-0.14796067858315817
-1.0570600434906294,-0.14791225732648444
-1.0569088594703238,-0.14789125272999862
-1.0567808059838282,-0.14787346175045593
-1.056639947313443,-0.14785389169584962
-1.0566063512213058,-0.1478492240573161
-1.0565251031304441,-0.1478379359373128
-1.056274027269263,-0.14780305297057605
-1.0562548856464444,-0.14780039354888208
-1.056245273738019,-0.1477990581282634
-1.0559176309337408,-0.14775353741197714
-1.0555862428349456,-0.14770749634704627
-1.0551730394919179,-0.14765008836524138
-1.0549462444544235,-0.1476185788297897
-1.0548962251622422,-0.14761162945083647
-1.0542085781802637,-0.14751609192410614
-1.0541793318665367,-0.14751202861756554
-1.0539030517335826,-0.1474736439212331
-1.0536717042495296,-0.1474415018962974
-1.0535404281329575,-0.147423263183957
-1.0530166848566258,-0.14735049745012307
-1.052883080696073,-0.14733193529338479
-1.0527284441140627,-0.14731045101878673
-1.0524057804656075,-0.1472656220763976
-1.0518028373252097,-0.14718185279084514
-1.0515521094739315,-0.14714701817450665
-1.0513813915503607,-0.14712329965524618
-1.0506855926947998,-0.14702662955633752
-1.0506566909332646,-0.14702261411980155
-1.050627006341733,-0.14701848992158464
-1.050329080892406,-0.14697709795546735
-1.048803673826692,-0.14676516709248877
-1.0482546401720911,-0.14668888766594154
-1.0481514159626146,-0.14667454631648383
-1.048027402075175,-0.14665731657448436
-1.0478122312404397,-0.14662742203569645
-1.047678515085976,-0.14660884431919924
-1.0474208033934451,-0.1465730394100538
-1.0473264585976314,-0.1465599317128077
-1.0469660128126985,-0.14650985354811666
-1.046876865193021,-0.14649746791519577
-1.0466780780686826,-0.146469849630374
-1.0464336214419239,-0.14643588630016907
-1.0459781864285398,-0.14637261090464573
-1.0457791937648862,-0.14634496406343048
-1.0457627565261525,-0.14634268037255993
-1.0456503640252655,-0.14632706523595754
-1.0456218237805703,-0.14632310002639232
-1.0451970577802419,-0.14626408559867857
-1.0450478386564186,-0.14624335399306615
-1.0449487875930645,-0.1462295924353762
-1.044868037914239,-0.1462183735617368
-1.0445664812800457,-0.146176477100682
-1.0444699847600774,-0.1461630704558519
-1.044114558181049,-0.14611368962937477
-1.043517226887962,-0.146030700020061
-1.042664333886443,-0.14591220420743303
-1.0418270554239413,-0.1457958777847359
-1.0415720626004772,-0.14576045061887
-1.0415280218115823,-0.1457543318571266
-1.0409399189457231,-0.14567262438986547
-1.0409123905574613,-0.14566879976153393
-1.0406876448295055,-0.14563757494479682
-1.0401475176333799,-0.1455625329279044
-1.0398674436674642,-0.1455236211392884
-1.0398427881503556,-0.14552019565035798
-1.0393856210015977,-0.14545667960238665
-1.0392762441636625,-0.14544148344381727
-1.0391027609224435,-0.14541738072799126
-1.0386419462138963,-0.14535335791004927
-1.0385890008835938,-0.14534600200499678
-1.0378834837963822,-0.14524798171356143
-1.0377945076481072,-0.1452356199038437
-1.037722823659256,-0.145225660562524
-1.0368325026478094,-0.1451019647278023
-1.0357281717776063,-0.1449485356532972
-1.0355775147677555,-0.1449276042764674
-1.0349294754633365,-0.14483756960171293
-1.0346947033115133,-0.14480495177408018
-1.0345997286778323,-0.1447917565709574
-1.0345966253344328,-0.1447913254111316
-1.0344753669366302,-0.1447744785002529
-1.0340396396697582,-0.14471394118023712
-1.0338601840573327,-0.14468900869915552
-1.0334402307672996,-0.14463066292040053
-1.0332465613584216,-0.14460375566011663
-1.0330641283612376,-0.14457840951914347
-1.0328260393511082,-0.14454533086721083
-1.032824869620744,-0.1445451683519248
-1.032662804027425,-0.14452265193527566
-1.0319689724164034,-0.14442625515346524
-1.0316186822623061,-0.1443775879509071
-1.031267961015314,-0.14432886085490068
-1.031224123084571,-0.14432277027704607
-1.0305565099559715,-0.14423001613314576
-1.0299450994860104,-0.14414507044786246
-1.0298471601842178,-0.14413146335162244
-1.0296411209647542,-0.14410283750441752
-1.029339267107761,-0.14406089974901842
-1.0292958696018073,-0.14405487036112938
-1.0290287273487322,-0.1440177552267467
-1.0285801956585292,-0.14395543893733484
-1.027583529292344,-0.1438169681200461
-1.0269819570024108,-0.14373338929219412
-1.0269316360887708,-0.14372639800777356
-1.026782910504456,-0.14370573497156547
-1.0264341439968576,-0.1436572794552678
-1.026332613454346,-0.14364317341368923
-1.0247525044034465,-0.14342364258661738
-1.0247057896327163,-0.14341715231795588
-1.0244186296711184,-0.1433772560438123
-1.0242181472614202,-0.1433494022262613
-1.0241432371786319,-0.14333899467089592
-1.0236615873101496,-0.14327207714142112
-1.0236186048602953,-0.14326610541892465
-1.0233436401993117,-0.1432279034863385
-1.0226605280972738,-0.1431329960084921
-1.0222176646845362,-0.14307146723538444
-1.0214264649220244,-0.1429615427095143
-1.021227804939652,-0.1429339420890309
-1.020990422568395,-0.14290096161324367
-1.020771002456811,-0.14287047670554395
-1.0203217582871513,-0.142808061428531
-1.0202024449487623,-0.142791484752483
-1.0199869289236858,-0.1427615422550298
-1.0197942657291725,-0.14273477479210459
-1.0194035566573822,-0.1426804920287562
-1.0193996951479294,-0.14267995553390894
-1.0189129720594312,-0.14261233316182512
-1.0185763142013065,-0.1425655599482977
-1.018483190528821,-0.14255262190656628
-1.0181519763495779,-0.1425066050049697
-1.0178713773886838,-0.14246762027671592
-1.0177930529532604,-0.14245673835177627
-1.017667998398312,-0.14243936402570592
-1.0174528043775575,-0.14240946626559234
-1.0172697562873632,-0.142384034667304
-1.0169452633778586,-0.14233895157841092
-1.0166545537331777,-0.14229856213269623
-1.0164146810139687,-0.14226523566297575
-1.016143980249165,-0.14222762613042317
-1.0159962898695076,-0.14220710691931032
-1.0159640181705343,-0.1422026232839798
-1.0155065036334934,-0.14213905897197443
-1.0154160381990274,-0.1421264902498103
-1.0151140230323457,-0.14208453008301541
-1.0147823679375543,-0.1420384519232702
-1.0146688578343692,-0.1420226815137412
-1.0143463300983036,-0.1419778714542002
-1.0142324603005006,-0.14196205107086907
-1.0141804427564947,-0.14195482406685223
-1.0134415216746668,-0.14185216282575494
-1.0133598095727037,-0.1418408102388461
-1.0130092738333956,-0.1417921089161591
-1.0130055755772596,-0.1417915951027436
-1.0114677413143887,-0.14157793767989976
-1.0104458488823829,-0.1414359621050817
-1.0102289468045247,-0.14140582703780977
-1.0093103386371869,-0.14127820115615575
-1.0088591613882099,-0.14121551730875445
-1.0088523352974779,-0.14121456893285397
-1.0081719425015738,-0.14112003925901057
-1.0079183959531268,-0.14108481302987777
-1.0079076395520472,-0.14108331860034842
-1.0078156158164906,-0.14107053337722375
-1.0076686125743286,-0.14105010963285264
-1.0075070422541843,-0.14102766202647293
-1.007409345595822,-0.14101408864164855
-1.0071120076667395,-0.1409727783020526
-1.0068516996709151,-0.14093661267817734
-1.0068249327721865,-0.14093289384661142
-1.0068084599698086,-0.14093060521474252
-1.0067003723868042,-0.14091558817748198
-1.0066050926434198,-0.14090235058425607
-1.006593534961528,-0.1409007448296005
-1.0064579092532135,-0.14088190181120155
-1.0060172377524172,-0.1408206775691268
-1.0060077554228943,-0.1408193601514197
-1.0059280652178617,-0.14080828847468302
-1.0054796231959342,-0.14074598464324078
-1.0050707654714108,-0.14068918041547676
-1.0040292164444558,-0.14054447387184096
-1.0036865341997454,-0.1404968636663546
-1.0034856065313773,-0.140468947987248
-1.0029662422323167,-0.14039679064212082
-1.0028855975827122,-0.14038558636060833
-1.0026041122655773,-0.14034647848736126
-1.002167327192925,-0.14028579420218654
-1.001732874308328,-0.1402254339371623
-1.0015550006724039,-0.14020072124636015
-1.0014547342816928,-0.1401867908384128
-1.0009675414380579,-0.1401191032013818
-1.000519332125537,-0.14005683170118188
-1.0004900088750983,-0.14005275770551834
-0.9998191970837356,-0.13995955915869432
-0.9997965405047032,-0.1399564113901711
-0.9992281928496598,-0.1398774485928218
-0.9990650201347215,-0.13985477835936827
-0.9984240121003405,-0.13976572056689043
-0.9978243777659972,-0.13968241098690656
-0.997797337428219,-0.13967865416536737
-0.9977523429506155,-0.13967240290386343
-0.9975027393782876,-0.1396377244880654
-0.997330307969471,-0.1396137679074933
-0.9973174820197672,-0.13961198594735272
-0.9973034163553027,-0.13961003174871597
-0.9970767789628405,-0.13957854411551476
-0.9967406128088311,-0.13953183921639323
-0.9965381384571972,-0.13950370865043657
-0.9964947428542271,-0.13949767952693665
-0.9964137629752721,-0.13948642867067898
-0.9964061424352705,-0.13948536991878566
-0.9964049555972405,-0.13948520502666362
-0.9959042889638837,-0.13941564542250495
-0.9958810997074886,-0.13941242364699988
-0.9955956408860337,-0.1393727637190137
-0.9950299756910138,-0.13929417360649096
-0.9949597561247034,-0.13928441772321185
-0.9942097247669659,-0.13918021288734933
-0.9940690540629145,-0.13916066894765247
-0.9937372640688026,-0.13911457204580888
-0.9934327023924894,-0.1390722580823154
-0.9928502374033061,-0.1389913339076561
-0.9928246037707312,-0.13898777252525857
-0.9920330481635143,-0.13887779856047006
-0.9911692935678909,-0.13875779370342778
-0.9909716221203483,-0.13873033042401506
-0.9904785986813309,-0.13866183271920687
-0.9900763030309444,-0.138605940186469
-0.9899008127168517,-0.13858155862003602
-0.9897875628714927,-0.13856582436916054
-0.9894582438928952,-0.13852007077531792
-0.9893528473590619,-0.13850542761620827
-0.989208344535562,-0.13848535126493422
-0.9888960541209326,-0.13844196351712584
-0.9888920345557854,-0.1384414050629731
-0.9888027714384888,-0.13842900338350925
-0.9878149979068501,-0.13829176808304888
-0.9874398251076757,-0.13823964383576948
-0.9872168092245833,-0.13820865935325063
-0.9870272841469184,-0.13818232788136459
-0.9867673407889869,-0.1381462129180802
-0.9866376943282305,-0.13812820062029577
-0.9862336237330448,-0.13807206148742637
-0.9860663446714447,-0.13804882074291952
-0.9858661391652901,-0.1380210053966778
-0.9858104835924464,-0.13801327294686327
-0.9851866400235819,-0.13792659988176167
-0.9845324716574656,-0.13783571367211941
-0.9843385558111182,-0.13780877217329898
-0.9842830922227802,-0.13780106639665443
-0.9841254223450592,-0.13777916069423427
-0.9840536939958701,-0.1377691951897566
-0.983673435125186,-0.13771636431435896
-0.9830317579736186,-0.13762721355877255
-0.9827844979065146,-0.13759286073546434
-0.982566968587222,-0.1375626385230484
-0.9825359145756125,-0.13755832406586038
-0.9821078464525839,-0.13749885086112298
-0.9820164172237962,-0.13748614823518532
-0.9819310439283876,-0.13747428698412784
-0.9815986165963742,-0.13742810153439786
-0.9804771890496168,-0.1372722971507064
-0.9803363166743382,-0.13725272519202486
-0.9801621657140137,-0.13722852970733115
-0.9798021363259348,-0.13717850939430906
-0.9797835315888509,-0.13717592456428276
-0.9795198633326134,-0.13713929208608044
-0.9787188897244541,-0.13702800964101008
-0.9784609415529496,-0.13699217187690144
-0.9779479542023701,-0.13692090050655778
-0.9775747595267432,-0.13686905108784037
-0.9774157705392159,-0.13684696211625494
-0.9772306117783677,-0.13682123727410847
-0.9764536590459841,-0.13671329214472722
-0.9759616830165825,-0.13664493996069751
-0.975649186693566,-0.136601523605219
-0.9751921765593436,-0.1365380293719007
-0.9746692729782142,-0.13646538030025676
-0.9741862037245509,-0.13639826556996051
-0.9741405902546587,-0.1363919283093991
-0.9739458024808906,-0.1363648656702386
-0.9731243010484543,-0.1362507312129992
-0.9728840748123587,-0.13621735562777337
-0.9728732094735613,-0.1362158460630941
-0.9728261741112207,-0.13620931125336666
-0.9725943233432631,-0.13617709930519886
-0.9724255314695527,-0.13615364837969626
-0.9720329698222853,-0.13609910823067795
-0.971922787152814,-0.13608380011473223
-0.9709113049367409,-0.13594327087256594
-0.970466689184994,-0.13588149864003898
-0.9699528744380062,-0.13581011231622556
-0.9699082109310909,-0.13580390703779407
-0.9697617459327662,-0.1357835580737773
-0.9696974118598146,-0.1357746198854694
-0.9695454757560257,-0.13575351079903775
-0.9675634498504466,-0.13547814006682035
-0.9672595661227866,-0.13543592029342633
-0.9672128879003393,-0.13542943510256286
-0.9671587771764808,-0.13542191728475445
-0.9667035260504527,-0.1353586674374319
-0.9666495556804348,-0.1353511691195401
-0.9661226472457873,-0.13527796363768843
-0.9656577792265642,-0.1352133776771933
-0.9654323160771463,-0.13518205318624266
-0.9653238235588205,-0.13516697988970947
-0.9649685270287426,-0.1351176171314495
-0.964794741359322,-0.13509347239807223
-0.9644792903949471,-0.13504964554253307
-0.9642185662479295,-0.1350134221011194
-0.9642065823674882,-0.13501175713300648
-0.9640203119268206,-0.1349858778407668
-0.9639354903599475,-0.13497409324354637
-0.963376518191372,-0.13489643301977403
-0.9631001616884747,-0.134858037713062
-0.9625316560303295,-0.13477905296371415
-0.9625050617977007,-0.13477535812133537
-0.9625019823768558,-0.13477493028516507
-0.9623409927006353,-0.13475256334995225
-0.9620649685348245,-0.13471421421615173
-0.9617087987494846,-0.13466473013306954
-0.961569429293657,-0.1346453669809573
-0.961345241716559,-0.13461421971033605
-0.9608074474354333,-0.13453950181459157
-0.9607581189499335,-0.13453264841215473
-0.9605995020147678,-0.1345106111312818
-0.9605724266632953,-0.13450684944515093
-0.960508425434535,-0.13449795750020863
-0.9598966228148357,-0.13441295733200453
-0.9596639190365087,-0.13438062687171778
-0.9593514165608509,-0.13433720966142834
-0.9591765801657152,-0.13431291894655356
-0.9588446323872878,-0.13426680012310827
-0.9585559286360025,-0.13422668936413096
-0.958448726195759,-0.1342117953032702
-0.9575534348596845,-0.13408740892160448
-0.9574641770603197,-0.13407500798098204
-0.9573922979631392,-0.13406502153248703
-0.9570339281311004,-0.1340152317881778
-0.9567894291176579,-0.13398126256902249
-0.9561488818540388,-0.1338922687932569
-0.9557670560316293,-0.13383922021503175
-0.9556200901401933,-0.1338188016599454
-0.9553708219138596,-0.13378416983509847
-0.9553050390703609,-0.13377503036334354
-0.9552979319656676,-0.1337740429450571
-0.9546651479728636,-0.13368612775134373
-0.9538832808225035,-0.13357749984235154
-0.9538077067264554,-0.13356700003298635
-0.9536936528721577,-0.1335511540779553
-0.953655624599504,-0.13354587065897675
-0.9535095641778456,-0.13352557790440328
-0.9521886248464788,-0.13334205455596
-0.9520990374699869,-0.13332960782587808
-0.9520240747700679,-0.1333191929602058
-0.9519658747669346,-0.13331110700258395
-0.9518312723599474,-0.13329240615550322
-0.9512545427874921,-0.13321227882507256
-0.9512413525039787,-0.13321044624658857
-0.9511673337757455,-0.13320016253065226
-0.9509253293821999,-0.13316653989894853
-0.9508893561045968,-0.13316154198859537
-0.9498685356728245,-0.133019715351028
-0.949718814983651,-0.13299891406094916
-0.9496022818066193,-0.13298272364376207
-0.948887260726619,-0.13288338292485607
-0.94815770566227,-0.1327820229417715
-0.9476388678967195,-0.13270993875003645
-0.9473789933104121,-0.1326738333414669
-0.9472624213366292,-0.13265763753409315
-0.9471887502170436,-0.1326474021128071
-0.946931579273247,-0.13261167233203125
-0.9459332225514985,-0.13247296666692954
-0.945803854024559,-0.1324549929835943
-0.945460803884762,-0.13240733166498225
-0.9453578340104376,-0.1323930256513175
-0.9447155342859898,-0.13230378839920776
-0.9444735633625831,-0.1322701704176434
-0.9443288218325917,-0.13225006090192828
-0.9441912925208125,-0.13223095340833832
-0.9441125018587286,-0.1322200067086767
-0.9439681284445036,-0.13219994833674725
-0.9437204403496234,-0.13216553604583994
-0.9435855523931487,-0.13214679552623457
-0.9434975621240376,-0.13213457068862527
-0.9428720900120453,-0.13204767136355788
-0.9426093587473551,-0.1320111690653132
-0.9423250179833849,-0.13197166447349468
-0.9421821052396075,-0.1319518090383127
-0.9418357083690122,-0.13190368274509667
-0.9415826346720246,-0.13186852221109543
-0.9414639506541428,-0.13185203296904535
-0.9412480775911236,-0.13182204086689256
-0.9402660770825008,-0.1316856076354519
-0.9400511399012792,-0.13165574555907475
-0.9398235376406996,-0.1316241238729133
-0.9392922629037199,-0.13155031176333448
-0.9389476495518708,-0.1315024332614625
-0.9387441974554529,-0.13147416685353913
-0.9383956686578298,-0.13142574436323248
-0.9373237914239542,-0.13127682420133724
-0.9371534268794717,-0.13125315477843716
-0.9370493123151971,-0.13123868972845065
-0.936931651270129,-0.1312223426120771
-0.9366059680784938,-0.1311770941525595
-0.9362399730307562,-0.13112624500674366
-0.9361111652028202,-0.13110834922354814
-0.9357990935373898,-0.13106499186743492
-0.9348857842576357,-0.13093810218128157
-0.9347253794637478,-0.13091581650609446
-0.9343757984974275,-0.1308672478338112
-0.933803988442626,-0.13078780399150994
-0.9336457911523872,-0.1307658250135736
-0.9335065111730754,-0.13074647429278924
-0.9334138811487384,-0.130733604835556
-0.9329661404344561,-0.1306713984395707
-0.9328743141696392,-0.13065864065184038
-0.9318503561548119,-0.13051637809739589
-0.9318232638022088,-0.13051261404923048
-0.9316962601996519,-0.13049496893423376
-0.9316291130802243,-0.13048563991820472
-0.9310851981854926,-0.1304100716612992
-0.9308027646406123,-0.13037083204700475
-0.9300532323841996,-0.13026669655327183
-0.9298891202862515,-0.13024389580760526
-0.9298396682000041,-0.13023702523282552
-0.9298284701360038,-0.13023546944131217
-0.9295209422615147,-0.13019274337212355
-0.9291437209036655,-0.13014033451044996
-0.9291123042270002,-0.13013596966676516
-0.9283581757012782,-0.13003119559507942
-0.9282712553321806,-0.13001911940292896
-0.9280568573306146,-0.1299893322369232
-0.92748355726959,-0.12990968138213854
-0.9270645496400448,-0.1298514669877516
-0.9267787712841253,-0.129811762665573
-0.9267278454937138,-0.12980468734321982
-0.9257554999895529,-0.1296695955199013
-0.9256317159284231,-0.129652397708584
-0.9252885973027003,-0.12960472687495025
-0.9248054945222371,-0.1295376074866426
-0.9245482654664186,-0.12950186963213267
-0.9241063897080468,-0.12944047807776937
-0.9240763054873139,-0.12943629835748005
-0.9240315784725894,-0.12943008425565636
-0.923870479962095,-0.1294077021996655
-0.9236763182535722,-0.1293807265422363
-0.923132490927953,-0.1293051704516555
-0.9231145651241148,-0.129302679948522
-0.9229975522048668,-0.12928642287884315
-0.9224734934316029,-0.12921361331176717
-0.9223086726575512,-0.12919071410691446
-0.9222320971511846,-0.1291800751676358
-0.9221996468627311,-0.12917556672015948
-0.9215173181760355,-0.1290807680853185
-0.921190728771813,-0.12903539372208636
-0.9209630469260103,-0.1290037609788337
-0.9209194606217195,-0.12899770536044172
-0.9205038049303853,-0.1289399566641452
-0.9201644299471472,-0.12889280594963265
-0.9199163610395308,-0.12885834075089914
-0.9193979731565886,-0.1287863190631419
-0.9193878101223176,-0.12878490707242027
-0.9187542165449922,-0.12869687939991342
-0.9186816522050094,-0.12868679774791397
-0.9185751205280188,-0.12867199687885636
-0.9181957223858631,-0.12861928558789226
-0.9178938242743486,-0.12857734168403673
-0.9175904857678292,-0.12853519766038152
-0.9155673124215175,-0.12825411015077406
-0.9155567429647835,-0.12825264169416523
-0.9155014241309821,-0.1282449560288435
-0.9154009277295682,-0.12823099366459553
-0.9151300916036167,-0.12819336532578107
-0.9140310780646662,-0.1280406750092288
-0.9139687160344702,-0.12803201080465446
-0.9139666395191106,-0.12803172230612703
-0.9138257865022001,-0.1280121530369805
-0.9125624792223964,-0.12783663673839127
-0.9124970454267817,-0.12782754576124541
-0.911093350704899,-0.12763252487767038
-0.9110394922170016,-0.12762504210400602
-0.9105078337211655,-0.12755117667728486
-0.9102175309083879,-0.12751084375434257
-0.9096913907512719,-0.12743774501234012
-0.9096253835343079,-0.1274285743674884
-0.9090573425977092,-0.12734965418375102
-0.9089918222307256,-0.12734055117890092
-0.9089387322190307,-0.12733317517268794
-0.9089385336328035,-0.12733314758231454
-0.9089049992494543,-0.12732848851722797
-0.9088560916367248,-0.12732169358831694
-0.9085141060432296,-0.12727418017135114
-0.9079601678581725,-0.12719721933890552
-0.907251599404423,-0.12709877510899611
-0.9069531541200521,-0.1270573109201312
-0.9067220845336997,-0.12702520750462695
-0.9061080531165628,-0.12693989768074143
-0.9054907042311018,-0.12685412694780376
-0.9042186149604226,-0.1266773905323377
-0.9037939705747688,-0.12661839300103384
-0.9036728502324001,-0.12660156527074504
-0.9025843315086162,-0.12645033304055214
-0.9018090526051257,-0.1263426204628679
-0.9014094909037051,-0.12628710776851987
-0.9013339366644466,-0.1262766107179374
-0.9011399811066637,-0.12624966370184945
-0.9010511406144857,-0.1262373207393721
-0.9008300713937948,-0.12620660671439346
-0.9001679769604939,-0.12611461930475265
-0.899912741433932,-0.12607915841918127
-0.8997867800241582,-0.12606165810016787
-0.8992897336121995,-0.12599260146774852
-0.8990920784443909,-0.12596514045014387
-0.8989164530858821,-0.12594074012145376
-0.8988827736634802,-0.12593606090551548
-0.8988776586329861,-0.1259353502540106
-0.8984326388093479,-0.12587352188217069
-0.8981040913622171,-0.1258278754802594
-0.8977613288252012,-0.12578025411944418
-0.8976737146667634,-0.1257680815363847
-0.8976353821226168,-0.12576275584375896
-0.8950194026187417,-0.12539930741989114
-0.8948576459289509,-0.12537683392043622
-0.8941186347361889,-0.1252741601598688
-0.8939181001997032,-0.12524629910013618
-0.8938334500842872,-0.12523453832334777
-0.8937998961955271,-0.125229876548297
-0.892843793971779,-0.1250970414684491
-0.8925796634565019,-0.12506034476676217
-0.8921017113450855,-0.12499394098136506
-0.8918650348560426,-0.12496105857659782
-0.8916684070141394,-0.12493374028946198
-0.8914419346934743,-0.12490227559034124
-0.8911248616857244,-0.12485822337787288
-0.8908080430814088,-0.1248142065106841
-0.8906516305004565,-0.12479247548949839
-0.8903764560685495,-0.12475424441260456
-0.8903002035143803,-0.12474365034235761
-0.889918014368901,-0.1246905512862151
-0.889762222613649,-0.12466890651881
-0.8894827301688857,-0.1246300755232377
-0.8893600216715447,-0.12461302714427001
-0.8891038648492071,-0.12457743825941688
-0.8889868595511443,-0.12456118224857961
-0.8888835390887135,-0.12454682752631661
-0.8882592570557601,-0.12446009354365743
-0.8882446191220156,-0.12445805983737636
-0.8882398157110678,-0.12445739248041292
-0.8882237821048337,-0.12445516486780887
-0.8877697573323863,-0.12439208540266074
-0.8874816173868387,-0.12435205297545425
-0.8867389429244169,-0.1242488702622815
-0.8860492156078361,-0.12415304370640119
-0.8858862598488582,-0.12413040361550103
-0.8852975354003337,-0.12404860978929112
-0.8843616903049614,-0.1239185891127554
-0.8828041113791949,-0.12370218848546417
-0.8816597523767868,-0.12354319814354901
-0.8816033506729227,-0.12353536203078798
-0.8815293483987208,-0.12352508060087565
-0.8805379940182412,-0.12338734779886167
-0.8802551389740232,-0.12334804962399
-0.8800977254643463,-0.12332617953980056
-0.8799112746479327,-0.12330027518724197
-0.8797629552275994,-0.12327966858100929
-0.8793777562638994,-0.1232261513588656
-0.8791587479728662,-0.12319572366703081
-0.8784907130982257,-0.12310291092827767
-0.8782404559767067,-0.12306814171229445
-0.8774622575063801,-0.12296002350759234
-0.8770151871632863,-0.12289791024893919
-0.876960568898095,-0.12289032191639733
-0.876091603023917,-0.12276959303572486
-0.8759767338433984,-0.12275363380418323
-0.8752956346532379,-0.12265900598817987
-0.8752204111901689,-0.12264855489364725
-0.8750880699842736,-0.12263016820421631
-0.875014202738905,-0.12261990553439613
-0.8750130741904235,-0.12261974874067265
-0.873412340667941,-0.12239735247383769
-0.8733093786082194,-0.12238304754588684
-0.872102694625927,-0.12221539814694425
-0.8719117266196348,-0.12218886620325227
-0.871769965583828,-0.12216917077943366
-0.871767007919817,-0.12216875985942387
-0.8716356775261971,-0.12215051360615763
-0.8715645128721518,-0.12214062641808539
-0.8707269242543443,-0.12202425690427963
-0.8706836197796559,-0.12201824044159386
-0.8706525697545937,-0.12201392653827269
-0.8706038046691345,-0.12200715141124137
-0.8697749590185764,-0.12189199659260512
-0.8692385509480218,-0.1218174712886017
-0.8689152825591538,-0.12177255832722476
-0.868746877051279,-0.12174916108106242
-0.8685829861778633,-0.12172639107099888
-0.868206572431196,-0.12167409441395484
-0.8680537344969054,-0.1216528600326293
-0.8676985463382891,-0.12160351233084711
-0.867527082439585,-0.12157969017029811
-0.8672340540046332,-0.12153897856584016
-0.8671076616405355,-0.12152141837263074
-0.8666813375442672,-0.12146218747245889
-0.8663501117792463,-0.1214161689612041
-0.8662915142170213,-0.12140802776911848
-0.866168309536237,-0.121390910453414
-0.866123261842196,-0.12138465179833895
-0.8655106016699708,-0.12129953248695606
-0.8647263504918961,-0.12119057335552337
-0.8645727782455362,-0.12116923695330516
-0.8638142860115846,-0.12106385661430123
-0.8635671983940488,-0.12102952775009661
-0.8632153225577182,-0.12098064024240705
-0.8630970867755415,-0.12096421327552397
-0.8624949705337868,-0.12088055887428466
-0.861323718592441,-0.12071783218953665
-0.8610787366745694,-0.12068379587855084
-0.8607690973170214,-0.1206407764526335
-0.8606696412065903,-0.12062695862014412
-0.8602838403308252,-0.12057335777196622
-0.8602482090626984,-0.1205684073783481
-0.8598363032248532,-0.12051117966409232
-0.8589582771616939,-0.12038919201537514
-0.8588604644838622,-0.12037560251150496
-0.8582969965520306,-0.12029731767348505
-0.8581907118118626,-0.12028255111234105
-0.8579988540002677,-0.1202558955444639
-0.8577468365823083,-0.12022088176350391
-0.8574016752391538,-0.12017292712702309
-0.8571185647950085,-0.12013359346842496
-0.857100409197886,-0.12013107103919766
-0.8569485492222397,-0.12010997252955129
-0.856119601146789,-0.11999480348061779
-0.8559601015534356,-0.11997264356853667
-0.8554557382208173,-0.11990257036726536
-0.8554419657501893,-0.11990065690321293
-0.8545377371657088,-0.1197750288341249
-0.8543526259457285,-0.11974931059702008
-0.8538302238399892,-0.11967673119734394
-0.8535641402052476,-0.1196397631410115
-0.8530730405937489,-0.11957153272120245
-0.8529619121200147,-0.1195560932009135
-0.8529467002594188,-0.1195539797566952
-0.852874219698527,-0.11954390974445765
-0.8528477102528775,-0.11954022668187074
-0.852550506513227,-0.11949893498574556
-0.8525041496611897,-0.11949249444414985
-0.8523290154309043,-0.11946816234985468
-0.8518910249856102,-0.11940731059747069
-0.8516222112191711,-0.11936996323309663
-0.8516009652156591,-0.11936701144143373
-0.850934144456494,-0.11927436738456633
-0.8509245716276138,-0.11927303739342408
-0.850746147155092,-0.11924824817270525
-0.8506693839281444,-0.11923758315266066
-0.8503793574308091,-0.11919728861932037
-0.8499604527546618,-0.11913908852865791
-0.8497917560765818,-0.1191156508290624
-0.8490358607573633,-0.11901063128973798
-0.8489667939382834,-0.11900103556221074
-0.8489304246108261,-0.11899598262707804
-0.8487262018540973,-0.11896760914825642
-0.8484834022423406,-0.11893387603372783
-0.847716772331115,-0.11882736509489512
-0.8473712586180435,-0.11877936150226205
-0.8470368826775424,-0.1187329053246144
-0.8469282906297911,-0.1187178182000627
-0.8468464999509082,-0.11870645469615028
-0.8465149692296288,-0.11866039381611117
-0.8462066482343497,-0.11861755755550073
-0.84574817360439,-0.11855385985397236
-0.8454467080464079,-0.11851197604649728
-0.8451338053633815,-0.11846850323380838
-0.8444920294683329,-0.11837933875939784
-0.8444532841660636,-0.1183739557206465
-0.8443511002578258,-0.1183597589043723
-0.8443421435071198,-0.11835851450741801
-0.8438071450821342,-0.11828418505107301
-0.8435270638457314,-0.11824527225233937
-0.8432229075256333,-0.11820301460659512
-0.8431033748412317,-0.11818640745593424
-0.8429439203369502,-0.11816425380825703
-0.842930662380864,-0.11816241182775371
-0.8428383937271615,-0.1181495925771782
-0.842720471650553,-0.11813320919465585
-0.8427200708525278,-0.11813315351019414
-0.8427092922309126,-0.11813165599347746
-0.8423236801782631,-0.1180780813792451
-0.8418144796602475,-0.11800733612859184
-0.8418087231701377,-0.11800653635655452
-0.8411974404233942,-0.11792160841636525
-0.8403003954979847,-0.11779697840156746
-0.8402255535904786,-0.11778658031806484
-0.8396959879278699,-0.11771300565697727
-0.8388385531975451,-0.11759387884392523
-0.8386376242630299,-0.11756596298890772
-0.8384145953573269,-0.1175349766971059
-0.8381605543711715,-0.11749968177377824
-0.8373247622947515,-0.11738356186060382
-0.8367263266961524,-0.11730041882573868
-0.8366351394898343,-0.11728774982494404
-0.8364119155088007,-0.11725673643055164
-0.8359925809033114,-0.11719847660809792
-0.8359851959216993,-0.11719745058326743
-0.8358337461550621,-0.11717640906558811
-0.8352317857270064,-0.11709277631216496
-0.8344767959732767,-0.11698788258665106
-0.8344371959119448,-0.11698238079282784
-0.8342569167604827,-0.11695733389419653
-0.8341704365542568,-0.11694531885562225
-0.8339871638808896,-0.11691985605510156
-0.8337096350028472,-0.11688129786565367
-0.833565781916856,-0.11686131178499264
-0.8334188785025428,-0.11684090191010106
-0.8331109811620584,-0.11679812450953418
-0.8328571360362099,-0.11676285679785693
-0.8318643569024277,-0.11662492604920717
-0.8315468449502684,-0.11658081285244833
-0.8309639078395554,-0.11649982308406949
-0.8309493152542805,-0.1164977956782315
-0.8304640410327604,-0.11643037460299217
-0.8304443043306304,-0.11642763250456563
-0.8301899030851463,-0.11639228752897836
-0.8299737548864229,-0.11636225720112929
-0.8296324730038883,-0.11631484155352269
-0.8285937924978827,-0.11617053354489697
-0.8281256709292317,-0.11610549555585585
-0.8280923654458433,-0.11610086829275011
-0.8276727834781294,-0.11604257410328002
-0.827547869509671,-0.11602521930944916
-0.8273348177180406,-0.1159956191777373
-0.8272687641037935,-0.11598644208672675
-0.8267064071379503,-0.11590831159962466
-0.8260494050980784,-0.11581703169643139
-0.8256813941430139,-0.11576590247260286
-0.8255602176779133,-0.11574906694496002
-0.8253470094112215,-0.11571944507354635
-0.825109283344107,-0.11568641684672838
-0.8248737841452118,-0.11565369800755791
-0.8244731876399257,-0.11559804154379834
-0.8242787906845639,-0.11557103320259142
-0.8241955778481843,-0.11555947211268881
-0.8239773204394631,-0.11552914874391633
-0.823830033991815,-0.11550868565268206
-0.8237878203210132,-0.11550282073971314
-0.8237385359484042,-0.11549597346605543
-0.8229009776320257,-0.11537960816214758
-0.8224514043321731,-0.11531714715776954
-0.8224114348137463,-0.11531159403380455
-0.8219569735606407,-0.1152484539266647
-0.8219350087479326,-0.11524540226798484
-0.821539165023554,-0.11519040612695615
-0.8212064669789089,-0.11514418306604492
-0.8207963275120286,-0.11508720076072375
-0.8205981279849894,-0.11505966411312886
-0.8203822413634465,-0.11502967012723657
-0.8202804653918008,-0.11501552998721344
-0.820246864560009,-0.11501086169018078
-0.8201757438434953,-0.11500098060652443
-0.8200332579591422,-0.11498118447661783
-0.8197980554595953,-0.1149485068590664
-0.8196398558455672,-0.11492652755827683
-0.8186537481495099,-0.11478952369897098
-0.8184316327536655,-0.11475866432472252
-0.8179912253551146,-0.11469747677542179
-0.8178050960770595,-0.11467161709546454
-0.8174284748267991,-0.11461929160912211
-0.817306568816174,-0.11460235472282158
-0.8173051412618817,-0.11460215638703307
-0.8172181883641627,-0.114590075675552
-0.8168019865748715,-0.11453225110769712
-0.8164090162601293,-0.11447765418088317
-0.8162656638872212,-0.11445773766627974
-0.8160270368164185,-0.11442458425944034
-0.8154436011474964,-0.1143435252243891
-0.8144228212492728,-0.1142017042183087
-0.8134158876221532,-0.114061806929674
-0.813409094363898,-0.11406086311531992
-0.8131587313429383,-0.11402607918630679
-0.812954930561777,-0.11399776433422694
-0.8124047220857022,-0.11392132168506557
-0.811368729591123,-0.11377738713254483
-0.8112915679834453,-0.1137666667638829
-0.8111066257467006,-0.11374097200429019
-0.8110300139646267,-0.1137303280250835
-0.8103778144675543,-0.11363971535823834
-0.8103026637672129,-0.1136292743729206
-0.8100206433795174,-0.11359009216019499
-0.8098576926912513,-0.11356745277378898
-0.8097645788295003,-0.11355451609510188
-0.809663513566469,-0.11354047469664975
-0.8082983493556332,-0.11335080701002838
-0.808279582254424,-0.11334819962210922
-0.8081024897723135,-0.11332359546010927
-0.8079142826557015,-0.11329744709778765
-0.807866911379594,-0.11329086561822622
-0.8077228815189441,-0.11327085497755966
-0.807651986314746,-0.11326100522522504
-0.8072954563597172,-0.11321147110233727
-0.8071897192493084,-0.11319678062557113
-0.8064109595027997,-0.11308858444053947
-0.8060940615477009,-0.11304455654883121
-0.8054649296362374,-0.11295714875328554
-0.8047730161235234,-0.1128610184604923
-0.8045740353292875,-0.1128333732683423
-0.804532857447825,-0.11282765226170081
-0.8042564858584806,-0.11278925485896878
-0.8041765173348369,-0.11277814451432179
-0.8039393713448013,-0.1127451968799167
-0.8036367041681709,-0.11270314612678962
-0.8033225813498369,-0.1126595037958558
-0.8032848539871453,-0.11265426218349352
-0.802698915667971,-0.1125728554453015
-0.8026499926967983,-0.11256605838258087
-0.8024458201361094,-0.11253769187769448
-0.8022339049206021,-0.11250824965501814
-0.8021425145427376,-0.11249555242679359
-0.8021091076887392,-0.1124909110798663
-0.8020174073474782,-0.11247817078719576
-0.8019395440208992,-0.11246735292593947
-0.8019064502808482,-0.11246275508117672
-0.801672426691464,-0.11243024125429711
-0.8014352679690714,-0.11239729185093504
-0.8012853028105782,-0.11237645659576252
-0.801063177776161,-0.11234559588238878
-0.8008160456460167,-0.11231126083387062
-0.8005910991526054,-0.11228000812399129
-0.7999979438559297,-0.11219759870244718
-0.7991482208748294,-0.11207954331334814
-0.7990645406925335,-0.11206791729322095
-0.7976994450933579,-0.11187825913909001
-0.7974625616819886,-0.11184534798578206
-0.7973256008571529,-0.11182631947434128
-0.7972245981101957,-0.11181228676149572
-0.7971875197146681,-0.11180713531271937
-0.7971477771305178,-0.11180161371763482
-0.796978454687558,-0.11177808907803881
-0.7968549781947111,-0.11176093399840482
-0.7966108329250605,-0.11172701392627966
-0.7965010829809132,-0.11171176593058217
-0.796393017558067,-0.11169675197212038
-0.7963105009346231,-0.11168528760984646
-0.7959427534208333,-0.11163419498696077
-0.7955225665079719,-0.11157581675005825
-0.7952079014066061,-0.11153209907758864
-0.7941143915381351,-0.11138017340783822
-0.7938806507028004,-0.11134769886510189
-0.7938397587414825,-0.11134201758248179
-0.7937233307931341,-0.11132584178513373
-0.7935207880080987,-0.11129770171145277
-0.7927795642827735,-0.11119472055494763
-0.7927009041431581,-0.111183791989291
-0.7924634893185856,-0.11115080700463577
-0.7923927948527777,-0.1111409851416831
-0.7918592369822918,-0.11106685582729699
-0.7916486533765879,-0.11103759861046024
-0.7916073063867667,-0.11103185410892265
-0.7914902073640342,-0.11101558507654473
-0.7914366748486255,-0.111008147591533
-0.791380478717842,-0.11100034003985669
-0.7913735779939672,-0.11099938129487717
-0.7911794753106709,-0.11097241383805724
-0.7909117055692954,-0.11093521152423243
-0.7908839321952017,-0.11093135285904608
-0.7907394539837759,-0.11091127992722526
-0.7900425975512835,-0.11081446289495255
-0.7892239119810847,-0.11070071965663918
-0.7891586336202217,-0.11069165027466081
-0.7890259939907746,-0.11067322212406037
-0.7882952363060926,-0.11057169505615581
-0.7876651693364969,-0.11048415734926954
-0.7875365746097954,-0.11046629117307506
-0.7874910096868895,-0.11045996065733925
-0.7873263416722225,-0.11043708267595463
-0.7870861431180768,-0.11040371093669209
-0.7866065791668297,-0.11033708321198461
-0.7862340362573765,-0.11028532434573075
-0.7859945965819968,-0.1102520580405096
-0.7856717894062978,-0.11020720915731032
-0.7856657914417595,-0.11020637583627142
-0.78554721991484,-0.11018990222303758
-0.7848476632503137,-0.11009271003680234
-0.7848327181247983,-0.11009063365114828
-0.7845799822838418,-0.11005552005682749
-0.7844279632158716,-0.11003439944385264
-0.7844021624190133,-0.1100308148366572
-0.7843419033627513,-0.11002244280660507
-0.7841872476114213,-0.11000095586873739
-0.7840162503876769,-0.10997719854519426
-0.7835410641820931,-0.10991117903808144
-0.7833508164492335,-0.1098847471648386
-0.7833278682577995,-0.10988155888144611
-0.7827790469361097,-0.1098053089551536
-0.7822986925989436,-0.10973857141899072
-0.7821576877277091,-0.10971898105211973
-0.7809413628004367,-0.10954999219839469
-0.7803364140826818,-0.10946594427001331
-0.7799641200309768,-0.1094142199785549
-0.7792793181283563,-0.1093190777300012
-0.779130775635379,-0.10929844013139998
-0.7787613034000817,-0.10924710788610419
-0.7786908473790329,-0.10923731915122907
-0.7786214321626759,-0.1092276750194842
-0.7782839825224461,-0.10918079180052366
-0.7767454587970855,-0.10896703858791738
-0.7763226816368451,-0.10890830047765739
-0.7763028892677151,-0.10890555064519335
-0.7759795716261864,-0.10886063084094859
-0.7755654398737986,-0.10880309387154348
-0.774908909971393,-0.10871187956428378
-0.7748809363903653,-0.10870799308355282
-0.7744388752688558,-0.10864657577595245
-0.7743203993274973,-0.10863011544280025
-0.7742607342819499,-0.10862182594101628
-0.7740506176477565,-0.10859263360238637
-0.7740058759195592,-0.10858641745636143
-0.7732511336661803,-0.10848155811705444
-0.773125923216685,-0.10846416213193551
-0.7730060682839033,-0.1084475102100272
-0.7726957131566512,-0.10840439133938158
-0.772169495309564,-0.1083312818036029
-0.7719744482078219,-0.10830418313497679
-0.771636281816939,-0.10825720033500096
-0.7712587527959526,-0.10820474872846565
-0.7710842759341616,-0.10818050796498659
-0.7707516300531652,-0.10813429215137828
-0.7705038853466262,-0.10809987199518827
-0.7699212108204613,-0.1080189187087237
-0.7697713976673168,-0.1079981045722581
-0.7694158237746086,-0.10794870327890628
-0.7694130649244817,-0.10794831998089917
-0.7693959662402783,-0.10794594439278211
-0.7693491363881435,-0.10793943813540392
-0.7689634901359734,-0.1078858587696963
-0.7688868366016544,-0.10787520898968432
-0.7687553879403652,-0.10785694630502098
-0.7682729399884847,-0.10778991789464944
-0.768008893061042,-0.10775323280615233
-0.7675610369140894,-0.10769101037264768
-0.7672737264230376,-0.10765109318484913
-0.766574956524339,-0.10755401030711552
-0.7663510322658977,-0.10752289962040117
-0.7657529933111892,-0.10743981169284732
-0.7655033171726998,-0.10740512319514427
-0.7654643981393608,-0.10739971601924529
-0.7653676001585423,-0.10738626749126186
-0.7653301531419984,-0.1073810648285035
-0.764732916214563,-0.10729808832978453
-0.7644664804132311,-0.10726107134554876
-0.7643337953937872,-0.1072426368887358
-0.7640340314768941,-0.10720098949701666
-0.763649614418061,-0.10714758090802202
-0.7635723420898793,-0.10713684515652068
-0.7635542831526096,-0.10713433615663069
-0.7626554311985376,-0.1070094550841628
-0.7624830613169199,-0.1069855070518088
-0.7622861612186912,-0.10695815093902021
-0.7618851658722876,-0.10690243906267984
-0.7618544904477071,-0.10689817720409163
-0.7616205336716728,-0.10686567265985615
-0.7614696549172524,-0.10684471047517234
-0.7614341794125998,-0.10683978172239249
-0.7614032819482767,-0.10683548901494076
-0.761348814370578,-0.10682792161801079
-0.7610521279128446,-0.10678670178991718
-0.7610329823526736,-0.10678404182119118
-0.7609069122331319,-0.10676652639869784
-0.7607023331088758,-0.10673810340832009
-0.7606764341016088,-0.10673450515636244
-0.7606713795374319,-0.10673380290568323
-0.7604662110822091,-0.10670529803721325
-0.7598583660433132,-0.10662084771143075
-0.7595022078249529,-0.10657136523539494
-0.7593448373126295,-0.10654950112499863
-0.7593418845030893,-0.10654909087943985
-0.7585415144804856,-0.1064378922929083
-0.7585336143872283,-0.10643679470157073
-0.7581368866593119,-0.10638167574241901
-0.7575470963616893,-0.10629973383356002
-0.7575395544242209,-0.10629868600222887
-0.7575163459855005,-0.10629546156164711
-0.7572986194924758,-0.10626521195510132
-0.7564775462351662,-0.1061511369859331
-0.756196623403248,-0.10611210726099153
-0.7561332291605034,-0.10610329964702751
-0.7559303017042531,-0.10607510612944666
-0.7553911683499616,-0.10600020219094812
-0.7552389325486302,-0.10597905146634641
-0.7545980685571902,-0.10589001368632657
-0.7545116593598729,-0.10587800851330197
-0.754427694933549,-0.10586634300202293
-0.75440962209746,-0.10586383207111476
-0.7542091497827867,-0.10583597965610568
-0.7542064290554674,-0.10583560165465174
-0.7540533927232709,-0.10581433970911701
-0.7538566057496238,-0.10578699931317591
-0.7533442313399707,-0.1057158131011499
-0.7533294731310796,-0.10571376268456496
-0.7530980622400218,-0.1056816118502422
-0.7528479371525069,-0.10564686097826768
-0.7527602304159824,-0.10563467553296692
-0.751797468486112,-0.10550091519369324
-0.7510953897208578,-0.10540337260198536
-0.7509974632910023,-0.10538976729409467
-0.7509385640147745,-0.10538158418368414
-0.7507745992386428,-0.10535880390602269
-0.7503081606942353,-0.10529399974622518
-0.7502480798731186,-0.10528565247908982
-0.7497915121331804,-0.10522221970936678
-0.749114105884128,-0.10512810496834084
-0.7485553646090469,-0.10505047682351888
-0.7475323528445137,-0.10490834573538653
-0.7468994940141761,-0.10482042014419736
-0.7467432678840913,-0.10479871502737124
-0.7458250960999646,-0.10467114977417012
-0.7456738824652688,-0.10465014106323943
-0.745618043081997,-0.10464238307591199
-0.7447010861103593,-0.10451498660143559
-0.7446861080980861,-0.10451290564669365
-0.744666431668276,-0.10451017192213989
-0.7440986329171343,-0.10443128538619005
-0.7439244133805422,-0.10440708037392309
-0.7434550145733702,-0.10434186493306073
-0.7427616327975433,-0.10424553064864082
-0.7422384182324095,-0.10417283837075379
-0.7419020049697606,-0.1041260991398474
-0.7408771011433337,-0.10398370518004034
-0.7406606740639904,-0.10395363610619894
-0.7402094113199011,-0.10389094038062212
-0.7401990048219176,-0.10388949456451978
-0.7401469496731578,-0.10388226233592514
-0.7399538142609089,-0.10385542926591405
-0.7390912186694546,-0.10373558543392496
-0.738982338271017,-0.10372045824766692
-0.7385225233108683,-0.10365657432874127
-0.7384092748350657,-0.1036408402681437
-0.7378519269726195,-0.10356340571567411
-0.7373872245855128,-0.10349884276710693
-0.7356691266169159,-0.10326014059156922
-0.735261941742275,-0.10320356877948438
-0.7352566030688075,-0.10320282705637286
-0.7351217505934121,-0.1031840914662948
-0.7348564139071525,-0.10314722718648205
-0.7345429458208419,-0.10310367582006895
-0.7343570817959546,-0.103077852992788
-0.7334812898601404,-0.10295617574025746
-0.7331883857170438,-0.10291548140416075
-0.733084901054916,-0.10290110386898159
-0.7325813400686191,-0.10283114214087184
-0.732309118439118,-0.10279332130854556
-0.7322589009674805,-0.10278634439573332
-0.7318347905599273,-0.10272742105212805
-0.731519065842384,-0.10268355616297382
-0.7314896640057443,-0.10267947124901726
-0.7313229771209808,-0.10265631277799063
-0.7307477775284265,-0.10257639801374509
-0.7300052924924451,-0.10247324161834022
-0.7296599516602922,-0.10242526204473983
-0.7295389448527174,-0.10240845008829096
-0.7288087512230935,-0.10230700138679617
-0.7286102951722502,-0.10227942909933015
-0.7285268332704791,-0.10226783340578334
-0.7281020615725855,-0.1022088181864843
-0.7281000730898295,-0.10220854191867616
-0.7276926279317816,-0.10215193394438367
-0.7275412364537227,-0.10213090052496814
-0.7275210921290125,-0.10212810179391728
-0.7270419881161253,-0.10206153797027316
-0.7268047029880415,-0.10202857100486627
-0.7263759660218903,-0.10196900487509707
-0.7260707790832855,-0.10192660404142974
-0.7255928621871828,-0.10186020514863607
-0.7252390312984186,-0.10181104601774581
-0.7252241272964055,-0.1018089753455433
-0.7243683077544398,-0.10169007293702599
-0.7227353183326817,-0.10146319522997532
-0.7224522120897661,-0.10142386215507071
-0.7222853498815826,-0.10140067932566493
-0.7222057497331967,-0.10138962016085587
-0.7217565839276774,-0.1013272157712842
-0.721269419679508,-0.1012595321071348
-0.7206931985209497,-0.10117947541266649
-0.7199715479599922,-0.10107921363363691
-0.7199134360106312,-0.10107113990967546
-0.7195360717996082,-0.10101871120084296
-0.7193124757678502,-0.10098764611596547
-0.7192704575688034,-0.100981808360664
-0.7176750944126101,-0.10076015822015022
-0.7175657573742911,-0.10074496759109959
-0.7172387044865913,-0.1006995288342669
-0.7170909739549909,-0.10067900404468509
-0.7154470079022985,-0.1004506013106965
-0.7152418533555861,-0.10042209837459111
-0.7152224817894901,-0.10041940700596412
-0.7149385021934821,-0.10037995259264523
-0.7146581088446771,-0.1003409964308958
-0.7146202603729108,-0.10033573799236871
-0.7139444882250754,-0.10024185028351597
-0.7138345742157487,-0.10022657949359134
-0.7137196323851162,-0.10021061016848085
-0.713038959723845,-0.10011604161183028
-0.7129647892619411,-0.10010573681493234
-0.7126792935459949,-0.100066071761048
-0.7125262267789788,-0.10004480558708286
-0.7122981384737952,-0.10001311637281389
-0.7118510863001288,-0.09995100563851148
-0.7118464495737532,-0.09995036143969772
-0.7117860156308833,-0.09994196511195451
-0.7114937883144437,-0.09990136481007375
-0.7114334236508761,-0.09989297810757919
-0.7104927403186224,-0.09976228523557466
-0.7102195192857435,-0.09972432555216727
-0.7097891773814584,-0.09966453644196782
-0.7095470104013993,-0.09963089122147396
-0.7091055057361899,-0.09956955122455771
-0.7090356172687425,-0.09955984134215894
-0.7080800594768242,-0.09942708190238776
-0.7080618804985809,-0.09942455622472848
-0.707921517337968,-0.09940505501326322
-0.7068595661184062,-0.09925751391196543
-0.7067257471849618,-0.09923892191597616
-0.7065921613066276,-0.09922036229925912
-0.7051753183155057,-0.09902351467441019
-0.7048560976289537,-0.09897916407639458
-0.7046021747045539,-0.09894388555585563
-0.7038111954241697,-0.09883399166244324
-0.7036909568442582,-0.09881728643891523
-0.7036830422905397,-0.09881618683852832
-0.7020434449469831,-0.09858839106665374
-0.7017458774157881,-0.0985470488275242
-0.7014003457244026,-0.09849904273709251
-0.7005087683286846,-0.09837517234791332
-0.6996450593119135,-0.09825517382332213
-0.6994573467365122,-0.09822909416957533
-0.6994566623385892,-0.09822899908345324
-0.6994000731453422,-0.09822113692204752
-0.6989082614865448,-0.09815280757467881
-0.6987888970018052,-0.09813622379266516
-0.6985920847430027,-0.098108879883757
-0.6985792582922564,-0.0981070978540046
-0.6974465403023838,-0.09794972484420233
-0.6972363002132236,-0.09792051535348349
-0.6965400495090128,-0.09782378247744702
-0.6963668961647025,-0.09779972559550902
-0.6962100445592023,-0.0977779335788989
-0.6960747984021564,-0.09775914329306536
-0.6959991221506934,-0.09774862929084256
-0.6953703846480466,-0.09766127629208053
-0.695240262619862,-0.09764319792182413
-0.6951567189971022,-0.09763159087445569
-0.6950390299900053,-0.0976152398732065
-0.6942690459841877,-0.09750826293668872
-0.694127408536764,-0.097488584683495
-0.69383621333522,-0.09744812777743658
-0.6938208656487984,-0.09744599546239678
-0.6937980263775978,-0.09744282231172496
-0.6937095423983963,-0.09743052888101164
-0.6928968588807936,-0.09731761953170731
-0.6925632716268495,-0.09727127292941598
-0.6920766497758468,-0.09720366462265953
-0.6919640905894683,-0.09718802632777972
-0.6919340616920453,-0.09718385429377764
-0.6912869752290474,-0.0970939520010669
-0.6909262186126249,-0.09704383065132223
-0.6908487611404712,-0.09703306917703336
-0.690006965978664,-0.09691611523136018
-0.6898922479820464,-0.0969001770043985
-0.6897811622034533,-0.09688474341591509
-0.6892805666292969,-0.09681519368429344
-0.6883767763565122,-0.09668962651159038
-0.6880711184718565,-0.09664716024751749
-0.6874116050106152,-0.09655553142257728
-0.687383356653118,-0.09655160676605992
-0.6873482716070841,-0.09654673226124692
-0.6872298958361277,-0.0965302858451666
-0.6856647419523354,-0.09631283279886704
-0.6852582907080714,-0.09625636291296466
-0.6851982138519099,-0.09624801619669625
-0.6847784230497752,-0.09618969299303047
-0.6844139974000846,-0.0961390618899194
-0.6843451235234167,-0.09612949296864784
-0.6841781288219205,-0.09610629173141978
-0.6836679043750803,-0.09603540422226761
-0.6835806318396921,-0.09602327910225547
-0.6830747570661688,-0.09595299591049533
-0.682840401763488,-0.09592043599736977
-0.6823617625422189,-0.09585393674907142
-0.6822763524756611,-0.09584207038925216
-0.6822135407167356,-0.09583334370207887
-0.6820663300937021,-0.09581289114545957
-0.6817681748919083,-0.09577146725891936
-0.6814744700165856,-0.09573066167391375
-0.6814197992704759,-0.09572306604998941
-0.6811823492127717,-0.09569007617025523
-0.6803459257015486,-0.09557386852933537
-0.6793115806519847,-0.09543016286289474
-0.6791411972907115,-0.0954064908257032
-0.6787032357065916,-0.09534564308311683
-0.6786667602492168,-0.09534057540293313
-0.6783670776935975,-0.0952989393150589
-0.6781272231619111,-0.09526561537220314
-0.6780729233600304,-0.09525807128503401
-0.6778411477677322,-0.09522586978131926
-0.6774404571626721,-0.0951702002439043
-0.6773056588691839,-0.09515147218153386
-0.677273937958361,-0.09514706506938896
-0.6770045837159967,-0.09510964261454771
-0.6766667533625875,-0.09506270650159296
-0.6766369867267181,-0.09505857090463032
-0.6765344724970992,-0.09504432819549447
-0.6749759783540512,-0.09482780041343083
-0.674684918380106,-0.0947873622950799
-0.6745730802040928,-0.09477182417303419
-0.6743878058634284,-0.09474608327292475
-0.6741377503685673,-0.09471134206973408
-0.6728483894068761,-0.09453220602962778
-0.6727068458239932,-0.09451254081740759
-0.6727051896178935,-0.0945123107141153
-0.6724099220394784,-0.09447128801656153
-0.6723397230667298,-0.09446153499442786
-0.6723328615275831,-0.09446058169353823
-0.6720365937634813,-0.09441942003621405
-0.6718976383530189,-0.09440011440906917
-0.6716397209964771,-0.0943642809262057
-0.6715105785731952,-0.09434633865634971
-0.6714426829735312,-0.09433690565098828
-0.6710566419675122,-0.09428327144056038
-0.6709654613333043,-0.09427060335285517
-0.6708590926634619,-0.09425582513102818
-0.6706242526860031,-0.09422319788011044
-0.6705671428321744,-0.0942152633812619
-0.6703512700119648,-0.09418527131284361
-0.6702635648073287,-0.09417308608037414
-0.6699126004780055,-0.09412432521197389
-0.6698077007719294,-0.09410975107911806
-0.6696696755614509,-0.09409057468835197
-0.6696435263868933,-0.09408694167965888
-0.6693758198379708,-0.09404974814541263
-0.6693095390306134,-0.09404053948956076
-0.6692920483082606,-0.09403810943402632
-0.6688886973643062,-0.09398207028516113
-0.668242665659516,-0.09389231453419793
-0.6674364857666713,-0.0937803087593154
-0.6668888186940966,-0.09370421919743749
-0.6662773480226092,-0.09361926514811703
-0.6657916511235289,-0.09355178534860532
-0.6654312577560394,-0.09350171446647783
-0.6653910416687668,-0.09349612708572363
-0.6651300925332614,-0.0934598723857657
-0.6650880743184736,-0.09345403462827725
-0.6639891531091907,-0.09330135713945248
-0.6638609546563718,-0.09328354601916262
-0.6637197591026809,-0.09326392916002052
-0.6635477046425494,-0.09324002495042652
-0.6635391977183744,-0.09323884304965904
-0.6633521659405146,-0.09321285798181904
-0.6631726091756367,-0.09318791144722534
-0.6627743053987879,-0.09313257352133496
-0.6625291401915862,-0.0930985117452344
-0.6621326071176897,-0.09304341983013888
-0.661700678859375,-0.09298341032147263
-0.6605902458879096,-0.09282913345779993
-0.659897778658723,-0.09273292623497757
-0.6597930884756467,-0.09271838121198439
-0.6596050306797029,-0.09269225359537638
-0.6588969219818359,-0.09259387324117803
-0.6588753719789444,-0.09259087921367372
-0.6576963293326208,-0.09242707013533633
-0.6574588627479679,-0.09239407795944754
-0.6571451833213828,-0.09235049723069058
-0.6555478129219868,-0.09212856821590532
-0.655192308181948,-0.09207917653020846
-0.6542404336477399,-0.09194692882006193
-0.6541034375478325,-0.0919278954077154
-0.6531428495718431,-0.09179443710448995
-0.6530263593987641,-0.09177825266201287
-0.6528064474792312,-0.09174769942548122
-0.6527628702114793,-0.09174164506257144
-0.6527433947141539,-0.09173893925436596
-0.6525716970028405,-0.09171508460930237
-0.6521375022111261,-0.09165476020214763
-0.651918759239103,-0.09162436937213689
-0.6502960880248477,-0.09139892521464132
-0.6500858577104132,-0.09136971708196394
-0.6498773477238954,-0.09134074796127768
-0.6491624488993354,-0.09124142422780565
-0.6490590386185084,-0.09122705702671609
-0.6487830180642982,-0.09118870839468964
-0.6486970475122851,-0.09117676416439965
-0.6485017251244491,-0.09114962724918303
-0.6480334130978842,-0.09108456279906739
-0.6475465475746506,-0.09101692063795998
-0.6473951989000167,-0.09099589316539432
-0.6469104231316262,-0.09092854134222826
-0.6467412741139654,-0.09090504079729796
-0.6464932929281867,-0.09087058778610786
-0.6463521099202014,-0.09085097266999052
-0.6463123731307167,-0.09084545187998186
-0.6462339105161081,-0.09083455075725909
-0.6454341761483702,-0.09072344048478305
-0.6451749139356372,-0.09068742015570679
-0.6448536596242009,-0.09064278701810796
-0.6448340043035975,-0.09064005622634017
-0.6439410948242433,-0.09051600076548995
-0.6437437585761556,-0.09048858405666894
-0.6428029862231301,-0.090357878816655
-0.6427937450741656,-0.09035659490712096
-0.6422889248225833,-0.09028645822428293
-0.6420959289830565,-0.09025964454566457
-0.6410478644500884,-0.090114032776897
-0.6406281545835077,-0.09005572081792924
-0.6405166819980943,-0.09004023348883779
-0.6404453509328343,-0.09003032318059451
-0.6403643145941051,-0.0900190644801561
-0.6402043523313632,-0.08999684028757898
-0.6401516707088484,-0.08998952102049705
-0.6391866477179682,-0.08985544654303568
-0.6387420518132386,-0.08979367706793367
-0.6386886145963259,-0.08978625282312054
-0.6384156562153268,-0.08974832963098213
-0.6381217842620714,-0.08970750083317564
-0.6366940049618907,-0.08950913378346712
-0.6363269206905164,-0.08945813330748478
-0.6361734019442207,-0.08943680433824296
-0.6356940373569703,-0.08937020431196749
-0.6350499399666637,-0.08928071730299916
-0.6350018060830054,-0.08927402987134139
-0.6349988910686126,-0.08927362487681254
-0.6348613992593296,-0.08925452259359336
-0.6345660445781731,-0.08921348779450976
-0.6342430328738764,-0.08916861049533996
-0.6330213287962679,-0.0889988742948912
-0.6324590948558785,-0.0889207609002041
-0.6324247920462585,-0.08891599507460336
-0.6310346791371242,-0.08872286116622419
-0.6308900745760107,-0.08870277068013933
-0.6304590096252977,-0.08864288111422756
-0.6299224145128285,-0.08856832982374793
-0.6296926199129553,-0.08853640354717984
-0.6295556131561225,-0.08851736865422431
-0.629285634946099,-0.0884798595090776
-0.6288868742567365,-0.08842445810251666
-0.6288283774818426,-0.08841633091321528
-0.6284495999060569,-0.088363705840002
-0.6281519709086055,-0.08832235506112136
-0.6280536115744514,-0.08830868960811686
-0.6277581007855093,-0.0882676331203585
-0.6274594071966971,-0.08822613443357126
-0.6269516584085526,-0.08815559087751565
-0.6266972744135971,-0.08812024829861285
-0.6265290645648305,-0.08809687823614766
-0.6263866870071104,-0.08807709715649055
-0.6263335805440061,-0.08806971886461791
-0.6259351483362868,-0.08801436309531649
-0.6256832410939183,-0.08797936462148896
-0.6253645258420464,-0.08793508424552123
-0.6246915923829353,-0.08784159092696903
-0.6246205433444283,-0.08783171980182278
-0.6244024480800096,-0.08780141896040239
-0.6243664683920981,-0.08779642015943954
-0.6239120111270557,-0.08773328060637722
-0.6238572887640488,-0.08772567781111229
-0.6236077628492966,-0.0876910101845898
-0.6235361116073173,-0.08768105539292304
-0.6228025239023817,-0.087579135139063
-0.6219614656067635,-0.0874622835691365
-0.6218148491628254,-0.08744191356417909
-0.6217127322892716,-0.0874277260612998
-0.6214911256590528,-0.08739693737188066
-0.6208739534224295,-0.08731119118146767
-0.620113125537934,-0.08720548634125581
-0.6194171601754925,-0.08710879310888485
-0.6192041307889771,-0.0870791960900046
-0.6188028726340942,-0.08702344770063829
-0.6187895440464275,-0.08702159590700893
-0.6187629488153639,-0.08701790092591365
-0.6169532710288783,-0.0867664752024963
-0.616806925627102,-0.08674614285450308
-0.6166668012604302,-0.08672667481962863
-0.6166204725947239,-0.08672023819407174
-0.6165724417300942,-0.08671356507525686
-0.6165116768199033,-0.08670512276490897
-0.6163781496552532,-0.08668657130551731
-0.6162401724796616,-0.08666740158842885
-0.6152882056965724,-0.08653514106177881
-0.6147073856041455,-0.08645444541915984
-0.6145695215075396,-0.08643529141258402
-0.6127562024889827,-0.08618335979833103
-0.6125624298484404,-0.08615643819566195
-0.6124672622238871,-0.0861432161795506
-0.6124074314645405,-0.08613490365449027
-0.6122013356834863,-0.08610626994895892
-0.6116956311543855,-0.08603601040993263
-0.6112976579717619,-0.08598071841481114
-0.6112084192548027,-0.08596832012538312
-0.6108954752565969,-0.08592484157261225
-0.6106486539986266,-0.08589054971480008
-0.6095197506930419,-0.0857337066942389
-0.6092917246723202,-0.08570202613339759
-0.6092638360071096,-0.08569815145035839
-0.6090011707009334,-0.0856616583159921
-0.6088540538314995,-0.08564121878493271
-0.6085493755275755,-0.08559888861790202
-0.6083340139701056,-0.08556896758124703
-0.6082996691745214,-0.08556419592236951
-0.6081259346432869,-0.08554005829382344
-0.6075838435728933,-0.08546474342807793
-0.6075416885701759,-0.08545888666609905
-0.6074801014434034,-0.08545033012193544
-0.6072279616967551,-0.08541529934536476
-0.6071187897960839,-0.08540013165954351
-0.6068663445459453,-0.08536505843815939
-0.6065853427692633,-0.08532601774510815
-0.6060447796383581,-0.08525091516206516
-0.6057766932643587,-0.08521366885721215
-0.6054458190095597,-0.08516769918266882
-0.6052850319922785,-0.08514536040366745
-0.6035496494274838,-0.08490425681052079
-0.6032795972465216,-0.08486673738829771
-0.6029727711477919,-0.08482410881960306
-0.6029562129896704,-0.08482180832892162
-0.6027084258777722,-0.08478738228118667
-0.6026739531965929,-0.08478259285465538
-0.6026671327191074,-0.08478164525862548
-0.6020809349976992,-0.08470020248065069
-0.6019936058274233,-0.08468806949212865
-0.6016839688927416,-0.08464505040282977
-0.6015766563363213,-0.0846301410430911
-0.601323222547908,-0.0845949304801577
-0.6008497366924475,-0.08452914720944173
-0.6003048302244942,-0.08445344118932975
-0.5998233300911731,-0.08438654446315566
-0.5997655852113574,-0.08437852173762424
-0.599718215161003,-0.08437194042836153
-0.5996726640674557,-0.08436561183399346
-0.599188512923574,-0.08429834679239168
-0.5991777775813943,-0.08429685528865893
-0.5979543593669222,-0.08412688093636662
-0.5966928548643186,-0.08395161510477497
-0.5963149971026269,-0.08389911782498753
-0.5960878612709827,-0.08386756094165089
-0.5957783334622574,-0.08382455701365456
-0.5956828282350063,-0.08381128809305938
-0.5956386538793127,-0.08380515077435009
-0.5956325725123524,-0.0838043058658814
-0.5953513230040052,-0.08376523075448587
-0.5950033656713967,-0.08371688766008374
-0.594903559427127,-0.08370302118210937
-0.5946181294601411,-0.0836633652629892
-0.5937842135359181,-0.08354750601109213
-0.5935380627826599,-0.08351330730916307
-0.5932184891282389,-0.08346890767191939
-0.5916295680240089,-0.08324815255127441
-0.5914714922215062,-0.0832261904521119
-0.5907074941924937,-0.08312004517112961
-0.5906887536080289,-0.08311744146728713
-0.5906727932577006,-0.0831152240324171
-0.5903643112937904,-0.08307236540779532
-0.5900464041207533,-0.08302819730143005
-0.5900109286394333,-0.08302326855189181
-0.5897311147241044,-0.08298439289313687
-0.5894443148077211,-0.0829445466415051
-0.5892986182937904,-0.08292430444607787
-0.5892001748930136,-0.0829106273133635
-0.5889138181577462,-0.08287084263464461
-0.588876046478609,-0.08286559486522253
-0.5884924776608051,-0.08281230412572357
-0.5876337163589197,-0.08269299300681512
-0.58748672369586,-0.0826725707322407
-0.5874295743536533,-0.08266463074711493
-0.5872786873450894,-0.0826436674156502
-0.5869573068963968,-0.08259901675330127
-0.5865572970044884,-0.08254344179006846
-0.5865438530252614,-0.08254157396463122
-0.5860779827632764,-0.08247684875856807
-0.5860482811138258,-0.08247272219042673
-0.5853984633206476,-0.0823824404231644
-0.5847785281018435,-0.08229631036066172
-0.5841633032235672,-0.08221083472447936
-0.5836470307641586,-0.08213910694091667
-0.5833800230319017,-0.08210201049604561
-0.5831235957675316,-0.08206638403760663
-0.582561052516226,-0.08198822766912531
-0.5822918908692548,-0.08195083197232705
-0.5822836845446258,-0.08194969183504855
-0.5822465192328364,-0.08194452831065074
-0.5822224080536332,-0.08194117844874779
-0.5820553050469025,-0.0819179621642433
-0.581970600572346,-0.08190619383512353
-0.5819505878915805,-0.08190341339388889
-0.581903301396958,-0.08189684369335595
-0.5818457470587234,-0.08188884744052326
-0.5812278860939883,-0.08180300556237789
-0.5811864148513128,-0.08179724379789774
-0.5806278399088758,-0.08171963876233071
-0.5804617001187025,-0.08169655630132872
-0.5801478616895759,-0.08165295348171711
-0.5800886042146265,-0.08164472060533529
-0.5785007489508276,-0.08142411356613526
-0.57824178389216,-0.0813881345218537
-0.5770224011825716,-0.08121872083828505
-0.5764318868834799,-0.08113667834102604
-0.5760688696951659,-0.08108624292104888
-0.5759332854270162,-0.08106740566009658
-0.5757121282771265,-0.08103667941876508
-0.575254048442397,-0.08097303656770621
-0.5750778330768858,-0.08094855426699955
-0.5750415456765477,-0.080943512714327
-0.575028829016982,-0.08094174593829945
-0.5750177530937215,-0.08094020711628422
-0.5749705177430435,-0.08093364452138264
-0.5748366936814598,-0.08091505181292062
-0.5747155291495746,-0.08089821794320674
-0.5743074651501836,-0.08084152399082827
-0.5739799236917027,-0.08079601735491619
-0.5729104233423837,-0.08064742742303402
-0.5728642793166687,-0.08064101645024459
-0.5727866855858295,-0.0806302360449953
-0.5727671890973054,-0.08062752732039921
-0.5726640645086698,-0.08061319981166067
-0.5723077279987937,-0.08056369256487636
-0.5718974347284355,-0.08050668889102709
-0.5716468957045824,-0.08047188050923286
-0.5708610146950615,-0.08036269493884328
-0.5699462430011043,-0.08023560207367553
-0.5690123290849677,-0.08010584970354219
-0.5688958391084634,-0.08008966528837604
-0.5686811811072385,-0.08005984199958487
-0.5683802831973909,-0.08001803705772
-0.5682814359862518,-0.080004303822028
-0.5677954967563947,-0.07993679035453884
-0.567716492450875,-0.079925813972546
-0.5675830621569551,-0.0799072759717897
-0.5675803724786159,-0.07990690228409389
-0.567556249586034,-0.07990355079480467
-0.5675481370578903,-0.07990242368904447
-0.567435932210863,-0.07988683462393825
-0.5666791524844326,-0.07978169221040682
-0.5666710648426062,-0.07978056856220153
-0.5656048247627823,-0.07963243159251097
-0.5655843685692751,-0.07962958953228934
-0.5654804701434645,-0.07961515451127818
-0.5653607771630259,-0.07959852509005219
-0.5652150154140724,-0.07957827383126408
-0.5649061481165315,-0.07953536167071036
-0.5648695262583604,-0.07953027365048254
-0.5644489785940765,-0.07947184529295187
-0.5636992460156476,-0.07936768196768547
-0.5631204473268234,-0.0792872671666986
-0.5625321812797232,-0.07920553702801945
-0.5622770900504411,-0.07917009619024232
-0.5621501133849227,-0.07915245481771543
-0.5621092531243962,-0.07914677793941222
-0.5618055551204186,-0.0791045839693471
-0.5613596167541202,-0.07904262798072667
-0.5613039727947592,-0.07903489714441944
-0.561281114525518,-0.07903172135427439
-0.5611076429740245,-0.07900762026254841
-0.561061306897981,-0.07900118260744399
-0.5609494751765843,-0.07898564538216377
-0.5608403274247258,-0.078970481051433
-0.560630070324917,-0.07894126919735721
-0.5595692075508423,-0.07879387931811452
-0.5594579852206514,-0.07877842675797522
-0.5589784436605842,-0.07871180214416333
-0.5588596207250293,-0.07869529360172914
-0.5588033771321748,-0.0786874794559587
-0.5585287163867495,-0.07864931974756832
-0.557744589957222,-0.0785403779479469
-0.5576583967531271,-0.07852840278371875
-0.5568611214715558,-0.07841763416185199
-0.5567596187298741,-0.07840353198275322
-0.5567046278010808,-0.07839589187457677
-0.5566815121833465,-0.07839268032998332
-0.5563689320311934,-0.07834925232778983
-0.5561836199964695,-0.07832350619069495
-0.5560408910914395,-0.07830367629696046
-0.555977789847572,-0.07829490939049433
-0.5558356130392894,-0.07827515620175401
-0.5557904409895458,-0.07826888026944724
-0.5557129459027395,-0.07825811356920531
-0.554782348075504,-0.07812882191647542
-0.5546023619372612,-0.0781038157273346
-0.5542642931855919,-0.07805684649276257
-0.5534178059463668,-0.07793924065813547
-0.5530312622083577,-0.0778855366011552
-0.5529915955426925,-0.07788002555372739
-0.5528913019860996,-0.07786609137151615
-0.5526410068666368,-0.07783131687632773
-0.5522629575824268,-0.07777879298755608
-0.5521599630463621,-0.0777644835475378
-0.5518691639279272,-0.07772408167087907
-0.5517702286356262,-0.07771033619772133
-0.5515706814314242,-0.07768261231198482
-0.5508813672341697,-0.07758684315241356
-0.5506693140063955,-0.0775573817551448
-0.5503493577017227,-0.0775129289547816
-0.5500797504961805,-0.07747547135476125
-0.5497996767431182,-0.07743655959571785
-0.5486519115522849,-0.07727709601851444
-0.5483404568015202,-0.07723382437280626
-0.5481841467111338,-0.07721210759104195
-0.5467685485872514,-0.07701543292054353
-0.5465682402900353,-0.07698760329313128
-0.546366556336996,-0.0769595825403911
-0.5446810478508856,-0.07672540815110966
-0.5445138336809945,-0.07670217642226575
-0.5441969030319076,-0.07665814398825192
-0.544116816858708,-0.07664701729808483
-0.5440881032210771,-0.07664302799835024
-0.5440345777736048,-0.07663559149531506
-0.5435077424384291,-0.07656239616946339
-0.5433795997583104,-0.07654459279789629
-0.5428322260575245,-0.0764685439953263
-0.54256700285867,-0.07643169548276953
-0.5422520710130405,-0.07638794075045978
-0.541274822759449,-0.07625216776868785
-0.5410125983684102,-0.07621573589241297
-0.5406484805409643,-0.07616514755626914
-0.5400459277041503,-0.07608143249714396
-0.5397274147963911,-0.0760371802336476
-0.539319772237288,-0.07598054483364237
-0.5392407993411681,-0.07596957281548224
-0.5384892820541705,-0.07586516153356504
-0.5380218533068707,-0.07580021980094637
-0.5378435454349217,-0.07577544678000829
-0.5377525180819503,-0.07576279998827416
-0.5369752149834159,-0.0756548061811318
-0.5368144542156367,-0.07563247104907797
-0.5362059775986067,-0.07554793297563651
-0.5361225881346721,-0.07553634734616604
-0.5361180636452019,-0.07553571874087141
-0.5359856346044435,-0.07551731984819407
-0.5354191925649601,-0.07543862180558412
-0.5349303166215078,-0.07537070032880977
-0.5347257160467964,-0.075342274358235
-0.5334897241182142,-0.07517055308989513
-0.5334572430226743,-0.07516604036226791
-0.5333424188706779,-0.07515008738671772
-0.5333373965664195,-0.07514938961803712
-0.533265052389406,-0.07513933855415358
-0.5327569001395952,-0.07506873894356601
-0.5325929395308939,-0.07504595924490222
-0.5319895155137364,-0.07496212314923138
-0.5313397122218715,-0.07487184339669412
-0.531202915026514,-0.07485283761894676
-0.5306734294517749,-0.07477927408478507
-0.5304611033717654,-0.0747497747790714
-0.5302737112132581,-0.07472373964211648
-0.5298874927181805,-0.07467008077242861
-0.5284598043630636,-0.07447172635807907
-0.5278616101714377,-0.0743886168628436
-0.52753389567949,-0.07434308618670468
-0.527301844536891,-0.07431084639969206
-0.5272445690985831,-0.07430288889553403
-0.5271782748646648,-0.07429367837427675
-0.5267510450953015,-0.07423432164534424
-0.5264253886175407,-0.07418907689729128
-0.5252309463007734,-0.07402312828156743
-0.5248747012839746,-0.0739736337462798
-0.5235168324602846,-0.07378497963677386
-0.523485559426192,-0.07378063474992222
-0.5234793890315953,-0.0737797774724904
-0.5232377758195451,-0.0737462091891857
-0.5229850266500329,-0.07371109374307577
-0.5229348201819931,-0.07370411835903702
-0.5222006860977269,-0.07360212219452616
-0.5219296746954025,-0.073564469503869
-0.5216860134494307,-0.0735306166790762
-0.5216478028941025,-0.0735253079348416
-0.5214915790006815,-0.07350360312876407
-0.521275522618463,-0.0734735855573467
-0.5211136667870271,-0.0734510982837492
-0.5197731387393502,-0.0732648533971371
-0.5188819504892016,-0.07314103707349764
-0.5186555283025207,-0.07310957933969049
-0.5184014061950726,-0.07307427314585939
-0.5173864075536523,-0.07293325535275144
-0.5168842963739797,-0.07286349505203495
-0.5165276842080045,-0.07281394950725383
-0.5164715868577278,-0.0728061556795457
-0.5163356611473164,-0.07278727098066373
-0.5154911422454853,-0.07266993861496956
-0.515292779010525,-0.07264237922278285
-0.5150233596719878,-0.0726049477238717
-0.5147414185314931,-0.07256577652127456
-0.514662070931081,-0.0725547524439587
-0.5145808826484923,-0.07254347263335632
-0.5139604768049595,-0.07245727718509062
-0.5138533228104536,-0.07244238985498862
-0.5128183216584391,-0.07229859303362832
-0.5126795813605205,-0.07227931729292361
-0.5121433212726013,-0.07220481254873552
-0.5121066954330902,-0.07219972397536428
-0.511643971978925,-0.07213543596781155
-0.5113931470632384,-0.07210058786592921
-0.5110738177008809,-0.07205622216915232
-0.510423804326944,-0.07196591322907826
-0.5104020382880254,-0.0719628891868306
-0.5102413051189435,-0.07194055788917339
-0.5090284550604284,-0.07177205181276787
-0.5087974134188407,-0.07173995227974077
-0.5087035126357112,-0.07172690627094071
-0.5081538994468836,-0.07165054632740123
-0.5079701059050827,-0.07162501116056003
-0.5075941559219196,-0.07157277893602182
-0.5068827815062857,-0.0714739448626818
-0.5068174616521022,-0.07146486971587152
-0.5067497850110875,-0.07145546713130499
-0.5066682821181492,-0.07144414361063704
-0.5062919684294415,-0.07139186085504282
-0.5062536151953714,-0.07138653228788376
-0.5059758501985957,-0.07134794129352229
-0.5052884697957459,-0.07125244080368923
-0.5048679790550089,-0.07119402035477304
-0.5045140604787639,-0.07114484904111285
-0.5042587223800105,-0.07110937390477944
-0.5040209955240507,-0.07107634556836412
-0.5039099973843084,-0.07106092415589439
-0.503899666674257,-0.0710594888693105
-0.5036200600063523,-0.07102064200426343
-0.5030772684499428,-0.07094522981721323
-0.5030670706596991,-0.07094381299770623
-0.503023996106209,-0.07093782847888579
-0.5024484169973584,-0.07085786098693368
-0.5018066913522458,-0.07076870349394636
-0.5015365244489182,-0.07073116813288938
-0.5014156462430848,-0.07071437404359125
-0.501172045060161,-0.07068052956359633
-0.500946438274797,-0.07064918511673315
-0.5007195880854701,-0.07061766791881824
-0.5005802998970301,-0.07059831605750706
-0.5005356499245832,-0.07059211265947297
-0.5004428679994615,-0.07057922209806033
-0.5002856841696353,-0.07055738392420491
-0.4999603169892386,-0.0705121793693839
-0.49992815151054387,-0.0705077104916587
-0.49992354063485694,-0.07050706988438385
-0.49966944186207074,-0.07047176693253002
-0.49963677899663805,-0.07046722895088953
-0.4993455318096034,-0.07042676482228039
-0.49922130061429604,-0.07040950488883563
-0.49910538002437155,-0.07039339958080876
-0.49896497921911875,-0.07037389313922414
-0.49874297683539065,-0.07034304946619788
-0.4986667851588296,-0.07033246385391888
-0.4984372260671634,-0.07030057029744145
-0.4984116638356816,-0.0702970188350814
-0.49836493214586486,-0.07029052621578397
-0.4982341577385853,-0.0702723572079085
-0.4974591060888106,-0.0701646762034857
-0.49698879786248784,-0.07009933441340825
-0.4967509873603939,-0.07006629445570325
-0.49653916933608766,-0.07003686573618653
-0.4960597017712817,-0.06997025140283025
-0.4960074973279237,-0.06996299843214403
-0.4955816683283742,-0.069903836317726
-0.4955534104408493,-0.06989991033716403
-0.4954044511552334,-0.0698792148319059
-0.49485762635957187,-0.06980324229090525
-0.4942263048243389,-0.06971553028223151
-0.49375591011324993,-0.06965017647648195
-0.49371372226638344,-0.06964431515133498
-0.4932947646606143,-0.06958610770694997
-0.4931635126522129,-0.06956787234405346
-0.4922474493234051,-0.06944060002692516
-0.49188543286856046,-0.06939030364282411
-0.4915110154676789,-0.0693382843460301
-0.4908815489978761,-0.0692508300689654
-0.4904720288118355,-0.06919393380279128
-0.48983164139202995,-0.06910496223476167
-0.48975760368154414,-0.06909467588154562
-0.48971169263425485,-0.06908829727737432
-0.4894450364278884,-0.06905124967139159
-0.489079128138463,-0.06900041257925274
-0.48901431646629634,-0.06899140803618874
-0.48872103648361326,-0.06895066148320535
-0.4886819917410997,-0.06894523684203141
-0.48841195929750364,-0.06890772016199903
-0.48780658812858635,-0.06882361354079954
-0.4877897956846514,-0.06882128049985946
-0.4877806757055852,-0.0688200134249407
-0.48771878603451096,-0.06881141484709545
-0.48725280527117254,-0.06874667428864031
-0.48724465265969685,-0.06874554161394354
-0.48723359832520097,-0.0687440057913412
-0.48712759859394933,-0.06872927882761813
-0.4868755623610086,-0.06869426243261802
-0.48667546744504875,-0.06866646245111133
-0.4862798444264236,-0.06861149697360966
-0.48626091826340556,-0.06860886748660161
-0.48604296812367426,-0.06857858680793046
-0.485336432326845,-0.06848042498312129
-0.4847056250640649,-0.06839278442436227
-0.48359950460015666,-0.06823910671449493
-0.4825097221552752,-0.06808769891051017
-0.48237897556273046,-0.06806953376704628
-0.48181037553531614,-0.06799053590660095
-0.48148965485057577,-0.06794597690787867
-0.4814869879743484,-0.06794560638817083
-0.48142039814700305,-0.06793635479894454
-0.48119619752711246,-0.06790520571623625
-0.48095330634485917,-0.06787145987945482
-0.4808677415833661,-0.06785957202725368
-0.48078576803213147,-0.06784818311615899
-0.4807142170362291,-0.06783824225207793
-0.48067795607552555,-0.06783320437276881
-0.480668519724417,-0.0678318933430255
-0.48042705666124874,-0.06779834592050146
-0.4801050631644211,-0.0677536100849399
-0.4793488512971721,-0.06764854656634023
-0.47868705667896844,-0.06755660081120189
-0.47867438656036365,-0.06755484050129487
-0.47858955652140284,-0.06754305472701363
-0.47857076718270003,-0.06754044424955123
-0.4783546686046346,-0.06751042081569726
-0.4782076305982991,-0.06748999224140144
-0.4774985199247993,-0.06739147267874827
-0.47749847335517204,-0.067391466208645
-0.47749685246359863,-0.06739124101174006
-0.47710656366852483,-0.0673370166391054
-0.47696861305282034,-0.06731785061208755
-0.47681524194338387,-0.06729654215462105
-0.4767220369752318,-0.06728359281815975
-0.4754971834892544,-0.06711341905789593
-0.4749432469673108,-0.0670364584565132
-0.4747998994932498,-0.06701654262252606
-0.47468886931727783,-0.06700111675913568
-0.47394581372895855,-0.06689788109462808
-0.47390870334379254,-0.06689272520140428
-0.47368061763287655,-0.06686103634756715
-0.47362388330270394,-0.06685315402171184
-0.47300611388977065,-0.06676732486322198
-0.47281722061290604,-0.06674108116993079
-0.4725257805084625,-0.06670059023853975
-0.47251380406771537,-0.06669892630405298
-0.4715974099797275,-0.06657160803323794
-0.47158542061969105,-0.06656994230382302
-0.4713285714534642,-0.06653425722888318
-0.4708878198781506,-0.06647302186173762
-0.4705112783196604,-0.06642070744728931
-0.4701480166714894,-0.06637023806353316
-0.4700400627703442,-0.06635523959922428
-0.46986542775736145,-0.066330976863172
-0.4694679697297346,-0.06627575644058052
-0.4687372270894872,-0.066174231462859
-0.4684000344285239,-0.06612738394704883
-0.46796410851280495,-0.06606681902795965
-0.4678827203057301,-0.06605551144105423
-0.4676881758252866,-0.06602848260360172
-0.46693299788776294,-0.06592356273296583
-0.46682799275349873,-0.06590897395255306
-0.4659232121182476,-0.0657832691848586
-0.46565220758744924,-0.06574561744888976
-0.46531963045481706,-0.06569941118676481
-0.4652232779110534,-0.06568602454512076
-0.46517440685712114,-0.0656792346954686
-0.46466420615209947,-0.06560835048486158
-0.4638997163306871,-0.06550213687720766
-0.463874384647623,-0.06549861744585508
-0.4634558998295742,-0.0654404756877461
-0.4631793749883525,-0.06540205699312196
-0.4626873665804546,-0.06533370031061919
-0.46235792555309957,-0.06528792976005783
-0.4621119954610515,-0.06525376171546719
-0.4619959849504206,-0.0652376439143994
-0.46170759561699054,-0.06519757683874375
-0.46170161311395924,-0.06519674566583344
-0.46088720753225976,-0.06508359706332362
-0.4601266650242125,-0.06497793187159535
-0.4598242696187226,-0.06493591887671238
-0.4596342771214419,-0.06490952246436243
-0.45946963979114697,-0.06488664874607951
-0.45941129829336846,-0.0648785431300446
-0.45940802366611844,-0.06487808817307304
-0.4590351588054444,-0.06482628457685717
-0.45876651951169745,-0.06478896145266731
-0.45820115754103974,-0.06471041346830964
-0.4580726939830076,-0.06469256551589943
-0.45768335925333087,-0.06463847369536017
-0.45704238865002994,-0.06454942110333099
-0.4569794662171721,-0.06454067903978872
-0.4560853107331857,-0.06441645046656548
-0.45560469869403186,-0.06434967712684186
-0.4550908831043219,-0.06427829068594575
-0.4545909788157482,-0.06420883699737606
-0.45457263145345794,-0.06420628792545227
-0.4544192584313976,-0.06418497920225734
-0.4543816687608813,-0.06417975672001595
-0.454241262244707,-0.06416024948499031
-0.45412463353316057,-0.06414404579481364
-0.4529903689391074,-0.06398645790914902
-0.45285040286494493,-0.06396701186648168
-0.45281315420988233,-0.06396183676287183
-0.45279653000345144,-0.06395952709583648
-0.4523887637958743,-0.06390287451685757
-0.4517858881399008,-0.06381911460718424
-0.451761001108849,-0.06381565695310204
-0.4514866661169946,-0.0637775425029492
-0.45134131964134117,-0.06375734893973026
-0.45099435580945263,-0.06370914387632967
-0.45095298638765896,-0.06370339625822904
-0.45070377114429916,-0.06366877179451717
-0.45011202492185615,-0.06358655814125347
-0.4498471069551171,-0.06354975203580694
-0.4495564057296731,-0.06350936375981031
-0.4495209980791248,-0.06350444443427063
-0.4495031568439072,-0.06350196568059151
-0.44936110749833075,-0.06348223020075128
-0.4492523498645271,-0.06346712007067153
-0.4472050881682503,-0.06318268587091787
-0.44715932656813157,-0.06317632803003562
-0.44579974862068206,-0.06298743646517668
-0.4455053551745868,-0.06294653521429841
-0.445399693242597,-0.06293185518236863
-0.44529543713918923,-0.06291737046778811
-0.4449808050572586,-0.06287365738283979
-0.4448742928074113,-0.06285885921287239
-0.44365587522872146,-0.06268957961877325
-0.44355003265683396,-0.06267487448982495
-0.443400260348843,-0.06265406602813871
-0.44259024893301147,-0.06254152792454776
-0.4424195379484968,-0.06251781036935787
-0.4423413670271794,-0.06250694977274271
-0.44232848787543444,-0.06250516042103123
-0.4420185504685246,-0.062462099585932115
-0.44195094328244183,-0.0624527066510152
-0.44147959087783684,-0.062387219789101236
-0.44120363392062556,-0.062348879992858486
-0.4405630073109872,-0.06225987519323528
-0.44002864825017274,-0.06218563456629428
-0.4394335216361728,-0.06210295126180368
-0.4394120630903652,-0.06209996994079535
-0.4393808383393545,-0.062095631762104087
-0.43918542431926927,-0.062068482116055076
-0.4390333648143835,-0.062047355885018876
-0.43850699902354834,-0.06197422579482757
-0.43808219099024526,-0.06191520552730573
-0.4380483019930197,-0.061910497194304706
-0.43800529832843427,-0.06190452252436139
-0.4379445630030991,-0.061896084324355075
-0.4372805526259375,-0.06180383072502307
-0.4366189886572986,-0.06171191701494491
-0.436372676568543,-0.06167769589803433
-0.4357324589822489,-0.0615887479256491
-0.43560345794838284,-0.061570825299586296
-0.43528112237757455,-0.06152604193832781
-0.43498445041782074,-0.061484824124496115
-0.4345633160529331,-0.06142631425432006
-0.4344744570337633,-0.061413968717814155
-0.4340342700534875,-0.06135281179209996
-0.4339198792037551,-0.06133691901695454
-0.43380934038794733,-0.06132156142018358
-0.4333331650117752,-0.061255404483671644
-0.4331059020383805,-0.061223829936026514
-0.43282551777185146,-0.061184875036113764
-0.43281382276592395,-0.06118325020248444
-0.43221702592335576,-0.06110033484650426
-0.432086982199136,-0.061082267355328734
-0.43176734780681836,-0.06103785927952779
-0.43112711169121987,-0.060948908732792684
-0.43073352217144983,-0.060894225777364544
-0.4306910319177868,-0.06088832243764014
-0.43067674838745157,-0.060886337970032525
-0.42976744541960965,-0.06076000489670724
-0.4295285627410344,-0.06072681597726469
-0.429414507436437,-0.06071096982073773
-0.42926569580928514,-0.060690294830256564
-0.42883382490274236,-0.06063029328969985
-0.4284250087121041,-0.06057349483240344
-0.42827246576569156,-0.060552301434915565
-0.42822978412036017,-0.060546371504386354
-0.4278292021483037,-0.060490717059786134
-0.42777181704849904,-0.06048274431992075
-0.4276196023992396,-0.060461596534060455
-0.4269883372691541,-0.060373892361977904
-0.4269774013733142,-0.06037237299452845
-0.42683059286418024,-0.060351976305190444
-0.4267421506970122,-0.06033968868358906
-0.4258186032803531,-0.0602113765724067
-0.42556989987789706,-0.06017682322078474
-0.42550552791329316,-0.060167879768039084
-0.4254282141506508,-0.060157138259883516
-0.42513210920403294,-0.06011599922343917
-0.4250857461882444,-0.060109557825488893
-0.4250396828755822,-0.06010315806648453
-0.42474429744534337,-0.060062118995308764
-0.4246844547627471,-0.06005380481370398
-0.4245686453869491,-0.06003771495709748
-0.42415904826715106,-0.059980808002210825
-0.4238836103094572,-0.05994254031263267
-0.4237232296796638,-0.05992025799465921
-0.4235849847166402,-0.0599010510727991
-0.4233792870922807,-0.059872472684758954
-0.4227212816586155,-0.05978105337608022
-0.42218847606978177,-0.05970702857917232
-0.42077862150722745,-0.05951115188446422
-0.4206248410148985,-0.0594897865498063
-0.42051596660273144,-0.059474660195244625
-0.4197266079222757,-0.05936499145821782
-0.41926332897926233,-0.05930062627439281
-0.41887248621239687,-0.059246324936256575
-0.4187298907853753,-0.059226513587152
-0.4186548878591838,-0.05921609313268382
-0.4183145672523865,-0.05916881103893386
-0.41818867699211915,-0.05915132060500397
-0.4180616290724556,-0.05913366933285563
-0.4179971881659196,-0.05912471630173345
-0.4179747923422247,-0.05912160476098513
-0.4177784768053836,-0.05909432986363217
-0.4177024445798553,-0.059083766404518484
-0.4172064888663579,-0.05901486130716896
-0.41720102705774587,-0.05901410247640268
-0.41717455588600705,-0.05901042473136217
-0.4160224331730023,-0.05885035574629423
-0.4152752048577979,-0.058746540348265236
-0.4150711494476806,-0.058718190119573105
-0.41497124097933935,-0.058704309439202365
-0.4147102577572941,-0.058668050003466074
-0.4142808435864695,-0.05860838978696151
-0.41418571689044265,-0.05859517345721292
-0.414165157153493,-0.058592317011289544
-0.41324228061232354,-0.05846409810750389
-0.41312398679638723,-0.05844766307776007
-0.4129505432139089,-0.05842356587188047
-0.4128821393651654,-0.05841406225345555
-0.41240785153180826,-0.058348167560764705
-0.4121937944191119,-0.05831842775580372
-0.411720040503957,-0.058252607242489596
-0.4111609584559326,-0.05817493175272896
-0.4106944139591537,-0.05811011287254762
-0.4103295879490502,-0.05805942614577414
-0.4102664324396837,-0.05805065169998666
-0.41022850754913154,-0.05804538264429411
-0.4102280190958023,-0.058045314781532784
-0.41012584785717626,-0.058031119725498057
-0.4099273847655227,-0.05800354645982432
-0.40974586624102377,-0.05797832737017389
-0.40945126311675323,-0.057937396987873827
-0.4091939443316833,-0.05790164666692267
-0.40911163709793263,-0.0578902113959906
-0.4090491700226773,-0.057881532597088836
-0.4081836715015367,-0.05776128544954717
-0.4073139715242777,-0.05764045457701762
-0.4071825171902064,-0.057622191104212114
-0.40708561187592823,-0.05760872766396473
-0.40678444986575185,-0.05756688602959206
-0.4066071998499359,-0.05754225998080867
-0.40626066808763417,-0.057494114946552044
-0.4061491380632215,-0.05747861963723225
-0.40557823120931413,-0.057399301280218945
-0.4052241602340763,-0.057350108793161256
-0.4051127706422758,-0.05733463299470212
-0.40479464270117177,-0.05729043421615235
-0.40449136631829263,-0.057248298823581234
-0.4044912557446759,-0.057248283461149435
-0.4042583904067259,-0.05721593055474247
-0.4040332011133967,-0.05718464411170607
-0.4040175151596158,-0.05718246479983835
-0.403383457859753,-0.05709437270051736
-0.4031163391247676,-0.0570572608335963
-0.40292536730295025,-0.05703072835979832
-0.4024730966211975,-0.05696789259743809
-0.402192673218235,-0.056928932260145185
-0.40200139777073984,-0.05690235760242565
-0.40184117488232024,-0.05688009720008791
-0.40183299631149966,-0.05687896091875623
-0.4007497110346041,-0.05672845579212829
-0.4006834685583344,-0.05671925246176669
-0.4004883006789534,-0.056692137013023475
-0.4002554830157275,-0.056659790730255316
-0.4001701712094191,-0.056647938022122785
-0.3998956654961829,-0.05660979985297024
-0.39966827530434945,-0.056578207630362046
-0.3989731115705021,-0.05648162577143592
-0.3986246505040157,-0.056433212691285206
-0.39825694068777445,-0.05638212530586968
-0.3982495809919638,-0.05638110279409596
-0.39812390608956283,-0.05636364228068988
-0.3979309090553778,-0.05633682843609296
-0.3974242501142895,-0.056266436296818045
-0.3974071252327698,-0.05626405706900375
-0.39701141042955856,-0.05620907883950492
-0.39700968354908367,-0.0562088389171409
-0.3968212900489755,-0.056182664659819734
-0.3966820256592891,-0.056163316104963945
-0.3965689506963854,-0.05614760615120269
-0.39598433912385556,-0.0560663837431922
-0.3957300500820955,-0.05603105435651404
-0.3956931996210975,-0.05602526191467462
-0.395468273961949,-0.055989816688155114
-0.395361141728324,-0.055972934104359426
-0.3952976381070924,-0.05596292679684334
-0.39486425332230235,-0.05589463124565924
-0.3944970301621819,-0.0558367618672035
-0.39420842383266497,-0.05579128143263054
-0.39416299377308356,-0.05578412227276078
-0.39396929246152734,-0.055753597578996505
-0.3932360297353087,-0.055638045340414596
-0.39297146177063075,-0.05559635302539234
-0.392950764479355,-0.05559309141362076
-0.39293527435189224,-0.05559065038008634
-0.3928447221993535,-0.05557638059170067
-0.39265457835803486,-0.055546416506889934
-0.39189512012416516,-0.05542673621237171
-0.3918625264158788,-0.05542159988698449
-0.39172843539948504,-0.055400468965468894
-0.3912537827142659,-0.05532567015412225
-0.3911325231938288,-0.05530656130195388
-0.39066974166336466,-0.05523363322323473
-0.3898832871160658,-0.05510969867667469
-0.38952306621370086,-0.05505293275886111
-0.38949307433840796,-0.055048206446987574
-0.3892856362237952,-0.055015517019782786
-0.38819467533958724,-0.054843596413609835
-0.3881479799524586,-0.054836237855317924
-0.387962020241288,-0.05480693313254467
-0.3877485177866148,-0.05477328804777751
-0.3874428827590254,-0.05472512412185547
-0.3866460895292724,-0.054599560339471956
-0.3863123643772074,-0.05454696979175509
-0.38614840880830625,-0.05452113262270629
-0.3850161848962441,-0.05434270952422231
-0.38450882669310193,-0.05426275676780948
-0.38423132778389896,-0.054219026711697385
-0.38408143141097206,-0.05419540508083073
-0.3838973655343715,-0.05416639880064324
-0.3837123714508734,-0.05413724624766561
-0.3833299828152296,-0.0540769869964082
-0.38321665118560383,-0.054059127472069715
-0.3832045742105004,-0.054057224304952925
-0.3829382790082168,-0.05401525980076197
-0.38256520794917215,-0.05395646887292489
-0.38241435825474235,-0.05393269701154767
-0.3820519425512954,-0.05387558522291701
-0.3819840397340866,-0.05386488466191214
-0.3815929157450536,-0.0538032488376982
-0.3812868314846213,-0.05375501411878643
-0.38100491178576523,-0.05371058740631579
-0.38076726320715487,-0.053669666470979205
-0.38073672208787396,-0.05366440140708671
-0.38071996139956216,-0.05366151198793895
-0.3803924761979699,-0.05360505595257331
-0.38016737141746554,-0.053566249547314856
-0.3798537398713287,-0.053512181780055734
-0.3790748896078254,-0.05337791373433304
-0.3788618920940704,-0.053341194532638164
-0.3781712349734757,-0.05322213033481714
-0.37781176030744335,-0.05316015955152707
-0.37780490049573834,-0.053158976970542185
-0.3776382342720748,-0.053130244941822544
-0.3775777758138136,-0.05311982234916447
-0.3772168489782768,-0.05305760122255351
-0.3771417723512125,-0.053044658565321784
-0.3768918987124622,-0.05300158219143482
-0.37662036107816366,-0.05295477110436726
-0.3761680299636953,-0.05287679255366866
-0.3761025245361133,-0.0528654999006931
-0.3760432598871384,-0.05285528311195821
-0.37590300993250236,-0.05283110505334529
-0.3758750561206359,-0.05282628602218398
-0.37541630637097223,-0.052747200946079556
-0.3751298684130143,-0.05269782115302046
-0.37509479895945436,-0.05269177543766963
-0.3747765034491143,-0.05263690363735278
-0.37423151648807446,-0.05254295190152873
-0.3740479975009404,-0.0525113145805825
-0.3735672968597535,-0.05242844533254566
-0.3730727785501544,-0.052343194020303296
-0.3730647815073727,-0.0523418153890616
-0.3728421928648951,-0.05230344274745641
-0.3721602439573599,-0.052185879781392
-0.3721265377546147,-0.052180069080435224
-0.37182266898038224,-0.05212768434310608
-0.37158548884994996,-0.052086796236508845
-0.37152916397242125,-0.052077086242706794
-0.37126697500902806,-0.05203188679760867
-0.3702271492545294,-0.05185262850048662
-0.3699428990131963,-0.05180362585365138
-0.3698121592696183,-0.051781087285339714
-0.3693925004972822,-0.051708741205647196
-0.3689526537516788,-0.05163291486813783
-0.36881695086051236,-0.051609520689757646
-0.3686568465534605,-0.051581919887104075
-0.3679367594802584,-0.05145778218233635
-0.3678622176448554,-0.0514449317192459
-0.367646071996074,-0.05140766980227253
-0.3675828803783383,-0.051396776033062946
-0.36720414565814646,-0.05133148495837196
-0.36694889398227915,-0.05128748145051926
-0.3667400985527294,-0.05125148665717427
-0.36665363991490735,-0.05123658182516716
-0.3654752456220748,-0.05103343533321153
-0.3649066040085158,-0.050935405709615175
-0.3645726800110455,-0.05087783967329057
-0.364455388575913,-0.050857619494248135
-0.36409858060487776,-0.050796108429523465
-0.3639912652701385,-0.05077760805667042
-0.36362494084041275,-0.05071445642459864
-0.36332666697466987,-0.050663036208261666
-0.3632572603926446,-0.0506510710250095
-0.3629377804990236,-0.050595995045743275
-0.3627436228407705,-0.05056252369629739
-0.36174032088958674,-0.05038956183370613
-0.3613507350155898,-0.05032240010006628
-0.3607743750416829,-0.050223039888026066
-0.36066025056896145,-0.05020336566996453
-0.36034132394842455,-0.05014838507090069
-0.36029283485552,-0.050140025908622335
-0.3602848770201147,-0.05013865403644341
-0.3600548758823084,-0.05009900353526961
-0.3600156987824802,-0.050092249691973276
-0.3595784602979897,-0.05001687299945831
-0.35946899026782597,-0.04999800117299301
-0.3591707049339621,-0.049946578979636475
-0.35777722054920946,-0.049706352540931475
-0.3574407197551945,-0.04964834228387216
-0.35739018692824764,-0.049639630796906156
-0.3572115063197071,-0.04960882757677322
-0.35666565386509286,-0.04951472663623514
-0.3561293997480925,-0.0494222803783671
-0.3553959934583717,-0.049295846538827
-0.3549799019528773,-0.049224115429649176
-0.3546520924396988,-0.04916760348535604
-0.35435872093575893,-0.04911702840006614
-0.35420391057334927,-0.049090340234455354
-0.3541118214689284,-0.049074464751500096
-0.35389529805491066,-0.04903713771058392
-0.3533434441612983,-0.04894200216618992
-0.35330474365716735,-0.04893533048447955
-0.3532604245212639,-0.04892769019205784
-0.3529195286946757,-0.048868922263771916
-0.3527183147842,-0.04883423446844362
-0.35257775317339035,-0.04881000268260309
-0.35257506026232155,-0.04880953844458015
-0.35233423335402614,-0.0487680216603541
-0.3522164099403066,-0.0487477097721237
-0.35178269983954924,-0.048672941346962026
-0.35164949768985154,-0.04864997827798195
-0.3512969609886779,-0.04858920354870447
-0.35104809416950555,-0.04854630074309303
-0.35091632822735835,-0.048523585265710587
-0.35038348209135783,-0.04843172651865199
-0.3498619301635077,-0.048341814809846284
-0.3484387336227039,-0.048096466214400585
-0.3481521305895101,-0.04804705796358735
-0.3480326864456443,-0.048026466673423626
-0.3462306839096488,-0.047715814716002225
-0.34422200892878185,-0.04736953395214914
-0.3442039507645825,-0.04736642085772008
-0.3434107026986452,-0.04722967073696177
-0.3433347317737273,-0.04721657390937055
-0.34303871545922937,-0.047165542878231284
-0.3424448645515432,-0.04706316735810624
-0.34234618083856055,-0.04704615501323364
-0.3422387561244145,-0.0470276357841769
-0.34207006532535184,-0.046998554733578474
-0.3415131824077459,-0.046902552222509164
-0.3411815180674138,-0.04684537573442274
-0.3411730124131211,-0.04684390942230475
-0.3407687714977951,-0.046774221267539495
-0.3405110283131673,-0.04672978824193756
-0.34047284101923997,-0.04672320503388418
-0.340434427242354,-0.046716582781837795
-0.3401928059346539,-0.046674929049008676
-0.3391677617895321,-0.04649821899241073
-0.33889582993146006,-0.046451339944069844
-0.3380319684107626,-0.04630241658409387
-0.33775056684880084,-0.046253905028589004
-0.33761356654961117,-0.04623028718662682
-0.33743504572381533,-0.04619951151186158
-0.33722622411465575,-0.0461635122053448
-0.3370590821349104,-0.0461346981597827
-0.3368967777060386,-0.04610671807234107
-0.33686327852556286,-0.046100943060497876
-0.3366604317918313,-0.046065973778473296
-0.3366304411679199,-0.04606080361592568
-0.3365780416920077,-0.04605177033243418
-0.3363889790746045,-0.046019177330483135
-0.33631815312024615,-0.046006967457900755
-0.3357054984353436,-0.04590135030515727
-0.33549985932504517,-0.04586589963799084
-0.3350265834198261,-0.04578431035971857
-0.3347843962672613,-0.04574255907940475
-0.3346598533778707,-0.04572108880308755
-0.3334983153907415,-0.045520848214013324
-0.3333465123300962,-0.04549467848506454
-0.3330035549703264,-0.0454355551636505
-0.33297162190381435,-0.04543005013831326
-0.3329221692648185,-0.04542152486778958
-0.33275545560741915,-0.04539278466184345
-0.3326347812124465,-0.04537198128545518
-0.33250043860700984,-0.04534882161031026
-0.332226383385101,-0.04530157650969194
-0.3316584682374336,-0.045203672123461644
-0.3314091542251825,-0.04516069222505899
-0.33090768834125306,-0.04507424320220195
-0.32984102199358933,-0.04489035778461886
-0.3297027779752628,-0.04486652553464303
-0.32952382576717054,-0.04483567549274893
-0.3294647822403381,-0.044825496823841876
-0.3291415825451322,-0.04476977957819536
-0.3289513878808184,-0.04473699141969949
-0.3286578613424692,-0.044686389607619934
-0.32857798153170975,-0.04467261891691601
-0.32672425378183556,-0.04435304991380877
-0.32645003907602493,-0.04430577731934113
-0.3254635598983641,-0.04413571557893048
-0.32546217794560783,-0.04413547734045954
-0.32500511819879685,-0.0440566836083925
-0.3246526849667188,-0.04399592671642458
-0.32428960608559043,-0.04393333459301306
-0.3239300635048111,-0.043871352101721106
-0.32385509966268694,-0.04385842888778187
-0.3237275798243636,-0.04383644540740718
-0.32305912339524834,-0.043721208445190105
-0.32266164969771416,-0.04365268690890142
-0.3224416721481166,-0.04361476440046638
-0.3220864157841436,-0.043553520821364725
-0.3217195189964524,-0.043490270518997676
-0.32141319854564776,-0.04343746313069502
-0.32130001686820236,-0.0434179514435912
-0.3209942323268884,-0.0433652364421354
-0.3203774613719951,-0.04325890967478019
-0.32007590316939216,-0.04320692326297235
-0.3199727901861882,-0.043189147344554896
-0.31995925562429817,-0.04318681408582746
-0.3183481286242763,-0.04290906766415843
-0.31813904448186286,-0.0428730230988434
-0.3180030816242504,-0.04284958410416374
-0.31798464733771253,-0.04284640616901536
-0.31732484171103487,-0.042732660541386774
-0.31679098187552873,-0.04264062704000382
-0.3166838543972178,-0.042622159052214614
-0.31665290166643606,-0.04261682302953272
-0.31664115069193144,-0.04261479724812646
-0.31625585509522325,-0.04254837512667416
-0.3156371117866299,-0.04244170834007624
-0.31544427991215984,-0.04240846554598425
-0.3151455615182036,-0.042356968696259226
-0.3150980415794456,-0.042348776609013594
-0.314162730027479,-0.042187535790194894
-0.313759398871875,-0.04211800447130126
-0.31349813991165654,-0.04207296535189685
-0.312802682343873,-0.041953073592357185
-0.3123763851132235,-0.041879583091373254
-0.3123487091845484,-0.0418748119652263
-0.3122938201081367,-0.04186534949295573
-0.31217409612126285,-0.04184470995991972
-0.31207891641720087,-0.04182830168036239
-0.31188034734434145,-0.041794069835548106
-0.3116685408790946,-0.041757555961838666
-0.31134360042213,-0.04170153862169343
-0.3113038416021389,-0.041694684494127957
-0.3112507317303361,-0.04168552874362018
-0.31070549845850903,-0.04159153454563157
-0.31065176523452837,-0.041582271333802115
-0.30914158945106707,-0.04132192815791223
-0.30913687230991826,-0.04132111495754097
-0.30866572843597695,-0.04123989322574907
-0.3085910291674338,-0.04122701562234543
-0.30858835955839825,-0.04122655540142128
-0.3080465787910882,-0.041133156389768305
-0.3076932922301899,-0.041072252390200334
-0.30730858079728895,-0.04100593097428344
-0.3072799061963699,-0.0410009876844013
-0.3065233834416944,-0.04087056873665884
-0.3062224916684036,-0.040818697212353164
-0.30606162801651854,-0.04079096550424631
-0.30576310537557355,-0.04073950240089781
-0.30554315965748985,-0.040701585379981184
-0.304836256921406,-0.04057972055777123
-0.30442439522344916,-0.04050871863624146
-0.3043879006778313,-0.040502427245522
-0.30435821111012906,-0.0404973089828462
-0.30429966727096014,-0.040487216456409916
-0.30420971849309275,-0.04047170994997941
-0.30412568370527343,-0.04045722297185032
-0.30411058942430585,-0.0404546208290482
-0.30409079493091973,-0.04045120840426314
-0.30405549396118037,-0.04044512277722914
-0.3040090166544639,-0.04043711043206383
-0.30377160622212723,-0.04039618262311549
-0.3035993899652792,-0.04036649380957558
-0.3035047270471321,-0.04035017462010153
-0.3022439867403619,-0.04013283228218863
-0.3018493252226024,-0.04006479554496886
-0.30170466913800875,-0.04003985790202204
-0.30162249766951954,-0.040025692146413785
-0.3014823990383998,-0.040001540174859906
-0.30138452461307924,-0.03998466734521622
-0.3008263394368494,-0.03988844033435708
-0.30081553919437287,-0.03988657845214609
-0.3007337980183035,-0.039872486875779975
-0.3002038902047739,-0.039781134673861504
-0.29973887159434476,-0.03970096889235922
-0.29956801432072366,-0.03967151435751266
-0.29926428433066654,-0.03961915354555259
-0.2991150150818704,-0.03959342062709377
-0.2983776888848944,-0.03946631102443046
-0.2983385212832566,-0.03945955881855215
-0.2981609939922752,-0.039428954421867085
-0.29786143121050046,-0.039377312005904844
-0.2974278699801487,-0.03930256924490401
-0.2962799739237071,-0.03910468042414665
-0.2962200833945816,-0.03909435573828622
-0.2962027418741077,-0.03909136618795417
-0.29602470673375525,-0.03906067424178011
-0.29584062306377656,-0.039028939573672886
-0.29575137439351457,-0.039013553760634145
-0.2955209325368186,-0.038973827282771614
-0.2953663073340135,-0.03894717103731214
-0.2952882291450052,-0.03893371093292115
-0.2943964956998496,-0.038779982658569606
-0.29433134954272616,-0.03876875194117348
-0.2942420964588802,-0.03875336536726538
-0.29401110655380824,-0.03871354440990166
-0.2936957386081035,-0.03865917730015339
-0.2926599147046989,-0.03848060889266845
-0.2922867544547761,-0.03841627881557101
-0.29183363773529974,-0.03833816483235848
-0.29148602609751323,-0.03827823914771389
-0.2904476052648167,-0.038099223048756986
-0.29022294585959474,-0.038060493422915065
-0.2894173185414267,-0.037921609210300564
-0.28929595425228183,-0.03790068690124117
-0.28895965874966906,-0.0378427120349067
-0.2888668680838048,-0.037826715607928746
-0.28844597375070213,-0.03775415652666547
-0.28837633260822626,-0.037742150906920194
-0.28723734213464425,-0.03754579734301852
-0.2871281529715585,-0.03752697393596763
-0.2871177258987864,-0.0375251763854636
-0.2871022890112711,-0.03752251517981746
-0.2870260127961546,-0.03750936572244584
-0.28698378916715733,-0.03750208667997203
-0.28659216498217394,-0.037434573556539355
-0.28651204557350063,-0.03742076156092079
-0.286031579857062,-0.037337932812179286
-0.2859977607362794,-0.037332102644985
-0.28561799609911265,-0.03726663402019745
-0.2855171326667862,-0.03724924590777333
-0.2854607629916765,-0.037239528191198426
-0.2854518371110939,-0.03723798943516493
-0.2852174213379297,-0.0371975778833889
-0.2851835824901229,-0.03719174431540101
-0.28511393502132376,-0.037179737605044214
-0.28496031030204705,-0.037153253835572
-0.2846169896540339,-0.037094067885942064
-0.2842458261140054,-0.037030082026915725
-0.28405035117845623,-0.03699638358857163
-0.2839680561478476,-0.036982196531764544
-0.28385422030915064,-0.036962572072081784
-0.2837207983525861,-0.036939571110017735
-0.2835611762699058,-0.03691205343929206
-0.28300527935252473,-0.03681622090739525
-0.282385342936071,-0.03670934843779476
-0.2823111796401546,-0.036696563232122156
-0.28143387121815694,-0.03654532172545839
-0.2812429255450825,-0.036512404098586734
-0.2810937957481614,-0.03648669522060348
-0.2805159976491651,-0.036387087086396055
-0.2804101476542205,-0.03636883932732485
-0.2802666281749797,-0.036344097626764674
-0.279919639946826,-0.03628427941334658
-0.2797200383016872,-0.03624986956068084
-0.2796910877535732,-0.036244878699535854
-0.2796615798849596,-0.03623979176044391
-0.27955478639443393,-0.03622138134968758
-0.27944193476691614,-0.03620192656075896
-0.27920043388669646,-0.03616029358874
-0.2791620135366753,-0.03615367020353355
-0.2788877189053286,-0.03610638383049247
-0.27850714985487346,-0.03604077653078211
-0.2782528230967468,-0.03599693247193174
-0.27812979698291473,-0.03597572367654303
-0.2769198257339583,-0.03576713355005673
-0.2767959132466212,-0.03574577195040783
-0.27646728085073324,-0.035689118147199814
-0.2764308864577674,-0.035682844022059484
-0.27626140443757247,-0.035653626570768704
-0.2760959099425037,-0.03562509653942379
-0.2759919107381345,-0.035607167843008436
-0.27542068021912836,-0.0355086919111918
-0.2753678637935538,-0.03549958674865124
-0.2753223912136358,-0.0354917476109817
-0.2747518867886958,-0.03539339685243113
-0.2743973884174063,-0.035332283945682136
-0.27335044023929045,-0.03515179779521686
-0.27331707076561096,-0.035146045143869487
-0.27330988774973913,-0.03514480684486815
-0.27327532944433125,-0.03513884924769185
-0.27310858308374936,-0.03511010340395804
-0.27288013765453073,-0.03507072109548001
-0.2722287966101392,-0.034958434699458196
-0.2717904371438569,-0.03488286475794333
-0.2717817181746961,-0.03488136167191409
-0.2717085983440186,-0.03486875635195891
-0.27147567121077404,-0.034828601430734574
-0.27131456638952983,-0.034800828146807475
-0.27088043279189855,-0.034725986713905685
-0.2704253009690625,-0.03464752534172416
-0.27034781468277697,-0.034634167277000555
-0.2699218595003813,-0.03456073574261491
-0.26938155262761976,-0.03446759081952028
-0.2692756003953456,-0.034449325435486886
-0.26888181072217743,-0.03438143899784962
-0.2687469438329191,-0.034358188940037546
-0.2687089893212555,-0.03435164586193096
-0.26847209578824677,-0.034310807162617474
-0.2684560369512796,-0.03430803873746929
-0.26825529529461684,-0.034273432355218084
-0.26775277249022394,-0.03418680112706207
-0.26768219346746536,-0.03417463382366771
-0.26766609883996506,-0.03417185922849539
-0.267630768789026,-0.034165768588076836
-0.2675141424171683,-0.03414566306104187
-0.2669385501735547,-0.034046435200046465
-0.266703486151901,-0.03400591189500808
-0.266463813829195,-0.03396459415282897
-0.26582441683777774,-0.033854366823518695
-0.26560687675319405,-0.03381686451608926
-0.2651341500414176,-0.03373536991471922
-0.26507901050687077,-0.033725864265311906
-0.2649169503476753,-0.033697926288162344
-0.26483499533966703,-0.03368379784874581
-0.26480522348336505,-0.03367866540012182
-0.2644710037517489,-0.033621048381409904
-0.2641745039408633,-0.03356993399905647
-0.2641503905342085,-0.03356577702545198
-0.2637994689921518,-0.03350528073770337
-0.263713511937255,-0.033490462374896196
-0.26354887320912,-0.033462079871464115
-0.2625381103952555,-0.03328783181112921
-0.2622723037384742,-0.033242008702351444
-0.261812615436943,-0.033162761826821666
-0.2617934786685855,-0.03315946278898445
-0.2617914691697853,-0.033159116366200225
-0.2617612596944959,-0.03315390847528783
-0.26132737472931356,-0.03307910990478796
-0.2610580502132761,-0.03303268034299914
-0.26102780529853686,-0.033027466342586756
-0.2606722572395105,-0.032966172477407546
-0.2605850340081235,-0.032951135835104464
-0.2596268814578282,-0.032785957396499726
-0.2591747309139192,-0.032708009974834806
-0.2583910210773708,-0.03257290417453154
-0.2583235767176172,-0.03256127726393848
-0.25823740794868877,-0.03254642240319247
-0.2582214682899389,-0.032543674523490634
-0.2579977690271733,-0.032505110419132455
-0.2575803279143237,-0.032433146647592434
-0.2575524405454658,-0.03242833907071617
-0.25748298094951855,-0.03241636474825452
-0.2572859990017474,-0.03238240651210922
-0.25725680103792037,-0.03237737299831864
-0.25716587619184544,-0.03236169822492227
-0.2566792213352549,-0.032277802514029175
-0.25629326034410915,-0.03221126568347943
-0.2562448917012197,-0.032202927285896035
-0.2557802847102848,-0.032122832464561143
-0.25557054351195285,-0.032086674627647915
-0.25540766100212065,-0.032058594883308866
-0.2551536747007946,-0.03201480951670195
-0.25491576698574836,-0.03197379597987918
-0.25477912390042107,-0.0319502397189544
-0.25448393918479245,-0.03189935204933177
-0.25401737958306736,-0.03181892061228632
-0.25387881771326654,-0.03179503356705869
-0.2532784206963078,-0.03169152954593635
-0.25311824753212664,-0.031663916872821135
-0.25259662435843694,-0.03157399288175773
-0.2523847030973022,-0.03153745921808318
-0.2519974181517967,-0.03147069414755867
-0.2507309140686712,-0.03125235817707804
-0.250484449688984,-0.03120986953432914
-0.2503913622262523,-0.03119382194175847
-0.25026423604742914,-0.03117190632538056
-0.24983501195463875,-0.03109791125493296
-0.2495017214624696,-0.03104045443025367
-0.24934618745133497,-0.031013641512935616
-0.2486960185283648,-0.03090155718200893
-0.24820966873401035,-0.030817714061597206
-0.24814133788891188,-0.030805934327463622
-0.2480411033037977,-0.030788654623664615
-0.24791551388406918,-0.030767003933229533
-0.2470141337102254,-0.030611612633943294
-0.24678787969849497,-0.03057260810969069
-0.24659399821646774,-0.030539184370990877
-0.24655732072089354,-0.03053286144104719
-0.24632621393841517,-0.030493020334879915
-0.24578211087453733,-0.030399220976412736
-0.24511674119887483,-0.030278555332068174
-0.24492579274950166,-0.030243708472858313
-0.24445362729701325,-0.030157541326172186
-0.24441117399489465,-0.03014979387262241
-0.24433854648561035,-0.030136539821075514
-0.2443332413357326,-0.03013557166547391
-0.2442287346932115,-0.03011649987792925
-0.24410130776948016,-0.030093245287041544
-0.24399788402166467,-0.030074371120789273
-0.24374969019741782,-0.030029077350252367
-0.24348462757100156,-0.029980705132227854
-0.24318095464245518,-0.02992528678334028
-0.24267437832567612,-0.029832839876084403
-0.24252444103280957,-0.0298054772881609
-0.24230354356725128,-0.029765164926853997
-0.24227224392291943,-0.0297594529438401
-0.24223827102395523,-0.029753253109114832
-0.2422134050815991,-0.029748715235174267
-0.24218068381054883,-0.029742743814462545
-0.24180049122422026,-0.029673361122055684
-0.24174888525567986,-0.02966394336597535
-0.24170490324779745,-0.029655916933493304
-0.2413731902736612,-0.02959538145731763
-0.2412647780957067,-0.02957559693477126
-0.24120021096767497,-0.029563813850763555
-0.2411805967219675,-0.02956023437755537
-0.240677641916845,-0.02946844837279566
-0.23997051987724807,-0.029339403165888133
-0.2398473917153869,-0.029316933071288093
-0.23981874820154964,-0.02931170581494096
-0.23900479556873447,-0.029163164714490448
-0.23888806668165352,-0.029141862446222824
-0.23875293569521513,-0.02911720191363004
-0.2386726608978597,-0.029102552281382556
-0.2382375415868443,-0.029023145816338084
-0.23810914395720797,-0.028999714077889798
-0.2380732991041481,-0.028993172623627782
-0.23656255577001387,-0.028717471718804326
-0.23560314178289815,-0.02854238486032108
-0.23513115505358606,-0.028456250329460763
-0.23430334348086795,-0.028305180061954007
-0.23375573431174365,-0.028205244924061307
-0.2335951383883742,-0.028175937204885242
-0.23358303666114627,-0.02817372871779727
-0.23323655367069873,-0.028110497809002936
-0.2330188346313063,-0.028070765489950748
-0.23295650974136184,-0.028059391599917615
-0.2324129269925167,-0.027960191257730502
-0.23198717062176857,-0.027882493468835815
-0.2317884050549589,-0.027846220036162644
-0.2316751061032991,-0.027825543708965037
-0.231443043256407,-0.0277831937376506
-0.2312625898647158,-0.02775026215870954
-0.23114282968552735,-0.02772840669920291
-0.2308411864474369,-0.02767335875571948
-0.23077969996041017,-0.027662137868805944
-0.23041260114679635,-0.027595144705383556
-0.2303360168372619,-0.027581168563336877
-0.23008128477443548,-0.027534681606471347
-0.22997975184165367,-0.02751615250175526
-0.22913692115985784,-0.027362341343808137
-0.2289538987081894,-0.027328940928007587
-0.22887017652492334,-0.027313662170088394
-0.22823822465412308,-0.0271983350336729
-0.2281009356253404,-0.02717328067228503
-0.22804789836765907,-0.027163601715177167
-0.22798617510671362,-0.02715233761855212
-0.22715492414727684,-0.02700063968517456
-0.2271200616793658,-0.026994277509859752
-0.22685367286779792,-0.026945663271607165
-0.22678987579272358,-0.026934020717292565
-0.22676604613771414,-0.02692967195910227
-0.22636273516924593,-0.026856070311211736
-0.22568479190885007,-0.02673235004312451
-0.2255350946514879,-0.02670503126013084
-0.2255117500958475,-0.02670077102944352
-0.22522525777680363,-0.02664848803086876
-0.22485328867838,-0.026580606071912084
-0.22376736288357418,-0.026382431625310506
-0.2233613154844907,-0.026308330596499615
-0.22271998821367506,-0.02619129251011074
-0.22264720229947738,-0.02617800955068984
-0.2223234307145321,-0.026118923326770346
-0.2211881528567214,-0.02591174244729699
-0.2210142919670925,-0.025880013957419807
-0.22100499086792247,-0.025878316566871003
-0.22054563860994564,-0.025794487745458738
-0.22052664641092068,-0.025791021791754045
-0.22026586634646667,-0.02574343111363858
-0.22019813182186448,-0.02573107000020611
-0.22017108321678974,-0.025726133804411067
-0.22012851890492802,-0.025718366092299872
-0.2195132679289858,-0.0256060867613717
-0.21939841637540142,-0.025585127094346762
-0.2191773654312385,-0.025544786724185402
-0.21851832159158635,-0.025424515478365512
-0.2184312269282059,-0.025408621264598853
-0.21817064127294167,-0.02536106606490535
-0.21767031690273853,-0.025269760097535805
-0.2176114272026705,-0.025259013107476875
-0.2174500606944817,-0.025229564761546325
-0.21711475629098437,-0.02516837387269923
-0.2160541941969656,-0.02497482813773824
-0.21548057959014716,-0.024870147175362577
-0.2149021058425874,-0.024764579451173194
-0.21452109235177452,-0.024695046948997854
-0.2134415259256474,-0.0244980330461228
-0.21333729451716427,-0.02447901148701311
-0.21332287458357058,-0.02447637994223018
-0.21269830482509336,-0.02436239999365326
-0.21247200227757204,-0.024321101239784374
-0.2119825614220161,-0.024231781443571836
-0.21194587852052754,-0.02422508705088219
-0.21164101359932969,-0.024169451171031465
-0.21153485071276917,-0.02415007712964264
-0.21144064410567265,-0.024132885032063903
-0.21027746848879314,-0.023920612991673914
-0.20968418983322382,-0.023812343467356178
-0.209651350472979,-0.023806350496128875
-0.20958545719004074,-0.02379432539741261
-0.2092962790978083,-0.023741552262570843
-0.20928247040471815,-0.023739032265233526
-0.20916722905396956,-0.023718001462742718
-0.20864791938868632,-0.023623230801593852
-0.2085699976203581,-0.02360901058195222
-0.20765563721347646,-0.02344214571098691
-0.2075876828741301,-0.023429744482782764
-0.20752302571333495,-0.023417944968377003
-0.20665392432562746,-0.023259339576209844
-0.20656926567428502,-0.02324388991891275
-0.20617932535629724,-0.02317272832841136
-0.2061309129867565,-0.02316389338352996
-0.20574791353998387,-0.0230939984572137
-0.2053103955621599,-0.02301415425096293
-0.20491284812368069,-0.022941604410084904
-0.20486993788391386,-0.022933773568364398
-0.20387268840021,-0.022751781976027226
-0.20306044873534648,-0.022603553481168635
-0.2028391308664321,-0.02256316439896344
-0.20258041308398173,-0.022515950073999137
-0.20212960817578107,-0.022433681088737643
-0.2019919751101904,-0.022408563942853486
-0.20196453295174052,-0.022403555926108352
-0.20160602324281743,-0.022338130218839066
-0.2013406830051928,-0.022289707338561334
-0.2011802355963621,-0.02226042672232974
-0.20031754856054018,-0.022102991907969386
-0.20009079946335726,-0.022061611661670272
-0.20005579003724738,-0.022055222667432966
-0.2000012589714113,-0.022045271099981164
-0.19999431648982124,-0.022044004141912998
-0.19890045962378908,-0.021844382326017164
-0.1988868691635592,-0.021841902154767893
-0.19817613597541509,-0.021712197936564804
-0.1972324219498118,-0.02153997621969553
-0.19630741689035264,-0.021371168768358807
-0.1958538425241776,-0.021288394374897154
-0.19575317882616325,-0.021270023899914173
-0.19559892207522944,-0.02124187303878067
-0.1954836861651323,-0.021220843229173638
-0.19355864132184436,-0.02086953497374165
-0.1930720216109728,-0.02078073001822015
-0.1930244181048286,-0.02077204268568642
-0.1924248203074381,-0.020662619958783945
-0.19233092755009104,-0.020645485136758204
-0.19229746849061355,-0.020639379074421833
-0.19210713063989793,-0.020604643645524817
-0.19207933159176763,-0.02059957049871718
-0.1919091730236166,-0.020568517658606778
-0.19151433459556266,-0.020496462194641466
-0.19136499886449698,-0.02046920938786283
-0.1902814350178342,-0.020201461550191455
-0.190235552143615,-0.020189707313606312
-0.18998462696563678,-0.020125425510050716
-0.1898833480958495,-0.020099479973359435
-0.1896969806982421,-0.02005173652832656
-0.18909493763404744,-0.019897505636487043
-0.18882048344926577,-0.019827196191523008
-0.18852466395862447,-0.01975141340026015
-0.18846886290484605,-0.019737118332678324
-0.18831358645832846,-0.019697339741656574
-0.18810609602387138,-0.019644185014598473
-0.18761631347993163,-0.0195187129295404
-0.18756984259764975,-0.01950680805753845
-0.18739819568571653,-0.019462835694291688
-0.18712843201668808,-0.019393727861755135
-0.18710328633475695,-0.019387286061856083
-0.18685497447890168,-0.019323673736990062
-0.1864524197122408,-0.019220547591422037
-0.1860762452421316,-0.01912417952830048
-0.18581806361046604,-0.01905803877246996
-0.18565133685274293,-0.0190153268502397
-0.1850418114777423,-0.018859179146236294
-0.18500171898829204,-0.01884890828560899
-0.18428694798110945,-0.018665798843020744
-0.18229101114786433,-0.018154481403862933
-0.18196168057718348,-0.018070113771965903
-0.18180860069348467,-0.01803089789458155
-0.18159685602666073,-0.01797665332181132
-0.1815708980177858,-0.01797000342067091
-0.1812387564038983,-0.017884915658061416
-0.1810610137533323,-0.01783938169355777
-0.18064737948484547,-0.017733417210419915
-0.18059907619013912,-0.01772104291252594
-0.18049866078895663,-0.017695318578504222
-0.18012742901675688,-0.017600216731625342
-0.17984306747992368,-0.017527369229446556
-0.17925385754761694,-0.017376425918668722
-0.17912975525617858,-0.01734463349678696
-0.17855787948748672,-0.017198130837637906
-0.17852353009186703,-0.017189331238015148
-0.17794991528674292,-0.017042383073958164
-0.17739335014772817,-0.016899802679195445
-0.1773179545541539,-0.016880487898693352
-0.17694869251638332,-0.01678589065674353
-0.17686597583372843,-0.016764700365725162
-0.1765022821861657,-0.01667152962935101
-0.17585219075869293,-0.016504989747738934
-0.17578824308350713,-0.016488607685455448
-0.1756079246850485,-0.01644241386799732
-0.17555805369796704,-0.016429637959973546
-0.1749461783365614,-0.01627288823840595
-0.17487010605743591,-0.016253400105161724
-0.17435262526404666,-0.01612083230557913
-0.17355178764199472,-0.01591567438912188
-0.17318661159772059,-0.015821276176409462
-0.1725427352188046,-0.01565447985434092
-0.17228682123003328,-0.015588185277476938
-0.17212184276565154,-0.01554544756884144
-0.17203751193241723,-0.015523601647355483
-0.17202384542882823,-0.015520061336499507
-0.17199869081964633,-0.015513545029282778
-0.171219948655712,-0.015311811695001083
-0.17108968545271874,-0.015278066982705969
-0.17065598660159606,-0.015165717196906393
-0.1705700422859292,-0.015143453302430155
-0.17047482078246953,-0.015118786150350973
-0.17037566553741665,-0.015093099961619418
-0.1703450873480461,-0.01508517867472409
-0.16982529861494333,-0.014950527285461795
-0.16972079043034943,-0.014923454416527444
-0.16969299428900725,-0.014916253819805162
-0.16966178445136143,-0.014908168904280778
-0.16923358632824465,-0.014797244083319384
-0.168851318856512,-0.014698217608021754
-0.1685017097535939,-0.014607651290576482
-0.16803269933533957,-0.014486154035298442
-0.1679115919358245,-0.014454781135972008
-0.16764876261151546,-0.014386695139867744
-0.1675798100930508,-0.014368832974312556
-0.16753867627133628,-0.014358177248463198
-0.16732665395104096,-0.014303252818277958
-0.16709522046182324,-0.014243299920378514
-0.16677953259802633,-0.014161520907625087
-0.1665605033160636,-0.01410478132242986
-0.16651404121199345,-0.014092745303827186
-0.16649313132499305,-0.014087328592854786
-0.16606298711933895,-0.013975899638770477
-0.1659054398315192,-0.01393508697810968
-0.16505716093340006,-0.01371534013705791
-0.16461589533768922,-0.013601030184355715
-0.16297879350366015,-0.013176938582754424
-0.1629484974854746,-0.013169090392368594
-0.16274949154320278,-0.01311753785786406
-0.16193214559565047,-0.012905804204676043
-0.16166942794846192,-0.012837747138555174
-0.16155506189014218,-0.012808120585195152
-0.16102209443171725,-0.012670055244147594
-0.16083019370835522,-0.012620343318213986
-0.16056550695155566,-0.012551776153801538
-0.16054196834497697,-0.012545678472425891
-0.1605380247316328,-0.012544656878494171
-0.16051895948180442,-0.012539718021199794
-0.1599288135156685,-0.01238684057475459
-0.1598747918272278,-0.012372846244105267
-0.15906897308496826,-0.012164098716064133
-0.1584940258338082,-0.01201515850018237
-0.15831914973935812,-0.01196985680823166
-0.15825484243238924,-0.011953197985768566
-0.15812219979612865,-0.0119188368807456
-0.15790798780378398,-0.01186334521551909
-0.15775248355516724,-0.011823061804627426
-0.15771326132521787,-0.01181290127705861
-0.1575021753879199,-0.01175821941710133
-0.1570026318189044,-0.011628812542189938
-0.15673442501000362,-0.011559333507481898
-0.15644251138813942,-0.011483713217496052
-0.1563868376417029,-0.011469290920848026
-0.1557288378900492,-0.011298835935866846
-0.155526932512566,-0.011246532302012852
-0.15531655222017454,-0.011192033239528717
-0.1550449694196218,-0.011121679653417153
-0.15477432595556734,-0.011051569402638618
-0.15436306463412364,-0.010945032063993974
-0.15413173756029588,-0.010885106733025469
-0.15347419192540818,-0.010714769387095573
-0.15301535070941155,-0.010595906465970025
-0.15259822053216393,-0.010487848798897598
-0.15235306380657862,-0.01042434089350303
-0.15227412467154727,-0.01040389169266005
-0.15218678201875088,-0.010381265558633088
-0.15209139635152724,-0.010356555879893602
-0.15182666321390298,-0.010287976700517999
-0.15141792321564157,-0.010182092511215882
-0.15132528220206687,-0.010158093835626974
-0.15128929205455227,-0.010148770579746325
-0.150335777043128,-0.00990176229966239
-0.1499796555522158,-0.009809508946629426
-0.1493734702564247,-0.009652476508197356
-0.14930508446063306,-0.009634761152279219
-0.1492378372699725,-0.009617340752278668
-0.14882901800126824,-0.009511436027950338
-0.14796207398917396,-0.009286853984887784
-0.14758250606198334,-0.009188526827216364
-0.14733595628134674,-0.00912465805059463
-0.14718756320520826,-0.00908621679054716
-0.1470131228057157,-0.009041027965474072
-0.14681246593247343,-0.00898904775692699
-0.14662904344457894,-0.008941532119815156
-0.14651251225226736,-0.008911344688003236
-0.14647243877723815,-0.008900963645203309
-0.14609973046889083,-0.008804413473349853
-0.14585944015039276,-0.008742166211815536
-0.14582132830686745,-0.00873229333010184
-0.14579590770932216,-0.008725708118539222
-0.1454601621492317,-0.008638733155009393
-0.1454303465275944,-0.008631009411458408
-0.14515421582239746,-0.008559477689616745
-0.14499911349514547,-0.008519298396545822
-0.14494463546526548,-0.008505185850543103
-0.14477643016423053,-0.008461612229140335
-0.14457519221530032,-0.008409481492804457
-0.14447093810131176,-0.008382474440918063
-0.14431904648482782,-0.008343126883200196
-0.14378456452689695,-0.008204669210711956
-0.14367780859136545,-0.008177014061387138
-0.1436214748316959,-0.008162420788161321
-0.14340090652591328,-0.00810528251849631
-0.14339256175047294,-0.008103120802524875
-0.1430574396453347,-0.008016307345141891
-0.14304608793849416,-0.008013366682908887
-0.14271664529161546,-0.007928024490476852
-0.14271465765109215,-0.007927509591748243
-0.1419975142215271,-0.007741733423583069
-0.14187123692287787,-0.007709021260712781
-0.14156898931586911,-0.007630723949530228
-0.14145315158265592,-0.00760071615845509
-0.14120834279776084,-0.007537298387175286
-0.14118432524135205,-0.0075310766337374525
-0.14039717551991793,-0.007327165319777576
-0.14012901578129097,-0.007257698478634642
-0.13974224426796705,-0.007157505230340731
-0.13937770659234153,-0.007063071662747954
-0.13910673423075687,-0.006992876210989592
-0.13874270154527224,-0.006898573461207407
-0.1385736716328383,-0.006854786224034626
-0.1382899816237602,-0.006781296262807154
-0.13807576021037715,-0.006725802157058515
-0.13775328059518627,-0.0066422637395652726
-0.13706815522843793,-0.006464781857838418
-0.13688239693376858,-0.006416661129451481
-0.13681538234846308,-0.006399300985920942
-0.13671515772436052,-0.0063733377743039055
-0.13646249292042645,-0.006307884899509338
-0.13613571737185642,-0.006223233619499377
-0.13605587812888478,-0.0062025512454902156
-0.13587278307288053,-0.006155120429683837
-0.13557862981249952,-0.006078919960831996
-0.13469602455082663,-0.005850280867512204
-0.13463304432036768,-0.0058339658245201535
-0.1342522425951782,-0.005735319051197146
-0.1337594056712191,-0.005607649534209513
-0.1337073902960792,-0.005594174939476029
-0.13368832289948934,-0.005589235526062594
-0.13331432315636907,-0.005492350807738151
-0.1329080969078147,-0.005387117805868067
-0.13267579139507002,-0.005326939010076092
-0.1319868968951651,-0.005148480733549721
-0.13195638804461943,-0.005140577408892698
-0.1319318639058675,-0.005134224425183919
-0.13176709314823898,-0.005091540523029972
-0.1314607275208925,-0.005012176437744462
-0.13096513742529586,-0.004883793711019362
-0.13080931403864027,-0.0048434276273463285
-0.13063927711622678,-0.0047993795240098246
-0.1302228216805309,-0.004691496648889487
-0.1301758105745886,-0.0046793184112272415
-0.13001720764662833,-0.004638232286748478
-0.1299161204301582,-0.004612045620382886
-0.1298101484476469,-0.004584593554265846
-0.12938102729644707,-0.004473429622670073
-0.12929959682308068,-0.004452335040066056
-0.12917103275068365,-0.004419030487937459
-0.12885072846407808,-0.004336055589807888
-0.12852923624877463,-0.004252772958479544
-0.12803412186481855,-0.004124513464962884
-0.1278371670618772,-0.004073492278567358
-0.12776278493706997,-0.004054223572257029
-0.12773387572311096,-0.004046734633820773
-0.12683689210409246,-0.0038143708237678327
-0.12659552502350724,-0.0037518446267704834
-0.1261066230089763,-0.003625194448963122
-0.12599594098894018,-0.003596522246556485
-0.12597207812456906,-0.003590340566126112
-0.12592373250597957,-0.003577816622659772
-0.12570525762436024,-0.0035212206549993068
-0.12540528232625864,-0.0034435119859547933
-0.1250990087546285,-0.0033641717477234864
-0.1241168462994807,-0.0031097423408422004
-0.12395955302534144,-0.0030689954824829647
-0.12375203152366065,-0.00301523699038116
-0.12371759012981609,-0.003006314939490176
-0.12339436200765173,-0.002922582621095616
-0.12321119496698514,-0.00287513315764611
-0.12303602357488648,-0.002829754968772538
-0.12276940330506403,-0.0027606869273727533
-0.12274355250857183,-0.002753990272675321
-0.12266074558529366,-0.0027325391204093136
-0.12240885106740819,-0.0026672857883904243
-0.12230841799102629,-0.0026412685771631216
-0.12205111152121567,-0.0025746132777699146
-0.1217975377418744,-0.0025089249326898447
-0.12161307159711209,-0.0024611389360295506
-0.12133281680556758,-0.002388538868683697
-0.12114755252089478,-0.002340546113698473
-0.12083062427522348,-0.0022584457797390246
-0.12061172520944778,-0.0022017399270765937
-0.1195216548867256,-0.0019193569626133784
-0.1187380672600139,-0.0017163684100996723
-0.11873089343775642,-0.0017145100298159507
-0.11838604337770003,-0.0016251765435039457
-0.11827222324534317,-0.0015956914123884981
-0.11820163779451542,-0.001577406235334096
-0.1177839394614608,-0.0014692013873709477
-0.1172828645244105,-0.0013393978112226333
-0.11724437725817369,-0.0013294276761703465
-0.11711231787177293,-0.0012952176621559182
-0.11709746565968351,-0.001291370193243848
-0.11703079665820237,-0.0012740995732814266
-0.11703018564241666,-0.0012739412895034843
-0.11639976071944458,-0.0011106295701496585
-0.11636713770851954,-0.0011021785717666155
-0.11629360121430518,-0.0010831289262532573
-0.11608448550477468,-0.001028957454246221
-0.11527750066351311,-0.0008199078479939927
-0.11497596825662527,-0.0007417958095650573
-0.11497315254369347,-0.0007410663984911345
-0.11474022033841202,-0.0006807252578552962
-0.11438478536074143,-0.0005886497462333461
-0.11422858243242082,-0.0005481853422058605
-0.11416891592061941,-0.0005327287187840112
-0.11409314054937689,-0.000513099091668457
-0.11329518610163702,-0.0003063888109072349
-0.11326819392967613,-0.00029939648263561935
-0.11315901137099349,-0.0002711127160328411
-0.11312054395957899,-0.00026114772437678055
-0.11264358129080981,-0.00013759043679831967
-0.11232695505973651,-5.5568339789008325e-05
-0.11217153511674743,-1.5306768289331113e-05
-0.11188206730086236,5.967993510259603e-05
-0.11186316363182525,6.457693485634186e-05
-0.11169236802068336,0.00010882157668009804
-0.11151952607127866,0.00015359632289520253
-0.11143290747395646,0.0001760348901872731
-0.11130960717704164,0.00020797586008271945
-0.11091973734103837,0.00030897172956979857
-0.11051431098503406,0.00041399751909327806
-0.11024385730229759,0.00048405860697832426
-0.10948928630526589,0.0006795303949889003
-0.10927991580224185,0.0007337678713082545
-0.10857015360677286,0.0009176319291058638
-0.10818600905102874,0.0010171446634426144
-0.10703991222739853,0.0013140413056797438
-0.10699503602996885,0.0013256664948073406
-0.10686996928129092,0.0013580650644328916
-0.10646114278686805,0.001463971660585265
-0.10584922135212356,0.0016224900471148718
-0.10530944195711354,0.001762320021880575
-0.10527280528669902,0.0017718107596651628
-0.10526161288994373,0.0017747101525844265
-0.104974167406996,0.0018491729701700307
-0.10491571539963597,0.0018643149759407472
-0.10491146746845569,0.001865415403476952
-0.10352734887465403,0.002223971639289616
-0.10329546413348056,0.002284041434110578
-0.10297600418537974,0.002366797606158915
-0.10291888834705779,0.0023815934770371056
-0.1026350194423675,0.0024551297812135074
-0.10234335833769734,0.0025306846565629204
-0.10232325177891474,0.0025358932651781962
-0.10222228672718398,0.0025620482847403467
-0.10207171812905896,0.0026010531142521102
-0.10160005057405583,0.002723238701407886
-0.10140898408129093,0.002772734519716019
-0.10116385291361052,0.0028362358043295226
-0.10092414554120938,0.0028983320535451544
-0.10062789542132433,0.002975075714327341
-0.10043249656017289,0.0030256938336491214
-0.09999659028937691,0.003138615452015974
-0.09992760852384519,0.0031564851940305144
-0.09962679050733039,0.0032344121694712
-0.09879823956198587,0.003449048479879962
-0.09835786386721938,0.003563127903540589
-0.09811841148957184,0.0036332848949163048
-0.09794591811198225,0.0036843998212641622
-0.09717994404051578,0.003911380756964386
-0.09625532527749495,0.004185372840788633
-0.09618253631568302,0.004206942378552604
-0.09608602360717261,0.004235541969192423
-0.09606079406787912,0.004243018233271646
-0.096033423026548,0.004251129088199846
-0.09587614565221225,0.004297735059499701
-0.09543524055896119,0.0044283883731680365
-0.0948700629570287,0.004595867333229746
-0.09482037355082804,0.004610591784531638
-0.0942329819615651,0.004784653410792799
-0.09386113305545558,0.004894843319031141
-0.09328519511890201,0.005065510886790855
-0.09320000579634262,0.005090755020850348
-0.09274546892720681,0.005225447835803171
-0.09217797674288977,0.005393612675576708
-0.0917068063453315,0.005533234500512987
-0.09137331822672384,0.005632056964648812
-0.09087394083756353,0.005780037361481485
-0.09060190383788437,0.005860650028453401
-0.09033968930753745,0.00593835200515137
-0.09024136503429647,0.005967488416387268
-0.08988609510849185,0.006072765478874382
-0.08943199187279978,0.006207329795319905
-0.08937544529515937,0.006224086230794148
-0.08875862088881604,0.006406869677558203
-0.08874395608737119,0.006411215295089926
-0.08871515744781502,0.006419749189900275
-0.08859678971203691,0.00645482507617955
-0.08857773298297003,0.006460472152700958
-0.08852729783630031,0.006475417589119396
-0.08846395257351462,0.006494188677534627
-0.08734319223730941,0.006826303352539899
-0.08717437107332211,0.00687633009260236
-0.08709647636379336,0.006899412615514761
-0.0870294166586087,0.006919284403865841
-0.08701725660136911,0.006922887791073352
-0.08679159633360828,0.006989757650817628
-0.08671829061330145,0.007011480319517847
-0.08568819968655417,0.007316726947464103
-0.08542956867801424,0.0073933670198977446
-0.08503937100511084,0.007508994214345845
-0.08468231292251903,0.0076148011609580915
-0.08461704877530604,0.007634140871992594
-0.08441375429294658,0.0076943830832469536
-0.08433204974437433,0.0077185945749628365
-0.08427706611069224,0.007734887863582205
-0.08392351586381185,0.00783965533397493
-0.08354465531490718,0.007951923000849915
-0.08275465467199876,0.008186023725418606
-0.08253416625154554,0.008251361012736595
-0.08234475171082306,0.008307490183801225
-0.08196883147171838,0.008419668439286761
-0.08124738408065697,0.008636960635731111
-0.08093965658178678,0.008729644849388672
-0.08078932268668412,0.00877492380204915
-0.07996294947638864,0.009023818526976625
-0.07985429590471299,0.009056543814410525
-0.07928587600779352,0.009227745775128122
-0.07860629642236,0.009432427838722994
-0.07841512227701153,0.00949000743560119
-0.07814974239480668,0.009569937002484217
-0.07814854050076003,0.009570299000047073
-0.07814320051244777,0.009571907347105687
-0.07767792343314966,0.009712043800253234
-0.07759544208590097,0.00973688629512038
-0.07702476238391186,0.009908768884825198
-0.07698325385407395,0.009921270807670024
-0.07664187272822026,0.010024091131896659
-0.07643218250665215,0.010087247571828342
-0.07622087306433621,0.010150891703637739
-0.07563508568578503,0.010327324563069807
-0.07450088953848424,0.010668932246594886
-0.07435936023842263,0.010711559349905045
-0.07400052164014506,0.010819637677105075
-0.07370186286373587,0.010909590489073612
-0.07362020656534574,0.010934184488096329
-0.07341658711282806,0.010995512477669158
-0.0733676689700064,0.01101024609626893
-0.07304755282795831,0.01110666163603626
-0.07288560801716887,0.0111554376716491
-0.07280958502272021,0.011178334980099713
-0.07280307973770822,0.011180294301993823
-0.07276784103045711,0.01119090782169508
-0.07274774798113096,0.011196959632091016
-0.07234314551175422,0.011318821545165968
-0.07219041695708746,0.011364821743537307
-0.07186713239853224,0.011462191576286527
-0.07170243536937201,0.011511796550477968
-0.07153107804537145,0.011563407533856986
-0.07152862472213074,0.011564146448436438
-0.0713526250335259,0.011617155662114796
-0.07102497503657051,0.011715840317968455
-0.06997688704289307,0.012031513151545508
-0.06939319581412008,0.012207314673204331
-0.06930712960671571,0.012233236889402258
-0.06884456160524227,0.012372557397439811
-0.06879848771263465,0.012386434358459403
-0.06837488848198847,0.012514017891756024
-0.06749551480908593,0.012778875786105334
-0.06749386531432756,0.012779372596189489
-0.06712648705594221,0.01289002297718679
-0.06705090443748352,0.012912787649124605
-0.06687183827214332,0.01296672045262174
-0.066655412831225,0.013031905468197715
-0.06647143737968439,0.013087316895908722
-0.06632159618936936,0.01313244745118523
-0.06609968803349678,0.013199283801549647
-0.06587591628694017,0.01326668144538884
-0.06561750660011989,0.01334451166437274
-0.06553375976432615,0.013369735310781818
-0.06530310348211527,0.013439206502730484
-0.06513077407554449,0.013491110266926825
-0.06465855396938758,0.013633337885105686
-0.06448307234664796,0.013686191062916209
-0.06356828326836737,0.013961715696542573
-0.06316624419992414,0.014082805540820675
-0.06314821478018906,0.01408823580817404
-0.06308195411122403,0.014108192809163545
-0.06302701414104853,0.014124740137409419
-0.06296479823356842,0.014143478899733086
-0.06272805521482208,0.014214783351275384
-0.06242392300033863,0.014306384703935849
-0.06211095524130156,0.014400647227607023
-0.061310340943469224,0.014641783645086882
-0.06120714222874382,0.014672865988263598
-0.060987356402231435,0.014739063115846182
-0.060771724865594075,0.014804009015989595
-0.060321398055134604,0.014939642608923593
-0.06030988647015373,0.014943109774535444
-0.059737136346066394,0.01511561595311295
-0.05960950604859065,0.015154056826300591
-0.05923886470588938,0.01526569001320581
-0.05908571426809244,0.015311817278239437
-0.058884745711473556,0.015372346846472705
-0.05865489703942286,0.015441574794925384
-0.05806774870091799,0.015618417560861048
-0.057885685470927525,0.01567325304800334
-0.057762268605197016,0.015710424880856458
-0.05757039639286963,0.015768214728002373
-0.057253841232288355,0.015867240459427497
-0.057006664341805784,0.01594988593813134
-0.056781939951613764,0.01602502425210393
-0.055927317949613135,0.01631077363720334
-0.055792415423807654,0.01635587932569139
-0.05531652032762581,0.016514998481045984
-0.05522244617629743,0.016546452891104346
-0.055166864374696534,0.016565037090426376
-0.0551541672903128,0.01656928245743859
-0.054815833778971215,0.016682406847634564
-0.05444972497293142,0.01680388320562625
-0.05431471339009092,0.016848659468735278
-0.05429447288234893,0.016855372183904215
-0.0540534049079484,0.016935321791351376
-0.05403982473005657,0.01693982562432303
-0.05388128153775282,0.016992406088483087
-0.05374772500511202,0.017036699787731976
-0.05325012460199407,0.017201727751291876
-0.052858284606950565,0.017331680532716817
-0.05280314167072893,0.017349968553410436
-0.05275171490204891,0.017367024116176362
-0.05243213207563674,0.0174730129833498
-0.052383366586938346,0.017489185939081893
-0.05231812163928465,0.017510824267299472
-0.05201299982901476,0.01761201717363764
-0.051084403662737206,0.01791998383389372
-0.05098760174750093,0.017952087953665413
-0.05063862069375252,0.018067826671440197
-0.05036269664940915,0.018159336209716045
-0.04976833691261315,0.018356454170977407
-0.04947122536299977,0.018454990493849313
-0.04922088488339219,0.01853801530509822
-0.049169274105294036,0.018555131894140174
-0.048851790144899515,0.01866042467750318
-0.04843526444599792,0.018798564412578513
-0.04818159868848663,0.01887614837558834
-0.04806557145953891,0.018910873122346673
-0.04767490687586585,0.019027791615173976
-0.04749623291328313,0.019081265339913098
-0.047416298314901614,0.019105188247589167
-0.04702738061937334,0.019221583929960748
-0.04697355670026958,0.019237692407060206
-0.0464511132064428,0.019394357998824073
-0.04640601492500063,0.019407971086420842
-0.04636009656144941,0.019421831718917988
-0.04601027375110497,0.01952742706331428
-0.045763389216757294,0.019601950098004015
-0.0450563929313679,0.019815359612864077
-0.04482237375731597,0.019885999189668737
-0.04454929158662255,0.01996843008042302
-0.04415743858676763,0.020086712397209786
-0.044069208823888525,0.020113344886349208
-0.04396555571191385,0.0201446329720116
-0.043483471370897975,0.020293180456577332
-0.04294175073193755,0.020464672605692225
-0.0428569510025681,0.02049067828359727
-0.04279126658415816,0.020510821836427568
-0.04278956806934858,0.02051134272286652
-0.0427492862730829,0.020523696010157775
-0.04270239241525297,0.020538077029667135
-0.04193739093260864,0.020772681341525892
-0.041917205262115176,0.020778871715587857
-0.041796064632363364,0.020816022119509715
-0.04174859506990347,0.020830579691341666
-0.041006723790463814,0.021058090624260516
-0.04091151419473865,0.021087288713668453
-0.04072524242556289,0.021144412995408587
-0.04047418840934873,0.021221404159542944
-0.04006847190297405,0.021345825933810313
-0.04005253235087762,0.021350714143488016
-0.04002476715585454,0.021359228943288795
-0.03989329953124813,0.021399546344368695
-0.03947723148416882,0.02152714264331188
-0.03918920926729365,0.021615470908711392
-0.03918181479002062,0.021617738585691826
-0.03871127057661219,0.02176204118364788
-0.03846029074788257,0.021839009596579598
-0.038430405740904755,0.0218481744827347
-0.03835851336756391,0.021870221839711344
-0.03831107159007814,0.021884770890677797
-0.03820901112339192,0.021916069948389606
-0.037954085980697216,0.021994248277496447
-0.03785341428490939,0.022025121438463822
-0.0374746906311416,0.022141265268498897
-0.03708000842899431,0.02226230313383427
-0.037061461864028755,0.022267990840603213
-0.036948128593947006,0.022302746948194434
-0.03673654183523328,0.022367634621032504
-0.03648331310620179,0.022445292708062538
-0.0363499356052977,0.022486195814170107
-0.03631655434379662,0.022496432902673995
-0.03581895513798147,0.022649032501380922
-0.0354979080333586,0.022747488565536437
-0.03547480249803797,0.022754574379534192
-0.03514044746116721,0.022857111610011756
-0.03511853497669258,0.022863831549067973
-0.03508937830384565,0.022872773075750637
-0.03444785547818131,0.023069509976882424
-0.034171701308716565,0.02315419864790337
-0.034163990381856135,0.023156563371019505
-0.03378893351411877,0.023271582701517114
-0.033664441417289165,0.02330976090557445
-0.033238311790178166,0.023440442806458406
-0.033139357495436936,0.023470789289112257
-0.03301507634329105,0.023508902802402996
-0.03290385213613105,0.0235430121200642
-0.03229832323585381,0.023737685493446226
-0.03228437865568207,0.023742444265909348
-0.032016117423412774,0.023833991960377283
-0.031569426456612926,0.023986431162285996
-0.031043039816619877,0.02416606756700403
-0.03074518041143587,0.024267716029547488
-0.02982276596126146,0.024582502163731066
-0.029147561605666707,0.024812924582678867
-0.029131641420900523,0.024818357556346055
-0.02884318368323857,0.02491679757546845
-0.02859880442820278,0.025000195229259368
-0.027706636971445223,0.025304659176787515
-0.027204919705808593,0.02547587683114348
-0.027019837035791944,0.025539038740833752
-0.02701721329191714,0.02553993412814179
-0.02639310178681991,0.025752920435925572
-0.026388302316618255,0.02575455831862637
-0.025841421711572415,0.025941188560043134
-0.024856262795419144,0.026277387073318528
-0.024775027486383827,0.026305109697227547
-0.024085699167507135,0.026540352105497964
-0.023967613603327373,0.02658065036648467
-0.02334243150058321,0.026832617943943347
-0.023297293920528928,0.02685363256656139
-0.023076028731798384,0.026956646605729877
-0.0227839814642763,0.027092614531042378
-0.022414364794634434,0.027264696304511872
-0.022119359264116536,0.027402041503049628
-0.02186895922387702,0.027518619803057035
-0.020909913832145376,0.02796512085509787
-0.02039322236224568,0.028204932261728603
-0.02019650075429422,0.028296056639342853
-0.0198946747575674,0.028435866934642583
-0.01940372863542722,0.028663280487673273
-0.019371300792849176,0.028678301547144413
-0.01893311065953253,0.028881277740715562
-0.018879042992287154,0.0289063226891485
-0.018688020081100876,0.02899480734557835
-0.018664310437981044,0.02900579000526301
-0.018024997229235076,0.029301357906512154
-0.01795757393370989,0.029332006071935448
-0.017881292288003392,0.029366680919525788
-0.0177329053237141,0.029434132209065628
-0.01758750628417479,0.029500225297240543
-0.015517576903913297,0.030441139525277647
-0.015369318285175668,0.030508532473621484
-0.01529376108371125,0.03054287801534212
-0.01528983125279338,0.030544664372818688
-0.015146467192487231,0.030609832433824802
-0.01452053768569624,0.030894357106165796
-0.014504217295778762,0.030901775758814965
-0.014150651785147877,0.031075502661401348
-0.013566612986268184,0.03131068998859002
-0.012945663755721232,0.031558685214542005
-0.012800761474223508,0.031616556409598214
-0.012685078440237876,0.03166275799700787
-0.01237818653996637,0.0317853247422531
-0.012196377060689087,0.03185793596499971
-0.011710289545775854,0.03205207000553498
-0.010924672087474616,0.03236583056678348
-0.010486257422571976,0.03254092498438574
-0.010269174125773314,0.03262792342250692
-0.0102045281037101,0.03265465627854853
-0.010142145557157763,0.03268045312703616
-0.010018382845159074,0.032731632312662545
-0.009739372177732047,0.032847010672666
-0.009735462338664957,0.032848627495505066
-0.008875270858308828,0.03320433963801085
-0.008674507707061685,0.03328736056102298
-0.008356793091427728,0.03341874403692739
-0.008337107742355715,0.03342688445432781
-0.007927996567812883,0.03359606284744493
-0.007838025681689075,0.03363326821089842
-0.0075097111278703,0.03376903504423924
-0.00716165665608412,0.033912964860675604
-0.007103797625596764,0.033936891114501606
-0.006922265989717041,0.034011959292466615
-0.006259097266750847,0.034286197264681205
-0.0058251435466461395,0.03446564871363404
-0.005128924514944851,0.03475355387088722
-0.004992825258785888,0.03480983454688473
-0.00463910827185195,0.03495610596451244
-0.0044766934142950465,0.03502326884426152
-0.0042792418046535,0.03511654089854982
-0.0037711889544987387,0.03540173514368726
-0.0036269359670046686,0.03548271121116657
-0.00349077311735492,0.0355591458992306
-0.003374297882473634,0.03562452899210973
-0.0021102976670083484,0.03633407247207125
-0.001908865747169572,0.03644714579565856
-0.0014256279496980828,0.036718410170673434
-0.0011283224810385642,0.03688530188023427
-0.0009006339344921899,0.037013114298054484
0.00015171231460205103,0.03760384633320047
0.0002540869207953659,0.03766131407208955
0.00038002945103030386,0.0377320116084386
0.0004096714927514511,0.03774865109724458
0.0005462084914237969,0.037825295812962303
0.0005739023548899744,0.03784084169659187
0.0010297150689921042,0.03809671106703788
0.0011713323651635077,0.03817620759553429
0.0015178797893628214,0.038370741158368825
0.0015602366236300985,0.03839451806538074
0.0017818997416279465,0.03851894812338149
0.002115714340259728,0.03870633414521691
0.0027987955936819436,0.03908967826615591
0.0029829940975348024,0.03919289662867015
0.003619927047101165,0.03954981144996596
0.003928121881445465,0.039722512994609195
0.004943023672011881,0.040291228259629504
0.005157745344224009,0.0404115507320626
0.006248876657930547,0.04095301174234175
0.006388360632089418,0.041021071046479306
0.0067144911870624935,0.04118020200588385
0.006751425523085733,0.04119822361176139
0.006971948273096308,0.04130582468208309
0.007473793041350901,0.04155069299701636
0.007564016837215314,0.04159471646853134
0.007699917508651212,0.04166102734894273
0.007841130762249182,0.04172993043141391
0.008581475947755837,0.042091171774378364
0.009933012119015698,0.04275063542880439
0.010495988927541673,0.04302533228960803
0.010572263903938117,0.0430625496247747
0.010595551973333533,0.04307391272083873
0.010797695092578455,0.043172545700827764
0.01132696396123807,0.043430795231785446
0.011336296656235596,0.043435348993112445
0.011360887733862096,0.04344734787428388
0.01154026799374638,0.04353487402728719
0.011584742956236363,0.04355657497907656
0.011963554811750052,0.043741411061076554
0.012304653705087544,0.04390784561717974
0.012474341128911201,0.04399064228293273
0.012477769001346936,0.043992314866568634
0.01267943631045021,0.044090715681483955
0.012811845701423033,0.0441553230391767
0.013097087331912866,0.04429450280516248
0.013239996709888235,0.04436423348840682
0.013248979040957544,0.044368616294430216
0.013414164137105555,0.04443682796339822
0.013476733803466923,0.04446256702526927
0.01357471939895835,0.04450287501237371
0.01368285008660311,0.044547356350077706
0.013900997139438154,0.04463709472997375
0.013997890902374015,0.044676953573789854
0.0140197157931021,0.04468593160172969
0.014554649465783345,0.044905985370572284
0.01469240944935256,0.0449626552067188
0.014740681258016683,0.0449825126095481
0.015079752434532245,0.04512065696512174
0.015145024362336279,0.04514702261932621
0.015640279439253918,0.045347073767504645
0.015782460659861358,0.045404505821728
0.015901892280858893,0.04545274850317222
0.01624386962678427,0.04556949423347223
0.016387795300815113,0.045612479690640424
0.016615789835907085,0.04568057351329419
0.01682313577130759,0.045742500336879884
0.017043967960930682,0.0458084550228129
0.017204195681340836,0.04585630931885305
0.01738707641397054,0.045910929260376876
0.017635788681291932,0.04598521072951808
0.017928044782901234,0.046072497186381796
0.01801064781208433,0.04609716776025141
0.018041416505254183,0.04610635726970677
0.018120314736404665,0.04612992135275591
0.018803994756681597,0.04633411215072341
0.019119218484046886,0.04642825821689475
0.019432853021945667,0.046521929648945345
0.01959086911880209,0.04656912341203902
0.020129429239999608,0.04672997208047934
0.020698226921715454,0.046899851628026415
0.02203614615786373,0.047299440307441876
0.023165171097084727,0.04763663972299796
0.02327073278594488,0.04766816722832774
0.023335798590701406,0.047687600059768756
0.02339879434634279,0.04770641464149043
0.023490413869361355,0.04773377811995949
0.0235863458087779,0.04776242956314793
0.023788407117706,0.047822778057596646
0.024064611581437766,0.047905270463662185
0.024315130492731943,0.04798009151281671
0.02458899452549758,0.0480720926102086
0.024843109043118143,0.04815920155879364
0.02494640458431019,0.048194610657301726
0.025418241044676833,0.04835635339577838
0.025996947302572265,0.04855473046662376
0.026579724431010608,0.04875450300773245
0.02712457233811802,0.048941273636861765
0.027210441690604104,0.04897070914129804
0.02722511955612264,0.04897574062649126
0.027434564694296566,0.049047537176894654
0.027436594487446495,0.049048232977940545
0.028501642701965535,0.049434629339291866
0.029028456564238782,0.04962655008294156
0.02910561505689803,0.049654659281181235
0.029135360949128983,0.04966549584826179
0.029420544414648867,0.049769389512986165
0.02977447461604993,0.04989832793377841
0.029895927088028462,0.04994257363498231
0.029995966881529085,0.04997901859768764
0.030181994981244423,0.050046789500835576
0.03021822651806963,0.05005998881844855
0.030227346881330372,0.05006331140926231
0.0304964338454565,0.05016134104355987
0.030565342741759052,0.0501864448754245
0.030740619095023625,0.05024604002019091
0.031121704897653597,0.0503703743217825
0.03163294172764411,0.05053717212365833
0.031735971494382814,0.0505707869526606
0.03179388536152483,0.05058968212055685
0.03208481341984365,0.05068460126132471
0.032160904287189145,0.050709426916816486
0.03258488563788203,0.05084775646035354
0.0331716681598522,0.05103920204702146
0.03324128830139987,0.051061916542330124
0.03325184204735969,0.05106535984203857
0.03369095792637872,0.05120862722633579
0.033773746272313346,0.05123563802311874
0.03389157058353537,0.05127407976863957
0.03393757030886216,0.05128908778962184
0.03400194738901252,0.05131009166655391
0.03401656533948944,0.05131486096693377
0.034236869665319164,0.0513867381775268
0.034826997793717465,0.05157927531270104
0.035340630753028394,0.051746854883573556
0.035368800252625204,0.05175604555673531
0.035426536382057006,0.051774882735344335
0.03562632289618577,0.051840065737519134
0.035747375651356134,0.051879560805732056
0.03583934645274635,0.0519095675004941
0.035876489890812345,0.051921686040200324
0.03604695705710781,0.051969117133865414
0.03679736227193751,0.052160116417988206
0.037296435763780104,0.05226574103730772
0.03740287758327943,0.05228826853445605
0.037737726255515316,0.05235913638080063
0.0377753874509472,0.05236710704944089
0.03791306921057014,0.05239624621167874
0.038170579435932626,0.05245074603979899
0.038246091130849404,0.05246672744165687
0.03825001483050387,0.05246755785899841
0.03880945445386842,0.052585958451728684
0.03889703182493606,0.052604493450343556
0.03893924364789647,0.052613427220226855
0.0389842057324718,0.052622943059366184
0.03935689489532408,0.05270181952063733
0.039444572809265305,0.0527203757982881
0.03979368281648613,0.05279426193372918
0.039896989210852246,0.05281612584506999
0.040075512104672834,0.05285390868268374
0.04034898316124643,0.052911786483684234
0.04116080963531964,0.05308360258628046
0.04161982317793847,0.05318074886131625
0.04169465134164589,0.05319658559966272
0.042433579899645885,0.05335297348425043
0.042968230231240724,0.053466127636227635
0.04302126672398904,0.053477352354526955
0.043490121368436524,0.05357658141426543
0.04425809311825788,0.05373911604102659
0.04449632582868762,0.05378953594863517
0.04459664259817085,0.05381076713153953
0.044792652657194613,0.053852250977517294
0.045174395497715174,0.05393304357192871
0.04560165898842436,0.054023470221095486
0.045960223899189856,0.05409935740568849
0.04747000552342745,0.0544188897229168
0.04768854940279135,0.05446514265848586
0.04882710683656599,0.05470610856327042
0.04913340707835645,0.054770934379438585
0.04925529219635105,0.05479673031811161
0.04929813988070064,0.054805798662598174
0.04936383803881435,0.05481970311365432
0.04980462535817952,0.054912991965035546
0.04981393102302875,0.05491496142909903
0.05017371884924195,0.054991107433246145
0.050398460639890785,0.055038672103521105
0.050974554296219624,0.055160597379330614
0.05115309889210959,0.055198384810001
0.05118763126232082,0.05520569328964854
0.05144954645653092,0.0552611253916027
0.051636552256585574,0.055300703563483544
0.05301152399985483,0.055591704526932226
0.053287736228183856,0.05565016247339806
0.05351624585103183,0.05569852457300596
0.053566557556240624,0.05570917261341855
0.05388585811116557,0.05577674983423617
0.05407140133012486,0.05581601846338642
0.054975055000354295,0.056007531812923436
0.05514549408469149,0.05604386124789923
0.055341438587827974,0.056085627214392406
0.05588742904096806,0.05620200618193898
0.055973404233833124,0.056220331967898635
0.05617428260922122,0.056263149599224696
0.056300520993612754,0.056290057565757334
0.05678328582295518,0.056392959863926756
0.05679157831528425,0.05639472742541082
0.05682253276182427,0.0564013254281938
0.05765469727685649,0.05657870297487318
0.057670142856749,0.056581995231414856
0.058116921014363235,0.056677226897841396
0.05859020278783101,0.05677810786350301
0.058659044822936254,0.056792781682291
0.05865944287926467,0.05679286652880115
0.05935854128081659,0.05694188076470612
0.05948498545372741,0.05696883259547715
0.05986410646377788,0.05704964300428769
0.059995068946543974,0.05707755792192773
0.060033042321784566,0.0570856520235358
0.060117927808846436,0.05710374553650317
0.060355206913795006,0.05715432205683513
0.060496935574285024,0.05718453180699601
0.06081076025455279,0.05725142417126747
0.0613584307198001,0.057368161236786994
0.0623287963826681,0.05757499663718227
0.062395399902816756,0.05758919331198728
0.06240745738728072,0.05759176338914715
0.06266264282397799,0.057646156680247654
0.0628454764857113,0.057685128044422454
0.06301933126703382,0.057722185542107604
0.06324630885077828,0.05777056627239413
0.06345457827444159,0.057814959320584
0.06374849928460465,0.05787760917738334
0.06393879795241054,0.05791817172267576
0.06396072992528001,0.05792284656697777
0.0644408855041814,0.0580251926981471
0.06582101745532225,0.05831937061028469
0.06685477990229938,0.05853971916322313
0.06692327443744295,0.05855431891169263
0.06708201678444578,0.05858815516348764
0.06715670354009841,0.05860407479626191
0.06746517850230346,0.05866982685732623
0.06775131044212668,0.05873081645805496
0.06826380320411891,0.058840055325095106
0.0686765169567084,0.05892802609480802
0.06897289890197741,0.05899120050489427
0.06923009544814118,0.05904602246803839
0.0701093419845717,0.059233435642646465
0.07021252499737803,0.05925542931017248
0.07071972750246061,0.05936354054827028
0.07077133195775402,0.059374540142115406
0.07077870894265051,0.059376112561341635
0.07085508585470102,0.05939239245436488
0.07118649278889316,0.05946303251156228
0.07124097050058012,0.05947464454580935
0.07179033680180258,0.05959174308219117
0.07184292427630795,0.05960295220856621
0.0720520578933303,0.059647529461315546
0.07252451208339902,0.059748234025904595
0.07258112731732805,0.05976030167733362
0.07320524417842963,0.059893333446489436
0.0739189051114599,0.06004545171538356
0.07396122181983596,0.060054471607219495
0.07430261047608941,0.060127239288629286
0.07436485784626248,0.060140507441271085
0.0745513186174258,0.060180251931144735
0.07464167600585002,0.0601995117909363
0.07493264048566799,0.06026153145732277
0.07510973602060411,0.06029927972818436
0.0751704889972599,0.060312229347830495
0.07562333752597744,0.06040875492611493
0.07569248593989696,0.060423494050165824
0.07579888521128486,0.06044617326970275
0.075992931113884,0.06048753454565778
0.07663469130482631,0.06062432702619441
0.07711737795846357,0.06072721266105441
0.07718612984027762,0.06074186726348636
0.07720677367800642,0.060746267539182136
0.07747262050715836,0.06080293332761176
0.07751953429373451,0.06081293309594843
0.07759485450477183,0.06082898775101703
0.07788837061713676,0.0608915513030331
0.07829477571196301,0.060978177369605396
0.0785392428904243,0.061030286042320706
0.07892297910747433,0.061112080191822155
0.0790199429145928,0.06113274822309804
0.07934455522039988,0.0612019399915355
0.0802447512000386,0.06139381858226438
0.08138876742306358,0.061637667950191
0.08206720265218087,0.0617822777891686
0.08223573494101727,0.061818200786833186
0.08236374677829307,0.06184548676842906
0.0829678600308312,0.06197425472802845
0.08312414951175934,0.06200756814646681
0.08394336694503779,0.06218218599652772
0.08434142175662138,0.062267032183366
0.08484115259760541,0.06237355082117446
0.08542919193385365,0.06249889259306032
0.08644397330300171,0.06271519529093306
0.08732209580630557,0.06290236887561054
0.08740582678194321,0.06292021630213666
0.08742742057301622,0.0629248190623059
0.08762810175910611,0.06296759466233487
0.08817254066656385,0.06308364291478638
0.08819709935972128,0.06308887764982163
0.0883574873990076,0.0631230646842498
0.08933880464469315,0.06333223443663598
0.08946184519470146,0.06335846077831281
0.08983616095492801,0.06343824693842064
0.0898794633772515,0.0634474769371748
0.09021771453168986,0.06351957585373749
0.09046044124210957,0.06357131354217538
0.09134634648696019,0.0637601460339284
0.09183134475469762,0.06386352439400146
0.09183194996562721,0.06386365339593314
0.0921157362515968,0.06392414301580666
0.09215705787512928,0.06393295080329892
0.09252789192766632,0.06401199483038249
0.09297509218592157,0.06410731646841296
0.09328881194797059,0.06417418646915425
0.09335818188388728,0.06418897281106614
0.0937034014141483,0.06426255705100593
0.09373200397412886,0.06426865374441985
0.09373821165373082,0.06426997692386152
0.09398053745894205,0.06432162915854471
0.0940288492619967,0.06433192691691664
0.09417924656811327,0.06436398440639648
0.09419344303176114,0.06436701041128841
0.094350839839077,0.06440055985858222
0.09467269932260518,0.0644644229017609
0.09556552069780502,0.06462284953151529
0.09622825942957716,0.0647404491618544
0.09731022607627952,0.06489162058499624
0.09772948167208714,0.06494849248223847
0.09792762430607077,0.06497537047177972
0.09798281834137743,0.06498285752630141
0.09857241437149888,0.06506283605294431
0.0985813034261549,0.06506404185057238
0.09863401601448728,0.0650711922975479
0.0986522649704249,0.06507366776300914
0.09883567552250389,0.06509854735000879
0.09890646393518665,0.06510814977719709
0.09934136557651937,0.06516714405587501
0.09949380949669367,0.06518782302843983
0.10015068302728755,0.06527692772807085
0.10037004801631566,0.06530668452378044
0.10038781188208104,0.0653090941869037
0.10072942074166796,0.0653554333274035
0.10098429421957927,0.06539000683910014
0.10210056733073976,0.06554142895560137
0.10224108176930655,0.0655604896975238
0.10253919407199447,0.06560092854297903
0.10328524648842956,0.06570213033202868
0.10333695552199688,0.06570914464709791
0.1033894924835227,0.0657162712703492
0.10360920122863157,0.06574607469646919
0.1038315713050561,0.06577623913139297
0.10426636962703055,0.06583521939483056
0.104469571775197,0.06586278370597029
0.10466190743914239,0.06588887398174789
0.10523376303317229,0.06596644602349586
0.10542523005056771,0.06599241846762653
0.10550598264614008,0.06600337253326896
0.10569066891767818,0.0660284251712349
0.10783482740489916,0.06631927963418219
0.10798236183296,0.06633929263559771
0.10846837377822247,0.06640522001184707
0.1087886835507595,0.06644866993750474
0.10927593394719627,0.06651476530928864
0.1095335397467162,0.06654970945960123
0.11011318067297929,0.0666283375793579
0.1106813932418555,0.06670541544582412
0.1107715691857955,0.06671764778587815
0.11080176347594924,0.06672174363238347
0.11093729782489894,0.06674012882662617
0.11197366929308339,0.06688071230895229
0.11210295695863104,0.06689825014244394
0.1124362173369981,0.06694345681394198
0.11257433681257262,0.06696219267984471
0.11264639612392494,0.06697196750406068
0.11271401007367383,0.06698113931629339
0.11311924693383765,0.06703610957620273
0.11413765484390757,0.06717425630719767
0.1146646678895008,0.06724574547054815
0.11528312121492747,0.06732963848074167
0.11614573244085732,0.06744665143773408
0.116331999529184,0.06747191851302861
0.11657195975778262,0.06750446904687846
0.11672605941228409,0.06752537261931378
0.117459418694723,0.06762485258850094
0.11799226580878608,0.06769713314150927
0.11820775935527822,0.06772636477718692
0.11834122950060756,0.06774446996282064
0.11856532972741193,0.06777486909213036
0.11877019013064555,0.06780265834507822
0.11881312648350224,0.06780848264861056
0.11891705359078411,0.06782258032989404
0.1191785354410716,0.06785805026534382
0.11952480268468976,0.06790502131425605
0.11970528763365255,0.06792950404406053
0.11988510608747767,0.06795389636399723
0.12015028700195926,0.06798986807640801
0.12018173914403686,0.0679941345501538
0.12031488016598443,0.06801219509029836
0.12063574586970228,0.06805572042785588
0.12089232054480484,0.06809052470644704
0.12090181622725209,0.06809181279295508
0.12123053291608299,0.06813640311431496
0.12134637551229921,0.06815211712813889
0.12153695334492251,0.06817796895461892
0.12160403650884787,0.06818706876591207
0.12169975805792099,0.06820005336565788
0.12219115383401988,0.06826671105696364
0.12277683394235682,0.06834615838997772
0.12339456369840644,0.06842995324819984
0.12347303137755775,0.06844059736560731
0.12371872071835963,0.0684739250518286
0.12375281335569496,0.06847854970797307
0.12389186059463807,0.06849741142470163
0.12412406629310122,0.0685289100588382
0.1247159721767199,0.06860920191642302
0.12479328587811814,0.06861968949709055
0.12512285364365816,0.06866439526675362
0.12524319275081683,0.06868071923095348
0.125651507690993,0.06873610703150372
0.12570726894508655,0.06874367102908566
0.12578978662150234,0.06875486452742108
0.12582751141984236,0.0687599818851287
0.12588138458795067,0.06876728976440666
0.12618940271906354,0.0688090723325502
0.12636119686741537,0.06883237615782906
0.12677574690071464,0.06888860974691242
0.12746558238907357,0.06898218572633952
0.12793992612838861,0.0690465303139123
0.1282651714028823,0.06909064973894677
0.1283370061561847,0.06910039410192985
0.12840111257717673,0.06910909011892682
0.12893111164488696,0.06918098433529196
0.1290760556243776,0.06920064594312715
0.12941563899783198,0.06924671032703372
0.12968963975826328,0.06928387844893207
0.1303139513719908,0.06936856613419634
0.13031419239443104,0.06936859882881886
0.1307320288361319,0.06942527821822735
0.13128589958676432,0.0695004106213018
0.1317002669136353,0.06955661942631237
0.13211255326521967,0.06961254594764243
0.13214514971167912,0.06961696764593826
0.13220174407174148,0.06962464465409783
0.13225944187439653,0.06963247134391785
0.13292771834223155,0.06972312284860414
0.13312773257212862,0.06975025471957602
0.133585330338299,0.06981232772085769
0.13402925575595476,0.06987254607211782
0.1342678981116582,0.06990491783690027
0.13477615119450612,0.06997386221686755
0.13494762670746274,0.06999712281934954
0.13500770006690688,0.07000527175274353
0.13516434433738736,0.07002652050158178
0.1352077142062478,0.0700324036114315
0.13574958755976818,0.0701059085711455
0.13576391139483493,0.0701078515951246
0.13606761680532323,0.07014904914399435
0.13612956604017148,0.07015745253933063
0.1368320551708573,0.07025274498158697
0.13703861538231532,0.0702807648130164
0.13707418969196464,0.07028559045757087
0.137241461928378,0.07030828088683622
0.13732466516980188,0.07031956738186168
0.13758655206893095,0.0703550922620667
0.13795414506344195,0.07040495614276343
0.13797945485785834,0.07040838940887047
0.13825241766858373,0.070445416733199
0.1385699650574792,0.07048849194233488
0.13869300012541458,0.07050518161281459
0.1391398097136841,0.07056579120096322
0.13923383378448118,0.07057854553828426
0.1392990798123634,0.07058739614261797
0.13952607864787472,0.0706181884673392
0.1395546669946497,0.07062206646810143
0.14001132596023314,0.07068401212136187
0.1405208705139295,0.07075313168896676
0.14162534399128549,0.07090295318864155
0.14198079652428303,0.07095117021933421
0.1428172660610329,0.0710646370639416
0.1433036675553305,0.07113061728240205
0.14338946621595622,0.07114225584527259
0.14340600883410598,0.07114449984651892
0.1448640223270655,0.07134227894446903
0.14489091606070578,0.07134592707146208
0.14503101139641078,0.07136493096220559
0.14538889017360024,0.07141347711220337
0.14539151849984439,0.07141383364387897
0.14539453484833126,0.07141424281065673
0.14575854962860246,0.07146362130765295
0.1458158557012614,0.07147139485941517
0.1467365405986842,0.07159628549272402
0.14688776180166402,0.071616798604064
0.14726993958046317,0.07166864090642433
0.14737658856968888,0.07168310781018634
0.1479813048013353,0.07176513738768228
0.14798549805309547,0.07176570620104003
0.14807250704330618,0.07177750894475983
0.1481376917725059,0.07178635123394544
0.14836175567999454,0.07181674543655074
0.14860293480734477,0.0718494613136548
0.14860375110239826,0.07184957204383674
0.1488254405558732,0.07187964415245922
0.14883864357376148,0.07188143513792043
0.14927318630758454,0.0719403807309011
0.14982057625212705,0.07201463401455133
0.15005751817273338,0.0720467751158171
0.15028863223730068,0.07207812567013942
0.15056283263164388,0.0721153208723187
0.151077417309344,0.07218512413125008
0.1511543274660788,0.07219555697120364
0.15137368668006534,0.07222531298353056
0.15218080348058238,0.07233479813817245
0.15218720504731614,0.07233566650880152
0.15222389715915968,0.07234064378289215
0.15239875575463646,0.07236436329951475
0.1524924355965098,0.07237707094228436
0.15284720676106817,0.0724251955455503
0.15289364247871762,0.07243149453687908
0.15295289429477038,0.07243953202815566
0.15300542630404929,0.07244665797963612
0.15306487254907392,0.07245472184514509
0.15311667496213233,0.07246174882711463
0.15334922314790567,0.07249329391955325
0.15392565217922433,0.0725714863467132
0.15561182015439237,0.0728002145325163
0.1564584510443536,0.07291505976167352
0.15687687093766886,0.07297181829612047
0.15792278768412496,0.07310236254174299
0.1585711884540951,0.07318317127073636
0.1589423524636649,0.07322942860609206
0.16002193608616797,0.0733639746837911
0.16007191658108996,0.07337020364041201
0.16061700298346654,0.07343813653224007
0.1615663883024479,0.0735564562883307
0.1617033488948773,0.07357352537878982
0.16175475791034238,0.07357993236871169
0.16240434786650065,0.07366088930330389
0.16256751543172315,0.07368122450981388
0.16281990613635142,0.0737126793954268
0.1632509896085092,0.07376640435857994
0.16339392252048668,0.07378421776578603
0.16354848630353652,0.07380348070228322
0.16374663267005335,0.07382817523809262
0.1638691340565339,0.07384344231024906
0.1642763490480681,0.07389419259836859
0.16430624422057408,0.07389791836645083
0.16438952408331048,0.07390829734835545
0.16472119773108013,0.07394963308877739
0.16483138178031453,0.07396336507890808
0.16522216874646126,0.07401206797918831
0.1652786098352334,0.07401910210508378
0.16529693444506932,0.07402138585997538
0.16552557119065972,0.07404988034312228
0.16571853340976433,0.07407392879030454
0.1659228533059236,0.07409939271922221
0.16710083176688903,0.07424620152424037
0.1671559350548839,0.07425306892303515
0.16765081468256632,0.07431474465750347
0.16783407053958316,0.07433758342261905
0.16787876803663834,0.0743431539711031
0.167883495407938,0.07434374313275109
0.16801001063834645,0.07435951044124471
0.16852018335716817,0.07442309211925068
0.16879123061684434,0.07445687212934007
0.16902779956874991,0.07448635518551174
0.1690889738491942,0.07449397919843513
0.1692408611879801,0.07451290857570597
0.169260321583131,0.07451533388096573
0.16931152692613297,0.07452171548764683
0.16940248284552095,0.07453305111922004
0.169739580320529,0.0745750628190265
0.1704380086675054,0.07466210637237498
0.17074889115689906,0.07470085095751074
0.1709251684089919,0.07472281999479723
0.17107823991194807,0.07474189695178413
0.17125342813905514,0.07476373026633706
0.17147109072258854,0.07479085706435976
0.17148100457641519,0.074792092605655
0.17159162322883142,0.07480587875940235
0.17177331159972284,0.07482852217224914
0.1723456585369834,0.07489985248320079
0.1730903225621665,0.07499265828508916
0.17351636854571667,0.07504575543737202
0.1736507309172331,0.07506250071740504
0.17375307414021524,0.0750752555230026
0.175349688668558,0.07527423799912401
0.1757207901454827,0.07532048754117689
0.17585029591908571,0.0753366275543398
0.1759093261613541,0.07534398436060963
0.17680424349640414,0.07545551589442143
0.17685527660862654,0.07546187603636799
0.17688487992782856,0.07546556543142964
0.17698715857578717,0.07547831218918731
0.17711685166843044,0.07549447554750072
0.1774628602367286,0.07553759781681306
0.17750467483645813,0.07554280907629023
0.17787399985476054,0.0755888372223022
0.17805231377260744,0.07561106008465893
0.1787444488471892,0.07569731932162937
0.17876500742541582,0.07569988149097483
0.17938306448915126,0.07577690855213662
0.18058662167459535,0.07592690517603179
0.18078110714524034,0.07595114346262609
0.18087159983433426,0.07596242136285006
0.18103318289354978,0.07598255909594169
0.18125084818976084,0.07600968623203931
0.1819832460004252,0.07610096332321245
0.1822510063653553,0.07613433369500551
0.18286997472234312,0.0762114743285948
0.18307613101450368,0.07623716712341404
0.18358993831225667,0.07630120177081405
0.1838750468819484,0.07633673421033131
0.18395764557207728,0.07634702829922656
0.18400007506214844,0.07635231619110346
0.18405520616295384,0.07635918705614621
0.1845797497641895,0.07642455974489148
0.18466769492556556,0.07643552015246818
0.18478707237058248,0.07645039789482916
0.1847951403601862,0.07645140339021969
0.1860698470506189,0.07661026721682794
0.18644473835397168,0.07665698907642103
0.18648701126206169,0.07666225745383792
0.18668763570163888,0.07668726082631694
0.18669296596147206,0.07668792512460632
0.18688030345267678,0.07671127257460665
0.18709757308496666,0.07673835040000004
0.1874850537885809,0.0767866412482203
0.18756556460628082,0.07679667513027269
0.18792796501711084,0.07684184027803644
0.1883221274611898,0.07689096385653621
0.18832942828356372,0.07689187374160106
0.188943334210299,0.07696838345589899
0.18926389994499598,0.07700833484210859
0.18962398071294173,0.07705321089799913
0.19037861592940447,0.0771472593870205
0.19045269783582708,0.07715649204832609
0.1910614534455051,0.0772323598901979
0.19106290939469178,0.07723254134186901
0.19109346230748264,0.07723634908264296
0.1914557702412112,0.07728150270519366
0.19147048462163094,0.07728333652531649
0.1915918484163986,0.07729846182197744
0.1916271535037381,0.0773028618155725
0.19175433615130816,0.07731871230276521
0.19181071642597275,0.0773257388495353
0.19193443405442895,0.07734115749919246
0.19199225418518756,0.0773483634919877
0.19238772129181944,0.0773976496676458
0.19239688003908056,0.07739879110170886
0.1925454063196092,0.0774173015978518
0.19295188973687696,0.07746796071151665
0.19310695891692264,0.07748728663450424
0.194352338323466,0.07765609382230156
0.19440278318657764,0.07766307793610212
0.19490191424288142,0.07773218285350275
0.19578905333214325,0.07785500765615133
0.19616285894827817,0.07790676121045464
0.1963915226584338,0.07793841980312936
0.19675632443333546,0.07798892677159744
0.197269382002087,0.07805995982085888
0.19765610983368348,0.07811350246165726
0.19801580834458868,0.07816330288094854
0.19806794052575172,0.078170520604686
0.19817732891171916,0.07818566547551983
0.19828389205311472,0.07820041918998234
0.19873388017070143,0.07826272024559561
0.19890098196393594,0.07828585556341068
0.19918663718866886,0.07832540465670175
0.199233568941726,0.0783319023788481
0.19956380249918568,0.07837762336219095
0.19958796077142188,0.07838096808575873
0.20024621645268836,0.07847210387846869
0.2006189140620968,0.07852370402874644
0.20065773365939593,0.07852907861930937
0.2007132401113454,0.07853676351234243
0.20103943686045286,0.07858192559776815
0.20107818372841965,0.07858729011892258
0.20129173760311384,0.07861685674813736
0.20159947679888207,0.07865946337706962
0.20218765391571447,0.07874089676127262
0.20239448933549326,0.07876953321740737
0.20304767997402215,0.07885996775269088
0.2032280198451332,0.07888493588829328
0.20366501674907592,0.07894543830458234
0.2044242929656094,0.07905056043546385
0.20474565077193901,0.07909505256710339
0.2050178341124605,0.07913273647201576
0.2052200705000363,0.07916073619009044
0.2055574426516137,0.0792074455149733
0.20597827936805155,0.07926571054609348
0.20602274829668726,0.07927186728910006
0.20622195139558125,0.07929944704700363
0.20626953679771243,0.07930603526715588
0.20684831698244455,0.07938616764191775
0.2070003101019166,0.07940721115711064
0.20710927477298652,0.07942229736442791
0.20735058398891518,0.07945570673301787
0.20758539892919728,0.07948821696624757
0.2076576972770418,0.07949822670475792
0.20826836240625468,0.07958277356430658
0.2082734211952773,0.07958347395590344
0.20833301882211763,0.07959172527392513
0.20859076351433956,0.07962741014153955
0.20921592982545623,0.07971396469619156
0.2094636458704214,0.07974826109311964
0.20948078589658115,0.0797506341373874
0.21034371128848395,0.07987010654283522
0.21042204052662924,0.07988095126079801
0.21054978834853777,0.07989863800372775
0.2105714231489084,0.07990163335149006
0.2110399218096916,0.07996649720006616
0.21106645846675065,0.07997017121207363
0.2111534250000692,0.07998221176740612
0.21162481907333647,0.08004747648713226
0.21202218061087713,0.08010249136926216
0.21252497262478853,0.08017210314787665
0.21281332034698883,0.08021202501864316
0.2128819848174847,0.08022153164521355
0.2136531760101849,0.08032830340986045
0.2138200293441702,0.08035140432838167
0.2148485915235651,0.08049380922094604
0.2156326768244002,0.08060236618061607
0.21628271736360727,0.08069236458324326
0.21638935170862753,0.0807071281558794
0.2165932407577678,0.0807353566856849
0.21668861942873996,0.0807485619052281
0.21697216472938005,0.0807878188785873
0.21705921313474716,0.08079987076914143
0.21721330779404668,0.08082120524346091
0.21763124555977684,0.08087906891356242
0.21788974784243692,0.08091485866991095
0.2184057798639245,0.08098630353348055
0.21929975106603078,0.08111007424520017
0.21942013326220947,0.0811267412139619
0.21946327293052192,0.08113271392028376
0.21962642647849961,0.08115530260178179
0.2196813473060653,0.08116290641485767
0.21993422951515829,0.0811979180695138
0.2199913158918572,0.08120582170383318
0.2202076194234052,0.08123576902426599
0.22041071024730763,0.08126388703943123
0.22063666255969278,0.08129517023787511
0.22096731498954847,0.08134094921428804
0.22153766366055938,0.08141991424221402
0.22217249120948665,0.08150780639955067
0.22253396988916224,0.08155785328400232
0.2227404094906003,0.08158643493891123
0.22308768062873136,0.08163451478289824
0.22317372769043797,0.0816464280369759
0.22373089692845888,0.08172356836652526
0.22415820510198453,0.08178272937376609
0.22428486208095144,0.08180026508900393
0.22431268012793007,0.08180411651001739
0.22463574222906932,0.08184884460203357
0.22583277801370397,0.08201457474039708
0.22589830608928885,0.08202364713169297
0.2264834303997786,0.08210465785349601
0.22658483404692195,0.08211869723367775
0.22681103111974563,0.08215001431931354
0.22703440262695773,0.08218094020412994
0.22826769818977152,0.08235169052495735
0.22860348559021054,0.08239818044033816
0.22861699028104604,0.0824000501708086
0.22936434703274267,0.08250352204646637
0.22969388750371292,0.08254914707167556
0.2303226610990001,0.08263620105643013
0.23092788237511777,0.08271999421208934
0.2309552194774489,0.08272377904610177
0.23135390201408415,0.08277897682114563
0.23140647460725505,0.08278625552012203
0.23157288987644992,0.08280929578837758
0.23158716793711656,0.08281127259224612
0.23158777232089678,0.08281135626945008
0.23189703744725393,0.08285417416415307
0.23205246720699188,0.08287569348372383
0.23236838858603306,0.08291943293958015
0.2323864645589075,0.08292193556608805
0.23248631569414596,0.08293576000030402
0.2325735454729409,0.08294783700209014
0.23268904190244155,0.08296382753427586
0.2327745519301052,0.0829756664357507
0.23290088710205847,0.08299315759666398
0.23306128999894868,0.08301536544929192
0.2332047674993766,0.08303522997322946
0.2334252730175942,0.08306575906059109
0.23343381510584277,0.08306694171651964
0.23359541814337328,0.08308931572915457
0.23423484437839726,0.0831778445766327
0.23443699434292803,0.08320583232939825
0.2349278391209022,0.08327379000786773
0.23497329957851198,0.08328008402850308
0.2352396519316653,0.08331696063061318
0.23539613215331698,0.0833386253871045
0.23554071821932532,0.08335864339244116
0.23577450173207554,0.08339101082406898
0.23578387086043281,0.08339230798406949
0.23629287909960794,0.08346278040184472
0.2365110824489528,0.08349299075289894
0.23680298438595657,0.08353340470629049
0.23686279575706848,0.08354168561730194
0.2370771904370393,0.08357136865638234
0.2372161889532713,0.08359061306295996
0.23731273882608364,0.08360398043592036
0.23748569705248634,0.08362792657952008
0.23889657769754474,0.08382326363420245
0.23896636398556553,0.08383292557690959
0.23957251151110212,0.08391684697221403
0.23962085876653183,0.08392354067129532
0.24007822621558877,0.08398686339864246
0.2402863220150674,0.08401567435490886
0.24094800255933044,0.0841072843214285
0.24141361426800464,0.08417174847019727
0.2415697269702024,0.08419336234345624
0.24165085940060171,0.08420459516463707
0.24174158130768036,0.08421715565314188
0.24177160873011178,0.08422131296317231
0.24187192092399715,0.08423520123116361
0.24274391893387692,0.08435592974461754
0.24284168829654623,0.08436946595649263
0.2428944762381853,0.08437677447056051
0.243245415477564,0.08442536216480158
0.24331077138867466,0.0844344107198492
0.2434742055608679,0.08445703825389503
0.24361975274075032,0.0844771893258763
0.24397234630630316,0.08452600606231414
0.24412886434072756,0.0845476760540007
0.2445088750163943,0.08460028870156419
0.24455333683744349,0.08460644446052225
0.2445606767894915,0.08460746068015754
0.2446338461585639,0.08461759101194545
0.24534208429340998,0.08471564689764996
0.24536562543344634,0.08471890617898936
0.24582734395514183,0.08478283131428427
0.2473896787573889,0.08499913726459099
0.2475866596489975,0.0850264093569046
0.2476381491227321,0.08503353809751188
0.24766392115374014,0.08503710624670148
0.24781159211554654,0.08505755135723751
0.24823492219975288,0.08511616159623751
0.24888527227041224,0.08520620285363233
0.24890861694799302,0.08520943493465712
0.24961449564242869,0.08530716415478432
0.24969302241502955,0.08531803622148058
0.2511323770284206,0.08551731550978045
0.25137131838681526,0.08555039704743857
0.2514270208257008,0.08555810907495037
0.2516506879119226,0.08558907588281252
0.25195138288906965,0.08563070723653433
0.25195991861483974,0.08563188901157487
0.2520168711693206,0.08563977411814849
0.25225364527015437,0.08567255559803051
0.2526547600269843,0.08572809011504527
0.25325546985347636,0.08581125865849133
0.25328638662824104,0.08581553909974904
0.253526082272957,0.08584872506868485
0.25399114819619184,0.08591311365321608
0.254230600347762,0.08594626591041718
0.2543130218728503,0.08595767720733276
0.25488981051784637,0.08603753385252978
0.25504151551911236,0.08605853747762851
0.255068396957211,0.08606225922472471
0.2551502668655163,0.08607359415005059
0.25544465487018114,0.08611435230061878
0.2555162224588037,0.08612426086518889
0.2556463020960794,0.0861422704489964
0.2563416581463057,0.0862385428043388
0.25646158550734416,0.0862551468009725
0.2565047578212955,0.08626112402709762
0.2565198088851419,0.08626320785360121
0.25661135429013177,0.08627588235575918
0.2572237748904415,0.08636067226106431
0.2574362812565393,0.08639009386224664
0.257680245593627,0.08642387083354551
0.25792908094446054,0.08645832219887037
0.25845154479233035,0.0865306575516717
0.2586112259938037,0.08655276548524725
0.25879738290562765,0.08657853899273125
0.25894104606517443,0.08659842922125663
0.2590912381144159,0.08661922337747269
0.25988957984912153,0.0867297541467717
0.26005794542770044,0.08675306443623147
0.2603458885061709,0.08679293028389305
0.26116860553178894,0.0869068358230924
0.26144443941248996,0.08694502514692111
0.2616685241523289,0.08697604977911282
0.26190292559322187,0.08700850276316766
0.26220932843970224,0.08705092437394488
0.262303014669064,0.08706389527419214
0.26234684196276115,0.08706996318255522
0.2623601476365614,0.08707180535902835
0.2624110157328928,0.08707884806965699
0.2625853517577814,0.08710298497007166
0.2629853735516612,0.08715836816587841
0.2635990121023921,0.08724292511825213
0.2636286861306551,0.08724698791884214
0.26411328303502474,0.0873133361938915
0.26476275242672587,0.08740225788003553
0.2654254043349939,0.08749298444199927
0.26546781225807714,0.08749879069564975
0.26575433050933717,0.08753801915866682
0.2662252676297767,0.08760249721314081
0.2665407979683902,0.08764569784753191
0.2668150745273843,0.08768325024708634
0.2670630498684733,0.08771720163222246
0.26733792757105457,0.08775483633696644
0.2691207885310421,0.08799893560438099
0.2691510306763743,0.08800307618835604
0.2693801106178562,0.08803444052194687
0.27005981560573855,0.08812750189539306
0.27037963614090976,0.08817128991930043
0.2704120531797911,0.08817572827743396
0.27080987983044547,0.08823019645872353
0.2708572104235919,0.08823667669659546
0.2714410265572764,0.08831660950893222
0.2714682089997814,0.08832033117565267
0.2719000536305614,0.08837945690692174
0.2727051389985448,0.0884896846548737
0.27297470777406485,0.08852659249126649
0.2731687159038718,0.08855315499020563
0.27353536628176983,0.08860335469206168
0.273977518009228,0.08866389161287652
0.2740597584748232,0.08867515151359463
0.2743686208700897,0.08871743921078946
0.2758038824108898,0.08891394712616836
0.2760953897660918,0.08895385866915895
0.27755553434900093,0.08915377343032455
0.2775707132029268,0.0891558516333963
0.2776475471933997,0.08916637131003281
0.2782884701988475,0.08925412287317214
0.2783333459271585,0.08926026700479611
0.27841477161364714,0.08927141535055422
0.27881112937241537,0.08932568241945123
0.2795570339675228,0.08942780746975695
0.2796005151467692,0.0894337606675882
0.27973962372037403,0.0894528066289223
0.27978195403171724,0.08945860225641103
0.2800328020779493,0.08949294695613345
0.2802345671122873,0.08952057148669255
0.2802597449857147,0.08952401869912058
0.2806515165967353,0.08957765785853354
0.28114063731515104,0.08964462550868804
0.2817479507936276,0.0897277754449501
0.2817768496203903,0.08973173210932286
0.2818629458589006,0.08974351992072216
0.28203886334377026,0.08976760555058665
0.28231803406199996,0.08980582803082086
0.28268124147482565,0.08985555634131732
0.28269721667769226,0.08985774357599466
0.28283676817052794,0.0898768501793318
0.2830157697674404,0.08990135806842299
0.28302751755080363,0.08990296650866429
0.2832584092882542,0.08993457890314073
0.28350147997052655,0.08996785877005366
0.2835783787561489,0.0899783873180766
0.28383785800750605,0.09001391375372529
0.284419404039613,0.09009353575655726
0.28460062499245115,0.09011834750734475
0.28477707517338285,0.09014250607094967
0.2849146684793725,0.09016134457038796
0.2850487721456272,0.09017970528803505
0.2852754707120156,0.09021074357717887
0.28541794803764736,0.09023025076904098
0.2854300407421192,0.09023190643393512
0.28567357779467467,0.09026525015363691
0.28577617622881984,0.09027929735259115
0.2861237426395109,0.09032688418528967
0.2867725351000003,0.09041571318983001
0.2869852059332497,0.09044483088086802
0.2870950187408853,0.09045986583115194
0.28712049345126467,0.0904633536848213
0.2872569975192996,0.09048204305194203
0.2872853985890433,0.09048593156623103
0.2873739755974688,0.09049805903065573
0.2875290126242479,0.09051928582596296
0.2875754856422213,0.09052564864947889
0.2879249379168094,0.09057349368402601
0.2884746203881763,0.09064875310782998
0.2885327291030405,0.09065670902533957
0.2886004760319716,0.09066598455276027
0.2889669202919664,0.09071615603411554
0.2902252456356983,0.09088843884330118
0.2904200053873284,0.0909151042500613
0.2914618311219227,0.0910577451538084
0.29294504713179403,0.09126081872463226
0.29311312528545486,0.09128383103748099
0.2931332441683917,0.09128658560146342
0.2932843050831901,0.09130726800994331
0.29424029993484646,0.09143815743327953
0.29436071713224643,0.09145464427680186
0.29450491235498144,0.0914743866734465
0.29461681875329404,0.09148970826635822
0.29481038530599674,0.0915162103070507
0.29494720858937934,0.09153494337933654
0.29497648474504595,0.09153895170545462
0.2952612127528972,0.09157793505844107
0.2954281200432396,0.09160078706328782
0.2955380915759658,0.09161584374531595
0.295639658501364,0.09162974971591022
0.29568874299867454,0.09163647008844841
0.29579919951726114,0.09165159317200527
0.29581266395680217,0.0916534366471286
0.2959404448959398,0.09167093169263861
0.2960402298875308,0.09168459369090602
0.29609254698122084,0.09169175665230882
0.29619558023377546,0.0917058633841474
0.2963199346009598,0.09172288928275123
0.2964799356118673,0.09174479571876874
0.29655379027210993,0.09175490748231338
0.2967701691715175,0.09178453286085647
0.2968438901159648,0.09179462631678861
0.297424738736111,0.09187415283390826
0.29750365134127277,0.09188495710274475
0.2983816105074075,0.09200516232013582
0.2984403925112463,0.09201321042057452
0.29859503264867576,0.09203438287603044
0.298889696406472,0.09207472657586231
0.29890428652019896,0.09207672417194643
0.2989664973776929,0.09208524173168907
0.2991061157593763,0.09210435749307003
0.2991790077969726,0.09211433745975106
0.2995103253981903,0.09215969959709877
0.3002209366564276,0.0922569924827725
0.30042952769777514,0.09228555159171306
0.30082496520849183,0.09233969266543698
0.30098760434048527,0.09236196029811475
0.3017960354636642,0.09247264612799824
0.30359725763610634,0.09271925930906598
0.3040043595516407,0.09277499740731097
0.30413428655160024,0.09279278627936509
0.3041478762508721,0.09279464690434432
0.30427966748963986,0.09281269101746185
0.30431378223779937,0.09281736181637479
0.30431883003288607,0.09281805293200879
0.30517673072230034,0.09293551185589588
0.30521793487047444,0.092941153295475
0.3059348090277691,0.09303930366196532
0.3060103025964543,0.09304963981561057
0.30601244121815785,0.09304993262363252
0.3062476779255662,0.09308213990689022
0.30670901516003346,0.09314530359911964
0.30701082803125396,0.09318662611524099
0.3070543261859614,0.0931925816372566
0.30707022689244223,0.09319475867230896
0.3074099860803336,0.09324127658409397
0.3074282028515279,0.09324377072166438
0.3074828784318406,0.09325125659375391
0.30766337174869857,0.09327596872072678
0.30810315006594263,0.09333618068760101
0.3082001322156964,0.09334945893657189
0.3085996868196698,0.09340416369948436
0.30873119473606625,0.09342216902170074
0.30893648992956035,0.09345027688174158
0.3091952632944771,0.09348570667140002
0.3093426235521931,0.09350588240678365
0.3093588387178846,0.09350810249581756
0.3095290553121465,0.09353140759189271
0.3095533240366918,0.09353473032878333
0.309801871534013,0.09356876005032383
0.30999561760737765,0.09359528666997291
0.31033711241428164,0.09364204221292435
0.3107515353662505,0.09369878266618778
0.3120303516298739,0.09387387097655746
0.31245062694538234,0.09393141270242976
0.31263648655583753,0.09395685955205645
0.31264077706225224,0.09395744698399652
0.31306218037503325,0.09401514314889357
0.31364288061899337,0.09409464935118264
0.31366349350783734,0.09409747155166774
0.31390678916290315,0.09413078222058674
0.3142486674922346,0.09417759027326589
0.31430573284443075,0.09418540333944349
0.3143619797214775,0.09419310434461978
0.3152516003935095,0.09431490618962814
0.3154683924317143,0.09434458813280527
0.3158076061282099,0.09439103135898494
0.3164319658960774,0.09447651517705037
0.31666901875447045,0.0945089711174579
0.3169983843843683,0.09455406600190149
0.3173697487178914,0.0946049111119753
0.318143316560798,0.09471082365815066
0.31815915340596623,0.09471299194967231
0.31837549952711075,0.09474261284040048
0.3188979685542721,0.094814146352906
0.3191122684302028,0.0948434870832802
0.3203767442335281,0.0950166119787052
0.3205644363198724,0.09504230972059556
0.3208364895380485,0.09507955771286467
0.3208847898493128,0.09508617071907222
0.32149469622670845,0.09516967566043047
0.3218235891111354,0.09521470581923042
0.32252953937818124,0.09531136054827795
0.3229135356923492,0.09536393515789804
0.3234696363510659,0.09544007332371578
0.32410426334343373,0.09551558764820282
0.3245141161123455,0.09556126356154468
0.3245234976874484,0.09556230908824086
0.3247929635910408,0.0955923396313887
0.3250765475125345,0.09562394355261553
0.32516689355854383,0.09563401213938938
0.3256702105226796,0.09569010414066673
0.32600162356211737,0.09572703836294834
0.3261977580756183,0.09574889651231695
0.3262194244412821,0.09575131111364589
0.32661415971985364,0.0957953022630161
0.3267820010370591,0.09581400728599353
0.3269095697660701,0.09582822414300514
0.3273365385464253,0.09587580754487635
0.327744603905395,0.09592128426087754
0.32786999099092945,0.09593525798531588
0.32801137397615593,0.09595101436778064
0.3283101281861629,0.0959843089370549
0.3284265540236975,0.09599728397801925
0.3285610447260813,0.0960122722521833
0.3290023396119787,0.09606145222239545
0.3297866136200711,0.09614885539335606
0.329976970997783,0.0961700697116378
0.33001354797227345,0.09617414602109293
0.3301398028329792,0.09618821645446318
0.33043201099485475,0.09622078150145563
0.3304524323736018,0.09622305735560797
0.330538145463374,0.09623260962402644
0.3305513816467282,0.09623408472633074
0.3307136984778956,0.09625217407469362
0.33080098004890945,0.0962619011420123
0.33091551791302315,0.09627466577837064
0.3312547058723407,0.0963124664741608
0.33132898930753235,0.09632074496830771
0.3316082950724134,0.09635187211171205
0.33204418411452535,0.09640044962935827
0.3321083953064181,0.09640760562550844
0.3328894426284136,0.09649464919944854
0.33372762942408596,0.09658806066411924
0.333853565543391,0.096602095575454
0.33442686847372266,0.09666598714079333
0.33446583136617125,0.09667032934812735
0.3351217170604274,0.09674342432370243
0.33538873797899715,0.09677318238626091
0.3353991973071466,0.0967743480228075
0.33555451709454903,0.09679165758782153
0.3355707479530655,0.09679346643076052
0.3358695607102531,0.09682676752480694
0.33661491798511706,0.09690983363263339
0.33665623487594676,0.096914438180579
0.33673995027946263,0.0969237678174789
0.33741322778936916,0.09699880101849677
0.33810437118377806,0.09707582527741201
0.33833301573482943,0.09710130649772347
0.33873819972661234,0.09714646210066183
0.3389410034831971,0.09716906350173508
0.33953435482970523,0.09723518935653004
0.3395637877594544,0.09723846950015864
0.3399276964092081,0.09727902518554445
0.34014288445022073,0.09730300674931329
0.3403074228531722,0.09732134368004712
0.34087131689695266,0.09738418667497449
0.3409772019808699,0.09739598700495648
0.34145235233625904,0.09744893998735238
0.34189187708628327,0.09749792268532707
0.3419183829154418,0.09750087661914801
0.3424293324835564,0.09755781923358295
0.34302427791305146,0.0976241227404566
0.343126522541254,0.09763551736099277
0.3438003265226184,0.09771060923445721
0.34384796683254243,0.0977159184938614
0.34391916569123127,0.097723853228347
0.344713557361908,0.0978123839590424
0.34591013113671454,0.09794573574824779
0.3461501222076462,0.09797248147791016
0.34632397982219654,0.09799185698525907
0.346332668254434,0.0979928252648659
0.3469436604337077,0.09806091709673795
0.34807594475869463,0.09818710416836303
0.34827945016058215,0.09820978376407712
0.3485233312823972,0.09823696301924063
0.3486460105582795,0.09825063497268113
0.3487772264302338,0.09826525828439471
0.34885008565633413,0.09827337805800596
0.3489510293431302,0.09828462769553493
0.3493744190071211,0.09833181222390501
0.349892310912556,0.0983895285249462
0.34997802554716917,0.09839908096552898
0.3502119749581101,0.09842515338428774
0.35097487826964474,0.09851017490467022
0.35098811889395054,0.09851165050189498
0.3512326279680986,0.09853889973900942
0.3516682173547013,0.09858744386164132
0.3526968730794019,0.09870208207639525
0.3530307716367869,0.09873929329644528
0.35316775300291,0.09875455914184895
0.3531883596963609,0.09875685564834034
0.3532516177722972,0.09876390542478154
0.353369456780987,0.09877703795616224
0.35341924413518866,0.09878258649224282
0.3541475727767266,0.09886375484936674
0.3542330629760805,0.0988732822778324
0.354277345167916,0.09887821729281895
0.3545196697735816,0.0989052230825282
0.3552268707882266,0.09898403687789657
0.3553057000891109,0.09899282198462049
0.3555569661897546,0.09902082425643435
0.35574771884609246,0.09904208262641866
0.3557629900153261,0.09904378451708636
0.35602799065070956,0.09907331742981855
0.3561122095575257,0.09908270317948586
0.3561606972318179,0.09908810687314638
0.3562425634080597,0.09909723042349247
0.35671968715531244,0.09915040332992593
0.3567954432446089,0.09915884594354792
0.35699494603278625,0.09918107946923187
0.35710116901410094,0.09919291745608337
0.3575963565392652,0.09924810347458318
0.35794625030970006,0.09928709727613699
0.358160067124657,0.09931092602404792
0.3584277079870557,0.09934075317605208
0.35915872445313113,0.09942222107693893
0.35917166598804184,0.09942366334223986
0.35933796526947026,0.09944219651352354
0.3595444879537,0.0994652123693223
0.35954528610291087,0.09946530131881087
0.35965026262727573,0.09947700039465841
0.3598343638868291,0.09949751750181325
0.3602325546809555,0.09954189375003118
0.3602703763351077,0.09954610877242101
0.36059130901089514,0.09958187501386119
0.36078455520762587,0.09960341127567285
0.3607937688701593,0.09960443808940538
0.3612880042058523,0.09965951799144805
0.3616499614098294,0.09969985619857107
0.3618556342968797,0.0997227773489896
0.36241978616757803,0.09978564907735699
0.36256649156129545,0.09980199861396742
0.3627153100920558,0.09981858364847317
0.3636399510440611,0.09992162996949285
0.3637455744661863,0.09993340113865845
0.3638032017347709,0.09993982339153965
0.3640460275625828,0.09996688503979378
0.3645714950226299,0.10002544559614378
0.3648268624774256,0.10005390494208538
0.36498228159586166,0.1000712255770153
0.36528207898839526,0.10010463640343921
0.36553523710759883,0.10013284953066834
0.3657874550338669,0.10016095787839052
0.36627596482411473,0.10021539969881602
0.3663181142022005,0.10022009702304294
0.3663397424466863,0.10022250737596915
0.36662230288906233,0.10025399723588654
0.36667744686019654,0.10026014273846184
0.3670443116529941,0.10030102787028244
0.36714239854619946,0.10031195913334533
0.3672978388607678,0.10032928213047157
0.36753826237862963,0.1003560760540465
0.36779592572807157,0.10038479126524714
0.36807283022105014,0.1004156507996571
0.3685159969936027,0.10046503938169067
0.36862578474271246,0.10047727464297156
0.36968537551080194,0.10059536040393778
0.3696855292460376,0.1005953775369129
0.36999479581208994,0.100629843652411
0.37111135018622665,0.10075427770459494
0.3713647486025876,0.10078251761166544
0.3716427271605262,0.10081349684490816
0.37165931721045486,0.10081534571782144
0.3723405455261378,0.10089126499389646
0.3730775063104451,0.1009733953574651
0.3730787291487425,0.10097353163629579
0.37320089354876934,0.10098714620955802
0.37333369121220733,0.10100194580352762
0.37357125151335147,0.10102842063681305
0.373583645427753,0.10102980187271803
0.3737922706185458,0.10105305204170156
0.3743969709773651,0.10112044268361554
0.374606318661291,0.10114377337061983
0.37467302554683773,0.10115120749856688
0.3752571519085032,0.10121630527781801
0.37533610242190074,0.10122510389303249
0.37541087689832664,0.10123343711111586
0.3758306413685962,0.10128021763090818
0.3765251205926308,0.10135761365031025
0.3767767764500327,0.10138565935844387
0.37746744703614343,0.10146263092538658
0.37793709079381155,0.10151497022672575
0.37804737494812524,0.10152726080972899
0.37850420356437464,0.10157817193165032
0.37850623245361864,0.10157839804057606
0.37920260560298313,0.1016560051278928
0.3794355903108,0.10168197003561433
0.37943957124374117,0.10168241368943794
0.37957834580386185,0.10169787937678453
0.3797037755001847,0.1017118578499688
0.3797912713120919,0.10172160879329673
0.37996338435561816,0.10174078987747476
0.3799987396069888,0.10174473003237984
0.38028218975571143,0.10177631904534212
0.3803040973936014,0.10177876053517868
0.38066650538959257,0.10181914898067639
0.3809401683672063,0.10184964726542273
0.380978675163771,0.10185393864329394
0.3813522962256752,0.10189557672540699
0.3815040403666183,0.10191248780362235
0.3815704262866652,0.10191988616166986
0.3816040019702112,0.10192362799319662
0.3816374635961327,0.10192735711360718
0.38167075508990667,0.10193106727369389
0.381984170237924,0.10196599572660849
0.38206503801128294,0.10197500801025826
0.38217125634190013,0.10198684547881426
0.38284435114513826,0.10206185831814478
0.38376952179578266,0.10216496367126324
0.3842218529645409,0.10221537357655888
0.38443718596087717,0.10223937129482832
0.3847224810411122,0.1022711659156046
0.3848718621563845,0.10228781364716487
0.3848811421594866,0.1022888478542013
0.38497369932138936,0.10229916285809272
0.3849918176808174,0.10230118205297903
0.38520182532068553,0.10232458628856639
0.38613690765052333,0.10242879624566523
0.38649826713513874,0.10246906784014138
0.3867265888680135,0.10249451308408232
0.387132746712265,0.1025397772177038
0.3871739355044156,0.10254436748973225
0.3871985681535089,0.10254711266758808
0.3873854567336551,0.10256794040681258
0.38746265243945627,0.10257654345804461
0.38784668659379024,0.10261934202397896
0.3880998923577894,0.10264756046096742
0.38827569029882086,0.10266715220739271
0.38854531481275734,0.10269720042682058
0.38893152863126107,0.10274024190474507
0.3890784840567896,0.1027566193060723
0.3892357018856194,0.10277414039771818
0.38982266608334226,0.1028395544387191
0.3900290312963772,0.10286255274518995
0.39023904074373494,0.10288595718221237
0.3903777775055036,0.1029014186571335
0.39060676949312645,0.10292693859740473
0.39137688439869267,0.1030127638116232
0.3918493927629691,0.10306542235814782
0.3919999288461946,0.10308219880474956
0.3923387655575653,0.10311996035582237
0.3932030501885868,0.10321628028557182
0.39343278495603207,0.10324188300470755
0.394324626053009,0.10334127395616637
0.39468869398628864,0.10338184739285482
0.3950585185022805,0.1034230623700989
0.39556500786069826,0.1034795079178625
0.3958743860788627,0.1035139864763952
0.39608639769136894,0.10353761404408496
0.39697732852796025,0.10363690355186053
0.39713548299224943,0.10365452902655152
0.3973860550102124,0.10368245394653866
0.3976562579464538,0.10371256662805897
0.39781283751547164,0.10373001658904023
0.3979242932698977,0.10374243774065067
0.39820329583333247,0.10377353109386483
0.39825852205736434,0.10377968576308856
0.3982726848942786,0.1037812641360084
0.3982951245799249,0.10378376491974038
0.39891652265517613,0.10385301643342738
0.39900653465698244,0.10386304779274977
0.3990267953715309,0.10386530574173088
0.3991935468900037,0.10388388931243017
0.3996857871318325,0.1039387468718626
0.39981516746238976,0.1039531656222406
0.40059233355409246,0.1040397766536875
0.40089811515790913,0.10407385438866178
0.40100995875711887,0.10408631876351257
0.4012119316904006,0.10410882757374328
0.40144941068761664,0.10413529334613793
0.40146545473511275,0.10413708136998133
0.4014781135001574,0.10413849212208318
0.40148636927762815,0.1041394121846152
0.4017832327958704,0.10417249604633845
0.4019049447539667,0.10418606019735159
0.4022536721110772,0.10422492400833816
0.40242064243171805,0.10424353196337649
0.40248517631784636,0.10425072392208456
0.40263026017280856,0.10426689274681682
0.4026437285809244,0.10426839372933691
0.4027683934280758,0.10428228696414506
0.4032332875185348,0.10433409694031116
0.4032446661307345,0.10433536502618053
0.403418485001353,0.1043547362157241
0.4035306821565122,0.10436723999250683
0.4037508459316559,0.10439177607540596
0.403791147186481,0.10439626743611545
0.40481003788068304,0.10450981739010679
0.4049354340257088,0.1045237921241773
0.4049398058423316,0.10452427933991024
0.40508966487300174,0.10454098033260222
0.40534965825086133,0.10456995521308941
0.40548918412953927,0.10458550463089702
0.40564563968587686,0.104602940771324
0.40571948680518094,0.10461117064038364
0.4060557796952603,0.10464864869609014
0.40653924777214834,0.10470252864435087
0.4066208022419579,0.10471161745667132
0.40698620303691174,0.10475233943371116
0.4081583556609948,0.10488296961543021
0.40831405400906007,0.10490032136901865
0.40835478551128546,0.10490486067851475
0.4099780332442375,0.10508576301322266
0.41007510792443963,0.10509658147052471
0.4101322644995786,0.10510295126712235
0.4106281500492007,0.10515821507673906
0.41070174827652683,0.10516641720811024
0.4107065243704095,0.10516694947839562
0.41105986255432536,0.10520632714153
0.4110927899197565,0.10520999672144771
0.41180582103918306,0.10528946025101572
0.41202312243082334,0.1053136773364827
0.41224563496935324,0.10533847517658111
0.41256033825246297,0.10537354718530724
0.41404275004584185,0.1055387541028817
0.4140689350410257,0.10554167228146093
0.41424014354028266,0.10556075255898642
0.4149308308388591,0.10563772598844465
0.41495624256372976,0.10564055799015624
0.4156394550686616,0.10571669839358006
0.41667173472119917,0.10583174047583564
0.4167565181387155,0.10584118913722101
0.4168210991837513,0.10584838635153875
0.41687715096101696,0.10585463302428381
0.41736204863957344,0.10590867229405428
0.4173638113854032,0.10590886874271065
0.4174920784762366,0.1059231634284366
0.41762933696959453,0.1059384601581981
0.41764786955284033,0.10594052551612797
0.4177933247402385,0.10595673572388709
0.41823097276714244,0.10600550927104196
0.41848120016471735,0.10603339578491798
0.41868332703768674,0.10605592175090894
0.4188194807738764,0.10607109536135416
0.41900424636628847,0.10609168650487617
0.419183771310123,0.10611169360596047
0.41969580675429563,0.10616875723551226
0.4203239768048289,0.10623876344986155
0.4203944595812454,0.10624661838078282
0.42122424751356535,0.10633909383676027
0.4216479257762736,0.1063863105279239
0.4225965959942648,0.10649203478295818
0.42288467423384496,0.10652413957205518
0.4231236583744472,0.10655077308468267
0.4236866241247184,0.10661351262623091
0.4238094668998613,0.1066272028007953
0.4238526224677771,0.10663201225953232
0.42438620491090473,0.10669147718762763
0.4246124299829097,0.1067166887698553
0.42506226301912736,0.10676682027155317
0.4251062491652968,0.10677172229382323
0.42521400123443276,0.10678373068938764
0.42529409146921504,0.10679265632049453
0.4255285972125329,0.10681879073954065
0.425566317319592,0.10682299444504655
0.42570629752795863,0.10683859449548391
0.4258333849905059,0.10685275771790537
0.4260237725733727,0.10687397540239112
0.4261303463494347,0.10688585248345324
0.42652216777469903,0.10692951889935515
0.42653408664390363,0.10693084719399708
0.4268038039410563,0.10696090575362145
0.426915632643555,0.1069733684683129
0.426948766813613,0.10697706109550739
0.42705272027183294,0.10698864615606914
0.4273319039375313,0.10701975969216834
0.42758291151384437,0.10704773315281924
0.4288574364231027,0.10718977218176576
0.429197497899569,0.10722767022640067
0.42969859346270534,0.10728351466434005
0.4297451019142374,0.10728869778414059
0.4304969699276713,0.1073724894791858
0.4307988678248173,0.1074061343956877
0.43123108604700777,0.10745430281995859
0.4325882817202565,0.10760555506628063
0.43322535342871904,0.10767655332310712
0.4333548630660037,0.1076909864840328
0.43336090800886745,0.10769166016079516
0.43359237898970826,0.10771745637168843
0.433850045993247,0.10774617199011875
0.4341826171894317,0.10778323528281589
0.4345985642940289,0.10782959037748761
0.4346057980838765,0.10783039654492935
0.43504983700737154,0.10787988232355131
0.4356088699165011,0.10794218357085147
0.43632018110499615,0.10802145542325597
0.4363737432405811,0.10802742463866448
0.43640207834422595,0.10803058243540703
0.4364042570793476,0.10803082524385965
0.4364874465613445,0.10804009626960075
0.43662385864542125,0.10805529867154524
0.43666262160518715,0.10805961859744409
0.43727937560465824,0.10812835255356171
0.43767673454005135,0.1081726360955439
0.4377024712109012,0.10817550431075826
0.43788481067850243,0.10819582507556134
0.43817297433361047,0.10822793938376507
0.4382134943494418,0.1082324551242263
0.43839985653961455,0.10825322420008524
0.439393355772208,0.10836394441059789
0.4394212065041405,0.10836704822668683
0.4400308017054792,0.10843498437279085
0.44018376811001647,0.1084520316657893
0.4402512032950788,0.10845954695884752
0.4415349302924966,0.10860261151162409
0.44189837163551404,0.1086431151181572
0.4419024919490335,0.10864357430520567
0.44220093777878766,0.1086768345071393
0.4422593318390843,0.10868334221488245
0.44239807401109843,0.10869880429274663
0.44274071037736235,0.10873698929516784
0.44298983563302474,0.10876475298118396
0.4442222150923654,0.10890209512367702
0.4444159599810785,0.10892368696206034
0.4444479343930692,0.10892725034038063
0.4446621104884221,0.10895111912818263
0.444894732664431,0.1089770436336605
0.44496513594207976,0.1089848897048665
0.44532148771650776,0.10902460321665078
0.4454222154400692,0.10903582878622473
0.4464091558355422,0.1091458180491907
0.44667369966677833,0.10917530005352788
0.44698757382331716,0.10921027966050324
0.4470924301367851,0.10922196533948504
0.4474773372432862,0.10926486119130004
0.4476029900663351,0.10927886453077233
0.4476994380211696,0.10928961314286224
0.44870511370778837,0.10940169035447643
0.45006651404847126,0.10955341118864244
0.45037969295771507,0.10958831331400098
0.4504951249281422,0.10960117759375715
0.45073838339724664,0.10962828745758453
0.45076828156246385,0.10963161944923407
0.4509646436010657,0.10965350295506616
0.4511190805010313,0.10967071412696663
0.4511373845929452,0.10967275402075158
0.45125390443194474,0.10968573953767974
0.45139765430832157,0.10970175969758672
0.45173295711701283,0.10973912741398327
0.4518500727966165,0.10975217933418073
0.4519064956612504,0.10975846736264121
0.4527123744970474,0.10984827827685219
0.45271441686623315,0.10984850588804583
0.4527653109319651,0.10985417776124594
0.45292585599520707,0.10987206965548779
0.4534595262300203,0.10993154436749998
0.45347205102945953,0.10993294018984696
0.45360659858714286,0.10994793480023211
0.4541146107784753,0.11000455005963243
0.45437162296206557,0.11003319270185889
0.4543809447519571,0.11003423156581098
0.4547908215058566,0.11007991015215221
0.4550212560201295,0.11010559085435376
0.4550284386735604,0.1101063913229136
0.45504450783316475,0.11010818214536795
0.45542314958761193,0.11015037975698747
0.4554560951058006,0.11015405135993356
0.4555598065642854,0.11016560945091067
0.4557356508484077,0.11018520636202721
0.4559028884518098,0.11020384410430907
0.4564013014435788,0.11025938958392341
0.4564650051371187,0.11026648902207875
0.4565501935822148,0.11027598282163577
0.4571493084973611,0.11034275099553069
0.45747390534985893,0.11037892558999564
0.45751240252959247,0.11038321589612211
0.4583970236614022,0.11048180222082636
0.45849249316010643,0.11049244178917964
0.45860818844123136,0.11050533541351394
0.4589452737414089,0.1105429017791154
0.4597523314294903,0.11063284407014964
0.46002938883308797,0.11066372064563562
0.46006685772790146,0.11066789635487152
0.46020599421504316,0.11068340237706151
0.46080526948643574,0.11075018842180802
0.46085946388549737,0.11075622809962142
0.46111557309498546,0.11078477011018216
0.46129980379720137,0.11080530164303393
0.46183988170646106,0.11086549045631604
0.4618477148379643,0.11086636341720069
0.4620667914322771,0.11089077833957302
0.46247779481782525,0.11093658248302514
0.4628261164828281,0.11097540108178192
0.4631315355132562,0.11100943840987859
0.4633773755148187,0.11103683597178148
0.4634078890162382,0.11104023653938112
0.4641831889801292,0.1111266396007991
0.4644571183335172,0.1111571675717101
0.46453050448154015,0.11116534606796981
0.46470048479084936,0.11118428947025165
0.46484404226675036,0.11120028818814792
0.46522000797387103,0.11124218756851208
0.4653578148291331,0.11125754541029408
0.4654345038785389,0.111266091997363
0.46621014792969895,0.11135253340547875
0.4663644049964058,0.11136972453591806
0.46649226838453595,0.11138397423112281
0.4665180163436437,0.11138684370435353
0.46678104328959397,0.11141615665988557
0.46691953455097374,0.11143159077509279
0.46708033615295647,0.11144951125921419
0.46710209583574885,0.11145193626024126
0.46756864328475883,0.11150393049443276
0.4677897202173251,0.1115285683438746
0.4685123714024303,0.11160910397864625
0.46972653328589853,0.11174441586910756
0.47127758501686795,0.11191727234300802
0.47129064382329383,0.11191872767759621
0.4714821484181513,0.11194006984713308
0.4719504386132256,0.11199225830111331
0.47232273966249194,0.11203374927483183
0.4725069668446843,0.1120542804153957
0.472536400739516,0.11205756066657765
0.47333437151153296,0.11214649026909985
0.47378278197493906,0.11219646323261669
0.4742001689574484,0.11224297879403093
0.4746246267434247,0.11229028235892079
0.475369495610983,0.1123732940363481
0.47557672806909146,0.11239638899267432
0.47560338046445244,0.11239935926051971
0.4756752989870639,0.11240737419772559
0.4757808015970222,0.11241913190301717
0.47604380900987103,0.11244844268168878
0.4760802653874374,0.11245250555125753
0.4761900686202296,0.11246474253811257
0.47640321436995015,0.11248849649936862
0.476408830560136,0.11248912239392318
0.4768376600277146,0.11253691315949872
0.4774681902729443,0.11260718240500601
0.47768558173441567,0.11263140952827706
0.4782352083749122,0.11269266249691832
0.47845519825441707,0.11271717920007251
0.47921399560951217,0.11280174313342682
0.4793952045032699,0.11282193790178233
0.4795468204082841,0.11283883468878485
0.4795759445615382,0.11284208042091375
0.4797220677140516,0.11285836506983572
0.48029317391073945,0.11292201182088284
0.481238477492438,0.11302736088219094
0.4814543633721065,0.11305142021636996
0.48152957919182393,0.1130598026198181
0.4817413587888201,0.11308340433061206
0.48194533913477966,0.11310613685631932
0.48215439299428664,0.11312943479815335
0.4822583831596502,0.11314102394953118
0.4824833816608181,0.11316609883695643
0.48248781812889374,0.11316659325775026
0.4825849331056586,0.11317741620589013
0.48292711194028703,0.11321555021884164
0.48309167709989465,0.11323389013146265
0.4832044680888667,0.11324646008786847
0.4833842402106337,0.11326649473561991
0.4842196076110842,0.11335959199367397
0.48430020091521614,0.11336857368918683
0.4843477394619057,0.11337387160761923
0.4845374759287097,0.11339501672867952
0.4846925173479849,0.11341229527104492
0.4848258020371812,0.11342714914144736
0.4851525707602501,0.11346356577934727
0.48527867206161385,0.11347761909934477
0.4853845992129863,0.1134894241175211
0.48541310795076453,0.11349260126486525
0.4855619245577582,0.11350918608497743
0.48564603916796995,0.11351856021134238
0.4857195794557331,0.11352675588565712
0.48622365741955537,0.11358293269630598
0.486233477929611,0.11358402713997037
0.48632885001319864,0.11359465585192653
0.48641338633652087,0.11360407697597685
0.4864835970764267,0.11361190158987451
0.4865979713345878,0.1136246479932187
0.48694005470690016,0.11366277136740234
0.4869726231088455,0.1136664009427469
0.48718498855504705,0.1136900679433219
0.48726976720128723,0.11369951607297385
0.48818633308899645,0.11380166247098467
0.48857875371698667,0.11384539566484646
0.4890522577610437,0.11389816517459204
0.4902001982349059,0.11402609704082033
0.4904010888703505,0.11404848523470788
0.49057787963596555,0.11406818762615765
0.4907085557217355,0.11408275078156907
0.4913102718443132,0.1141498088462107
0.4923772204282917,0.11426871459666198
0.49237731357514436,0.11426872497738377
0.49238313105098147,0.11426937330415465
0.49239428698376103,0.11427061657358585
0.4927858514535296,0.11431425435316309
0.49306708443837355,0.11434559627499198
0.49310168687660805,0.1143494525328731
0.4933342092652673,0.11437536591758103
0.4934927640225381,0.11439303600279789
0.4935802284539785,0.11440278344893953
0.4936075701450857,0.1144058305351333
0.4936521460637188,0.11441079828441074
0.49402011284217084,0.11445180622667715
0.49407702711955853,0.1144581490204779
0.49449528397869114,0.11450476152501968
0.49502229601138736,0.11456349421578428
0.49561937008499224,0.11463003494873342
0.49563082222649,0.1146313112290524
0.4963085687193055,0.11470684247446952
0.4964733217880827,0.114725203328569
0.4964826190716023,0.11472623946141614
0.4966640686749978,0.11474646105558182
0.49675875288714383,0.11475701310792072
0.49736121525903454,0.11482415433808314
0.4976272478965842,0.11485380226197314
0.4976739905721479,0.11485901148479742
0.4977639054396965,0.11486903201902295
0.4985111323666768,0.11495230648964333
0.49871997052308376,0.11497558039251299
0.4992313945132505,0.11503257587876477
0.49925076941137725,0.11503473510821244
0.49932866229098427,0.11504341585576071
0.49934147230191345,0.11504484346341276
0.4994353729189671,0.11505530818824229
0.4994694539180905,0.11505910633450511
0.501461310290112,0.11528108814343463
0.5017225832792146,0.11531020562979566
0.501952866539202,0.11533586947551076
0.5021046830472421,0.11535278861865457
0.5021194299531095,0.11535443208295579
0.5022671407905788,0.11537089367092992
0.5025058408557548,0.11539749552486059
0.5033678592117392,0.11549356289029901
0.5038907397035884,0.11555183514278924
0.5039166045184417,0.11555471763897189
0.5040258953403458,0.11556689752035616
0.5043606134829447,0.11560420007882337
0.5048606670670557,0.11565992839373689
0.5049209577776724,0.1156666474730804
0.5052541438319123,0.11570377928844071
0.50551387241131,0.11573272465854634
0.5055355183713769,0.11573513698577996
0.5057985106970287,0.11576444608306365
0.5058958456560618,0.11577529354705844
0.5063936025190311,0.11583076590460442
0.5069481789776499,0.11589257050417452
0.5073375017834266,0.11593595846221094
0.5076921652449682,0.1159754838204948
0.5078154638191901,0.11598922479144465
0.5079182638844798,0.1160006813124929
0.5080476936802334,0.11601510557550415
0.5083035768231459,0.11604362239214626
0.5085251205659911,0.11606831226511329
0.5085432807527877,0.11607033612143756
0.5088175595418056,0.1161009030350928
0.5097605881042313,0.11620599855759124
0.5098216488826406,0.11621280345689843
0.5103239404249494,0.11626878118036174
0.5104419737051427,0.11628193536226927
0.5105527190993991,0.1162942773480133
0.5107524942225343,0.11631654122398122
0.5108330400226117,0.11632551762541962
0.5109005446113397,0.1163330406531476
0.5115844352945973,0.11640925663594234
0.5118171305660071,0.11643518928751424
0.5118652956603057,0.11644055703134851
0.5121021991133818,0.11646695866240693
0.5127253110064853,0.11653640117198721
0.5130076858314718,0.11656787034583281
0.5134870287746062,0.11662129056985555
0.5137983040971867,0.11665598055059526
0.513819933869704,0.11665839107381243
0.514015931464432,0.11668023396431133
0.5146309852022409,0.11674877843530104
0.5146600474728007,0.1167520172709325
0.515189549749629,0.11681102748617375
0.5154325520031735,0.1168381087961384
0.5157430518926082,0.11687271235897417
0.5157607414079862,0.11687468376146976
0.5158385406070044,0.11688335406881417
0.5158451844634586,0.11688409449131389
0.5160618277478396,0.11690823823422367
0.5174674958967891,0.11706489248040393
0.5176332065594214,0.11708336005325046
0.5179753040179569,0.11712148499726878
0.5180956544525439,0.11713489741372125
0.5183387318452426,0.11716198709754537
0.5184362025745409,0.11717284969241479
0.5185534049498032,0.11718591127438273
0.5185935370995358,0.11719038378922818
0.5186705581297979,0.11719896737379952
0.5186792450544346,0.1171999354853923
0.5191711945605545,0.11725476064387481
0.5192848538845449,0.11726742737160449
0.519358453355696,0.11727562964159341
0.5196922091364651,0.1173128249499482
0.5202132422331567,0.11737089132006422
0.5202960662803816,0.11738012162004174
0.5204581874533931,0.1173981891633427
0.5220060207990618,0.11757068696530235
0.5220114779003681,0.11757129513024661
0.5220246453400628,0.11757276257143537
0.5229116588813565,0.11767161551746451
0.5231696279431457,0.1177003647986819
0.5237347247391464,0.1177633418339534
0.5237389057080167,0.11776380778071839
0.5239718321914647,0.11778976619964339
0.5242677297235769,0.11782274240734525
0.524547187551956,0.11785388649741844
0.5246519442227651,0.11786556107175535
0.5255174562454239,0.11796201778778106
0.5257715154092342,0.11799033133164391
0.5261304888141702,0.11803033701021823
0.5267526750303337,0.11809967635802211
0.527210780169285,0.11815072974161578
0.5275320449747345,0.11818653299714206
0.5278348978370132,0.11822028433943381
0.5280097442561454,0.11823977004379936
0.5283690353636634,0.11827981112863832
0.5284256176163582,0.11828611692005124
0.5284860528934676,0.11829285211056212
0.528744278191613,0.11832162994795983
0.5291322058500897,0.11836486242424277
0.5292520891586884,0.118378222781986
0.529297279332564,0.11838325898674634
0.5294516241172402,0.11840045989288722
0.5296236825132316,0.11841963488688786
0.5299171751986763,0.11845234308720679
0.5303353900679646,0.11849895091220354
0.5304370639793332,0.1185102819293811
0.5306129342300021,0.11852988173433122
0.5308887539753838,0.11856062037938533
0.5312855778389864,0.11860484429045959
0.5314025225593131,0.11861787715815397
0.5314055721293093,0.11861821701652617
0.5315672497342666,0.11863623512652444
0.5320328270156148,0.11868812124068501
0.5323247546979414,0.11872065502972204
0.5328824694384275,0.11878280937413098
0.533144904276809,0.11881205634242063
0.5340495117961499,0.11891287004381759
0.5346399770054386,0.1189786742539549
0.5348418860717994,0.11900117594655665
0.5350600880280644,0.11902549339516591
0.5351374282928502,0.11903411255672863
0.5352136152470182,0.11904260318795115
0.535430714800751,0.11906679777965579
0.5354773002992345,0.1190719894859297
0.5355235274973412,0.11907714126153038
0.5357011745484701,0.11909693908145076
0.5357251419552623,0.1190996101215869
0.5359908545403577,0.11912922237733149
0.5365847776517936,0.11919541195228957
0.5368288721379665,0.11922261498577705
0.5368448127300616,0.11922439148006568
0.5373361184132012,0.119279144887898
0.5375144302826833,0.11929901679829133
0.5375600981083296,0.11930410623480356
0.5381095873809069,0.11936534389452014
0.5381874766615578,0.11937402424098384
0.5382993360800934,0.1193864903788144
0.5388032062823717,0.11944264403554312
0.5390678404970486,0.11947213611263452
0.5396744659735296,0.11953974129868279
0.5396997206657773,0.11954255579994298
0.5398183064289099,0.11955577155313847
0.539984929701768,0.1195743408315454
0.5403837389251288,0.11961878600041546
0.5414036548010724,0.11973245020546462
0.5417844300142023,0.11977488557971822
0.54183829480978,0.11978088852497465
0.5425446169607498,0.11985960437565624
0.542771100370391,0.11988484474824078
0.5430810690331875,0.1199193891086904
0.5431369940202122,0.11992562165133677
0.543813278486097,0.12000098996162097
0.5453177223174512,0.1201686522327605
0.5458754062240985,0.12023080314090194
0.5458920138743893,0.1202326539752821
0.546210094457488,0.1202681023661467
0.546512436750528,0.12030179680820975
0.5470355019256126,0.12036008964266516
0.547960358520152,0.12046315999589949
0.5482515358880946,0.12049561016638526
0.5484121411588828,0.12051350877043825
0.5489481088535269,0.12057323952214098
0.5490952308684365,0.1205896354889696
0.5512274797601917,0.12082726329824757
0.551313106288171,0.12083680591981419
0.5514722157939915,0.12085453782880923
0.5518382934650242,0.12089533524009145
0.5521483573866848,0.12092989021663537
0.553320545753905,0.12106052438173716
0.5533432012703052,0.12106304921865979
0.5536313761962707,0.1210951647829407
0.5536994271043663,0.12110274869505937
0.5543970482025691,0.12118049485964312
0.5544719305008471,0.12118884009389902
0.5546442962739325,0.12120804934344354
0.5552037204371217,0.12127039419392971
0.5552584279568079,0.12127649105631026
0.5553349072606937,0.12128501426835545
0.5554716071978915,0.12130024875000074
0.5555183478409021,0.12130545774630784
0.5556837356341191,0.12132388933707348
0.5561247200384132,0.12137303470576068
0.5563886942465853,0.12140245322863404
0.5566675995998627,0.12143353574829274
0.5569096429402978,0.12146051019248648
0.5570170716039016,0.12147248254622274
0.5574207075024001,0.1215174656223904
0.5574662406734697,0.1215225400523655
0.5577926734601689,0.12155891925194197
0.5578808604413893,0.1215687472224173
0.5583496469335748,0.12162099098607351
0.5587000820131015,0.12166004511364935
0.5587667132762711,0.12166747081388435
0.5592626747125884,0.12172274308066992
0.5592805483005238,0.12172473499707395
0.5596178878717124,0.12176232969982859
0.5597327595071839,0.12177513153323123
0.5597803473568786,0.12178043494622157
0.5603428062849363,0.1218431180051271
0.5607519513706559,0.12188871505093744
0.5611279803328024,0.12193062148073812
0.5614594648363986,0.12196756366732046
0.5616350838204518,0.12198713546994139
0.5618927184384469,0.12201584747917495
0.5622537844458144,0.1220560863671712
0.5623641719854086,0.12206838847191459
0.5631786518449693,0.12215915792452249
0.5631985984708786,0.12216138086999365
0.5635341429542189,0.12219877551974574
0.5645941445100874,0.12231690706082715
0.56530722136641,0.12239637568752923
0.56540104491315,0.12240683182328184
0.566197331566043,0.12249557373967623
0.5662495110405238,0.1225013888648514
0.5663306343853659,0.12251042963058506
0.5667263336046418,0.12255452820602483
0.5672676170859428,0.12261485137390515
0.5674398443447011,0.12263404518676391
0.5677739019331098,0.12267127412997648
0.5678592416211167,0.12268078478475229
0.5680270229644769,0.12269948312396328
0.5681238740416819,0.12271027666189942
0.568541631857182,0.12275683355068004
0.5687209883669422,0.12277682188068169
0.5693401619857046,0.12284582549051268
0.5695491696135324,0.12286911828007166
0.5697737675082549,0.1228941485220372
0.5697774637983485,0.12289456045392788
0.5700212534758706,0.12292172951811085
0.5704428153797629,0.12296871035232974
0.570687707319785,0.12299600225781149
0.5707125193660443,0.12299876742852821
0.5711325621426939,0.12304557896408778
0.5718054393308218,0.12312056755137055
0.5728426188099066,0.1232361556932596
0.5729274588711704,0.12324561066728963
0.5729401812557878,0.12324702850945482
0.5732135579565173,0.12327749489016357
0.5733927170918307,0.12329746122383187
0.5739033107423284,0.12335436417313957
0.5741631300914497,0.1233833196590486
0.5747999770658323,0.12345429287045605
0.5753141542940421,0.12351159519045844
0.5754133696128194,0.12352265221055539
0.5755295390872257,0.12353559868121129
0.5758629991749392,0.12357276103614619
0.5759667536414358,0.12358432392013767
0.5760993611116928,0.12359910231808782
0.5762032960038269,0.12361068530955796
0.5764579715043776,0.1236390675408756
0.5768016430494962,0.12367736790847975
0.5778730524367005,0.12379677079174803
0.5779580839935018,0.1238062471069382
0.5781831890179573,0.12383133386581782
0.578195057838044,0.12383265658275147
0.5784672398366555,0.12386298982025719
0.5786791845765609,0.12388660993535094
0.5791851524689091,0.12394299736849183
0.5793038354484101,0.12395622395593504
0.5793464899369559,0.12396097757203878
0.5794096709259784,0.12396801875755306
0.5794115284829136,0.12396822577240331
0.579441560867346,0.1239715727220712
0.5797034517703414,0.12400075907165226
0.5802424446742394,0.12406082696685196
0.5808267207062796,0.12412594142607114
0.5808374958199067,0.12412714225523128
0.5809488829576552,0.12413955575987759
0.5812266798391049,0.12417051474624098
0.5817712903178912,0.12423120869031298
0.5820360646973217,0.1242607163880214
0.5828404225176039,0.12435035779313519
0.5833130993198197,0.12440303511117314
0.5834563336768862,0.12441899781919219
0.5835699748403281,0.12443166252302526
0.5837734032535858,0.12445433353876563
0.5839866095199623,0.12447809424428141
0.5843409233368302,0.12451758063652427
0.584384582215981,0.12452244618662407
0.5844312072893966,0.12452764230331385
0.5845192968063151,0.1245374594119106
0.5845614630378919,0.1245421586143695
0.5846081625589907,0.12454736302785796
0.5846194883395415,0.1245486252259208
0.5848585617135269,0.12457526868313469
0.5848612676119663,0.12457557024113797
0.5859883881029818,0.12470118183090498
0.5863838900585422,0.12474525842235186
0.5866245207843475,0.1247720754381511
0.5866628429135506,0.12477634623582605
0.5871037727578666,0.12482548552409357
0.5876255017087686,0.12488362944346394
0.5887419215669437,0.12500804850455874
0.5888171984408841,0.12501643771217558
0.5895578677792028,0.1250989813743834
0.5903082060602053,0.12518260258887734
0.5904132351587773,0.12519430752384092
0.5909408306546643,0.12525310523847796
0.5910322637356457,0.12526329496952346
0.5912658123718468,0.12528932272406704
0.5913135918017858,0.12529464748765762
0.593337696296379,0.12552022317849731
0.5936681890798381,0.12555705484313984
0.5936753274425803,0.12555785037573775
0.5938384189745374,0.12557602606038723
0.594141519481213,0.12560980500133118
0.5954073031409675,0.12575086986446715
0.5956834907904012,0.12578164951047296
0.5961450197412191,0.1258330844597068
0.5968467912548163,0.12591129316603303
0.5970324334788764,0.12593198200549424
0.5984732760861824,0.1260925562581588
0.5997451993611302,0.1262343053487852
0.5999575445763784,0.12625797009472794
0.5999644157565195,0.12625873585124464
0.6005951112072405,0.12632902350802616
0.6006137246470804,0.12633109787699376
0.6008251530083248,0.1263546604444295
0.6009375587340364,0.12636718746529205
0.6010645460430618,0.12638133952613564
0.6011669519421596,0.12639275211945614
0.6012247075791975,0.1263991886783194
0.6012533808200342,0.12640238415865526
0.60208616772947,0.1264951938346972
0.6022966653059437,0.12651865267111595
0.6028853746344468,0.1265842611976696
0.6036287513328814,0.1266671065807768
0.6036919310590052,0.1266741476255477
0.604119072172409,0.12672175023302149
0.6043070932171348,0.12674270417940603
0.604975632917113,0.12681720937668178
0.6051803661469181,0.12684002580729312
0.6053037385850575,0.12685377500998415
0.6054925409196708,0.12687481602697526
0.606057030727494,0.1269377254166396
0.6063256174652167,0.1269676579814227
0.6072479200056486,0.12707044369889767
0.6073117245116381,0.12707755437206483
0.6090504683697793,0.1272713281362362
0.6090754455397662,0.12727411170911504
0.6091215017191471,0.12727924442558744
0.6092399513365474,0.1272924450060644
0.6094736092718449,0.1273184849414115
0.6101572132114771,0.1273946689681528
0.6105026960876283,0.127433171198976
0.611662382138231,0.12756241204732185
0.6119067468680239,0.12758964519802485
0.6124458645070273,0.12764972699428925
0.6132004792472534,0.12773382479744072
0.6133372893796089,0.12774907155975088
0.613513698955841,0.12776873146966933
0.6136134020700866,0.12777984285197935
0.6137973594730102,0.12780034392707723
0.6144944964865536,0.1278780361429979
0.6146484802477934,0.1278951968149951
0.615359093068691,0.12797439083804169
0.6154070991915165,0.12797974086534997
0.6156041546712607,0.12800170165151284
0.6156082860748648,0.12800216207449225
0.6156947392374859,0.12801179682009736
0.6157461736536125,0.12801752891247778
0.6171838909198557,0.12817775486248745
0.6175818970471378,0.1282221105305668
0.6176979996360572,0.12823504954719053
0.6179338575408664,0.12826133465745015
0.6182169285310981,0.12829288141521328
0.6183997328546563,0.12831325398574275
0.6184959598254245,0.1283239779703327
0.618576268464601,0.12833292794144882
0.618648857774512,0.12834101763433498
0.6187520146722756,0.12835251392246635
0.618963053040656,0.1283760330272696
0.6190768234562133,0.1283887121355642
0.6190822854840702,0.12838932084954632
0.6193440766038987,0.12841849607882366
0.6195403702899648,0.1284403719671289
0.619783563985305,0.12846747461226443
0.6202551810828335,0.12852003383184574
0.6209725386932986,0.12859997952585117
0.6210877928682011,0.1286128239912408
0.6215474880146791,0.1286640545727248
0.621912731955612,0.1287047590692175
0.6234072434634393,0.12887131443567532
0.623511793338508,0.1288829659637258
0.6236723731086993,0.12890086172587273
0.6237166357516712,0.12890579456224233
0.6237853416483995,0.12891345146936378
0.6238559417928531,0.12892131948032914
0.6242884359953494,0.12896951866113865
0.6247904121873233,0.1290254612404828
0.6248937925434189,0.12903698243185796
0.6254541870820665,0.12909943542553284
0.6258127206394591,0.12913939208543562
0.6262356345737454,0.12918652359625787
0.6264144061829842,0.12920644674220433
0.6268435933143386,0.1292542773675072
0.6272376756725924,0.1292981957523773
0.6274238023374874,0.12931893858019547
0.6274293216560184,0.12931955367891884
0.6286898805193405,0.12946003626625438
0.628819267538267,0.1294744557620156
0.6291524285021667,0.1295115847811909
0.6291529035125795,0.12951163771857743
0.6295088921910376,0.12955131076524506
0.6295705051710924,0.12955817720449156
0.6296691696440659,0.12956917283575062
0.6299284378961761,0.12959806690482598
0.6302323080033166,0.1296319316136524
0.6304387009484966,0.1296549330107235
0.6305036893406393,0.12966217562171187
0.6307981318025343,0.12969498966956952
0.6310930205211543,0.129727853450368
0.6315184924765832,0.1297752700390546
0.6321474131086389,0.1298453599017263
0.6326997866473322,0.12990691899757595
0.6341751410154579,0.13007133940260554
0.6343529873004106,0.13009115942607702
0.6349773160221334,0.13016073754474125
0.6361664745182064,0.13029326294053284
0.636594668556977,0.13034098289094406
0.6376654902728258,0.1304603202813624
0.6376715524923483,0.13046099588351656
0.6382124278530993,0.13052127356853013
0.638258066153168,0.1305263597145736
0.63828401737516,0.1305292518403727
0.6383968633859805,0.1305418279286712
0.6389466242591874,0.13060309585683474
0.6392577678428306,0.1306377711559698
0.6393271724065263,0.1306455059258124
0.6393284373544545,0.13064564689753771
0.6394444091744633,0.13065857134066125
0.6394951168160988,0.13066422243788636
0.6401001988564363,0.1307316556161775
0.6401251439951897,0.13073443561934558
0.6403639341641666,0.13076104751486606
0.6405168198393729,0.13077808581100947
0.6408596813713695,0.13081629590695515
0.6408811696054023,0.13081869065646037
0.6412308410713439,0.1308576596833596
0.6414278006076333,0.13087960977713423
0.6415634984070755,0.1308947325758516
0.6417208837733166,0.1309122723386517
0.6419689771708921,0.1309399210295668
0.6421726027895736,0.13096261402280376
0.6436584647791909,0.13112820544641637
0.6440234809521287,0.13116888455937628
0.6440783454527356,0.13117499891644627
0.6442702951666838,0.13119639069214067
0.6443074232948479,0.13120052842474417
0.6447432733000876,0.13124910159193837
0.6448228698088307,0.1312579721999016
0.6452299873152179,0.13130334328276888
0.6454094324604784,0.13132334149072608
0.6454609568151848,0.13132908360628337
0.6456126719313678,0.13134599144984346
0.6462070214720865,0.1314122285480792
0.6462231521719893,0.13141402622887288
0.646261638725636,0.13141831535077844
0.6467326978539599,0.13147081238765665
0.6472324540605676,0.1315265075614276
0.6472382900620994,0.13152715795278871
0.6473543083308007,0.1315400875723722
0.6477463055129422,0.13158377357544418
0.6479490080912654,0.1316063637007378
0.6481969326699992,0.13163399357769004
0.6482744614240366,0.13164263374537827
0.6484555821879998,0.13166281869213647
0.6487501252493181,0.13169564395126532
0.6489865878393415,0.1317219964504791
0.6495635133298547,0.13178629173090217
0.6498945895194372,0.1318231884130573
0.6502302102728488,0.13186059156270355
0.6506310544558304,0.13190526351701057
0.6508723739519715,0.13193215729260394
0.651853163015662,0.13204146102232783
0.6519949177921311,0.13205725883895109
0.6520079728937292,0.1320587137606559
0.6521048560715869,0.1320695108760392
0.6521618246246149,0.13207585971857166
0.6523277234381765,0.13209434825983946
0.6527953424609664,0.13214646191523494
0.6531803766602361,0.13218937193086364
0.6535407780543641,0.13222953675124577
0.6536219737126612,0.13223858557592977
0.6547092334892779,0.13235975490087695
0.654751364457073,0.13236445017337478
0.6547570146285264,0.13236507985496104
0.6547694026088022,0.13236646042953923
0.655392196504704,0.13243586750002104
0.655723463604708,0.13247278545812818
0.6558583147500361,0.1324878139017432
0.6562809853837781,0.13253491829801262
0.6573783305153755,0.13265721158218385
0.6574067181642823,0.1326603752348167
0.6574241453595003,0.1326623174031243
0.6575272465753611,0.1326738074858035
0.6577872062254176,0.1327027786075063
0.6582023361115505,0.13274904262752243
0.6584817175435798,0.13278017820362834
0.6586605561055965,0.1328001088111061
0.658896264823745,0.13282637729530508
0.6589585484775975,0.13283331847758265
0.6594843038525355,0.13289191112051743
0.6596640244010736,0.13291194002070653
0.65993198013898,0.13294180226391286
0.6600991476877338,0.13296043219897644
0.6603622723500999,0.1329897560444838
0.6603962537858099,0.13299354309493325
0.6605228101171011,0.1330076471255984
0.6608932676414705,0.13304893264826265
0.6609163317658189,0.13305150302237004
0.661643478938603,0.13313253971107908
0.662223868330214,0.13319722102487408
0.6623630597172145,0.13321273316536159
0.6630281975880263,0.13328685924685232
0.6631265100298234,0.1332978156461073
0.6636416152193717,0.13335522138247016
0.6639376373206695,0.13338821147274582
0.6645797994760988,0.1334597770328387
0.664904121531033,0.13349592100257532
0.665047821278051,0.13351193557583163
0.665102931970761,0.1335180773697034
0.6656265169871678,0.13357642813771206
0.6659233832862769,0.13360951230934812
0.6660436655645301,0.1336229171301394
0.6667749112902569,0.1337044105807962
0.66721331712516,0.13375326858162598
0.6673417435455375,0.13376758102378308
0.6674399094068814,0.13377852108742536
0.6674437159998404,0.1337789453119843
0.6679183005392717,0.13383183523719816
0.6681968515527628,0.13386287826757043
0.6685260544467604,0.13389956618088633
0.6685685493685283,0.1339043020141205
0.6687387802916838,0.13392327334598392
0.6688174366736447,0.13393203918181262
0.6698652894748323,0.1340488168087373
0.6701473972409384,0.1340802562202897
0.6705293363094041,0.1341228213000364
0.6707998170075502,0.13415296493664508
0.6712671256971312,0.13420504400705333
0.6720645650138651,0.13429391438170818
0.6721603082677904,0.13430458445862617
0.6722454218326599,0.13431406991317982
0.6722903742513885,0.13431907962139236
0.6722940860449608,0.13431949328106335
0.6729872646543305,0.1343967443538719
0.6734725482052468,0.1344508266270665
0.6739033652675234,0.13449883889951003
0.6743475286073648,0.13454833854367268
0.6744305540475664,0.13455759128782732
0.6744702614708955,0.1345620164691719
0.6746185239228153,0.13457853953164559
0.6748406543179164,0.13460329478388933
0.6749120071910875,0.13461124668247065
0.6752888512074615,0.13465324394573425
0.6752953866929237,0.13465397229086265
0.6753985286627413,0.13466546691535378
0.6755997128380071,0.1346878878226947
0.6759476069718467,0.13472665877537504
0.6760996470709528,0.1347436028365551
0.6762310967265173,0.13475825220220977
0.676742014271095,0.13481519124779168
0.6767901571192553,0.13482055651241207
0.6770993368429197,0.13485501294978747
0.677539635696635,0.13490408191750528
0.6775779879004248,0.13490835606683318
0.6776454063621178,0.13491586949616075
0.6783984786190558,0.13499979539774576
0.6784126292687773,0.1350013724124677
0.678929684947597,0.13505899552049594
0.6791347818020566,0.13508185247514298
0.6795810008465096,0.1351315812166616
0.6797615856181081,0.13515170642991875
0.6801715497766596,0.13519739475704404
0.6803292058701101,0.13521496469095315
0.6807500841450077,0.13526186933835307
0.6808247092663484,0.13527018591160578
0.6808559138928846,0.1352736635014274
0.6809812840714432,0.13528763534167312
0.6810145718116475,0.13529134508344443
0.6811064062666605,0.1353015795454931
0.682444837052866,0.13545074054486134
0.6825653246712154,0.1354641682497153
0.682622011077957,0.13547048564854328
0.6831656937252938,0.13553107619073032
0.6840329819490162,0.13562773085492666
0.6841281547301279,0.13563833735568082
0.6845530774028027,0.13568569272972306
0.6847568281151979,0.1357083996639898
0.6852597117471269,0.13576444337269522
0.6853891499957656,0.13577886857773563
0.6855443207541589,0.13579616153425847
0.6858079603334791,0.13582554276452433
0.6869447207237114,0.13595222866983744
0.6871889362468431,0.13597944519225086
0.687462216001756,0.1360099007688635
0.687686690588577,0.13603491726881856
0.6877632025819334,0.13604344412393146
0.6881819609019045,0.13609011251361927
0.6885026137900766,0.1361258475742163
0.689735218314501,0.13626321479901718
0.6898331280264209,0.13627412631616717
0.6900847461656585,0.13630216782081184
0.6913408531435492,0.13644215426917114
0.6924590891275912,0.13656677572784381
0.6925680638714636,0.1365789203840109
0.6931089941474801,0.13663920418903897
0.6932051257225416,0.13664991754228425
0.6939715885430584,0.13673533575102934
0.6939915764121604,0.1367375632928352
0.6945491848634161,0.1367997057918742
0.6946384037927129,0.13680964876747936
0.6952437666328042,0.13687711323941104
0.6953638555952603,0.13689049651618387
0.6955883611591965,0.13691551646837388
0.6956465322146308,0.13692199932341004
0.6957356149392615,0.1369319271197289
0.6961956538233218,0.13698319600894
0.6963678858053314,0.13700239034818004
0.6965384451158526,0.1370213982770704
0.6969328785362741,0.13706535578595375
0.6970826591548297,0.1370820480400322
0.6973976163545831,0.13711714834641908
0.6976194749014414,0.13714187330262068
0.6980846605046155,0.1371937157663299
0.6981267711037045,0.13719840876884362
0.6983486586733669,0.13722313695948257
0.6985794247503653,0.13724885461258804
0.6994360948562997,0.13734432594397633
0.7007913076816159,0.13749535721243214
0.7014753876520903,0.13757159429028143
0.7019881945325271,0.1376287438923059
0.7021032382028027,0.1376415648980733
0.7025629679879384,0.1376927993398517
0.7025745138089404,0.13769408606025363
0.7028396529127106,0.13772363440455174
0.7032589291884673,0.1377703605176596
0.7040119267716306,0.1378542780972492
0.7040198033397195,0.13785515589891056
0.704821895108483,0.1379445447646232
0.7050580331770825,0.13797086109764858
0.7052309477896958,0.13799013151244227
0.7053875576708029,0.1380075848515448
0.7053930587886282,0.1380081979218962
0.7055485664861185,0.13802552842849106
0.7055649294016436,0.13802735198848198
0.705652641468549,0.13803712703228035
0.7066799221702821,0.13815161200803078
0.7071592084973741,0.1382050259224964
0.707729308844721,0.13826856057697906
0.7079571156979007,0.13829394844031384
0.7088042032388435,0.13838835184575082
0.7094352619611831,0.13845867998722391
0.7095115905489054,0.13846718640275352
0.7096423777296277,0.13848176193910708
0.7102680172248284,0.13855148613651067
0.7106104299834421,0.13858964621904737
0.7107447716306893,0.13860461788180853
0.7108402095943005,0.13861525393574323
0.7122573144551082,0.13877318274269107
0.7125558083293743,0.13880644829893032
0.7130080862568422,0.1388568522707671
0.713128303999222,0.13887024989937816
0.7132085436246265,0.13887919217927605
0.713214882949012,0.1388798986632948
0.7132357444494514,0.13888222356667118
0.713358769643383,0.13889593407084025
0.7138871155687859,0.1389548154168594
0.7139282050413164,0.13895939462024393
0.7142330010667415,0.13899336251774339
0.7146509702515692,0.13903994296251243
0.7146924632050483,0.13904456713170482
0.7150518076223888,0.13908461415764023
0.7154756852320389,0.13913185306496131
0.7154971866495282,0.13913424928369264
0.7159637835098557,0.13918624902451293
0.7165171236617615,0.13924791584426902
0.7165255487663333,0.13924885477740673
0.7170428137870783,0.13930650121548016
0.7172589258781955,0.1393305857597232
0.7177043238391477,0.13938022299584846
0.7178930105435752,0.1394012511264698
0.7183375069677131,0.13945078789110749
0.7185995780776055,0.13947999432378966
0.7186484887478611,0.13948544515810268
0.7191300377801582,0.1395391112390406
0.7191382480730211,0.13954002623255482
0.7192244792704464,0.13954963624131825
0.7192326453929494,0.13955054631228042
0.7198254716259046,0.1396166136459601
0.7199766745083809,0.13963346440379532
0.7205620079436136,0.1396986967049818
0.7206037298915633,0.1397033463943912
0.7207930153503199,0.13972444125300096
0.7210871956249082,0.13975722608147645
0.7219930154008011,0.13985817488242466
0.7224849599237351,0.13991299948555763
0.7229785694887859,0.1399680096487873
0.7235527295748796,0.14003199673958183
0.723611675522087,0.14003856595218872
0.7239063099716062,0.1400714013960469
0.7246283534892418,0.140151869309508
0.7247924165867217,0.14017015326997254
0.7256035781712058,0.14026055291845485
0.7262093665923801,0.1403280648191369
0.7262243710237604,0.14032973698328813
0.7266628842448873,0.14037860695174198
0.7269019816256712,0.14040525308438603
0.7270015434599522,0.14041634872179462
0.7270415034206338,0.1404208020470853
0.7271384981824467,0.14043161159790749
0.7272469380160641,0.14044369664116887
0.7272624173512907,0.1404454217308305
0.7275460346816938,0.14047702937530265
0.7279311591425839,0.14051994945010937
0.7279560167895823,0.1405227197027862
0.7282205670365127,0.14055220242211838
0.7287752596397172,0.14061401996538547
0.7289439087321772,0.1406328150106229
0.7289545581881358,0.14063400183590355
0.7298123308145847,0.140729596037345
0.7303230241094806,0.14078651009149146
0.7305842435360191,0.14081562160858924
0.7306695583976233,0.1408251294965944
0.7307688084990154,0.14083619039302894
0.7308526181321349,0.14084553053131746
0.7308649197826169,0.14084690148489887
0.7311414922058798,0.14087772401190346
0.7313573827876482,0.1409017838701066
0.7313824669782504,0.14090457936986428
0.7335318738148116,0.14114411934092205
0.7335515862471091,0.14114631618675957
0.733653533962044,0.14115767771788976
0.7336837728702247,0.14116104768353205
0.7338797398917447,0.14118288716680932
0.7341802483297635,0.1412163772354743
0.7341961267430349,0.14121814680026348
0.7342959725576355,0.14122927408576982
0.7348892931303705,0.14129539651099124
0.7352507543857916,0.14133567944728292
0.7353085564050512,0.14134212117519826
0.7356426405360751,0.14137935307644428
0.7357623473646961,0.14139269376643168
0.7361445017032009,0.14143528283688028
0.7368026795759519,0.1415086332635691
0.7368456787755252,0.14151342529588518
0.7368580919464295,0.14151480867782515
0.7369751906006914,0.14152785870063872
0.7371823159169704,0.14155094171657726
0.7374836624940202,0.14158452519138393
0.7379392814719865,0.14163530150554599
0.7383990614920465,0.14168654154573976
0.7391754824443871,0.14177306953536412
0.7395968001106644,0.14182002315059847
0.7404264280676888,0.1419124807781793
0.7404349137272305,0.14191342645984664
0.7404962591338135,0.14192026307945144
0.7406959052436851,0.14194251257757667
0.7411456693095599,0.1419926363928963
0.7425237689096089,0.14214621827078708
0.7427113815059078,0.14216712669776482
0.7429536653989853,0.14219412795027236
0.7430793062724522,0.14220812995802726
0.7444377715035622,0.1423595236898271
0.7449768725102458,0.14241960363250789
0.7449938425004013,0.1424214948477406
0.7452130821843646,0.1424459279455879
0.7453092077193796,0.14245664062570215
0.7453404535167327,0.14246012280379255
0.7454144736062513,0.14246837194946355
0.7456760394747156,0.14249752207567318
0.7464209596694487,0.1425805394732414
0.7465346189982324,0.14259320620150534
0.7466209689697465,0.1426028294470099
0.7472772957288603,0.14267597357691975
0.7475943630231865,0.14271130904213475
0.7476616679057023,0.14271880981366655
0.7479088026569946,0.1427463516685471
0.7479197504758777,0.1427475717447904
0.7484847518297595,0.14281053814354483
0.7496722720591709,0.14294288096322194
0.7500772791179628,0.14298801684791856
0.7502007024556049,0.14300177172308873
0.75101040515588,0.1430920087866777
0.7510676109035275,0.14309838406329017
0.7513389326092603,0.14312862142572572
0.7514450255664218,0.14314044492207625
0.7516307638036009,0.14316114446168945
0.7518228270482424,0.14318254888977636
0.751937923681393,0.14319537579797476
0.7524076611281079,0.14324772554046045
0.7527677818587103,0.14328785908238398
0.753038586045787,0.14331803877011517
0.7533962501756435,0.14335789853693867
0.7534509171200018,0.1433639908774145
0.753595757872906,0.1433801326097141
0.7540593714035986,0.1434317998742985
0.7540654644196474,0.14343247890856187
0.7547981689374741,0.14351413493384696
0.7548695205014595,0.14352208668652647
0.7554022640770734,0.14358145812729475
0.7554104355825437,0.14358236879816005
0.7555219169218832,0.14359479280107318
0.755613307691381,0.1436049778167287
0.756012256894457,0.14364943858559423
0.7566689280969283,0.14372262110188605
0.7571763129910078,0.14377916645234073
0.7572978861289286,0.14379271513258288
0.757333656520231,0.14379670155262758
0.7574981886591349,0.1438150377852666
0.7575601454306988,0.14382194253824995
0.7579492747188948,0.14386530892978028
0.7581703806834719,0.14388995001468546
0.7585643905710551,0.14393386032308436
0.7586024494446029,0.14393810178231542
0.7586651382869872,0.14394508812070184
0.7587871668134772,0.14395868755158042
0.7589176303282592,0.1439732270170847
0.7589651508881503,0.14397852293098404
0.7592915132125204,0.14401489427790826
0.7595439384780279,0.144043025732487
0.7601729182180812,0.144113122182431
0.760440977395994,0.14414299595347643
0.7614740811312903,0.1442581298753768
0.7615185984605869,0.14426309109518393
0.7615266572930336,0.14426398920923958
0.7619665557753776,0.1443130135576954
0.7619770030072645,0.14431417784617784
0.762075411057798,0.14432514490051845
0.7625805150120744,0.14438143605235182
0.7627021606900992,0.14439499281680318
0.7633706303427431,0.14446949020767566
0.7635545025453526,0.14448998178765124
0.763956718597563,0.1445348066294944
0.7645199216758867,0.14459757261999306
0.7646184790080868,0.1446085563109822
0.7650194490681186,0.14465324229361762
0.7652973095184605,0.14468420836439624
0.7667490825344278,0.14484600075302737
0.7668539872599132,0.1448576918272713
0.7669559818439565,0.14486905858171453
0.7672555266991141,0.14490244126418977
0.7672834763321968,0.14490555610228636
0.7675216704076293,0.14493210156634864
0.7675709590708188,0.14493759452596577
0.767696177585022,0.1449515494640249
0.7677551134082854,0.144958117548372
0.767876227163083,0.14497161503280606
0.7690794153036905,0.14510570395793454
0.7691162027270955,0.14510980372080298
0.7695014346940696,0.1451527357765915
0.7696629473748925,0.14517073550667126
0.7696862139647571,0.14517332844448463
0.7697562861424807,0.14518113761636328
0.7702162023699196,0.14523239283614572
0.7704837370864732,0.14526220815875943
0.7705635147888585,0.14527109895979132
0.7709694709616306,0.14531634061819795
0.7713718706995045,0.14536118593083228
0.7716802704589381,0.14539555544533853
0.7719532381256622,0.14542597624138073
0.7721491781975157,0.14544781272126087
0.7722693549265112,0.14546120577914817
0.772557493100881,0.14549331724765896
0.7728537871521584,0.14552633764531486
0.7731431414547492,0.14555858464485408
0.7732344219289533,0.1455687573686852
0.7735469140777032,0.14560358295823578
0.7742822892997522,0.14568553661931563
0.7747125483107763,0.14573348669991226
0.775077036646507,0.14577410698822
0.7751310912129691,0.14578013108243318
0.7754118550656594,0.1458114207219763
0.7756156767947973,0.14583413557068162
0.7759637786044633,0.14587292966772938
0.7760814108975592,0.1458860391617555
0.7769061652000966,0.14597795364643987
0.7769801675860368,0.1459862008191411
0.7770749283699462,0.14599676140499623
0.7774713756381351,0.14604094334651263
0.777612078308909,0.14605662391154653
0.7776434635528292,0.1460601216302158
0.7777955488768703,0.14607707073147463
0.7779576211629647,0.14609513282658848
0.7780717412024662,0.1461078508986138
0.7781650917129457,0.14611825431698874
0.779027448364009,0.14621435938361615
0.779733180788607,0.14629300951242713
0.7799775064819294,0.14632023831272292
0.7800034325423288,0.14632312763439626
0.7804263863954004,0.14637026359395505
0.7807401767738802,0.14640523386431095
0.7810372429303128,0.14643834030898378
0.7816450474985377,0.14650607689854184
0.7817378156008934,0.14651641541062593
0.7817899846136187,0.146522229369894
0.7820039686437388,0.14654607675304637
0.782361072804229,0.14658587411425944
0.7826443073085384,0.14661743909479769
0.7829726749103976,0.1466540339192431
0.7832973924939994,0.14669022196854808
0.7834950778105035,0.1467122529466712
0.7837444155457387,0.14674004031240662
0.7839450340100516,0.14676239817426778
0.7852797271215022,0.1469111426296448
0.7853463114162557,0.14691856309549933
0.7861142590187482,0.14700414677530618
0.786275429672719,0.14702210838831065
0.7863355625404672,0.14702880987690511
0.7864369365951938,0.14704010747665314
0.7865601143591305,0.14705383498393867
0.786562892487373,0.1470541445915697
0.7866626569444222,0.1470652628102092
0.78682396293165,0.1470832395053861
0.7871298377666082,0.14711732763047577
0.7877927368419503,0.14719120421010723
0.7878019126309803,0.14719222680303898
0.7879867088004872,0.14721282135421582
0.7883884625421514,0.1472575946740051
0.788544868182982,0.147275025251614
0.7889100218260057,0.14731571968488452
0.788957832182936,0.14732104789512396
0.7890820639110684,0.1473348928611188
0.7891060905905336,0.1473375705068794
0.7891564289477386,0.147343180449317
0.7893104205071377,0.14736034199037756
0.7894506025839096,0.1473759645379761
0.789709798813461,0.14740485058052
0.7899581023262348,0.1474325226876575
0.7900918397243211,0.14744742701006028
0.7908544824306379,0.147532419487376
0.7910558110497563,0.14755485649221678
0.7911737101847576,0.14756799572435542
0.7913150505057157,0.14758374735211413
0.7917585482873121,0.1476331728233468
0.7921437483346981,0.14767610132186684
0.7921480423360896,0.14767657986550578
0.7922040100391388,0.1476828171686261
0.7922985996880307,0.14769335868239286
0.7923592903040578,0.1477001223290694
0.792363353535277,0.14770057515459878
0.7924187977052267,0.147706754112737
0.7927056789634334,0.14773872550462008
0.7929496651489426,0.14776591646857404
0.7944811163509746,0.14793658856767194
0.7944920750183595,0.14793780985292304
0.7946342494001176,0.1479536544323262
0.7948768366871559,0.1479806894964786
0.7951498078343672,0.1480111106804027
0.7953745822362263,0.1480361605931507
0.7958710716839745,0.14809149170400465
0.7965180710768545,0.14816359634850879
0.7965239551058949,0.1481642520922805
0.7970147546417321,0.14821894909268538
0.7970241442941657,0.14821999551955717
0.79738821160009,0.14826056888633016
0.7991077680181401,0.14845220431225592
0.7993948151948476,0.14848419419487424
0.7999800382720792,0.1485494141972479
0.8003489864217792,0.1485905315081253
0.8004748545650933,0.1486045588438971
0.8005512121468815,0.14861306849066125
0.8007404056266199,0.14863415309869818
0.8009811808821741,0.14866098622156998
0.8011019670908089,0.14867444720272463
0.8011918516015136,0.14868446435384117
0.8016705331396541,0.14873781086779175
0.8019739421449458,0.1487716241892672
0.8025079560250609,0.14883113719872237
0.8036045670576197,0.14895334867145646
0.803625610533431,0.14895569385502103
0.8040059978757111,0.14899808600312936
0.8048163446185221,0.14908839484183684
0.8048952329287711,0.1490971865248409
0.8049893845353036,0.14910767922111423
0.805077163701958,0.14911746174282306
0.8051566407861352,0.14912631904155302
0.8054677559206017,0.1491609911701785
0.8054957385290066,0.1491641096831996
0.8056522471629277,0.14918155173884115
0.8057652119457926,0.14919414106365295
0.8061103214410592,0.14923260168316052
0.8061278559746051,0.14923455581375444
0.8063656000756765,0.14926105113056512
0.8066060431851988,0.14928784723752647
0.8070361469052498,0.14933578001176934
0.8072949187250359,0.14936461875609994
0.8073574812808564,0.14937159102051994
0.8073962662238052,0.14937591339632766
0.8074519331358143,0.14938211717788488
0.8074910052341365,0.14938647155563323
0.807688447153329,0.14940847540841928
0.8081167427355148,0.14945620667530457
0.8081333815780121,0.14945806098589035
0.8083212735155639,0.14947900054396637
0.8085021706539051,0.14949916056883722
0.8085041029146558,0.14949937590903087
0.8094570395274245,0.14960557563109358
0.8097619783009107,0.1496395594371059
0.8098302752661433,0.14964717077098508
0.8099681730035583,0.14966253874110005
0.8100360457186495,0.14967010279455523
0.810918013188193,0.14976839338270015
0.8109586497622437,0.14977292211295562
0.8117180022141952,0.14985754790890501
0.811908813507445,0.14987881281366155
0.812219311447443,0.14991341615924303
0.8122948425300438,0.14992183369706436
0.8128012084920718,0.14997826549295598
0.8128913164404673,0.1499883075450159
0.8138566602375511,0.15009588998184495
0.8140128714049691,0.15011329888642538
0.8140354002264684,0.15011580960387452
0.8142874738258568,0.15014390186713283
0.8148252750008055,0.1502038369504734
0.8150427246836038,0.15022807056220203
0.8152685058126597,0.1502532326693469
0.815646201808683,0.1502953248812154
0.8156803132091739,0.15029912641554904
0.8164720967408542,0.15038736648301165
0.816994558455226,0.1504455920649772
0.817248495248892,0.15047389197133768
0.8173193416192297,0.1504817874228695
0.8175584421323219,0.15050843390459268
0.8180588147748195,0.1505641977768681
0.8181064365650917,0.1505695049723555
0.8181808497514489,0.15057779792658035
0.818537070199161,0.15061749680269995
0.8186960396272392,0.15063521310077496
0.8190454647926004,0.1506741546787832
0.8195136285607663,0.15072632904315633
0.8196017795669768,0.15073615300440793
0.8196683130750516,0.15074356781035694
0.820087968488988,0.1507903361764004
0.8206643468619598,0.15085457048348064
0.8209994716981478,0.15089191836578741
0.8211949701676107,0.1509137056314276
0.821382715250069,0.15093462882328373
0.8214172687938986,0.1509384796321432
0.8218333127249393,0.15098484551760755
0.8221108988884207,0.15101578102057303
0.8230154695921617,0.15111659061906693
0.8230731088667941,0.15112301420995833
0.8235465059951983,0.15117577180452255
0.8240047779783706,0.1512268437820181
0.8243274708178537,0.15126280618434956
0.8246856942725994,0.15130272828496003
0.824782156072748,0.15131347844003662
0.8248459306093836,0.15132058577327848
0.8248468852686246,0.1513206921649784
0.8250404890539176,0.15134226827813524
0.8251307799684576,0.1513523307207998
0.8251338209053092,0.15135266961705382
0.8256683642188212,0.15141224162904798
0.825775214103723,0.15142414948097327
0.8259565657055655,0.15144436015338653
0.8260108415776242,0.15145040891093253
0.8260531036520316,0.15145511879456558
0.8263294166875579,0.15148591241418516
0.8265287896154334,0.1515081314676286
0.8273755741067923,0.15160250109979967
0.827558037429105,0.15162283566755227
0.8278614664639582,0.15165665122121588
0.8284180793577428,0.15171868277066464
0.8286034971539388,0.15173934659883292
0.8287529293813847,0.15175600002657338
0.8296856723312114,0.15185994927220034
0.829709645445549,0.15186262094841205
0.8312989850724404,0.15203974440487023
0.8313704452918453,0.15204770826661887
0.8316831775568359,0.1520825606158486
0.8319273129887886,0.15210976821252573
0.8322823530278196,0.1521493355383699
0.8323926758401422,0.1521616304296028
0.832536769418118,0.15217768889322675
0.8333556869870604,0.15226895290496542
0.8338249073410577,0.15232124502021527
0.8341459342320238,0.1523570217614365
0.835164615581427,0.15247054838506235
0.8352564368520924,0.1524807813777856
0.8353303512723944,0.15248901874718376
0.8353775793640635,0.15249428206705382
0.8356882149434353,0.1525289007518121
0.83590635994873,0.15255321185353835
0.8365908114610676,0.1526294903377541
0.8366356286070777,0.15263448497054088
0.8367420197879571,0.15264634170234018
0.8381039847473901,0.15279812546026586
0.8381769160858763,0.15280625327041936
0.8386689315562279,0.15286108578026497
0.8391125385839793,0.15291052342640116
0.839413032272385,0.15294401185130016
0.8400976107280496,0.15302030448267523
0.840486005553079,0.1530635890221882
0.8407334516512712,0.15309116557502644
0.840917649105258,0.15311169340253974
0.8409789239910394,0.1531185221629759
0.841422072005696,0.15316790865454163
0.8414933276474031,0.15317584971719292
0.8415277452665796,0.15317968537797208
0.8417102146004336,0.1532000206156789
0.8420271067289338,0.15323533655959343
0.8422963802222128,0.15326534565963423
0.8423625106885032,0.15327271554871794
0.8427177261139884,0.15331230242045046
0.84283613186936,0.15332549811273744
0.8428684858490884,0.15332910379186523
0.8428967782087735,0.15333225682502064
0.8431725584260737,0.15336299106488013
0.8432296336868287,0.1533693517994217
0.8432560287915891,0.15337229339359684
0.8434047387593948,0.15338886632933812
0.8436057880629207,0.1534112722059403
0.8436562509532262,0.1534168960269302
0.8438078467591583,0.15343379057399675
0.844505919448693,0.15351158706603488
0.8450420708054296,0.15357133828590205
0.8450880291901282,0.1535764601036768
0.8461225626149473,0.15369175335687774
0.8462006387620389,0.15370045452861333
0.8464892034890757,0.15373261353415238
0.8466933558034322,0.15375536522482375
0.8467602252249001,0.15376281746653553
0.8470129479541291,0.15379098207186545
0.8474523158197589,0.153839947285908
0.8477217813275671,0.1538699777849478
0.8481492594552096,0.1539176179508678
0.8481558053048766,0.15391834745103178
0.8485325467108902,0.15396033327891584
0.8486050045520449,0.15396840832030773
0.8486283709838287,0.15397101238497243
0.8489877151835538,0.1540110593866557
0.8493533801925095,0.15405181080894223
0.8494691604463243,0.1540647139030313
0.8495295924709437,0.15407144873106948
0.8496154775331377,0.1540810201649006
0.8498177521165379,0.15410356259243418
0.8498560344190311,0.15410782895163394
0.8498608898398999,0.1541083700624905
0.850191277543821,0.1541451900165769
0.8502695686139439,0.15415391514034235
0.8509725330433882,0.15423225679080121
0.851217056889804,0.15425950767420638
0.85129469692669,0.15426816024377682
0.8517526721960189,0.15431919915409117
0.8522190252712497,0.15437117172635773
0.85231111515302,0.15438143465436127
0.8528066211502218,0.15443665616487745
0.853482194984042,0.154511945278994
0.8537872913225948,0.15454594664479573
0.8538471095480449,0.15455261306817797
0.8540255565245436,0.15457250003553039
0.8540471523990937,0.1545749067809993
0.8545773393014224,0.15463399329411479
0.8546655860369785,0.15464382792389336
0.854979729843468,0.15467883758192302
0.8552948106783653,0.15471395166678972
0.855557288899534,0.15474320346986045
0.8565111136910997,0.1548495021747308
0.8569277673946833,0.15489593601610505
0.8570260807119916,0.154906892512931
0.8577258976916637,0.15498488339683678
0.8579514787267635,0.1550100232045734
0.8579952678113072,0.15501490326537243
0.858910036551958,0.15511684938089268
0.8592741418689669,0.1551574269837991
0.8595764163978414,0.15519111387390594
0.8609941689330659,0.15534911486072617
0.862013612109,0.15546272638587091
0.862811631042049,0.15555166135568427
0.8628196980400634,0.15555256037974896
0.8629246900791551,0.15556426118463032
0.8630552102650629,0.15557880696583054
0.8634038707812347,0.1556176633277496
0.8635023032685318,0.15562863310543767
0.8638935685593363,0.15567223754310905
0.8639960353034897,0.15568365691728775
0.8642053630341207,0.1557069853806033
0.8642560905361634,0.15571263869116533
0.8644169473468062,0.15573056532799848
0.8652917332848112,0.1558280555726126
0.8654612146495535,0.15584694337017352
0.8659081911943576,0.1558967565310813
0.8661254055836587,0.15592096392059993
0.8663749191970984,0.15594877088702672
0.8664048381460752,0.15595210519491584
0.8670747816202726,0.15602676683536928
0.8671531955064502,0.1560355056463315
0.867256851610054,0.15604705756830126
0.8675999132990485,0.15608528997068077
0.8681919933305152,0.15615127414416946
0.8682235333486211,0.15615478911159944
0.8682772484785495,0.15616077537741452
0.86869045492883,0.1562068250407251
0.868864021268677,0.15622616808705603
0.8690818997118274,0.15625044948184766
0.8693211398591287,0.15627711152506144
0.8696718948100427,0.15631620130060378
0.8697417508045204,0.15632398638000838
0.8699582928361342,0.1563481188388353
0.8699638319164925,0.1563487361399093
0.8715044433085297,0.15652042909351047
0.8716472189629854,0.1565363406815609
0.8720080123279902,0.15657654918501454
0.8722966931399989,0.15660872112760696
0.873352995573158,0.1567264404211177
0.873920902088718,0.1567897305847046
0.8745011794994516,0.15685439941882587
0.8745108327413024,0.15685547522133758
0.874624930022986,0.15686819075712516
0.875893415227969,0.15700955669312214
0.8765910368167278,0.15708730291237574
0.8766474926623821,0.15709359461639574
0.8767625564542593,0.15710641786460883
0.8767689394526982,0.15710712921586875
0.8774661939418268,0.15718483452381918
0.8774999818031991,0.15718860000143725
0.8775845867635468,0.15719802877471942
0.8782776712325888,0.15727526935608863
0.8789370233637225,0.1573487506476348
0.8797073176242481,0.1574345958500105
0.8798969551424279,0.15745572994377238
0.8799454573971748,0.1574611352623471
0.8800364414940255,0.15747127495649696
0.8805201564193911,0.15752518241470886
0.8806114130756784,0.15753535248415956
0.8806687448861634,0.1575417418098056
0.8807348002017917,0.1575491033237473
0.8809416826524121,0.1575721592735987
0.88125299916476,0.157606853844719
0.8818720686249671,0.15767584584663244
0.882134551074127,0.1577050981208904
0.8822613615979769,0.15771923047996547
0.8824888680625926,0.15774458486659093
0.8827575934065455,0.15777453287830187
0.8830464137116439,0.15780672036665788
0.8832675713307435,0.1578313672081852
0.8833542143898773,0.15784102311674764
0.883679189328521,0.15787723984690452
0.883743469076065,0.15788440348321778
0.8843857825685991,0.15795598590902682
0.8848194158417656,0.15800431203321005
0.8849794075744325,0.1580221422616995
0.8862728734085549,0.15816629215607947
0.8864180689097838,0.15818247342319489
0.8864184779896482,0.15818251901297212
0.8868942040540923,0.15823553615508315
0.8872214423779621,0.1582720051274971
0.8873588935726179,0.15828732333279427
0.8874324678792562,0.1582955227983319
0.8881943293629583,0.15838042821253814
0.8892010307397911,0.15849261973187673
0.8897824934356445,0.15855742065972656
0.8899152770150781,0.15857221868410865
0.8899853565124553,0.15858002867172372
0.8911611946507588,0.15871106958441972
0.8921420895701658,0.15882038511120083
0.8922507840986557,0.15883249853885253
0.8925623946023344,0.1588672258737445
0.8929020665824497,0.15890508051108065
0.8930751822652732,0.15892437333408083
0.8931923692697827,0.15893743320306014
0.893717031325597,0.15899590400138788
0.8938692278083001,0.15901286549068883
0.8940037413128376,0.15902785630603183
0.8941503891056543,0.15904419942332795
0.8947503898670172,0.1591110663200768
0.8949765789829609,0.15913627389519241
0.8953705385732333,0.1591801785982233
0.8960717887816766,0.15925832920786015
0.8968720188579556,0.1593475105978375
0.8970585840187928,0.15936830229369847
0.89784628345231,0.15945608721012167
0.8978525040203619,0.1594567804593781
0.8981891457555163,0.15949429739201462
0.8989323824768134,0.15957712717541356
0.8989603174469898,0.1595802403794072
0.8990511826985763,0.1595903668288838
0.8994696698677609,0.1596370050002572
0.8995660596835247,0.15964774713305668
0.8996871897814501,0.1596612464388454
0.8998070322189198,0.15967460224171845
0.8998945411524555,0.1596843546473821
0.9006234348752598,0.1597655859798106
0.901139640537527,0.15982311435801053
0.9011547271140827,0.15982479567680513
0.9015352366359476,0.15986720144117902
0.9021221008603512,0.15993260434068476
0.9031803893697354,0.16005054497183774
0.9036851457558547,0.16010679738904685
0.9037042203924884,0.16010892315594655
0.9037103170493552,0.16010960259595974
0.9037755941025182,0.16011687737668506
0.9040534726427983,0.16014784546349115
0.9044516788453624,0.16019222342889758
0.9049972432109804,0.1602530236785885
0.9059495302259976,0.16035915100643347
0.906427521538854,0.1604124205984436
0.9070235893488479,0.16047884918866015
0.9070576600467899,0.16048264618691108
0.9072184432004607,0.16050056461506607
0.9082862427217081,0.1606195651979545
0.9083090937750916,0.16062211182643502
0.9088241427105278,0.16067951129357594
0.9092878734773293,0.1607311916235018
0.9094244906780257,0.16074641688460362
0.9102679328511353,0.16084041403316524
0.9103720699023304,0.1608520195541885
0.9107408876795371,0.16089312233574432
0.9110884865467662,0.1609318603825299
0.9112611977718901,0.1609511081308685
0.9118117680598191,0.161012466264002
0.9120606422190415,0.1610402019666541
0.9122377146966263,0.161059935753406
0.9125513342558345,0.16109488698686172
0.913086212237312,0.16115449629582224
0.9139307992755853,0.1612486210335231
0.9140063192747877,0.1612570373361586
0.9140321628704354,0.16125991746757354
0.9149504084359881,0.161362251056755
0.9153079302182596,0.1614020949596965
0.9153344543753199,0.16140505093606478
0.9155461380946873,0.16142864196180645
0.9158592975349764,0.16146354191745343
0.9160837621999086,0.16148855731166675
0.9163070098118796,0.16151343707179439
0.9169762359099212,0.16158801876448703
0.9173593364422872,0.16163071328321388
0.9174905529658027,0.1616453366675405
0.9176073142305765,0.1616583490900883
0.9179617674573972,0.16169785101882966
0.9180286318354638,0.16170530269848116
0.9181104219017275,0.16171441776677467
0.918303573351829,0.16173594346957784
0.9189055246013664,0.16180302773786984
0.9189369021120374,0.1618065245947096
0.9190123020260824,0.16181492751449236
0.9192657910622173,0.1618431775206552
0.9195104935674461,0.16187044831463573
0.9195234110180366,0.16187188789586715
0.9197559845028133,0.16189780697496595
0.9198141729623224,0.1619042917695937
0.9200053246019562,0.16192559460414635
0.9201197284403564,0.16193834430405105
0.9201735371611892,0.1619443410000751
0.9204004075429738,0.16196962449864882
0.920904676832573,0.16202582263153895
0.9215318027963795,0.16209571248797028
0.9220110446942824,0.16214912145103894
0.9227262748045559,0.1622288300464525
0.922915524939516,0.16224992096841284
0.923398259952614,0.16230371922060932
0.9236316400416577,0.16232972819146774
0.9239530479360912,0.16236554739350093
0.9243589681874931,0.16241078504866174
0.9246976865451616,0.1624485334098433
0.924750642607429,0.16245443508160082
0.9250957410951116,0.16249289447437165
0.9253198109890219,0.16251786587345218
0.9255886941883237,0.162547831477303
0.9256162182547738,0.16255089888825974
0.9261388936509889,0.1626091482839313
0.926216662649891,0.16261781522563326
0.9265375184185293,0.16265357289618032
0.9266993293392621,0.1626716058635133
0.9274856447727291,0.16275923654048483
0.9275422850123739,0.1627655487942352
0.9279638891529726,0.1628125343355106
0.9285478700004681,0.1628776158979808
0.9303859602654371,0.16308246129131576
0.930952335762267,0.16314558083100023
0.9325076453835882,0.1633189118241562
0.9341277672763524,0.16349946580058425
0.9342583617140746,0.16351401985675457
0.9342688245071527,0.16351518587944908
0.9346960803873745,0.16356280127707495
0.9350652481649678,0.1636039430643141
0.9351014233035778,0.16360797459129556
0.9351431154999921,0.16361262096505433
0.9351859460446955,0.1636173942016814
0.9356621156483417,0.1636704607738797
0.9368358291340261,0.16380126490533062
0.9372313970560966,0.16384534884839455
0.9373177438642025,0.16385497174135402
0.9376337985524148,0.16389019435699817
0.9376435884519169,0.163891285389279
0.9378893941130239,0.1639186791241206
0.9386422201083078,0.16400257758115272
0.9388355927549908,0.16402412793513968
0.9388722460959543,0.16402821275523247
0.9391075787048024,0.16405443932404837
0.9392530360633511,0.16407064977377067
0.9393201620296625,0.16407813060604218
0.9394693337195195,0.16409475499825263
0.9403082739808448,0.16418825043266694
0.9403987957533241,0.1641983386032221
0.9409339369530239,0.16425797724645494
0.9410932021115068,0.16427572650211217
0.9413677655280797,0.16430632513599602
0.9421528572968563,0.1643938194420397
0.9431398044288607,0.1645038094557563
0.94344795948877,0.16453815169980077
0.9436333743362506,0.16455881519935034
0.9442683194618406,0.16462957645981538
0.9446738925677772,0.16467477542745856
0.9454488264898437,0.16476113769546016
0.9454664668031898,0.16476310361465074
0.9454996673992817,0.16476680364467372
0.9456297197562773,0.1647812972888275
0.9463025827915257,0.16485628429884702
0.9463598708970576,0.16486266875380812
0.9469527744616291,0.16492874470568553
0.9470446359557098,0.16493898218109457
0.947649283848329,0.16500636697592938
0.9482981630773397,0.16507868111818166
0.9491872577599427,0.1651777659963517
0.9499827642089543,0.16526642096316913
0.9499884475580713,0.1652670543422297
0.9501795445537016,0.16528835108699846
0.9506672312154874,0.1653427011741306
0.9507056264307601,0.1653469801168597
0.9508717398979799,0.16536549258013722
0.9510052327649049,0.16538036965084135
0.9510121468237845,0.1653811401859656
0.9513663157003189,0.16542061042537842
0.9519926352954838,0.16549041041630938
0.9526859159333916,0.16556767285965632
0.9529421735955939,0.16559623141448315
0.9529735762568504,0.1655997310742222
0.9530542224291747,0.16560871866161414
0.955343124694629,0.16586380465701292
0.9554403636083914,0.16587464141727257
0.9557794048764923,0.16591242576510604
0.956018111519796,0.16593902835213403
0.9562141359987675,0.16596087423873904
0.9564668666030018,0.16598903972169649
0.9567023515676492,0.16601528326975662
0.9570627035974753,0.16605544258874963
0.9571575083126539,0.16606600807051122
0.9573134320984262,0.16608338494793431
0.9577247218929649,0.16612922101014654
0.9577405358906936,0.16613098339616575
0.9578949143448102,0.1661481880545868
0.9581976745325578,0.16618192906879456
0.9583560750472657,0.16619958196449736
0.9596428706421521,0.1663429884961568
0.9597761040973095,0.16635783665679788
0.960307959556724,0.1664171091217347
0.9607656726055729,0.1664681188089699
0.960985993730074,0.16649267242761884
0.9610246764567552,0.1664969834119667
0.9610744519484067,0.1665025306260291
0.9612515352471942,0.16652226561874656
0.9613262518517975,0.16653059238732285
0.9615545598445392,0.166556036099999
0.9616238255001386,0.16656375538927232
0.9616426263538981,0.16656585064452542
0.9619148779788769,0.16659619164151984
0.9622092470283027,0.1666289975079479
0.9622735380254572,0.16663616239797047
0.9630782147294982,0.16672583934098475
0.9632382216176408,0.16674367125847145
0.9646812743424671,0.16690449181699013
0.9646929173673591,0.16690578937024914
0.9651702212937835,0.1669589823566939
0.966178839857484,0.16707138753632184
0.9667163113589937,0.1671312858793093
0.9667998037809724,0.16714059066610173
0.9671345701035645,0.16717789859397322
0.9672173655284217,0.16718712570413982
0.9685126791631087,0.16733148152607452
0.9688388220922124,0.1673678284225621
0.9688792878184042,0.16737233811273144
0.9692337868819814,0.16741184514973567
0.9693267615818424,0.16742220668601404
0.9694905903857047,0.16744046453569983
0.9695204429145533,0.16744379144141858
0.9701426251673541,0.16751313034752668
0.9701962741358379,0.16751910924000044
0.9704744916326457,0.16755011510171042
0.9708959676087929,0.16759708635973875
0.9716295731481239,0.16767884279908285
0.9717213427915065,0.1676890700382197
0.9719148663119869,0.16771063720628968
0.9720988312914862,0.16773113912575663
0.972169298561486,0.16773899232857023
0.9723159836187182,0.1677553395987874
0.9738592316024903,0.16792732638652794
0.9741872966507675,0.16796388749298424
0.9749247745865482,0.1680460754903367
0.9749757443471079,0.16805175579932322
0.9751092555586548,0.1680666349144381
0.9751487786273954,0.16807103955044334
0.9752194084177346,0.16807891086528512
0.9758727536759843,0.16815172272276582
0.9763714240150668,0.16820729688237088
0.9763985237437226,0.1682103170031351
0.9767014572700042,0.16824407733500135
0.9769922457300579,0.1682764841637693
0.9771668264472136,0.16829594025706143
0.9773158064018899,0.16831254328140485
0.9773780076446518,0.16831947527940425
0.977487674836956,0.1683316971052698
0.977510329070227,0.16833422179919452
0.9776746110461005,0.16835253015249307
0.9777176057012983,0.16835732167836262
0.9777829519463792,0.16836460417015958
0.9779025179661225,0.1683779291677457
0.978221576066321,0.16841348649769705
0.9787559985541691,0.16847304504431287
0.9788328239272879,0.16848160682393512
0.9792495357965326,0.1685280471475633
0.9796390548730037,0.16857145697892573
0.9796450552055985,0.16857212568411065
0.9797112767385016,0.16857950572208452
0.9798038379781261,0.1685898211804163
0.9803582605843808,0.16865160863395792
0.9811721872837361,0.16874231643980012
0.9812542558211339,0.16875146254222181
0.9822444987036976,0.1688618198498263
0.9822961052452288,0.16886757112466846
0.982408478708004,0.1688800945499982
0.9825831291582252,0.1688995584146699
0.9828070193294335,0.16892450978461027
0.9830847627126166,0.16895546280887605
0.9836207078963619,0.16901519105185878
0.983841989038084,0.169039851659326
0.9840142707565059,0.16905905154142498
0.9842543411304809,0.16908580610899002
0.9844408629477582,0.1691065929744416
0.9848083721550175,0.16914754992282985
0.985081647774178,0.16917800503853486
0.9851483748679679,0.1691854414185832
0.9863510884103801,0.1693194774522645
0.9865159791526324,0.1693378536493413
0.9865552745512133,0.16934223291271694
0.9865886345899326,0.1693459507117736
0.9867357115689702,0.16936234165959357
0.9867748635842087,0.16936670494365766
0.986803194368488,0.16936986225902986
0.9870179631825655,0.16939379710218436
0.9871101469110781,0.16940407048890865
0.987889239140345,0.1694908961781526
0.9880478253912128,0.16950856977316348
0.9884512681389288,0.16955353132370266
0.9884782155827718,0.16955653447313374
0.9885592676579279,0.16956556729623948
0.9888421344885644,0.16959709130150058
0.9888824350196734,0.16960158258155567
0.9894453087397636,0.1696643118668293
0.9898631498148409,0.16971087803444732
0.989869092286364,0.1697115402913233
0.9898696515324498,0.16971160261632795
0.9899380801949969,0.16971922862717304
0.9907917036575616,0.16981436042634612
0.9909899702103554,0.16983645618016532
0.9916548118672187,0.16991054925018542
0.9920018832348165,0.1699492285099399
0.9931614811107737,0.17007845953168998
0.9936633830877141,0.170134393840163
0.9939390767818166,0.17016511843747187
0.9941825161882676,0.1701922484658051
0.9944134124489303,0.17021798062718824
0.9953962567701763,0.17032751340444616
0.9954208065372019,0.1703302493455359
0.9955628819620991,0.17034608289672268
0.9959844686846872,0.17039306649685332
0.9968455242538501,0.17048902656481624
0.9974550230464421,0.17055695196667775
0.9974574894859953,0.17055722683826052
0.9974810363555587,0.17055985101175697
0.9982074844397106,0.17064080979075266
0.9988068176930546,0.17070760229727952
0.9998860375503268,0.170827875615936
1.000021635698407,0.17084298730903855
1.0002448817608054,0.17086786689647449
1.0004582704744867,0.17089164793477296
1.0005507104986067,0.17090194988428092
1.0008584441689334,0.17093624516669548
1.0014677562547756,0.17100414976108172
1.001573698657014,0.17101595647888604
1.0016849444085107,0.17102835422678586
1.0019501231821641,0.17105790699208162
1.00220667828482,0.17108649869506665
1.002881779373727,0.17116173512427457
1.0029095678951188,0.17116483200732935
1.0033614314021038,0.17121518979420527
1.0036452949963701,0.1712468248834766
1.0037863581358057,0.17126254562082738
1.0039543513801028,0.17128126757527193
1.0044261315315441,0.17133384496634543
1.0046414169941562,0.17135783738723384
1.0046616733700937,0.17136009485269982
1.0051193232920377,0.17141109750477676
1.0054221578150226,0.17144484680325173
1.0057994636083167,0.17148689552909935
1.0059243667121256,0.17150081531634598
1.0064401290818294,0.17155829429194525
1.0069469267633873,0.1716147742006845
1.0070414863570234,0.17162531236495268
1.0072599181453932,0.1716496554271288
1.0074472290354406,0.1716705302305478
1.0076904791265648,0.17169763916069392
1.0078193178572359,0.17171199755264235
1.007905291524911,0.1717215788610834
1.0079991039421228,0.1717320337565093
1.0080530237229075,0.17173804282957492
1.0088151622769403,0.1718229791217974
1.0093117563116825,0.17187832188831614
1.009684126703546,0.17191982058989852
1.0097825238632248,0.1719307864305113
1.009829668850398,0.17193604048882682
1.0104932739912325,0.1720099957557057
1.0106230833310184,0.1720244623168827
1.010764297563852,0.17204019989278996
1.0112492047088946,0.17209424021754996
1.011768860511208,0.17215215309552584
1.0118890529527402,0.1721655479044918
1.0118980134488187,0.17216654650416818
1.0125743801249572,0.1722419239763483
1.0126165681208603,0.17224662560432566
1.012646479151285,0.17224995902973422
1.0131447282673562,0.17230548624627287
1.0134077996749953,0.1723348041568238
1.0145456753646513,0.17246161435633153
1.014685802778392,0.17247723081202568
1.0149835253427444,0.17251041040987342
1.0150867930406855,0.17252191904609587
1.0150932186843378,0.1725226351499382
1.015146693247584,0.17252859460587486
1.0152958538314145,0.1725452177603777
1.0155386576996017,0.17257227696134836
1.015799750492806,0.17260137436583406
1.0159702680786122,0.17262037764472665
1.0164641248144066,0.17267541535382228
1.0165172584553601,0.17268133681578088
1.0165825919659763,0.17268861788838938
1.0168836493991533,0.17272216913964775
1.0172574288359466,0.17276382487180067
1.0176776905457032,0.17281066080629173
1.017709109553724,0.17281416228779067
1.0178744173853689,0.172832584967264
1.018005937671084,0.17284724220427372
1.018481674612924,0.17290026055861277
1.0186070097314863,0.17291422849160812
1.0187520006343669,0.1729303869573247
1.0189209950680687,0.17294922048900863
1.019245430987278,0.17298537714831366
1.0195637573338958,0.17302085292821665
1.0196727762682656,0.17303300250917983
1.019809447782148,0.17304823382319767
1.0203639886771065,0.17311003445938683
1.020613923770076,0.1731378883974677
1.0210030191045807,0.17318125100503953
1.0211939656518236,0.17320253098313493
1.0212266418172713,0.17320617256814924
1.0214896587846403,0.17323548441162145
1.0220310553113177,0.17329582017780823
1.022229399247784,0.17331792455562656
1.0232331677040294,0.17342978921654972
1.023307839975044,0.173438111044383
1.0233806077492877,0.1734462206261708
1.0237913073771006,0.17349199091743736
1.0247879024985183,0.17360305614830945
1.0251462951469117,0.1736429971046529
1.0254254826026412,0.17367411106313102
1.0255133539488006,0.17368390385775587
1.0256247753342245,0.17369632117912367
1.025702726888428,0.1737050084656439
1.0258731981263762,0.17372400657931403
1.026056925610649,0.1737444820311999
1.0262596518017837,0.1737670747880159
1.026322806861215,0.17377411308381502
1.0266073314354114,0.17380582183578736
1.0269120288893263,0.17383977874801576
1.0269326010443698,0.17384207140538513
1.0275395577311537,0.17390971350306186
1.0278002562702924,0.1739387669700267
1.0280772711692978,0.17396963880860167
1.0281867144070054,0.17398183567591743
1.0284755721345877,0.17401402733481042
1.0287156163522746,0.17404077898739628
1.0290329972494443,0.17407614940198188
1.0291279873546797,0.17408673554448026
1.0291405078095228,0.17408813088264505
1.029494114882233,0.17412753851200682
1.0306345955424905,0.17425463902164656
1.0306806031767444,0.1742597663280225
1.0307799256544057,0.17427083529040766
1.0310361348187351,0.17429938844040435
1.0311606794108572,0.1743132682734285
1.0312328118850405,0.17432130705440016
1.031261549712758,0.17432450973260086
1.0314366167744888,0.1743440200264116
1.0314839290485742,0.17434929272796454
1.0318081996798254,0.17438543096680492
1.0321327436061924,0.17442159966293386
1.0323542166270663,0.1744462816543129
1.0325879659806512,0.17447233177774243
1.0326005853508127,0.17447373813949385
1.0326481703443353,0.17447904123417898
1.0336965315419544,0.17459587551918457
1.0338055952015823,0.17460803008454015
1.033872469776366,0.17461548290056167
1.0341632254706727,0.17464788607776124
1.034240808132159,0.17465653225314828
1.0343774473460279,0.1746717599675013
1.0348275002975438,0.17472191597759057
1.0351346900233491,0.1747561506402785
1.035163109360811,0.1747593178244324
1.0363595069929283,0.17489264998347095
1.0365765663463173,0.17491684009506098
1.0367681523026673,0.17493819133190383
1.037154846285505,0.17498128632159193
1.0373265398849858,0.17500042066095983
1.0375397906687938,0.17502418632770683
1.038198772750115,0.17509762637916765
1.0392498392414096,0.17521476215477882
1.039336414052141,0.1752244104574194
1.0395386278729188,0.17524694611328162
1.0402078407761224,0.17532152633547976
1.0404712348384306,0.1753508802041792
1.040756993879842,0.17538272653096337
1.0412318596301686,0.1754356477956372
1.0413253228327324,0.17544606377294605
1.0419879168050175,0.17551990635046305
1.0420599630369456,0.1755279355201937
1.042195787743918,0.17554307246208095
1.0422780639413074,0.17555224170710526
1.0422881919012654,0.17555337041442765
1.0425426919823502,0.17558173309617792
1.043196275835472,0.1756545715437894
1.0432484012882672,0.17566038064853473
1.0437392846362337,0.17571508698935615
1.0437575884988575,0.17571712685758786
1.0439500152103318,0.17573857179212202
1.043967595404025,0.17574053101129677
1.044049333584907,0.1757496402972401
1.0440836703272751,0.17575346694472865
1.04427493499845,0.175774782376046
1.0445137716333377,0.17580139944994533
1.0446211277389885,0.17581336371748324
1.045114637072633,0.17586836271045522
1.04532016907483,0.1758912681600054
1.045855166586579,0.17595089078997966
1.0460771317755775,0.17597562763088118
1.0462207235933354,0.17599163017599484
1.0463307625471159,0.17600389343270148
1.0464352802302055,0.17601554137312697
1.0465075930313528,0.17602360025058073
1.0465469117063362,0.17602798210798767
1.0466691391307323,0.17604160370498106
1.0471750385304053,0.17609798350497724
1.0471933521281322,0.17610002445813455
1.0472840188781298,0.17611012878566384
1.047460965734866,0.1761298485726397
1.0483239529293198,0.1762260239099776
1.048872139683621,0.17628711641095318
1.0489585889757167,0.1762967507252089
1.0491229031012292,0.17631506266141378
1.0491585905301202,0.17631903983573852
1.0495969250511192,0.17636788988901264
1.0499820438598755,0.1764108093339191
1.0505354646251817,0.1764724851376102
1.0505356977272078,0.17647251111559242
1.0509092334119752,0.17651413968287727
1.051277985117272,0.17655523510106974
1.051456526684394,0.1765751326100446
1.0515259368197605,0.1765828680008203
1.051933685828645,0.17662830946128538
1.0523723535008644,0.17667719664249287
1.0527287757077213,0.176716918003597
1.05277263901319,0.1767218063359238
1.0537409484130627,0.17682971927342594
1.0539858038482326,0.1768570071106358
1.0539967586321592,0.17685822796309617
1.054292435476453,0.17689117957631328
1.054761152419215,0.17694341558905585
1.0549350820690298,0.1769627991243522
1.0550666471001682,0.17697746134800155
1.0551997639332624,0.17699229651173345
1.0556533415563434,0.17704284532774028
1.0557765747027954,0.17705657900711283
1.055822286602695,0.17706167335546638
1.055892685453957,0.1770695189333751
1.0559164395889775,0.17707216620550548
1.0559218889527384,0.17707277350814143
1.0559698931230757,0.17707812331785533
1.0559893981854678,0.17708029705341877
1.0561973296453975,0.1771034699097837
1.0565282777561122,0.17714035231822958
1.056706972139102,0.17716026685772082
1.0569041431524808,0.17718224051949333
1.0570496039922517,0.17719845135717938
1.057210036310857,0.17721633068663048
1.0572278460718207,0.17721831548985775
1.057386096749987,0.17723595168707412
1.0574014107127347,0.17723765834685162
1.058922337254955,0.17740715752853625
1.0592672631943718,0.1774455976917197
1.0592855383178545,0.17744763435712693
1.0593268459123215,0.17745223786904227
1.0596380478142207,0.17748691966743718
1.060469944857695,0.177579630172646
1.060589959742637,0.1775930051938734
1.060960744096433,0.1776343271399407
1.0612720160343467,0.17766901674347724
1.0620428583243626,0.17775492302082765
1.0630312630337186,0.17786507547379524
1.0631819471641988,0.1778818684194768
1.0635111229924539,0.17791855331645956
1.0635142038317114,0.17791889665962474
1.063730015174054,0.17794294768701488
1.0637508051595392,0.17794526462042964
1.0642656500909717,0.17800264135240834
1.0646797319533967,0.17804878857575093
1.0647667080020184,0.1780584815942224
1.0649641394613805,0.17808048428131587
1.0653407078239567,0.1781224508244284
1.0657028844665344,0.17816281348681745
1.0657289891443007,0.17816572271444725
1.066752693436179,0.17827980911832253
1.0669141955602621,0.17829780767190978
1.0669329466556585,0.17829989738185778
1.067002930819748,0.17830769674508454
1.0672798278826534,0.17833855545145236
1.0673518472045718,0.17834658162220532
1.067638553188298,0.1783785334806789
1.06774156221437,0.178390013289296
1.0680249194899156,0.1784215919520362
1.0684587555589788,0.17846994067674454
1.0690444238976884,0.178535210301144
1.0690493186818322,0.17853575579882844
1.0692086970098336,0.17855351766662714
1.069575558815202,0.1785944024655146
1.0700757745331622,0.17865014884938415
1.0704646885111766,0.17869349124573877
1.0708103360329355,0.17873201182544013
1.0709517233674926,0.1787477686926147
1.0712230516732224,0.17877800679058484
1.0712689819176493,0.1787831254722758
1.0719262233748572,0.17885637154042794
1.0728949351523034,0.17896432932077266
1.0733872268022355,0.17901919260936505
1.0735366291111879,0.17903584270284836
1.073859853631046,0.17907186435813252
1.0739678198961085,0.17908389662469482
1.0747237560308485,0.17916814169024362
1.0747257246289839,0.1791683610800457
1.0747575167269927,0.17917190414044132
1.0748035111526912,0.179177029974794
1.0750301839453869,0.17920229145311367
1.0750633339242068,0.17920598584211073
1.0751264699846121,0.17921302202056927
1.075354421150246,0.17923842596676023
1.075537343491111,0.17925881168969146
1.0755482304654789,0.17926002498513685
1.0763649302774936,0.17935104183964998
1.0765576612264411,0.17937252067983403
1.0766687035839142,0.17938489576055058
1.076809513906562,0.1794005883228138
1.0770304252681306,0.17942520772024767
1.0773051720818623,0.17945582679277045
1.077350023899989,0.1794608252895804
1.0775512814341432,0.1794832543723797
1.078498593303864,0.1795888272467168
1.0789898611038926,0.17964357643267773
1.0797506429906436,0.17972836153154023
1.0801145046485336,0.17976891197993247
1.0801815971086053,0.17977638907811164
1.0804575364762345,0.1798071410544296
1.0804984092873284,0.17981169611204822
1.080576015855787,0.17982034495174032
1.0807590676163463,0.17984074509780884
1.0814790260243703,0.17992098063688286
1.082458125828713,0.18003009610762824
1.0830698627149475,0.1800982709331341
1.083322156855745,0.18012638777456066
1.083850317678603,0.18018524849188472
1.0839622434453002,0.18019772202386544
1.0840719325527206,0.1802099462920541
1.0848656712928715,0.1802984042571118
1.0851321150115805,0.18032809799381272
1.0859917873511948,0.1804239039081923
1.0869477596790207,0.18053044194456788
1.0871522625433487,0.180553232702171
1.0876593462874176,0.18060974449105704
1.0877638480267804,0.18062139065463884
1.0879108003857971,0.1806377677142197
1.0880223118226406,0.18065019507133964
1.0884357028717788,0.18069626530721208
1.0884955072435964,0.18070293018668046
1.0893031490531062,0.18079293757494422
1.0893267943862788,0.18079557272168678
1.090016585025742,0.1808724462232512
1.0904538288686778,0.1809211747262505
1.090654672889966,0.18094355772523799
1.0906887123893168,0.1809473512465717
1.0910879604503667,0.18099184532157048
1.0912360487022974,0.18100834897038087
1.091339530854597,0.18101988150640214
1.0922695643689952,0.18112352879984714
1.0929523667481607,0.18119962349693347
1.0938158465882124,0.1812958537370056
1.0938790670469194,0.18130289932120658
1.0943443764829641,0.18135475558543124
1.0943827284797578,0.1813590297116905
1.0946354458597838,0.1813871937208801
1.0946387648370575,0.18138756360326186
1.0959877940808007,0.18153790574440784
1.096821411506707,0.18163080797709746
1.096839889803412,0.18163286728508074
1.0979192545442458,0.18175315675024026
1.0986249872252736,0.18183180690762904
1.0988921726314953,0.18186158330146235
1.0991972258975609,0.18189557986706426
1.0993189718012655,0.18190914780113512
1.1003898886334236,0.18202849579176067
1.100525584972443,0.18204361842772165
1.1009774728696342,0.18209397893275645
1.1012292336586018,0.1821220363349555
1.1017550403140977,0.18218063469283602
1.102313125914763,0.18224283036764133
1.1023511887666229,0.18224707227023407
1.102781898476624,0.18229507257883693
1.102864277696045,0.18230425330511918
1.102892497065194,0.1823073982038673
1.104031001839957,0.18243427851156754
1.1041709066050345,0.18244987015425118
1.104227175220448,0.1824561409924556
1.1047333279753477,0.18251254902754566
1.1049066000621368,0.18253185928093674
1.1053300685210607,0.18257905259058343
1.105439035522022,0.18259119638384425
1.105572982097125,0.18260612401791412
1.1057068637867984,0.18262104442084764
1.1059668517094206,0.18265001869337763
1.1065794827290398,0.18271829316529814
1.1066864832156178,0.18273021780097998
1.1068945054508699,0.18275340077377233
1.1071136897808467,0.18277782770271198
1.10764111562338,0.1828366065103842
1.1076884850079327,0.18284188557659525
1.1084832327621907,0.1829304559909138
1.1088519096557863,0.18297154307173966
1.1089674422687892,0.18298441856757605
1.1091790517701725,0.1830080013221178
1.1092841252464962,0.18301971120274596
1.1094687794076832,0.18304028992785007
1.1094908256439917,0.18304274686374394
1.110426498549743,0.18314702263739033
1.1106710555308068,0.18317427721347593
1.110820840302941,0.18319096993044864
1.110912542220178,0.18320118962186635
1.111065086403816,0.18321818986058913
1.1111322786249245,0.18322567807660567
1.1113916854804327,0.18325458759229332
1.1115013460286005,0.18326680867770512
1.1116630123847282,0.18328482553408107
1.1119031950156082,0.18331159261208177
1.112542870194638,0.1833828810118695
1.1126044358660585,0.18338974217881995
1.1128840202653159,0.18342090037454498
1.113039793766823,0.1834382605035852
1.1140749029821333,0.18355361792557698
1.1147540631760673,0.183629306720472
1.1152767457643935,0.1836875569176661
1.1158894053912807,0.18375583457771472
1.115966693063827,0.18376444787815185
1.1161389099180161,0.1837836405314767
1.1165150306813711,0.1838255571920343
1.1167993327950023,0.18385724115195876
1.1168370674105543,0.18386144647435904
1.1170577583323062,0.18388604130494668
1.1173507164036025,0.1839186899253595
1.1173642312710983,0.18392019608553054
1.1174027308262287,0.18392448665638236
1.1176667663221063,0.18395391200944494
1.1177130436300673,0.1839590693695226
1.1178887873325543,0.1839786550713503
1.1179427557756527,0.18398466956757217
1.1184066551722662,0.18403636869039455
1.1193494568159206,0.1841414389240017
1.1198418170896742,0.1841963098603543
1.1205706501171295,0.18427753442860867
1.1210918659646545,0.18433562116533406
1.12115056100819,0.18434216241605983
1.1211666315850262,0.18434395339645715
1.1221391593413048,0.18445233644736655
1.1221533226992595,0.18445391487835355
1.1221777862545914,0.18445664121160812
1.1222117811813586,0.18446042976556426
1.1222244262114613,0.18446183898697974
1.122311000540009,0.1844714872358836
1.1229433064722913,0.1845419543722778
1.1232878484540338,0.18458035174541856
1.1234609225238588,0.18459963993087122
1.1239308702243358,0.18465201310502144
1.1241533152951564,0.18467680342620213
1.124328593956097,0.18469633730162055
1.1246077611271248,0.18472744899947627
1.1250321178557767,0.1847747413020644
1.1250723947681618,0.18477922994993826
1.1252341386573779,0.18479725544696488
1.1253694361081155,0.18481233362894642
1.125448033084378,0.18482109284432566
1.1254584262389398,0.18482225110617753
1.1254890756801712,0.18482566682354698
1.1255602391056525,0.1848335976091898
1.1256180807282254,0.18484004375068405
1.125716001393432,0.1848509564885197
1.1257855936894505,0.18485871218013214
1.1261777952216963,0.1849024209569374
1.1277681578507763,0.18507965842155377
1.1283215096377675,0.18514132653797832
1.1286688462754488,0.18518003536067412
1.1301595282320467,0.1853461639439957
1.1301707752568937,0.18534741736515378
1.130378706404532,0.18537059018671562
1.1309337727926987,0.18543244938633063
1.1318031208039716,0.1855293336029048
1.1322632073587031,0.18558060780475896
1.1323143225090928,0.1855863043166694
1.1325071674662024,0.1856077958624573
1.1326480951654496,0.18562350150571882
1.132835494051414,0.18564438611581524
1.1328695887805984,0.18564818579222048
1.1329482137632272,0.18565694812876044
1.1331182074440367,0.1856758930212249
1.1331822501061208,0.18568303023562344
1.133409514814059,0.18570835767975175
1.1338724247884968,0.18575994653672986
1.1338986851888588,0.18576287311881556
1.134100466015002,0.18578536051972644
1.1343703613379787,0.18581543891938293
1.1347393027279902,0.18585655547692895
1.1349770342955396,0.18588304939694522
1.135019890358632,0.1858878254774612
1.1350217074263678,0.1858880279800054
1.1352064337217862,0.18590861474408618
1.1354332523887365,0.18593389247931646
1.1354862097446121,0.18593979429523974
1.1356113709338338,0.18595374284473432
1.1357264168408443,0.18596656409977402
1.135872608633223,0.1859828563982443
1.1366147301010836,0.18606556189257364
1.1366504725297568,0.18606954519633181
1.136841058013745,0.186090784935846
1.1369461871611848,0.18610250102072423
1.1369678075726692,0.18610491050070405
1.1374025971428343,0.18615336548804387
1.1385033246927005,0.18627603572475868
1.1387753337011683,0.18630634968343207
1.1387823913054127,0.18630713621592462
1.1388823574331055,0.18631827690968575
1.1396387664279908,0.18640257467298524
1.1398845349227327,0.1864299642658329
1.140624240719337,0.1865124005464363
1.1409620523979471,0.1865500478630546
1.1412011774789734,0.18657669708274335
1.14126440167879,0.186583743083871
1.1415054137046403,0.18661060259353424
1.1415349366741787,0.186613892771619
1.141635248691617,0.1866250720129543
1.1420833797613705,0.18667501383953317
1.1426596700364609,0.18673923832857262
1.142663473226812,0.18673966217392896
1.1431949311426486,0.18679889033474648
1.1436829545528442,0.18685327795069953
1.1440748888808234,0.18689695694900904
1.145615365193633,0.18706863484874814
1.1458365345797772,0.18709328300164987
1.146530575969966,0.18717063022679634
1.1467400053039543,0.18719397001326635
1.1468939293190419,0.1872111240268723
1.147092809706809,0.18723328818933757
1.14774498925313,0.187305970134418
1.1479183413034226,0.18732528929931666
1.1485441742582114,0.18739503505676341
1.1486721817834866,0.18740930081528712
1.1486735091890758,0.18740944874758686
1.148726593622619,0.18741536472564096
1.149056253889281,0.18745210361071007
1.1496954189219943,0.18752333515740147
1.150400829363611,0.18760194940292002
1.1508050200704707,0.18764699430953155
1.1509618995284612,0.18766447769154532
1.1510130356909178,0.1876701765451391
1.1512415359713013,0.18769564168725114
1.1517104883677258,0.18774790394005322
1.1519721751558418,0.18777706754211565
1.152475505773254,0.18783316106497808
1.1527283647236515,0.18786134085143336
1.1530699421204837,0.18789940783733824
1.1540962596724715,0.1880137854751672
1.154412033971887,0.18804897684296976
1.1552489553878516,0.18814224728779563
1.1553089791131703,0.18814893661304619
1.1556195984392335,0.18818355348645968
1.1556906412169596,0.18819147082655138
1.1558346268509492,0.18820751726039156
1.1561129404508534,0.1882385338322811
1.1561297209614119,0.18824040393101957
1.1561632876549528,0.18824414476065798
1.1570676061649299,0.188344926253497
1.1573042667835667,0.1883713008219474
1.1576973006985547,0.1884151023633865
1.1577903282349047,0.18842546978801072
1.1578365070547016,0.18843061617210588
1.158803654943695,0.1885383996653922
1.1590676342503878,0.1885678187564686
1.1597614668497966,0.18864514271299193
1.1600368625041804,0.18867583409535768
1.1602075725293157,0.18869485882059106
1.160694103200445,0.18874908007870686
1.1612002571468951,0.18880548824658883
1.1612770638551648,0.188814047946113
1.161986229514131,0.1888930806906518
1.1625985989323626,0.18896132600848778
1.1627199783442246,0.18897485309899004
1.1628791241209075,0.18899258905018
1.1632775834564324,0.1890369952259098
1.163362920389939,0.18904650557371125
1.163557181910402,0.18906815498795795
1.1641977896810718,0.18913954732012858
1.1642657005728687,0.18914711562817468
1.1643162766158235,0.1891527520594261
1.1646735590847628,0.18919256929216838
1.166035011060582,0.18934429588079607
1.1667563474394838,0.18942468498740253
1.1668046395809062,0.18943006688996364
1.167438168422654,0.18950067031311985
1.1678856824730137,0.18955054337616575
1.1685112303648537,0.1896202573648615
1.1688333820689352,0.18965615946052783
1.169003514603984,0.18967511982755944
1.1691038475529123,0.18968630140159817
1.1693831578359872,0.18971742904853123
1.1694673890998655,0.18972681617532752
1.1698391348363602,0.18976824526238822
1.1700842588700149,0.18979556303347206
1.1702440288038167,0.1898133685436565
1.1704821207388774,0.18983990262471703
1.170810108377162,0.18987645510424098
1.1711470386255027,0.1899140041901391
1.1714253466777773,0.18994502014377473
1.1714366724144691,0.18994628233694988
1.1714459301266664,0.18994731405978335
1.1715958106891589,0.18996401745208247
1.1717618477206189,0.18998252139700064
1.1724774171061625,0.19006226780284033
1.1730596568086988,0.1901271553239563
1.173633626753594,0.19019112122452456
1.1737228166738618,0.19020106096722758
1.1738570558512433,0.19021602121026668
1.1740786588732743,0.190240717689584
1.1743249333563384,0.19026816367214158
1.1747324561074206,0.1903135799173769
1.1747992942299166,0.19032102867098455
1.1748750498238427,0.1903294712294002
1.1751132159816475,0.19035601358219123
1.1753280234264678,0.1903799527305367
1.175517640011321,0.19040108449139054
1.1756737354953872,0.1904184805036761
1.176565001451112,0.19051780735869847
1.1766882497522262,0.19053154272697756
1.1768222023981523,0.1905464710376084
1.1769029655508911,0.19055547166184597
1.1769283026003319,0.19055829534137772
1.1770486122020556,0.19057170320722458
1.1772587210087455,0.1905951187173166
1.1775842418846951,0.19063139628928538
1.1777110163012385,0.19064552462439316
1.1782167339588128,0.19070188417019815
1.1785578437775301,0.1907398990470066
1.1786630353403174,0.19075162208774368
1.178739625123166,0.19076015761208218
1.1787620707538777,0.1907626590583601
1.1788021253620131,0.19076712293160664
1.1788156528824896,0.19076863050188522
1.1789215520485243,0.19078043240124437
1.1789671473884051,0.1907855137596032
1.1790328626104247,0.1907928373719193
1.179878957335902,0.190887130133348
1.180252517862858,0.1909287614691627
1.1804725975492414,0.1909532881808163
1.181072944048364,0.1910201936082014
1.1813524644320172,0.1910513446697275
1.181775130008825,0.19109844850242846
1.1825477902907153,0.1911845573853134
1.1826660651747312,0.19119773849268312
1.1829473181806636,0.19122908264575597
1.1830673455302119,0.19124245905609763
1.1833769221631063,0.1912769597268977
1.1835440248520497,0.19129558243368006
1.1836178607747962,0.19130381105494285
1.1845828924113393,0.19141135870313827
1.1853545614962184,0.19149735712238306
1.1859128130706822,0.1915595712940863
1.1861766547933774,0.19158897505215727
1.1863040988042708,0.19160317800999738
1.1863391383842044,0.1916070829849981
1.1865315806343875,0.19162852965123875
1.1867812586498787,0.1916563549394007
1.1868173566026474,0.19166037786443021
1.1871407123976991,0.19169641414963723
1.1871859382514358,0.1917014543307285
1.18721684225913,0.19170489841817745
1.1877676651683442,0.19176628470461093
1.1880546403991283,0.1917982665692384
1.1883761620934516,0.1918340984536647
1.1888226884550486,0.19188386144404607
1.1888292956975905,0.1918845977861198
1.189201743611333,0.19192610512710376
1.1896908698262336,0.19198061564478142
1.1900120842108775,0.1920164132811768
1.1901313971013892,0.19202971006885503
1.1912693668301966,0.1921565307485266
1.1919341237437504,0.1922306143743551
1.1920558278130413,0.19224417764620283
1.1922144542011788,0.19226185571429913
1.1922576023623406,0.19226666434759282
1.1922655855501885,0.19226755403145976
1.192566287422209,0.19230106565731653
1.1926082638414375,0.19230574370619777
1.1926416385083753,0.19230946313549166
1.1926621559941244,0.19231174970025872
1.1928462655796062,0.19233226773529394
1.1929304520934092,0.19234164987493224
1.1934368993307112,0.19239809072852124
1.194564169928477,0.19252371904688798
1.1947021725663576,0.1925390987076025
1.194851559722006,0.19255574711233053
1.1951326196948138,0.19258706975288728
1.1956349529793815,0.19264305212830365
1.1960172175579897,0.19268565348442607
1.1961435835164362,0.19269973629904918
1.1968536061286466,0.1927788645464737
1.1975434186287905,0.19285574048429474
1.1977641254906912,0.19288033709132735
1.197829427661261,0.19288761467125412
1.198259159419928,0.19293550599237708
1.1984571512787445,0.1929575711330121
1.1994325559296504,0.19306627479854133
1.199851314597188,0.19311294322696343
1.1999542967379346,0.19312442003935393
1.2007328907131012,0.19321119020082578
1.200862075194717,0.19322558712487986
1.2009910591745967,0.19323996170408086
1.2010075854818512,0.1932418034732118
1.201073543176427,0.193249154107806
1.2011773457690376,0.19326072235519712
1.201707324184695,0.193319785633581
1.2020557604089885,0.19335861699936202
1.2022825184803856,0.1933838879815398
1.2023372446293794,0.19338998692005765
1.2024100996858558,0.19339810622898648
1.20318135192586,0.19348405819308484
1.2036546613279604,0.19353680601101864
1.2036819116777147,0.19353984291770393
1.2039746432659173,0.1935724662977793
1.2046227300867463,0.1936446921303503
1.205477357991591,0.19373993586927837
1.205713606290875,0.19376626448692785
1.2065455536900078,0.19385898060400714
1.2067648285404187,0.1938834176209682
1.207062711371219,0.19391661507966002
1.207330320260439,0.19394643866842326
1.2075135403031387,0.19396685756864215
1.2077631614925846,0.19399467652384333
1.2081071836371668,0.19403301596389477
1.2087804668939603,0.1941080498053726
1.2089733511996186,0.19412954573634714
1.2092745584500204,0.1941631136839391
1.209518074020332,0.19419025220032993
1.209521566389479,0.19419064140631467
1.2105052825576996,0.19430027134628536
1.2105329947034893,0.1943033597176851
1.2108438267760873,0.1943380003005693
1.2110313127190748,0.19435889461270842
1.2111558839120191,0.19437277741025283
1.2114641104492776,0.19440712762006798
1.2126673781445378,0.1945412254111398
1.2130436304691585,0.19458315673350138
1.2132748086418834,0.194608920312486
1.2133416388248053,0.19461636818127032
1.2134242430365285,0.19462557398174923
1.2135384412655867,0.1946383007675853
1.2136823869342497,0.19465434274750218
1.2137741708859155,0.19466457158122116
1.2140149192612406,0.19469140170843427
1.2143117295627055,0.1947244796394305
1.2153040953817795,0.19483507353702878
1.2154872736456643,0.19485548778122078
1.2156253614949404,0.19487087693829253
1.2157569686766698,0.19488554385940127
1.216162129901398,0.19493069692507237
1.2166365549643587,0.19498356907748093
1.2176860750523673,0.1951005325146626
1.2177800753793568,0.1951110083516348
1.217956013778032,0.19513061575131813
1.218456397320343,0.19518638083831982
1.2192197115665755,0.19527144815519093
1.2194910540152848,0.195301687829321
1.2200279189168872,0.195361518569972
1.2205607975174786,0.19542090505855653
1.2207863605072498,0.1954460428552372
1.2209401135388596,0.1954631778136431
1.220974623803331,0.19546702379924816
1.221478427243635,0.19552317001570946
1.2215885216543185,0.1955354394527934
1.221733371612251,0.19555158221094446
1.2219131521604327,0.19557161779777507
1.2226198556777859,0.1956503761497137
1.222684464028966,0.1956575764071562
1.2230655174045202,0.19570004278113384
1.2230714783298458,0.195700707094588
1.2232794862327236,0.19572388847011346
1.2236191969001964,0.1957617474189501
1.2236984333366587,0.19577057789877084
1.22375148127649,0.19577648980979473
1.2238143453461972,0.1957834956763352
1.224799385822328,0.19589327320338573
1.2249315110676817,0.19590799785993268
1.225058390995534,0.1959221379537151
1.2252936743292915,0.19594835903108396
1.2253039393599265,0.19594950301420505
1.2254520191025429,0.19596600571469758
1.2256022259390047,0.19598274546849703
1.225748256447086,0.19599901979268933
1.2258649313869892,0.19601202259478898
1.225865895408143,0.1960121300298243
1.2259581794319927,0.19602241459393102
1.2260014491279925,0.19602723677163666
1.226384409252697,0.19606991564267556
1.227096031806017,0.19614922219503553
1.2270987579772408,0.19614952601233282
1.2271405795677661,0.19615418680637783
1.2273370709061584,0.19617608472198453
1.2275111426496532,0.1961954840928665
1.2275311048639224,0.19619770877557757
1.2289448942068766,0.19635526808567774
1.229025104726807,0.19636420712192523
1.2292172233436687,0.1963856177209518
1.2296897413644794,0.19643827734364583
1.2299166042812595,0.1964635600102845
1.2311335190928274,0.19659917869995483
1.2312657825597033,0.19661391876055595
1.2314600185520335,0.1966355653298279
1.2316405078846955,0.19665567990692273
1.2319746919969787,0.1966929229505488
1.2324978187516988,0.1967512226477275
1.2327383345738216,0.19677802685812182
1.2328061170310018,0.19678558085281234
1.23290372623944,0.19679645888044606
1.2330885594882148,0.19681705756391024
1.2331210063666675,0.19682067359610722
1.2334641465271008,0.19685891474371164
1.23362260108397,0.19687657366212621
1.2336865735750417,0.19688370305633823
1.2340501473318128,0.1969242214196806
1.2342223337989515,0.19694341068653007
1.2345439139805445,0.1969792490890518
1.2345776112004556,0.1969830044651606
1.2345888899559339,0.196984261422529
1.2349653549990185,0.19702621645123308
1.2351700300099253,0.1970490263936576
1.2356290639460838,0.19710018328676485
1.2358220551625454,0.19712169113238032
1.2358918350049806,0.19712946772504444
1.236723285424745,0.19722212845641396
1.2367467874965181,0.19722474763743475
1.2367991563176441,0.1972305838642875
1.237098306540137,0.19726392256704903
1.2374106322792424,0.19729872961112896
1.2374771332154038,0.19730614078711134
1.2375207076718884,0.19731099692875356
1.2378329157392458,0.1973457908589425
1.238157894543442,0.1973820080198947
1.2386906174376988,0.1974413771558356
1.2388003485206165,0.1974536061019705
1.2388044107099276,0.19745405881138475
1.2392212608288056,0.19750051454219988
1.2393530473039776,0.19751520144461007
1.2393824934657283,0.19751848306287506
1.2399630834981832,0.197583186737026
1.2400225199515815,0.19758981061394149
1.2400910000171175,0.19759744235337662
1.2401452706368148,0.19760349052557483
1.2403908107784765,0.19763085466968508
1.240557621441558,0.19764944483173666
1.2406622892646242,0.1976611095044648
1.2407130936098936,0.19766677137879612
1.2408199345212396,0.1976786782306662
1.2409439799928332,0.1976925024393595
1.2409913015045753,0.19769777617040027
1.241001759555602,0.19769894166461824
1.2414010066018903,0.19774343562652724
1.2415569524032832,0.19776081495747416
1.2415795213162455,0.19776333014290393
1.2417511954009435,0.1977824623074529
1.2421882877234365,0.197831173924304
1.242190166420537,0.19783138329511343
1.24233510076437,0.19784753545762462
1.2427369245126834,0.19789231657928302
1.2427423760481353,0.1978929241239424
1.2429453582847105,0.1979155454156622
1.2433152406017254,0.19795676683452323
1.2435438425548462,0.19798224330752162
1.2436921276270354,0.19799876889090415
1.2438377958940559,0.19801500284525492
1.2442154250175046,0.19805708760453036
1.2443133678493903,0.19806800281272466
1.2443154676119423,0.198068236820104
1.2443370734503296,0.19807064467598953
1.2443593751196897,0.19807313007853977
1.2448527778398006,0.1981281171899999
1.2454424306889325,0.19819383086691422
1.2467503972885055,0.1983395967945539
1.2468886449646222,0.1983550037634778
1.2471231505428257,0.1983811381641228
1.2479351820853586,0.19847163476480703
1.249130735381246,0.19860487282705924
1.2491566721123237,0.19860776333792293
1.2495233326469322,0.19864862570625372
1.2495361686337598,0.19865005620878162
1.2497945873545093,0.19867885560210075
1.2498724853993755,0.19868753692528973
1.249873786973553,0.1986876819788159
1.2501120362764164,0.198714233597682
1.2502672943376376,0.1987315362836411
1.2504305326587213,0.19874972832715876
1.2504775272570157,0.19875496562543277
1.250698102494148,0.19877954756358426
1.250987992101597,0.1988118542200056
1.2512209291004155,0.1988378138108127
1.2514152389357391,0.1988594686094939
1.25199549690205,0.19892413527663755
1.2520424419105771,0.19892936704839542
1.2521894179484794,0.19894574674686227
1.2522837190321592,0.1989562561015694
1.2533542531859787,0.1990755614447275
1.2534813585008047,0.19908972665669053
1.2538024224865076,0.1991255075319231
1.2538071377015902,0.19912603301758974
1.254012620539919,0.19914893298808806
1.2544024849214575,0.19919238130186545
1.2545694333105448,0.1992109868127487
1.2548836476438947,0.19924600433062215
1.2551766164872218,0.1992786541515205
1.2552822844101965,0.19929043028006937
1.2553622313697754,0.19929933994391613
1.256073752956712,0.19937863524410898
1.256596408832637,0.199436882464348
1.256885053893897,0.19946905042270932
1.2570276458757301,0.19948494154142196
1.2574000079743664,0.1995264393187683
1.2582603432239978,0.19962231911094686
1.2583065147759442,0.19962746468507858
1.2584023745588888,0.1996381477485367
1.258732282578702,0.19967491424437805
1.25897482481567,0.19970194428793955
1.2592355678364506,0.19973100271214703
1.2594267770445147,0.1997523119623953
1.2599062820906548,0.19980575025193678
1.2600945726831227,0.19982673423798492
1.2604309178936537,0.1998642181245277
1.2605603205857012,0.19987863936697498
1.2610272207429385,0.19993067290862426
1.2611311799649216,0.19994225861152687
1.2616732203049281,0.2000026661272883
1.262480142789227,0.20009259335057933
1.2629088100707808,0.20014036604138422
1.2631750440582201,0.2001700364046496
1.263490166443155,0.2002051551200472
1.264857433541935,0.20035752977323018
1.264910970514196,0.20036349618431987
1.2654335782682624,0.20042173804163332
1.266220831423973,0.20050947322276627
1.2678686637729277,0.20069311538229723
1.2678790318760118,0.20069427085229496
1.267897030108383,0.2006962766596592
1.2679383932684363,0.2007008863640639
1.2682674232692184,0.20073755500934953
1.2688587535608444,0.20080345562831678
1.270077026596606,0.20093922568485648
1.2707067694640943,0.2010094071812983
1.2710252052869861,0.20104489516175025
1.2713332348876762,0.20107922342403134
1.2718201117086994,0.2011334832587136
1.2719404895470474,0.2011468987291696
1.271943579402328,0.2011472430771227
1.272164745194195,0.20117189082946146
1.2723272488965238,0.20119000100362225
1.2732898659198264,0.2012972795560021
1.2736366556716514,0.20133592743117504
1.273819696566129,0.20135632636627646
1.2739764971918799,0.20137380096285606
1.274114217997848,0.20138914921490148
1.2744171609209916,0.20142291059399808
1.2745293424592101,0.20143541263035575
1.2751013999574001,0.20149916539890056
1.2753592700723793,0.20152790365302164
1.275742642423901,0.20157062846454896
1.275882249463269,0.2015861869272844
1.2760750194654478,0.2016076701197434
1.2764644580755202,0.20165107098355325
1.2769925784987082,0.20170992719854886
1.2771096766867485,0.2017229771694045
1.2773990505838608,0.20175522635264898
1.2777171438889292,0.20179067616130947
1.2780678917535362,0.2018297651471206
1.2780926187949895,0.20183252084450332
1.2786220939574717,0.20189152803799484
1.2786516493147473,0.2018948218255207
1.2792565189131095,0.2019622313282826
1.2795820473103636,0.20199850973846084
1.2804085413918032,0.2020906181122595
1.280680427376379,0.20212091836057383
1.2808833160937274,0.2021435292300728
1.2809231153331142,0.20214796464382914
1.281165399355191,0.202174965910713
1.2811711092775757,0.20217560225122314
1.2814264578950947,0.20220405949785025
1.2814280239428097,0.2022042340255469
1.2816671048877162,0.20223087832649966
1.281832509661061,0.20224931180961045
1.2822147827770647,0.20229191411718014
1.2822267839597827,0.20229325158522574
1.2825812973929294,0.20233276022364222
1.2828437162580313,0.20236200541179475
1.283073135479064,0.20238757296495943
1.2832725720313014,0.20240979910899984
1.2832805612073668,0.20241068946022184
1.2836751981769234,0.20245466965357473
1.283878300430818,0.2024773043205871
1.284601481671355,0.20255789902722016
1.285810563405938,0.20269264476208154
1.2859124952928427,0.2027040045292618
1.2861595764141924,0.20273154040737026
1.2862059009731108,0.20273670303331615
1.286212109857006,0.2027373949804353
1.2865472745583268,0.20277474730549933
1.2866087192537354,0.20278159499031617
1.2867342724671484,0.20279558722882376
1.287103482764112,0.2028367337546208
1.287323180194194,0.2028612178658407
1.2873588401839984,0.202865191982225
1.2875054937958004,0.20288153574801612
1.2875750941640842,0.2028892923392397
1.2876636489828812,0.20289916130325847
1.289112150120361,0.20306058905841723
1.2896463183033167,0.20312011926410417
1.2896645141931882,0.20312214709934642
1.2897376511870295,0.2031302978286964
1.2899598737152003,0.20315506334868133
1.2901061203844828,0.20317136176289097
1.2907236998184526,0.20324018770929747
1.2909677513829434,0.20326738595939162
1.2914051542808913,0.20331613218822683
1.2914180724982551,0.20331757185491106
1.2918830173763067,0.20336938749108444
1.29229987586049,0.20341584415416847
1.292467137396739,0.20343448456363886
1.2925239988075634,0.20344082146574208
1.2929444729775494,0.2034876810777968
1.2929784859274815,0.20349147164033882
1.2932736613377158,0.20352436737139434
1.2934968667603481,0.2035492424297444
1.2939885460321725,0.20360403747205058
1.29424848904055,0.20363300673912663
1.2946511664579503,0.20367788299766876
1.295002840282,0.20371707517673962
1.2950461464142575,0.20372190141507243
1.295049370213331,0.20372226069034954
1.2951565954385655,0.20373421037196052
1.2955550268675857,0.20377861343765874
1.296199302818452,0.20385041456902137
1.2962325983399872,0.20385412517798068
1.2963072655191126,0.20386244643835003
1.2970987813598271,0.20395065667307685
1.2972048193189225,0.2039624740401852
1.2973613563362656,0.20397991925900832
1.297672282386901,0.20401457031524556
1.2990774908686835,0.20417117333396245
1.2994542486771314,0.20421316098981077
1.299478383389898,0.20421585067530876
1.2999610557468975,0.20426964194481598
1.3001526803458214,0.20429099748816842
1.3011682503802398,0.20440417737227115
1.3019416348081474,0.204490366957382
1.301984251363596,0.2044951163460436
1.3022204587647719,0.2045214404058162
1.3023833079087093,0.20453958907760886
1.3026190822847665,0.20456586487903283
1.3035958661558118,0.2046747222513181
1.303954724023046,0.20471471505382946
1.3046675531023673,0.20479415606710127
1.3047026306695184,0.20479806527557554
1.3048757342115258,0.20481735674554627
1.3049654286718688,0.20482735271655989
1.3052854824067919,0.2048630210047109
1.3055999966042204,0.20489807194084259
1.305985818530287,0.20494106974443727
1.3062130490829789,0.2049663933821448
1.3066201159274153,0.20501175881900693
1.3067368349778359,0.20502476653698942
1.3069522512540777,0.20504877353636178
1.307211647955622,0.20507768192044412
1.3072459821277251,0.20508150828149033
1.3075249644730669,0.20511259938150553
1.3084098082197038,0.20521121051544938
1.3085406294245179,0.20522578984360718
1.3086049889169853,0.2052329623670684
1.3087462785741641,0.20524870834861816
1.3091997549757657,0.20529924588402904
1.3099316845338993,0.20538081554417406
1.3112464042104555,0.20552733406636092
1.311248582274134,0.2055275767999848
1.3115254857350378,0.20555843621937547
1.3117208232711774,0.20558020554985185
1.3117209654918764,0.20558022139959317
1.311878019143747,0.20559772419458924
1.3122309230542002,0.20563705346025368
1.3122340633196536,0.20563740342615272
1.3128587671809049,0.2057070233521241
1.3129542548774324,0.20571766494852806
1.3136013858432953,0.20578978425614192
1.3138339348058785,0.20581570060237253
1.3138483477707363,0.20581730685072264
1.3146029641517227,0.2059014048367281
1.3146400424464928,0.20590553701566466
1.3147480107656502,0.20591756951114487
1.3147489841735296,0.20591767799228083
1.315055766817532,0.2059518672878649
1.3153661836591057,0.2059864615954578
1.315514974076745,0.20600304349690554
1.3159104292811137,0.20604711487818053
1.3160645069328787,0.20606428601377785
1.3165043508770826,0.20611330428424782
1.3165395637050885,0.2061172285668256
1.3171084411797775,0.20618062693864828
1.317229366420431,0.20619410341418268
1.317835191476703,0.20626161939765172
1.3181860962677456,0.20630072587208018
1.3183589268032165,0.20631998691692305
1.3184241764407905,0.2063272586423266
1.3188628910948732,0.20637615105941307
1.3189203796016078,0.20638255784802337
1.3191491180201882,0.20640804952937217
1.3201025045357402,0.2065142993907095
1.3201556204379685,0.2065202188757814
1.3205643047457534,0.2065657645703393
1.3211715033828721,0.20663343363209516
1.3211798821554623,0.2066343674017797
1.3216986677013258,0.20669218329429837
1.3221702372564463,0.20674473721553085
1.322331208362519,0.20676267658998243
1.3224438349357983,0.20677522822313282
1.3224492467654119,0.20677583134278754
1.3226317213917467,0.20679616717031335
1.3227212829321144,0.20680614832810185
1.3237719166009283,0.20692323586794742
1.324302187032108,0.20698233168990954
1.3244103722736678,0.20699438836023892
1.3246865767611784,0.20702516988275899
1.3247000586094706,0.2070266723631153
1.3249148988501438,0.20705061516638437
1.3253002107849081,0.20709355613415814
1.3255884720011142,0.2071256813150278
1.3257495482413435,0.20714363240612252
1.3259429665031326,0.20716518784367066
1.3266565760787228,0.20724471583910442
1.3273066971387926,0.2073171683768299
1.3274737197153383,0.20733578215551118
1.3277932243472583,0.20737138924905024
1.3281974749969423,0.20741644083597102
1.328689009641038,0.20747121976028524
1.3290281094556171,0.20750901063281268
1.3292802182403036,0.20753710681728552
1.3295901048365166,0.20757164203185047
1.3296662447304928,0.2075801274184647
1.3300553883189632,0.20762349540368458
1.3303121127040693,0.2076521059722992
1.3305266785230716,0.20767601819273118
1.3305653829495065,0.20768033159540128
1.3307882869448016,0.20770517306127614
1.3308836268028055,0.20771579818186217
1.33127299474079,0.20775919116964328
1.3329358411697514,0.20794450656861377
1.333030491979043,0.20795505489838198
1.3333545014383277,0.20799116403099446
1.333557967189551,0.20801383920785266
1.3338365407767734,0.2080448847539474
1.334198793760428,0.20808525592414384
1.3343799231867055,0.2081054418362709
1.33514602704515,0.2081908200406004
1.3353079718384955,0.20820886792732485
1.335428783245212,0.2082223317166718
1.335496395284187,0.20822986671915883
1.336432411725525,0.20833418077802102
1.3369472480089055,0.20839155654622024
1.3370678957926638,0.20840500210065796
1.3372139119675792,0.208421274827495
1.3382524054803362,0.20853700941145475
1.3388034686483452,0.20859842247345425
1.3388992857346302,0.2086091007785964
1.3391615218221367,0.20863832559715714
1.339393956636026,0.2086642292221223
1.339807931951114,0.20871036457133033
1.3400321557830237,0.2087353531259829
1.3405964356459656,0.20879823911840578
1.3416074756682264,0.20891091415672386
1.342123998147157,0.20896847784245762
1.3421508744058102,0.20897147305867747
1.3427523524910843,0.2090385045953264
1.3431298139106798,0.20908057066489844
1.3432985710525964,0.20909937775167367
1.3444057749157756,0.2092227697390953
1.344425454467341,0.20922496292054993
1.3444585500598165,0.20922865124847786
1.344778262160616,0.2092642814633211
1.3450790622663509,0.20929780403680345
1.3456591483564582,0.20936245154925745
1.3456621080346902,0.20936278138967016
1.3458090859981153,0.2093791613027262
1.3465847822074442,0.20946560852359278
1.3475821463211963,0.20957675945457455
1.3477203536805606,0.2095921619304106
1.3479229749600083,0.20961474299537664
1.3483818444118694,0.20966588155758284
1.3486700775296203,0.20969800360702895
1.3489479230184005,0.2097289680104211
1.3490714960552121,0.2097427395687682
1.3497098187756198,0.20981387724422876
1.3497479257787208,0.2098181240672427
1.3502269234697106,0.20987150581474848
1.3512781999000651,0.20998866498695234
1.3512846873668132,0.20998938798065023
1.3517180622509462,0.21003768530874872
1.3526804241270562,0.21014493542632962
1.3526820447370425,0.21014511603470154
1.3527866137353393,0.21015676969393413
1.3534227119461177,0.2102276594596164
1.3536423928085948,0.21025214172446485
1.3542418433672436,0.2103189473040447
1.3542763320445035,0.21032279088386968
1.3546493134361572,0.2103643576781322
1.3548075692654213,0.21038199444941105
1.3554812616155887,0.21045707388217177
1.3560348561853648,0.21051876905544764
1.3561118086741402,0.2105273450014344
1.3562634011883714,0.2105442391816585
1.3568477163464143,0.2106093580012627
1.3572643862373686,0.2106557936466334
1.3573546636965916,0.21066585458977438
1.3579915392588555,0.21073683098714924
1.3586841082254968,0.21081401411851508
1.3587502776701221,0.21082138835152714
1.3592515976423916,0.2108772577986719
1.359597442926203,0.2109158004179032
1.360137459524952,0.2109759823984546
1.360252507003921,0.21098880382868077
1.3604201884739253,0.21100749103753702
1.3604624117230204,0.2110121965942953
1.3609480209975888,0.21106631516766028
1.3612058725319722,0.2110950513510728
1.3619765905852794,0.21118094378290214
1.3626633685187286,0.2112574815343893
1.3630046285461077,0.21129551315115488
1.3642131955559695,0.21143020152268113
1.3643854275684706,0.21144939586531927
1.364479127925529,0.2114598382722364
1.3646935187104503,0.21148373098605017
1.3651998516711876,0.21154015910412322
1.3652202622966314,0.21154243375987708
1.36522978452744,0.21154349496190422
1.3654290211714344,0.21156569882723314
1.3658710561797678,0.2116149612801581
1.3664023550430417,0.21167417171541258
1.3669008224384753,0.2117297232580263
1.3680741297098384,0.2118604821190495
1.3687243009180172,0.21193294024551523
1.3689064318869484,0.21195323777424935
1.3692951858538995,0.21199656233822117
1.369421079676845,0.21201059253585136
1.3697813135392876,0.2120507386857174
1.370077024510948,0.2120836941022482
1.3701395538897958,0.21209066266927082
1.3702726894079813,0.2121054999153568
1.3702945133894127,0.21210793208212553
1.371070012764916,0.21219435736690806
1.3713760196412055,0.2122284602073025
1.3718177933290985,0.2122776935374529
1.3720630103955405,0.21230502167654652
1.3723866746498294,0.2123410923378965
1.3725270401776533,0.21235673533014
1.3726578131254936,0.2123713092803145
1.3728426440436348,0.21239190770404198
1.373091236602724,0.21241961202385545
1.3738602206056199,0.2125053112049804
1.3740151329368249,0.21252257536116623
1.3740242629986155,0.21252359285804018
1.3743442012781895,0.21255924827930608
1.3743740809467102,0.2125625782095971
1.3745447782488018,0.21258160151691474
1.374716199579234,0.21260070551334398
1.374784447658619,0.21260831139915506
1.3748316243745895,0.2126135689934764
1.3761066763782417,0.2127556667642925
1.3762466514978349,0.2127712662476131
1.3763889344353462,0.21278712292497803
1.3764648309363487,0.21279558118673866
1.3764671771447734,0.212795842659201
1.3765579542558275,0.21280595928588358
1.3767218299094353,0.21282422235672463
1.3770953248970672,0.21286584638852984
1.3772885674437778,0.2128873822435662
1.377294806801726,0.2128880775868567
1.3773805315481626,0.2128976311543485
1.3775517311253667,0.21291671043755866
1.3784161602692864,0.2130130464725027
1.3787483907753273,0.21305007179709362
1.379266445805251,0.21310780627749232
1.3794121875528942,0.21312404842086813
1.37952161770842,0.21313624383024415
1.3799299895713972,0.21318175470448839
1.3799753275950029,0.21318680738631557
1.380137166972561,0.21320484352501065
1.380294738809498,0.21322240406897902
1.3803098419779443,0.21322408723685163
1.380584574438907,0.2132547047098345
1.3808280265048312,0.2132818361489988
1.3810325825574894,0.21330463283415863
1.3820429179106593,0.21341722934085075
1.3820655857350825,0.21341975554943723
1.3824129158543497,0.21345846364569032
1.3825456059101449,0.21347325124735986
1.382690455379397,0.21348939395105004
1.383317111588012,0.21355923145576144
1.383571819179394,0.21358761726343167
1.3835983354277903,0.21359057235842135
1.3838181405522976,0.2136150684716127
1.3838905929636351,0.21362314290788034
1.384271231494404,0.213665563049611
1.386355242968032,0.21389781505494823
1.386480197235622,0.21391174054412648
1.3865345226021197,0.21391779481756473
1.3867140123288766,0.2139377979938929
1.3870822715613338,0.21397883852860414
1.3872514826340412,0.213997696203554
1.3878384205185506,0.21406310731208708
1.387869342491959,0.21406655340171948
1.387882153384743,0.2140679811076496
1.3882309545557023,0.21410685314479735
1.388556206292273,0.21414310072261256
1.3885929864982456,0.2141471996811365
1.3891959860247864,0.21421440077433043
1.390032070129397,0.21430757790525493
1.3902795978950317,0.21433516355949567
1.3912682673887724,0.2144453455212761
1.391526382495713,0.21447411107844946
1.3916875840739977,0.21449207613780447
1.3919926737631747,0.21452607676256868
1.392171084524,0.21454595969387683
1.3927058024612191,0.21460555116675514
1.392814092652568,0.21461761953318087
1.3932591577610571,0.2146672196746678
1.3940151943806338,0.2147514759387178
1.3942174612710199,0.2147740175089057
1.3944388614621008,0.21479869138379137
1.3950631912609488,0.21486826962249558
1.3959031223194287,0.21496187547598794
1.3960962146093367,0.21498339458570204
1.3968518901499352,0.21506761060941848
1.3968674916260033,0.21506934931102778
1.3970192038099793,0.215086256827809
1.3970336188102936,0.21508786330299987
1.3971382758689226,0.21509952677608862
1.3971408458977768,0.21509981319214855
1.3974456551731531,0.21513378256628468
1.3975979449140317,0.21515075444871376
1.3976170012743907,0.21515287817881976
1.3984044469297285,0.21524063481301328
1.4001996870417814,0.21544070478449018
1.4002151624216461,0.21544242943334765
1.4002653126008064,0.215448018404342
1.4011700859162608,0.21554885058283485
1.4012406917026006,0.21555671922255845
1.4013162204845881,0.2155651365039886
1.4022789465084822,0.21567242720390523
1.4025749808054646,0.21570541865332518
1.4030486970921858,0.21575821181638788
1.4032160188132874,0.21577685893314036
1.4033862671826343,0.2157958322092891
1.4034948075892286,0.21580792846087435
1.4035258202843666,0.21581138466096156
1.4043368090180688,0.2159017650461426
1.4043811523503547,0.2159067068749075
1.4048929962690775,0.21596374915996558
1.4050825396103475,0.2159848727582113
1.4051732133629307,0.2159949778661415
1.4053091396532957,0.2160101261289581
1.4054253274063702,0.21602307463667447
1.405747790888342,0.21605901147833
1.405790634859933,0.21606378621131228
1.4064212955746538,0.21613406999695106
1.4065961217932905,0.21615355345007875
1.4068558197978815,0.2161824954127846
1.4077153066215176,0.21627828065239416
1.4078136098527692,0.21628923602518274
1.4085701246941809,0.2163735455845151
1.4087404864984496,0.21639253150238313
1.4102135846883324,0.2165567004683358
1.4111920006390153,0.21666573972722458
1.4112047476475937,0.2166671603135995
1.4113598194247523,0.2166844422391895
1.4114208561874784,0.2166912444620765
1.411808123306317,0.21673440332472652
1.4120958634693657,0.2167664704369904
1.4122105996777736,0.21677925717776647
1.4135377948811179,0.2169271660311251
1.4139081160523435,0.21696843635795607
1.4139940369222042,0.21697801178236137
1.414523748145952,0.21703704528362652
1.4147412876223928,0.2170612889023794
1.414905747611781,0.21707961709433837
1.415220074810493,0.2171146471904567
1.415242432573693,0.21711713884436734
1.4153074029907708,0.21712437945213017
1.4153917686555555,0.21713378155719334
1.415689930583462,0.2171670101197746
1.4157272293062257,0.21717116686423985
1.4160319879065248,0.21720513059090785
1.4165860562873178,0.21726687856790391
1.4168467918892063,0.21729593616531528
1.416978420837499,0.21731060551219195
1.4174257291568584,0.21736045564761092
1.4185015069957752,0.21748034537161082
1.4186521353128874,0.21749713209718913
1.4186605617973005,0.21749807118410286
1.418689731666488,0.21750132201102956
1.4189408687212126,0.21752930990136152
1.419172021898406,0.21755507069472693
1.4194052330332134,0.21758106083653342
1.420253318135701,0.21767557541490398
1.4203585923569275,0.21768730766748493
1.4203783740564049,0.21768951223278163
1.4210995161612439,0.21776987968857606
1.4213582871986419,0.21779871834571377
1.4217611640842478,0.21784361683392747
1.4220148614502814,0.21787189005735055
1.4222966789457725,0.21790329711978526
1.422533040662226,0.2179296383771757
1.4227665700563348,0.21795566398729027
1.4227789033385267,0.21795703846605757
1.4228551831929621,0.21796553945052127
1.4229865755767985,0.2179801824335463
1.4236499803649845,0.218054115372187
1.4236652276401773,0.21805581459999093
1.4240518120107446,0.21809889737397384
1.4245684776143328,0.21815647701019017
1.424902994280417,0.21819375711517033
1.4249748672871472,0.2182017669798731
1.4250275778346937,0.21820764129031953
1.425172692476714,0.21822381354610587
1.4251860720304177,0.2182253046262739
1.4252263812839803,0.2182297968784001
1.4253882222750929,0.21824783319691718
1.4255855433379865,0.21826982358091088
1.4258809336131224,0.21830274325751806
1.4261005154267627,0.21832721448389994
1.4263756092279984,0.21835787222633632
1.4266827927762775,0.21839210620057165
1.4267191999633733,0.21839616358812386
1.4267441914382915,0.2183989487552112
1.4269826468636126,0.21842552334532994
1.4272011411443117,0.2184498733719441
1.427230021126807,0.21845309189253942
1.427481484473971,0.21848111614642987
1.4276406686122647,0.21849885637281757
1.4277873011924924,0.21851519779475148
1.427896711306008,0.21852739097055188
1.4280933257030664,0.21854930260039312
1.4287667865718836,0.2186243562357873
1.4288914092381724,0.21863824476976243
1.4294838380250647,0.2187042678101902
1.429707861188227,0.21872923400137723
1.4299547570365094,0.21875674923178676
1.4313594546531716,0.21891329531730058
1.4316121986217105,0.21894146228963868
1.4325530348314452,0.21904631348607878
1.4326599472079753,0.21905822830236393
1.4326901276194177,0.2190615917488556
1.432984097528613,0.21909435313322578
1.4330344442972578,0.21909996401307358
1.4332882981603263,0.21912825467725963
1.433437790851839,0.21914491484339899
1.4334720855755265,0.2191487368081289
1.4334808550877192,0.21914971412366593
1.4337155256431875,0.2191758669101505
1.4339612022469992,0.2192032462622423
1.4340308628808762,0.21921100956974598
1.4344454903906987,0.2192572176025917
1.434448955279544,0.2192576037460429
1.4347668789582344,0.21929303465074484
1.434797825057161,0.21929648342903812
1.4348205365503326,0.21929901450427447
1.4349207398636137,0.21931018163110919
1.4353377672197856,0.21935665711407898
1.4354633780768842,0.2193706557766691
1.4354857575532045,0.21937314985039158
1.435912954062449,0.21942075863143748
1.4360935892723592,0.21944088946577653
1.4361084608092372,0.21944254681954162
1.436772239639832,0.21951652144322148
1.436926647324939,0.2195337293592811
1.4374233473479165,0.21958908393762552
1.4375433708796053,0.219602459922487
1.4377181167247024,0.2196219344184108
1.4378392830072209,0.2196354377567802
1.4380653035841124,0.21966062654911406
1.438424752724871,0.21970068524591793
1.4385942341391542,0.21971957304900003
1.4386486142498607,0.21972563342338938
1.4388392501644274,0.2197468787831236
1.4389243919233543,0.21975636737975518
1.4392021218429498,0.21978731890357567
1.439644109771055,0.2198365761096594
1.439788366172411,0.21985265271908383
1.4398210785741188,0.21985629834243675
1.440696100162248,0.2199538148490051
1.4408742629060716,0.2199736701401361
1.4410762732263087,0.21999618311694435
1.4411429958467128,0.22000361899845766
1.4418369032977976,0.2200809512968026
1.4422846936763694,0.22013085515515948
1.4423735856366093,0.2201407616918007
1.442503332321488,0.2201552212704212
1.4434771814597906,0.22026375158233588
1.4435176876909184,0.22026826578656514
1.443660906459136,0.2202842267572898
1.444108018768389,0.22033405504842402
1.4445030758909851,0.22037808206560064
1.444588198315781,0.220387568507546
1.4448909097463174,0.22042130408802163
1.4450622746255426,0.22044040179326369
1.445102707748033,0.22044490784992377
1.4451426371748484,0.22044935777237726
1.4454194798507378,0.22048021041760113
1.4459876021972957,0.22054352463440594
1.446254659880253,0.22057328679416005
1.4462896616393985,0.2205771875542349
1.446575565394537,0.22060905000859501
1.446658805856571,0.22061832671579035
1.4471230172586342,0.22067006060996222
1.447391615188223,0.22069999442201935
1.4474773482808796,0.220709548919653
1.4476755576742917,0.22073163830336276
1.4480954932197467,0.22077843788857546
1.4484484034508902,0.22081776785864737
1.4484805977601942,0.2208213557433548
1.4490414115399233,0.2208838554592205
1.4490917396444547,0.2208894642590521
1.4491689637994059,0.22089807048079077
1.4499540951154792,0.2209855691941705
1.4499661645771678,0.2209869142715446
1.4501025201849318,0.22100211037950415
1.450107174075239,0.22100262903085044
1.4513799605220474,0.2211444743173942
1.4516719201729467,0.22117701166915882
1.45259948516078,0.2212803838584347
1.452655220968239,0.2212865953180237
1.4527367448170854,0.22129568071780056
1.4529274417048412,0.22131693287267265
1.4533363949019702,0.22136250853351916
1.453417160638882,0.2213715094457491
1.4537046247479624,0.22140354579326504
1.4543124606562707,0.22147128587550888
1.4543168901114787,0.2214717795147559
1.454506180206956,0.22149287489010366
1.4550188886148028,0.22155001351788106
1.4551279736653255,0.22156217046713833
1.4551659867279816,0.22156640682098883
1.4556869308936171,0.22162446328021118
1.4562493401485332,0.22168714080330898
1.4564901350068904,0.22171397611080906
1.457021852933937,0.2217732332484943
1.4575240657011068,0.22182920219288685
1.4578228763836694,0.2218625030557274
1.4584630423926181,0.2219338461559016
1.45885234746067,0.22197723213716278
1.4590031152716803,0.22199403440859486
1.4590635563986825,0.22200077025104525
1.4590683669112343,0.22200130635710846
1.4591442261412702,0.22200976046521784
1.4591950200589914,0.22201542117745424
1.4592103476823561,0.22201712935963494
1.4592628856715468,0.2220229844393696
1.459438528108406,0.2220425588556811
1.4599578500677652,0.2221004345286335
1.4599684173733953,0.22210161219869656
1.460750991505706,0.22218882592753367
1.461531943743456,0.2222758589048398
1.46177887160585,0.22230337770305197
1.4620426789615628,0.22233277763110543
1.4626161595525566,0.2223966889957815
1.4626208932775107,0.22239721654427494
1.4631938140671017,0.22246106552205927
1.4637814376935383,0.22252655305288652
1.4646048163353704,0.2226183142274949
1.464858411151177,0.22264657602224
1.4652531066716845,0.22269056274078525
1.4656367104157677,0.2227333133397841
1.4661233878218063,0.22278755095072586
1.4665653183178609,0.22283680175631276
1.466914574020792,0.22287572444863363
1.467095945398995,0.22289593732501725
1.46790331886477,0.22298591480779759
1.468120477201185,0.2230101159505199
1.4682682394233915,0.2230265832650499
1.4690773762199454,0.223116757261676
1.469276156437731,0.2231389102607292
1.4696216495747645,0.2231774136350732
1.4698967716021203,0.22320807452316072
1.4708902008315503,0.22331878693219273
1.4708943103655112,0.22331924491791666
1.471588579093881,0.22339661747869533
1.4716007178359003,0.2233979702769942
1.4716330153890909,0.2234015696676841
1.4717550520069667,0.2234151700003047
1.471900273711684,0.22343135418765958
1.4726169273085041,0.2235112214230851
1.4728790501302569,0.22354043361877937
1.472945032825854,0.22354778703960448
1.4735967870053943,0.2236204215798173
1.4736304676954886,0.22362417511376587
1.4737750537418892,0.223640288460379
1.4740214532369746,0.2236677483748622
1.4743476724226487,0.2237041037697394
1.4751363351256341,0.22379199603742647
1.4751685894120294,0.22379559060626203
1.4753005457470476,0.22381029643864953
1.4757584720702734,0.22386132989418076
1.4759011883452948,0.22387723486470862
1.4761942550584877,0.22390989559268357
1.476722475994622,0.22396876300931293
1.4771363275217833,0.22401488456301422
1.4772019871649802,0.22402220198136588
1.4772242200750114,0.2240246797210542
1.477515148676427,0.22405710216783245
1.477753218002991,0.2240836337292962
1.4788896527731614,0.22421028334598359
1.479086703140339,0.22423224356237803
1.4796997124762425,0.22430056019563835
1.4798850654454918,0.22432121679918782
1.4801896861092831,0.22435516515356496
1.4802329667963747,0.22435998855616923
1.4808228518226272,0.22442572810799
1.481090882401341,0.22445559869180678
1.4812449294304748,0.2244727664146745
1.481258987139329,0.22447433307163062
1.481487714900306,0.22449982356524625
1.4823306284502997,0.22459376180157042
1.4829158952030488,0.22465898667134837
1.48316743462994,0.2246870194039202
1.4832149388910854,0.22469231350141095
1.483620151637787,0.22473747230893218
1.4839338704811076,0.2247724346070746
1.4840409355742428,0.224784366442814
1.4840689701277239,0.22478749074483778
1.4846883488534963,0.22485651721275524
1.4848099624699265,0.22487007040411225
1.4850122887509691,0.2248926185930734
1.485064870798226,0.2248984785828453
1.485182058207314,0.2249115384969127
1.4853975645004471,0.22493555552818933
1.4854341336012036,0.22493963096015873
1.4854341459302407,0.22493963233416436
1.4854553021386814,0.2249419900811815
1.4855893696590112,0.2249569311939543
1.48577203577041,0.22497728836147296
1.4858919447069852,0.22499065157531792
1.4859460329564254,0.22499667942332
1.4865195921381225,0.2250605995465125
1.4877108777426449,0.22519336199723836
1.4877867038438493,0.22520181241331555
1.4878161442126876,0.225205093385991
1.4887687651281474,0.22531125792526607
1.4888204072428406,0.2253170131645482
1.4889074353756997,0.22532671198753126
1.48952594735023,0.22539564186062822
1.4895536527628919,0.22539872948165668
1.4904581409119908,0.22549952987987434
1.4905426645642614,0.22550894959180331
1.4909337013243755,0.22555252856094352
1.4910382339850923,0.22556417817054603
1.491292916555914,0.22559256118980778
1.491382357888792,0.22560252895111038
1.4914633825953767,0.2256115587241343
1.4915760748895983,0.22562411768153454
1.4917534855536883,0.22564388915737552
1.4935331117818786,0.22584221904446036
1.493687043187792,0.22585937388173458
1.49423954956736,0.22592094778199384
1.494483376049006,0.22594812094780087
1.4949522784111229,0.2260003776245453
1.4955675790794298,0.22606894961462692
1.4956445613141096,0.2260775288756367
1.4958911765142449,0.22610501282930154
1.4962894505373627,0.22614939835294828
1.4968242390277953,0.22620899768860747
1.4969413555796496,0.2262220497060126
1.4971011883435184,0.22623986221827416
1.4971946813582762,0.22625028151799353
1.4976004754199308,0.22629550510997756
1.497647296541858,0.2263007230752322
1.4980347152044127,0.2263438988266242
1.4982107775502453,0.22636352003955962
1.4984812678010297,0.2263936647407591
1.4984895423162938,0.22639458689151873
1.4989518722142852,0.22644611110205912
1.4991430473614962,0.2264674165564064
1.499665891859501,0.22652568479757382
1.4997381823322349,0.22653374118664443
1.500371583871511,0.22660433042261663
1.5015023938146426,0.226730353182218
1.501627648030439,0.2267443120990301
1.5018840617968734,0.22677288805084425
1.5023953508216774,0.22682986849592343
1.502419678437597,0.22683257967945283
1.5027282094516679,0.226866963821591
1.5028996116771074,0.22688606568887018
1.5031657420936828,0.22691572450971306
1.5031790980418387,0.22691721295916817
1.5035562999522112,0.22695925010781623
1.5039711586237479,0.22700548390240674
1.5039818537384881,0.2270066758161161
1.5040231602588274,0.22701127920832553
1.5040413103895551,0.22701330194395444
1.50417059690005,0.22702771023858495
1.504368946813845,0.2270498152825448
1.5044368288525025,0.22705738037506185
1.505550527975143,0.227181496224638
1.5057107381427681,0.22719935079654274
1.5060284362577967,0.22723475656337325
1.5061285176782475,0.22724591010589965
1.506429575714214,0.2272794614243357
1.506932083381041,0.22733546323372825
1.5073062921935283,0.2273771668175208
1.5074050735479956,0.2273881754746012
1.5074801061126353,0.2273965374552447
1.5080279275954342,0.2274575892486522
1.5080538261276504,0.2274604755024558
1.5084395508824098,0.22750346247682462
1.5084844448393062,0.22750846566977656
1.5085925259611257,0.22752051073651408
1.5090741595836392,0.22757418624458225
1.5091282642311936,0.227580215920067
1.5095875614971943,0.22763140215988598
1.5097075107071878,0.2276447698619894
1.5097833925826993,0.22765322649381672
1.5103227983953473,0.22771334040550256
1.5104330577822211,0.22772562822830625
1.5113424123676844,0.22782697096499893
1.511387531823753,0.2278319992886355
1.5116191719700058,0.2278578143521151
1.5120686679957889,0.22790790829579066
1.5124852718114228,0.227954336577418
1.513001831119957,0.22801190436761531
1.5131942879412106,0.22803335265772443
1.513993960568918,0.22812247192302038
1.5143250011061289,0.22815936463190817
1.5143285566768845,0.22815976088137638
1.5148141637611543,0.2282138792106441
1.515521043852306,0.22829265724079437
1.517571714742776,0.22852119361529402
1.5176141627844304,0.22852592422398865
1.5177784911390475,0.22854423774595167
1.5183455680519216,0.22860743545472734
1.5192050387010307,0.22870321889177178
1.5192845235341272,0.22871207705407762
1.519872624020012,0.22877761772835647
1.5198967923062918,0.22878031115544412
1.5199970050132903,0.22879147932915875
1.5201615957613759,0.22880982209347966
1.5202473947826616,0.22881938393850873
1.5204066880005993,0.22883713632124308
1.5215735357742706,0.22896717530557104
1.5219358622518693,0.22900755466627712
1.5224073067488806,0.22906009465044788
1.5224786969588293,0.2290680507100147
1.5224828236572545,0.22906851060862687
1.5225400452086846,0.229074887646487
1.522993051280275,0.2291253727661172
1.5230234282316748,0.2291287581159427
1.5232231716050861,0.22915101845357264
1.523868296185405,0.2292229141601786
1.5244462030517427,0.22928731880972283
1.5247156322631885,0.22931734526372582
1.525544395620704,0.2294097065362854
1.5257337890154246,0.22943081342378485
1.525903903004717,0.22944977172399056
1.5271541978005743,0.22958911043554536
1.52737259603898,0.22961344975875622
1.528683982264251,0.2297595967855097
1.5286957030681274,0.22976090300682314
1.528800973668699,0.22977263485590133
1.5289260932949469,0.22978657877342334
1.5289653136732062,0.22979094967618288
1.5301519649951634,0.22992319566074115
1.5305758876088311,0.2299704395835208
1.5306846484304983,0.22998256039919482
1.5310880109206093,0.23002751300545043
1.5311652335418244,0.23003611905626226
1.5314204063910504,0.2300645567144471
1.5317390706115215,0.23010007014859582
1.5318426819487714,0.2301116170815933
1.5320793058990498,0.23013798756355003
1.5326773900734447,0.23020464086686504
1.5327584515283512,0.23021367473529414
1.532874233464761,0.2302265780168995
1.5331783459379709,0.23026046973613656
1.5331919157677085,0.2302619820215576
1.5333139712420636,0.23027558445563254
1.533443800050954,0.2302900531865377
1.5335134347669606,0.23029781360563245
1.5339457635050713,0.23034599434631542
1.534102768103249,0.2303634916745382
1.5342679375858137,0.23038189893574165
1.5344658774632767,0.23040395828333096
1.5344877574948081,0.23040639669658558
1.5349219829701204,0.23045478881855136
1.5355532026330814,0.23052513489600152
1.5360433006758645,0.23057975371873285
1.5361692162482723,0.23059378634022512
1.5363071412076874,0.2306091573440875
1.5364800068324656,0.23062842229944716
1.53649383377431,0.23062996323864626
1.5374210448170664,0.23073329598262393
1.5381417974937108,0.23081362003871542
1.538257228122784,0.2308264841689848
1.5382828766624321,0.230829342562445
1.5386854886412966,0.23087421152821
1.538966022750125,0.2309054755640204
1.539043317037929,0.23091408960169288
1.5394894575700173,0.2309638095934256
1.5400600153921322,0.2310273952310404
1.5404173281545872,0.23106721583983403
1.5404565240262071,0.23107158401145877
1.54047970094195,0.2310741669555677
1.540899709697975,0.2311209746997094
1.541078206304456,0.23114086719805968
1.5413090480947271,0.23116659328900702
1.541374743368397,0.23117391467818565
1.5417563020256873,0.23121643736312814
1.54196258089845,0.23123942604743444
1.5422463893945755,0.23127105499631057
1.5424784928567177,0.23129692169388424
1.543044460234632,0.23135999575088415
1.5435740964080213,0.23141902088818558
1.5442894290114273,0.2314987409059142
1.5448392705058969,0.23156001781888913
1.5449207201080197,0.23156909494426317
1.5450576472667699,0.23158435474854305
1.5462493854009187,0.23171716763129135
1.5465869870201683,0.23175479153791007
1.5468338017108578,0.23178229772373696
1.5470456392095822,0.23180590588737093
1.547205594930346,0.23182373210252508
1.5476956218033424,0.2318783429937619
1.548209817617582,0.23193564738507855
1.548549678005176,0.23197352301942706
1.548884185292702,0.23201080207921684
1.5488991840242006,0.2320124736081465
1.5493812692596485,0.23206619944607645
1.5502916042418382,0.23216765144277504
1.5504322310842469,0.23218332355714053
1.5504518330926895,0.23218550809682614
1.5504593599143996,0.23218634692111195
1.5513587049961937,0.2322865741518062
1.5531715698814066,0.23248860831060256
1.5534648303894054,0.23252129063597882
1.5536486404656311,0.23254177529229902
1.554506979489216,0.23263743261569167
1.5546598284055226,0.23265446681525104
1.554725144493559,0.2326617459462055
1.554834651455258,0.23267394991522156
1.5548373873690224,0.23267425481827325
1.5549132475168674,0.2326827090286675
1.5552435120532606,0.2327195152563874
1.5552859576129592,0.23272424558848126
1.555425641839417,0.23273981265330754
1.555670726729668,0.23276712606206704
1.5557882340541378,0.23278022162900386
1.5559343499177116,0.23279650546561229
1.5565081474620355,0.23286045215305287
1.556788168920828,0.2328916590567408
1.556873823540671,0.23290120480899637
1.5569551000617663,0.23291026264540945
1.5573135645319414,0.23295021160590892
1.5573645748148168,0.23295589643089215
1.558149608663836,0.23304338428208662
1.5581728462477527,0.23304597398734123
1.558664039894902,0.2331007149093577
1.5587718465571139,0.23311272938903038
1.5590493247872015,0.23314365286339256
1.5598029290673423,0.23322763805613664
1.5598632693025536,0.23323436265473302
1.5598936434095814,0.23323774768756828
1.5603226465685551,0.23328555781012694
1.5613226738329975,0.23339700553510245
1.5616120949933008,0.2334292599855784
1.5618496953740724,0.23345573928552535
1.5623127280731175,0.23350734181950886
1.5624849033285546,0.23352652983687383
1.562753650836832,0.23355648031868098
1.562776555386079,0.23355903290899124
1.5628148799732875,0.23356330398059788
1.5628937896900885,0.23357209804924844
1.5629649635163196,0.23358002999399957
1.563232266007874,0.23360981943637107
1.5634365290693728,0.23363258346922297
1.5639499532704024,0.23368980186834737
1.5639717681697978,0.2336922330229715
1.5641101964777084,0.23370766012234906
1.5643774306322193,0.23373744194892018
1.5644508819010843,0.23374562770255167
1.5651268052415692,0.23382095576732892
1.5653254019706215,0.2338430883175377
1.5655286998488247,0.23386574478583985
1.5656876539467943,0.23388345937545574
1.566058874584576,0.233924829943055
1.5664780830333942,0.2339715484972109
1.5666137296648814,0.2339866655935316
1.5666436110038398,0.2339899957099839
1.5667710018285093,0.23400419274050194
1.5668595459685202,0.23401406051442677
1.5675116062084615,0.234086729163445
1.5679080712455686,0.23413091308521292
1.5679651885062478,0.23413727850042299
1.5679937048856665,0.2341404564993874
1.5680381251779536,0.23414540690493543
1.5686089505314311,0.234209022357499
1.5690024978168344,0.23425288111134304
1.5695880148245747,0.2343181338707101
1.569854779674821,0.23434786339581457
1.5702797131373514,0.23439521997232887
1.5709610115158958,0.2344711470565375
1.5713397899785484,0.23451335990356015
1.5713568020027817,0.23451525580326757
1.571675030817802,0.23455072071379213
1.571760343155428,0.23456022832051324
1.5729174414111515,0.23468918077287004
1.5731893385589664,0.2347194822652681
1.5734578177807477,0.2347494028479708
1.5739039950975329,0.2347991269391626
1.5741465388531966,0.2348261571519747
1.5741523427763164,0.2348268039683672
1.5741947674565966,0.23483153197356083
1.574494356307656,0.23486491955914554
1.5748163352195341,0.2349008023980389
1.5749661285393037,0.2349174960676001
1.5751968580631341,0.2349432096470493
1.575635563837805,0.23499210107457236
1.5758056725434537,0.23501105878594408
1.5773183029692939,0.2351796334095396
1.577380494588465,0.23518656433504104
1.5773954848615577,0.2351882349213262
1.5775864345373876,0.23520951524808603
1.5776641083593506,0.2352181715828239
1.5777376551857587,0.23522636798583585
1.5779753225510464,0.23525285475085123
1.5783913857192509,0.23529922278019527
1.5786932582845175,0.23533286487359384
1.5786996949094008,0.2353335822012361
1.5787108443158042,0.23533482474333733
1.5788629164229417,0.2353517723716424
1.5788795201120376,0.23535362276456842
1.5790733380470823,0.23537522274357722
1.5793430663839156,0.2354052825335153
1.5793609994865907,0.23540728108252085
1.5797062801665667,0.23544576077965468
1.579914461178092,0.235468961447219
1.5799764506332257,0.23547586984261254
1.580348219743102,0.23551730153451256
1.58043387064965,0.23552684687294098
1.5807035070930164,0.23555689642184052
1.5807366597847097,0.2355605911131729
1.5811046377032731,0.23560160029694543
1.5814944752325595,0.235645045618182
1.5817877410720629,0.23567772853772617
1.581898335189203,0.23569005366443935
1.5827988115248608,0.23579040696736583
1.583064319717213,0.23581999644462523
1.5830761768825745,0.23582131786270177
1.5834477256720132,0.23586272500105954
1.5836061109620658,0.2358803762000554
1.5840297208097132,0.23592758526672403
1.584584059920425,0.2359893634151311
1.584588239001398,0.2359898291514999
1.5851561994928305,0.236053125330411
1.5853785721039155,0.2360779075763392
1.5858637483421543,0.2361319778901061
1.5858979922912217,0.2361357941962744
1.5860566627716384,0.23615347717822097
1.5862056860417006,0.23617008502983397
1.5866413055932345,0.23621863251418726
1.5868419753336052,0.23624099609049254
1.5872316197270533,0.2362844198877662
1.5872995307960893,0.23629198821556457
1.587317387763133,0.23629397827965862
1.5873584990054175,0.23629855990916662
1.5876427805389257,0.2363302415755457
1.5883313331918159,0.23640697711008452
1.5884954209496736,0.23642526381881723
1.589048284318501,0.23648687750363256
1.5891033171739093,0.23649301062295064
1.5893554562410164,0.23652111018223834
1.5903969578652388,0.2366371800042373
1.5905261529954147,0.23665157811501683
1.5917151720098492,0.236784087966321
1.5917160693795551,0.23678418797340656
1.5928654619043312,0.2369122816629936
1.593005151530587,0.23692784932959873
1.5932765394358324,0.2369580940696183
1.5933261414164723,0.23696362194680037
1.5935757793441991,0.23699144276739403
1.5944841557849179,0.23709267649505228
1.5944999520235439,0.23709443690191384
1.5948042560532567,0.23712834996910542
1.5948469422028082,0.2371331071136599
1.595079816685891,0.23715905973742052
1.5958580109813187,0.2372457853567092
1.5959855910635157,0.2372600034789731
1.596063291941313,0.2372686628289398
1.5960668425185265,0.23726905852190422
1.5961163757498502,0.2372745787373404
1.5961430223884707,0.23727754836362766
1.596575275106641,0.23732572063229218
1.5969454284382543,0.2373669722542901
1.5970110228323622,0.23737428240097755
1.5975825530369745,0.23743797640545483
1.5984098387003218,0.2375301729968511
1.5988401844292546,0.23757813274169787
1.5989463409810607,0.23758996332533364
1.5995514462833573,0.2376573990960465
1.5996337576175268,0.23766657225687834
1.599792509015905,0.23768426425670172
1.5999891568268945,0.23770617961034798
1.600263146097213,0.23773671425868256
1.6005525474127478,0.23776896649756457
1.6007093832203214,0.23778644501497131
1.600797812039522,0.23779629993700446
1.6012112467086261,0.23784237503409028
1.601297923122102,0.23785203465981697
1.6013859520090827,0.2378618450115293
1.6018760004499761,0.23791645830639357
1.6020219820023256,0.23793272717472974
1.6025202067251425,0.23798825167276974
1.6031272068126194,0.23805589860722304
1.6034532015480756,0.2380922289883161
1.6036142821458452,0.23811018056503544
1.6037807611064538,0.23812873376060906
1.6045101099058845,0.23821001580890944
1.6053647266653042,0.23830525830573918
1.6056018311817213,0.23833168234423854
1.6060867482375865,0.2383857237735071
1.6062274833593593,0.23840140795503242
1.6068783536728009,0.23847394399306493
1.607086974322962,0.23849719365601924
1.6079413496909392,0.23859240925105524
1.6080896458606206,0.23860893607119432
1.6081261883313767,0.2386130085353916
1.6082940312452896,0.23863171373631362
1.6085547674289327,0.23866077139855846
1.6088653578958032,0.23869538505576826
1.6097695959036318,0.23879615757707048
1.6099402247067176,0.2388151732505379
1.610243201910539,0.23884893845003394
1.6107014343214234,0.23890000601740838
1.6107951795458852,0.23891045342455913
1.611131511837016,0.23894793587130342
1.6113977182763264,0.2389776031644762
1.6121733428833214,0.23906404240564316
1.6125179148949456,0.23910244312545464
1.6127582118956423,0.23912922294936378
1.6128321836881867,0.23913746671259362
1.6137414058391415,0.23923879469016407
1.6137604536490664,0.2392409174673696
1.616416816236345,0.2395369549631346
1.6165484285267537,0.23955162245357858
1.616686000210842,0.2395669540867828
1.6166930659475263,0.2395677415255924
1.6171187431702605,0.23961518099022946
1.6173943807617388,0.239645899335199
1.6175231227048332,0.2396602469406863
1.6175265821765823,0.23966063248043085
1.6176782879945266,0.23967753928775157
1.6196082481819007,0.23989262309578765
1.6200829581281218,0.23994552699692193
1.6206788743310416,0.24001193869133544
1.6208362754088872,0.24002948020511056
1.6213626806867563,0.2400881452762736
1.6218692427547017,0.24014459892712778
1.621878269354095,0.2401456048936673
1.6220359169174077,0.2401631738769379
1.6221426944629405,0.2401750736670248
1.6223893769844155,0.24020256512329521
1.622996724975088,0.24027025082971107
1.6242232750365708,0.24040694331678747
1.6247090993467963,0.2404610858547338
1.6254551973880609,0.2405442345170395
1.6260043673759197,0.2406054365941707
1.626197819803153,0.24062699583927596
1.6263624312536733,0.2406453409107734
1.6263998474231631,0.24064951074405203
1.6265604825155353,0.24066741267156208
1.6268074312605365,0.2406949337970299
1.6269281150807722,0.24070838336754144
1.6280852125237653,0.24083733572932375
1.6287662915103578,0.24091323836346507
1.6288619663223232,0.24092390081289042
1.6289685623771006,0.24093578037679708
1.629412883622845,0.2409852976187336
1.6301243655929945,0.24106458850384602
1.6301259609080885,0.2410647662932365
1.6305139310579384,0.24110800350495723
1.6306167647838956,0.24111946377730795
1.630801542115826,0.2411400562291369
1.6314790732956632,0.24121556347906667
1.6317066850161048,0.2412409295958947
1.6317717250605437,0.24124817796325698
1.6337525216371793,0.2414689272167571
1.6352306726841737,0.24163365929678637
1.6356844327145927,0.2416842284411218
1.6359128597766497,0.24170968542344054
1.6362317120269947,0.24174521981251962
1.6363358523781835,0.24175682570130963
1.6367092126372558,0.2417984347183328
1.6369779279292018,0.24182838160980097
1.637404779025843,0.24187595189644756
1.6380355647244405,0.2419462496108754
1.638330310570263,0.24197909746925975
1.6383431716177466,0.2419805307646646
1.6392862967429167,0.24208563704856773
1.6393835033099053,0.24209647020395145
1.6396194963971369,0.24212277037957375
1.6400833347446755,0.24217446269880094
1.6400977182068261,0.2421760656592311
1.6408189895853265,0.2422564475218883
1.6408270535817018,0.2422573462114363
1.6408877846176786,0.24226411436270137
1.6412689154635949,0.24230658937033947
1.641459092546621,0.24232778359573637
1.6415747153014224,0.24234066913739732
1.642051382735659,0.24239379119016977
1.6425529697589107,0.24244969039872757
1.6430475457641673,0.24250480826658313
1.6431379490385596,0.242514883231156
1.6437210739317996,0.24257986940207266
1.6437596890643569,0.2425841728534145
1.6441427983632049,0.24262686834911923
1.6443313757134572,0.24264788429279877
1.6443938796505204,0.24265485002446965
1.6444054709252083,0.24265614181044334
1.6444524469089508,0.24266137703422452
1.6444850595233225,0.24266501153680906
1.64488886077786,0.24271001304102874
1.6450001432896206,0.24272241488566448
1.6460946705509716,0.2428443941331696
1.646282165753639,0.24286528947725075
1.6464434799001666,0.2428832670817383
1.6467858035827292,0.24292141723722244
1.649109517371434,0.2431803827919163
1.649369033366148,0.24320930447058842
1.649405315692885,0.24321334794311708
1.6494918928745874,0.2432229965099899
1.6494993446866872,0.24322382697485317
1.6500179575184744,0.24328162361930566
1.6501576423970532,0.2432971907568074
1.6502099035549798,0.2433030149851686
1.6504190219147667,0.24332632011521607
1.650784685066987,0.2433670713305791
1.651269103819306,0.24342105722656526
1.6515570961997144,0.24345315244711377
1.651657700532175,0.24346436426540527
1.6517903696951488,0.2434791495386808
1.6522716544010574,0.24353278616184726
1.6526606004018503,0.24357613212697038
1.6534557567554238,0.2436647480775115
1.6535087231153185,0.24367065089688494
1.6535129683313734,0.24367112400365734
1.6537420066232726,0.24369664910429406
1.6538622027777425,0.2437100443270473
1.6541023437153377,0.24373680675855292
1.6541427342491966,0.24374130806893635
1.6547063139181042,0.24380411602845464
1.6554250496676906,0.24388421530874235
1.6554474603525284,0.2438867128604883
1.6558564339339912,0.2439322907930605
1.6560851293107732,0.24395777767762958
1.656092592158552,0.2439586093723607
1.6561366217922124,0.2439635162410805
1.6563530887527094,0.24398764033363035
1.6570344637009589,0.2440635759511258
1.6580585113589668,0.2441777006213318
1.658490576366179,0.24422585197060737
1.6586733406013363,0.24424622007349758
1.6589024103150722,0.24427174867593118
1.6593323557255282,0.24431966380741088
1.6600984074945486,0.2444050362066508
1.6602371165602956,0.2444204945949974
1.6602539232144968,0.24442236760730596
1.6605707896961293,0.24445768069301332
1.6606316039167164,0.24446445811476122
1.6612214146699646,0.2445301893892504
1.6618854544542858,0.2446041930948364
1.6621091799687142,0.24462912611465348
1.662281591379098,0.2446483404502325
1.6625412580718255,0.24467727892339763
1.6628430851174858,0.24471091594387775
1.6639280153056144,0.24483182564856637
1.664159108620118,0.24485757977055295
1.664754336184034,0.24492391471980876
1.6659950451201366,0.24506218513822847
1.6666048655563404,0.24513014638556127
1.6666715563881107,0.24513757872440023
1.6669754403179662,0.2451714449736948
1.6673663268196428,0.24521500719733072
1.6674679867057551,0.24522633665146787
1.6676750005368521,0.24524940724297525
1.6682584049763851,0.24531442456784067
1.66856190360879,0.24534824787778173
1.6691257053242998,0.24541108058321381
1.669578519802282,0.24546154435075446
1.6698109471948634,0.24548744714865428
1.6701647974852978,0.24552688188333918
1.6703863079031316,0.2455515680424107
1.6709287362493674,0.2456120187994048
1.6714125303988159,0.24566593508671977
1.671544523344755,0.2456806449991999
1.6717415700232465,0.24570260480451
1.6719606433198764,0.24572701935937302
1.672594783000141,0.24579769085723616
1.6727558009375578,0.2458156354507923
1.6727887269819024,0.2458193048834818
1.6727890731438837,0.24581934346139528
1.673022256446885,0.24584533050149493
1.6730506263698655,0.24584849217866753
1.6736031089422716,0.24591006342574503
1.67389621624709,0.24594272867744085
1.6741361963953127,0.2459694731898254
1.6743639445556215,0.24599485451215147
1.6748079240168487,0.24604433366401965
1.6748302410947742,0.24604682078377257
1.6749735190620725,0.24606278835192022
1.6752002336729166,0.24608805449065044
1.677167616748166,0.24630730888069344
1.67728256404446,0.24632011914609292
1.6773241296052388,0.246324751406983
1.6776871019464297,0.2463652027457545
1.6778444080912625,0.24638273367974972
1.6778830875965547,0.24638704430509084
1.6782297579067236,0.24642567886912595
1.67875707916133,0.24648444602102942
1.678860759661713,0.2464960006618906
1.6789193279767562,0.24650252778939938
1.6791231853671096,0.2465252466123576
1.6796640781226568,0.24658552623592875
1.6801439638530486,0.24663900695070723
1.6809500880671175,0.24672884521102284
1.681998514505688,0.24684568676678584
1.6825820439450476,0.24691071802221773
1.6828363222612954,0.24693905598945523
1.682905985702927,0.24694681960986833
1.683103516519054,0.2469688333697453
1.6838769841301326,0.2470550322251786
1.6839359854758702,0.24706160761165727
1.6843274628330276,0.24710523568299686
1.6846324095196235,0.24713922037088323
1.6850172667354277,0.24718211066264517
1.6852205564305849,0.24720476621899024
1.6852822108326069,0.2472116372744948
1.6853689776246354,0.2472213069724309
1.6855322424813184,0.2472395019732001
1.6862646184976957,0.24732112138874407
1.6863035210296096,0.2473254568692173
1.686562886610478,0.2473543617850656
1.6866242939359077,0.2473612053051968
1.686682327333904,0.24736767281904293
1.6871393464802524,0.2474186051745314
1.6875522375635108,0.24746461969186312
1.688143818864168,0.2475305482844531
1.6881930376620002,0.24753603345794722
1.6883638836271695,0.24755507333297497
1.688638611247948,0.2475856902665452
1.6890024412980125,0.24762623719241336
1.6892593948077685,0.2476548732957526
1.6897665073847927,0.2477113882979184
1.6900236327590812,0.24774004355464682
1.690105437210229,0.2477491602260592
1.6907442388779577,0.24782035127765373
1.6908494415228987,0.24783207555343795
1.6911432391069132,0.24786481773308236
1.6912149110638126,0.24787280519184982
1.6920338176696053,0.24796406798180365
1.6921795434547033,0.24798030834623866
1.6923167059821196,0.24799559438110594
1.6928361916142753,0.24805348829452192
1.6928408482224742,0.24805400724876261
1.693119727804856,0.24808508689639205
1.693661799767505,0.248145497936329
1.6936777867677772,0.24814727960256217
1.694477925250541,0.24823645078492917
1.6945463715422027,0.2482440787604453
1.6952033096651251,0.24831729102360317
1.695611593117978,0.24836279204500883
1.6966625064412675,0.2484799107508596
1.6975067656610965,0.24857399895493676
1.6975357911485014,0.2485772336912811
1.6977115312916737,0.24859681899644204
1.6977772972502543,0.2486041482630783
1.698086151444593,0.24863856842194
1.6982178926513312,0.2486532502794239
1.698290351087013,0.2486613253870727
1.698627131171814,0.2486988577380421
1.6989858987134638,0.248738840474247
1.698987395293146,0.24873900726010062
1.699126231037143,0.24875447976606502
1.6997019660960078,0.24881864237920628
1.6999603411948963,0.2488474369111009
1.7009960575568075,0.24896286199635526
1.701471415470409,0.249015838110011
1.7017546533787042,0.24904740346990542
1.7021181714001237,0.24908791562183896
1.702284943474183,0.24910650148334912
1.7031111560018646,0.24919857847947763
1.7033904541679057,0.24922970477603174
1.7034004898162733,0.24923082319571765
1.704810857758801,0.24938800120892002
1.7052407355609944,0.2494359088058179
1.705250376266473,0.24943698321121763
1.705493019735974,0.249464024536607
1.7059283089758968,0.2495125352094864
1.7065878026722467,0.24958603227772364
1.7070640000675292,0.24963910194715216
1.70871449772404,0.24982304114104809
1.7088197469479902,0.24983477060781537
1.7107211817142987,0.2500466754092435
1.7110162519918328,0.2500795594238184
1.7111977128012579,0.2500997822668365
1.7112111987313297,0.25010128520208535
1.7115450617226111,0.25013849245848213
1.7117005848278088,0.25015582468218417
1.7124343957944126,0.2502376040153063
1.713022071796542,0.2503030973831262
1.7130425169194798,0.2503053758834423
1.7132991486992413,0.25033397613168346
1.7135227229804277,0.2503588922973593
1.7137784069640913,0.2503873869187614
1.7140340511950234,0.25041587710993257
1.714164729660598,0.2504304405305607
1.7143041152502934,0.2504459743139067
1.714460692745917,0.25046342404381916
1.7147098928364817,0.2504911960697875
1.7147178998855344,0.25049208841285897
1.7147699667159768,0.2504978909844544
1.714881084300468,0.25051027444882257
1.7151728326207998,0.25054278824891835
1.715271804932912,0.2505538181872138
1.7154239090879715,0.25057076938708944
1.7156578667089875,0.25059684272081734
1.716018911492619,0.2506370792435411
1.7163392367395,0.2506727777902571
1.7163832571813213,0.2506776836345956
1.7168301162797115,0.2507274837067244
1.71736257780012,0.25078682371393884
1.717593244741501,0.2508125303189065
1.717784947411678,0.25083389456288524
1.7178402843491745,0.25084006157053645
1.7178831331186968,0.2508448368382226
1.7183905723484394,0.2509013882440982
1.7186641973291594,0.25093188229429253
1.7188999856135232,0.25095815964572354
1.7189992814640267,0.25096922564065344
1.7190625297576747,0.25097627432691066
1.7191091271879955,0.2509814673629244
1.7195348814085178,0.2510289154085557
1.7197657940105704,0.2510546493911
1.7198668248234021,0.25106590873836265
1.720181995455684,0.25110103283067076
1.7209212297345735,0.25118341656313037
1.7214015495084032,0.25123694564974386
1.7216279755719348,0.2512621796314092
1.7218982792902715,0.25129230354455856
1.7219575810930474,0.25129891241537766
1.7221286533369862,0.2513179775079719
1.7227004097710266,0.251381696724517
1.722859338976571,0.25139940854000437
1.7228785098626433,0.2514015450333925
1.7231929324203321,0.25143658575676214
1.7232484367722296,0.2514427714218586
1.7232577098759998,0.2514438048600011
1.7235501100460466,0.25147639130528404
1.7235808404908421,0.25147981605007025
1.7240276972773914,0.25152961586455685
1.724267887661904,0.2515563838066586
1.7245728480249574,0.2515903700187136
1.724763473018945,0.25161161416140726
1.7248391943316506,0.25162005289936296
1.7248974199028464,0.2516265418298911
1.7253640652434232,0.25167854697357744
1.7257080642972753,0.2517168838402898
1.7257200674028785,0.25171822152263085
1.7257764353996254,0.2517245034363568
1.725973855557418,0.2517465048639504
1.726348789491529,0.251788289258695
1.7263854521513466,0.25179237511732455
1.7264665391644118,0.25180141183407473
1.7265412036017784,0.2518097327888896
1.7265694203428315,0.2518128773947501
1.7269562509378114,0.25185598760913563
1.7270320208378573,0.2518644317618922
1.7272116973624807,0.2518844557558501
1.727256270680762,0.2518894232153322
1.7272847936679336,0.25189260195069557
1.7273099686075792,0.2518954075639518
1.7291404651239126,0.2520994066743508
1.7295001811770192,0.2521394951171178
1.729593336348046,0.2521498767659484
1.7296388791708575,0.25215495227155893
1.729974689689356,0.2521923765695158
1.7314231503813557,0.2523537998172409
1.7320010848174323,0.25241820753928595
1.732037293556154,0.2524222428108213
1.7325047347622657,0.25247433664949276
1.7327418748167256,0.25250076464851834
1.7329344790501195,0.2525222293669271
1.7330908168673214,0.25253965238595294
1.7336265734629959,0.2525993596117972
1.7338383486581435,0.25262296083202856
1.7343676907327208,0.2526819531935802
1.735218113894682,0.2527767283362558
1.7359855197038,0.25286225163606996
1.7360715362671078,0.2528718377250014
1.7361270446226849,0.25287802383628677
1.736503489321154,0.25291997659769155
1.7367132649735446,0.2529433549795073
1.7372690507764665,0.253005294354074
1.7375126293815604,0.25303243989535645
1.7375225111092187,0.2530335411613973
1.7376324331926511,0.25304579139352473
1.738060905536646,0.2530935423595744
1.7383122132103004,0.2531215492644795
1.7386633249162424,0.25316067879847404
1.738740632291451,0.2531692942946682
1.7397163636296873,0.25327803436776436
1.7399849247332244,0.25330796407575373
1.7400916624521836,0.2533198594273808
1.7401542822357332,0.253326838069527
1.7401604588517754,0.2533275264205654
1.7402206638593927,0.2533342359487651
1.7404068111964945,0.25335498108039073
1.7404312198726353,0.253357701297651
1.740540469095586,0.25336987654305304
1.7407360884056013,0.2533916772757307
1.7420173499453824,0.2535344670663539
1.742191147637247,0.25355383589563785
1.7422404957377011,0.2535593354792222
1.7436108659299403,0.25371205595568297
1.7441751580096434,0.253774943309599
1.7443670047703432,0.2537963236117008
1.7444694207416642,0.25380773732751694
1.7448306563159324,0.25384799511284345
1.7449039352017564,0.25385616165530095
1.7455412785501299,0.25392719018495225
1.7463911244052142,0.25402190098984384
1.7464432366604534,0.254027708623792
1.746933507295302,0.25408234668099183
1.7470765455688477,0.2540982875365444
1.7472274091970328,0.2541151004862915
1.7474154139238625,0.2541360526141332
1.7477346886701612,0.2541716340881413
1.7478105487777649,0.25418008829405087
1.7478523021901589,0.25418474149000536
1.7482970048791349,0.2542343012417633
1.7491187228783107,0.2543258773465714
1.749188649774899,0.2543336703276395
1.7496603220359654,0.25438623569490393
1.7497065560883338,0.2543913882343756
1.749941601626354,0.2544175828106731
1.7500425115776106,0.25442882868855554
1.7500903071271583,0.2544341552485909
1.750244651016938,0.25445135605500036
1.750270336879335,0.25445421860788253
1.7506185349939662,0.25449302343760694
1.7506442602647607,0.2544958903823457
1.7507233420431287,0.25450470362634364
1.7507979733066588,0.25451302088411076
1.751007628868916,0.25453638588251914
1.751015630588262,0.2545372776316231
1.7521377910025335,0.2546623364471924
1.7523009797192308,0.2546805229625647
1.7526512237242153,0.25471955579589817
1.7527711566377864,0.2547329216818518
1.7531644587713655,0.2547767531148277
1.7535209438043744,0.2548164814775727
1.7535735773996552,0.25482234721209807
1.7540715919021304,0.25487784828219795
1.7541636154716556,0.25488810382005417
1.754562717112508,0.2549325815772999
1.7548551868853548,0.254965175779445
1.7551662460014676,0.2549998416651227
1.75517793149996,0.25500114395183876
1.7554211156641726,0.25502824553478065
1.7555592719286814,0.25504364231636667
1.7559165553622107,0.2550834596566075
1.7559248544357398,0.255084384544255
1.7560262983845485,0.25509568993332726
1.7572513529235168,0.25523221575236577
1.7578514408520043,0.25529909236342746
1.7585483208916748,0.25537675594097553
1.7593625659786358,0.2554674992294246
1.7594044407639353,0.25547216595174443
1.759450781341254,0.2554773303628559
1.7599754500768623,0.2555358019056112
1.7600213858996387,0.25554092120897953
1.7601672314115897,0.2555571749163362
1.7610824930863342,0.25565917596674187
1.7617079708242083,0.25572888213715106
1.7622891557895586,0.25579365211341193
1.7623511298940424,0.2558005587980572
1.762698758182996,0.2558393001237375
1.7627592719033447,0.2558460440563306
1.7634753091784425,0.255925842605975
1.7637575601776505,0.2559572979800955
1.763866876610642,0.2559694807156994
1.7638957278787322,0.25597269603622685
1.7641552213964553,0.25600161520995773
1.766566889013268,0.2562703827514514
1.7669539208592309,0.2563135153941896
1.766982149070387,0.25631666127833236
1.7669858760631465,0.2563170766318719
1.7675131959496835,0.2563758436313115
1.7675893275611962,0.2563843280948891
1.7676038508535166,0.25638594663864855
1.7678305163304124,0.2564112073016614
1.7682970030953349,0.25646319477293367
1.7686335592098739,0.25650070216360754
1.7687266449514811,0.2565110760748985
1.7688214167160925,0.2565216378844945
1.7701158566243667,0.2566658963342628
1.7704808708723674,0.2567065752326987
1.7705666672496627,0.2567161367830691
1.7710124069753774,0.25676581210706123
1.7712314030517342,0.25679021805613517
1.772490892721311,0.25693058148750886
1.7725744638119525,0.25693989504150583
1.773092847654418,0.2569976661663151
1.7732840715720395,0.2570189770558654
1.773554038560163,0.2570490634422217
1.773715642620194,0.2570670733560288
1.7742198417503399,0.25712326367002053
1.774683067844297,0.25717488775683944
1.7750674472873003,0.25721772480336136
1.7759100230154634,0.2573116253912374
1.7762716116016875,0.2573519225178706
1.7765854487648685,0.25738689800213277
1.776734936135383,0.2574035575752752
1.7776080292263217,0.25750085916107873
1.7779597101206628,0.257540052128096
1.7787266374290684,0.2576255221015482
1.7791055675842464,0.25766775185389673
1.7791987121523114,0.25767813232108383
1.7792508720871776,0.25768394526867267
1.7794568985169712,0.25770690581955136
1.781196633447097,0.2579007900334293
1.7818677912964875,0.2579755870095455
1.7820279344013543,0.25799343410766246
1.7821096643414995,0.2580025424752193
1.7824390069368639,0.2580392459575101
1.7825692229892023,0.2580537578446402
1.7826101694161518,0.25805832110635474
1.7848261341942708,0.2583052786063435
1.7848293046467147,0.25830563193642203
1.785465554024252,0.2583765385488365
1.785722851088418,0.2584052129394893
1.7859983375475366,0.2584359144415604
1.7860271602613937,0.2584391265798702
1.7860476197015576,0.2584414066757651
1.7863841690665279,0.25847891331423545
1.7871380598202016,0.25856293043293255
1.7874477550594172,0.25859744432177706
1.7876196479468742,0.258616600870731
1.7881163597321283,0.2586719567599186
1.7890763736076005,0.2587789452053045
1.7894507905864412,0.25882067198813113
1.7905622654525744,0.2589445399561379
1.7920505283202157,0.25911039894484933
1.7921295788514409,0.2591192087065192
1.7924471552378185,0.25915460090733833
1.7928270220702136,0.25919693504738567
1.792838658663213,0.2591982318838445
1.7932588865472028,0.2592450640486335
1.7938402323269722,0.2593098519468069
1.7940284761435734,0.2593308307199334
1.794734597817858,0.2594095242285537
1.7953745761050515,0.2594808464081356
1.7953879112049889,0.2594823325341676
1.7960312237002354,0.2595540262935207
1.7964173142243611,0.2595970540309419
1.7964196386699862,0.2595973130780558
1.7967623366383485,0.25963550494570353
1.7974610659568695,0.2597133746155532
1.7976987468090553,0.2597398628836117
1.7982463856618256,0.259800894323873
1.7983674121199464,0.2598143820795563
1.7984691293024824,0.25982571791907544
1.7984892205459746,0.25982795698140787
1.7984921402111165,0.25982828236257427
1.7993492469024224,0.2599238023490826
1.7995404850677132,0.2599451148264598
1.7996893326528107,0.259961703098917
1.7997645035177832,0.25997008049239767
1.800182047581641,0.2600166135596935
1.8002364884867161,0.2600226807092923
1.801081439570347,0.2601168460179139
1.801143807206138,0.2601237965595323
1.801184510618281,0.260128332738538
1.801477303631651,0.2601609629641219
1.801528881363839,0.2601667110283159
1.8016654394816276,0.2601819297049416
1.8016734576122901,0.26018282328299963
1.8028235145232465,0.26031099101489624
1.8032588006853911,0.26035950134477354
1.8035553957338935,0.26039255528697075
1.8042050441788546,0.26046495515425366
1.8042347810877697,0.260468269174745
1.8045150088519009,0.2604994990700668
1.8045365149249644,0.26050189580763705
1.8051638419128173,0.26057180806713026
1.805182708607705,0.26057391066002744
1.8056157441116167,0.2606221701660034
1.8057320657889058,0.2606351335988618
1.8058589083171888,0.260649269524661
1.805949849516883,0.2606594044381507
1.8060241906897052,0.2606676893668498
1.8062550563050401,0.260693418112974
1.807309442811126,0.26081092388659277
1.8078979967942699,0.2608765151007315
1.8080620160568197,0.260894794176026
1.808148631276099,0.2609044469819846
1.8083847291302562,0.2609307588333241
1.8093446607566925,0.26103773811249215
1.809977614638591,0.2611082774594282
1.8102412205565697,0.2611376549383163
1.8102548190002967,0.2611391704126143
1.810438660607569,0.2611596585829022
1.8107306089458617,0.2611921946739369
1.810812187076698,0.26120128612315296
1.8109399247322402,0.2612155218061289
1.8113145269258022,0.2612572692301521
1.8115810785221678,0.2612869749892446
1.8121762085206798,0.26135329906535454
1.8125046224732415,0.26138989905533944
1.8128970609546602,0.26143363423887095
1.8129106825190666,0.2614351522898458
1.8131535427170655,0.26146221776847484
1.8132525960543233,0.261473256736592
1.8133343558261934,0.2614823684287362
1.8133893810749875,0.2614885007003377
1.8138830192325537,0.2615435140500512
1.8141776215016925,0.26157634590757695
1.8147836865588485,0.2616438886378693
1.8149499498551147,0.26166241779879784
1.815234302095046,0.2616941073450321
1.815394746036572,0.26171198796979606
1.8154352979058255,0.2617165072601519
1.8155319925783953,0.2617272833676225
1.816842847180315,0.2618733711477783
1.8171105820250961,0.26190320877361956
1.817615082523252,0.2619594326734747
1.8176771029926,0.26196634452523765
1.8177725576871533,0.26197698244374695
1.8184980225175047,0.26205783164433094
1.8189246451286716,0.2621053764674856
1.819463956825536,0.26216547989046735
1.8198445302844086,0.26220789278028117
1.8202281837507266,0.26225064892055894
1.8202765385982025,0.2622560378113766
1.821310924393582,0.26237131461206087
1.8213820304364183,0.26237923900271287
1.8215543848051492,0.2623984469813027
1.8216023410230893,0.26240379144697673
1.8221712365477032,0.2624671918303676
1.8226550062805174,0.2625211053965785
1.8228877266992514,0.2625470408506859
1.8231629798045914,0.2625777163467182
1.8232350517268963,0.26258574837950477
1.8242715566024494,0.26270126134041494
1.824502307798296,0.26272697733509504
1.8245991895049742,0.2627377742865233
1.8250134300594214,0.2627839391952484
1.8250157960363382,0.2627842028708042
1.8261334255454522,0.26290875674106867
1.8262112904817998,0.262917434374489
1.8265419459942536,0.2629542841744136
1.8266143294652628,0.26296235092764775
1.8266692745682565,0.2629684742674255
1.8269273441764078,0.2629972347540006
1.8269334523752079,0.26299791548030094
1.8276663305139198,0.26307959085471117
1.827866776397295,0.2631019294833437
1.8280889247937617,0.26312668674174405
1.828647563411252,0.2631889440473362
1.8287586623773409,0.26320132543678204
1.8292478238374537,0.26325583988235135
1.8294330338815226,0.263276480557649
1.8294622821443365,0.263279740121129
1.8301430698695538,0.2633556102957377
1.8306919817952725,0.2634167836132145
1.8309479986933332,0.26344531533615717
1.8310060159759318,0.2634517810540279
1.8315139465437107,0.2635083872169169
1.8320006698477167,0.2635626299429432
1.8320950121380455,0.2635731438899125
1.8321580299799392,0.2635801668935461
1.8322912422526456,0.2635950126935157
1.8323598364814053,0.2636026571558353
1.832466644551232,0.2636145603476927
1.8324887173672924,0.26361702024575856
1.833499220839128,0.2637296354883828
1.8337535276705605,0.26375797663348616
1.8342248095032299,0.2638104984895802
1.8342270261315383,0.2638107455210273
1.836812348244369,0.2640988659333886
1.8368385922614474,0.26410179068964446
1.8368713177758171,0.2641054377743338
1.8373500473003932,0.26415878963611783
1.8373740818073079,0.2641614681542059
1.8374313268512419,0.2641678478101807
1.8384138701645958,0.26427734704170835
1.8386807906500757,0.26430709391153273
1.8391644907586648,0.26436099971849364
1.8398068590092092,0.264432588246792
1.8401134194545448,0.2644667527795151
1.8401928401676944,0.2644756037959936
1.840680261241272,0.2645299242847311
1.841023858490174,0.2645682163724167
1.8416270752318782,0.26463544167308645
1.8417767979559863,0.2646521274751364
1.8419613416625715,0.2646726938906619
1.8419831004066138,0.2646751187870702
1.8420147707759125,0.264678648281448
1.8420290337459075,0.2646802378136677
1.8420405736411256,0.2646815238736724
1.842273152012597,0.26470744349736736
1.8423516838420668,0.26471619545248287
1.8423546561731257,0.2647165267029859
1.8424700256834585,0.26472938402189633
1.843678225596901,0.2648640314824772
1.8437653436691428,0.26487374032872635
1.8439203760817389,0.2648910178673453
1.8447782205074,0.2649866200704274
1.8448127776181298,0.26499047127679903
1.8448294067428705,0.2649923245043926
1.8453791588583317,0.2650535914565518
1.845901503547828,0.26511180399671663
1.8472639449276564,0.2652636408491639
1.848187911906464,0.26536661205945195
1.8490008325515805,0.26545720774589504
1.8491809330691351,0.26547727899161205
1.8494133448698447,0.26550318005188067
1.8498585651741501,0.2655527974891167
1.8500784463920856,0.2655773020825161
1.8505946859018003,0.26563483423283424
1.8514260665006312,0.265727487183032
1.8514834173843582,0.2657338786342893
1.8517476095708654,0.2657633214496899
1.8518770514114895,0.26577774705503804
1.8521013743557562,0.26580274665523607
1.85212899454111,0.2658058247781338
1.852280257779314,0.26582268226229433
1.8526404802505791,0.26586282714267406
1.853383874206155,0.2659456744489979
1.8537233368214412,0.2659835057537364
1.8538392357396902,0.2659964220723461
1.8539155662589861,0.26600492870313924
1.8542862123148838,0.26604623523664056
1.8545010395835337,0.26607017659424653
1.8547569356391087,0.26609869484993637
1.8548740754975133,0.26611174946473265
1.855190797357308,0.26614704643310466
1.85559697157136,0.2661923123910533
1.8560445550528493,0.26624219319182973
1.8564575461502242,0.2662882188552032
1.858145498749935,0.26647633220350186
1.8586417681485525,0.2665316387910496
1.858896882763562,0.26656006995934034
1.8590680898868992,0.266579150083527
1.8591495188332765,0.2665882249069279
1.8591874955517613,0.26659245721041364
1.8592870907330252,0.26660355656416634
1.8599208416653454,0.26667418473813675
1.8602500361681416,0.2667108717162979
1.8603842801653594,0.2667258324964821
1.8604505294688414,0.2667332156293394
1.8605609249172468,0.26674551861547785
1.8605973246499694,0.2667495751722796
1.8608731665748228,0.26678031628911797
1.861617756253186,0.26686329685239296
1.8616187305911307,0.26686340543717973
1.8624030052701512,0.26695080868291177
1.8629116406843704,0.2670074933971913
1.8631135887405081,0.26702999943499656
1.8633426313937782,0.2670555250216849
1.8640162543284686,0.26713059671845957
1.8640743747890713,0.2671370739349705
1.8647302305170486,0.267210165570963
1.864775495206973,0.26721521008014126
1.864981157458336,0.2672381300452688
1.865266202155657,0.2672698967621997
1.8652957400336334,0.26727318860175076
1.865684612961245,0.26731652642325604
1.8669593475222748,0.2674585888167785
1.8675271531059252,0.2675218677320403
1.8676253869448243,0.2675328153714199
1.8689190883659694,0.26767699152072183
1.8690620461318337,0.26769292340412115
1.8695854490969077,0.2677512538834761
1.8697323865394075,0.2677676292806902
1.8706271738342788,0.26786734857024996
1.8709705217533388,0.2679056128714494
1.8710829938396054,0.26791814728784313
1.871487491212212,0.26796322637072256
1.8716337697519707,0.2679795283367275
1.8716568671564595,0.2679821024197297
1.87187248970275,0.268006132406803
1.8721332508874966,0.268035192855288
1.8727649352579594,0.2681055907219202
1.8729468130680131,0.2681258600374425
1.8729710047275245,0.2681285560693526
1.8733288043355687,0.2681684309345004
1.8744797346976432,0.26829669600788314
1.875908843175654,0.26845596255418697
1.8762614526491905,0.26849525900642157
1.8766509669438183,0.26853866830487294
1.8767499891218704,0.26854970380046234
1.876899477832068,0.2685663635229054
1.8773042639320139,0.2686114747829127
1.8775858386383713,0.26864285478778854
1.8777247357452658,0.268658334132322
1.8778832404620152,0.2686759986407886
1.8781548581287102,0.26870626898650085
1.8781804367152097,0.26870911958405425
1.8787183278488073,0.2687690646928082
1.8797713083694345,0.26888641377681827
1.8804471110934509,0.26896172839953103
1.8812997455031366,0.269056749974016
1.8819008107631119,0.2691237355034791
1.882154397047479,0.26915199634744064
1.882173432404586,0.26915411773684567
1.882396637423235,0.26917899275017393
1.8824842108146542,0.2691887523393262
1.8834415707306462,0.26929544501502994
1.8834771572861604,0.2692994109475528
1.8839244647319278,0.2693492609856146
1.8844293781616803,0.26940553090450214
1.884447479928332,0.26940754825021174
1.885071310871578,0.2694770708941098
1.8857826607383499,0.26955634705700277
1.8861607326796659,0.26959848116597646
1.88656884462213,0.2696439630734607
1.8871009673475585,0.26970326532377453
1.8871923225813931,0.2697134463791692
1.8881566107771572,0.2698209111748402
1.8884457911659251,0.26985313879260786
1.8885133140210573,0.26986066385602947
1.8888700344554104,0.2699004184530035
1.8889931943928768,0.2699141439736238
1.8892623739273988,0.2699441426024603
1.8894531844242508,0.2699654074184624
1.8899267947368483,0.27001818877127226
1.8900963011466219,0.27003707935996896
1.890148503575991,0.27004289704334444
1.890502607263035,0.2700823600177349
1.890852375925272,0.27012133987664483
1.8908805354384908,0.2701244781047674
1.8913631101498531,0.2701782584921872
1.8916557663243039,0.2702108734678006
1.8918609226317038,0.27023373704816195
1.892113694758334,0.2702619071585698
1.892741073265332,0.27033182515959797
1.8929827565728554,0.27035875948003674
1.89344298246655,0.27041004921047784
1.8935420462751351,0.270421089345569
1.8937110877875358,0.27043992812392376
1.8941723819968594,0.27049133691246524
1.894658961246048,0.27054556358434756
1.8951687326218343,0.2706023748955078
1.8955523719532448,0.2706451294605253
1.8955856302900722,0.27064883592544664
1.896937456593884,0.270799489784075
1.897471292652672,0.27085898297628813
1.8975567133632854,0.27086850266060286
1.8976930533283003,0.27088369702526105
1.8983529699438166,0.27095724122559234
1.8991317275760704,0.27104402962577706
1.89969767787455,0.2711071017793647
1.89974740801963,0.27111264393979256
1.8999383985343077,0.27113392881782505
1.899990149532806,0.27113969619162864
1.9001422035339124,0.27115664180211274
1.9001720279768648,0.27115996557780764
1.9004673204352935,0.27119287435326234
1.900676427882085,0.2712161782671145
1.9008677130213,0.27123749597948626
1.9014569977002453,0.2713031686257894
1.901715632030707,0.2713319920476654
1.9018738433363525,0.2713496238570236
1.9019756260254919,0.27136096699690565
1.9023812499035573,0.27140617162283287
1.9025777767369774,0.2714280734941719
1.9025907145567056,0.27142951534543536
1.9026496667149613,0.2714360852502307
1.9033294647793622,0.27151184513239995
1.903447736745674,0.27152502591460703
1.9036562512753508,0.2715482637509972
1.905208960452554,0.27172130493847363
1.9056883090182268,0.27177472578909845
1.9062519981400676,0.2718375459465645
1.9069476872172813,0.27191507679767496
1.9075619022883081,0.2719835278037081
1.9076003408749986,0.27198781157995117
1.9078052364231846,0.2720106461000837
1.9082578313000216,0.27206108539424345
1.9085567989801129,0.2720944037536243
1.9088167219586558,0.27212337078848176
1.908910333825498,0.27213380333363457
1.9097727200696555,0.272229911698255
1.9099626266430498,0.27225107577679103
1.9107513758112704,0.27233897768056914
1.9123658519176245,0.27251890246410065
1.9130463111602567,0.2725947360310706
1.913479915883514,0.27264305897351826
1.914219744180064,0.27272550890608976
1.914643292268978,0.2727727110900756
1.9152091418004902,0.2728357720137204
1.9155853758196972,0.27287770129604083
1.9163503254263807,0.2729629508651447
1.9166282967849213,0.27299392929605276
1.9171117103429356,0.27304780316847466
1.9171118478831952,0.27304781849660564
1.9177483567486517,0.2731187540275698
1.9177841404139016,0.2731227419269255
1.917981270270884,0.2731447110020363
1.9182386648262928,0.27317339625757003
1.9188416409921343,0.27324059474733836
1.9188850229042942,0.2732454294309387
1.9199205303525109,0.27336083123387184
1.920285348707037,0.27340148830102085
1.9202934674250396,0.27340239308900327
1.9204787224551247,0.2734230387777535
1.9225683404894922,0.2736559156044947
1.9232240717729665,0.27372899337180867
1.924432784659115,0.2738636980004718
1.9244594812580051,0.27386667319456576
1.9245930735992862,0.2738815613511583
1.9255127878571365,0.2739840586182924
1.926249111494186,0.2740661179751848
1.9264970916111912,0.2740937540415822
1.9268118540264103,0.27412883264026777
1.9269411444038596,0.2741432413658497
1.9270408493424989,0.27415435295147866
1.9271630610952084,0.2741679728019459
1.9279081540013436,0.27425100944728215
1.9279923972745108,0.2742603979124499
1.9282717647033571,0.27429153192797545
1.928775481447168,0.2743476684825734
1.9291259873670228,0.27438673050492746
1.9295979835777932,0.27443933197466513
1.9296447216239805,0.2744445406815701
1.930041953298241,0.2744888100409752
1.930175452730758,0.2745036878433796
1.93032886280793,0.27452078458133583
1.930464011871198,0.27453584622632227
1.9305581767199482,0.27454634039837034
1.9309358764283353,0.274588433023962
1.9309439761007574,0.27458933568941585
1.931233366835063,0.2746215867490761
1.931429548980452,0.27464345020676545
1.9314558077808004,0.274646376610538
1.9325276354973866,0.2747658261143932
1.9325498858604757,0.27476830579913214
1.9328425731050702,0.274800924237348
1.9330354764141595,0.27482242228615406
1.933055577724289,0.27482466247035964
1.9333017412913722,0.27485209609192035
1.9334407957440713,0.2748675929718077
1.9341186248017235,0.27494313341863713
1.9348283137974245,0.27502222448627434
1.9352575843717585,0.27507006441085396
1.9352660947496714,0.2750710128472525
1.935668635931101,0.27511587392301945
1.9356901420560408,0.2751182706663712
1.9357668006835782,0.27512681386308446
1.9357759092044393,0.2751278289593363
1.936070738264528,0.2751606860915085
1.9367164370228895,0.27523264578720646
1.9368515114443554,0.2752476991137606
1.9368998245788942,0.27525308335589305
1.9375922855762095,0.27533025445465115
1.9376436060057127,0.275335973843828
1.9410555651486783,0.27571621856086076
1.9417715804631408,0.2757960146631089
1.9419288993144397,0.2758135470131723
1.9423773787566705,0.2758635276640126
1.9424542871288615,0.2758720986934406
1.9432885509985,0.27596507296884926
1.9438208860308772,0.27602439887964464
1.9439679486311203,0.27604078822502426
1.9440370555306896,0.2760484898217817
1.9442136367863951,0.27606816886446517
1.9442820391967937,0.2760757919496478
1.9444033983425686,0.2760893167816025
1.9447111451654615,0.27612361352980064
1.9448786560240547,0.27614228172492156
1.9452154894289353,0.2761798200181305
1.9452824411778802,0.27618728143480226
1.945828923725373,0.2762481840109843
1.9458467004836166,0.27625016513623374
1.94738895570718,0.276422041286124
1.9475436692513923,0.2764392832885557
1.9491550585107675,0.2766188640593936
1.9492408906094945,0.2766284295907278
1.9492578230306417,0.27663031661909415
1.9496656489714634,0.27667576665321475
1.9496965471230017,0.27667921008802643
1.9500722996550177,0.27672108571115794
1.9501356784962205,0.27672814894624637
1.9503605130991586,0.2767532055680848
1.950428031748713,0.2767607301628171
1.950893409386566,0.27681259402777103
1.9510066391541996,0.2768252128837271
1.9515612522372254,0.2768870215648929
1.952651912093874,0.2770085698106933
1.953006844740968,0.2770481251682766
1.953617984314314,0.277116233426435
1.9536682840879447,0.2771218390689382
1.9538009188931202,0.2771366205132197
1.9539151008725122,0.2771493454881168
1.9540046546487753,0.27715932578063707
1.9541469821632513,0.27717518742586805
1.9546453822267091,0.2772307314646908
1.9547454450885846,0.2772418829389625
1.9548394361274095,0.2772523577408181
1.9549235354573486,0.2772617301642779
1.9556865871496887,0.27734676822091264
1.9559392281016879,0.2773749237126048
1.9560673631118037,0.2773892036786367
1.9565223325635217,0.2774399076065497
1.9569420866319056,0.2774866869671071
1.9571342687280324,0.27750810464056047
1.9571518847345317,0.27751006785088217
1.9573730614665543,0.2775347168224432
1.9579458418544033,0.27759855015319945
1.9580931035470996,0.27761496168637506
1.9581520045985454,0.2776215258955879
1.958509936540427,0.2776614155086386
1.958531331339356,0.2776637998452979
1.9586632455169952,0.2776785009794696
1.9586957544422983,0.2776821239264584
1.9598363001546568,0.2778092316858091
1.9602779977691283,0.27785845653798097
1.9605184261513875,0.2778852510036672
1.960533465398157,0.27788692704780854
1.9615891472168818,0.2780045771771383
1.9617358789611627,0.278020929650379
1.9619510499115855,0.27804490930949244
1.9621964999991615,0.27807226341755326
1.9630339853887813,0.2781655967142463
1.963764474992114,0.2782470058990801
1.964187959879526,0.2782942010395943
1.964573756889572,0.27833719606643087
1.9645840264424197,0.2783383405535285
1.965486163444339,0.27843887892888586
1.9657885611419057,0.278472579545489
1.966280161704295,0.27852736581604703
1.9664839277932533,0.2785500744639498
1.9665254538369723,0.2785547023208736
1.9669404347055468,0.2786009497336746
1.967047062614438,0.278612832847553
1.9681179723672817,0.2787321800492266
1.9688263693639365,0.27881112713043515
1.968932706924826,0.27882297788657145
1.9698546703809263,0.27892572581489933
1.9699398923632152,0.27893522335199833
1.9703813103691699,0.27898441704328664
1.9712322178549027,0.2790792461612731
1.9712895893120472,0.2790856399053286
1.9717348501211276,0.27913526185660653
1.9721364084127895,0.27918001339453163
1.9729924270035983,0.2792754121180209
1.9733808869764904,0.279318703917917
1.9737262103020978,0.27935718836768
1.9741291494710937,0.2794020937970465
1.9744083616476573,0.2794332105105302
1.9747451747968428,0.2794707465463497
1.9753502227816386,0.2795381759293316
1.9755031625151795,0.2795552202499892
1.9755550668858788,0.2795610047163097
1.9757244083407564,0.2795798769216596
1.9758872490582058,0.27959802465436495
1.9759168440454733,0.279601322858443
1.9762544552737653,0.27963894783593823
1.9763851523158718,0.27965351332682203
1.9765626581160085,0.27967329540506985
1.976884519427426,0.2797091651380167
1.9773094521828272,0.2797565216357253
1.9776309084256014,0.27979234622592414
1.9777292841685583,0.27980330967975703
1.978081694719481,0.2798425839631232
1.9784732135801562,0.27988621665980934
1.9791597481285117,0.27996272728732113
1.9794733698198212,0.2799976787583881
1.9800425895691431,0.28006111527489985
1.9800934184958803,0.28006677988870515
1.9801115676036787,0.28006880251033406
1.9802813724571686,0.2800877263589971
1.9805849659868162,0.28012156024473156
1.9806238425924947,0.2801258928358634
1.980630604855226,0.28012664645411367
1.9812964497163343,0.2802008513259163
1.9813225618507266,0.28020376138454745
1.98241848176,0.2803258958352636
1.9825870876563692,0.28034468606652635
1.9838162395681291,0.2804816685159911
1.9840164714486466,0.28050398329514237
1.9842479756777083,0.28052978321137323
1.9844060511121018,0.2805473998786022
1.9845751526751272,0.28056624534928
1.984656839034913,0.2805753488600375
1.9853985041380513,0.2806580034949436
1.985749072947576,0.28069707252601694
1.9858586684134376,0.2807092863583515
1.985889041759623,0.28071267130639505
1.986304235077169,0.2807589423955052
1.9864318698324435,0.28077316661079305
1.9868141826956447,0.2808157733479768
1.9868242837856207,0.2808168990607825
1.9872276327738065,0.2808618501623201
1.987694338579958,0.2809138620445737
1.987703500615402,0.28091488310474144
1.9877372173371894,0.2809186406542307
1.9881597597376959,0.2809657307595874
1.9882970823322337,0.2809810346330849
1.988309521646669,0.2809824209285823
1.9885226331475105,0.2810061710729827
1.9888836355677815,0.28104640287453514
1.9889698744696616,0.28105601374191896
1.9894466488737397,0.28110914771591183
1.9894725832857965,0.281112037968333
1.989543361749351,0.2811199258520147
1.9900088774045666,0.2811718050982703
1.9905894956974435,0.2812365119218949
1.9905919683827145,0.28123678748952996
1.9909712772024342,0.2812790594420296
1.9912504293116213,0.28131016946132337
1.9915413181992698,0.281342587482213
1.9919280949641378,0.2813856916975187
1.9919789243191255,0.28139135635905016
1.9919880690462717,0.2813923754903001
1.9930453467789522,0.28151020347576017
1.9936260067337295,0.28157491494238257
1.9943467767834475,0.28165524093461053
1.9944965255190996,0.28167192963550897
1.9950708379816744,0.2817359337078527
1.9953516157758477,0.28176722490109996
1.9955618124370909,0.2817906502021152
1.9955739879717627,0.28179200710075963
1.9958525483270249,0.2818230511722227
1.996030845556332,0.28184292145104634
1.9964341775152061,0.2818878706547578
1.9972822696839687,0.28198238602062714
1.9973742451834195,0.281992636201329
1.9980222620887895,0.2820648542421935
1.9985798659040575,0.2821269962245763
1.9987295713505566,0.2821436801011285
1.9991629709152288,0.28219198017974184
1.9999032816260736,0.2822744838748233
1.9999564429928616,0.2822804084266788
2.0000079366792627,0.28228614712441646
2.0000937766741704,0.2822957135357378
2.000137494612279,0.2823005856676448
2.0008062153628132,0.2823751110420429
2.0018496792136804,0.2824913995437751
2.00239140516971,0.2825517720231128
2.0024928134120437,0.28256307343288806
2.0025533012006993,0.2825698144755317
2.0032753575336812,0.2826502838171951
2.0039672405117637,0.2827273904987809
2.003991367543745,0.2827300793282961
2.0040148489971434,0.28273269621150865
2.004148159589325,0.28274755296866133
2.0041564586112792,0.2827484778505611
2.0043280666945935,0.2827676026596067
2.004382859570242,0.28277370903445564
2.004389793603632,0.28277448179563297
2.00443924981395,0.2827799934274873
2.00444702258599,0.2827808596616306
2.0044779291549117,0.28278430403451477
2.0051902651948303,0.2828636901011649
2.0052851032312944,0.28287425929640664
2.0055414250221397,0.2829028249980301
2.0056696011908794,0.28291710955097177
2.0060224825283184,0.28295643630099393
2.006083634329306,0.28296325134428374
2.0069234377923677,0.2830568429779449
2.007524381396315,0.28312381494948996
2.0085780509882456,0.2832412408268354
2.0088661575654694,0.28327334877401217
2.009588693094557,0.283353871519535
2.0097075495507912,0.2833671174400385
2.009711221243141,0.2833675266306413
2.0098636395280973,0.2833845128386248
2.0099770841583693,0.28339715563988044
2.0108229962256945,0.28349142804502864
2.0116529596059225,0.28358392305374325
2.012216804891051,0.2836467606147779
2.0123661200491707,0.283663400995764
2.0124307878677334,0.28367060788053017
2.012780268241946,0.2837095556112717
2.013412141331444,0.28377997450963743
2.013669463556791,0.28380865170437025
2.013844676691678,0.28382817827725804
2.014211496072856,0.2838690583481949
2.0144292160403343,0.2838933220817149
2.0146124135006995,0.28391373846525275
2.0149226986704414,0.2839483180987197
2.0150291150059214,0.28396017763386544
2.0150344133119775,0.28396076810192294
2.0153343430568125,0.2839941936783076
2.0159352674397786,0.2840611635077763
2.016179450445201,0.2840883764062639
2.016352841163825,0.28410769988054263
2.016497949628555,0.28412387144790274
2.0168651051369655,0.2841647889784337
2.016912704107187,0.2841700936307476
2.0170720216769897,0.28418784872736785
2.0174655837858038,0.28423170913320234
2.018073420555812,0.28429944931147816
2.018977084271716,0.28440015783099676
2.0193363339239014,0.28444019429585915
2.020325861138732,0.2845504718460976
2.0206038861905085,0.2845814562608314
2.0206880760060826,0.28459083876843444
2.0208003620330617,0.2846033524495092
2.020943351556541,0.284619287872126
2.021583403811681,0.2846906182950425
2.0218828184100923,0.2847239864610954
2.0224475412448695,0.2847869218203757
2.0224761437647536,0.28479010941923727
2.02283406233816,0.28482999754244237
2.0233509463991397,0.28488760152457426
2.0238422109567606,0.2849423503491859
2.024291026288982,0.28499236843318093
2.024912436045625,0.2850616212486971
2.0249718075469625,0.28506823788705055
2.0252266646355572,0.28509664035539095
2.0260327409143417,0.2851864732735736
2.0275945313841763,0.2853605265228604
2.02764144174745,0.2853657544335889
2.0283109391216354,0.2854403663585664
2.028906832677632,0.28550677552910086
2.0291230271810177,0.28553086925775323
2.029145921324174,0.2855334206883601
2.0293963166211966,0.2855613259137373
2.0296827939287567,0.2855932522874671
2.029791293136935,0.28560534394770803
2.03063561667565,0.28569943931978314
2.030995204404352,0.2857395134614771
2.0315180146512337,0.2857977778855388
2.032590477942265,0.28591729822078876
2.032617376534088,0.28592029592592166
2.0326383689162064,0.2859226354153657
2.033264192759609,0.2859923801573968
2.0337667682064335,0.2860483895205098
2.0341140834176166,0.2860870959553364
2.0342754427488767,0.2861050785954221
2.0355910686706764,0.2862516981138261
2.0356866334981656,0.28626234830606584
2.0363859473389727,0.28634028311781856
2.0365163720604915,0.2863548182600199
2.0367388120331498,0.2863796080130374
2.037054085843534,0.2864147436039969
2.037138517857183,0.28642415310328834
2.0374100657336114,0.2864544156712461
2.03845856522201,0.2865712653680244
2.0385866927780603,0.2865855445033402
2.0387987562579495,0.28660917785137424
2.0402939337156054,0.28677580743440195
2.04113485024651,0.28686952311355984
2.0415292986872706,0.28691348229638
2.041577002440891,0.28691879862624703
2.04193305625499,0.28695847893193593
2.0435122759818976,0.287134474579313
2.0435371706433947,0.28713724895705905
2.04367369905888,0.28715246432352076
2.0437437491018473,0.28716027102859853
2.0439335857821637,0.2871814273179223
2.0450004175816305,0.28730032005336037
2.0453919737258444,0.2873439569050986
2.045400123309008,0.28734486513283936
2.0462594808098054,0.2874406359601056
2.0466629577947746,0.28748560132620493
2.0473946618464884,0.28756714585485765
2.047452845502833,0.2875736301141983
2.0475435806887137,0.287583742068543
2.0479421173347885,0.28762815686012294
2.048233213978409,0.2876605980343118
2.0483512761214864,0.28767375543283463
2.048636197796038,0.2877055084395314
2.0489873775062954,0.28774464555224577
2.049089515190662,0.28775602825445956
2.04942359194888,0.28779325933404554
2.0494911910499165,0.2878007928946681
2.049571990768555,0.2878097975939809
2.0496565960439073,0.2878192264023686
2.0497728990152573,0.2878321877505496
2.0505647121994404,0.28792043112262605
2.051851032431967,0.28806378467767624
2.052078088350221,0.2880890888533038
2.052469211015821,0.2881326773961539
2.052766239521837,0.28816577964488793
2.053699115665237,0.288269743734231
2.054095245313731,0.28831389027872
2.054199864494244,0.28832554953049394
2.0542930371042725,0.28833593312280875
2.0551933991639757,0.28843627369028735
2.0559261106166424,0.2885179304884234
2.0560834114992708,0.288535460835974
2.056460635726224,0.2885775004716863
2.0574966649188475,0.28869296042026127
2.058011084419296,0.2887502897402174
2.0581926373569512,0.2887705228504372
2.0586978722096814,0.2888268285902077
2.0592315623894546,0.2888863055249798
2.0601012613166207,0.2889832288492657
2.0602631303346284,0.28900126829123124
2.060550277083956,0.2890332692706891
2.0609228046374657,0.28907478548710186
2.0623559633285646,0.2892345034081338
2.062472041948879,0.28924743975358386
2.062527030607027,0.2892535679473521
2.0632284417352755,0.2893317364906461
2.063812522335425,0.2893968291700196
2.063854822041927,0.28940154324754963
2.064239801242927,0.2894444471339135
2.0642723845581683,0.2894480783712655
2.0646311106127073,0.2894880564839525
2.0647111508705867,0.289496976545399
2.06526683339926,0.28955890441059967
2.065355562089167,0.2895687927516296
2.066023714494698,0.28964325478699726
2.06641831607852,0.289687231036798
2.066695731737311,0.2897181475379216
2.0667030168730096,0.28971895942758563
2.0669232289203765,0.28974350089016754
2.0671123200397035,0.28976457409068057
2.0673622967080454,0.2897924326621158
2.0676931108599548,0.28982930014156455
2.067700144147917,0.2898300839641365
2.0679608910822496,0.28985914282448855
2.0681967777184687,0.2898854311367112
2.0682274790613393,0.28988885263824243
2.0682372537370144,0.28988994197390877
2.068257617882788,0.28989221144975025
2.0687146949956525,0.2899431502652991
2.0690708048741255,0.2899828368190643
2.070027540872342,0.2900894599624472
2.0701002381816056,0.29009756169128736
2.0703545258220757,0.29012590069766
2.0704639771807303,0.29013809847001193
2.0714209230895873,0.29024474500682035
2.071445662400568,0.29024750207157674
2.071991830618556,0.29030836961740575
2.072853637327076,0.29040441339585893
2.0729024753060052,0.2904098561291098
2.0730870614556403,0.2904304272746879
2.0733717309743334,0.29046215217995414
2.0737877101541597,0.29050851084923973
2.0742536602568644,0.2905604385123596
2.0743637014774183,0.2905727020216861
2.074491636711754,0.2905869597237687
2.0750569031047745,0.29064995565972684
2.075428076094364,0.29069132091718836
2.0763876843678815,0.2907982641603916
2.0768891046313303,0.29085414478445554
2.077200149892145,0.29088880912603393
2.077979343400862,0.2909756461023343
2.079131117187294,0.29110400517088014
2.0795950628617716,0.29115570945112457
2.0801236818619944,0.29121462122988134
2.0807192420454004,0.2912809932478119
2.0807546316190546,0.291284937227753
2.08122233648671,0.2913370604501026
2.084181546601009,0.2916668486935733
2.0842558996437477,0.29167513494511144
2.084350125274628,0.29168563589100505
2.085222894578048,0.2917829013924099
2.086095724043829,0.29188017359859036
2.0869273745345533,0.2919728566268052
2.0875439004456675,0.2920415651636874
2.087786680207603,0.2920686216781445
2.088087749487529,0.2921021742496601
2.0881115599774325,0.29210482780224273
2.088773273359822,0.29217857224269483
2.0888044590109525,0.2921820477178084
2.0889665165642826,0.2922001081710339
2.088995312561174,0.29220331733187993
2.088995673237828,0.29220335752737653
2.089225822746994,0.2922290064672732
2.0893386933330573,0.292241585294352
2.089451613362882,0.29225416963167516
2.0906389777093537,0.2923864950790268
2.0906698184208197,0.2923899321124476
2.0908867456503435,0.29241410749953484
2.091252292996139,0.29245484580888725
2.092012320243955,0.2925395468072503
2.092490652513564,0.29259285439707877
2.092780450080564,0.2926251507960812
2.0927871369688527,0.2926258960142501
2.094225999269968,0.29278624957231214
2.0947089216229493,0.29284006870254314
2.0951472580466795,0.29288891896786645
2.095360239616128,0.2929126546321035
2.0960188573382217,0.29298605407766454
2.0962288096905617,0.2930094521517506
2.0963025287157997,0.29301766774540733
2.0969297995349345,0.2930875737451953
2.096959630722958,0.2930908982725924
2.0975865277819725,0.29316076261880086
2.097880414932918,0.29319351478020406
2.0980560551852454,0.29321308895306103
2.098238052918283,0.2932333716333627
2.0984303298178526,0.29325479987215614
2.098731036920497,0.29328831208093814
2.099621367999756,0.2933875347489459
2.100037119209742,0.2934338680122041
2.1001594385721605,0.29344749985520147
2.1001653611526026,0.2934481598953221
2.1008728221381894,0.2935270026630706
2.1020356832297464,0.2936565973528602
2.102952738041756,0.2937587982388864
2.1034583595861314,0.2938151470733861
2.1035792120240915,0.29382861543544697
2.103663899891003,0.2938380534482253
2.1046105511827773,0.2939435527046601
2.1049878531655253,0.29398560100584276
2.1068428670276287,0.2941923324441547
2.107038808802879,0.2942141691138694
2.107065450308896,0.29421713816815526
2.1071957722755754,0.29423166185887567
2.107577888825211,0.2942742467179557
2.107918701848836,0.2943122285185282
2.1079812712363855,0.2943192015443079
2.1080158329599157,0.29432305326475167
2.1084438958938447,0.29437075860422496
2.108548728436138,0.2943824416340356
2.1088206165965793,0.2944127421248387
2.108947938825721,0.29442693151074956
2.108953220405429,0.2944275201147442
2.1091661849751455,0.29445125388445165
2.1094248283168895,0.29448007831058715
2.1094592369646588,0.29448391297155047
2.109508497833827,0.2944894028336717
2.110420515112861,0.29459104231341465
2.1104883091757287,0.29459859760149715
2.1113680089583804,0.2946966354679875
2.1116199830451503,0.2947247166410933
2.112911364869558,0.29486863428366394
2.1135025091896233,0.29493451417708877
2.1140897032307318,0.29499995383291383
2.115770792621259,0.2951873023130169
2.1162442791409806,0.2952400698697683
2.116747459564954,0.2952961466543701
2.117427665146613,0.2953719519521725
2.1175975659169493,0.29539088649025835
2.1177588211753773,0.29540885753198015
2.1179725764672086,0.2954326794234656
2.1179835975398063,0.29543390766344607
2.1181485816179006,0.2954522942623065
2.118676410092322,0.2955111179411633
2.119269880048489,0.29557725701437443
2.1192818266108193,0.2955785883952682
2.119899460728151,0.2956474204358448
2.1199047919166083,0.2956480145684711
2.120401841979945,0.2957034081569536
2.1205233343409007,0.2957169478350322
2.1209605379403995,0.29576567185311425
2.1211576122001157,0.2957876347322052
2.121476311126884,0.29582315203418624
2.1215159253153195,0.2958275668249974
2.122057427382387,0.29588791435309986
2.1222065820656586,0.29590453685001683
2.122569238987051,0.2959449530369278
2.123518474388307,0.2960507402786339
2.123687051767785,0.29606952733184044
2.1237968739953494,0.2960817664355619
2.1239181582309357,0.296095282919174
2.1239215760078154,0.29609566381224683
2.124012332658817,0.2961057781587653
2.1240254381453316,0.2961072386956014
2.1241580972042753,0.29612202284283656
2.1242349697583878,0.29613058988053004
2.1250508898366993,0.29622151983786493
2.1263581063688335,0.296367202174474
2.127029809466078,0.2964420599155663
2.127372030769381,0.29648019866142594
2.127664970060872,0.29651284518892923
2.12944260361589,0.29671095300317696
2.130777376703468,0.2968597063714686
2.131158145709744,0.29690214105400115
2.131219962200347,0.2969090301734168
2.131469668549281,0.2969368586191904
2.132135500151793,0.2970110620133931
2.132245825911136,0.29702335723305573
2.1325727880377348,0.29705979542475136
2.1327500249603557,0.29707954753802873
2.133513793663486,0.2971646655017062
2.133832898342448,0.2972002280226132
2.134320894614191,0.29725461261413
2.1343857975290192,0.2972618456991259
2.134473075155721,0.29727157232687207
2.1346782296611626,0.29729443570641456
2.136280236091367,0.29747297081079704
2.1365703571498487,0.297505303261206
2.137234903758592,0.29757936344968083
2.137447313513333,0.29760303538820715
2.137517771862338,0.29761088759682325
2.137764256012229,0.2976383569456347
2.1379306207486475,0.297656897411529
2.1384098852620084,0.29771030889497047
2.13894906479527,0.2977703975890211
2.138967898911014,0.2977724965511455
2.139189703644834,0.29779721551016997
2.139279169871577,0.2978071860457615
2.1393496605597795,0.2978150418584094
2.1400636954576067,0.2978946172537464
2.140159813167194,0.2979053290617585
2.140278577800746,0.29791856474911166
2.1408316003053596,0.29798019616876487
2.1409774996583284,0.2979964558764167
2.1410926815039497,0.2980092922810923
2.141672292409292,0.2980738868367293
2.1419393424380107,0.2981036481434591
2.142378622787793,0.2981526036043254
2.1424527931980513,0.29816086950244414
2.1429057639658167,0.29821135068765053
2.143333298241994,0.2982589971110264
2.1439337750921745,0.2983259170653443
2.143946816552424,0.29832737046679325
2.1442381009156253,0.2983598325613321
2.1443765903449465,0.2983752664723661
2.144506910780357,0.29838978999243476
2.144906156921751,0.2984342838534979
2.1449436138140783,0.2984384582251206
2.145144116462374,0.29846080317990203
2.1452816237052112,0.29847612763147136
2.1457932982892007,0.29853315104507305
2.1459669031101027,0.2985524983799131
2.1463475494034014,0.2985949193867365
2.146912049859485,0.29865782996309287
2.146937749083502,0.29866069400505674
2.147011665160191,0.29866893155905055
2.1471881925415737,0.29868860459772706
2.147538483803016,0.29872764269754165
2.147872208426312,0.29876483453356156
2.147952994844491,0.2987738377506089
2.1483952010169354,0.29882311927886435
2.1486626640627406,0.29885292661415414
2.1491873746284984,0.29891140281865736
2.1494144651607545,0.2989367108518313
2.1501570090073714,0.2990194634180288
2.1503811790814913,0.29904444598166147
2.150599867072996,0.29906881759631554
2.1510163912099833,0.29911523699818116
2.1513833745965085,0.29915613534664254
2.151562490531198,0.2991760968658308
2.1517052253856352,0.2991920039069359
2.1521357390149,0.29923998236338256
2.152356453642486,0.29926457983585936
2.1525829406358903,0.2992898206078352
2.152748953894886,0.2993083219034386
2.152778907364825,0.29931166005850546
2.153265529758363,0.29936589153859644
2.1533314821100396,0.2993732415777528
2.153458007680921,0.29938734218033375
2.153645182187026,0.2994082017844871
2.1537159958348027,0.29941609358926324
2.154111037275699,0.2994601188587978
2.1550050628224753,0.29955975325557976
2.15618909283575,0.29969170710921383
2.1563493825859914,0.29970957055017833
2.156909357610967,0.2997719767912835
2.157121341709603,0.2997956012926986
2.1575733372718524,0.2998459737964321
2.158345399527036,0.2999320160324182
2.158425651861774,0.2999409597287039
2.1591430563039817,0.30002091064185815
2.159231797774294,0.30003080040719665
2.1593929220157837,0.3000487568477766
2.1597321476121016,0.30008656173801046
2.1602234960420548,0.30014131990974796
2.16027620140069,0.3001471936419179
2.160362733378434,0.30015683717104974
2.1610597920757977,0.30023452065904815
2.1613344246744983,0.3002651270029127
2.1613684875546695,0.30026892312991443
2.1619504029717103,0.3003337745111353
2.162328582690987,0.3003759206313899
2.1624402685274196,0.3003883674244175
2.1636235966342383,0.30052024305430647
2.1639954380831696,0.3005616828080097
2.1640152076707535,0.30056388602350015
2.16424747929056,0.300589771461352
2.164973862916224,0.3006707230567916
2.166122917878031,0.30079877912677944
2.1662766436616456,0.3008159110485411
2.1665422990543,0.30084551693049205
2.1665440625704497,0.3008457134649964
2.166761152218247,0.3008699069527372
2.167190085423368,0.30091770927931066
2.1672805559093997,0.3009277917342638
2.1678598420026063,0.30099235009131403
2.1682545022573154,0.3010363328796734
2.1686492799219255,0.30108032875274243
2.1690203084208655,0.30112167790748867
2.1691037717562898,0.3011309794527391
2.1696360919940925,0.3011903037147578
2.1701780193218894,0.30125069863590903
2.1706070854875588,0.3012985157802291
2.1707828948625805,0.30131810880091175
2.1710258294030327,0.3013451825646121
2.1715385424991713,0.3014023217148747
2.1715868312808806,0.3014077032430137
2.1727084680295086,0.30153270369882956
2.173040421123212,0.30156969810728934
2.1732389340045706,0.3015918213131182
2.173258523025782,0.30159400440544604
2.1733437391008237,0.30160350128421365
2.1737740994853985,0.3016514626623538
2.1751017250462064,0.30179941947676514
2.17564309833066,0.30185975265272963
2.1756468276094947,0.3018601682610403
2.175650734397812,0.30186060365183953
2.176560650060769,0.3019620089176374
2.176776549449452,0.3019860697573244
2.177066982329215,0.30201843695855846
2.177134911399495,0.3020260072925
2.1772802414249646,0.30204220355162714
2.1774328360977124,0.3020592094170929
2.1776267907640894,0.3020808246340821
2.1777235198611575,0.30209160457798023
2.1778120561117054,0.30210147147266625
2.178477895506343,0.30217567573525983
2.178544438578019,0.30218309160702134
2.1787667134642734,0.3022078629620364
2.1788319959277733,0.302215138345715
2.1800686684474537,0.30235295892697184
2.18023682615825,0.3023716992103338
2.1802857774917386,0.30237715457634823
2.1804782137848364,0.3023986005787033
2.18066409481432,0.30241931603176003
2.18135757623912,0.3024966008517393
2.18146335618633,0.30250838946479386
2.181503277545235,0.30251283848812155
2.1815675298744313,0.30251999906880583
2.181640708208504,0.30252815440530495
2.181759982812556,0.3025414469261608
2.181848099004524,0.30255126700755
2.182179844135549,0.30258823823967446
2.18236757386615,0.30260915972064767
2.1837568190846306,0.30276398371849045
2.18388515665392,0.3027782862586659
2.184003507553427,0.3027914758375582
2.1845124794355875,0.302848198049402
2.1848430104404994,0.3028850339736223
2.1855960165345936,0.30296895250171
2.1859761266008886,0.30301131374888307
2.186106897633625,0.3030258874856295
2.1863246582994424,0.3030501557547631
2.1865737190106054,0.30307791224763764
2.1867326963957376,0.3030956294324841
2.1879025134873644,0.3032259993315207
2.188137103577117,0.30325214315052873
2.1882011959865313,0.3032592859090028
2.188222452045618,0.3032616547838439
2.188245275096186,0.30326419829155954
2.1894700031090126,0.30340068772099466
2.190065302307704,0.3034670306535655
2.1907298128924864,0.3035410868273612
2.1907843634790574,0.30354716620038
2.191154730421983,0.3035884416282237
2.1913484860938737,0.30361003466833475
2.191473671052386,0.30362398586679046
2.192837471599346,0.30377597419119284
2.193026932983671,0.30379708865577226
2.193249163378297,0.3038218550524317
2.19351048821445,0.303850978316871
2.19429901771564,0.30393885573992596
2.1945860990245976,0.30397084942640223
2.194854221864163,0.30400073029220037
2.195891131608332,0.30411628837356636
2.1963081495242274,0.3041627628044676
2.196355681506479,0.3041680599913282
2.1965111442061724,0.3041853854831577
2.1975427442080364,0.304300351821957
2.197698031371318,0.30431765775118613
2.197971779912545,0.3043481655715425
2.1980286306679186,0.3043545012861523
2.1984940854975705,0.30440637375372204
2.1991452484710816,0.30447894240716417
2.1994739653890227,0.3045155761610309
2.1996819037303257,0.3045387497842884
2.200127783264177,0.3045884406891544
2.200134378172712,0.3045891756566686
2.200318006563311,0.30460964006509106
2.201165314364567,0.3047040680173696
2.20123058663362,0.3047113422649313
2.201395735917972,0.3047297472751513
2.201998670321675,0.3047969411107511
2.202115768994023,0.3048099911355802
2.20240052706948,0.30484172591002734
2.2024976665856384,0.3048525515929522
2.2027496088818053,0.3048806292231642
2.202905782684539,0.304898033963649
2.203316216572687,0.30494377463964206
2.203995117947982,0.30501943459057507
2.204436734913547,0.3050686504548547
2.2053522454743373,0.30517067924228786
2.2062295093411577,0.3052684456389019
2.206306404667335,0.30527701521442085
2.2064683335150606,0.3052950613240907
2.206473490882104,0.305295636085244
2.206628729738769,0.3053129366309574
2.207889527177359,0.3054534458062389
2.2081429771607857,0.30548169146018483
2.208553847957647,0.3055274808273323
2.209245481442493,0.30560455970422273
2.209932941980245,0.3056811735283324
2.2103451582858584,0.3057271128452809
2.210667288524691,0.30576301254875937
2.210809517213419,0.30577886318038555
2.2112378635400822,0.3058266001024734
2.2118412840474777,0.3058938481117467
2.21294597965619,0.3060169605675355
2.2130564909061294,0.30602927645913963
2.2132892450470107,0.30605521567140126
2.2141456720780286,0.3061506599133817
2.214551709328829,0.3061959106075039
2.2147021145235986,0.3062126724672826
2.214835406514251,0.3062275271513935
2.2151277286916824,0.3062601049048139
2.215298392398502,0.306279124468117
2.2153668020734982,0.30628674836290054
2.215523706552267,0.30630423453334704
2.21562262088051,0.30631525800964826
2.215667831110497,0.3063202964495558
2.2158586077569713,0.30634155749311326
2.216212965822767,0.30638104881666406
2.2163467874319154,0.3063959625239422
2.216627724991261,0.3064272715221691
2.217089829422959,0.30647877060568907
2.2171111050377936,0.3064811416599144
2.2172500309307686,0.3064966242125034
2.2177372130788138,0.30655091807426005
2.21849004750519,0.3066348174708926
2.219633991556623,0.30676230395707604
2.22050673678593,0.306859566775549
2.220573230130391,0.30686697710547667
2.2213716497586526,0.3069559567306424
2.2221890952259846,0.30704705668447857
2.222536739729731,0.30708579981721146
2.222766704833351,0.3071114282060899
2.223166463219529,0.30715597915411263
2.223668063577449,0.30721187984874837
2.22482596577185,0.3073409218957991
2.2248983564680573,0.3073489894542433
2.2251427734105604,0.30737622842377543
2.2253371673600846,0.3073978925965374
2.225944084381382,0.3074655302737063
2.2260840271030364,0.30748112614644885
2.2268908725926866,0.3075710447890954
2.2270720748195676,0.30759123881446293
2.2273251328392565,0.30761944078613307
2.2274751727209745,0.3076361619337133
2.228128886536962,0.30770901486499563
2.2282596781430017,0.30772359089452733
2.2283434437058727,0.30773292612142084
2.2305327221438858,0.3079769095706027
2.230804816076975,0.3080072329936739
2.231039199445889,0.308033353774743
2.2319010533042487,0.30812940280779505
2.2321303777664685,0.3081549598005936
2.232634907066353,0.30821118691024846
2.234213533346011,0.30838711642108285
2.234390387980343,0.30840682593036184
2.2344046175795658,0.30840841174358613
2.235095621196761,0.30848542042507365
2.235573627582499,0.3085386916968763
2.2355884686290874,0.30854034565266075
2.235671282176181,0.30854957478245437
2.235967750318511,0.3085826145816331
2.2361244567646827,0.3086000786823989
2.236261413639848,0.3086153417984155
2.2365139044271944,0.3086434805550549
2.2365144857426897,0.30864354533957805
2.2365241989425657,0.3086446278240932
2.2372349535232057,0.3087238376455099
2.237325610068205,0.3087339408357463
2.2381216366167602,0.3088226537648945
2.2381535671934363,0.3088262122580017
2.238395835946835,0.3088532118232725
2.2385095884279242,0.308865888932866
2.2389922277458894,0.3089196765203483
2.239634999618014,0.30899131003012714
2.2398481630860085,0.3090150659659907
2.240834400253976,0.3091249768579878
2.2409487359446296,0.30913771896318815
2.2421452067844854,0.30927105928084037
2.2424687329117257,0.30930711454866466
2.2429282066925054,0.30935832046011774
2.2433002949088108,0.3093997877147338
2.2440315300160583,0.30948127998201724
2.2443693131615814,0.3095189241187746
2.24527561085257,0.30961992618082096
2.2456533241500094,0.3096620203208402
2.245671459611633,0.30966404142167536
2.2460815311625772,0.30970974171711235
2.2467932957875933,0.3097890641026077
2.2473289094017996,0.30984875539392714
2.2474670119678986,0.30986414619111063
2.247863208858483,0.3099083002293734
2.248428572491575,0.3099713070022209
2.249302546872985,0.31006870680316456
2.2494556486603265,0.31008576918385716
2.2498572255620584,0.31013052279577563
2.2504524670720847,0.3101968592992514
2.2510902916600437,0.3102679414604973
2.2514638466421593,0.3103095721783691
2.2516806696213743,0.3103337359473134
2.251737738443672,0.31034009596432305
2.2527873773819183,0.31045707264673233
2.2529406652656236,0.31047415576687587
2.2534585751664777,0.3105318740734109
2.2539861117676607,0.3105906652245462
2.2540389494229567,0.3105965537004758
2.2540635695790883,0.3105992974860576
2.2541695080256114,0.31061110376301837
2.2543044093264033,0.3106261377961933
2.2544952228957555,0.31064740295460935
2.2553002986937103,0.3107371243745199
2.2556642435721477,0.3107776840973999
2.2564280945232067,0.3108628112271722
2.2564431311733384,0.3108644869819321
2.2565268118950876,0.31087381275373327
2.256934892743479,0.31091929119594824
2.257096557261458,0.31093730784747237
2.257370235076833,0.3109678077858083
2.2574091830400236,0.3109721483293558
2.25784558949981,0.3110207835104525
2.2584468700229214,0.3110877930298481
2.2584680073838834,0.311090148676414
2.25856755784597,0.3111012430464519
2.2589436351046497,0.31114315485864463
2.2591625244731635,0.3111675489156966
2.260139038021334,0.3112763761619338
2.2608026820172378,0.3113503357590037
2.2608719853684005,0.31135805924924725
2.261674159161938,0.3114474572561852
2.2616863377479834,0.311448814494889
2.2618957324538864,0.31147215042224274
2.2620103537293197,0.31148492435434944
2.2620424227449396,0.3114884982757415
2.262285992262206,0.31151564280423366
2.2625921463624965,0.3115497620519608
2.2632508335109476,0.31162316923472044
2.26346223149235,0.31164672841648405
2.2637687431028195,0.31168088750682105
2.2639640277946502,0.31170265094808003
2.2647600961306344,0.31179136853421496
2.26490637583624,0.3118076706301473
2.2649122271216444,0.31180832272481473
2.265394738476174,0.3118620960514522
2.2654208323816603,0.3118650040785686
2.2654326996140592,0.3118663266185628
2.26551077767499,0.31187502800358574
2.2659059105384194,0.3119190634616758
2.266016096044695,0.3119313430508793
2.266258748694089,0.311958385399319
2.2667138714074246,0.31200910640742485
2.2667648547092054,0.31201478822550865
2.2673835925872976,0.3120837432743572
2.2675641881167308,0.3121038696865179
2.2677337396234103,0.31212276530102506
2.268138904566891,0.3121679187811313
2.2684181578607157,0.3121990400769152
2.268997473865868,0.3122636017674929
2.2693361625251676,0.312301346818949
2.26972406317293,0.3123445762850314
2.2704194669958118,0.3124220753460622
2.270820925687735,0.31246681578412555
2.2708328655290613,0.3124681464159989
2.2715080059355586,0.31254338722694336
2.2721572754389445,0.31261574486320104
2.272682114779272,0.3126742354189459
2.273581555196439,0.3127744732742609
2.2737217326802464,0.3127900953099979
2.273851107939958,0.3128045134952572
2.2743072023499176,0.31285534279378874
2.2744432473284353,0.3128705042837692
2.2753607578106236,0.31297275595181556
2.27549424956673,0.31298763289872505
2.2756982266590096,0.31301036506182683
2.275986019335998,0.3130424380264903
2.276193747180017,0.31306558819094404
2.277182386177212,0.31317576675404646
2.278021019389087,0.31326922796943074
2.2784921102378726,0.3133217285413859
2.278684276176271,0.3133431444141464
2.2790273258506213,0.31338137547755773
2.2790358464762064,0.31338232505600483
2.279051608680977,0.313384081669974
2.2796128867091348,0.31344663312386045
2.279777098941875,0.3134649337046574
2.2806379987812475,0.31356087641736263
2.282316175941626,0.31374790034488953
2.2823794314517944,0.3137549498353897
2.2827512081434467,0.3137963823722381
2.282837099843143,0.3138059545457836
2.2831079624364436,0.31383614074257815
2.283690649481737,0.3139010781176675
2.2853459898779995,0.31408555700917684
2.2859265658438144,0.31415025911567546
2.2860502342658466,0.3141640413041986
2.287350415584901,0.31430893960369155
2.2874247549528826,0.3143172243312507
2.2874560922949714,0.3143207167115155
2.287964231211414,0.314377346093756
2.2889976691384932,0.3144925172595548
2.2894403073367635,0.3145418469347931
2.2897283422511756,0.31457394689553037
2.2897685498432945,0.3145784278180289
2.290349167004716,0.3146431345155589
2.290579913476627,0.3146688499837819
2.2907187549361105,0.31468432312670686
2.290850845010262,0.31469904386361025
2.2911230140274994,0.31472937565441084
2.291606296477543,0.3147832349155459
2.2924065671659415,0.31487242083152833
2.2925042618449267,0.31488330838440043
2.2931816060582015,0.31495879479790007
2.293215869991866,0.3149626133312457
2.2933562921554778,0.31497826263524675
2.2933828369393785,0.3149812209103668
2.2936243965256033,0.31500814144272427
2.2937461530234797,0.3150217105574591
2.2940913163816137,0.3150601771796972
2.29467786101671,0.31512554446267266
2.2957582653789834,0.3152459497881177
2.2978927906623126,0.31548383128914087
2.298060154175695,0.31550248306342105
2.2989550050487257,0.31560220943842865
2.3000793036668226,0.31572750654545284
2.300086467820894,0.31572830495235743
2.300565715595242,0.3157817145703245
2.3006864684111075,0.31579517183003253
2.300760332515686,0.3158034035920107
2.3008606803590443,0.31581458682595454
2.301374475286223,0.3158718465405384
2.301494816607083,0.31588525794131445
2.3022378038362863,0.3159680599201452
2.302726238705537,0.31602249339102373
2.3041700383730395,0.3161833971923349
2.304342251772132,0.3162025894606074
2.3049357452159644,0.31626873115139414
2.305387136967804,0.31631903636366593
2.3058457585610497,0.31637014730334645
2.3061958344083346,0.3164091613963977
2.3067018146563485,0.3164655502065119
2.3069612479669535,0.3164944626704795
2.3074138651737277,0.3165449044531922
2.307438191684637,0.31654761551357413
2.3081250324371267,0.31662416026590956
2.3086068809291027,0.3166778597200375
2.3092400316537622,0.3167484210040533
2.3094642044143185,0.3167734038670749
2.3096350348929477,0.31679244201621026
2.309919478600541,0.3168241417560293
2.310031164568939,0.3168365885637636
2.310070753965846,0.3168410005916906
2.310611489253972,0.3169012626663544
2.310862882494397,0.3169292791072212
2.311070753541539,0.3169524452309021
2.3112059292112184,0.3169675098410318
2.3121909972184613,0.3170772904362783
2.3123107462859553,0.3170906358335638
2.313457592480195,0.3172184457481425
2.3136748512730922,0.31724265808620594
2.314436443489941,0.3173275334920523
2.3147979383122745,0.3173678201691979
2.3152381968986027,0.3174168846493295
2.315258695405961,0.3174191690990556
2.3155439317063524,0.31745095716913063
2.3159226849106567,0.3174931672012446
2.3172018483709884,0.31763572317206124
2.318128507037674,0.31773899435666086
2.318188707485265,0.31774570337666974
2.3183903129857755,0.31776817123847056
2.3190010340544824,0.31783623285651036
2.3194630781072187,0.3178877252111161
2.3202198902691222,0.31797206790523747
2.321280828198417,0.31809030380016184
2.3220989633208786,0.31818148061239787
2.322263755577254,0.3181998458337469
2.3222765090277755,0.31820126713804203
2.3225058927881617,0.31822683073930597
2.3225502287818514,0.3182317717502234
2.322641653009555,0.31824196049461817
2.3236901277297783,0.31835880743111483
2.3243804596588196,0.31843574125652657
2.324595750469401,0.3184597342734176
2.3249980941459167,0.3185045733383116
2.32509528858757,0.3185154051423909
2.325353460261072,0.31854417700360727
2.325601047816086,0.31857176932105674
2.327520716147521,0.3187857061564339
2.3285332378353414,0.3188985463185059
2.3289020167781556,0.31893964477217507
2.329039068292362,0.3189549184352098
2.329118624783772,0.3189637845834538
2.3295874949192394,0.3190160376687095
2.330501450332854,0.31911789314325323
2.3311178961846504,0.31918659275794975
2.3312165540007594,0.3191975876473365
2.3320506095118176,0.3192905387022887
2.3326070094207396,0.3193525465157061
2.33321356439197,0.3194201438443188
2.33330789427718,0.31943065640880364
2.3335617258341217,0.3194589445870904
2.333657375086535,0.31946960418803916
2.334727884810158,0.3195889068085818
2.334812987840411,0.3195983910891083
2.3348360468116467,0.3196009608889288
2.334933146283731,0.31961178210915436
2.3350338017049146,0.3196229996210124
2.3351351651658985,0.3196342960401442
2.3356543275526875,0.31969215392958167
2.3357981884014483,0.3197081864567711
2.3361606211373327,0.31974857765939846
2.3369211930677327,0.3198333393597412
2.3370741122035246,0.3198503813848891
2.337419759128022,0.31988890189802893
2.337849659244172,0.3199368119816988
2.3387209493727825,0.3200339126369308
2.338866592873346,0.3200501438311915
2.339006962281196,0.3200657872558435
2.3395645589921097,0.3201279284464837
2.340418349709444,0.32022307888531226
2.341318180414445,0.32032336023613256
2.3414640530604007,0.32033961696742974
2.3417316832487454,0.3203694429298673
2.3429421389833003,0.32050434178972464
2.3432089416427964,0.32053407552846924
2.344872619313246,0.32071948356488655
2.345332810009044,0.32077076937270926
2.345399667545487,0.3207782202898982
2.3455928153062438,0.32079974558154356
2.345751682336447,0.3208174504679195
2.3463461545107234,0.32088370123301363
2.3474473078849543,0.3210064189255913
2.347542494834457,0.3210170270053375
2.3487799237618048,0.3211549318842096
2.3488862390465437,0.3211667801577874
2.34945301991796,0.32122994487431555
2.3504481650862203,0.32134084851561256
2.350583341281427,0.32135591318430945
2.350698905595341,0.3213687922130438
2.3509581043032783,0.32139767853179063
2.3509682386367987,0.32139880794941283
2.351221338154181,0.3214270145457803
2.351524108059266,0.3214607566429336
2.351701748127892,0.3214805536846912
2.352549102311191,0.32157498680600194
2.352932058078301,0.32161766519141016
2.353144045878083,0.3216412901052984
2.35434701508463,0.3217753546313892
2.355022509580593,0.32185063490372295
2.3552552468296875,0.32187657223348476
2.355314413250391,0.32188316601669126
2.3558088316951715,0.3219382663252687
2.3559239359434083,0.32195109408212835
2.356977104229186,0.32206846409156664
2.3570113064079563,0.32207227574265734
2.3572902219630856,0.3221033593992581
2.357434057851337,0.32211938914473154
2.357633243585229,0.3221415873363999
2.357735681658785,0.32215300351539305
2.3586315146549537,0.3222528393428059
2.3593825792379644,0.3223365414997993
2.3597951549894955,0.3223825208750855
2.3598244618750197,0.3223857869717551
2.360258161907484,0.32243412053590714
2.3603817412006847,0.32244789279149577
2.360783677346134,0.3224926864392176
2.3609236757078107,0.3225082885127448
2.361018971549104,0.32251890872790256
2.361727242987705,0.32259784181633316
2.361854067670281,0.322611975753323
2.362375130846263,0.3226700454756161
2.3630958909914628,0.32275037036403836
2.363103170568303,0.3227511816341971
2.363305275181039,0.32277370511940334
2.3651462511421064,0.32297887210823534
2.3653192186058973,0.32299814841301194
2.366870972794946,0.3231710831721329
2.3668908066159537,0.32317329354609714
2.3683279275581164,0.3233334530389565
2.368576800811258,0.32336118864063074
2.3689738822722504,0.3234054412595652
2.3692468786469756,0.3234358652549619
2.3695941077933447,0.32347456209832187
2.3700880144080725,0.3235296053661597
2.37025919517829,0.32354868255343106
2.3705194579276343,0.32357768745393894
2.370673193889263,0.3235948205099863
2.3708391851564032,0.3236133193547141
2.370997111288691,0.3236309193830168
2.3710427982546807,0.32363601095261857
2.3714389791953394,0.3236801632133468
2.372179689164498,0.32376271140364593
2.3721890004112463,0.3237637490926206
2.3724772813454393,0.3237958764709551
2.3726230594286646,0.32381212266373854
2.3742400817241167,0.3239923312065159
2.3743187634354306,0.32400109986516645
2.3755453934397535,0.3241378012614476
2.375556148711189,0.32413899987930095
2.3765281517800245,0.3242473244565826
2.376788069325284,0.3242762908859295
2.377674925001096,0.3243751262386897
2.377724398162221,0.3243806397596213
2.378097472006498,0.3244222168572373
2.378664160603026,0.3244853712902197
2.3791359790429256,0.32453795294833837
2.3791670522204766,0.3245414158888689
2.379258318583589,0.32455158704009396
2.3796136488613406,0.32459118671150133
2.380060760125145,0.32464101488612584
2.3800663053702173,0.3246416328742245
2.3801607835226917,0.32465216196230806
2.38051128047757,0.32469122298556286
2.380661533903167,0.3247079679314738
2.380782621839685,0.3247214625385977
2.3813298017645073,0.3247824428337776
2.38153069052902,0.3248048308191599
2.3816350824099364,0.32481646473960163
2.381918525959335,0.32484805301710445
2.3823171125831446,0.32489247337843713
2.3823574914480417,0.32489697338837675
2.3828003056539835,0.32494632267873497
2.38389082728921,0.32506785552049233
2.3841841694341714,0.32510054694387425
2.3843099397866467,0.3251145633813767
2.384379884192438,0.32512235831375236
2.38490436204644,0.32518080858376686
2.385003819719014,0.32519189261290676
2.385033762900139,0.3251952296213401
2.3864797302044103,0.32535637499425135
2.3866642201262076,0.32537693541574814
2.386850715585628,0.32539771934375655
2.3870885078648305,0.32542422002976396
2.3875141891678013,0.3254716599491217
2.3877900727353376,0.3255024057068158
2.388444349997596,0.32557532143119106
2.3888065380386525,0.32561568536388025
2.3890196181576417,0.3256394320109399
2.389355311502949,0.3256768432505673
2.3897501467102766,0.32572084553646646
2.390242297955793,0.32577569317773264
2.3908191679773845,0.32583998227643923
2.3908287277785925,0.3258410476654878
2.391532544517321,0.32591948430128764
2.392228442611939,0.325997038446277
2.3933261704575974,0.32611937438189686
2.394454404617648,0.3262451100841604
2.3950482682807843,0.3263112930339212
2.3951147927515337,0.3263187068327084
2.3958862275883592,0.32640467914625226
2.396255003368057,0.32644577724740875
2.396266346127712,0.32644704133770275
2.396948710384872,0.32652308720841944
2.397212231645618,0.32655245525270893
2.397487873561775,0.32658317407964077
2.3976751652199355,0.32660404673976834
2.3984861150375467,0.3266944227879578
2.3990619763514642,0.3267585994715539
2.399221659058046,0.3267763952607281
2.3997408717916366,0.32683425876104893
2.400432227476,0.32691130667855156
2.4009962736483317,0.3269741666273977
2.4014444369350603,0.32702411204438714
2.4015008169122383,0.3270303952932686
2.4025129797290825,0.3271431954610769
2.402928697470463,0.3271895249944368
2.4033084902786914,0.3272318508848842
2.404259272780091,0.3273378105426808
2.404367008736652,0.32734981714258427
2.4052035870918322,0.32744304935510843
2.406070399312374,0.32753965097127963
2.4062194388999396,0.32755626064139165
2.4067665673808207,0.32761723520341773
2.406847304137079,0.3276262328859079
2.407337507056874,0.327680863396625
2.407627193541707,0.3277131474161099
2.4078603047735503,0.32773912642426184
2.4079706086862105,0.32775141920922796
2.4086990482901967,0.3278325999325272
2.4091185279158878,0.3278793487079045
2.409184643786112,0.3278867169703344
2.4096650072708234,0.3279402509282934
2.410026746737705,0.32798056486977384
2.4118220468775626,0.3281806415310306
2.4121024174039674,0.3282118873364492
2.413237237182905,0.32833835697094493
2.4134938269697295,0.3283669525392964
2.41355564510804,0.32837384184234036
2.4136933965683927,0.3283891935106538
2.4137243819056655,0.3283926466618523
2.4151215373288633,0.32854835220997985
2.4158134978726693,0.3286254675358536
2.416526713576504,0.32870495163637303
2.4180294925950565,0.32887242837297176
2.4184627709599624,0.3289207149445153
2.4185144904789575,0.3289264788100955
2.4187214066476574,0.32894953851764774
2.4196471338874006,0.32905270589966373
2.4199571069883175,0.3290872507547184
2.420122653436673,0.32910570002675615
2.4205230114109395,0.32915031779568543
2.4220333270413437,0.3293186344476293
2.4226968196118897,0.32939257716914777
2.423734991509144,0.3295082759107686
2.4245125054192482,0.3295949257047283
2.424646706573017,0.3296098817102376
2.424740037347211,0.3296202829291084
2.4248407176330464,0.32963150321199985
2.4256411384602936,0.32972070586015906
2.426485798017542,0.32981483867971423
2.4265096899559997,0.32981750130930565
2.4266426917508,0.32983232365263093
2.4279487550440595,0.329977877466895
2.428223079036536,0.33000844941823543
2.4285672387925588,0.33004680419435084
2.4291192206614776,0.3301083196406851
2.4301766922853254,0.33022616923428577
2.4307244137767596,0.330287209884187
2.4313621212274,0.3303582789911012
2.4313636973973405,0.33035845464686625
2.4313725748107737,0.3303594439874231
2.4315946163597983,0.3303841893382437
2.4316901302319343,0.3303948338517802
2.4319568944576773,0.3304245633072869
2.4319677476463126,0.33042577283749197
2.4323026821603784,0.3304630995094095
2.433202598035648,0.3305633903520038
2.433590829405959,0.3306066566753569
2.4337974882022197,0.33062968770011825
2.434154149946625,0.33066943575640956
2.4354306652450526,0.33081169660365295
2.4360565255612663,0.33088144541038494
2.4363455452318723,0.33091365511696763
2.4366277901500673,0.3309451098133915
2.4368794852260525,0.3309731598922279
2.437208234338679,0.33100979723402113
2.4372743566226482,0.33101716621122884
2.4383544268849673,0.33113753430300885
2.4387794232044784,0.33118489788459976
2.4388716691777454,0.3311951782081712
2.439670785011406,0.3312842354217293
2.4402666243400266,0.33135063854891067
2.4409465832149784,0.33142641635256137
2.441950173317543,0.3315382611369147
2.4419912394713967,0.3315428377415567
2.4421543521405384,0.33156101578183284
2.442507925236248,0.33160041962463854
2.4426825325267045,0.3316198786793838
2.4434418201855,0.3317044972544801
2.443506458400285,0.3317117008400628
2.4438623118211016,0.33175135881298495
2.443948973690419,0.3317610168178425
2.444172811008034,0.3317859622975306
2.4443788771792287,0.33180892727737726
2.4453911617406447,0.3319217410129714
2.4456161448763956,0.3319468141880025
2.4461127705463053,0.3320021604800926
2.44635280943607,0.3320289115389098
2.446764232724848,0.3320747624783458
2.447925215173482,0.3322041478033638
2.4480934696175285,0.33222289886713235
2.448133908144055,0.3322274055260437
2.4484161024225832,0.33225885457894594
2.448956485761276,0.3323190774307153
2.4496610839375976,0.3323976011535829
2.449842876598728,0.3324178609797101
2.449874988456344,0.3324214396756151
2.4504829044783727,0.3324891886861072
2.451310925774416,0.33258146725985865
2.451427183903025,0.3325944236105544
2.451468929990448,0.3325990759901798
2.451714193275637,0.3326264092801072
2.4522819471253645,0.33268968242989827
2.4524448320001895,0.33270783508370855
2.453104687596581,0.3327813724837825
2.453205319540556,0.33279258737923045
2.453858156765146,0.33286534261905926
2.4538903154016047,0.3328689265282176
2.4540148170289164,0.3328828015730419
2.4540308007143214,0.33288458286985095
2.4545442478201465,0.33294180382159305
2.4545494135695773,0.332942379516919
2.454549653658358,0.33294240627353777
2.4548781433725018,0.3329790147067485
2.455537712179088,0.3330525201456226
2.455660660497631,0.33306622208243813
2.456363417770306,0.33314454064637566
2.4566571863920172,0.3331772795983253
2.457001953252141,0.33321570203296685
2.457279520940223,0.3332466354769472
2.4577478966386748,0.3332988334598246
2.458154804477945,0.3333441811764057
2.4583651106852407,0.3333676186857464
2.458568087043921,0.33339023932240625
2.4586014383250894,0.33339395614548023
2.4586950889239683,0.33340439300711255
2.4591303405705047,0.33345289949040885
2.459435324473754,0.3334868883258935
2.459743171902455,0.3335211962860742
2.460145422273947,0.33356602495261906
2.46067638699833,0.3336251981498695
2.461401541356136,0.33370601274993805
2.4625555430863346,0.3338346201109785
2.462742199194749,0.33385542194246376
2.463315628628605,0.3339193276059487
2.463533042812559,0.33394355726151975
2.4637186087303196,0.33396423759704935
2.4637518073368545,0.33396793740534686
2.463864580284774,0.3339805053511732
2.464109826003556,0.3340078366834178
2.4646967216017948,0.33407324307937075
2.4656486665875104,0.3341793322898677
2.4662315975173423,0.33424429684459284
2.46647193468963,0.3342710811454122
2.466651060651244,0.33429104378204805
2.466705375603886,0.3342970968949174
2.4671942419401107,0.33435157845049757
2.467255765889038,0.33435843496769785
2.4678097762494673,0.3344201764786327
2.4685909215182797,0.334507230968225
2.4686666279927545,0.33451566805253885
2.4686782306542936,0.33451696110751655
2.4688520606610775,0.33453633353812673
2.469126974486838,0.3345669712232526
2.4693222822379313,0.3345887372343438
2.469918808664905,0.33465521693498584
2.4701766124499622,0.33468394779698957
2.470260106127022,0.3346932527236541
2.4705943264687154,0.3347304998048554
2.4708659182608153,0.3347607672669816
2.471021906701763,0.33477815134988037
2.47120828733714,0.33479892248135945
2.4715570826393014,0.3348377938644606
2.471940739609326,0.334880550395208
2.47208933241627,0.33489711027399377
2.4724306978216717,0.3349351536345801
2.4728835636303863,0.3349856231226581
2.473291089122028,0.3350310396733142
2.4736794422345336,0.335074319564188
2.4738609176784063,0.3350945440381374
2.473870779533804,0.3350956430895206
2.4751680169123484,0.33524021330248627
2.4753609033566186,0.33526170947179773
2.475453504955953,0.3352720294280047
2.4758385298091845,0.33531493840206716
2.4759777109835,0.3353304494044052
2.477310519225811,0.3354789838011319
2.4775795503438656,0.3355089658897419
2.478789479654923,0.3356438060824977
2.478861446362129,0.33565182638962054
2.478918325915641,0.33565816531362996
2.4790348697718274,0.3356711535071459
2.480066710782507,0.3357861467050971
2.4803748910574823,0.3358204917592267
2.4820002562054455,0.3360016300685868
2.4820347187650835,0.33600547073774134
2.482172671701874,0.3360208448595335
2.4823765447753865,0.3360435654302966
2.482901721433946,0.33610209357836596
2.4831001631497847,0.33612420885317584
2.4842936105030664,0.3362572122193144
2.484356974788188,0.33626427383220514
2.4846611172956465,0.3362981688985996
2.4848079580154985,0.3363145335165886
2.484976189185619,0.336333281986602
2.485445533511393,0.3363855879178476
2.4869155272873833,0.33654941091336726
2.486973685154074,0.3365558922985879
2.4870717796626174,0.33656682441033986
2.4872053145230915,0.3365817061610019
2.4873169937179993,0.3365941522138668
2.487417381931485,0.33660533994684694
2.487622671127059,0.336628218336889
2.487904539230948,0.3366596310393608
2.4882786245436956,0.3367013208597635
2.4882945036495885,0.33670309050174163
2.489227418539469,0.33680705890917406
2.4892848275874115,0.33681345684252406
2.4893888307350065,0.3368250474407028
2.489426332772607,0.3368292268435262
2.489841779376972,0.3368755261601063
2.4913587871518255,0.3370445886159903
2.491741379713371,0.3370872265240685
2.49208721709144,0.3371257682622467
2.492198589574607,0.3371381801337178
2.49226141374948,0.33714518155419104
2.4944322354690853,0.337387108100176
2.4944869815684196,0.3373932092620533
2.4947719677027727,0.33742496945245276
2.495743855920994,0.3375332812302438
2.4962479488115576,0.33758945970439863
2.496619926157244,0.33763091460307304
2.496831761677854,0.3376545225462567
2.4981744829185413,0.3378041616939797
2.498854299626024,0.3378799236538213
2.499351119080315,0.337935291542151
2.4994331337069586,0.33794443163650567
2.4999423296588286,0.33800117881972785
2.50008485351314,0.3380170623459902
2.5000923954241543,0.33801790285189887
2.500354181798819,0.33804707755235275
2.501006465002544,0.33811977104950014
2.5012514429381003,0.33814707253872694
2.501649376985953,0.33819142017393705
2.5016742072752076,0.33819418737773865
2.5017367906750936,0.3382011619651189
2.5017584349875768,0.3382035741087381
2.5019741668813413,0.33822761628200637
2.5024176961759905,0.33827704526520136
2.50279111408927,0.33831866070747973
2.5031976159497815,0.3383639631798854
2.5044549338960094,0.33850408458423137
2.5053962498649853,0.3386089892472896
2.5054374921598717,0.3386135854819138
2.505445157318008,0.3386144397230593
2.5054653815171273,0.33861669360258967
2.5055105382667446,0.3386217260823941
2.5058090126097596,0.3386549894619792
2.5060238896043177,0.33867893636127333
2.5074201043723527,0.33883453707838135
2.5085719978398413,0.3389629094847449
2.5094192216598805,0.3390573280777632
2.5097925708429374,0.3390989358604232
2.5098536862857985,0.3391057468517932
2.51012364148035,0.3391358319238184
2.5101236973666214,0.33913583815204656
2.5102470228967926,0.33914958212709384
2.5105844869297123,0.33918719070044684
2.5107220535656376,0.3392025217710601
2.511364928278332,0.33927416674187416
2.511486107635806,0.3392876715373778
2.511683897719427,0.3393097141912393
2.5116857196980957,0.33930991724108084
2.5118356936562964,0.33932663104183547
2.512102775636767,0.3393563959094184
2.512348229822143,0.33938375047415736
2.5127233768427866,0.3394255586162637
2.5134932733213327,0.3395113594879516
2.5135713819301144,0.33952006427736986
2.5137031067227373,0.3395347443055879
2.5142690797865663,0.3395978189962527
2.5150714677628985,0.339687240872725
2.5159054221996997,0.33978018066348814
2.5159891100637437,0.33978950723126033
2.5160061365811464,0.3397914047461545
2.5168570445644027,0.3398862339195873
2.516912286847637,0.33989239037852365
2.5171919848718933,0.33992356123715123
2.517865427376618,0.3399986128259649
2.518555111228708,0.340075474426644
2.51873165551569,0.3400951493493597
2.5190132067914877,0.34012652674302407
2.5191176809451696,0.34013816983232853
2.5196521803584697,0.34019773695187716
2.520532762292961,0.3402958731295026
2.5209876298562723,0.34034656570249416
2.5212590558053636,0.34037681468229813
2.521341958185821,0.340386053712098
2.5214961499657726,0.34040323756667534
2.521738730638552,0.34043027189370384
2.521739877836588,0.3404303997428294
2.5229071408984898,0.3405604850088238
2.523241174522467,0.340597711281328
2.5234582786914515,0.3406219063873778
2.523483303579839,0.340624695278219
2.5238807184374417,0.34066898505243415
2.524095643994632,0.34069293736377565
2.524684351993103,0.34075854574210435
2.524760732249612,0.3407670579158456
2.5254451204687154,0.3408433293463668
2.5255074587091277,0.3408502766120263
2.5256525372635448,0.34086644484604095
2.525960989438636,0.34090082020199375
2.5260085804763723,0.3409061239702744
2.5263542871073144,0.3409446511373801
2.52697929989983,0.3410143054920995
2.5270321307353973,0.34102019320800664
2.52735419698731,0.34105608578048274
2.527567309091693,0.3410798359921446
2.5282387572361222,0.3411546653201005
2.5284593562275783,0.34117924990554516
2.528469783531937,0.34118041197321036
2.5287606414064356,0.3412128265378495
2.5290331337940604,0.3412431943665615
2.5294084030599318,0.341285016132249
2.5297429839406065,0.34132230339360403
2.5318792400547783,0.3415603777865278
2.532220955148056,0.34159846011797007
2.5322487717895297,0.3416015601348585
2.532833855080138,0.3416667645587556
2.5333399158447394,0.3417231623420156
2.5335945062140315,0.34175153508590694
2.534437308688324,0.34184546094343443
2.5351519117136094,0.34192509965355805
2.5358457047640037,0.3420024192025541
2.535899016037418,0.3420083604607065
2.5359076898349917,0.3420093271093579
2.536134848918889,0.34203464278224815
2.536326818245211,0.3420560367436371
2.537165016982049,0.34214944953908744
2.538165679812677,0.3422609680945372
2.5384008482788505,0.34228717637052414
2.5387551833621287,0.34232666513279536
2.5397327866159225,0.3424356138209342
2.5401243392398527,0.3424792502803558
2.54140119683273,0.34262154927449695
2.542458250348587,0.34273935227218344
2.5431357917860233,0.3428148606652682
2.544657099380457,0.34298440231319705
2.545251353909343,0.34305062882286913
2.5460522212079493,0.343139881227889
2.54720998715082,0.3432689080904307
2.5475154550318586,0.3433029508626682
2.5482482028062017,0.34338461170866236
2.5486305456281753,0.343427221784592
2.5492057063894746,0.3434913203953211
2.5495303489707872,0.34352750008601934
2.549967473751024,0.34357621532011345
2.551093830992909,0.3437017418498204
2.5518924224005457,0.34379074061888476
2.551998217156071,0.3438025308822474
2.5520860952198796,0.34381232442551873
2.5524675771617695,0.3438548385609373
2.5526217877482917,0.34387202451140697
2.554223206219855,0.34405049409092286
2.5544326620729265,0.3440738368328036
2.5545630967347535,0.3440883730827993
2.5551339394819386,0.3441519904737993
2.5557050235707446,0.3442156347610406
2.5561940300796104,0.3442701319381166
2.5563150774237764,0.34428362202143875
2.5563726728926004,0.3442900407304055
2.556874031642444,0.344345914499105
2.5574472173879763,0.3444097930048211
2.5577463881845963,0.34444313400046
2.558976138359441,0.34458018312316674
2.559667562244088,0.34465723864122844
2.5603781991891332,0.34473643535278303
2.56082999199684,0.3447867852606003
2.561095812663144,0.3448164095614212
2.5621154841962235,0.3449300465357565
2.562544787659544,0.34497789012563895
2.562767209301115,0.34500267783575417
2.5627884367440066,0.3450050435214724
2.562927847215269,0.3450205800777368
2.5637080529404335,0.34510752986018195
2.564323878950793,0.3451761603968439
2.5646518355468717,0.3452127094168788
2.5650116121633224,0.3452528046091087
2.565499608905186,0.34530718925301773
2.5668924175479937,0.34546241037556774
2.5685774103165824,0.345650193866415
2.5689400627793786,0.34569060955643915
2.5690921742688975,0.34570756157370125
2.570137830374746,0.3458240943906026
2.571141956999247,0.34593599896747446
2.571564980241627,0.34598314266010305
2.5715877155360958,0.3459856763878678
2.571606352976541,0.345987753431575
2.5721262988485116,0.3460456986362731
2.5724513976898598,0.34608192917472813
2.5725074364468328,0.34608817439643064
2.5726877108943444,0.3461082650257173
2.5734366748191486,0.34619173307551554
2.573706482494718,0.34622180170733413
2.5738789474037738,0.34624102200505597
2.5744895744212033,0.34630907314158066
2.5744921724734584,0.34630936268069973
2.574580404777711,0.34631919570218617
2.5745912153313677,0.3463204004809494
2.574705986006489,0.3463331910628576
2.5753288516327757,0.3464026061273095
2.5755767043519557,0.34643022799589623
2.576190819258802,0.3464986678391636
2.5770309768110535,0.3465922989341836
2.5770825360926053,0.3465980449421521
2.5773794359773716,0.34663113285673136
2.5775411095406877,0.3466491505163102
2.5776720596287523,0.3466637442078214
2.5778082323705314,0.3466789199363385
2.5779121394822093,0.3466904998318244
2.5790293179910457,0.34681500344050437
2.5803741633005624,0.3469648793044122
2.5807355010982285,0.34700514848199293
2.581931126048223,0.3471383945297147
2.5820434158448022,0.34715090863089126
2.5821437586924074,0.347162091308085
2.582144293693062,0.3471621509310651
2.5827336914279395,0.34722783617685155
2.5832167493591456,0.3472816704165553
2.5834328707967185,0.34730575600241115
2.5836166086734544,0.3473262326124818
2.5854992448973513,0.3475360424162443
2.5855879849079715,0.3475459320189078
2.585803974702308,0.3475700029338243
2.5862374495009433,0.3476183113968632
2.5872385244330465,0.3477298758788327
2.5878921781391457,0.3478027221111874
2.5879893169754484,0.347813547718346
2.588416056891088,0.3478611056144606
2.588438208574231,0.3478635743018439
2.589532781310202,0.34798555861725383
2.5900325006306666,0.3480412496802602
2.5905559763134516,0.3480995882636176
2.5927088015103648,0.34833950919277307
2.5929304681303633,0.348364212759746
2.593914584881533,0.3484738873425578
2.5940267134475,0.3484863834754395
2.5941326674551513,0.34849819148660544
2.5947596178927363,0.34856806178157207
2.595202604578746,0.3486174302939173
2.5953218681872503,0.3486307215893777
2.595528266523122,0.34865372358721275
2.5957164136336144,0.34867469158295694
2.596920454673435,0.34880887555917095
2.597535662283789,0.348877437178438
2.5975491616650808,0.3488789416127541
2.597896762289083,0.3489176798553228
2.599256100834139,0.3490691709133215
2.5993313386998986,0.3490775557736838
2.6000398227703783,0.3491565125588075
2.600071144166045,0.34916000316192813
2.600635381803694,0.34922288444856664
2.6006666522110544,0.34922636936931156
2.602210249291369,0.3493983950620068
2.6023276576953736,0.34941147960478336
2.602426856211919,0.34942253475236085
2.602556880930966,0.349437025316412
2.6027766388984066,0.349461516174199
2.603279935450464,0.3495176059006587
2.6042409254840515,0.34962470313367977
2.60473364736563,0.34967961436930317
2.604910957643837,0.34969937465767087
2.605254632568863,0.3497376754019478
2.6054426006831184,0.34975862344951264
2.6069116764734033,0.349922344140403
2.607281098567718,0.34996351426988953
2.60893500455493,0.35014783330413196
2.6090355427407026,0.35015903775072665
2.609361505639582,0.3501953645838023
2.6093796517380428,0.35019738687005625
2.610441833141394,0.3503157613435571
2.610822407568158,0.35035817434123717
2.611953772477405,0.3504842589488632
2.611960203338511,0.3504849756341631
2.61199480786795,0.3504888321250978
2.6120264226234235,0.35049235542161034
2.6124687682227585,0.3505416524882522
2.6125095949386266,0.3505462024088028
2.6125193177035246,0.3505472859592888
2.6126065682139163,0.35055700956506625
2.6129450514765806,0.35059473172615874
2.613088148889911,0.350610679172526
2.613133248417322,0.3506157052752196
2.614789759941893,0.35080031468275624
2.6148744287412975,0.3508097505705619
2.615339180857941,0.35086154472450076
2.615730901255018,0.35090519988134794
2.616444738712879,0.35098475327305007
2.6165436135945583,0.3509957723532413
2.6166533726090675,0.35100800441220364
2.618184604605151,0.35117865208196325
2.618654073695083,0.3512309719175114
2.6189765282780706,0.3512669077674223
2.6192616215659568,0.3512986798995135
2.6197142654762136,0.35134912465818763
2.619769269077312,0.3513552545172681
2.619876122103766,0.35136716271930274
2.6199113972992043,0.35137109395239946
2.620503029773268,0.3514370282479939
2.621225077299376,0.3515174966081778
2.6226386803906188,0.35167503516151416
2.6242589527353695,0.3518556059050168
2.6246012374569316,0.3518937517185046
2.625388529165153,0.35198149119611
2.625830571194859,0.35203075443152954
2.626382303438441,0.35209224205844664
2.626987685199228,0.3521597086389892
2.629181577223533,0.352404206247849
2.629494982684759,0.3524391336212221
2.6299976953569986,0.35249515827737865
2.630085424583566,0.35250493523353005
2.6301970261098715,0.352517372630642
2.630300158997399,0.35252886624296015
2.6307437618719365,0.35257830342624263
2.6310582786947436,0.35261335465495885
2.631434614126565,0.3526552952391764
2.6318432219450427,0.35270083240940747
2.6322657928862765,0.3527479256954765
2.6324519595959663,0.35276867298607434
2.632462901269921,0.35276989237749795
2.6333071193190745,0.352863975993322
2.633713457747324,0.35290926025207037
2.633806006180132,0.3529195742831506
2.634432804543743,0.35298942763028074
2.6353110680291825,0.3530873054290786
2.635827488732585,0.35314485777247034
2.636162670715227,0.3531822120234458
2.6364159665347304,0.3532104404966418
2.636963758657552,0.35327148901803584
2.637716100789139,0.35335533355103
2.638344344345977,0.3534253479572663
2.6391427278528226,0.35351432355689216
2.639891165159163,0.353597732917861
2.6400746224545704,0.35361817825863345
2.640218859887685,0.3536342527541481
2.640404642657779,0.35365495725671814
2.640536963159281,0.35366970367352524
2.6412128265279264,0.3537450250547596
2.6413385817210937,0.3537590398028376
2.6415333990548606,0.3537807511595238
2.641899421227748,0.3538215423858325
2.642029909241701,0.3538360845816393
2.6421823137157348,0.35385306925046905
2.6423709608502506,0.353874092971234
2.6426412100383194,0.3539042108072746
2.6427282091645745,0.3539139063976257
2.6432304166764355,0.35396987475634223
2.6437917190960007,0.35403242892852144
2.6441293039035574,0.35407005096156613
2.6443947445326694,0.35409963290926133
2.644869559207955,0.3541525484818935
2.644879680072438,0.35415367639846285
2.644995441599303,0.35416657740553287
2.6450524125065926,0.35417292651043525
2.645943101908844,0.3542721891116365
2.6462146733331284,0.35430245430387775
2.6464307498207966,0.35432653488030563
2.646642787060113,0.3543501653039671
2.6467374191444,0.3543607115469331
2.646960486037163,0.35438557116686525
2.6474408527556115,0.3544391054852069
2.6476193982841347,0.35445900343565884
2.647644421585923,0.35446179214968193
2.6483250138058034,0.3545376405362595
2.6485438171247235,0.35456202500354145
2.648573319421973,0.3545653128778095
2.649562070143451,0.35467550389198943
2.651255198869724,0.35486419409209025
2.6516061836533455,0.3549033094812666
2.6517724229959634,0.3549218359726882
2.653067231738835,0.35506613552711275
2.653354858208938,0.355098189968902
2.653496107725001,0.35511393147693765
2.653810613349103,0.3551489814576178
2.6554096519082613,0.3553271858085418
2.655996887176501,0.35539263005891136
2.6562711287726564,0.3554231928276198
2.656598131981882,0.35545963559775584
2.6566360056628935,0.3554638564182626
2.6569607750748925,0.35550005024356707
2.6570575422624696,0.35551083443245
2.658429638522098,0.3556637472699496
2.6584577506495743,0.355666880217183
2.6592168016472253,0.3557514724176526
2.6593041261733803,0.35576120427209357
2.6605799174897635,0.355903384435385
2.6608255026382426,0.35593075359526594
2.661075297884593,0.35595859194818413
2.6611754642863574,0.35596975496142647
2.661562426482186,0.35601287984202734
2.6624336060557026,0.3561099681764816
2.663169605143362,0.3561919913640688
2.66319935767128,0.356195307125215
2.6636834865811707,0.3562492607198026
2.664234263155432,0.3563106418424519
2.6651471801752478,0.3564123815935241
2.665550981355433,0.3564573830894574
2.6658438405206786,0.35649002068731644
2.666451321423504,0.3565577212060854
2.666919097012735,0.3566098523099788
2.667002124806959,0.3566191053164767
2.66701107149124,0.3566201023769017
2.66740898177438,0.35666444736366065
2.6679031942536953,0.35671952471848156
2.668279646403219,0.3567614783102667
2.6684350079408654,0.35677879252812356
2.6689891272404442,0.35684054617974786
2.6699658904766226,0.35694940125238683
2.6704136627354216,0.35699930309139133
2.670565169195625,0.3570161876813511
2.670572295772657,0.35701698190049436
2.670945768233483,0.3570586034218069
2.672270283212287,0.3572062135783818
2.6724233374696116,0.3572232706621065
2.672867900745341,0.35727281487699886
2.6735933627511352,0.357353663762801
2.6737421401684496,0.3573702442154316
2.67376304247526,0.35737257366646136
2.6740629924703994,0.35740600149963464
2.6750080121321362,0.35751131891957166
2.675249872472638,0.35753827296939533
2.6758427506983415,0.35760434609739045
2.6767731171707676,0.3577080304972385
2.677086461411082,0.35774295104786635
2.677186711241212,0.35775412335875667
2.6772263237971745,0.35775853796763724
2.6779676024073407,0.3578411495299551
2.6786290803094337,0.3579148677273793
2.6795926865603414,0.3580222565239196
2.6808839308361225,0.3581661588374268
2.6809588871737504,0.3581745123229747
2.6812809832302977,0.358210408217019
2.6817086460354,0.3582580689642607
2.6821132906904768,0.3583031644609889
2.682292645338758,0.3583231525835385
2.682651393252222,0.35836313313228646
2.6827892460691505,0.3583784960962519
2.6830097107150253,0.3584030657095955
2.6846851334725184,0.3585897826735563
2.686081605307302,0.3587454120393874
2.686394169454289,0.35878024565275907
2.6865902451201302,0.35880209724386875
2.6868181173239365,0.3588274923901834
2.687812132588701,0.35893827010973955
2.6878990462809167,0.3589479561789211
2.688470888251788,0.3590116849280913
2.6891007369489315,0.35908187821868587
2.690047470149136,0.3591873866033802
2.6900755060868256,0.35919051105966654
2.6906548503603487,0.359255075900604
2.6906883817334073,0.35925881279396243
2.69086740843614,0.3592787643687231
2.69134248727216,0.35933170938066544
2.691954136328251,0.35939987441796856
2.693241810820819,0.3595433788981045
2.693295712625363,0.3595493859678137
2.693344122848383,0.35955478102994143
2.693710276935893,0.35959558695743393
2.694128539826407,0.3596422001341412
2.6947046094859433,0.35970640003674936
2.6955911867005473,0.3598052043564875
2.6955966576434762,0.35980581406400713
2.695662079795852,0.3598131050152687
2.6966003342606966,0.3599176684899588
2.6970067669256332,0.3599629632508852
2.6973382806866026,0.3599999086980463
2.6974192069830574,0.3600089275037842
2.697697516543519,0.36003994362549946
2.697878112498419,0.36006007008507596
2.698316188010315,0.36010889127316187
2.6988674747395263,0.36017032924986964
2.6996703499162,0.36025980542223107
2.6998675735013045,0.3602817849428431
2.7004623943664834,0.3603480745676857
2.7005129017058818,0.3603537033422908
2.7008112605276335,0.36038695384764496
2.7008607784259864,0.36039247235430283
2.701753484920329,0.3604919597496998
2.7017578645247946,0.36049244783334655
2.7018042615206617,0.3604976185320054
2.702641417307542,0.3605909150962245
2.7029221172716054,0.3606221976157196
2.7035873145811027,0.3606963303213361
2.7043363920681154,0.36077981102703904
2.7047702456443754,0.3608281617028316
2.7050354600004205,0.3608577184335958
2.705557928102643,0.3609159447274533
2.7059874810199833,0.3609638161176609
2.7067270946580853,0.36104624212768893
2.7067755249383394,0.36105163942508883
2.707172602612912,0.361095891622047
2.707927028710879,0.361179968402021
2.7084471862041193,0.36123793719078506
2.7090956557689574,0.36131020567814204
2.7096315939651228,0.36136993314239607
2.709739799198643,0.36138199204072335
2.7098817449551014,0.3613978111410516
2.709978717895145,0.3614086182599535
2.710195497079379,0.36143277714817984
2.7104819955570663,0.361464705881208
2.7112598631464238,0.361551395090841
2.712055025852827,0.36164001174937127
2.7127899938406306,0.3617219200263582
2.7129790653121058,0.36174299103722257
2.7158334254545697,0.36206109430845257
2.7162238937511103,0.36210460992534815
2.7164507287395216,0.3621298894795184
2.7166456433364794,0.36215161167567034
2.7166657943163184,0.36215385739530115
2.7167146706875744,0.362159304407173
2.717659970263278,0.36226465302203414
2.71799767563643,0.3623022884914738
2.71835466947271,0.36234207355763987
2.7188552669493715,0.3623978624864882
2.7189551751969745,0.36240899672982096
2.7196565354607496,0.3624871596045398
2.719836730541874,0.36250724138886425
2.7199505221303295,0.3625199228567658
2.7205108170442105,0.36258236474778976
2.720550491124063,0.36258678621318113
2.721608912075602,0.3627047416043085
2.7220472182220647,0.36275358849539124
2.723453210259412,0.36291027883721244
2.723853504169398,0.36295488946651816
2.724418215070838,0.3630178234958912
2.7244347469021744,0.36301966588065177
2.7245044113250025,0.363027429610414
2.7260104846350774,0.36319527347829866
2.726233997119298,0.36322018275703116
2.726458022638397,0.3632451492107747
2.726664902135274,0.363268204831447
2.7266858547584683,0.36327053988997016
2.7267916557331677,0.3632823308464268
2.7268948230947725,0.3632938283006978
2.727249923002773,0.36333340229862043
2.728691104227982,0.3634940142884511
2.728713307409839,0.36349648871509227
2.7291096085338484,0.36354065436961663
2.7291551477293186,0.36354572947097913
2.7306397382521257,0.36371117919637164
2.7307325351089524,0.36372152091298865
2.732116031071152,0.3638757041867676
2.7322362479235456,0.3638891017161943
2.7322918091245714,0.3638952937168243
2.732383199418568,0.3639054786794877
2.7328474323650385,0.3639572149746693
2.7331487831017522,0.36399079891304836
2.7337162084617885,0.36405403545440873
2.7343641002488077,0.3641262395514979
2.734966762880584,0.3641934030995605
2.7350621377627933,0.3642040321234082
2.7350867375229826,0.3642067736359703
2.7351699182805813,0.3642160436894235
2.7352812463751084,0.36422845061401654
2.735543835414803,0.36425771476722324
2.7361705018246183,0.364327553408804
2.7361932646083003,0.3643300902000953
2.736400944000079,0.36435323496480426
2.7371745204923936,0.3644394459544728
2.73775067771401,0.36450365561540954
2.738007967532306,0.3645323291985487
2.7387213201344536,0.36461182855565777
2.739150548278504,0.3646596637516076
2.740621180562547,0.3648235579054571
2.741869612475931,0.3649626890086587
2.742013613679719,0.3649787371776701
2.742218084680724,0.3650015243842751
2.742972924796205,0.3650856473043014
2.743592006781929,0.3651546407021171
2.7442378295325183,0.36522661421608976
2.7445743746390185,0.36526412037997635
2.7458834459831647,0.36541000942552854
2.7460938905223284,0.36543346235122093
2.7462260423407785,0.3654481899691982
2.746431805325994,0.3654711211605785
2.7473826584616625,0.3655770886901891
2.7474657976094896,0.36558635410645446
2.7484859199467757,0.36570004132052314
2.7486005515764056,0.36571281640655
2.7489320979248806,0.36574976548541543
2.749352412808722,0.3657966073458756
2.7501379648406155,0.3658841529457981
2.7517525060781125,0.3660640849878496
2.752034066210385,0.3660954633685211
2.75224056773206,0.36611847686586546
2.752291090289112,0.36612410733639716
2.752635836172717,0.36616252743331723
2.7530111336851073,0.36620435234692905
2.753946930969918,0.36630864198196084
2.7540109883217427,0.3663157808334529
2.7550390419534656,0.3664303519481436
2.755082774871553,0.3664352257494895
2.7552417030935272,0.3664529374553632
2.75564161243352,0.36649750522638636
2.7556419336485094,0.36649754102409016
2.7571563475703282,0.36666631440883585
2.757668727690982,0.36672341645075
2.7577857372911967,0.3667364565489633
2.7588577622759316,0.3668559280373054
2.759095236418325,0.366882393268656
2.7593159158502285,0.36690698681876094
2.759322922859491,0.36690776771271155
2.759869463449123,0.36696867675738165
2.7599419250666233,0.3669767522196271
2.759999941976558,0.3669832178959664
2.7611541635452985,0.3671118497568442
2.7617519782964863,0.36717847303437445
2.7621478012289256,0.3672225853969889
2.7625568741439546,0.36726817439975923
2.763484991380885,0.36737160813426256
2.764528497720883,0.3674879013711827
2.764633216340988,0.3674995717049707
2.7653452533816907,0.36757892444974705
2.765394390820075,0.36758440055616315
2.765854729340477,0.36763570283825237
2.7667221900132035,0.3677323767209741
2.7668734370558052,0.3677492324002205
2.7688471297010877,0.36796918995831795
2.7689820263837737,0.3679842234768295
2.7690031598062674,0.36798657868447404
2.7690727167894664,0.3679943304406604
2.7690905516906845,0.36799631804563543
2.7691869897679044,0.3680070655569177
2.7702253325172106,0.3681227833390918
2.7703362919998273,0.36813514918384604
2.772209632250217,0.36834392300075525
2.772915015340237,0.36842253419808363
2.7732027541189006,0.3684546011560654
2.7732475602727744,0.36845959456383703
2.7739857294355295,0.368541859594763
2.774425770848973,0.36859089987213034
2.774674476231813,0.36861861676555135
2.7746968709947506,0.3686211125428861
2.774990980267299,0.3686538894585616
2.775752365416919,0.36873874178786537
2.776119527509971,0.3687796600522197
2.777005571485036,0.36887840494524454
2.7776820572270875,0.3689537956866879
2.7787330160776715,0.36907091946631393
2.779435341807921,0.36914918993714113
2.7799959392647198,0.36921166554496576
2.780292999042051,0.3692447712787218
2.780387848508994,0.3692553417478298
2.780528649678831,0.3692710332900609
2.7814351422614427,0.3693720570717431
2.7822379760849762,0.36946152863551696
2.7825789022266068,0.36949952304249006
2.783054173280368,0.36955248947607805
2.7831397253680836,0.3695620238016728
2.783231848124461,0.3695722903933768
2.7836420061768044,0.3696180003289348
2.783819541898811,0.369637785741816
2.784765988452102,0.3697432621812349
2.7849634727699852,0.36976527075912985
2.7851819840464893,0.3697896226798361
2.787059140651933,0.36999882180923793
2.7870871845772016,0.3700019471556978
2.787243161545993,0.37001932996008563
2.787631141089076,0.3700625682186322
2.787670336344746,0.37006693632161264
2.787687860974244,0.37006888934845295
2.787696363903576,0.37006983695474677
2.7877773732806004,0.3700788650193726
2.7883348336247376,0.3701409910126603
2.789311937873424,0.3702498840893313
2.790000328005862,0.3703266015118294
2.790616323438724,0.3703952509297289
2.791136066558239,0.37045317353874296
2.7912610364847708,0.37046710077302697
2.7912710920450197,0.37046822141178654
2.791346989297258,0.37047667975726833
2.7914195539818407,0.37048476670579245
2.7923180888500725,0.37058490364249025
2.7931311714532785,0.3706755173783019
2.7931717833240004,0.3706800433555025
2.793681230899637,0.37073681858085655
2.79371165376634,0.37074020904769867
2.7937767718153794,0.3707474661082593
2.7942261730232922,0.3707975494849871
2.7946874198461846,0.3708489529925627
2.7951544594446442,0.3709010020741951
2.7954668978687667,0.3709358216764215
2.7955864968024513,0.3709491503420915
2.7959231599472467,0.3709866696607188
2.796791756242551,0.37108347010254256
2.7970867715700782,0.37111634799323096
2.7976046869595073,0.3711740669114385
2.7981891217792643,0.37123919906670505
2.798348058479685,0.37125691171745656
2.798617628233805,0.37128695383419386
2.799923774737336,0.3714325169218006
2.8000915705211145,0.3714512168703196
2.8012699452105485,0.3715825404681609
2.8013871599587468,0.3715956034290269
2.801817187460428,0.3716435277091376
2.8031305833129982,0.37178989869817536
2.804720360611135,0.37196707093076836
2.8049201519972162,0.37198933661915523
2.8050711593567454,0.37200616558699684
2.8051371120220776,0.37201351566110846
2.8056614250406837,0.3720719475610941
2.805780317829982,0.3720851975307243
2.8062960188065516,0.37214266966438503
2.806771709635156,0.3721956828796488
2.807210594005679,0.3722445942107307
2.8078442706990017,0.3723152141111594
2.8079712847108427,0.3723293691478899
2.808372245638451,0.37237405411276514
2.81050670480065,0.3726119282449398
2.8107301638416504,0.3726368315677094
2.811003597076678,0.37266730424886524
2.8112486473486267,0.3726946137995989
2.8125989775451035,0.37284510092501433
2.812822235426647,0.37286998182963127
2.8130634502404632,0.3728968639389358
2.813491938670941,0.3729446166977386
2.813575825699056,0.37295396546128795
2.8146711382354166,0.37307603222352037
2.8148307562732335,0.37309382080570436
2.8148561074799416,0.3730966460629883
2.8167475817985497,0.37330744082544515
2.81676244062618,0.373309096762832
2.8168771787784004,0.3733218837202357
2.8169776924167333,0.37333308543114846
2.8170803804407,0.37334452946578667
2.81716768153418,0.3733542587087805
2.817519101747548,0.3733934226242884
2.8176645605766075,0.3734096332378914
2.8177992567329815,0.37342464440881085
2.8180279080302344,0.3734501263809507
2.8190011462435747,0.3735585886085245
2.819273674378768,0.3735889604211132
2.819343051237669,0.37359669210340374
2.8194163151223264,0.37360485697406076
2.8195846898976082,0.3736236214481064
2.8209865047254734,0.3737798462621264
2.8212471128048175,0.3738088896478278
2.8216333180909046,0.3738519301748598
2.8234785497834554,0.37405757144235274
2.8250644983009403,0.3742343169776862
2.825215902531272,0.3742511901746702
2.825351061993032,0.3742662529785132
2.8254206956911854,0.3742740132841736
2.8264396633663975,0.3743875718172896
2.8270922477420526,0.3744602988784482
2.829012861812191,0.3746743411113788
2.8294780516469262,0.3747261840466731
2.82952440539773,0.37473134992589957
2.829709859121747,0.37475201775803246
2.829882714715149,0.37477128159544854
2.8315253512130103,0.37495434470498334
2.8320875363686357,0.3750169972534059
2.832523287470163,0.37506555939830694
2.8333235414548774,0.3751547434527525
2.8337030522345303,0.3751970379126136
2.833776236582188,0.37520519391929485
2.8339310396928266,0.37522244590342907
2.8339658471493765,0.37522632500951203
2.8340386201882435,0.3752344351780141
2.8344869466618126,0.3752843987813098
2.8347434306759522,0.37531298256185747
2.834745657174584,0.3753132306932996
2.835462313537743,0.3753930982370188
2.835470476782877,0.37539400798731354
2.8379419531507244,0.37566944089631615
2.838539919432359,0.37573608106110934
2.838598211356436,0.3757425773863137
2.8386556851663816,0.37574898253704475
2.839158812262066,0.3758050533784922
2.8398943005124395,0.37588701963597826
2.8401663492824447,0.3759173380258637
2.8406266740255397,0.37596863877254516
2.8422250871393846,0.3761467734209124
2.844422064840015,0.37639161491200307
2.845558471737728,0.37651826142245304
2.8461696919968524,0.3765863786726125
2.8462490493917496,0.37659522263260825
2.8465460114539893,0.37662831747653625
2.8465943702457155,0.37663370680691977
2.847656671806561,0.37675209467133475
2.8480303708379284,0.37679374144273026
2.8487231721181576,0.3768709504642109
2.8491960927492874,0.37692365495568575
2.850448778696924,0.37706326014840097
2.8506331724741467,0.3770838098550957
2.852008924359058,0.37723713009260923
2.852234090553242,0.37726222366852985
2.8528777522961684,0.37733395634968125
2.85392879809645,0.37745108981938896
2.8543824098938426,0.37750164244394135
2.854927906107842,0.3775624350984966
2.8552207886490355,0.3775950753014806
2.855319968856115,0.37760612840856533
2.855552495918238,0.37763204231410624
2.856706239229645,0.3777606208757453
2.856921510061486,0.37778461166611216
2.8569450340293345,0.37778723328733416
2.857195171859389,0.3778151098193859
2.8579267788538463,0.37789664353152336
2.8579814832406902,0.37790274004476515
2.8587142478730763,0.37798440276949835
2.8587888434135813,0.3779927160461241
2.858847840169365,0.377999290921077
2.859066180601821,0.3780236238021217
2.8596391425242995,0.3780874773639479
2.8596746749364446,0.3780914372624798
2.8597561248285452,0.37810051442017045
2.8598673561791066,0.37811291056316254
2.860181599462857,0.37814793130740426
2.8602629051431614,0.3781569923934562
2.860781609798578,0.3782147992711643
2.8609826139138472,0.3782372001117753
2.8611086213889956,0.37825124297533974
2.861145417248877,0.3782553436784086
2.861996029523092,0.37835013989664007
2.862095028467015,0.37836117280290943
2.8621663872144114,0.3783691253561418
2.8633795910190307,0.3785043304738061
2.864188447622533,0.3785944732444055
2.865237904522749,0.37871142963964355
2.8655124010116757,0.37874202081479674
2.866482744137326,0.3788501604002306
2.86685602772135,0.37889176087222715
2.8687625453231878,0.37910423212866745
2.870585862781585,0.37930743117120536
2.870714860862722,0.3793218073219165
2.8709074350886055,0.3793432686961477
2.871156397665742,0.37937101425250663
2.8712996560537376,0.37938697963864493
2.871372058632716,0.3793950485213608
2.8720639094464064,0.37947215161839604
2.872458082407824,0.3795160801005074
2.8724689467261624,0.37951729087105873
2.8726768449237685,0.37954046002051445
2.8749364330720883,0.3797922791133192
2.8749855123384407,0.37979774873677125
2.87558374805643,0.3798644189288147
2.8760318328363916,0.37991435559664233
2.8762268950400696,0.37993609424277874
2.876230007571608,0.3799364411178802
2.877025006131228,0.3800250394831238
2.87769535211774,0.380099745981436
2.879938649057122,0.3803497495055679
2.880453260905115,0.3804071002616358
2.8810053726688793,0.3804686301840605
2.8811128279467937,0.3804806055038201
2.8827889185472517,0.380667396895331
2.883114504844031,0.38070368175810376
2.883366271253823,0.38073173978671393
2.8837047091895447,0.38076945689635944
2.8841888269313634,0.3808234092463246
2.884813315232851,0.3808930051493057
2.884993553697154,0.38091309176845495
2.8852175540814344,0.38093805542105647
2.8857513846336804,0.38099754799959473
2.886090736549405,0.3810353669674554
2.8870583596884165,0.3811432034248308
2.887151912691922,0.3811536294099776
2.8871645605720544,0.38115503894901376
2.8908720229309104,0.3815682159293005
2.8923123877188255,0.38172873693153303
2.8923867574804687,0.3817370250463044
2.8925034137078898,0.3817500257629973
2.8926593321200653,0.38176740204156157
2.8927182703740484,0.3817739703967994
2.892993946844546,0.381804693074629
2.89312952731346,0.38181980279748245
2.893379719001052,0.38184768533167057
2.8937531785868154,0.38188930541812566
2.8945381846690124,0.3819767901748555
2.894949706964021,0.3820226521480095
2.8987988841363816,0.38245162249125975
2.900241131234683,0.3826123532669829
2.901865623105665,0.38279339425426356
2.9024634923253823,0.38286002360202187
2.9027903989781216,0.3828964556114508
2.9032590213217366,0.38294868108162083
2.9035390238973173,0.38297988588087506
2.9041786473844815,0.3830511685198791
2.9055329190622468,0.3832020949024411
2.905947949428901,0.3832483478315402
2.9062643017968073,0.38328360362200437
2.90763111906793,0.3834359281442852
2.9077062755978544,0.38344430394020085
2.909127942199791,0.3836027411289588
2.909267880867087,0.3836183365498647
2.9093827266807226,0.3836311355055609
2.9098427883498204,0.38368240693404326
2.910223047778734,0.38372478482688666
2.911234724702363,0.3838375308444779
2.9115265096803062,0.3838700487298698
2.91294261442947,0.38402786607968903
2.916924322703751,0.3844716063100438
2.916994210437784,0.3844793949266532
2.9176033927374254,0.38454728505705704
2.9179827523526116,0.3845895626704414
2.919478979056033,0.3847563091863347
2.9196370955789552,0.384773930432662
2.9197388723448987,0.3847852729124353
2.920181417388395,0.3848345922060691
2.920557083944097,0.38487645824759736
2.920784094056446,0.3849017573184
2.920928839371212,0.3849178884146261
2.9218200236906213,0.38501720617171487
2.922573865024249,0.3851012177828103
2.9236674227739265,0.3852230889833911
2.923788562633174,0.38523658937702726
2.925077827878097,0.38538027113806084
2.9255713470695235,0.38543527122963045
2.9257800845770205,0.3854585339157139
2.926900694502679,0.3855834199375657
2.9275188521811035,0.38565231032624414
2.929467059416968,0.3858694276708787
2.930207900608357,0.385951990485198
2.9305340278130796,0.3859883356292869
2.9305602687082946,0.38599126003762757
2.930677389786198,0.38600431255943674
2.930755767199744,0.386013047305718
2.931065354932357,0.38604754921352274
2.9318431188136302,0.38613422686544097
2.9321088774710646,0.3861638442557029
2.9321313023020186,0.3861663433839584
2.932313149982422,0.3861866093416914
2.9328174415639316,0.3862428099588964
2.9334007488705627,0.38630781645881607
2.9334332678558974,0.38631144052694194
2.934864698044465,0.3864709658155511
2.934992295207475,0.3864851858413808
2.9361371440382946,0.38661277316041937
2.936232251008866,0.38662337232693844
2.9362491428724216,0.38662525483537685
2.9363658078519483,0.3866382565274456
2.936531256375207,0.3866566948862516
2.937365504291703,0.3867496673837674
2.9374226049064207,0.38675603094387345
2.9378116772425495,0.38679939098839855
2.937889682938491,0.38680808430872776
2.9382154984509294,0.3868443947163677
2.9387290837093087,0.386901631064478
2.93892629441464,0.38692360914970775
2.9390096023500845,0.3869328933764562
2.939956754700294,0.3870384484731914
2.942667561241669,0.3873405534583524
2.9429444246603746,0.38737140841525297
2.943867947248508,0.3874743301005614
2.945410034756252,0.3876461875594149
2.945638850595927,0.38767168786893325
2.945878980026057,0.38769844901799305
2.9460775784266464,0.38772058175448587
2.9466426611118077,0.3877835572171794
2.947345475457929,0.3878618821416493
2.947735027575099,0.387905295655222
2.9484048384472197,0.38797994251787876
2.948846678108842,0.3880291832004506
2.9496587699335133,0.3881196865192589
2.9499761842718293,0.38815506066068256
2.950355758388736,0.38819736217914425
2.9515696069624937,0.38833263915290295
2.9517789992803367,0.38835597481412015
2.952437965893451,0.38842941314173135
2.9525444983167355,0.38844128561424623
2.952924659501748,0.3884836525583289
2.9535792269854655,0.3885566006263438
2.9539281647172406,0.3885954878824687
2.9549991210390676,0.3887148402740081
2.9554674496375792,0.38876703300784743
2.955681089436292,0.38879084202823844
2.9568592424415394,0.38892214092055527
2.9571781745056067,0.3889576842044495
2.9581022311907086,0.3890606654120275
2.9584062364678,0.3890945451848266
2.9597723771011557,0.38924679429942344
2.960307954261651,0.3893064815281706
2.9609269197421555,0.3893754619420986
2.9611598469653457,0.389401420443464
2.961447801526763,0.3894335114492868
2.9615586788743666,0.38944586814053034
2.9623437336822622,0.38953335832748015
2.963034451170029,0.3896103351213632
2.9632944853572565,0.38963931454983775
2.963422332347508,0.3896535624175861
2.963438526840183,0.38965536720774513
2.963603827487914,0.38967378908660955
2.963634933505946,0.3896772556870373
2.9638817960382333,0.3897047672045564
2.964130556937205,0.3897324902849552
2.964857875287856,0.3898135460505278
2.9659641528341982,0.38993683480485997
2.9660533050700906,0.38994677034783976
2.9662592648379085,0.38996972346959535
2.966440890702996,0.38998996470719
2.9668217515292175,0.39003240962256774
2.967496506793306,0.3901076075114373
2.967804720880951,0.3901419563338091
2.968506359188377,0.39022015019501544
2.9685446057243574,0.3902244125682275
2.96865033195799,0.39023619519518926
2.9687151621911863,0.39024342018020336
2.9693567087853183,0.3903149171392604
2.9695617434233728,0.3903377671602198
2.970578347219261,0.3904510622515457
2.970685015043358,0.39046294981376134
2.97106276397692,0.3905050479252373
2.9715415670726726,0.39055840798613783
2.971830680318164,0.39059062812114415
2.9725641193008165,0.39067236599863137
2.973537426641779,0.39078083593011154
2.9735737949444054,0.39078488898419617
2.9738120509548818,0.39081144135059004
2.9738663045580975,0.39081748762639174
2.9746537557241766,0.39090524487472816
2.9766361994333397,0.3911261776923963
2.97714561483471,0.39118294933209946
2.977473217782186,0.3912194589398767
2.97816917418437,0.39129701958293467
2.9785519310029427,0.39133967579658563
2.978701853663465,0.3913563838804864
2.979265316927512,0.39141917886730154
2.9797548129038005,0.39147373059292107
2.981902691045282,0.391713100199035
2.982454403590097,0.391774585630629
2.982595567292995,0.3917903175752436
2.9834021478106663,0.3918802066881709
2.983831118487404,0.39192801319075704
2.983873183636219,0.39193270112807915
2.9839081451092593,0.3919365973984817
2.9847911568498606,0.3920350043650873
2.9851364789370205,0.39207348867683167
2.9859365818666745,0.39216265589699334
2.9862425266205683,0.3921967518141768
2.9870633315059107,0.39228822615730014
2.98913344388305,0.39251892918218656
2.989326235914421,0.3925404148296821
2.9893536319538536,0.39254346797270795
2.9897469143415956,0.39258729720511515
2.990053025271329,0.392621411641713
2.9908124475120754,0.39270604521525276
2.9909642691328413,0.3927229649281827
2.9910638830547325,0.39273406637047853
2.991650974250949,0.3927994945647869
2.9923371026288788,0.3928759599267629
2.992364675667658,0.3928790327954254
2.9930474686473953,0.3929551264449954
2.9942326896395293,0.393087213026895
2.994869669684583,0.39315820106832167
2.9951450054197504,0.39318888577300914
2.9952685495724243,0.39320265411237265
2.9955811516946635,0.3932374919578842
2.9963977451125166,0.3933284969553334
2.996836170489847,0.393377357134063
2.9969369179877083,0.39338858490737755
2.997056286335533,0.39340188787547864
2.9980521763551375,0.39351287452650036
2.998617378129458,0.3935758632610477
2.999877431430222,0.3937162895061223
3.000220763634979,0.39375455205604637
3.002134034915625,0.39396777597410415
3.002320184046189,0.39398852130560197
3.0023575500576367,0.3939926855490334
3.0030664307350468,0.39407168653389185
3.004070173938785,0.3941835483805573
3.0041882304601297,0.3941967051525677
3.004202690366531,0.39419831663230337
3.00533506710078,0.3943245140024498
3.005629978988631,0.3943573803653357
3.005712838202103,0.3943666145844045
3.0067586861621862,0.3944831687824408
3.0070915058601115,0.39452025976933675
3.008522290767913,0.3946797131448332
3.00872082398356,0.39470183861681046
3.008970605444028,0.39472967543336535
3.010216482061609,0.3948685217624272
3.011308090171883,0.3949901756860556
3.011400561450423,0.3950004811187027
3.011414627451611,0.39500204869979527
3.0116295280469436,0.3950259982292704
3.0122710105696804,0.395097488047911
3.0124098325319766,0.3951129590179781
3.0124572455376963,0.39511824294553644
3.0126340511077974,0.39513794698686766
3.0128040978486226,0.3951568977925888
3.0128284074124227,0.39515960696430535
3.0132172101904446,0.39520293696801184
3.0134971849993724,0.3952341386728201
3.013879053611403,0.3952766959005714
3.01396493784367,0.3952862672419115
3.0147314666507152,0.39537169280450457
3.0148157744039423,0.3953810884556324
3.016428074740603,0.39556077076119245
3.0181541985181743,0.39575313808444124
3.0192349323095256,0.39587358012300633
3.019650268103575,0.3959198670903657
3.019948106399479,0.39595305958587995
3.022070523612909,0.39618959170684914
3.0231048238568636,0.3963048589732819
3.0233337912012126,0.3963303761671911
3.023603568071962,0.39636044136597637
3.0237951643684595,0.3963817937551738
3.0243254496408123,0.3964408912311058
3.024379661710583,0.39644693287822563
3.02555740123333,0.3965781856901151
3.025903500494516,0.3966167566137752
3.0261417942284075,0.39664331318424306
3.026406977860643,0.39667286649100214
3.0266552758915153,0.3967005379872109
3.0269279697717555,0.3967309282712042
3.0279201027847384,0.3968414962238006
3.0279607716122285,0.3968460285485305
3.028103844781187,0.3968619732929913
3.0297426569478283,0.3970446102011323
3.0306286146488564,0.397143345479374
3.0307269614399095,0.39715430570667115
3.0310900486036045,0.39719476984180063
3.0351524504782494,0.3976475029451504
3.0366092967151896,0.3978098607173024
3.0368606677892114,0.39783787468784165
3.0369912452279393,0.39785242684956423
3.0372979002804383,0.39788660192575326
3.037504618650409,0.397909639589688
3.0377116165607574,0.39793270840691247
3.039063196825606,0.3980833348458059
3.0395668006256433,0.3981394588134204
3.039808407277802,0.3981663845910261
3.0412733500151243,0.3983296446751248
3.0417507705591302,0.39838285065797957
3.041778008205418,0.398385886148931
3.041845998731177,0.398393463331759
3.0418754084399637,0.39839674088753474
3.044104223155327,0.3986451304447513
3.0445223682965983,0.3986917304989309
3.046352323450863,0.3988956692774039
3.046900026305837,0.3989567078503707
3.0469614372094522,0.3989635517692717
3.049157884995343,0.39920833420417995
3.049207556753045,0.3992138698576449
3.0504833457729807,0.3993560497650096
3.0509040882581444,0.39940293927936515
3.0511201109523567,0.3994270138607981
3.052089170179297,0.3995350103625428
3.053799218816067,0.3997255861967645
3.054002931546781,0.39974828889817465
3.0545677865992724,0.3998112389924165
3.0552135632050015,0.39988320736378985
3.0566932537728757,0.40004811101524107
3.0576975334187315,0.40016003264553
3.0585313827278586,0.4002529607203725
3.059851137303303,0.4004000403552875
3.0599578824270988,0.4004119365321443
3.060169041269823,0.40043546906317296
3.060173828733969,0.4004360026006138
3.060291201079967,0.4004490831249172
3.0614959700170488,0.40058334822141306
3.0623879898295363,0.40068275908976597
3.0624003775725304,0.40068413963790045
3.062529646662473,0.40069854599110294
3.0630914189960015,0.40076115253269645
3.0637725260596778,0.4008370582958795
3.0641458184877974,0.40087865975350356
3.064677806064267,0.4009379469421842
3.0648884478898952,0.40096142185440475
3.0653880396826687,0.40101709870512753
3.0661310292828183,0.4010999009481876
3.0661771241898603,0.40110503798065217
3.0664375449282564,0.4011340604882004
3.066454631239104,0.4011359646667561
3.0665574944709384,0.4011474282273802
3.067349611863676,0.4012357055018836
3.0674050499446506,0.40124188378143777
3.0686193445310233,0.4013772104609328
3.0688146208699996,0.4013989729713104
3.0700281122476065,0.4015342101374563
3.0705008280085986,0.4015868917972427
3.070698535570628,0.4016089252545114
3.070863181348359,0.4016272741515941
3.0717678686446352,0.40172809674370646
3.0719168449372583,0.40174469935993357
3.072135318194159,0.40176904704355704
3.0730199426620435,0.40186763374004925
3.0748278632009076,0.4020691168777167
3.0750541319991984,0.4020943333330065
3.075225683543439,0.40211345184107256
3.0755529176348424,0.4021499203418007
3.076216845966909,0.40222391162662513
3.076557011385495,0.402261821255057
3.0767949983021357,0.4022883436323727
3.077847790296158,0.4024056717060944
3.077933871685689,0.40241526501956404
3.078323054486908,0.40245863737483645
3.0784800409740605,0.4024761326846817
3.0787425935856914,0.40250539277817404
3.0806428014354967,0.40271716084627723
3.082406618228904,0.40291372885585897
3.083426215772826,0.4030273575844956
3.0841367156384702,0.40310653901927945
3.084524678022213,0.4031497753655088
3.0845546482800095,0.4031531153914931
3.0851109139563166,0.40321510824539897
3.0856677904265153,0.4032771691690386
3.086856308903898,0.40340962323814783
3.0874292330402215,0.40347347258890764
3.087758483838147,0.4035101658408618
3.088037448996586,0.403541255025488
3.088835065863297,0.40363014518714435
3.0889791412628083,0.4036462016248751
3.089172578302261,0.40366775915509406
3.0892466420455977,0.40367601316575114
3.089339544646114,0.4036863666669403
3.0894707964854855,0.4037009939870317
3.0901036078985014,0.4037715174565676
3.0906481522624296,0.40383220403249004
3.0906514870800343,0.40383257568019243
3.0906523288847763,0.403832669494858
3.0908129783263663,0.4038505730215121
3.0913814106398907,0.40391392178248836
3.092119677296773,0.4039961976786167
3.09238824691964,0.4040261283360401
3.0947608655252563,0.40429054407272297
3.095535067036226,0.4043768247173995
3.0956607867757926,0.4043908355143621
3.0958597735760276,0.4044130115359315
3.096684507580081,0.40450492375845776
3.0970321746419405,0.4045436694051725
3.0971421462620734,0.40455592515790195
3.0981814928425044,0.4046717548117213
3.0989435403908496,0.4047566809618432
3.0994562842395768,0.4048138235393186
3.0994673512013025,0.4048150568933986
3.100257694705479,0.4049031364774474
3.100287344780742,0.40490644082078986
3.1005088497933326,0.40493112637747575
3.10127968608238,0.40501703198605016
3.101857928965701,0.4050814740829017
3.101919270025279,0.4050883102180559
3.1025660233450116,0.4051603874390151
3.1028541278478814,0.40519249515501626
3.1033404880444593,0.405246697414649
3.103596724155928,0.4052752535677613
3.1039483970402766,0.4053144456421075
3.1049273477441313,0.4054235444963957
3.1051064563064172,0.4054435051939689
3.1060640870756515,0.4055502280548274
3.106180860678223,0.40556324185235704
3.106226050259195,0.4055682779910415
3.1062353864647085,0.40556931846153793
3.1069215198575177,0.40564578438239557
3.1072552896518624,0.4056829812524889
3.1100641680353083,0.40599601582334394
3.1105408045163907,0.40604913442655177
3.1116452249267392,0.40617221621294536
3.112222339580698,0.4062365325746295
3.114248970452308,0.40646238981676375
3.1144570826358815,0.40648558281381847
3.114555949010616,0.4064966009459561
3.1149186871092853,0.4065370261796431
3.1154054025588818,0.40659126803033735
3.115550720943128,0.4066074629921122
3.1163178704268546,0.4066929577258234
3.116820385013146,0.40674896030635344
3.1168661893384817,0.40675406495503075
3.117020155875493,0.4067712237074792
3.1172571493651557,0.40679763537263675
3.117570123816361,0.40683251471223325
3.117845632577937,0.4068632186997945
3.118629884100301,0.40695061936484017
3.1192084766914427,0.40701510043477024
3.119799621632573,0.40708098039740964
3.1203189161200386,0.4071388530087655
3.1211447739457223,0.4072308904752409
3.1216667995307232,0.4072890674529055
3.1224381977373934,0.40737503568421324
3.1230180482858403,0.4074396569468006
3.123221524610862,0.40746233330205245
3.1249427865351276,0.4076541587975836
3.125542601967219,0.40772100504037007
3.1260442391051195,0.4077769098339391
3.1267411874032445,0.40785458101852917
3.1270923317765984,0.4078937141931333
3.128937705077642,0.4080993712421403
3.1293856228504193,0.40814928929790456
3.1297048830525496,0.4081848691510424
3.130084592572815,0.40822718575948874
3.1308951359953294,0.40831751651710413
3.131669115634092,0.40840377243530196
3.131754504701204,0.4084132885931167
3.1321973652950206,0.40846264305315705
3.1327948101460334,0.40852922510727807
3.1332884645128787,0.4085842402634297
3.1341534359544942,0.4086806367345705
3.1348051706144524,0.4087532690994296
3.1352072434992215,0.408798077986022
3.1353079583654795,0.408809302122718
3.1361043587078443,0.40889805670920004
3.1379043412746572,0.40909865520206085
3.1380390269220166,0.40911366520180653
3.138237165804165,0.4091357467274107
3.139314943573059,0.4092558593329799
3.1441991992899343,0.4098001836801244
3.145661808014665,0.40996318365092166
3.146760228128899,0.410085596736196
3.1467649322051,0.4100861209804935
3.1491161754607933,0.41034815454800533
3.1493647729529117,0.4103758594175787
3.151217334142009,0.41058231751851654
3.1513098979826877,0.410592633266722
3.152660838028876,0.4107431883566474
3.1531580027185218,0.41079859471962293
3.153778881252292,0.41086778833317256
3.1554244541736156,0.4110511786914996
3.1557291579556206,0.41108513630895993
3.1560840169443036,0.41112468345770464
3.1574850434483634,0.4112808204172255
3.1579745635535654,0.41133537483188437
3.1587258738344355,0.41141910437059875
3.1595067556525,0.41150612950000526
3.1599836170146087,0.4115592731650085
3.160267047793973,0.41159086001935885
3.162308188784547,0.4118183343371521
3.1630789366510617,0.4119042300915049
3.1635504351223265,0.41195677609081954
3.164297060382454,0.4120399835088661
3.1655460450716264,0.41217917621599204
3.1658914860545333,0.4122176737780358
3.167511990443492,0.4123982703816323
3.167638388176096,0.41241235673731647
3.167732290106764,0.41242282160854143
3.1679798511903283,0.41245041097588836
3.1687636603183136,0.41253776233843126
3.1691663891089235,0.4125826443222445
3.1712243598917267,0.4128119942309566
3.172689565570319,0.4129752836184628
3.1726905617831758,0.41297539464109245
3.1743815469201366,0.4131638459495542
3.174682895117398,0.41319742960492495
3.1751878749692852,0.4132537069262063
3.175392348953223,0.41327649446524334
3.1762702812188612,0.41337433535135415
3.1763047075110693,0.4133781719786966
3.176840323693396,0.4134378635562193
3.1769245612757784,0.4134472513871794
3.178942335220199,0.4136721215718398
3.1794931466134377,0.41373350657487884
3.18364060828022,0.4141957191400969
3.18402046856762,0.41423805255073926
3.184344946867032,0.4142742139330928
3.184458737729508,0.4142868953200878
3.184573426677323,0.414299676793922
3.1851889615306597,0.4143682748826807
3.1860703017879266,0.41446649557135035
3.186390967614952,0.41450223207391373
3.1864196133632787,0.4145054244903555
3.187509126062916,0.41462684489160256
3.1875812231330074,0.41463487972697627
3.187835377467487,0.41466320387710454
3.1883380856080548,0.4147192280282302
3.189759630064315,0.41487765160450163
3.1898377307766816,0.4148863555139065
3.190519554126131,0.41496234110333324
3.1911704483518264,0.41503487980625925
3.1916319812559792,0.4150863151960713
3.1918542513050294,0.41511108601200547
3.192410479669935,0.41517307470775394
3.193491790893174,0.4152935810980348
3.193618135486443,0.4153076615316225
3.194976927391796,0.4154590916695308
3.1953169084441067,0.41549698075132113
3.195409813635967,0.4155073345413019
3.19700596491488,0.4156852171201844
3.1970443346661632,0.4156894932250869
3.197051980978434,0.41569034536596106
3.1970988259016018,0.4156955659837374
3.1984362752227997,0.4158446176040455
3.1986603439346273,0.4158695888713893
3.1990239746560585,0.41591011358314034
3.1999665553707337,0.4160151591953866
3.200598639939852,0.41608560166203246
3.2007468650384014,0.41610212056167156
3.2008305837747253,0.41611145056999504
3.2011097914245954,0.41614256677900296
3.2020255731226963,0.41624462578324856
3.202133662008293,0.4162566717152179
3.202301135649617,0.41627533576267167
3.2024006679436003,0.4162864281079712
3.2025710931974314,0.41630542109695595
3.2038488368123996,0.4164478188335513
3.2044359358125987,0.4165132478975718
3.2055460075537607,0.41663695949475615
3.206443834266668,0.41673701751130593
3.206651951482588,0.4167602110691891
3.207017977638315,0.4168010027393643
3.207292669796461,0.41683161572081223
3.2081226465096853,0.4169241122154184
3.2092582233169042,0.4170506662166937
3.2112718516336978,0.4172750743931829
3.2120215545925475,0.4173586248043986
3.212879927157121,0.4174542858657562
3.2143516660655727,0.41761830334701594
3.215690281240082,0.41776748489548093
3.21603556936361,0.417805965422159
3.216162126179799,0.4178200695068635
3.2191134782498447,0.4181489820130558
3.2193440816234857,0.4181746815337365
3.219362427796603,0.41817672611724804
3.220843122278897,0.41834174164962723
3.2220491313436663,0.4184761449517645
3.2221143247552853,0.41848341041108406
3.223213601705243,0.4186059189861468
3.2248858940747893,0.4187922870850043
3.2252145136220793,0.41882890998742933
3.226173390573933,0.4189357717287191
3.2279996360505043,0.4191392970833245
3.2284921076958843,0.4191941804314532
3.22886571520504,0.41923581700318424
3.229889326989945,0.419349893097649
3.22994271420329,0.4193558428189032
3.230790055021124,0.41945027445070404
3.2308368260015996,0.4194554868279603
3.230910071969813,0.4194636497019251
3.2309737611836624,0.4194707475263959
3.231081395753611,0.41948274282730014
3.232342947491016,0.41962333606517666
3.233053863446686,0.419702563870983
3.2358050793344604,0.420009172263085
3.2359234521132727,0.42002236428030965
3.2360006553708613,0.42003096817314817
3.2365572584571733,0.4200929986296063
3.236806642465584,0.4201207911522412
3.2369469925414225,0.42013643242244314
3.2376339988727523,0.4202129956276605
3.2380848776264632,0.4202632436690165
3.2423812819220443,0.4207420550988073
3.242434927656458,0.4207480336308611
3.242881492428846,0.42079780090192115
3.2450864535637214,0.42104353210433826
3.2463035866190397,0.4211791751161147
3.246610059895692,0.4212133299343514
3.2470721632201602,0.4212648288944765
3.2474973330322903,0.4213122118108978
3.247506739825556,0.42131326014802445
3.248137191237211,0.4213835206079484
3.248261808244287,0.42139740851123453
3.2482865505127445,0.421400165905586
3.2496867512102017,0.4215562108333488
3.249788957904548,0.4215676012263582
3.2499376234896986,0.42158416921588854
3.250993750756977,0.42170186898809264
3.2513886223722928,0.4217458753314685
3.251486542518382,0.4217567880114512
3.2522354771216957,0.42184025279352527
3.2539099629929145,0.42202686534648914
3.256097801164366,0.42227068828561537
3.256132413001135,0.4222745455909133
3.2561701746340996,0.4222787539242607
3.2562636048043405,0.4222891662202925
3.256677203239115,0.42233525956819223
3.2573019077003504,0.4224048795610286
3.2594594891207485,0.42264533054601955
3.259511649462369,0.4226511435389392
3.2600429090883503,0.4227103496014056
3.2601723764937143,0.4227247780558082
3.2625005751410887,0.42298424342417057
3.2626166484366546,0.4229971791762059
3.2631910283365495,0.42306119076408044
3.263518594886715,0.42309769631557087
3.2636231279803036,0.4231093459734146
3.2654891551008673,0.4233173047808631
3.266414846598728,0.42342046817963647
3.2677475403863916,0.42356898982100066
3.2681962455503095,0.42361899562732347
3.269020177583423,0.4237108184744498
3.269701147007068,0.423786708898383
3.270383602318341,0.4238627649165969
3.2707882560099475,0.42390786142039827
3.271981595017963,0.4240408527120327
3.273308638442318,0.42418874465042955
3.274351769992478,0.42430499611901357
3.274559589834997,0.4243281565362112
3.276299283345505,0.42452203613409295
3.278678017927945,0.42478713346389546
3.2804466001879953,0.42498423255941326
3.2808479781215993,0.42502896399739104
3.281014184226164,0.42504748678460835
3.2837865222255527,0.42535644912381737
3.286312721233813,0.42563798058032526
3.28638367066628,0.4256458875175838
3.2868473555095323,0.425697562729574
3.2870944217680873,0.4257250969513032
3.2873195404552646,0.42575018523282043
3.2873350178329432,0.4257519101043236
3.2874501500440996,0.42576474097750183
3.2877008598203123,0.4257926812499138
3.2885256864945447,0.4258846038000392
3.2889062960390807,0.42592702071140826
3.2891316439323743,0.4259521345367295
3.2896587328386904,0.4260108757946504
3.289885747427959,0.426036175364382
3.2899143009046687,0.4260393574976424
3.291399577792972,0.42620488371482235
3.293420550019166,0.42643011033099226
3.294064567086246,0.4265018826111326
3.294264812620215,0.42652419891188836
3.295236019552091,0.42663243476393625
3.297163983448614,0.42684729609596433
3.2993026330063793,0.42708563722545917
3.300526480476403,0.4272220285230778
3.301125949196384,0.42728883612664154
3.3013517657802787,0.4273140021850397
3.3025338163433386,0.427445735439465
3.302785936298177,0.42747383286879187
3.3032460629898477,0.4275251115436947
3.303430516319905,0.42754566788723647
3.3034997017158667,0.4275533782319996
3.3058327775309624,0.4278133871347897
3.3065210474138627,0.4278900911561157
3.3067045614641404,0.42791054282191693
3.307414824066215,0.4279896978149366
3.3080599452985244,0.42806159314842473
3.3085253650045163,0.42811346170164905
3.3085533555778723,0.4281165811023217
3.3092800172097165,0.42819756368007295
3.3106820378744093,0.42835381143351364
3.310934576051507,0.4283819554714891
3.3117484334217315,0.4284726555509682
3.3121421086064506,0.42851652855851136
3.312196748926976,0.42852261793190244
3.3124017258604335,0.428545461521991
3.3135850457192,0.4286773362326785
3.3138465034614386,0.42870647430879477
3.3142410518887373,0.4287504446345835
3.314966258861188,0.42883126509827457
3.315415024145859,0.42888127760473604
3.315841442810772,0.4289287996991642
3.315923725849487,0.42893796970661807
3.3178282167706072,0.4291502151002609
3.321783763115706,0.42959103972261997
3.3219552083054005,0.42961014637803696
3.3225798392434505,0.4296797581771051
3.3229767924690834,0.4297239965048903
3.323349245478505,0.42976550441376055
3.3256832897903768,0.4300256212503703
3.3296617033876985,0.4304689943064843
3.3299605146713556,0.43050229523631356
3.3301487029572012,0.4305232678208322
3.3303569714844796,0.4305464782415623
3.3318834629048477,0.4307165975993474
3.3322020150419225,0.4307520985423971
3.333174417762923,0.4308604676587892
3.3333631035883484,0.4308814956914501
3.3361009604164544,0.43118661528733576
3.337370284988595,0.4313280747663425
3.3378290016964463,0.43137919630604044
3.338283373764839,0.43142983365875615
3.339710069623271,0.43158883133142745
3.3397215122581083,0.43159010655227953
3.3400381603048923,0.43162539529458366
3.3410655306475134,0.4317398902603348
3.3439168721359627,0.4320576571186145
3.344675667328978,0.4321422208110165
3.3453165198548596,0.4322136404198552
3.3455932329305447,0.43224447862182463
3.346067514914632,0.432297334828853
3.3462977258656537,0.4323229906161181
3.347518272731302,0.43245901407891674
3.348273406599387,0.43254316973610957
3.348695507135529,0.43259021059803077
3.3496379464697776,0.4326952404541798
3.349915116873262,0.4327261296229027
3.351786677515126,0.43293470511189774
3.3519044869968075,0.4329478343526504
3.352604890141488,0.4330258905615315
3.3528579050201013,0.4330540877253581
3.3536410833298316,0.4331413687865581
3.3561437296784473,0.43342027542429556
3.3577179354765017,0.4335957122959437
3.3592557195138997,0.4337670901558936
3.3593936941660356,0.4337824666977454
3.359910007914563,0.43384000712158505
3.360239822639114,0.433876763220165
3.3603407491126545,0.43388801093936796
3.3606004791455772,0.43391695647146145
3.361493230000083,0.4340164488105629
3.3617108034133487,0.4340406962113947
3.361749174520032,0.43404497246734963
3.361848355161094,0.4340560256227993
3.3618936128472354,0.434061069351443
3.3626765720150296,0.43414832599043895
3.3629763835524806,0.43418173839323865
3.3636496472400808,0.43425677005383384
3.36560357655182,0.43447452509342044
3.3664990394952428,0.434574319680421
3.3668938795188046,0.4346183225030639
3.3683565114044107,0.43478132505501754
3.3685157101088157,0.4347990669047209
3.3686467440474632,0.43481366994093407
3.368659005950238,0.4348150364648448
3.369507717323122,0.43490962083772317
3.369991412079165,0.4349635260481714
3.371492162308424,0.43513077668698336
3.3751642490288183,0.43554001124033204
3.376092073606381,0.43564341235950405
3.3769288134562307,0.43573666256975113
3.377804792931518,0.43583428582775363
3.3783109914796596,0.43589069896625693
3.380088128629422,0.4360887514587766
3.3805523927116545,0.4361404912238734
3.3807977269113074,0.43616783241684115
3.3815528450690833,0.4362519863232037
3.3818403791673024,0.4362840304706372
3.3823758322198203,0.4363437038682097
3.382762779648709,0.43638682710311344
3.383225105809668,0.43643835089718136
3.3842833079710255,0.4365562819053058
3.3852664665441803,0.436665849704269
3.385509400424176,0.43669292339436494
3.3869104618396824,0.43684906424458103
3.387070429366169,0.43686689177541993
3.3871632726386793,0.4368772386648185
3.387917544504345,0.43696129825642216
3.38836835571384,0.437011538770334
3.3886075220678724,0.4370381925896803
3.3942623382513455,0.43766839180645273
3.394824643115772,0.4377310576957852
3.3956626417948437,0.43782444819586036
3.3957804353870302,0.43783757566581294
3.3958913066249483,0.43784993167616454
3.3971136675238784,0.4379861573033334
3.3975069885419384,0.43802999084088434
3.39885968913727,0.438180742134657
3.399669348833231,0.4382709744056439
3.4000085632076713,0.4383087780452589
3.4009052585065476,0.4384087099717266
3.4014933499590976,0.4384742496392885
3.401519922652899,0.4384772110248187
3.402153521922934,0.43854782229683315
3.4024135704499687,0.43857680332340304
3.4025667247653066,0.43859387155806157
3.4030091342621454,0.43864317574574074
3.403065400480672,0.4386494463168248
3.403148353885342,0.4386586910330021
3.403578353172534,0.43870661216875784
3.404529328064284,0.43881259326743666
3.4045443270839235,0.438814264828478
3.4065460784085237,0.4390373493772958
3.4069197766349206,0.4390789960589815
3.4077505382290756,0.4391715800243969
3.4078865557020177,0.43918673844902706
3.4098250662070795,0.4394027751445373
3.410302559018717,0.43945598918123563
3.4127504112960234,0.43972878931087384
3.4130457657152027,0.4397617049915254
3.413333355374275,0.4397937553309207
3.413959764163903,0.4398635652621007
3.4147956239975676,0.43995671739921977
3.4168304685080724,0.44018349000776585
3.417116867847644,0.4402154076923777
3.4171852932978966,0.4402230333452297
3.417412116996807,0.44024831164124506
3.41771157143284,0.4402816842469893
3.4177973004413174,0.44029123828946287
3.418017891963879,0.44031582204253883
3.4187516717527773,0.4403975979010713
3.4189313664645846,0.44041762392189415
3.4193537540430166,0.44046469677315325
3.420394031742661,0.4405806301952613
3.421860913536359,0.44074410637689004
3.422302712964245,0.440793342575626
3.422401959469822,0.440804403071326
3.4233687062875164,0.4409121418673471
3.4238252657288877,0.4409630229911585
3.42586841014802,0.44119072058041947
3.4261150237012106,0.441218204350541
3.4269490388121646,0.4413111509031162
3.427293338899652,0.4413495213184274
3.4308017237925643,0.4417405121729333
3.43116977792991,0.4417815298508842
3.4316686558959506,0.44183712714941065
3.4317920906923103,0.4418508833015937
3.432187496982641,0.44189494923165923
3.432230951354851,0.44189979199054713
3.4324167479553953,0.4419204980344471
3.4332251869334987,0.44201059426291484
3.4332486008999465,0.44201320362506535
3.4348213153695872,0.4421884742960857
3.4363672190305055,0.44236075704493344
3.4374852885559983,0.4424853599526852
3.437700479627081,0.44250934185413915
3.4392107252579063,0.44267765070500187
3.44040937023009,0.4428112333181495
3.443787780308386,0.44318773917018794
3.444833241428822,0.4433042502570012
3.445018165657969,0.4433248590797442
3.445944006037271,0.443428039070563
3.4489104503821775,0.4437586335305956
3.449087888995192,0.4437784081211958
3.4511325893307436,0.44400627910907414
3.451265093386762,0.4440210459820569
3.4533408692701033,0.4442523801746166
3.453398783808069,0.4442588344421439
3.4537591896917306,0.44429899976286064
3.453905780869463,0.44431533657070643
3.4542247772490757,0.44435088702222664
3.4556135621717816,0.44450565972255096
3.4566013173795054,0.44461573979201274
3.4566120237513305,0.44461693296026433
3.4575706346751156,0.44472376505413963
3.4588156945475874,0.44486252036129853
3.4594974582465303,0.4449384993029932
3.460710203436704,0.4450736533105143
3.4607190524810947,0.44507463948949244
3.4622977117989127,0.44525057268225415
3.4625452703917077,0.44527816177201834
3.463082651638489,0.4453380500565957
3.4660816222111337,0.4456722693918816
3.46619220634199,0.4456845934056767
3.4671877727884617,0.44579554399619176
3.467828569932819,0.44586695743305393
3.4682973197831,0.44591919711316447
3.468731018096422,0.4459675304857275
3.468831207175728,0.4459786960262612
3.4694139115915266,0.446043635337201
3.4694518762737654,0.4460478662993112
3.4695423780540096,0.44605795224183814
3.4715436965445106,0.44628098855359527
3.4727438362360554,0.4464147377452732
3.472769273269431,0.44641757256748354
3.4759343861683023,0.4467703075822299
3.4784597705899194,0.44705174825738464
3.478687201775835,0.4470770942545988
3.4802847320560306,0.4472551305158467
3.480378327011574,0.44726556117632515
3.4827531863272916,0.44753022662824277
3.4831009847537637,0.4475689869148456
3.485943057083036,0.4478857207745867
3.486932370279653,0.4479959744736322
3.4874534822149688,0.448054049629894
3.4875091968414664,0.4480602587289774
3.491505094688463,0.44850558031181476
3.491620765866295,0.4485184712499652
3.492525196939034,0.44861926528732626
3.4926809474751104,0.4486366228569911
3.4930598121133634,0.44867884530782653
3.493649225966257,0.44874453234988004
3.495445687357723,0.44894473842645793
3.4960353572021132,0.44901045399740386
3.497554115521169,0.4491797115421375
3.4982925184654947,0.44926200262677723
3.4984334069273366,0.4492777038972384
3.5000853514897305,0.44946180434110683
3.5003927152678043,0.4494960584009952
3.5024412456031633,0.4497243562220018
3.502472492910001,0.44972783856831605
3.5027615178634424,0.44976004886364257
3.5038205668046887,0.44987807424088594
3.504039453245417,0.4499024679716518
3.5050709575656365,0.45001742364724034
3.507102634473756,0.4502438432433313
3.5077827420887253,0.4503196376232667
3.508596614775403,0.45041033940968306
3.509477639965854,0.4505085249858298
3.5100939701913605,0.45057721171459086
3.5106196869029604,0.4506358000487022
3.5114914299867674,0.450732951183384
3.5143208163468485,0.45104827125926567
3.515628681694316,0.451194025902896
3.5156495225684963,0.45119634850758533
3.5156566986156053,0.4511971482399059
3.517529994074457,0.45140591706503613
3.518123016042663,0.45147200621236966
3.518896466385448,0.4515582031433432
3.5212736469701236,0.4518231272883519
3.5213832295850036,0.451835339688513
3.5214846150834687,0.4518466385636049
3.5216826859045947,0.45186871250416993
3.5222503192132577,0.45193197222029996
3.5225511888566174,0.45196550254338086
3.522753535766895,0.4519880530313607
3.5260653290303794,0.4523571347933569
3.5263624293125724,0.45239024504116426
3.5264047648618226,0.452394963113178
3.5273763102287363,0.45250323668201287
3.5282142589079006,0.4525966216098638
3.528554097134416,0.45263449477447804
3.5325755449095237,0.453082663761044
3.532884265317557,0.45311706901013277
3.5332173077400415,0.4531541848184973
3.5337755038403724,0.45321639280790343
3.5351733697351753,0.45337217753431613
3.536080816164411,0.45347330761713633
3.536984917075578,0.4535740648597441
3.5370439855259055,0.4535806477246728
3.538034062537156,0.45369098654680085
3.5388950952948166,0.45378694407254305
3.538952773817292,0.45379337203739817
3.539756359937575,0.4538829274406474
3.5404738769357147,0.4539628908975622
3.5420188299962865,0.4541350677070522
3.5433986500858135,0.4542888413243534
3.5455317746424138,0.45452656672182573
3.547508925461257,0.4547469096749914
3.5487863634394357,0.4548892733499903
3.550363704181609,0.455065059594503
3.552335387394532,0.455284793212041
3.552470432118029,0.4552998432289143
3.555207968201066,0.4556049270794661
3.5572764097609637,0.45583544390064906
3.5578612474261995,0.4559006209509038
3.5601868750413463,0.4561597997913855
3.5632171156440804,0.4564975040053713
3.563553394665544,0.4565349805154944
3.5641036185895025,0.45659630004820384
3.5647146976724438,0.4566644015650278
3.5652953527329734,0.456729112486212
3.5673383271939256,0.45695679113453685
3.5681685442458764,0.4570493144136171
3.569606507291215,0.4572095677544011
3.570409688909248,0.4572990780780239
3.572682674240635,0.4575523902156952
3.573015754555129,0.4575895102469228
3.5752717005070664,0.4578409234362937
3.5767196091933635,0.45800228516591607
3.5770955878710895,0.45804418599178526
3.579436294563069,0.4583050453152573
3.5800838507563797,0.45837721201221093
3.580292965591222,0.45840051674942217
3.5815698338603252,0.4585428169333718
3.58327214984267,0.4587325310043452
3.584958774859631,0.4589204964006007
3.5876484053431947,0.45922024142663764
3.5902051811639795,0.45950518050643113
3.5902633241727995,0.4595116602358216
3.5910649682834213,0.45960099921241265
3.5912757930198658,0.45962449450907183
3.591348899535901,0.4596326418418324
3.593317179732829,0.45985199621131984
3.593456651378668,0.45986753958516585
3.597472906424351,0.4603151298696289
3.5978031815596383,0.4603519372785391
3.598209648522939,0.4603972358618363
3.598832753350495,0.4604666775839988
3.598938874267171,0.4604785041962886
3.600007195978969,0.46059756297453935
3.6004248401471832,0.4606441071979337
3.600949603766539,0.46070258931497843
3.6019387940061214,0.46081282931111583
3.6020406505807787,0.4608241806851464
3.602679463538195,0.4608953729949168
3.603076368903904,0.46093960598896755
3.6035960046862607,0.4609975166358258
3.603781500178334,0.4610181891227865
3.6045323367022046,0.4611018658638007
3.604643029941482,0.46111420203714953
3.6046475009906835,0.46111470031182605
3.6047792534996046,0.4611293834288784
3.605474270646785,0.46120683939695645
3.606164473782001,0.461283758868981
3.6065302639664196,0.46132452424140763
3.607068374271602,0.46138449377567026
3.6085736601760954,0.46155224989138666
3.61058113138476,0.46177597189089065
3.6105977037137857,0.4617778187889034
3.6107356264477226,0.461793189544748
3.6116534308054047,0.46189547396365677
3.6134488532965205,0.46209556426031106
3.613706760257158,0.46212430662068504
3.6138822300014555,0.46214386179132805
3.6159207530214124,0.4623710443502066
3.6165833028306933,0.46244488200599165
3.6203787363858897,0.4628678629086754
3.6220967876588577,0.4630593305941792
3.62256517675555,0.4631115300702193
3.62378170517568,0.463247105698617
3.62410076699716,0.46328266344328556
3.624307547511183,0.4633057080328445
3.625619330140582,0.463451899236732
3.626011234524064,0.46349557489788623
3.626207669194184,0.4635174664981152
3.6268383161812343,0.46358774875387815
3.62695608438818,0.46360087339478057
3.627506559114542,0.4636622208780855
3.6299597834653587,0.46393561969677194
3.6312232875341643,0.46407643051160913
3.631279292099314,0.4640826719228148
3.633015774514437,0.4642761936611779
3.6332794711325755,0.4643055812481171
3.6344779916890353,0.46443914999579367
3.6352698711922087,0.46452740075876914
3.6390989689829825,0.464954133361633
3.6403519429267344,0.4650937706499851
3.640855277955291,0.46514986466444613
3.64171302019065,0.4652454554789619
3.6417326309019873,0.4652476409885391
3.6422416069926427,0.4653043636693973
3.6422544562830166,0.46530579565453495
3.642341284896193,0.4653154722421092
3.6426702029885556,0.4653521284157962
3.643449704127442,0.46543899967584434
3.643468341892998,0.4654410767557838
3.6445749201974147,0.4655643990280054
3.64477924193165,0.46558716959962193
3.646466179149155,0.465775169788969
3.6469767015206624,0.46583206479461214
3.648896914969242,0.46604606238039875
3.6501069976416654,0.466180919664464
3.6525617033257145,0.46645448356986857
3.6611327458132554,0.46740968071285593
3.6611964625962785,0.4674167816097646
3.6613500321942256,0.46743389612546343
3.661726400735756,0.4674758403995821
3.6617361045858985,0.467476921842119
3.6623564100217525,0.46754605158695095
3.6624947801237497,0.4675614721995888
3.662766998564969,0.4675918094984295
3.663571955006757,0.46768151761672927
3.664741153580645,0.4678118185852505
3.6678365463641676,0.468156783663599
3.669569550805058,0.46834991780021445
3.670660680880386,0.46847151844938795
3.670844886228535,0.4684920471566637
3.6717376170310727,0.46859153726108005
3.6721341322161605,0.4686357267715737
3.672232803475404,0.46864672315912675
3.6744269646344665,0.46889125076162486
3.675109518020169,0.4689673177097132
3.6766256951499745,0.46913628759462006
3.679962585286151,0.46950816626972536
3.680346379700731,0.46955093811793813
3.6811876514253163,0.4696446933815443
3.681192784722895,0.4696452654602835
3.6825406535911953,0.46979547828375207
3.6842492131744744,0.4699858881708744
3.684922034404917,0.4700608705219704
3.685850412084601,0.47016433328143475
3.68692074552473,0.4702836162561186
3.6869682843796316,0.4702889142088998
3.6874365956944324,0.4703411050165612
3.6881522707151206,0.4704208631948765
3.6883719691716297,0.4704453474204864
3.6911341512060445,0.4707531779313628
3.6919444335103337,0.47084347958873946
3.692960349135592,0.470956697987105
3.6959310859580428,0.4712877708209518
3.696065419430989,0.47130274157273044
3.6968011819869178,0.471384738400113
3.69703171444385,0.4714104300175037
3.6973766562838044,0.4714488719527175
3.698163805555223,0.4715365955564982
3.698843552487248,0.47161234974023575
3.6992401095463667,0.47165654391736794
3.7045062638712656,0.4722434288351581
3.704929159841896,0.47229055834402606
3.7054402560325577,0.47234751729876484
3.7056345875790355,0.4723691745170388
3.7063826571945957,0.4724525429008241
3.7073020040988998,0.47255499922835714
3.709615749093266,0.4728128538138914
3.710751452376937,0.4729394219102952
3.711949741365914,0.47307296485100603
3.712245518336157,0.47310592762272824
3.713246741585377,0.47321750863385226
3.7144744684161735,0.4733543322656159
3.7174078348763437,0.47368124037115383
3.7193008387235222,0.4738922055914428
3.7216156243464904,0.47415017614950494
3.72275487322708,0.4742771393838461
3.7231130263589773,0.4743170536473487
3.7242033018123215,0.4744385590534434
3.7248820735020116,0.47451420455160465
3.725405578952232,0.4745725464523846
3.725700718751034,0.4746054382147357
3.7283449211176123,0.4749001205185167
3.7284891848364516,0.47491619794343604
3.7286262935218346,0.47493147797789464
3.7291566538960406,0.47499058382352916
3.7305816030191186,0.47514938683182645
3.7317320651498527,0.47527759972331435
3.7327610590160973,0.4753922756221466
3.7358699557804727,0.47573874564740787
3.7368049080226635,0.47584294110692965
3.737126897932577,0.47587882517149555
3.7372061481030543,0.47588765718189924
3.7380382913535124,0.47598039512556833
3.7400607762265587,0.4762057903181924
3.7402625119136994,0.47622827268860135
3.7413830779498243,0.476353153819198
3.742250264238348,0.4764497971232581
3.7433360674731384,0.4765708041243578
3.744845692561379,0.476739043819047
3.746063583166072,0.47687477125567607
3.746340348546268,0.4769056152867058
3.748056932866341,0.4770969194881041
3.7486179249788987,0.47715943907821606
3.7504929016250044,0.4773683952627326
3.7525792576578794,0.47760090855674037
3.753900173642852,0.47774811762457614
3.7547581905546212,0.47784373905031846
3.755679046798907,0.47794636358577286
3.758089957939987,0.4782150468220659
3.759055782803346,0.47832268287117496
3.7608182572104196,0.47851910127893277
3.761008239710995,0.4785402738191495
3.7613538419678574,0.4785787893543185
3.76256159486657,0.47871338699748306
3.7634698130083457,0.4788146030835652
3.764597623657688,0.4789402915878104
3.7677504650765967,0.4792916590113196
3.767877575049894,0.47930582474244454
3.7691111362320004,0.4794432985816609
3.769497276477051,0.4794863318602149
3.7715649082046756,0.479716758429894
3.773216439675943,0.4799008128369513
3.775411773618583,0.4801454711399479
3.7760091901652317,0.4802120500396981
3.7785414493682272,0.480494256872708
3.780220746718799,0.48068140563948
3.7811401034130174,0.4807838630580474
3.781745373545586,0.4808513171982181
3.782801315592331,0.48096899632857787
3.7856430924327293,0.4812856972576543
3.7861310258830154,0.4813400748480533
3.7873748512118386,0.48147869257188264
3.788240435155069,0.4815751573030738
3.789175973510388,0.4816794180817896
3.789247987275411,0.48168744363325605
3.7895787735336386,0.4817243080041022
3.7898033873485155,0.4817493400202843
3.790330823899857,0.4818081200213964
3.792452115872904,0.4820445267403038
3.7932187275536227,0.48212996153872745
3.7942286062883146,0.4822425071577164
3.795974469928532,0.4824370743837689
3.798103919178542,0.48267439018785047
3.7981736157583734,0.4826821575013398
3.7988390697776624,0.4827563188158986
3.798888873723367,0.482761869201014
3.8001828964257864,0.48290608115540656
3.803581974236378,0.48328489031639127
3.8106146528905995,0.4840686449842541
3.8127516087658635,0.4843067973618335
3.8138446136284654,0.48442860694608736
3.814516146175487,0.48450344568026366
3.81476253785305,0.48453090472352534
3.815945647352092,0.48466275599073916
3.8172981147506273,0.48481348129596824
3.8174740723821383,0.4848330908390487
3.818454832102827,0.48494239129865124
3.820618425321438,0.4851835122666091
3.8226883592209995,0.4854141954011179
3.823852596962706,0.48554394351125174
3.825065338663155,0.4856790971298615
3.825814727131459,0.4857626124927773
3.831736597928358,0.4864225735272209
3.8328822893489347,0.4865502547484109
3.8336176846899326,0.48663221065164075
3.836745571549689,0.4869807970221284
3.836941798410367,0.48700266546309895
3.8403543329173626,0.48738297430139577
3.8420886516448958,0.48757625490827367
3.8429385753622127,0.4876709743904975
3.843122642032218,0.48769148764283116
3.8452123916886927,0.48792437913815695
3.8487052830681256,0.4883136433229102
3.849837716394781,0.4884398469999796
3.850796742610201,0.48854672537590055
3.8514841163277054,0.48862332952435505
3.8540336870612104,0.4889074656354556
3.856622384863993,0.4891959622505254
3.858951691370001,0.48945555108384625
3.8593214330968584,0.48949675683468097
3.8614704434763376,0.4897362526227035
3.8623986708409097,0.4898396986303473
3.862431436846092,0.4898433502275228
3.8639844693154086,0.4900164274441872
3.865813935037682,0.4902203116780656
3.866047413680006,0.4902463316321634
3.8688856554184303,0.4905626385929081
3.8689229576265856,0.4905667957258018
3.8690661433064437,0.49058275300900467
3.8760299491942405,0.4913588321730052
3.878921545951839,0.491681085267135
3.879400513946453,0.49173446370513746
3.8820884836027507,0.49203402364080034
3.8831232861903295,0.49214934689076095
3.8832535395864016,0.4921638629396515
3.8833054186436966,0.4921696445849274
3.8860199942195375,0.49247216960895274
3.8865690718418735,0.49253336139243714
3.8873155583193597,0.49261655334389587
3.8873718888933206,0.4926228310870512
3.8881168783857674,0.49270585620748136
3.889521483634017,0.49286239199902665
3.8902811925012797,0.4929470575155685
3.8913091625789504,0.4930616193186041
3.895269153110823,0.49350293922196486
3.8952903378677752,0.49350530015056193
3.8953782829607597,0.49351510116387887
3.8956814590471494,0.4935488885277803
3.895860399563152,0.49356883049748795
3.8971759892418323,0.4937154459767887
3.899403046021487,0.4939636396214112
3.8996898784467815,0.49399560557112565
3.902395137789588,0.49429709235048136
3.9027340178301797,0.49433485873036553
3.906795388026639,0.4947874768586635
3.907490038288581,0.4948648919393316
3.907720156909496,0.49489053743689687
3.9093864107551672,0.49507623257435424
3.9095821245479865,0.4950980438366384
3.910566215428873,0.4952077155363445
3.9120740674913392,0.49537575763673186
3.913993356252013,0.49558965217096485
3.9147952628954936,0.4956790204054483
3.917265278481584,0.4959542905180859
3.920839662483568,0.4963526366226116
3.92102070698685,0.4963728130705221
3.922580385477116,0.4965466309509078
3.9237025250266,0.4966716874412074
3.9274606411942785,0.4970905095193383
3.927899904418819,0.49713946307168744
3.928721181612323,0.49723099005104565
3.928844352184733,0.49724471675687393
3.9289509373136413,0.4972565951031504
3.929573373720177,0.4973259623333419
3.932306247229174,0.49763052656479145
3.935192905764432,0.497952229320281
3.938620408842202,0.49833420632625497
3.938941569612867,0.49836999798765713
3.941639213189567,0.4986706360303466
3.9447114184169862,0.4990130169787745
3.9448594604923284,0.4990295154814497
3.9457562142542715,0.4991294539233155
3.9540024291889044,0.500048450761503
3.9542977030630175,0.5000813574658347
3.956576105382127,0.5003352732980048
3.957987054042778,0.5004925160291561
3.964290988185159,0.5011950559933597
3.964991154750665,0.5012730858367491
3.967689744624367,0.5015738293392114
3.967985931211738,0.5016068377605857
3.968657738604057,0.5016817071248101
3.976738697228315,0.5025822870252958
3.9810871209042,0.5030668957386164
3.9849477309929906,0.5034971402196539
3.985926603578373,0.5036062303680534
3.9878224683078995,0.5038175144184789
3.9889995460151457,0.503948693474547
3.989059919271966,0.503955421753226
3.9907426801207766,0.5041429565084735
3.9922523361668496,0.5043111996532483
3.9939522156131475,0.5045006421852257
3.9947633801801214,0.5045910421660907
3.995590995166214,0.5046832754587572
3.9968355449423223,0.5048219739183869
3.997194051309746,0.5048619275481122
3.999136557874712,0.5050784095832654
4.001508286998332,0.5053427261919062
4.003309995367286,0.5055435170162459
4.009612279896368,0.5062458731398121
4.013360865654619,0.5066636331044522
4.015273115209701,0.5068767431566249
4.016536233412673,0.5070175109687654
4.020379163886214,0.5074457851506236
4.0217217688578195,0.5075954113407753
4.021874096544364,0.5076123874520474
4.02190497626074,0.5076158288323581
4.0221056435620115,0.5076381921368386
4.026973288589915,0.5081806653109582
4.028714915791001,0.5083747604083803
4.029983489531913,0.5085161362112359
4.032075842141239,0.508749317791826
4.032475611050021,0.5087938699125371
4.036937081704276,0.5092910771109219
4.036974594044023,0.5092952576618648
4.038603629342924,0.5094768049900454
4.038672814569428,0.5094845153159232
4.0426005223293435,0.5099222374758839
4.044300076207431,0.5101116437250144
4.0445595563699035,0.5101405614103736
4.0476465998741,0.5104845960059055
4.0480481279402385,0.5105293441753564
4.050309333791881,0.5107813435526009
4.052634503323723,0.511040471342132
4.058096613425648,0.5116491944900602
4.058610205946472,0.5117064316475314
4.060106935340843,0.5118732341856598
4.065118244304936,0.5124317179421094
4.066872671337514,0.5126272395127388
4.068213508540897,0.5127766686945152
4.0701858888938975,0.5129964800046107
4.0732325463518935,0.5133360137898847
4.0766569436382,0.5137176446719026
4.08254945268667,0.5143743334954977
4.083872876860969,0.5145218220877066
4.086010324893248,0.5147600293135701
4.087216222834433,0.5148944202315745
4.092011931882268,0.5154288765229474
4.0923002945881235,0.515461013014299
4.094066635447709,0.5156578623176449
4.094697016918385,0.5157281149830187
4.0950172140461465,0.5157637992515397
4.098875925036986,0.5161938320882014
4.105122690676299,0.5168900009265028
4.11196214449747,0.5176522217134224
4.112797142797167,0.5177452778371586
4.112849081610752,0.517751066141956
4.117533949801352,0.5182731698087432
4.118685107667538,0.5184014602362503
4.125898526417629,0.5192053574274347
4.127501400427652,0.5193839892189779
4.144201982689222,0.5212451803734572
4.1447683514831715,0.5213082991661414
4.145391739828899,0.5213777724848977
4.145477864130523,0.5213873705806921
4.145766042443985,0.5214194865224915
4.145967436174834,0.5214419307836885
4.1465888317571435,0.5215111820195506
4.148144353034858,0.5216845366006867
4.149727066528657,0.5218609216098198
4.152031680974681,0.5221177586442564
4.155008109871551,0.5224494658295523
4.157409907968276,0.5227171334654742
4.157467020993954,0.5227234984087158
4.159557787020358,0.5229565031730694
4.161434577782208,0.5231656615311469
4.1678375956901865,0.5238792438545443
4.17238013585013,0.5243854858185747
4.175475585837313,0.5247304572719678
4.178300673654749,0.5250452982981119
4.178636776895357,0.5250827552183925
4.185998424266752,0.5259031717018084
4.190218082460063,0.526373430186292
4.194449156714911,0.5268449609301744
4.195732059782437,0.5269879336603422
4.195918734491876,0.5270087375648127
4.197060882976564,0.5271360239446233
4.203750343068039,0.5278815287273607
4.20497634754657,0.5280181604121158
4.2086433218827874,0.528426825217413
4.210350306892999,0.5286170596267331
4.216981731252801,0.5293560966355482
4.218448521554526,0.5295195626208828
4.219256247370553,0.5296095793712267
4.219965341282077,0.5296886041198942
4.220132098307004,0.5297071883042586
4.222290172199554,0.5299476941726539
4.2228571456993,0.5300108803565861
4.22433956838458,0.5301760884880048
4.226727294011216,0.5304421878219089
4.227004156750436,0.5304730427030846
4.22753247414627,0.5305319208696346
4.235522956779668,0.5314224177016836
4.237674255564191,0.5316621685202891
4.238230614287342,0.5317241717437711
4.241184381307739,0.5320533533833482
4.241535922922231,0.5320925308283666
4.245024129074895,0.5324812728694914
4.2522942210434636,0.5332914859897424
4.253375000867719,0.5334119331584298
4.256183101102153,0.5337248810087123
4.259682825168969,0.534114906660169
4.261685545494978,0.5343380991990447
4.265173395913545,0.5347268015954948
4.270020607505214,0.535266997571719
4.271380652420143,0.535418567350887
4.27180242536229,0.5354655717041981
4.273091399794521,0.5356092210557022
4.273105841186203,0.5356108304720707
4.273896093618987,0.535698899906697
4.279750595405826,0.5363513530229348
4.28411649066219,0.5368379088510646
4.288990983494097,0.5373811451765546
4.292119223214003,0.537729770871431
4.292938709859128,0.5378210983036864
4.2975478120974175,0.5383347582576711
4.299740931094946,0.5385791697168042
4.300309194586616,0.5386424996634815
4.302743958191988,0.5389138411301797
4.304026444994649,0.5390567674698404
4.304497629355726,0.5391092784632435
4.311142525484849,0.5398498168291671
4.311650159207144,0.539906389910204
4.319886706843355,0.54082430937935
4.320506884211251,0.5408934248516882
4.322057186902303,0.5410661978490702
4.322926069017473,0.5411630301439995
4.325667380675866,0.5414685347623629
4.326815888241199,0.5415965298279222
4.327475209057254,0.5416700076295694
4.331546049505487,0.5421236811671074
4.334555233292646,0.5424590387108826
4.344781088608563,0.5435986559507419
4.353511212707929,0.5445715818940867
4.356406287495165,0.5448942225961393
4.357943170610878,0.5450655000531546
4.359884058719556,0.5452818017199542
4.3640015163412365,0.5457406704937725
4.366756221122808,0.5460476677045496
4.368068344727229,0.5461938969082916
4.36878158699575,0.5462733839693045
4.3703039127198275,0.5464430390823722
4.3710193977419225,0.5465227760863539
4.3734781005566274,0.5467967854507308
4.37513672066967,0.5469816298492489
4.378406090667497,0.5473459837637032
4.384730524256483,0.5480508082823072
4.387493054928464,0.5483586776469879
4.388114973777014,0.5484279871980919
4.388426955444107,0.5484627558971743
4.3992405782204,0.5496678766973888
4.401486665642523,0.5499181912059952
4.406300756600466,0.5504546960635772
4.408797013110637,0.5507328905877725
4.409384588293533,0.5507983727198243
4.411303147688937,0.5510121859701737
4.413467870118367,0.5512534327826774
4.414225391844748,0.5513378545539892
4.4216323053354145,0.5521633157058765
4.424398229241305,0.5524715632284464
4.430073107379954,0.5531039982435243
4.437434349591153,0.553924369573989
4.441586060148085,0.5543870556554379
4.441700636861474,0.5543998246213416
4.443082223676379,0.5545537951307989
4.444980371846862,0.5547653336585857
4.445618442880661,0.5548364432849111
4.449907478554684,0.5553144335209823
4.450746430081322,0.5554079302108557
4.4510457142615385,0.5554412838424937
4.457659652833917,0.5561783721532116
4.458554253987118,0.5562780706982708
4.461939757296327,0.5566553670532045
4.466048257116354,0.5571132375276256
4.46982787425991,0.5575344557752728
4.471483123601836,0.5577189245192602
4.4720337628707165,0.5577802903399542
4.478484429697762,0.558499182882199
4.491209286447145,0.5599173005533694
4.492699788036556,0.5600834090357266
4.49362304007329,0.5601863005695192
4.495129084593409,0.5603541412289162
4.497300011444393,0.5605960794912351
4.506750563742928,0.5616492933293806
4.50802521787363,0.5617913467593707
4.508636420237981,0.5618594620152528
4.51311926572644,0.5623590513253341
4.516959582411445,0.5627870342143488
4.518789449778196,0.5629909632093695
4.5224256087328705,0.5633961938041314
4.5248115888729705,0.5636620986128359
4.526677878357112,0.563870086659311
4.527824096560644,0.5639978265876621
4.529997032188988,0.5642399887175441
4.5325626540568855,0.5645259136422849
4.543864898039054,0.5657854886796045
4.548718985950532,0.5663264509851342
4.569616579031853,0.5686553766946504
4.573149859039262,0.5690491419773867
4.586041962295493,0.5704858983830811
4.591179647677199,0.5710584661197722
4.592932929513108,0.5712538600643176
4.593855250233883,0.5713566478078956
4.593983268917549,0.5713709148099625
4.604362292002623,0.572527601783837
4.6065045487291725,0.5727663449131258
4.619067980494533,0.5741664726275592
4.622985822346931,0.5746030952845494
4.628899267446187,0.5752621173197608
4.644848872373769,0.5770396160406865
4.649645808955967,0.5775742091342415
4.652177009844515,0.5778562980237301
4.65486616577245,0.5781559901630637
4.656423443036644,0.5783295404395625
4.6644104547541305,0.5792196504564759
4.6683724240306566,0.5796611908804143
4.671793645135406,0.580042467793874
4.678146133683259,0.5807504188885736
4.679140146459242,0.5808611963307684
4.679611279497657,0.5809137016045334
4.683296465241019,0.5813243959743903
4.683717371178386,0.5813713037046254
4.6887399232654365,0.581931040447388
4.699976718426299,0.5831833215613355
4.705611500118305,0.5838112880404874
4.70628019322216,0.5838858103338099
4.706545780548144,0.5839154086300926
4.714019107700322,0.5847482712316657
4.714526383764948,0.5848048044536561
4.729227410486232,0.5864431557678125
4.755763932072499,0.5894005100967484
4.778039715341543,0.5918830277796708
4.778713917073119,0.5919581639802827
4.785405299869419,0.5927038830382564
4.804021864160815,0.5947786002093852
4.836350713092179,0.5983814786433915
4.840353756222675,0.5988275965301086
4.844559695372843,0.5992963261001302
4.859669987827231,0.6009802879056065
4.919319613380318,0.6076279217251096
4.920865898135914,0.6078002469449341
4.924958107162253,0.6082563018969595
4.927618396553521,0.608552777014164
4.931445127988582,0.6089792458992579
4.9368959745414704,0.6095867137844946
4.954417666108758,0.6115394132081301
4.960920416571367,0.6122641101948126
4.98846867684777,0.6153342174248888
4.999263010188365,0.6165371885199894
5.002299915871476,0.6168756355217683
5.0175785793283145,0.6185783613808284
5.01829774980923,0.6186585091096128
5.035361390442458,0.6205601611905022
5.060485224817488,0.6233600790360618
5.0983000743173905,0.6275743430835579
5.103054184682795,0.6281041634228085
5.146999864227231,0.6330016759025917
5.15641780092722,0.6340512549055827
5.16190359919206,0.6346626179734002
5.163065447150581,0.6347920997548963
5.174000649904983,0.636010769997656
5.175856651081583,0.6362176114669224
5.270032692811627,0.6467130309131756
5.324815895450612,0.6528183277566485
5.397832940678737,0.6609556894711269
5.406571429185573,0.66192954758324
5.451878964502125,0.6669788316526023
5.466822981088084,0.6686442628960497
5.472639243966187,0.6692924544890914
5.5505310097262175,0.6779730779050146
5.582760917335923,0.6815649298544465
5.589992008075287,0.6823707964949358
5.603152650639613,0.6838374801796328
5.718205305385848,0.696659487218621
5.7767629222691,0.703185422474261
5.835990855620069,0.7097860609384999
6.229188525255646,0.7536058519628879
