x,y
-6.138194246365484,-1.7685475626223919
-6.110297478049938,-1.7604614477782472
-5.960204539398715,-1.7169557368119837
-5.902585694247424,-1.7002544259715913
-5.879784492492026,-1.6936453043022572
-5.723230805747161,-1.6482668907177773
-5.598478748123443,-1.612106448992827
-5.578138726847044,-1.6062107213546664
-5.572598251964053,-1.6046047677299236
-5.560469897699281,-1.6010892614051004
-5.549805488025472,-1.5979980918333416
-5.43573939325259,-1.5649350670512692
-5.432883205324724,-1.5641071767616141
-5.416404850941183,-1.5593307860169718
-5.416349000674331,-1.5593145973435472
-5.331324630822355,-1.5346695627862292
-5.304993927440435,-1.5270373851423886
-5.28780348358571,-1.5220545892264306
-5.281424404554916,-1.520205559078586
-5.273435342254857,-1.5178898616284515
-5.260936117338327,-1.5142668553004552
-5.258741072973665,-1.5136306030786972
-5.250755032042603,-1.5113157813979856
-5.243170077798192,-1.5091172180943748
-5.205145377597438,-1.4980954363145071
-5.170981194090233,-1.4881926580331337
-5.136498988197398,-1.478197698266646
-5.1325601010904816,-1.4770559784393034
-5.130936094078672,-1.4765852462363236
-5.09585109694511,-1.4664155623174027
-5.08203008333641,-1.462409424329005
-5.069156745089919,-1.4586779780800625
-5.066837075325941,-1.458005602129564
-5.061194055529377,-1.4563699249921023
-5.022448770824572,-1.4451392756836103
-4.995829942812268,-1.4374235826725288
-4.986736020641241,-1.434787632220244
-4.982005227044275,-1.4334163715818677
-4.980042532132487,-1.432847467819209
-4.970557448439666,-1.4300981358830172
-4.969309623194277,-1.4297364431548298
-4.963650799257275,-1.428096185053253
-4.950697260554098,-1.4243414920218895
-4.938362985222379,-1.4207662977297242
-4.915846676499914,-1.4142397547217083
-4.905039096660951,-1.4111070860635822
-4.891837121449535,-1.4072803816037116
-4.890871140157209,-1.407000383735188
-4.88698066268326,-1.4058726958504462
-4.874388786698877,-1.402222833824807
-4.860545671671938,-1.3982102895529263
-4.845941971279896,-1.3939772831636623
-4.8383406708707675,-1.391773981785602
-4.829312158742136,-1.3891569909887436
-4.829025358301311,-1.3890738594490752
-4.826601606624754,-1.388371314473662
-4.8247180983616955,-1.3878253636325932
-4.813454322192823,-1.384560462599971
-4.811103823759176,-1.3838791506981596
-4.804871474719533,-1.382072651482433
-4.804212279937162,-1.3818815782851863
-4.801146432717646,-1.3809929164720613
-4.799517922629786,-1.380520879014305
-4.797365152128444,-1.3798968802302871
-4.789301794672958,-1.3775596476993734
-4.777978087335375,-1.3742773751093205
-4.759680147364828,-1.3689735620532877
-4.758032201859256,-1.3684958910749063
-4.745217853021474,-1.3647815434062742
-4.719910759208651,-1.357446067675632
-4.718170336031439,-1.356941591259971
-4.7106173638604965,-1.354752298231544
-4.697040265206256,-1.3508168610609492
-4.693049829806838,-1.349660199523926
-4.686562444579598,-1.34777977590667
-4.680787942308763,-1.3461059874591481
-4.672749386702337,-1.3437759439544898
-4.667851958103522,-1.3423563827478624
-4.664850336040783,-1.3414863371410208
-4.6629421127342505,-1.3409332224350317
-4.662199121757791,-1.3407178602003862
-4.653708189892677,-1.338256691601267
-4.649350629507564,-1.3369936157741407
-4.645781996986803,-1.3359592173781323
-4.637693707945655,-1.3336147582157094
-4.633993974144208,-1.3325423590018337
-4.633560957470236,-1.3324168454471612
-4.6268876195711055,-1.3304825218711904
-4.624752601298466,-1.3298636687211898
-4.624431702476645,-1.3297706534766556
-4.622031416318968,-1.329074910180864
-4.617863289061532,-1.3278667431520736
-4.612576448264558,-1.3263343075178278
-4.611724318342881,-1.3260873104344784
-4.606702768993982,-1.32463177177597
-4.6040638596171455,-1.323866861516723
-4.588278120949704,-1.3192912313103577
-4.58782333917584,-1.319159408956926
-4.582613037810008,-1.3176491589258057
-4.579859339400716,-1.3168509760921594
-4.576696039285814,-1.3159340667309647
-4.5751572558477385,-1.3154880373034772
-4.573024341493898,-1.3148697939921803
-4.570655848263857,-1.3141832661460493
-4.558158561328092,-1.310560821558211
-4.556646212375968,-1.310122454390625
-4.555834759822823,-1.309887247987464
-4.552007160652522,-1.3087777859122045
-4.550490172465275,-1.3083380740229797
-4.544297745064267,-1.3065431464327228
-4.543650125799298,-1.3063554284973478
-4.541529036030974,-1.305740612642429
-4.5412700742439505,-1.3056655503726193
-4.539289301937607,-1.3050914067238628
-4.536167238367006,-1.3041864501246956
-4.53464354112089,-1.3037447935578688
-4.523173283101892,-1.3004200420101453
-4.515411875376059,-1.2981703321687248
-4.515380975052032,-1.2981613754477896
-4.512092350357333,-1.2972081396944635
-4.509324115696717,-1.2964057434051122
-4.502681330671663,-1.2944802758387626
-4.499832792269314,-1.2936546028289422
-4.496598262804003,-1.29271704703655
-4.493689918030872,-1.2918740386430363
-4.493616617871023,-1.2918527919701628
-4.486868533220239,-1.2898968024144173
-4.484556287245035,-1.289226578312044
-4.480527503562502,-1.2880588011999896
-4.47565945768881,-1.286647756825387
-4.47276139376375,-1.2858077284228628
-4.472179153555071,-1.2856389611613286
-4.469465695251834,-1.2848524422636345
-4.464993036026026,-1.2835560040615634
-4.46300595048816,-1.2829800304691177
-4.462704152273867,-1.2828925516976373
-4.445315695805523,-1.2778523601465928
-4.439064226061312,-1.2760403186325153
-4.425547989238462,-1.2721225227798205
-4.422898042380205,-1.2713544132129928
-4.422055193323654,-1.2711101062670966
-4.4213540749819815,-1.270906881170699
-4.413030594768176,-1.268494249852602
-4.403427018847523,-1.2657105719394295
-4.402483039729147,-1.265436951587591
-4.400823752423994,-1.2649559930924292
-4.395302966366414,-1.2633557464406815
-4.390731210160963,-1.2620305841387776
-4.390683955463804,-1.2620168869641148
-4.383210761510252,-1.2598507183284697
-4.372483172337673,-1.2567412356432677
-4.3708718635769985,-1.256274184136053
-4.367524932336361,-1.2553040477359827
-4.366310058129218,-1.254951906145637
-4.365001485900432,-1.2545726053892146
-4.3615661638273675,-1.2535768481568637
-4.360292249785162,-1.2532075933697022
-4.359040955309691,-1.2528448950557594
-4.3529492564153465,-1.251079164477276
-4.352528295038846,-1.2509571452527972
-4.351151930513595,-1.2505581943244064
-4.350575277554998,-1.2503910465746857
-4.34979887209967,-1.2501659988700053
-4.348728298426372,-1.2498556840129766
-4.3450833521816765,-1.2487991654369914
-4.343985004343101,-1.2484808000026484
-4.339902186358102,-1.2472973605898454
-4.328310375835757,-1.2439373760183348
-4.324291391867837,-1.2427724394366568
-4.321725711921887,-1.242028755348894
-4.320387610881606,-1.2416408954160736
-4.319297318483125,-1.2413248649193471
-4.313912092264964,-1.2397639114365206
-4.313806735036188,-1.239733372750394
-4.310278189576161,-1.2387105939288536
-4.310235120239227,-1.2386981099163412
-4.307658772847864,-1.237951333779072
-4.306907024347548,-1.2377334331018781
-4.302077308861663,-1.2363334991152009
-4.301976364445334,-1.236304239520179
-4.300805147891281,-1.235964752470772
-4.298299185288097,-1.2352383779611775
-4.295767281423429,-1.2345044841569757
-4.290748353537974,-1.2330497053518745
-4.2898775206064,-1.2327972870425166
-4.288257741497267,-1.2323277803329777
-4.2836773862576125,-1.2310001255280953
-4.279042931229347,-1.22965678944075
-4.277991061854054,-1.2293518961830991
-4.274500367990687,-1.2283400889678096
-4.273277533194691,-1.2279856399332836
-4.2668381310860095,-1.2261191246298095
-4.26202059683048,-1.2247227214760399
-4.260155578268806,-1.2241821300316982
-4.2474563081045105,-1.220501138892374
-4.246390047072861,-1.2201920740910956
-4.242206657202806,-1.21897948306462
-4.240761760786338,-1.2185606675864504
-4.240353552026958,-1.2184423448161792
-4.2389844673338795,-1.2180455040088718
-4.238576237113317,-1.2179271750178942
-4.234437044469288,-1.2167273949321482
-4.2285805476572405,-1.2150298396715917
-4.224960440733189,-1.213980520983317
-4.223988060510945,-1.2136986683306978
-4.22388159456158,-1.2136678082725072
-4.223278863456651,-1.2134931015509445
-4.213150368455972,-1.2105572713914279
-4.2131206311653004,-1.2105486517855724
-4.209514386622315,-1.2095033512259943
-4.207213258343102,-1.208836349682075
-4.203371410284734,-1.2077227574457872
-4.203087707525563,-1.207640523795412
-4.19194331903256,-1.2044102282929765
-4.191707303064402,-1.2043418170633322
-4.190105710840167,-1.203877581976595
-4.1874649573620735,-1.203112137188962
-4.1865047697243405,-1.202833818660349
-4.183621184144105,-1.2019979869288393
-4.182676151680466,-1.2017240612559443
-4.182553412400254,-1.2016884842348197
-4.18060581684248,-1.2011239571479548
-4.179511808688463,-1.2008068496079796
-4.178890243709624,-1.2006266837283643
-4.177834539185388,-1.2003206788202723
-4.175064149173389,-1.1995176577840472
-4.175039885413709,-1.1995106247275618
-4.174676267497438,-1.1994052269912683
-4.173391606727164,-1.1990328571738504
-4.171367022906055,-1.1984460143860443
-4.168812403661273,-1.1977055363363034
-4.166026062008778,-1.1968978915818196
-4.165636675590177,-1.1967850246266243
-4.164747334580409,-1.1965272415938641
-4.164074875560773,-1.196332323644973
-4.162878353117424,-1.1959855014689749
-4.156591968641028,-1.194163339623717
-4.1547335860783,-1.1936246716799392
-4.154671499966568,-1.193606675494001
-4.151949161814839,-1.1928175826969254
-4.14960258232613,-1.192137406734535
-4.144091004984599,-1.1905398293072178
-4.1373226152524625,-1.1885779541514674
-4.136175961921199,-1.1882455869604678
-4.13595589288205,-1.1881817980834166
-4.134845349824401,-1.1878598977614174
-4.1336975833463505,-1.1875272079153825
-4.1290431845512945,-1.1861780909581217
-4.12781355120107,-1.185821671305005
-4.1273369057096625,-1.1856835115676518
-4.125257148761004,-1.1850806763809902
-4.117621227796281,-1.1828673399413299
-4.117477025496717,-1.1828255416820521
-4.116845646285791,-1.1826425310640476
-4.116742738739385,-1.182612702439128
-4.115401370843547,-1.182223895580523
-4.114876162883436,-1.182071659599836
-4.113476698119406,-1.181666012871359
-4.111491575804705,-1.1810906083357948
-4.110691585673468,-1.1808587244128188
-4.1102605505721375,-1.1807337852337785
-4.109543682626833,-1.180525994981221
-4.101141506204701,-1.1780905528998438
-4.097299506000205,-1.1769769165627102
-4.095386959798446,-1.1764225488288844
-4.092156960899018,-1.175486306259429
-4.0854354492784015,-1.173538019121802
-4.083981518864994,-1.1731165850630163
-4.080249227104848,-1.1720347486487401
-4.079050545612807,-1.1716873006541708
-4.072732924633327,-1.169856084643627
-4.068105716516659,-1.168514849135058
-4.066054681814148,-1.1679203393349893
-4.06394885002173,-1.167309946133765
-4.061047892188981,-1.1664690789075582
-4.060062315703125,-1.1661834012060344
-4.045552305373186,-1.1619775516757065
-4.044812845470307,-1.16176321295268
-4.043239719914959,-1.1613072291712996
-4.042739767458959,-1.161162313712631
-4.040622214020079,-1.160548522892787
-4.035485889391801,-1.1590597156463245
-4.029537079693628,-1.157335402712967
-4.029515089366825,-1.157329028630278
-4.026770127226868,-1.1565333780783766
-4.024312525450806,-1.1558210213645945
-4.020463626143073,-1.1547053852638878
-4.0195728290801265,-1.154447180181767
-4.017877501285253,-1.1539557750450586
-4.017188311607017,-1.1537560075729063
-4.016784538727513,-1.1536389705800303
-4.009698430793973,-1.1515850021095433
-4.006371164796661,-1.1506205658469997
-4.003946574742053,-1.1499177778606007
-4.0033559654742445,-1.1497465847563135
-4.001977839928704,-1.1493471233812596
-4.001425875298693,-1.1491871317529214
-4.000456024604282,-1.1489060123053936
-3.997202414726361,-1.1479629258936153
-3.99144083199589,-1.1462928822844183
-3.9881164698171707,-1.1453292877183168
-3.9865061128897525,-1.1448625121080425
-3.9860208422964813,-1.1447218523117788
-3.983064249219333,-1.1438648587382292
-3.980231055837119,-1.1430436336126117
-3.9769550704513676,-1.142094061470158
-3.975542059365522,-1.1416844882254382
-3.9753473962083374,-1.1416280634587015
-3.973742757182319,-1.1411629452306324
-3.9734926013406207,-1.1410904354387443
-3.9727221179747456,-1.1408671043019083
-3.9700133815192564,-1.1400819540718221
-3.9693354845296214,-1.139885459881216
-3.967749109715206,-1.1394256356897496
-3.965876854054813,-1.1388829465109782
-3.963936412587168,-1.1383204930978004
-3.9629947312079974,-1.1380475387651534
-3.9571747395431323,-1.1363605648310495
-3.9569882979715922,-1.1363065231606255
-3.956629448515825,-1.136202507603043
-3.9566090686938713,-1.136196600338841
-3.9522923600986286,-1.1349453657494073
-3.950776025764559,-1.13450584338507
-3.9487123947682097,-1.133907682442424
-3.9422306914581204,-1.132028905777033
-3.9400000144618836,-1.1313823251348691
-3.93891379809464,-1.1310674761103598
-3.9344409174737924,-1.129770973735059
-3.9305137714224236,-1.1286326571522238
-3.9296075815265024,-1.1283699903269433
-3.925660315392893,-1.1272258417676644
-3.9246403378123107,-1.126930192617134
-3.9238530780717142,-1.1267019987058309
-3.922410160031318,-1.1262837566767414
-3.9205700607581595,-1.125750388299477
-3.919557466663487,-1.1254568793149449
-3.9187511011105234,-1.1252231474219212
-3.9164659904017407,-1.124560788706611
-3.916359574073499,-1.1245299430315232
-3.915961705032288,-1.1244146173162373
-3.9159089202371944,-1.124399317195796
-3.9124010351833824,-1.1233825269681845
-3.9121647133129906,-1.1233140270701836
-3.9106817645448553,-1.1228841817952224
-3.910605968668352,-1.1228622117177143
-3.9104382697618885,-1.1228136027676896
-3.9102332586100146,-1.122754178546947
-3.9096927278739004,-1.1225975011297076
-3.908933897671344,-1.1223775477610713
-3.9079072229106466,-1.122079957376096
-3.9035060698573463,-1.1208042458444556
-3.8978308652073745,-1.1191592396543255
-3.897064600174817,-1.1189371312371699
-3.895693236597811,-1.1185396298760337
-3.8940999976839104,-1.1180778160671276
-3.89205161439457,-1.1174840748016492
-3.888710570143274,-1.1165156447953575
-3.8886726261589994,-1.116504646409773
-3.8882029180204176,-1.1163684975229613
-3.8876911945354764,-1.1162201701317427
-3.8855496446692244,-1.1155994237439495
-3.8848383450540402,-1.115393247519094
-3.8834847077309056,-1.1150008842629495
-3.882905974819819,-1.114833133621363
-3.877810785164761,-1.1133562496956884
-3.8777635692473407,-1.1133425637616614
-3.8769609637916305,-1.1131099217647102
-3.8729662747879448,-1.111952027284422
-3.8725924731077903,-1.1118436776978147
-3.872480706013327,-1.1118112810577665
-3.8702817371602545,-1.111173891289765
-3.8628089557063348,-1.1090078422206364
-3.8582205476835423,-1.1076778532482785
-3.8579194762364866,-1.1075905851364438
-3.857900159258957,-1.1075849859467106
-3.85687270663129,-1.1072871700903986
-3.85634615215666,-1.1071345438110605
-3.852268998454134,-1.1059527462385623
-3.8495388181190133,-1.1051613803181337
-3.8494174659801166,-1.1051262053716813
-3.848416355542653,-1.1048360250225657
-3.8470679105256016,-1.1044451668003672
-3.8429461729088734,-1.103250446202293
-3.83887864344823,-1.102071438297912
-3.838014485619829,-1.1018209548238094
-3.836999230644822,-1.1015266745605496
-3.8368788796884585,-1.1014917898153438
-3.8359781130811488,-1.1012306949762538
-3.8340181525511965,-1.1006625837973558
-3.83327839842286,-1.1004481597905855
-3.830104442133588,-1.0995281616468922
-3.830098670183674,-1.099526488598267
-3.8278219149968455,-1.0988665518018443
-3.8266696013045145,-1.0985325439071925
-3.82642752495676,-1.0984623760251335
-3.826326472371718,-1.0984330850764936
-3.8253579590546387,-1.0981523532791255
-3.824591019633767,-1.097930049384799
-3.823294675745367,-1.097554293116527
-3.820410226178484,-1.0967182109511613
-3.814666756100662,-1.0950534174479187
-3.8144060314843,-1.0949778442070779
-3.8138731938193358,-1.0948233966917438
-3.813724910780968,-1.0947804155957215
-3.8124729964087316,-1.0944175375994447
-3.8118522642076877,-1.094237613107535
-3.810060389731234,-1.0937182230965128
-3.808084684885592,-1.09314554829421
-3.807871975806745,-1.0930838927640605
-3.80727508761428,-1.0929108796602203
-3.8018562261808495,-1.091340176725042
-3.7983217561931113,-1.0903156806289076
-3.7980516460019764,-1.0902373868996347
-3.7970615538272834,-1.0899504002874112
-3.7940263444061277,-1.0890706190999315
-3.789572736877996,-1.0877797031939789
-3.785754587706738,-1.086672980281072
-3.7829063952917057,-1.0858474075586093
-3.7810237910817017,-1.0853017187649836
-3.7767030848355114,-1.0840493254225247
-3.7765653928521252,-1.0840094142335948
-3.7755409885941096,-1.0837124819730741
-3.7714797917249103,-1.0825353096240202
-3.769801878675745,-1.0820489522990222
-3.7697476328458466,-1.0820332286852539
-3.7694007007261905,-1.0819326674685954
-3.76878464343415,-1.0817540980387004
-3.7672065963685406,-1.0812966877158399
-3.7663190238090176,-1.0810394172833784
-3.765642686651695,-1.0808433752233944
-3.7650297435353663,-1.0806657084637366
-3.7629584734737307,-1.080065333273242
-3.7620370925872684,-1.079798263210543
-3.761740931098408,-1.0797124182917244
-3.7617257496538694,-1.0797080178212957
-3.7614214479217445,-1.0796198133839428
-3.760466649032638,-1.0793430568298128
-3.758016934713643,-1.078632986362342
-3.7576393549971496,-1.0785235416798666
-3.7572307386927872,-1.0784051007792252
-3.7566755705754566,-1.0782441805929244
-3.7548160570308564,-1.077705184824461
-3.750244236424203,-1.0763800038553224
-3.748714637359386,-1.0759366365963015
-3.748667794497678,-1.075923058795636
-3.7477884151997416,-1.0756681632495193
-3.7464116275675563,-1.0752690896799961
-3.7449965124725564,-1.0748589065703824
-3.742931426007446,-1.0742603237477741
-3.74146690469737,-1.073835819827785
-3.7386914995829645,-1.0730313451216018
-3.737968174174484,-1.0728216831185877
-3.7377705726493002,-1.0727644066409705
-3.7369083912011654,-1.0725144960374464
-3.736862408921317,-1.0725011676837302
-3.7343474540926596,-1.0717721867013335
-3.7339422953428847,-1.0716547480022078
-3.7318962832937923,-1.0710616940608217
-3.731050618672847,-1.0708165709997113
-3.730282119068547,-1.0705938148729888
-3.7299774225054225,-1.0705054959905225
-3.7272421118562997,-1.0697126430050785
-3.723563067295206,-1.0686462407429516
-3.723041049163716,-1.0684949293611383
-3.7229921128443184,-1.0684807447540101
-3.722925855505699,-1.0684615395025892
-3.7197030843710412,-1.0675273919620396
-3.7192431575625724,-1.0673940782767015
-3.717259285077099,-1.0668190360147367
-3.716913861875742,-1.0667189121708414
-3.7164495288501653,-1.066584321306112
-3.7157312885469658,-1.066376133263982
-3.7085484763567123,-1.0642941342446925
-3.70852989033861,-1.0642887469297475
-3.706725449202015,-1.0637657143657253
-3.706179085609472,-1.063607346245591
-3.7045029525931112,-1.0631215048781948
-3.7018706408696542,-1.0623585070047243
-3.7018451983180305,-1.0623511322653985
-3.7007607858858638,-1.062036806126767
-3.699968865378168,-1.0618072612526002
-3.6965546012324686,-1.0608176078390545
-3.6964402898796225,-1.06078447372414
-3.695826947195613,-1.0606066911464016
-3.6928751403509197,-1.0597510849029133
-3.6925724626487657,-1.0596633512044182
-3.6922673270303625,-1.059574905058057
-3.6894949867503253,-1.0587713187201033
-3.687494056025754,-1.0581913319828924
-3.684908808962455,-1.057441976200249
-3.6840869585475007,-1.0572037558886753
-3.6805945293332853,-1.0561914456672272
-3.680039620167707,-1.0560306005402873
-3.6798651823585393,-1.0559800382621718
-3.6770028266679406,-1.0551503601941903
-3.6751848592908734,-1.054623406934673
-3.674335085274748,-1.0543770927305243
-3.672766327296922,-1.0539223749285238
-3.671248707785032,-1.053482480044498
-3.6696294314651188,-1.053013119072678
-3.6686269581163007,-1.0527225436721497
-3.667953785517778,-1.0525274188863674
-3.6674624182321516,-1.0523849919121286
-3.666583017187407,-1.052130090062515
-3.66537659738316,-1.051780399052537
-3.6644131247280627,-1.0515011283337863
-3.6639626262326948,-1.0513705475249462
-3.6628496720289925,-1.0510479483118185
-3.66204561970329,-1.0508148869273315
-3.660742018890143,-1.0504370271778867
-3.658704389133078,-1.0498464029149215
-3.6584726528724487,-1.0497792321947934
-3.658223847272459,-1.049707113781914
-3.6579576590011236,-1.0496299568543506
-3.6576763106264196,-1.0495484056422768
-3.6575053790627114,-1.0494988596791388
-3.655336622673443,-1.0488702272499546
-3.6538710683893636,-1.0484454239136913
-3.6536013196577883,-1.048367234956537
-3.6532516585563646,-1.0482658827213724
-3.652836364505052,-1.0481455062191547
-3.6524847200693418,-1.04804357909773
-3.6521028565965743,-1.0479328927321745
-3.650427050488228,-1.0474471461218386
-3.6500428136520906,-1.047335771816786
-3.6492767699971758,-1.0471137275678175
-3.6492574702555354,-1.0471081333740528
-3.6482486913280305,-1.0468157302480745
-3.647410399842646,-1.046572744352826
-3.6464931628603434,-1.0463068754358857
-3.645699257696183,-1.0460767552922137
-3.6452865687089107,-1.0459571338898974
-3.6449946016007466,-1.0458725047478896
-3.6448812536699666,-1.0458396498890308
-3.644691794081792,-1.0457847334208947
-3.6433421128164905,-1.0453935168616584
-3.641899312445048,-1.0449753089399128
-3.641264854801206,-1.0447914060120242
-3.639809569466072,-1.0443695792176881
-3.6391799063228167,-1.0441870660164492
-3.638681305305003,-1.044042542283598
-3.6386321064680938,-1.0440282815835429
-3.63791339659153,-1.0438199574315918
-3.637504683223197,-1.0437014883961362
-3.6368149310438134,-1.0435015578782565
-3.636161306398257,-1.0433120992323965
-3.63593200347688,-1.0432456338362839
-3.634549662428599,-1.0428449505620159
-3.6340189070406193,-1.042691106612322
-3.6320028071153887,-1.0421067229536742
-3.631070583736706,-1.0418365101026672
-3.629696446149219,-1.0414382046710708
-3.6292378524374476,-1.0413052773951137
-3.6284361538193775,-1.0410728982527422
-3.6284062248226667,-1.0410642230792655
-3.625770582325332,-1.0403002597527435
-3.621631861632247,-1.0391006164659806
-3.620741406602149,-1.0388425105249817
-3.6206729513679594,-1.0388226681948922
-3.620037775889751,-1.0386385571966261
-3.619351478402173,-1.0384396280504602
-3.619250702588258,-1.0384104173262783
-3.619240940597286,-1.038407587730419
-3.6180850398197486,-1.0380725400887039
-3.6177868389997103,-1.0379861040524514
-3.6172855380123705,-1.0378407977105386
-3.616692288308601,-1.0376688392534992
-3.6157104312119452,-1.0373842396484736
-3.615146784248381,-1.0372208617966956
-3.6149582305302514,-1.0371662079026733
-3.6133709143214574,-1.036706110840064
-3.6120069468130462,-1.0363107532921234
-3.610414105204829,-1.035849054645639
-3.6099702536145046,-1.035720400498588
-3.6094189558927385,-1.0355606021792598
-3.6087167114961316,-1.0353570506862912
-3.6073771876839293,-1.0349687783509651
-3.6066014738633987,-1.0347439311224955
-3.6034363968904977,-1.0338265067239436
-3.602897130613936,-1.0336701958210273
-3.6020389654578957,-1.0334214493738225
-3.601596077173689,-1.0332930744492177
-3.598448153911499,-1.0323806221991685
-3.5978179195123037,-1.0321979434145514
-3.59744250556113,-1.0320891264975185
-3.594649667136688,-1.0312795985985974
-3.5944204445245127,-1.0312131564807878
-3.594073866822558,-1.0311126979951049
-3.5935383111471144,-1.0309574626413864
-3.5921435635728174,-1.0305531832303523
-3.592102826085453,-1.0305413751242105
-3.591563952275301,-1.0303851779810107
-3.5911767099659984,-1.0302729325140765
-3.590767579535483,-1.0301543425896105
-3.5902390373970268,-1.0300011401690587
-3.590105826848757,-1.0299625279620965
-3.589285178397159,-1.0297246560497937
-3.585653129203203,-1.0286718757933244
-3.5841374098782293,-1.0282325316945888
-3.583030189885557,-1.0279115945911503
-3.58226035278359,-1.027688450779388
-3.5817617782781426,-1.0275439347313706
-3.581127528980399,-1.0273600921943657
-3.5810651151280783,-1.0273420010100385
-3.579955939631337,-1.0270204970871641
-3.579833679475756,-1.0269850589443763
-3.579081453456812,-1.0267670198543593
-3.578632481390776,-1.0266368814940046
-3.5773323251440483,-1.0262600201813443
-3.5749670610335964,-1.025574428322907
-3.5736316729820503,-1.0251873547728758
-3.5734588338867384,-1.0251372558955274
-3.5733743735154024,-1.0251127743407225
-3.5714877413148933,-1.024565917999894
-3.571445895115633,-1.024553788524208
-3.569213941980882,-1.023906837982475
-3.5686758263068348,-1.0237508605914536
-3.568290033789542,-1.0236390353590268
-3.567993842603806,-1.0235531818323171
-3.5677884730275577,-1.0234936537192307
-3.565663309273443,-1.0228776569849851
-3.565659554276531,-1.0228765685672898
-3.5632542317546485,-1.0221793654386284
-3.5621883216339287,-1.0218704023518586
-3.558203521301156,-1.0207153741866843
-3.557550123560796,-1.0205259813112197
-3.5548265880147185,-1.0197365414392394
-3.5539040437675875,-1.0194691341665858
-3.5535370952320786,-1.019362771022065
-3.5534623074256326,-1.0193410931422107
-3.5513883100779564,-1.0187399274247317
-3.5512139519732395,-1.0186893882496268
-3.5506981506481714,-1.0185398788618698
-3.5475132623660492,-1.017616711987352
-3.5473553885360167,-1.0175709509190416
-3.545743427292189,-1.017103710284052
-3.543148519364861,-1.0163515542180515
-3.5420736788728786,-1.0160400025874472
-3.541309659562612,-1.0158185451119401
-3.5381260011305997,-1.014895734719905
-3.5365136799397296,-1.0144283897512136
-3.536258552817087,-1.01435443899139
-3.5358314958705503,-1.0142306529142497
-3.534107705966184,-1.0137309977937632
-3.533627186982651,-1.0135917152918732
-3.5333157408621907,-1.0135014399929814
-3.532299124934928,-1.01320676524617
-3.529842340420438,-1.012494645422584
-3.528054972505601,-1.0119765616766596
-3.5272371327168117,-1.0117395038790875
-3.5270755056748446,-1.0116926549104728
-3.5267246243604435,-1.0115909489862303
-3.5257741979101884,-1.011315459820577
-3.525178539958385,-1.0111428033124241
-3.5249220215364763,-1.0110684492727113
-3.524272380628361,-1.0108801453469283
-3.5232353856492997,-1.0105795635591512
-3.5200721181745394,-1.009662663658979
-3.518902019056188,-1.009323500507785
-3.518473100715452,-1.0091991748897522
-3.517787298832804,-1.0090003893988773
-3.517564584457252,-1.008935833748639
-3.5158538482300465,-1.0084399623471652
-3.5149730970454307,-1.0081846691480618
-3.5142559898275607,-1.0079768095403228
-3.5134674452666026,-1.0077482432129437
-3.511066424860627,-1.007052287089057
-3.507758239346237,-1.0060933814662794
-3.5075896681442202,-1.006044519673992
-3.5075053745999107,-1.0060200864754154
-3.506734775457906,-1.0057967217798858
-3.50599381151298,-1.0055819470975187
-3.504348884289069,-1.0051051509936708
-3.503505459803913,-1.0048606772549138
-3.5025032360959485,-1.0045701742149036
-3.5016992395419044,-1.004337128996305
-3.501384231383091,-1.0042458212103924
-3.499581948958964,-1.0037234143674836
-3.4962186121541925,-1.0027485226755393
-3.495554877876311,-1.0025561336670266
-3.495313428298871,-1.0024861474596576
-3.495058568404045,-1.0024122741580832
-3.4944228794301035,-1.0022280143187245
-3.493945700055231,-1.0020896998307225
-3.493440909512565,-1.0019433820116093
-3.4928093373855154,-1.0017603154752306
-3.4915873377305333,-1.0014061085134092
-3.4910428184798787,-1.0012482749914098
-3.490749534496214,-1.0011632641418722
-3.4893745265492577,-1.0007647064292031
-3.487944131684233,-1.000350094348684
-3.4869417422230105,-1.0000595432636865
-3.4867320527079393,-0.9999987629797016
-3.4860446296113516,-0.9997995075662198
-3.485946535252594,-0.9997710740845527
-3.485808789692323,-0.9997311473659081
-3.4853035863020767,-0.9995847098794228
-3.4849282554208605,-0.9994759170409213
-3.4840198779461167,-0.9992126161273702
-3.4825662549525416,-0.9987912711768303
-3.4815731610551826,-0.9985034144898395
-3.4813273740668635,-0.9984321710471487
-3.4805132260164973,-0.9981961833312623
-3.479804881558176,-0.9979908636836814
-3.4777264759926942,-0.9973884202068921
-3.4738829699943166,-0.9962743474026339
-3.4735813058030622,-0.9961869074788674
-3.4730662700211608,-0.9960376199902881
-3.4711246309655257,-0.9954748194460763
-3.4698096706771198,-0.9950936670564061
-3.468823717481618,-0.9948078801623976
-3.4688158156312907,-0.9948055897440773
-3.468234112269573,-0.9946369780921875
-3.465102666736826,-0.9937293020517386
-3.4643090765539046,-0.9934992732080494
-3.4640933638817857,-0.9934367470609216
-3.463950091104607,-0.993395218231589
-3.4613600183464857,-0.9926444636803822
-3.460035922986374,-0.9922606634127182
-3.4599142432968955,-0.9922253935229521
-3.4591200525852215,-0.9919951906109119
-3.4582771241519494,-0.991750860657
-3.4567667926598977,-0.9913130782673223
-3.4561426581880115,-0.9911321675983598
-3.455135048438087,-0.9908401033684171
-3.453930430456233,-0.9904909346319377
-3.4513099130415554,-0.9897313554388756
-3.450045711258736,-0.9893649158324516
-3.449745789482752,-0.9892779809625254
-3.449450649010013,-0.9891924319938878
-3.449185858319494,-0.9891156801669745
-3.445339966997886,-0.9880009159565519
-3.4451921171028257,-0.98795806041079
-3.4443476764522694,-0.9877132921278755
-3.4435431137498806,-0.9874800828063783
-3.4430152523513673,-0.9873270777040708
-3.4417700250567544,-0.9869661380139456
-3.4395776761501273,-0.9863306670935545
-3.439452063348025,-0.9862942571577438
-3.4380117109344304,-0.9858767587973378
-3.436657822647468,-0.9854843227972001
-3.4359380858867468,-0.9852757009941682
-3.4354589537286766,-0.9851368204753979
-3.43450977486871,-0.9848616929343685
-3.4342876186932,-0.984797299083146
-3.432093140183164,-0.9841612108791487
-3.429584481594281,-0.9834340549152389
-3.427131000428241,-0.9827228925952121
-3.4255598671265,-0.9822674862854328
-3.424027055184073,-0.9818231877465933
-3.4238493422625647,-0.9817716761493949
-3.4235058442139548,-0.981672110327348
-3.4225509740348374,-0.9813953331092033
-3.4224601089737146,-0.9813689951007556
-3.422268837835364,-0.9813135535394404
-3.419494843611763,-0.9805094877919203
-3.416764617411149,-0.9797181085769895
-3.41670648606614,-0.9797012587137197
-3.415573410430897,-0.979372827133042
-3.415176645139871,-0.9792578213491061
-3.4142947403749666,-0.9790021937749744
-3.4142132792224724,-0.978978581569182
-3.4136970981742256,-0.9788289621154418
-3.413181581995537,-0.9786795353797806
-3.4121690639083804,-0.9783860484266711
-3.410379628304016,-0.9778673653434045
-3.4098189302097723,-0.9777048422464039
-3.409354108787852,-0.9775701098158529
-3.4087913651045683,-0.977406993787524
-3.4060135769712523,-0.976601828343103
-3.4058623456254784,-0.9765579926551791
-3.4041590386775757,-0.976064274693307
-3.403687210054026,-0.9759275111659471
-3.4014346828840356,-0.9752745970656442
-3.4009636430724015,-0.9751380621821069
-3.400311910944882,-0.9749491520986471
-3.4002167231495024,-0.974921561109021
-3.39970893200665,-0.9747743735405003
-3.3996332473291617,-0.9747524356949697
-3.399327671915174,-0.9746638620701289
-3.3977842487152246,-0.9742164877683195
-3.397640898475978,-0.9741749364859495
-3.396869298425553,-0.9739512816686278
-3.3962032302521354,-0.9737582161607037
-3.3952285251183745,-0.9734756896127672
-3.394200460413978,-0.973177696340825
-3.393258383955328,-0.9729046274910416
-3.3931679332767586,-0.9728784095948906
-3.3930721904831667,-0.9728506577343266
-3.392644227539744,-0.972726609046306
-3.3922067778066753,-0.9725998105318645
-3.391451670069942,-0.9723809361515108
-3.3908178829857727,-0.9721972275910298
-3.3896579136405727,-0.9718610006404784
-3.389291326884298,-0.971754742360736
-3.3882269501097886,-0.9714462237273669
-3.3869113628932244,-0.9710648896172542
-3.3866267572539117,-0.970982394259414
-3.3859779151514164,-0.9707943218742137
-3.385461517169944,-0.9706446395405381
-3.385078038355483,-0.9705334849544962
-3.3834732872092332,-0.9700683342274272
-3.381942540918514,-0.9696246344352508
-3.38187096747399,-0.9696038882654554
-3.381419361078266,-0.9694729863223033
-3.379646101676193,-0.9689589920484349
-3.379407523573106,-0.9688898381622557
-3.3791866335498724,-0.9688258113160062
-3.378884841731028,-0.9687383343983007
-3.3782686442876284,-0.968559724344346
-3.377860262747708,-0.9684413514921693
-3.376830375043501,-0.9681428298082739
-3.3756316444478194,-0.9677953675805984
-3.3750378886092607,-0.9676232624160983
-3.373090670287129,-0.9670588446741837
-3.368507880955828,-0.9657304843271979
-3.3677592930608884,-0.9655134997782726
-3.366431693059303,-0.9651286836605604
-3.366350183100617,-0.9651050573078797
-3.365398798363624,-0.9648292903746896
-3.3652640665447002,-0.9647902372145292
-3.363709923978098,-0.9643397558134017
-3.363279917092965,-0.964215114671545
-3.3631081522181145,-0.9641653271661066
-3.3624241828967585,-0.9639670728586613
-3.3601923722420515,-0.9633201636159769
-3.3596616435178723,-0.963166327395012
-3.35916237879038,-0.9630216112802827
-3.3582937424926875,-0.9627698296838809
-3.357064534704206,-0.962413533383444
-3.3544095595223333,-0.9616439663143792
-3.35439529615701,-0.9616398319569954
-3.3539649516656587,-0.9615150929571137
-3.353010676968265,-0.9612384883443963
-3.352963666308897,-0.9612248619061563
-3.3527353282462555,-0.9611586761825297
-3.3522921856429493,-0.9610302275413776
-3.3522700033833583,-0.9610237978253429
-3.3502873839509872,-0.9604491187714448
-3.349590904121189,-0.9602472381870464
-3.3493925254261185,-0.9601897364401475
-3.348101023705689,-0.95981538371532
-3.3475322165129153,-0.9596505101273503
-3.3473349673041324,-0.9595933357716298
-3.34731620368333,-0.9595878969770355
-3.3472351790010606,-0.9595644112858392
-3.3451196043783202,-0.9589511940426323
-3.3447797164537536,-0.9588526746456509
-3.3442497094354406,-0.9586990476172506
-3.3440981047673035,-0.9586551037186746
-3.3436692397448184,-0.9585307935553888
-3.342365290479538,-0.9581528328041384
-3.341503196688875,-0.9579029476088758
-3.3409629615127545,-0.9577463558622068
-3.3395921719636132,-0.9573490208879138
-3.339525346478739,-0.9573296509544831
-3.3390824935054813,-0.9572012862650561
-3.3384912297245686,-0.9570299034445959
-3.337140496975674,-0.9566383821039246
-3.3370350487081404,-0.9566078170294416
-3.3348346569237792,-0.9559700148127406
-3.333673391754663,-0.9556334122566392
-3.3334785002566822,-0.9555769213033862
-3.333007096149524,-0.9554402808257021
-3.331865903402481,-0.9551094964313407
-3.3310333343976057,-0.9548681692455911
-3.3307152256336625,-0.9547759627229904
-3.3305480015302162,-0.9547274913986463
-3.3301699529431064,-0.9546179108100472
-3.329878008249993,-0.954533288165232
-3.329025639313821,-0.9542862218015047
-3.3283454988439747,-0.954089077319136
-3.327478680772056,-0.9538378227508924
-3.32489046242153,-0.9530876057154511
-3.3220495993299437,-0.9522641574595374
-3.3215364034065487,-0.9521154032695476
-3.3196669754607258,-0.9515735337278215
-3.319298084170818,-0.9514666074594649
-3.319292400430462,-0.951464959979128
-3.317023811462477,-0.9508073902304821
-3.3161973239738947,-0.9505678258237977
-3.3160771934919193,-0.9505330049849625
-3.315412913910764,-0.9503404579156718
-3.314809163857801,-0.9501654558433816
-3.3146323766294676,-0.9501142125661994
-3.3121368825434714,-0.9493908724450786
-3.3108763797141463,-0.9490255050116896
-3.308583403311695,-0.9483608663583729
-3.308560515526798,-0.9483542321398459
-3.3079253797128785,-0.9481701326386098
-3.306420224025065,-0.9477338504996786
-3.30630619730125,-0.9477007988869028
-3.305781386974892,-0.9475486781637306
-3.3044119995680585,-0.947151749612275
-3.3041482473450703,-0.947075298793981
-3.3040120244415565,-0.947035813430309
-3.303558291962882,-0.9469042952239857
-3.3032952905076067,-0.9468280620220793
-3.3021759344902506,-0.9465036071889801
-3.3018288489090564,-0.946403001490193
-3.3001600102461692,-0.9459192744530032
-3.2990895139474463,-0.9456089820236511
-3.2984445083193585,-0.9454220216730882
-3.2979819582308934,-0.9452879476077991
-3.297128970550505,-0.9450407018958138
-3.2970340224878156,-0.9450131803947406
-3.296876713494778,-0.944967583049223
-3.2968674640977276,-0.9449649020330582
-3.2950230855811156,-0.9444302932807931
-3.2949819183425353,-0.9444183606076175
-3.2939985074035314,-0.9441333106082113
-3.292926832829161,-0.9438226766456719
-3.2924075543765325,-0.9436721593830073
-3.2923193640059516,-0.943646596656293
-3.2920471665113307,-0.9435676979044052
-3.2912502961556123,-0.9433367182748171
-3.290729905537496,-0.9431858786415552
-3.2893203871415637,-0.9427773177826226
-3.2892897636475795,-0.9427684413032225
-3.2873729806575813,-0.9422128455004
-3.287276322273037,-0.9421848282480345
-3.286237354206009,-0.9418836745439798
-3.284272620016792,-0.9413141796794662
-3.2841362517518538,-0.9412746521815527
-3.28305532301576,-0.9409613358217681
-3.2819774239708104,-0.9406488976436509
-3.281151435037771,-0.940409477747518
-3.280565260924333,-0.9402395702103328
-3.280508960206094,-0.9402232509697548
-3.2791462859667853,-0.93982826828683
-3.2775845581416694,-0.9393755882342039
-3.2769450974779457,-0.9391902351385801
-3.2747318941151287,-0.9385487193772288
-3.2735614795171437,-0.9382094647815884
-3.272808577588621,-0.9379912297734487
-3.2727466786095696,-0.9379732878295042
-3.2722832889818827,-0.9378389704166528
-3.2715629015120897,-0.9376301600000791
-3.2714008689142813,-0.9375831934776651
-3.2711846759082146,-0.9375205281016694
-3.2704166833940884,-0.9372979189593333
-3.2702504741879572,-0.9372497418115819
-3.2697692754204315,-0.9371102622685372
-3.26870855732096,-0.9368028041331511
-3.267710400891859,-0.9365134800284078
-3.266791377616402,-0.9362470933392497
-3.2645266822109993,-0.9355906521727333
-3.2637033496360823,-0.9353520022445267
-3.262298083966918,-0.9349446740745082
-3.261819952058685,-0.9348060834866347
-3.260887609558812,-0.9345358361073408
-3.258257044009109,-0.9337733443771394
-3.2580437280824603,-0.933711512947009
-3.256304059715336,-0.9332072553194524
-3.2556937946296864,-0.9330303648096947
-3.255443576862461,-0.9329578370681673
-3.254288872368833,-0.9326231361794868
-3.253617011123112,-0.9324283915004339
-3.252059390662868,-0.9319769020023438
-3.250580145294947,-0.9315481301893371
-3.2497254541588743,-0.9313003907162778
-3.248300459076016,-0.9308873438084067
-3.2477608781080614,-0.9307309416895215
-3.2477086054237354,-0.9307157900087288
-3.246626644696206,-0.9304021745174753
-3.2462300709687057,-0.9302872242598519
-3.2454640799085057,-0.9300651952559076
-3.245279745051802,-0.9300117642346428
-3.2450318601237895,-0.9299399126863428
-3.2449629594307052,-0.9299199412362156
-3.244846838609117,-0.9298862826314431
-3.244254406634746,-0.9297145612002036
-3.2442373483109255,-0.9297096167003998
-3.2432224151480686,-0.9294154297171207
-3.24275297573372,-0.9292793587223065
-3.2411559382857367,-0.9288164438760877
-3.240519270477673,-0.928631900313359
-3.239447917262614,-0.9283213594995405
-3.239251891703533,-0.9282645398290617
-3.2390579563785282,-0.9282083260306535
-3.2384804797306774,-0.9280409395276179
-3.238376360945147,-0.9280107598147669
-3.23832854250167,-0.9279968992334535
-3.2373904294705156,-0.9277249792167368
-3.2361966066518084,-0.9273789395498324
-3.235701195860204,-0.9272353405310991
-3.2356803761756217,-0.9272293057689842
-3.234830179135084,-0.9269828689476229
-3.234722665459487,-0.9269517051970995
-3.2345929846571284,-0.9269141161169203
-3.2339864444801365,-0.9267383053035219
-3.233075455690505,-0.926474247478208
-3.231002173042389,-0.9258732889224566
-3.2306474667115626,-0.9257704742847697
-3.2304330040123044,-0.9257083104528743
-3.2301467626530407,-0.9256253409677364
-3.2297197192240366,-0.9255015588087672
-3.2295931305894987,-0.9254648660196505
-3.2287890181893677,-0.9252317872220812
-3.2286034927377636,-0.9251780110967889
-3.228569336070054,-0.9251681104970251
-3.225928814887413,-0.9244027330421989
-3.225487447513583,-0.9242747989663633
-3.225372351984875,-0.9242414375514261
-3.22400396485894,-0.923844798939871
-3.2223429736264237,-0.9233633465469155
-3.220850704730313,-0.9229307997538316
-3.220126850001374,-0.9227209843227941
-3.2195579168027653,-0.9225560742109646
-3.218474589363817,-0.9222420625668175
-3.2159652846872437,-0.9215147193289122
-3.2159542964124124,-0.9215115342842783
-3.214515715036738,-0.9210945492742311
-3.2141966528412356,-0.9210020663914085
-3.2138999504972134,-0.9209160647011354
-3.2132648821222647,-0.9207319847476572
-3.2131504917453295,-0.9206988277269406
-3.2116927219181632,-0.9202762807815217
-3.2111838263572405,-0.9201287730880587
-3.211068956140672,-0.9200954769817555
-3.211006980415351,-0.9200775127922542
-3.210773885494193,-0.9200099482528512
-3.210374967020202,-0.9198943183505754
-3.2102385864416885,-0.9198547872834675
-3.210140100098346,-0.9198262401817445
-3.208171688226793,-0.9192556793098214
-3.206666036244613,-0.9188192533157598
-3.2062202912485263,-0.9186900503489934
-3.2060061818751002,-0.9186279889315867
-3.2054216415445587,-0.9184585549602273
-3.205353156421163,-0.9184387039664983
-3.20389991870032,-0.9180174706905269
-3.203487622145449,-0.9178979630380693
-3.2032390738631786,-0.917825919210913
-3.2028992001769323,-0.9177274039410295
-3.202132560179125,-0.917505186837017
-3.201155888274577,-0.917222090203891
-3.2010766683503697,-0.9171991276371221
-3.1993923652493566,-0.9167109181014119
-3.1993009309774867,-0.9166844151024027
-3.1976920909433617,-0.9162180791765118
-3.197409398485046,-0.9161361383704061
-3.1968981290328324,-0.9159879425844237
-3.1964289274730255,-0.9158519405337653
-3.195907524092525,-0.9157008073427391
-3.1958983408715924,-0.9156981455082833
-3.1956773067574553,-0.9156340768960638
-3.1945359995886466,-0.9153032593355837
-3.1933368598420935,-0.9149556785120585
-3.193294350760083,-0.914943356894186
-3.192182361309142,-0.9146210373228263
-3.191942399699725,-0.9145514824156062
-3.1910602242247137,-0.9142957763738546
-3.191036277948431,-0.9142888353426242
-3.1909864962678247,-0.9142744057003815
-3.1905098476287828,-0.9141362450506605
-3.189770757856424,-0.9139220136131034
-3.189476360557673,-0.9138366800597479
-3.1893331535434886,-0.9137951702923768
-3.188231946321998,-0.9134759760416502
-3.187651253898605,-0.9133076574188059
-3.1876108867156723,-0.9132959566485432
-3.185987892833382,-0.9128255181097453
-3.185686588059587,-0.9127381823661771
-3.1848194452251954,-0.9124868336627767
-3.1839126408545106,-0.9122239887267762
-3.1833632606689375,-0.912064746221573
-3.182336044939401,-0.9117669990321926
-3.182249284469832,-0.9117418507744111
-3.1819799149081733,-0.9116637717228719
-3.181424944205881,-0.9115029087589934
-3.18065897028803,-0.9112808847239044
-3.1806096657125758,-0.9112665933746358
-3.1794954649056737,-0.9109436328229998
-3.179056828054234,-0.9108164902122324
-3.1787885294169613,-0.9107387215772069
-3.1782718894934425,-0.9105889691145779
-3.177469816081585,-0.9103564813350491
-3.175001268587598,-0.9096409519121129
-3.1749509300140017,-0.9096263608497153
-3.1749401785313807,-0.909623244441311
-3.174849413275627,-0.9095969353622959
-3.1742015999669193,-0.9094091611816983
-3.17414043790189,-0.9093914328385322
-3.1741222400637326,-0.9093861580408351
-3.1726599639030293,-0.9089623048964295
-3.1710506662681115,-0.9084958363310687
-3.1703486183779908,-0.9082923417971718
-3.1698023856790796,-0.9081340116176664
-3.1697155493944833,-0.9081088413842562
-3.1694838355961754,-0.9080416771750228
-3.1690694982423344,-0.9079215779796792
-3.1689278507078398,-0.9078805202407196
-3.166862433128397,-0.9072818414418145
-3.1668505513421845,-0.90727839740533
-3.1667948164966173,-0.9072622421877445
-3.1666819772018746,-0.9072295347613537
-3.1653628596359327,-0.9068471773495386
-3.165182001047814,-0.9067947539542001
-3.1651265535043946,-0.9067786820135781
-3.1650722724430427,-0.9067629481876742
-3.1647897496251427,-0.9066810565532819
-3.1640161226574133,-0.9064568142167921
-3.16400360090463,-0.9064531846805708
-3.1638756634125413,-0.9064161009136555
-3.1637777945794663,-0.9063877328025196
-3.162089576236987,-0.905898388400872
-3.1607291897649246,-0.9055040688466824
-3.1597435955417987,-0.9052183860038605
-3.159576227542834,-0.9051698729701803
-3.1595717911438905,-0.9051685870423285
-3.159060721252486,-0.9050204491007385
-3.1590395610881563,-0.9050143156476822
-3.1581466520457595,-0.9047554983904096
-3.15780318755531,-0.9046559422954796
-3.1577624280151575,-0.9046441277971502
-3.1575109105053683,-0.9045712233142196
-3.157251548206379,-0.9044960449526207
-3.1571733745610664,-0.9044733856586611
-3.156463961270755,-0.9042677562010646
-3.1564348318964135,-0.9042593128049123
-3.155769520421377,-0.9040664666324298
-3.1550636451810123,-0.9038618627086112
-3.1550133629514967,-0.903847287978023
-3.1547725196457623,-0.9037774775036487
-3.1541437637429803,-0.903595227273754
-3.153352095652777,-0.9033657555649375
-3.151941253672156,-0.9029568110537596
-3.1508824410077354,-0.9026499052248802
-3.150382634111252,-0.9025050319578716
-3.149643229844418,-0.9022907093614243
-3.1490432783412756,-0.9021168083310092
-3.1474619615867407,-0.9016584502610887
-3.146803582165588,-0.9014676134032042
-3.145555351390515,-0.9011058031288
-3.144148971550935,-0.9006981520070394
-3.144095976404945,-0.9006827909146071
-3.1437724951528314,-0.9005890271307548
-3.1435796043613946,-0.9005331160992585
-3.143067457328115,-0.9003846659389623
-3.1409198954338677,-0.8997621769138764
-3.1404675832507354,-0.899631070392259
-3.1396787368295294,-0.8994024165681274
-3.139391515300091,-0.8993191629723529
-3.1392094656846723,-0.8992663943476524
-3.1390139153204677,-0.899209712416438
-3.13885020628551,-0.8991622599645008
-3.138470198627404,-0.8990521115225614
-3.137466427466888,-0.8987611599403076
-3.1366600086841876,-0.8985274126181937
-3.13608053475884,-0.89835944718734
-3.1358290640244917,-0.8982865562626678
-3.135115094191856,-0.8980796060526419
-3.1348684551071058,-0.8980081156225754
-3.1347110994079532,-0.8979625047388939
-3.1342546484110003,-0.8978301985469961
-3.1341926632831107,-0.8978122316320807
-3.133993550108443,-0.8977545169900427
-3.1339394190210554,-0.8977388266353641
-3.133174819973721,-0.8975172011181525
-3.1310285199055774,-0.8968950778440621
-3.13071887941252,-0.8968053259215838
-3.1300363055668297,-0.8966074761045928
-3.12989373350587,-0.8965661503837983
-3.129316531953173,-0.8963988436194252
-3.128413047761504,-0.8961369610654655
-3.1275402496596483,-0.8958839731348378
-3.1247130256736657,-0.8950644782893349
-3.1246722946371763,-0.8950526720530336
-3.1229338834595834,-0.894548778832523
-3.1216768685268725,-0.8941844223955429
-3.1215049082387,-0.894134578247896
-3.120935326934432,-0.8939694802771458
-3.1197522790450782,-0.893626563814879
-3.1174293700230966,-0.8929532489379803
-3.1174264774034697,-0.8929524104876543
-3.116940610114718,-0.8928115777341459
-3.116829038136903,-0.8927792376503125
-3.1152681806565585,-0.8923268098744983
-3.114809400843305,-0.8921938286554489
-3.1142793590117637,-0.8920401915361396
-3.112575828433911,-0.8915464087532301
-3.1117232924344345,-0.8912992939647872
-3.1115700131734454,-0.8912548646712732
-3.1114646646695405,-0.8912243285141241
-3.1112977001817343,-0.8911759324415749
-3.1111015689160015,-0.8911190821311263
-3.111004255455268,-0.8910908749993729
-3.1107957652894207,-0.8910304423569302
-3.109638782830432,-0.8906950811806742
-3.1094951474653314,-0.8906534472521581
-3.1085733491569356,-0.8903862561961722
-3.1062005814475873,-0.8896984893559687
-3.105942547245908,-0.8896236959546364
-3.105711656513289,-0.8895567703179719
-3.1050677271801974,-0.8893701219406402
-3.1046945398831207,-0.889261950438178
-3.103972812709999,-0.8890527516972346
-3.103360583400243,-0.8888752918404639
-3.1030705462160397,-0.8887912221032808
-3.102254946338838,-0.8885548135630754
-3.1017924972998325,-0.8884207687878292
-3.0999098124900586,-0.8878750566316767
-3.099164711726386,-0.8876590828573179
-3.098671406345251,-0.887516094109662
-3.09826432262238,-0.8873980974407616
-3.0982384916757892,-0.8873906101218614
-3.097457289419872,-0.8871641720238566
-3.0973996166266278,-0.8871474550757041
-3.0964059467879514,-0.8868594314472389
-3.0946243544523724,-0.8863430218019357
-3.0938380945098496,-0.8861151176905822
-3.092121940876544,-0.8856176760080137
-3.091620913088821,-0.8854724488553267
-3.0914625099003947,-0.885426534347997
-3.0914268762280948,-0.8854162056259287
-3.0909334103527275,-0.8852731703576584
-3.09050504145565,-0.8851490040005292
-3.09036959310871,-0.8851097431486477
-3.089511137918382,-0.8848609126325451
-3.0890363557871394,-0.8847232930059366
-3.08877512607671,-0.8846475733592971
-3.087632891951772,-0.8843164871127225
-3.0871372361665403,-0.8841728170805092
-3.0869792612684583,-0.8841270267167676
-3.0853162240358594,-0.8836449812733393
-3.085196870167299,-0.8836103855424877
-3.0844989716895164,-0.8834080937509414
-3.0841977126641673,-0.8833207712679481
-3.0837295965264477,-0.8831850838360857
-3.0836450162962703,-0.8831605675391787
-3.08339819218183,-0.8830890234766877
-3.083112698182922,-0.8830062706202861
-3.081758900057763,-0.8826138607543117
-3.0773809519440416,-0.8813448753711723
-3.0766198199208588,-0.8811242548003089
-3.075545121707825,-0.8808127444104643
-3.075474270311385,-0.8807922075324286
-3.0754208926936886,-0.8807767355773293
-3.0751588176686284,-0.8807007709090762
-3.0745904345212645,-0.880536020234264
-3.0716659749092745,-0.8796883408180634
-3.0716626489455354,-0.8796873767592712
-3.070041170559054,-0.8792173774997842
-3.0687922068905,-0.87885535478999
-3.0673745724160817,-0.8784444414168888
-3.0670949094672997,-0.87836337873981
-3.0639463912517435,-0.8774507540374825
-3.0634970194327864,-0.8773204998053545
-3.0630967170575403,-0.8772044687675649
-3.0625636654605284,-0.8770499592422127
-3.061548558963977,-0.8767557220166922
-3.061232249541543,-0.8766640370484855
-3.0600092433987993,-0.8763095383476518
-3.0597780286142604,-0.8762425187817904
-3.059711511097026,-0.8762232381153912
-3.0592876643810825,-0.8761003825508087
-3.0578171434084007,-0.8756741395777401
-3.057298502392069,-0.8755238070813911
-3.056170796345211,-0.8751969319214374
-3.0558653981012873,-0.8751084096508421
-3.055822093457669,-0.8750958574326919
-3.054754118428798,-0.8747862958147852
-3.0544469526285645,-0.8746972612030055
-3.054352242995466,-0.8746698088127709
-3.0523308805294933,-0.8740838997620659
-3.0493480942196323,-0.8732193138579118
-3.045998710413482,-0.8722484665609307
-3.0459430928344737,-0.8722323453340515
-3.044924740084903,-0.871937167154567
-3.0445759802280357,-0.8718360761527795
-3.042890046351104,-0.8713473939228416
-3.0417453322088033,-0.8710155888222053
-3.0409235676849664,-0.8707773934069005
-3.0402135636659073,-0.8705715927215674
-3.03971778325692,-0.8704278865661017
-3.0393846952369183,-0.8703313381791173
-3.0379286638033034,-0.8699092951218097
-3.037727413128792,-0.8698509609073173
-3.0373009224543654,-0.8697273389689493
-3.0368552295728692,-0.8695981511080388
-3.036721190161561,-0.8695592986480973
-3.0361578832874523,-0.8693960193741321
-3.0360026687247728,-0.8693510291170128
-3.0358808045482957,-0.8693157057521257
-3.034271201035728,-0.8688491485255345
-3.0339647974030703,-0.8687603348344894
-3.0338389111809785,-0.8687238456455766
-3.031012303874034,-0.8679045295497216
-3.030589778142464,-0.8677820568836614
-3.0305162723234558,-0.8677607505987364
-3.0295206258592637,-0.8674721540286048
-3.029438687374014,-0.8674484034638656
-3.029184962271833,-0.867374859091562
-3.028834388555415,-0.8672732423272029
-3.027941464109163,-0.8670144206049923
-3.027327887544273,-0.8668365702348975
-3.026626397649778,-0.8666332374407639
-3.0261631096147856,-0.8664989494754163
-3.0261521005464034,-0.8664957584035955
-3.025843103063342,-0.8664061928630165
-3.0250465897395875,-0.8661753167221704
-3.0248195515435596,-0.866109507775904
-3.023756494659445,-0.8658013717239577
-3.023519746258023,-0.8657327481923209
-3.0233417545582735,-0.8656811557888855
-3.0227673321789004,-0.8655146545914665
-3.022465324475909,-0.8654271150979103
-3.0224429474528747,-0.8654206289280397
-3.0207677086732136,-0.8649350467627337
-3.0201219326951843,-0.8647478631197085
-3.019750202442446,-0.8646401139539026
-3.018633463215869,-0.8643164176197995
-3.0184590208105697,-0.8642658540094563
-3.0183758499043623,-0.8642417462170526
-3.0182593063441794,-0.864207965077914
-3.018138677286966,-0.8641729997228187
-3.017640608238245,-0.8640286301857198
-3.01664012143076,-0.8637386306010413
-3.0164268841945763,-0.8636768219800097
-3.0161305442511974,-0.8635909253346361
-3.016111186939987,-0.8635853144538435
-3.015575764028237,-0.8634301175828072
-3.0151592381055523,-0.8633093840122266
-3.015000040841771,-0.863263239335422
-3.014448902424741,-0.8631034871919223
-3.014224356697257,-0.8630384007087977
-3.0140481926626186,-0.8629873380695923
-3.01401797871833,-0.8629785803016441
-3.0138942293839213,-0.8629427105077454
-3.012270750417798,-0.8624721313632855
-3.0118726185886437,-0.8623567294766861
-3.0106036963233573,-0.861988921598392
-3.010262983025358,-0.861890162959922
-3.0102567712273,-0.8618883624175826
-3.0099722526095847,-0.8618058922836904
-3.009771389352203,-0.8617476703653384
-3.009254828534121,-0.8615979408320911
-3.008733946320556,-0.8614469587057201
-3.007741441517012,-0.8611592727725668
-3.0076742325109618,-0.861139791672271
-3.007138356305037,-0.8609844634100741
-3.0070227179796802,-0.860950944660926
-3.0047022722973935,-0.8602783438039261
-3.0042454450414313,-0.8601459285501636
-3.0014205328346235,-0.8593271037934571
-3.0011756670122716,-0.8592561273585329
-2.9997503913366184,-0.858842999118461
-2.998578567973663,-0.8585033361803482
-2.99776686058625,-0.8582680559113143
-2.9956559122999202,-0.8576561796509445
-2.995516076835894,-0.8576156471559757
-2.9953607707459033,-0.8575706303688893
-2.994479987455782,-0.8573153278637329
-2.9938428396892567,-0.8571306451809741
-2.993662656528057,-0.857078417563855
-2.9935283735712126,-0.8570394945101747
-2.993395260730632,-0.8570009106246153
-2.9930940659244354,-0.8569136067560876
-2.9915004189063463,-0.8564516746547226
-2.9898970517260812,-0.8559869250819294
-2.9882614244087007,-0.8555128246348467
-2.9878843864135876,-0.8554035369749071
-2.9878490026348663,-0.8553932806866116
-2.98711733990454,-0.8551812020401646
-2.985319591235487,-0.8546601093446078
-2.9852019609040834,-0.8546260131956158
-2.9843936328208898,-0.8543917124465643
-2.984321081974975,-0.8543706829686881
-2.9829482521944573,-0.8539727566160309
-2.9824330852642733,-0.8538234311130102
-2.982379920793009,-0.8538080209402115
-2.982165562433999,-0.8537458873522219
-2.981512306892893,-0.8535565356944166
-2.9799384539304374,-0.8531003410679188
-2.9785094920005664,-0.8526861443358043
-2.9780751801889114,-0.8525602553744922
-2.976708016829744,-0.8521639714821112
-2.975131799479457,-0.8517070915177516
-2.97510139349819,-0.8516982780862568
-2.974952834364802,-0.851655216961752
-2.97411779387336,-0.8514131733946642
-2.9738174368813834,-0.8513261123736924
-2.973370992386785,-0.8511967066513513
-2.9732159757665144,-0.8511517737695178
-2.9711381755451964,-0.8505495057568675
-2.971004627935839,-0.8505107958498914
-2.9703897008817925,-0.8503325540290632
-2.9701133953096757,-0.8502524645160792
-2.9699235906931603,-0.850197448038553
-2.9697339928751822,-0.8501424915033358
-2.9686326308134,-0.849823252370838
-2.968072076894863,-0.8496607710643886
-2.968061319102339,-0.8496576528270059
-2.9673320901089455,-0.8494462796198456
-2.9647614813623164,-0.8487011668774129
-2.9638411201280555,-0.8484343923695505
-2.963779981413123,-0.8484166707946077
-2.962678825697385,-0.8480974914732604
-2.962457205315188,-0.8480332529262722
-2.9610686050027697,-0.8476307553512192
-2.9607024710381236,-0.8475246283169697
-2.9605092767986516,-0.8474686293284874
-2.9591138682057627,-0.8470641583156095
-2.9572285663378572,-0.8465176875829667
-2.9570562500202704,-0.846467740237175
-2.9562196785289703,-0.8462252528967966
-2.9559266064932688,-0.8461403034821733
-2.955317726153587,-0.8459638143527759
-2.9547223824844817,-0.8457912489421278
-2.9546658101626084,-0.8457748509749337
-2.9541265923543754,-0.8456185541209733
-2.953196218009468,-0.8453488772280848
-2.9527728171921512,-0.8452261509110002
-2.9525453239835637,-0.8451602100754849
-2.9513543079834283,-0.8448149839887436
-2.9513418165298115,-0.8448113632349925
-2.951155859790277,-0.8447574620972369
-2.9507072127992897,-0.8446274179626416
-2.9505605786215994,-0.8445849148028681
-2.9498521811012477,-0.8443795797748073
-2.9497813414846754,-0.8443590463112667
-2.9496280170832057,-0.8443146039334013
-2.9494852986981734,-0.8442732357993332
-2.9494573571649365,-0.8442651367089973
-2.9493351791796827,-0.8442297223839752
-2.948840697733744,-0.8440863927439635
-2.948728550505507,-0.8440538859189177
-2.9472832944460294,-0.8436349661951723
-2.947275827380249,-0.8436328018028398
-2.9471781357224702,-0.843604485047466
-2.946054314372333,-0.8432787358997966
-2.9453721754689663,-0.8430810121545267
-2.94460278435289,-0.8428579976155559
-2.943719017659314,-0.8426018303456111
-2.9430215965445146,-0.842399676921773
-2.9411492128920416,-0.8418569506434121
-2.9411052814210223,-0.8418442167340245
-2.9405156247053874,-0.8416732997350622
-2.94047607382518,-0.8416618355770662
-2.9403032792952266,-0.8416117496173652
-2.9377768853472643,-0.8408794529092414
-2.9375587281206963,-0.8408162181872776
-2.9373657081555766,-0.840760269713694
-2.937206598854599,-0.840714150533654
-2.937102590136742,-0.8406840027248514
-2.936619612671338,-0.8405440076111448
-2.935178698965974,-0.84012634655556
-2.9346695437271073,-0.8399787635922429
-2.933949907858033,-0.8397701710335106
-2.933137499689365,-0.8395346876370875
-2.932620200390875,-0.8393847440490321
-2.931681855422788,-0.8391127568034291
-2.9308212087676138,-0.8388632910726586
-2.9306176371476718,-0.8388042841124532
-2.9305942334135473,-0.8387975003416672
-2.9305695012503103,-0.8387903315144394
-2.9304318306254626,-0.8387504265164627
-2.930000895597143,-0.8386255163444336
-2.9292884958797014,-0.8384190212456102
-2.9287805665343436,-0.8382717936179216
-2.928561808043266,-0.8382083846143418
-2.9283490963690677,-0.838146728331908
-2.9272645169602267,-0.8378323537936714
-2.9268596550441583,-0.8377150011343129
-2.926859417242557,-0.837714932205502
-2.9264323444689295,-0.8375911415407451
-2.9261519596464876,-0.8375098696224648
-2.9260421801174905,-0.8374780490951204
-2.9249630955024304,-0.8371652672694541
-2.924577172180317,-0.8370534041221407
-2.924512377987107,-0.837034622975823
-2.924453798065841,-0.8370176430889213
-2.9241959957219277,-0.8369429168935287
-2.923885066905485,-0.8368527915395927
-2.923709826716089,-0.8368019966847646
-2.92337375939005,-0.8367045847206624
-2.9232238791256724,-0.8366611406551376
-2.922634375173641,-0.8364902679360011
-2.9219308285269574,-0.8362863389748059
-2.9209504623108877,-0.8360021715141595
-2.920521974194842,-0.8358779706004014
-2.920158460429735,-0.8357726030532058
-2.9198984915077317,-0.8356972488567826
-2.9198964498654734,-0.835696657069462
-2.9180990813724743,-0.8351756745711583
-2.9180705047285254,-0.8351673913885966
-2.917872349839571,-0.8351099545137988
-2.917813199595638,-0.835092809314036
-2.917766023645538,-0.8350791349648756
-2.9176017094478066,-0.8350315071013776
-2.9173200671296686,-0.8349498706873071
-2.916040124911264,-0.8345788685821591
-2.9155630747144907,-0.8344405915375244
-2.9149103534660896,-0.8342513947489902
-2.914308110603669,-0.8340768295486587
-2.9142526350926725,-0.8340607495013974
-2.9136254498204845,-0.8338789545320986
-2.9132821402093074,-0.833779443330239
-2.9131211312623804,-0.8337327735217126
-2.9124792886157747,-0.8335467299881527
-2.911955900432107,-0.8333950214850985
-2.9116400522853656,-0.8333034702215625
-2.910463539541448,-0.8329624480266147
-2.91022435622341,-0.83289311871375
-2.9099958242321207,-0.8328268767782605
-2.9080399280204174,-0.8322599436764702
-2.907933468906922,-0.8322290855997139
-2.90726215569745,-0.8320344997736147
-2.9070457649852943,-0.8319717770908328
-2.9069909427719107,-0.8319558864074239
-2.9068795514530197,-0.8319235986891116
-2.906863019879863,-0.8319188068724543
-2.9061884167439342,-0.8317232674332751
-2.905913923848398,-0.8316437033399688
-2.905515856496448,-0.8315283201426331
-2.9045666567023383,-0.8312531865336648
-2.9044757153110448,-0.8312268264002698
-2.9042976565820906,-0.831175214567851
-2.9041406562446084,-0.8311297066887633
-2.903998332237689,-0.8310884528685352
-2.903488054566668,-0.8309405445587408
-2.9027300208417026,-0.8307208220558875
-2.9027220022851004,-0.8307184978092639
-2.902693874870736,-0.8307103448397066
-2.9017464305062672,-0.8304357200569048
-2.90040588401919,-0.8300471512905943
-2.899927525919942,-0.8299084951393374
-2.8997505617466897,-0.8298572005731699
-2.89952069288859,-0.8297905711354994
-2.8992781964172365,-0.8297202814770528
-2.898173019922466,-0.829399936698809
-2.89733228353683,-0.8291562421284917
-2.8970178059553575,-0.8290650881349204
-2.8968720242782893,-0.8290228320796806
-2.8954708065762054,-0.8286166772472447
-2.8951010090274414,-0.8285094882920738
-2.894663850815022,-0.8283827742773644
-2.894562253354497,-0.8283533253919457
-2.893435348864026,-0.8280266825699076
-2.8910523233745504,-0.8273359424251545
-2.890978555713251,-0.8273145602430214
-2.890970189776916,-0.8273121353054365
-2.890695229640711,-0.8272324357784604
-2.890097710142776,-0.8270592396853764
-2.8893925850113034,-0.8268548531869802
-2.8892334067862318,-0.8268087140287073
-2.8885727076742986,-0.8266172047887808
-2.8864609876460348,-0.8260051048324675
-2.886034600480441,-0.8258815128970127
-2.885889267001676,-0.8258393867558516
-2.885506533135785,-0.8257284480994695
-2.885343225311101,-0.8256811119417322
-2.884657354926857,-0.8254823065950891
-2.8836615941051904,-0.8251936768774737
-2.8833075794330236,-0.8250910627229138
-2.8830576640140673,-0.8250186226195964
-2.8827854171472733,-0.8249397095567659
-2.8822139939079494,-0.824774077685521
-2.882056421439544,-0.8247284039694336
-2.8820263689888383,-0.8247196930117695
-2.8808233349287247,-0.8243709833884378
-2.8803306173581755,-0.8242281650226642
-2.8802502424052387,-0.8242048676610241
-2.8799531277169526,-0.8241187464492696
-2.879531717919973,-0.8239965972463124
-2.8793324106832996,-0.8239388263537566
-2.87800762190159,-0.8235548250919629
-2.8774021928562337,-0.8233793363494908
-2.8769834862622705,-0.8232579706928493
-2.8769764603996935,-0.8232559341870065
-2.876849411534056,-0.8232191079960032
-2.8768377021358438,-0.8232157139276424
-2.874635547531827,-0.8225774007427165
-2.874476893770501,-0.822531413604707
-2.874155254664615,-0.8224381837825596
-2.873855344503398,-0.822351252279272
-2.8722535254953243,-0.8218869514573162
-2.8712753624342917,-0.8216034225998392
-2.8706272688058383,-0.821415567166186
-2.8703568784346114,-0.8213371922243378
-2.8702681065835396,-0.8213114609505725
-2.8701412615711903,-0.8212746938481732
-2.8699180296734665,-0.8212099881897452
-2.868824988902497,-0.8208931610539487
-2.8687659648778734,-0.8208760524399232
-2.8685718999550276,-0.8208198010764822
-2.8684010463358898,-0.8207702777062387
-2.868244216178714,-0.8207248191553553
-2.8681341624794943,-0.8206929191574472
-2.8677219115664805,-0.8205734247346694
-2.8661587402040136,-0.8201203262605017
-2.863190469785018,-0.8192599479104006
-2.8629190113205856,-0.81918126337268
-2.8628658219669307,-0.8191658459875089
-2.862569653097797,-0.8190799989294562
-2.8620807387362412,-0.8189382829560585
-2.8620445674718,-0.8189277984083492
-2.860421013063683,-0.8184571973963877
-2.8595733406613784,-0.8182114923628256
-2.8574638435425297,-0.8176000367356555
-2.857157414611118,-0.817511215711552
-2.856684205953951,-0.8173740521697461
-2.856177241028708,-0.8172271040874057
-2.855649093348765,-0.8170740160039982
-2.855352246107408,-0.8169879723140041
-2.85533897203593,-0.8169841247118301
-2.8546604355493703,-0.8167874451576178
-2.854595081975168,-0.816768501869976
-2.854151317358136,-0.8166398729328714
-2.853938060482174,-0.816578058619083
-2.8534378948491503,-0.8164330813692462
-2.853319632121237,-0.8163988019147637
-2.8518198098259737,-0.8159640657048866
-2.851701617692645,-0.8159298067128431
-2.8499295043817425,-0.8154161446432187
-2.84939820820285,-0.8152621439406933
-2.8492738617522497,-0.8152261010676032
-2.8486464223103134,-0.8150442324250475
-2.8480345331890193,-0.8148668711747875
-2.8480256718794807,-0.8148643026490789
-2.8473475549291973,-0.8146677447010138
-2.8468296736482124,-0.8145176324203971
-2.846038091049107,-0.8142881854919002
-2.845876482505256,-0.8142413418851213
-2.8458004028869275,-0.8142192895626392
-2.8452868330053924,-0.8140704269777115
-2.845058285820124,-0.8140041806381182
-2.8444841598872035,-0.8138377653682172
-2.8441244908111165,-0.8137335122367351
-2.843145896491916,-0.8134498583754213
-2.8416406698956984,-0.813013555683088
-2.8413750685921553,-0.8129365688931158
-2.8403008679730277,-0.812625202735084
-2.840203456695263,-0.8125969672502344
-2.8399791103394967,-0.8125319385566931
-2.8395565964760183,-0.8124094693306994
-2.839374706038513,-0.8123567468450663
-2.8390224211529125,-0.8122546340838104
-2.8389511945190677,-0.8122339884400314
-2.838902850547956,-0.8122199755300767
-2.8384766598223803,-0.8120964405344264
-2.838263450985903,-0.8120346401452903
-2.8379663791486442,-0.8119485313542698
-2.8379239881198366,-0.8119362439551192
-2.8374672345300054,-0.81180385005411
-2.8373933014597004,-0.8117824199267738
-2.837325240976705,-0.8117626920186656
-2.8363611842150735,-0.8114832519916828
-2.8353488926844004,-0.8111898307078913
-2.8346558086778546,-0.810988934431657
-2.8341468055324643,-0.8108413955539238
-2.833828203734938,-0.8107490461213582
-2.8316100092793297,-0.81010608364944
-2.831463253984362,-0.8100635453827967
-2.830899705549471,-0.8099001960903904
-2.8303014132368185,-0.8097267759904077
-2.830132887111744,-0.809677927264054
-2.8299837703477113,-0.8096347045055783
-2.8299464547828888,-0.8096238882727012
-2.828795745539137,-0.8092903454410747
-2.8285341578219647,-0.809214522023145
-2.8285075224148217,-0.8092068015245324
-2.8283497535159765,-0.8091610708714163
-2.8281019307581032,-0.8090892373436582
-2.8264492456815775,-0.8086101925604479
-2.826024788166626,-0.8084871599505936
-2.8258680432202015,-0.8084417260987695
-2.825666558356547,-0.8083833240025682
-2.82496481086809,-0.8081799165426407
-2.8248522483020913,-0.8081472893284227
-2.8246926659103915,-0.8081010330190252
-2.8244314448488006,-0.8080253158793254
-2.824402273578696,-0.8080168603393303
-2.824271653107762,-0.8079789988882469
-2.8241395684915918,-0.8079407130422513
-2.8241131153850256,-0.8079330453850069
-2.824037332974889,-0.8079110792108393
-2.8235371503855395,-0.8077660970460676
-2.8230745457362723,-0.8076320071658669
-2.8210096417479544,-0.8070334772357044
-2.8207358574807766,-0.8069541185443363
-2.8199378567368845,-0.8067228112621507
-2.818562170157721,-0.8063240568421823
-2.8184770830609067,-0.806299393625683
-2.8183662299694823,-0.8062672619171658
-2.8173190615387274,-0.8059637312681505
-2.8172178993948926,-0.8059344085629658
-2.8168099300900766,-0.8058161552006293
-2.816376170296768,-0.8056904262465157
-2.8155200032844494,-0.8054422589782118
-2.8151511761067702,-0.8053353512933281
-2.8151417180696114,-0.8053326098010591
-2.814878965368184,-0.8052564487025646
-2.8145105640959702,-0.8051496644699916
-2.8143632908470018,-0.8051069760699892
-2.814316052248746,-0.8050932835617297
-2.8137046763561755,-0.804916071075167
-2.8134977796494263,-0.8048561003103554
-2.812990954378748,-0.8047091927080745
-2.8129292993455963,-0.8046913214739178
-2.8124404909737786,-0.8045496362225444
-2.8117978863807234,-0.8043633718323453
-2.81071333517617,-0.804049005469361
-2.809085193285373,-0.8035770747366455
-2.8085555370641018,-0.8034235493897426
-2.8077283914074997,-0.8031837942074769
-2.807629301041635,-0.803155072024704
-2.8065532229232444,-0.8028431616575906
-2.8060321367426013,-0.8026921204096327
-2.805709550952134,-0.8025986161829313
-2.8056010085066023,-0.802567154234719
-2.805396619849273,-0.8025079104492987
-2.8053883408549356,-0.8025055107125891
-2.8052473054299285,-0.802464630398755
-2.8051368420109184,-0.8024326116400915
-2.8048106677435363,-0.8023380672629283
-2.804355646942149,-0.8022061756253422
-2.8037703087742094,-0.8020365103940481
-2.8028090480252503,-0.801757880815047
-2.8027905534332285,-0.8017525200007263
-2.8019447774648305,-0.8015073646646127
-2.8018677562668106,-0.8014850394172728
-2.8003239148058925,-0.801037543878975
-2.7999218522543767,-0.8009210026391687
-2.799736388203997,-0.8008672443115421
-2.799650698853548,-0.8008424065267201
-2.799421587484417,-0.8007759966536501
-2.798941340579054,-0.8006367930159246
-2.798653694955698,-0.8005534164929324
-2.798442255539774,-0.800492128985347
-2.7981930856977937,-0.8004199049938383
-2.7970084606937213,-0.8000765313914973
-2.7965751348565893,-0.7999509282232611
-2.7942805386534175,-0.7992858200569706
-2.7942580341146526,-0.7992792969255846
-2.793628603385722,-0.7990968510916086
-2.7933984279634188,-0.7990301327937042
-2.793031517574196,-0.798923780706208
-2.792491303540967,-0.7987671950879849
-2.792361332645673,-0.7987295219219086
-2.7919257442722456,-0.7986032629383422
-2.79099420112776,-0.7983332472589852
-2.7901017261370056,-0.7980745558152618
-2.789842049423817,-0.797999286318041
-2.788819966370856,-0.7977030268784882
-2.7872984813619426,-0.7972620115473732
-2.7867408188704275,-0.7971003683455637
-2.7844442017417212,-0.7964346743968709
-2.784328433824006,-0.7964011180842783
-2.783229632185512,-0.7960826211121814
-2.7829523264308356,-0.7960022416878016
-2.7817585143226946,-0.7956562051254457
-2.7813362464778053,-0.7955338072100262
-2.780398947962775,-0.7952621232877144
-2.77914925364089,-0.794899888791857
-2.7786836063292246,-0.7947649169701605
-2.7784396638099134,-0.7946942081624515
-2.7781765046545734,-0.7946179292498441
-2.7780972673465563,-0.7945949616442309
-2.7776321740818117,-0.7944601504177322
-2.7768656244572782,-0.7942379595091795
-2.775932395211935,-0.7939674550991918
-2.773977360593988,-0.7934007717376577
-2.7732697385645233,-0.7931956614922064
-2.7727356102312553,-0.7930408398657203
-2.772430732508861,-0.7929524684727038
-2.7721082138655007,-0.7928589837091611
-2.772090479662902,-0.7928538433001622
-2.771977686918298,-0.7928211493667241
-2.7714555089783377,-0.7926697916630705
-2.7714256898459957,-0.7926611483347126
-2.7712110465456625,-0.7925989321540645
-2.7704234211210697,-0.7923706322461543
-2.7701844766413375,-0.792301372162598
-2.7701842037497104,-0.7923012930626461
-2.7700927597178415,-0.7922747872346181
-2.769617454210133,-0.7921370159029029
-2.7692917659589598,-0.7920426124016589
-2.7686488063828594,-0.7918562451166145
-2.7673395782064647,-0.7914767542282157
-2.7652308596056843,-0.7908655242611087
-2.7648048652270973,-0.7907420461782984
-2.764069803527062,-0.7905289823116601
-2.7632503537702116,-0.7902914578511941
-2.7632489522713692,-0.7902910516148709
-2.7629017081635103,-0.7901903999657858
-2.7617975284456744,-0.7898703441117885
-2.7617120614768624,-0.7898455707861696
-2.761687175968886,-0.7898383575106684
-2.7606425403380137,-0.789535561015176
-2.7585788789440033,-0.7889373912615096
-2.758049417021915,-0.7887839222338722
-2.7579885550408973,-0.7887662808726013
-2.757983692341265,-0.7887648713778799
-2.757616670085705,-0.7886584868649771
-2.757562740381005,-0.7886428548827782
-2.7570724300290887,-0.7885007342697372
-2.7552683992062947,-0.7879778206386496
-2.7551207306972882,-0.7879350176691737
-2.754257182366187,-0.7876847108630314
-2.752717420006128,-0.7872383976867059
-2.752610026132187,-0.7872072686617084
-2.752357905559034,-0.7871341893757484
-2.752053231890037,-0.7870458771293396
-2.751908716410171,-0.7870039880920958
-2.7518524836135665,-0.7869876885391793
-2.75134543270535,-0.786840715533945
-2.750606556190851,-0.7866265459109874
-2.7505957835201533,-0.7866234233610396
-2.750325300897653,-0.7865450216793775
-2.7497870485716045,-0.7863890046786151
-2.748278488821738,-0.7859517358434331
-2.7471848734403927,-0.785634742151947
-2.747058094899844,-0.7855979943169629
-2.746325297066264,-0.7853855866512129
-2.745649745452029,-0.785189772287554
-2.745373039565243,-0.7851095667399688
-2.744849500540199,-0.7849578145142626
-2.744656849575451,-0.7849019729985653
-2.744571819555177,-0.7848773263261855
-2.7436755381702262,-0.7846175315668285
-2.7427801307540687,-0.7843579901347366
-2.7427618971826075,-0.7843527049794388
-2.742652595095461,-0.7843210228426631
-2.7416955135436414,-0.7840436046393899
-2.7401457266464404,-0.7835943857659717
-2.7397108959179195,-0.7834683463922059
-2.739521744238718,-0.7834135191740965
-2.739398990515391,-0.783377937966512
-2.738894895260468,-0.783231821682447
-2.738204107596011,-0.7830315910204384
-2.737744254084844,-0.7828982985809445
-2.737429347768107,-0.782807020314821
-2.7366126615329245,-0.7825702968845434
-2.7366125421765157,-0.7825702622880766
-2.735452920716192,-0.7822341361749061
-2.7353175160184477,-0.7821948879751142
-2.73518793358985,-0.782157327409404
-2.735010734288952,-0.7821059646894946
-2.7347410312612714,-0.7820277889800014
-2.734678141644513,-0.7820095598913177
-2.7336122526055067,-0.7817006029152611
-2.7332012042272806,-0.7815814570573885
-2.7328343488467355,-0.7814751209146236
-2.7324624098629378,-0.78136731124635
-2.732207666992099,-0.7812934718651703
-2.732012687229871,-0.7812369553277769
-2.7317398789265095,-0.7811578795277967
-2.7314915596270777,-0.7810859020732575
-2.730357174496369,-0.7807570909242152
-2.7302108440492763,-0.780714675803331
-2.7298129449281334,-0.7805993413691212
-2.7296374913460304,-0.7805484846606074
-2.729084236448404,-0.7803881190372606
-2.728651843436453,-0.7802627862563127
-2.727580350377796,-0.7799522049076417
-2.7273970596622505,-0.7798990765395453
-2.7272282148260474,-0.779850135432069
-2.7271727727422865,-0.779834065073975
-2.7260294190187455,-0.7795026543022521
-2.724604086438549,-0.7790895095679156
-2.724514202429624,-0.7790634559257661
-2.7242708901180235,-0.7789929297891061
-2.723764481913144,-0.7788461430768836
-2.7237554543146736,-0.7788435263509184
-2.7227497023035294,-0.7785520006023137
-2.720873613110012,-0.7780082002414601
-2.7193379599831924,-0.7775630781612328
-2.719327260410103,-0.7775599767992469
-2.718353304146003,-0.7772776673175319
-2.7179091013561387,-0.7771489113723162
-2.717434520786347,-0.7770113501700029
-2.716579648530353,-0.7767635581977987
-2.716559596855175,-0.7767577460497221
-2.716195295803612,-0.7766521503008719
-2.7159690595138737,-0.776586573793943
-2.7150912781364496,-0.7763321414186364
-2.7146644635924053,-0.7762084256039135
-2.7140848814801326,-0.7760404288141622
-2.7136599609323877,-0.7759172619903263
-2.7131487672106194,-0.7757690881554555
-2.7129832179420394,-0.775721102296199
-2.711873573549551,-0.7753994624599165
-2.7115603365205274,-0.7753086680509915
-2.7107037335078163,-0.775060374404277
-2.710337046334469,-0.7749540870177947
-2.708587675562706,-0.774447017065983
-2.7085212961848857,-0.7744277764404643
-2.7083984394640077,-0.7743921653781665
-2.708102873006838,-0.7743064929343295
-2.7077664029374087,-0.7742089642316408
-2.7074041123910804,-0.7741039512447807
-2.7068416816087204,-0.7739409259134375
-2.7066360991691867,-0.7738813361001227
-2.7058459212029535,-0.7736522963163743
-2.7034099837470267,-0.7729462191894831
-2.7032172429720296,-0.772890351641524
-2.7027671765058687,-0.7727598960600135
-2.7022879465307668,-0.7726209871881471
-2.702015690104178,-0.772542071354329
-2.701651997350886,-0.7724366519258905
-2.70093171668657,-0.77222787246779
-2.700869601355392,-0.7722098678123472
-2.700345041007967,-0.7720578195476888
-2.700019006791774,-0.7719633157655501
-2.6995287752657267,-0.7718212180008559
-2.6992928149920203,-0.7717528229147201
-2.6986817166064903,-0.7715756908659261
-2.6978579052176155,-0.7713369021494336
-2.6961781674505665,-0.7708500159144847
-2.6959850171927084,-0.7707940296744455
-2.695981023656932,-0.7707928721142383
-2.6952411639711804,-0.7705784175107562
-2.6942482794228626,-0.77029062150536
-2.693712702878302,-0.7701353801025508
-2.693673767935049,-0.7701240944791037
-2.6934063532996704,-0.7700465820795235
-2.6933791551107436,-0.7700386984538388
-2.6930687679074325,-0.7699487300910615
-2.6926350728776582,-0.7698230199092073
-2.6924944994261972,-0.769782273502323
-2.6921437200097014,-0.7696805971140521
-2.691867709816844,-0.7696005932192513
-2.6915617486824517,-0.7695119077900805
-2.691371910642544,-0.7694568816245007
-2.6913059857302537,-0.7694377727296693
-2.690552146857988,-0.7692192661404411
-2.6898651566520657,-0.769020136203989
-2.6893609650115087,-0.7688739919817307
-2.688444346316294,-0.768608302280545
-2.687956153313267,-0.7684667953990338
-2.6875893033783935,-0.768360460834743
-2.6866497036931913,-0.7680881098987447
-2.686305176280739,-0.7679882457068592
-2.6861190571145808,-0.7679342974883694
-2.685414420002351,-0.7677300524464887
-2.6851152766817137,-0.767643343218446
-2.6846945247885907,-0.7675213847145002
-2.6838997714760477,-0.7672910187278275
-2.68366970162095,-0.7672243310294731
-2.6822244222974496,-0.7668054045624535
-2.6821532633343024,-0.7667847785335999
-2.681805644223764,-0.7666840181868084
-2.6816050982304365,-0.7666258882301327
-2.6812574735989254,-0.7665251262830406
-2.680656322736482,-0.766350877608162
-2.680274883611228,-0.766240314243332
-2.6796319683899927,-0.766053959814921
-2.679568922026713,-0.766035685291929
-2.6795174392045626,-0.7660207625593853
-2.6793853628889375,-0.765982479119373
-2.6785361080203907,-0.7657363153945524
-2.676619358237729,-0.765180729217158
-2.6765095878407896,-0.765148911336818
-2.676011500637834,-0.7650045365375602
-2.6753580980500997,-0.7648151422570428
-2.6747495357813738,-0.7646387453232091
-2.6741032934929465,-0.764451426516161
-2.6738048743417053,-0.7643649271947581
-2.6733842599232975,-0.7642430085390244
-2.6731266580550384,-0.7641683404532
-2.672527966073393,-0.7639948045057705
-2.672098150015772,-0.7638702186768862
-2.6717657721990453,-0.7637738761483437
-2.671126972221516,-0.7635887145582154
-2.670310850277002,-0.7633521546923729
-2.6702725342786535,-0.7633410484753549
-2.670244296050067,-0.7633328633853558
-2.6695740446027365,-0.7631385853200165
-2.6685802238052845,-0.7628505179348701
-2.668067239420088,-0.7627018250610202
-2.6679785990856875,-0.7626761319084774
-2.667797672125582,-0.7626236886949387
-2.667704205696123,-0.7625965966578203
-2.667177282004918,-0.7624438633579278
-2.667055536448427,-0.7624085743760491
-2.666930402061969,-0.7623723031130696
-2.665611869200746,-0.7619901151828756
-2.665547292525869,-0.7619713970860909
-2.665428442048865,-0.7619369472675503
-2.664764760502525,-0.7617445735437218
-2.6641693051516735,-0.7615719757611727
-2.6639844754959086,-0.7615184013182046
-2.663901905306002,-0.7614944676485143
-2.663894298363073,-0.7614922627116041
-2.663814019781866,-0.761468993284127
-2.6623596705372776,-0.7610474378235728
-2.6622863736600015,-0.7610261921021806
-2.6615768485420768,-0.7608205302304021
-2.661257888667271,-0.7607280770061009
-2.6610762318299233,-0.7606754222314547
-2.660540111824512,-0.7605200233019096
-2.6599986516798637,-0.7603630764877258
-2.659965770324567,-0.7603535455480788
-2.6592213579869877,-0.7601377713198607
-2.6588154424175396,-0.7600201132501354
-2.6583618549558556,-0.7598886370782163
-2.658070072443397,-0.7598040614428394
-2.6578031334432395,-0.7597266869101607
-2.657678399189845,-0.7596905316291427
-2.655817357818444,-0.7591510930071259
-2.6554601533348556,-0.7590475542586779
-2.655178354421517,-0.7589658724541608
-2.654851645938721,-0.7588711732301301
-2.6546543291068945,-0.7588139792732966
-2.65427895701312,-0.7587051744889857
-2.654198353545755,-0.7586818108905007
-2.6530235062749346,-0.7583412714470525
-2.652653684365848,-0.7582340754308354
-2.6524545324627686,-0.7581763495630389
-2.652365749371577,-0.7581506150312296
-2.6522760996053822,-0.758124629286322
-2.6521180808802916,-0.7580788262189504
-2.651721190519347,-0.7579637841824378
-2.6512197548149543,-0.7578184387916453
-2.6511630578292364,-0.7578020046895786
-2.6508625841004836,-0.7577149098314622
-2.650449662844982,-0.7575952211042303
-2.650188581203232,-0.757519544376553
-2.6501186576793154,-0.7574992764502362
-2.649921312637414,-0.7574420743164734
-2.6491368301490756,-0.757214685415287
-2.6472493659986047,-0.7566675879267077
-2.646888028660404,-0.7565628512353062
-2.6455590480981113,-0.7561776349503666
-2.64491726674806,-0.7559916091841326
-2.6448703148217496,-0.7559779997701674
-2.644704385121018,-0.7559299036394256
-2.6444335750815413,-0.7558514070531765
-2.6443582822027123,-0.7558295827738095
-2.643773992808928,-0.7556602215385972
-2.6435740943257158,-0.7556022792682187
-2.641773224713374,-0.755080281940786
-2.641502640590114,-0.7550018508382677
-2.640594885872783,-0.7547387304362332
-2.6405555263500102,-0.7547273217448123
-2.6400197899592515,-0.754572034009227
-2.63972528924217,-0.7544866704791913
-2.639107381937099,-0.754307564807333
-2.638943079877078,-0.7542599404620527
-2.638910311645434,-0.7542504423122558
-2.6387751244855306,-0.7542112571676516
-2.6387228162615237,-0.7541960951853808
-2.63793810606684,-0.7539686402815793
-2.6378673654653917,-0.7539481355184117
-2.637676210329129,-0.753892727581285
-2.6364502176611464,-0.7535373632107867
-2.63555887374534,-0.7532789996187279
-2.635471109849144,-0.7532535605092301
-2.635009155860588,-0.7531196592285538
-2.634749401646218,-0.7530443672669587
-2.6343544450270695,-0.7529298857419029
-2.634306559924583,-0.7529160058389104
-2.6339304403944106,-0.7528069844038214
-2.633753612333747,-0.7527557292910423
-2.6336505304501174,-0.7527258501329996
-2.6333461835400493,-0.7526376326004367
-2.6312749339899595,-0.7520372633553878
-2.631219067795689,-0.7520210700652663
-2.6310763786356586,-0.7519797104023134
-2.630979716281854,-0.751951691999424
-2.630776273667259,-0.7518927224325125
-2.629027349757951,-0.7513857820075722
-2.6282485515146083,-0.751160040732997
-2.627870351462238,-0.7510504162409075
-2.6269144442391608,-0.7507733384267778
-2.6266979233651657,-0.7507105780154832
-2.6256979179533304,-0.7504207179674158
-2.6256318577824604,-0.7504015698667386
-2.6253636995046943,-0.7503238419161062
-2.6251883786088848,-0.7502730236678399
-2.624292126573346,-0.7500132374156587
-2.624256410013093,-0.7500028846678142
-2.6236507352402447,-0.7498273246991449
-2.6232504757726813,-0.7497113060985112
-2.62126015115586,-0.7491343936315651
-2.6210783664679536,-0.74908170179835
-2.620950604989551,-0.7490446690504944
-2.620670974876397,-0.7489636158911006
-2.620148462450161,-0.7488121612337639
-2.61918644114664,-0.7485333112015737
-2.6188345174896828,-0.748431303145503
-2.6187460584913214,-0.7484056625547486
-2.6187212311993178,-0.7483984661536409
-2.617636073112448,-0.7480839238806714
-2.617098634407963,-0.7479281427150182
-2.6169533755913212,-0.7478860382153067
-2.616578526479718,-0.7477773850218126
-2.61643007398811,-0.7477343548083317
-2.6163325552162453,-0.7477060881654058
-2.6162211656146885,-0.7476738009448776
-2.6158898092355276,-0.7475777544886741
-2.6155697617101996,-0.7474849859996466
-2.6148464335438946,-0.7472753231972533
-2.614546036093471,-0.7471882504490579
-2.613244069533218,-0.746810864401672
-2.612240947332083,-0.7465201009257976
-2.6115298735614436,-0.7463139901638982
-2.6113408553332715,-0.7462592016277012
-2.6107047900707525,-0.7460748327179079
-2.610595879399948,-0.7460432640364778
-2.6097219210657276,-0.7457899398026608
-2.6090625078728573,-0.7455988032972785
-2.608933030551657,-0.7455612731978385
-2.6088048815435774,-0.7455241281212202
-2.6087140102301487,-0.7454977883004883
-2.6083527033677463,-0.745393060442755
-2.606619470469671,-0.7448906681904712
-2.6057896180238447,-0.744650128422397
-2.605753601682602,-0.7446396887804907
-2.605751013558173,-0.7446389385906795
-2.6051491181297135,-0.7444644740970277
-2.6044808104926,-0.7442707594615616
-2.6038956093849794,-0.7441011339583632
-2.6036328427647586,-0.7440249688253886
-2.602913564016647,-0.7438164797811957
-2.6018025840785333,-0.743494452825689
-2.6012098073498016,-0.7433226314644745
-2.601179732944378,-0.7433139141430498
-2.6009174598263454,-0.7432378920558689
-2.600445980838134,-0.7431012298732766
-2.6001213085107575,-0.7430071208461595
-2.5986091255755475,-0.7425688017999834
-2.5974153676138676,-0.7422227809324382
-2.5958769039846747,-0.7417768442042667
-2.5938427050904136,-0.741187214405977
-2.593686565943184,-0.741141956150186
-2.5931641404847894,-0.7409905267012156
-2.5925682655511544,-0.740817807299039
-2.592162614033989,-0.7407002257671067
-2.5905568988761116,-0.7402347956130932
-2.5904685284240863,-0.7402091806882454
-2.5896033308034254,-0.739958395821539
-2.5890469346469986,-0.7397971196776929
-2.58872428134123,-0.7397035958811089
-2.5880735651902986,-0.7395149802870784
-2.587930544305562,-0.7394735244709061
-2.5875090748053373,-0.7393513579624569
-2.5874156236409673,-0.7393242703500544
-2.5873934714952127,-0.7393178493627706
-2.586853599781726,-0.7391613629688278
-2.5864294192726676,-0.7390384106514807
-2.585857225680177,-0.7388725554868381
-2.585558562812465,-0.7387859855221497
-2.585233154006054,-0.7386916630203397
-2.5852001291014255,-0.7386820904717017
-2.585133738513548,-0.7386628465968532
-2.585130991716846,-0.7386620504145376
-2.5850705885615186,-0.7386445420477836
-2.5843793701713405,-0.7384441865362725
-2.584191454048176,-0.7383897174545573
-2.5840768294267944,-0.7383564925361017
-2.583235196439089,-0.7381125380780715
-2.5823706683636782,-0.7378619472847336
-2.582314980171555,-0.7378458055900443
-2.582068732005057,-0.7377744284709478
-2.5817344889411333,-0.7376775452846887
-2.5816416435610843,-0.737650633264008
-2.5812240327126803,-0.7375295852185086
-2.580716586571139,-0.7373824976515435
-2.580558273763789,-0.7373366093419351
-2.5804800386044167,-0.7373139322176039
-2.580316983407347,-0.7372666692861229
-2.579413521455083,-0.7370047931784431
-2.5787603502884577,-0.7368154659772965
-2.578065590464305,-0.7366140839511188
-2.576791158125619,-0.7362446789313277
-2.5767895309034725,-0.7362442072671909
-2.576596932966057,-0.7361883811219159
-2.5765211481534256,-0.7361664142513646
-2.576133110647394,-0.7360539382899158
-2.576029772396391,-0.7360239848216161
-2.5754830149084977,-0.7358655025275742
-2.574256691183022,-0.7355100421972545
-2.574139295437204,-0.7354760140448837
-2.5737438189659163,-0.7353613818362774
-2.572866403494159,-0.7351070555218309
-2.572737722670776,-0.7350697562940371
-2.571929162217282,-0.7348353881904837
-2.5715477462385175,-0.7347248315348598
-2.5710293757902662,-0.734574577464963
-2.57079728266647,-0.73450730330502
-2.5703773066826066,-0.7343855697049526
-2.5703545374170678,-0.7343789698402665
-2.5693590163098152,-0.7340904096059067
-2.568892642607027,-0.7339552272335839
-2.5687070652771573,-0.7339014360709366
-2.568385846670795,-0.733808328134141
-2.5683012699796333,-0.7337838128630481
-2.56785384826581,-0.7336541238854284
-2.5670836513539315,-0.7334308757797119
-2.566980256704548,-0.7334009059638633
-2.5656029435545826,-0.7330016800685557
-2.5653912598497324,-0.7329403217517538
-2.5643684806531675,-0.7326438605290744
-2.563811461863909,-0.7324824039098223
-2.563547449837888,-0.7324058777854163
-2.5633220479329055,-0.7323405431319838
-2.560059307262615,-0.731394810082614
-2.559938329508937,-0.7313597436548915
-2.5580894432351506,-0.7308238282909865
-2.5575264908838657,-0.730660651778468
-2.557033974534869,-0.7305178917384676
-2.5569518981152446,-0.7304941011922805
-2.556898761426353,-0.7304786990724379
-2.5560383514305576,-0.7302293019393955
-2.555600827891967,-0.7301024820317974
-2.5553995673807233,-0.7300441449660449
-2.5553394609572955,-0.7300267226095478
-2.5545734672074554,-0.7298046928259885
-2.5544629502209864,-0.7297726585403428
-2.5531627413712688,-0.7293957819802599
-2.5529096172591443,-0.7293224118100197
-2.5527766584946194,-0.7292838725847117
-2.5516829673774297,-0.7289668569405485
-2.5512285957423626,-0.7288351534693249
-2.5504865367496734,-0.7286200613780784
-2.550361572048779,-0.7285838392998982
-2.5492437471672367,-0.7282598282794979
-2.5488100380469882,-0.7281341140134003
-2.548089355651287,-0.7279252181100515
-2.547803473631166,-0.7278423527824112
-2.547414954868346,-0.7277297373246012
-2.5472973034693274,-0.7276956350689825
-2.5472443773441915,-0.72768029398283
-2.546735620171581,-0.7275328264023928
-2.5462850498745953,-0.727402224781245
-2.5460418221554653,-0.7273317231644301
-2.5455606486907802,-0.7271922509556283
-2.5452297616866697,-0.7270963405517632
-2.5451051130209925,-0.7270602100790708
-2.544413160274736,-0.7268596417082236
-2.543493399542694,-0.7265930412610211
-2.5427649659532365,-0.7263818986084365
-2.5421317047724576,-0.7261983424855121
-2.541693215951489,-0.7260712427826319
-2.5416268062059055,-0.7260519933547598
-2.541590355509264,-0.7260414278112581
-2.541211708219701,-0.7259316736836761
-2.541197209936268,-0.7259274712332862
-2.5411493671629395,-0.7259136035997589
-2.5399834071525587,-0.7255756402041076
-2.539352777258937,-0.7253928467820776
-2.539347540977914,-0.7253913290016225
-2.5391718254399027,-0.7253403963629674
-2.5388617645901657,-0.7252505225965409
-2.5388607999766006,-0.7252502429951198
-2.538847048736025,-0.7252462570814366
-2.5387768888570568,-0.725225920645604
-2.537165668084587,-0.7247588946425167
-2.5368248970518783,-0.7246601192691517
-2.535818442975189,-0.7243683900208959
-2.534302199261746,-0.7239288939237158
-2.534023731369405,-0.7238481776438799
-2.5336953290977773,-0.7237529874607942
-2.533572648979316,-0.7237174275882041
-2.533072486827975,-0.7235724513475628
-2.5326514524787496,-0.7234504109713205
-2.5324561049368572,-0.7233937878298728
-2.5323066775842085,-0.7233504750446531
-2.5322016787046526,-0.7233200402290865
-2.5316808807758493,-0.7231690825333683
-2.5313713532811346,-0.7230793633644175
-2.530681697235925,-0.7228794607118434
-2.530288459131846,-0.7227654773129526
-2.5295698591711258,-0.7225571850210406
-2.5290377324283533,-0.7224029435725319
-2.528620750032318,-0.7222820776892804
-2.5283413675621773,-0.7222010963113139
-2.528305125899869,-0.7221905913581863
-2.5282038639481383,-0.7221612397228365
-2.527667030544589,-0.7220056340087921
-2.5276577055143505,-0.7220029310697067
-2.5276350827751375,-0.7219963736769184
-2.527500707032899,-0.721957423728605
-2.527022234052306,-0.7218187342780158
-2.52672741013809,-0.7217332770665501
-2.5258813910984346,-0.7214880512741713
-2.525730729855501,-0.7214443808353901
-2.5254507295417055,-0.7213632203702012
-2.52542779949691,-0.7213565739022845
-2.525065875219412,-0.7212516670815503
-2.5239045247348986,-0.720915039796058
-2.5232739733529104,-0.7207322691312907
-2.5219335417990596,-0.7203437336793503
-2.5213022008751387,-0.7201607341591592
-2.520951627684592,-0.7200591175472286
-2.519977235373217,-0.7197766816735134
-2.5199541126991822,-0.7197699793703778
-2.51988207327165,-0.7197490981314565
-2.5198216524892114,-0.7197315846553345
-2.5191864844147447,-0.7195474758031057
-2.5190036156630584,-0.719494469744812
-2.5178306133904553,-0.7191544650897415
-2.5174046681246334,-0.7190310012426824
-2.517147403023569,-0.7189564307716847
-2.516947861728288,-0.7188985920352569
-2.51657599634522,-0.7187908037007789
-2.5165506221852043,-0.7187834487853411
-2.516442784456214,-0.7187521911051937
-2.5157294229902853,-0.7185454172354162
-2.5134771142359336,-0.7178925664447384
-2.5130345210600176,-0.7177642770597741
-2.512705668017665,-0.7176689562169714
-2.512665246754582,-0.7176572397711187
-2.5126517803224315,-0.7176533364115727
-2.51203586866586,-0.7174748091953536
-2.511514221114258,-0.7173236052292629
-2.5113630151628596,-0.7172797769021142
-2.5110491504187205,-0.7171888005446405
-2.5109488438295013,-0.7171597258292155
-2.51081562813622,-0.7171211121309287
-2.509817013362831,-0.7168316551712066
-2.509775428411399,-0.7168196014204187
-2.5093530163212794,-0.7166971616942961
-2.509264380788124,-0.7166714699334349
-2.508526860827575,-0.716457693519142
-2.508236680265547,-0.7163735822226811
-2.5080336991989234,-0.7163147464393624
-2.5079836910545534,-0.7163002511546777
-2.5063467966092867,-0.7158257834198327
-2.505199586749429,-0.7154932549143005
-2.504494862988589,-0.7152889847565855
-2.5041136863661744,-0.7151784974804296
-2.5040403376225027,-0.7151572367251229
-2.503640255199326,-0.7150412694423058
-2.5031927265301506,-0.7149115494627705
-2.502476858573144,-0.7147040490653003
-2.501170036529402,-0.7143252556148538
-2.501111756800616,-0.7143083627412878
-2.501039261560511,-0.7142873493812272
-2.50075948468472,-0.7142062536814389
-2.500681641634789,-0.714183690213354
-2.4993184532523,-0.7137885585016688
-2.499170813626289,-0.713745763904174
-2.4988948334327308,-0.7136657687049242
-2.4988133498842284,-0.7136421500074592
-2.4986876304857173,-0.7136057091737755
-2.4972624058551114,-0.7131925957295433
-2.4970379180988758,-0.7131275260498768
-2.496460423114316,-0.7129601342317906
-2.4963310627889315,-0.7129226380445797
-2.495565559296846,-0.7127007503663878
-2.4955206308723534,-0.7126877274815826
-2.4953620426057315,-0.7126417593277687
-2.494956273791276,-0.7125241437962222
-2.494832058852458,-0.7124881390429376
-2.494807514677865,-0.712481024705812
-2.49464589158014,-0.7124341768804692
-2.4942193111946773,-0.7123105289385969
-2.493961240136118,-0.7122357248539855
-2.493895343794499,-0.7122166242406056
-2.4935367244404176,-0.712112675379948
-2.493416538698135,-0.7120778385234441
-2.493030844394445,-0.711966041759063
-2.4930167968014345,-0.7119619699451136
-2.4926130757182174,-0.7118449479658304
-2.4926063886772942,-0.7118430096703166
-2.4924026494002915,-0.7117839541132902
-2.492120563881231,-0.7117021892336746
-2.4915852623490506,-0.7115470275455356
-2.491122754595427,-0.711412965751359
-2.4891506286854344,-0.7108413283339015
-2.4889226727873406,-0.7107752533839093
-2.4888962423689276,-0.7107675923030183
-2.4885586253416516,-0.7106697311448722
-2.4885342473920646,-0.7106626649894741
-2.4878868755911876,-0.7104750187836648
-2.487482203027043,-0.7103577210095666
-2.4872727152822036,-0.7102969992103942
-2.4872348362337946,-0.7102860196470215
-2.4870012706889724,-0.7102183186933586
-2.4861444982415812,-0.7099699759345652
-2.484608666267128,-0.7095248020138349
-2.4845984878130194,-0.7095218517026043
-2.484257234874827,-0.709422936644849
-2.4840485833332373,-0.7093624572262789
-2.4837968672742345,-0.7092894951921755
-2.4833376690876685,-0.7091563927040736
-2.4821110013910412,-0.7088008326707991
-2.4821063530833176,-0.7087994853193906
-2.4813645380127083,-0.7085844639310273
-2.480980354851379,-0.7084731051840727
-2.48024721792799,-0.7082605992302664
-2.4798586286868898,-0.7081479633437295
-2.4792804727749536,-0.7079803799502391
-2.4786954024815215,-0.7078107923646422
-2.478218560294379,-0.7076725756133628
-2.4781942660970926,-0.7076655337342792
-2.4781030435933014,-0.7076390921180431
-2.478052237577123,-0.7076243655634491
-2.477358126891045,-0.7074231716954467
-2.47671124490455,-0.7072356674664892
-2.47670318160372,-0.7072333302503719
-2.476379111512964,-0.7071393957866461
-2.4763339436811935,-0.7071263035076114
-2.4759557653277664,-0.7070166853051443
-2.47578684154906,-0.7069677213155141
-2.475361452855054,-0.706844418795515
-2.475103547042282,-0.7067696626087963
-2.4747358542398916,-0.7066630837322088
-2.4741104664843765,-0.706481809788359
-2.4738077036869757,-0.7063940514242852
-2.4734140072311175,-0.7062799351682445
-2.4732348963648696,-0.7062280183649101
-2.4722224911243154,-0.7059345641213453
-2.471667076407665,-0.7057735724561403
-2.471477507456035,-0.7057186242880791
-2.4702860856808293,-0.7053732805839925
-2.46993286689217,-0.7052708971230162
-2.4695747492887556,-0.7051670936990437
-2.469573451422157,-0.7051667175014049
-2.4690219627539722,-0.7050068638346381
-2.467248166180624,-0.7044927138571209
-2.4666125500147147,-0.7043084751217874
-2.4660691431774007,-0.7041509640422277
-2.46583832294164,-0.7040840588396751
-2.465523183126926,-0.7039927128921835
-2.465480351744597,-0.7039802978528309
-2.464954639667943,-0.7038279157496892
-2.464781568061928,-0.7037777494771422
-2.4643700220397653,-0.7036584593729547
-2.46434806465945,-0.7036520948400848
-2.4636600143963894,-0.7034526576370825
-2.463200561746763,-0.7033194813907053
-2.462924916793698,-0.7032395833637552
-2.462765584404211,-0.7031933995196189
-2.462157802631614,-0.7030172288192067
-2.462071978301601,-0.7029923519094134
-2.4615783275323735,-0.70284926304809
-2.4603337562126333,-0.7024885134978442
-2.4603118128821198,-0.7024821530374286
-2.459312603347794,-0.7021925236812061
-2.459034574645139,-0.7021119347042244
-2.4587804104040347,-0.7020382630437798
-2.4586769303358467,-0.7020082684685667
-2.458126095149445,-0.7018486042190359
-2.4572623215523306,-0.7015982321176293
-2.456479304813456,-0.7013712680763537
-2.4561451427587793,-0.7012744083713116
-2.4557415268549687,-0.701157416879171
-2.455301490973754,-0.7010298687477603
-2.4545453723135555,-0.7008107013426688
-2.4544098513485606,-0.700771419441828
-2.453872422430242,-0.7006156411127782
-2.453827061652941,-0.7006024929068453
-2.45353676446089,-0.700518347804183
-2.4535149462396784,-0.7005120236077593
-2.452719081013609,-0.7002813353235227
-2.4520535245486665,-0.7000884181386391
-2.4508763290889766,-0.6997471980527354
-2.450570323551731,-0.6996584997530213
-2.4502228115838363,-0.6995577704624338
-2.4494632977777093,-0.6993376189455058
-2.449011341437084,-0.6992066155678565
-2.4487224574839948,-0.6991228801044906
-2.4474802292566644,-0.6987628097194478
-2.44699265390098,-0.6986214818682557
-2.446982374851032,-0.6986185023984683
-2.446203331965814,-0.6983926902123709
-2.4457203453538607,-0.6982526924474588
-2.4453582774494422,-0.6981477439952444
-2.4449607737728383,-0.6980325241839878
-2.444833726013778,-0.697995698313735
-2.444589960051975,-0.6979250406827171
-2.4442811177122565,-0.6978355201117517
-2.4427375681340697,-0.6973881091781386
-2.4425708910697685,-0.697339796417729
-2.4422772380890154,-0.6972546786112563
-2.442261857457038,-0.6972502204046596
-2.4418551793001564,-0.6971323412925001
-2.4414536973115126,-0.6970159683337649
-2.4408230560177695,-0.6968331716073131
-2.4406395120208493,-0.6967799698234627
-2.440128215852873,-0.6966317662936896
-2.4400804837500187,-0.6966179307389375
-2.439913417564332,-0.6965695051883949
-2.439471285103764,-0.6964413493456811
-2.438961409028831,-0.696293557441918
-2.438365568581172,-0.6961208480357941
-2.4382712904363126,-0.6960935207160841
-2.437109527238113,-0.6957567738020303
-2.4364526909420765,-0.6955663842320459
-2.436267793212243,-0.6955127900572313
-2.4360634147479328,-0.6954535492263441
-2.435307980681795,-0.6952345802566458
-2.435048482107263,-0.6951593623944254
-2.434695987040354,-0.6950571887103345
-2.434685580818311,-0.695054172378637
-2.4345475038044704,-0.6950141495853648
-2.434439817967181,-0.694982935932315
-2.433401260788503,-0.6946819013277326
-2.4321792839964087,-0.6943277009929127
-2.4319381606372485,-0.6942578093426788
-2.4308166647427787,-0.693932734248053
-2.4305899767403023,-0.6938670268083571
-2.4305367536555975,-0.6938515996459553
-2.43010716548563,-0.6937270798722399
-2.429521037019068,-0.6935571855661888
-2.429301003331682,-0.6934934069361463
-2.4287759899973054,-0.6933412273693784
-2.4284909839056215,-0.6932586159370229
-2.4284008791978517,-0.6932324983234419
-2.428302471193343,-0.6932039739288942
-2.4279972305829194,-0.6931154973497051
-2.427606111060402,-0.6930021280396446
-2.4274075983236867,-0.6929445874396385
-2.427322196057602,-0.6929198328686537
-2.4273021560606307,-0.6929140241056044
-2.4265074450845074,-0.6926836703905019
-2.4261862371133613,-0.692590565536414
-2.425356483819623,-0.6923500545084134
-2.424956282290506,-0.6922340527017294
-2.424526825406858,-0.692109570982467
-2.4243726867758633,-0.6920648925932698
-2.423111105399852,-0.6916992125339787
-2.4225560289833723,-0.6915383189279465
-2.421942885260062,-0.6913605940206538
-2.4219012249262195,-0.6913485184196346
-2.421736389046602,-0.6913007393422179
-2.4216888749100423,-0.6912869669668449
-2.421364264403558,-0.6911928758590375
-2.4208481496714467,-0.6910432756275915
-2.4205845983252003,-0.6909668830351243
-2.4205426791937916,-0.6909547324194365
-2.420170186043436,-0.6908467621212873
-2.4199082950482427,-0.6907708507956516
-2.419822529575097,-0.6907459909460205
-2.4197452978231375,-0.6907236046678358
-2.419370817021209,-0.6906150582320243
-2.4191481343391756,-0.6905505117684212
-2.4191100659493676,-0.6905394773228379
-2.418801275307975,-0.6904499717370707
-2.418397724280829,-0.6903329990499816
-2.4177340881238654,-0.6901406384826485
-2.417502901645947,-0.6900736271217012
-2.417174761689873,-0.6899785129730029
-2.416945634981021,-0.6899120986535849
-2.415328854914013,-0.6894434612418361
-2.414661792990602,-0.6892501076870499
-2.413757649505243,-0.6889880340312236
-2.4137225368176627,-0.6889778563209936
-2.4134210033414463,-0.6888904542860894
-2.413340424842837,-0.68886709792501
-2.4130889759634497,-0.6887942133351836
-2.4118965289076,-0.6884485724448088
-2.4118310859000864,-0.6884296032341635
-2.411565476335164,-0.6883526140495608
-2.4115606204091145,-0.68835120651822
-2.4114185929055467,-0.6883100386420027
-2.4112692885272953,-0.6882667615019549
-2.4112675417109184,-0.6882662551724159
-2.4105422032304724,-0.688056009663423
-2.4097512612635854,-0.6878267484276066
-2.408228065909597,-0.687385237338469
-2.407060531416788,-0.6870468175657352
-2.4055255596152,-0.6866018929734037
-2.4051596610046597,-0.6864958341585377
-2.4048892971140434,-0.6864174668923186
-2.404432030012117,-0.6862849241454743
-2.403758759736529,-0.6860897710471663
-2.4028458493978953,-0.6858251562445805
-2.402014441068854,-0.6855841654905634
-2.401783545461105,-0.6855172384408008
-2.4017360146565236,-0.6855034612340603
-2.4015075716391228,-0.6854372450884065
-2.4012395372541673,-0.6853595530491561
-2.4002447528843,-0.6850712063643747
-2.3998641803661607,-0.6849608941929652
-2.399849110443475,-0.6849565260480905
-2.399708237319173,-0.6849156927784921
-2.399065780792998,-0.6847294713067336
-2.3981646285328315,-0.684468264682893
-2.398087015496202,-0.684445767886114
-2.3977016568804457,-0.6843340684237267
-2.3965608747932636,-0.6840034030626083
-2.3964974548480638,-0.683985020253729
-2.3948785730953936,-0.6835157736505701
-2.394639796758436,-0.6834465623046229
-2.3940500493547567,-0.6832756190189615
-2.393606087481226,-0.6831469329053879
-2.3932570766374184,-0.6830457691529075
-2.3929424497729688,-0.6829545718883991
-2.3924757238231003,-0.6828192874142733
-2.3922803624615168,-0.6827626602670711
-2.3914089770874924,-0.6825100818275842
-2.390742372244437,-0.6823168607614147
-2.390509389345435,-0.6822493286925837
-2.3904140800596356,-0.6822217024879291
-2.3900918958957122,-0.6821283146760875
-2.3895687036614888,-0.681976662970641
-2.3895116715454163,-0.6819601317281991
-2.389366298730826,-0.6819179941852156
-2.389204120769421,-0.6818709855279306
-2.3885741639584004,-0.6816883872045996
-2.388499206949203,-0.6816666602798935
-2.38842920165039,-0.6816463686504295
-2.388390194600962,-0.6816350621263962
-2.387866120973446,-0.6814831549416305
-2.3876868403655975,-0.6814311889372535
-2.3852978641543454,-0.6807387239253346
-2.385245195171787,-0.6807234573741388
-2.3841516641695075,-0.6804064881406402
-2.3840853858561295,-0.6803872768095074
-2.383047525160175,-0.6800864440863477
-2.3815690525219115,-0.6796578962555848
-2.3802140207247318,-0.6792651287993146
-2.379918491193402,-0.679179467058745
-2.379634465546181,-0.6790971398165309
-2.3793316496456436,-0.6790093660600625
-2.377679329271553,-0.6785304269889454
-2.3776690358675707,-0.6785274433585193
-2.377503741389453,-0.6784795313524385
-2.377055706599894,-0.6783496646696183
-2.3768375173794163,-0.678286420673949
-2.3765016338363156,-0.6781890619808899
-2.3764465556072243,-0.6781730970891575
-2.376027247655901,-0.6780515571239862
-2.375632297676191,-0.6779370775234281
-2.3752116019078966,-0.67781513528774
-2.374507270631312,-0.6776109788949147
-2.374501617342385,-0.6776093402411827
-2.3728894315793885,-0.6771420345274084
-2.3728461863142565,-0.6771294995206159
-2.3724596467319,-0.6770174577450461
-2.3723464363496145,-0.6769846427557842
-2.371454571688424,-0.6767261282212602
-2.3709812989774406,-0.6765889461129126
-2.370667614959596,-0.6764980221404877
-2.368935438067905,-0.6759959359806087
-2.3688330370639257,-0.6759662541813061
-2.3687637877426715,-0.6759461816783479
-2.3686203391362075,-0.6759046018834058
-2.36859616533494,-0.6758975949021293
-2.3683973827098836,-0.6758399760726992
-2.368144609397111,-0.6757667075846256
-2.3680151238921274,-0.6757291751130468
-2.367394402492395,-0.6755492537519885
-2.3669005788150312,-0.6754061147717758
-2.366635783338954,-0.6753293615577276
-2.365715083104711,-0.6750624887878458
-2.3651320324118514,-0.6748934866006002
-2.365128147996966,-0.6748923606700077
-2.364860978525276,-0.6748149193332016
-2.36459649180315,-0.6747382556141042
-2.363543426034478,-0.6744330155716878
-2.3633446115465855,-0.6743753875065444
-2.363317312970655,-0.6743674747828354
-2.362469439585975,-0.6741217114928275
-2.362078212578764,-0.6740083110274167
-2.3609717377809636,-0.673687589925031
-2.3603370040969343,-0.6735036069845535
-2.360091375506182,-0.6734324094547408
-2.35837867506652,-0.6729359687096312
-2.3575846318267253,-0.6727058085435655
-2.357408727503723,-0.67265482118398
-2.3572749202225816,-0.6726160360089355
-2.356919199353844,-0.6725129272988322
-2.3564943656534516,-0.672389785648438
-2.3563294700137254,-0.6723419892490472
-2.35495420537422,-0.6719433571318665
-2.3547680782797777,-0.6718894066152958
-2.3543945331167744,-0.6717811313823601
-2.3533640929307706,-0.6714824495569316
-2.3532471238546298,-0.6714485450783845
-2.3531733864630406,-0.6714271716701836
-2.3530350993350755,-0.6713870879735506
-2.3528826278071096,-0.6713428928083027
-2.3527775999044986,-0.671312449580157
-2.352719587542851,-0.6712956342052234
-2.352451665241902,-0.6712179746544726
-2.3515088665006534,-0.6709446964449532
-2.3499757805567225,-0.6705003184844545
-2.3496074197933496,-0.6703935459937123
-2.349514034524441,-0.670366477481668
-2.3491501302969544,-0.670260996755641
-2.34907103898728,-0.6702380714688851
-2.348575457439859,-0.6700944229551304
-2.3483079416257304,-0.6700168812280314
-2.347854979669405,-0.6698855863641442
-2.3473574738575267,-0.6697413800860201
-2.347307575304307,-0.6697269165672597
-2.3472632191090383,-0.6697140595479472
-2.3467529813666643,-0.6695661628118095
-2.346562705116871,-0.6695110096273784
-2.3463006942466094,-0.6694350635549378
-2.34527086522676,-0.6691365588812015
-2.3445045184330486,-0.6689144267648823
-2.3443057307474686,-0.6688568064686164
-2.3441155075697346,-0.6688016686675717
-2.343948531873672,-0.6687532693462139
-2.3436471734801896,-0.6686659180605246
-2.3431243926334178,-0.668514385599219
-2.3428591536275287,-0.6684375038242945
-2.3428471242604343,-0.6684340170102403
-2.342719812282642,-0.668397114553948
-2.3424753936626557,-0.6683262677444215
-2.342410982245412,-0.6683075975489632
-2.3406080798783395,-0.6677850110103352
-2.3406030681945706,-0.6677835583312985
-2.3405363350221475,-0.6677642151554144
-2.3401344291752246,-0.667647719337763
-2.339936169396783,-0.6675902520598576
-2.3391497716611585,-0.6673623080080051
-2.3389647511899696,-0.6673086782555682
-2.338959833808322,-0.6673072529108013
-2.3389246825274257,-0.6672970640139715
-2.3386932625684476,-0.667229984976559
-2.338207386900432,-0.6670891497942502
-2.3380884362984835,-0.6670546709536456
-2.337240516255818,-0.666808894139425
-2.3371535885251693,-0.6667836973996015
-2.3368727710815462,-0.6667023000824035
-2.3366984046135335,-0.6666517584831269
-2.336679130409179,-0.666646171691561
-2.3363917161862218,-0.6665628622419364
-2.336274573800658,-0.6665289075281837
-2.3357777476479384,-0.6663848982550296
-2.3356388578292986,-0.6663446398633945
-2.335194003661173,-0.6662156951106664
-2.3350358260460524,-0.6661698459876721
-2.3344567579521707,-0.6660019981905101
-2.3341381577466165,-0.6659096492193914
-2.3341043709007456,-0.6658998558156235
-2.333974906353701,-0.6658623294188806
-2.3335264209689743,-0.6657323321272304
-2.3321218797854395,-0.665325213955515
-2.330577984545717,-0.6648777028289745
-2.330543394326732,-0.6648676765606973
-2.330145784275599,-0.6647524259158815
-2.330005209210419,-0.6647116790412468
-2.329956502645579,-0.6646975610304253
-2.3295519499406683,-0.6645802979985425
-2.329158300912949,-0.66446619548995
-2.328727378727455,-0.6643412890405225
-2.3283379417772276,-0.6642284074383071
-2.3277078537802876,-0.6640457710896253
-2.32751030579084,-0.6639885101297953
-2.3274127981443606,-0.663960246711657
-2.3271418056422526,-0.6638816972370667
-2.3269258259438557,-0.6638190936901078
-2.3266389503303535,-0.663735940361001
-2.3258051146711067,-0.6634942460247413
-2.3255292315498863,-0.6634142789627322
-2.3254428523007533,-0.6633892412049267
-2.325223284067738,-0.6633255974907801
-2.325159356570525,-0.6633070675636459
-2.325113790221511,-0.6632938597710087
-2.3250860080284395,-0.6632858068667706
-2.3246549626667035,-0.6631608647136651
-2.324552677059217,-0.6631312163630143
-2.324337840068031,-0.6630689440394304
-2.3242489916695597,-0.6630431905777521
-2.3237240146820035,-0.6628910215464185
-2.322880347608036,-0.6626464774912377
-2.3224751905744894,-0.6625290392895753
-2.3222569983348778,-0.6624657944187844
-2.322038359149403,-0.6624024199969454
-2.3216773297057487,-0.6622977725513888
-2.3211968395922136,-0.6621584984177122
-2.3211205501785463,-0.6621363852842721
-2.3204640084130803,-0.6619460810864708
-2.320458851281068,-0.661944586248028
-2.320187925846066,-0.6618660562134069
-2.320055516440651,-0.661827676224495
-2.320045034236741,-0.6618246378688089
-2.3200355210943227,-0.6618218804038132
-2.3190522529127846,-0.6615368717838692
-2.318572316295004,-0.6613977580856305
-2.318430393054714,-0.6613566204310086
-2.317896145969944,-0.6612017643833925
-2.3169867606151664,-0.6609381713272673
-2.3165307448675923,-0.6608059912960926
-2.3158829766612268,-0.6606182301887913
-2.3151406773597043,-0.6604030684419917
-2.315073937341774,-0.660383723281879
-2.31465069979047,-0.6602610442888328
-2.314454330546996,-0.6602041249985182
-2.314376588626164,-0.66018159084356
-2.31408004789199,-0.6600956359972721
-2.31399281658838,-0.6600703512642514
-2.313074097973162,-0.6598040528834468
-2.3126746193902017,-0.6596882606288368
-2.312334639618083,-0.6595897146090635
-2.311992519685662,-0.6594905482456794
-2.3116625423381127,-0.6593949015134817
-2.3116535154823628,-0.6593922850028002
-2.311163878178262,-0.6592503594783758
-2.311030472196972,-0.6592116906234959
-2.3108463993216155,-0.6591583355397461
-2.310813023380834,-0.6591486612403028
-2.3096838312389387,-0.6588213553231015
-2.309561780964562,-0.6587859780161602
-2.309085989560005,-0.6586480658431233
-2.3089595569269727,-0.6586114182723657
-2.308730911241265,-0.658545143381585
-2.3085745241795124,-0.6584998132656674
-2.3084570321387834,-0.6584657572013999
-2.3080914245270394,-0.6583597827350023
-2.3075799435109126,-0.6582115256254255
-2.307562678934415,-0.6582065213415342
-2.3070057379260134,-0.658045087267723
-2.3068319507173047,-0.6579947135716673
-2.306622795089691,-0.657934088039489
-2.3060353547003842,-0.657763813461506
-2.3055179427941006,-0.6576138372331266
-2.305365468738008,-0.6575696413350793
-2.3052862020452083,-0.6575466652120374
-2.305106658351474,-0.6574946229499854
-2.3042321742394605,-0.6572411463150172
-2.303266176285713,-0.6569611436170393
-2.3026708558343607,-0.656788584936254
-2.302472138079274,-0.6567309849099348
-2.301852443570376,-0.6565513612018925
-2.2998082535792395,-0.655958835399455
-2.299367152198381,-0.6558309784239376
-2.2988404938374845,-0.6556783220322844
-2.2981820416068093,-0.6554874640699426
-2.29810766323035,-0.6554659048668419
-2.297798060885394,-0.655376164001914
-2.2973768574113547,-0.6552540746034106
-2.295585221892318,-0.6547347538562218
-2.295500482961768,-0.6547101915586666
-2.2952881486687637,-0.6546486446633717
-2.295204187767212,-0.6546243078841187
-2.2951016653079535,-0.6545945908799735
-2.2950878992908743,-0.6545906006831956
-2.294077088235224,-0.6542976085276431
-2.2935631628289532,-0.6541486428908561
-2.293294898788924,-0.6540708842841352
-2.2931264229230743,-0.6540220501258445
-2.2922938721124195,-0.6537807282138439
-2.2922240526334114,-0.6537604904458258
-2.2914181626884416,-0.6535268964118126
-2.2907806542273588,-0.6533421091786777
-2.2900313464735484,-0.653124915972555
-2.289722018751865,-0.6530352547095115
-2.2895062892501947,-0.6529727236841953
-2.288440537880201,-0.6526638066126691
-2.288397566013696,-0.6526513508527874
-2.2880120341386356,-0.6525396011697215
-2.2878107273287047,-0.652481250683902
-2.287782487468264,-0.6524730651208961
-2.2870464557789294,-0.6522597200946347
-2.2865863255399947,-0.6521263474432506
-2.2863912420879835,-0.6520698008504944
-2.285929279576357,-0.6519358970993341
-2.2856997184518297,-0.6518693568608491
-2.2856597171848754,-0.6518577621544357
-2.285502794857116,-0.6518122768871273
-2.2847050943664953,-0.6515810566358984
-2.2841960356139346,-0.6514335016399553
-2.28331458704898,-0.6511780062992476
-2.2832659224391687,-0.6511639004494469
-2.282894551625549,-0.6510562554701174
-2.282812666781446,-0.6510325204537197
-2.2827577052401034,-0.6510165893849205
-2.282162670398567,-0.6508441134905623
-2.281401717626061,-0.6506235448770277
-2.281013399515403,-0.6505109875799484
-2.2804201227469343,-0.6503390212779763
-2.279907042231264,-0.6501903005398937
-2.2798793396264694,-0.6501822707049925
-2.2796380067563264,-0.6501123183262234
-2.2796371462462774,-0.6501120689000892
-2.2796369703099653,-0.6501120179034572
-2.2795146226086715,-0.6500765543848019
-2.279390889201207,-0.6500406892074633
-2.2793702004279326,-0.6500346923911013
-2.278981593915463,-0.6499220514983115
-2.2786963084495118,-0.649839359086956
-2.2786314697478733,-0.6498205650394926
-2.2782412817087763,-0.6497074657277992
-2.2773940511220285,-0.6494618887582226
-2.277348569092018,-0.6494487054061637
-2.2769925916872586,-0.6493455223369189
-2.276609651011036,-0.6492345237348085
-2.276116496806272,-0.6490915788069054
-2.2759968140303686,-0.6490568877394716
-2.2757385634588148,-0.6489820316214965
-2.275056706356301,-0.6487843895585934
-2.274307591475164,-0.64856725225825
-2.2738980674616647,-0.648448548250419
-2.2736858275769767,-0.6483870287201752
-2.27367751026504,-0.6483846178767845
-2.2732213514088033,-0.6482523963643505
-2.2731315467060536,-0.6482263657097682
-2.272997123750172,-0.64818740207618
-2.272765067293083,-0.6481201385443929
-2.272701773433817,-0.6481017922825909
-2.272396784499846,-0.6480133886539556
-2.2719975432995323,-0.6478976652067185
-2.271422651939634,-0.6477310280713178
-2.2709117309041105,-0.647582933276867
-2.270481614720685,-0.6474582604539734
-2.2703214417885,-0.6474118329714089
-2.270271709647719,-0.647397417688705
-2.269180589125182,-0.6470811471531992
-2.2688812193661554,-0.6469943722900691
-2.267815324276599,-0.6466854135602096
-2.2667209453716946,-0.6463681985549452
-2.2664521102671147,-0.6462902744203223
-2.266322915869105,-0.6462528263285681
-2.2659912984368513,-0.646156704203912
-2.265779422370506,-0.6460952901294998
-2.2641789136683568,-0.6456313691108266
-2.2639398675278084,-0.645562079560021
-2.2636559415656987,-0.6454797812123814
-2.2634886323836123,-0.6454312852272719
-2.2633788751826107,-0.645399471171886
-2.26331882373488,-0.6453820647505613
-2.2626675049386966,-0.6451932744746942
-2.262616123054552,-0.6451783809998872
-2.2621083042088923,-0.645031185401473
-2.260939214023144,-0.6446923146979497
-2.260415813949326,-0.6445406027484342
-2.2601726084742633,-0.6444701075792507
-2.2601107408339365,-0.6444521747191014
-2.2600954412301406,-0.6444477399992099
-2.2598025659950416,-0.6443628476289098
-2.2595181818382786,-0.6442804164696647
-2.2594904150861863,-0.6442723680411253
-2.2584596192056408,-0.6439735831146176
-2.25815771171301,-0.6438860726678841
-2.2563685447738155,-0.6433674674594947
-2.256236042530849,-0.6433290605608311
-2.2561304194355696,-0.6432984448110439
-2.255666956883097,-0.6431641062603248
-2.255388391356028,-0.6430833616802349
-2.2553785689586476,-0.6430805145750662
-2.255214463905681,-0.6430329473339516
-2.2551707442236895,-0.6430202748134093
-2.2548334922704147,-0.6429225194750581
-2.2545355298332614,-0.6428361525361064
-2.2542988862001594,-0.6427675593724556
-2.254089778105322,-0.6427069476180554
-2.2539499297046515,-0.6426664113732903
-2.253336063605308,-0.642488477079179
-2.252641691400574,-0.6422872074077766
-2.251408845406889,-0.6419298565427114
-2.250251627721207,-0.6415944271840037
-2.2500669480006286,-0.6415408962010205
-2.249804956189359,-0.6414649556529906
-2.2493882951191484,-0.6413441829087536
-2.2492061719566876,-0.6412913929658193
-2.2491954060167862,-0.64128827236685
-2.2487076505187633,-0.6411468922998735
-2.2470676919093577,-0.6406715363910709
-2.2467201134805284,-0.6405707878362179
-2.246514320115893,-0.6405111368844738
-2.2462829553883417,-0.6404440738563588
-2.245027515617392,-0.6400801739933719
-2.244515894732976,-0.6399318763417852
-2.24425663163838,-0.6398567267354207
-2.243931369372388,-0.6397624467095941
-2.2439233423069553,-0.6397601199966134
-2.243479542636166,-0.6396314808988799
-2.243443497535479,-0.639621032920805
-2.2431495101440135,-0.6395358181825517
-2.242532906078359,-0.6393570902656887
-2.2422796522201427,-0.6392836824874435
-2.2417546499899523,-0.6391315061393186
-2.2416788755537125,-0.6391095422764526
-2.2414054728245896,-0.6390302941771249
-2.2413484646947968,-0.6390137698873097
-2.2412597086392005,-0.6389880431919968
-2.2409313491902223,-0.6388928654214192
-2.2406183893704026,-0.6388021513639326
-2.2398604036623624,-0.6385824427791926
-2.23971762903902,-0.6385410583439732
-2.238070838568912,-0.6380637221624159
-2.2376546561149913,-0.637943088149169
-2.236911041914564,-0.6377275452677722
-2.236671350801443,-0.637658068766197
-2.2366043706350944,-0.6376386539970293
-2.2360554381432247,-0.6374795412596421
-2.235752603071317,-0.6373917619461897
-2.2352193544734047,-0.6372371953184561
-2.2348786766712276,-0.6371384469687513
-2.2346691079079086,-0.6370777016856859
-2.2341905923132015,-0.6369389998830344
-2.234187751047282,-0.6369381763180155
-2.2337736649937825,-0.6368181499642072
-2.2335594477513223,-0.6367560572800459
-2.2327061017479775,-0.6365087077051135
-2.2314290667218963,-0.6361385482743118
-2.231344921058585,-0.6361141579402962
-2.231341237629211,-0.6361130902670589
-2.2307623489793054,-0.6359452944832549
-2.230531930678337,-0.6358785057849099
-2.2304473399130376,-0.6358539864343089
-2.230114273138282,-0.6357574442054392
-2.229804340677862,-0.6356676076537451
-2.2289632561036146,-0.635423812158006
-2.228871483086339,-0.6353972109707686
-2.2287778476643814,-0.6353700699497418
-2.228636601926376,-0.6353291286749017
-2.227831292762408,-0.6350957029851863
-2.227544096871721,-0.6350124568210216
-2.227531733210421,-0.6350088731089572
-2.227346594872052,-0.6349552091917188
-2.226947958332054,-0.6348396610104012
-2.2267230313849566,-0.6347744640275395
-2.2266799711124485,-0.6347619826424276
-2.2263705192547505,-0.6346722853975075
-2.2246206203817938,-0.6341650623710868
-2.22460371129929,-0.634160161130144
-2.224308776804138,-0.6340746718658565
-2.222250636024455,-0.6334781023090645
-2.22115051902863,-0.6331592240694914
-2.2208957477407494,-0.6330853764513915
-2.2197064073591095,-0.6327406360568792
-2.2192950625927947,-0.6326214042884057
-2.218670364565064,-0.6324403302680031
-2.2181330611316756,-0.6322845883118238
-2.2174416613652164,-0.63208418022686
-2.217316459406868,-0.6320478893775949
-2.2169722992016827,-0.6319481316238496
-2.2167658288480028,-0.6318882844410905
-2.2165840965417134,-0.6318356077911316
-2.2161058719095403,-0.6316969903264378
-2.2155927862269187,-0.6315482680906706
-2.2155063967274216,-0.6315232273617104
-2.2151869643616235,-0.6314306371818885
-2.21469812216795,-0.6312889421269632
-2.2146288664734266,-0.6312688677766589
-2.213366128294496,-0.6309028524082325
-2.213053099546004,-0.6308121183711857
-2.21299256117295,-0.6307945708104272
-2.212804640140946,-0.630740100305843
-2.2125006043722295,-0.6306519729602393
-2.212312658329421,-0.6305974952060613
-2.2119506938128612,-0.6304925767216942
-2.2112600182193978,-0.6302923785444134
-2.210076272071938,-0.629949259686114
-2.21001228125086,-0.6299307114040207
-2.209672522240256,-0.6298322293738445
-2.2092997366676226,-0.6297241743146182
-2.209273418108223,-0.6297165456570109
-2.2092355426202963,-0.6297055671256737
-2.2080611228735263,-0.6293651516036964
-2.2078423934146203,-0.6293017510153378
-2.2078272878118916,-0.6292973725283004
-2.20752789416866,-0.629210590742131
-2.20735976472148,-0.629161856996229
-2.207042628681756,-0.6290699324259912
-2.2069527454808613,-0.6290438790180561
-2.206633905467839,-0.6289514605367095
-2.2063104977191617,-0.6288577180584514
-2.2062674355304495,-0.6288452361179113
-2.205784889120784,-0.6287053659493655
-2.205745094172463,-0.6286938310461574
-2.204924464764721,-0.6284559646538774
-2.2040030620609143,-0.6281888882672362
-2.203752875995664,-0.6281163697147953
-2.2034968358040747,-0.6280421542941959
-2.203284433747176,-0.6279805877569615
-2.203034463380551,-0.6279081317265964
-2.2026109344514375,-0.6277853682752212
-2.2024636150068706,-0.627742666485033
-2.2022593050707244,-0.627683445517615
-2.2020546225400257,-0.6276241165505068
-2.2019108799052174,-0.6275824515289561
-2.201488419316918,-0.6274599977452247
-2.200958193862787,-0.6273063074013507
-2.2008674022893535,-0.6272799906939328
-2.200670911135412,-0.6272230360668356
-2.200066277806693,-0.6270477779695778
-2.199126902446247,-0.6267754920560125
-2.1987238170040646,-0.6266586543226729
-2.197635655910061,-0.6263432416026216
-2.197196356869306,-0.6262159070506659
-2.1965176605459233,-0.6260191811663953
-2.1956142319502545,-0.6257573147274074
-2.1951141544140156,-0.6256123630131707
-2.1951084332006534,-0.6256107046709654
-2.1943460972498228,-0.6253897351314648
-2.1941739537341065,-0.6253398378737605
-2.1938145096937025,-0.6252356499707792
-2.1934913051249763,-0.6251419663859528
-2.1931617422276046,-0.6250464397856537
-2.19302721752344,-0.6250074466594626
-2.191708675152083,-0.6246252559726755
-2.191184877955959,-0.6244734289138925
-2.1911070323370323,-0.6244508647011624
-2.191060638757317,-0.6244374171286919
-2.190850835334942,-0.6243766038277092
-2.190768557506069,-0.6243527549013439
-2.190695499189165,-0.6243315783286982
-2.190628868856418,-0.6243122649617665
-2.1904776258352365,-0.6242684258896267
-2.189006037213237,-0.62384187344935
-2.188485922641954,-0.6236911138306038
-2.1878771804414425,-0.6235146647420164
-2.187874541450591,-0.6235138998081409
-2.1870773820213008,-0.6232828363881269
-2.187036554038428,-0.6232710020510943
-2.186580012944216,-0.623138669743742
-2.1861474581711566,-0.6230132900749654
-2.185652700592593,-0.6228698803955706
-2.1848512094677757,-0.6226375613968778
-2.184766863116762,-0.6226131128918297
-2.184147023025889,-0.6224334469856179
-2.183922575289002,-0.6223683889058989
-2.1832315795101516,-0.6221680979201687
-2.182853293302661,-0.6220584484552871
-2.1828033121114814,-0.6220439609832131
-2.1827756887267027,-0.6220359541109053
-2.182725753608442,-0.6220214799934574
-2.1812025880551276,-0.6215799775422977
-2.181150842038915,-0.6215649785207236
-2.1810091818256976,-0.6215239171067286
-2.180992467367712,-0.6215190722793529
-2.180795677581558,-0.6214620310911767
-2.1807392905289706,-0.6214456868258558
-2.1801472639079997,-0.6212740828897363
-2.1793469219552684,-0.6210420969883168
-2.1793374146196425,-0.621039341206469
-2.1793226097407885,-0.6210350498867967
-2.1790780994574614,-0.6209641765078737
-2.1786877541045975,-0.6208510315974514
-2.178642912052039,-0.6208380337482835
-2.1772682801395824,-0.6204395850324029
-2.1771302982012024,-0.6203995897975592
-2.1770247665728686,-0.6203690005602416
-2.176909367648228,-0.620335551203421
-2.176786025092618,-0.6202997993178063
-2.1767135803406683,-0.6202788005921656
-2.176588553046435,-0.6202425603707755
-2.176434545493918,-0.6201979199757868
-2.1761829883526196,-0.6201250040053274
-2.176166988161152,-0.6201203662141586
-2.1760652274210757,-0.6200908700007772
-2.17563742845432,-0.6199668688427842
-2.175551982795853,-0.6199421016941495
-2.1754787366384005,-0.6199208706743284
-2.1754655312607425,-0.6199170429836405
-2.1753833830123237,-0.6198932316172683
-2.1753224234072213,-0.6198755619588288
-2.1751524734441054,-0.6198263005209455
-2.17457335271291,-0.6196584374664118
-2.1743475251138378,-0.6195929794219377
-2.1742065906533425,-0.6195521283735235
-2.173295874792568,-0.6192881496589531
-2.1726608963825726,-0.6191040957825795
-2.172494179892021,-0.6190557715941369
-2.1719148224382643,-0.6188878399235613
-2.1704808136257117,-0.6184721803097071
-2.1700685588954314,-0.6183526847804623
-2.169806851839534,-0.6182768267711916
-2.169538514203311,-0.6181990468319898
-2.169529935223223,-0.6181965601418666
-2.169201740429446,-0.6181014300979955
-2.169022855503825,-0.6180495787854672
-2.1685720529349615,-0.6179189098383462
-2.1680115869645786,-0.6177564540244151
-2.1666999458457368,-0.6173762637241877
-2.1664784369078913,-0.6173120574802902
-2.166367813372708,-0.617279992310596
-2.166281258190189,-0.617254903557007
-2.166247076167745,-0.6172449956079582
-2.16576772443556,-0.617106051443769
-2.16576078703018,-0.6171040405779944
-2.165687985673112,-0.6170829384873364
-2.1650996977305494,-0.6169124182388552
-2.1650678789074767,-0.6169031952831829
-2.164615342530058,-0.616772023776951
-2.164244502278154,-0.6166645325854334
-2.1639412517017167,-0.61657663283447
-2.1637497141109177,-0.6165211140396527
-2.1637027239749655,-0.6165074935502988
-2.1622533306544356,-0.616087374606356
-2.1606429614858618,-0.6156205954478791
-2.1605454421105863,-0.6155923286300498
-2.1605381966033246,-0.6155902284583323
-2.1605261453899494,-0.6155867353119486
-2.1604030532205516,-0.6155510560029007
-2.160118350379857,-0.6154685324704157
-2.1597446574005517,-0.6153602143916717
-2.1595668198019244,-0.6153086666557532
-2.1595139328193897,-0.6152933369154154
-2.1584402782212995,-0.6149821290262112
-2.1582141129989174,-0.614916573118758
-2.1578497092232234,-0.6148109475944474
-2.1575782554841005,-0.6147322644263977
-2.156510272939362,-0.614422700629953
-2.1563681880831904,-0.6143815161295971
-2.1561849950446517,-0.6143284160740097
-2.155389137258052,-0.6140977299461663
-2.155186437647356,-0.6140389757452349
-2.154268737734299,-0.6137729726438896
-2.1535066001219456,-0.6135520605944786
-2.153267926229411,-0.6134828789429156
-2.1525208330432224,-0.6132663276479964
-2.151763736623993,-0.6130468768311585
-2.151234438971344,-0.6128934554184113
-2.1506635859151997,-0.6127279888195958
-2.1506501452037483,-0.6127240929154127
-2.1506109080315334,-0.6127127196883384
-2.1503892280747228,-0.6126484638731438
-2.1501207714537602,-0.6125706494452061
-2.1486645769821813,-0.6121485591299625
-2.1486550173709125,-0.6121457881955761
-2.148653370706524,-0.6121453108959405
-2.148600375423343,-0.6121299497637422
-2.148544835562905,-0.6121138510642494
-2.1485094259916884,-0.6121035872997806
-2.1476622974315647,-0.6118580399034861
-2.1472802900308223,-0.6117473118191867
-2.1470044229884104,-0.6116673494177565
-2.1467755056321307,-0.6116009957809567
-2.146637805444314,-0.611561082213903
-2.1462383162414573,-0.6114452868810258
-2.1459948902614556,-0.6113747277966157
-2.145991137514331,-0.6113736400310408
-2.1459026963254124,-0.6113480046025044
-2.145793274847789,-0.6113162878593867
-2.1457164173587655,-0.6112940100644877
-2.1457073088515406,-0.611291369886434
-2.145665505810832,-0.6112792529206199
-2.145472200512279,-0.6112232217407212
-2.14533199188871,-0.6111825810822944
-2.1451235612221566,-0.6111221656862267
-2.144985823389627,-0.6110822412075336
-2.144966900468405,-0.6110767562383626
-2.144948932611018,-0.6110715481025422
-2.144881654312082,-0.6110520469171159
-2.144320303781186,-0.6108893347058195
-2.1438136543852004,-0.6107424780823096
-2.14368560584119,-0.6107053621260534
-2.1431189179902126,-0.610541102847274
-2.143102985318784,-0.6105364846273609
-2.14241196627042,-0.6103361868967652
-2.1422583795370356,-0.6102916684797701
-2.141964398567102,-0.6102064556028524
-2.1419531282850754,-0.6102031888160417
-2.1417527329997355,-0.6101451025433537
-2.1410481062952966,-0.6099408605182599
-2.1409022531407755,-0.6098985837446746
-2.1398782579736206,-0.6096017700626091
-2.1393097438976536,-0.6094369814370313
-2.1391985302026812,-0.6094047452045182
-2.139013361226758,-0.609351072406725
-2.1380864530565042,-0.609082400213951
-2.1378048520077453,-0.6090007757621598
-2.1371037587388373,-0.6087975579333158
-2.136898613783958,-0.6087380949286378
-2.1367922953218987,-0.608707277620893
-2.1363184564683593,-0.6085699314113246
-2.135858806082655,-0.6084366978494684
-2.1358215384356467,-0.608425895505976
-2.1357550941205874,-0.608406636057848
-2.1352522167536208,-0.608260872788934
-2.13494890667054,-0.6081729557894651
-2.1349448545539933,-0.6081717812491245
-2.134830277124619,-0.6081385700096724
-2.1347978691017553,-0.6081291762694447
-2.134418311614059,-0.608019158313216
-2.134202263238114,-0.6079565348594875
-2.1340783026610333,-0.607920603835109
-2.1334820537219006,-0.6077477760242678
-2.1329253967003234,-0.6075864242664453
-2.132222104360154,-0.6073825690181498
-2.1312525685403196,-0.6071015408396876
-2.1300474459256833,-0.6067522258311175
-2.129675690018798,-0.6066444692292394
-2.12948113919976,-0.606588077024667
-2.1289268496334226,-0.6064274114938204
-2.128795924105396,-0.6063894616193521
-2.127748634930643,-0.6060858959716651
-2.1274562809439272,-0.6060011546896289
-2.1273603126866183,-0.6059733374764944
-2.127324689558624,-0.6059630118107826
-2.1266731011755104,-0.6057741433928578
-2.1263332654137908,-0.6056756391157196
-2.1261884440460337,-0.6056336614142768
-2.125767174253062,-0.6055115527926684
-2.1254428530048375,-0.6054175455288207
-2.124706132704296,-0.6052040009027619
-2.124255098746617,-0.605073264885631
-2.124103127491557,-0.6050292147287266
-2.1237162641051213,-0.6049170790957985
-2.1233212489877884,-0.6048025806145478
-2.122975921713832,-0.6047024845760234
-2.1220281413564854,-0.6044277624028367
-2.1201069668307646,-0.6038708936761477
-2.1192944690731856,-0.6036353843116189
-2.1188469603797238,-0.6035056701222135
-2.118782635738148,-0.6034870250794182
-2.1185754303210893,-0.6034269648323058
-2.1177310582809774,-0.6031822164367104
-2.115336638598067,-0.6024881735883743
-2.1146583528747205,-0.6022915667200059
-2.114630192469956,-0.6022834041879013
-2.1145500295416193,-0.6022601682833895
-2.1142614130297708,-0.6021765103401351
-2.1141952766916217,-0.6021573401617257
-2.1117690397639675,-0.6014540748152095
-2.1110217329739664,-0.6012374616054139
-2.110713554033441,-0.6011481333263298
-2.1104648421964725,-0.6010760420914569
-2.1103977105834506,-0.6010565834241868
-2.108812739024135,-0.60059716597811
-2.108703103617367,-0.6005653872258157
-2.1085057757425436,-0.6005081900680758
-2.108247556076943,-0.6004333429084534
-2.1079318795305633,-0.6003418413847372
-2.1079191311258416,-0.60033814615153
-2.1074621946414935,-0.600205699236994
-2.1073528155625745,-0.6001739947835003
-2.107281782825531,-0.6001534053423532
-2.1067522124633355,-0.5999999048824312
-2.1062475984358704,-0.5998536382277457
-2.1061660464265177,-0.5998299996863228
-2.1060931248106898,-0.5998088627376434
-2.1058715401850536,-0.5997446345549979
-2.105476860939273,-0.5996302334289647
-2.1054584162794474,-0.5996248870879146
-2.1052415381680607,-0.599562023128333
-2.103715402382065,-0.5991196597300446
-2.1031653432698896,-0.5989602204322089
-2.1022268115649765,-0.5986881790593532
-2.101863824001909,-0.598582964036281
-2.101706375936006,-0.5985373263793137
-2.1016198285164247,-0.5985122398758778
-2.1015048488958437,-0.5984789120578939
-2.1013923731802624,-0.598446310018006
-2.1009488609278786,-0.5983177542309344
-2.100171879931482,-0.5980925397007955
-2.099802032708553,-0.5979853363471468
-2.0997398149627537,-0.5979673020059575
-2.0993687329362385,-0.5978597407340189
-2.099073478791477,-0.5977741588165815
-2.0989207192667014,-0.597729880173016
-2.098466131802592,-0.5975981141419144
-2.098235775238114,-0.5975313433384148
-2.0968500945784085,-0.5971296920494573
-2.096791432606243,-0.5971126883794067
-2.0967018608103496,-0.5970867252348517
-2.0953285701881645,-0.5966886653033296
-2.095303185635095,-0.596681307375377
-2.0949790719785675,-0.5965873602837426
-2.094534429370371,-0.596458476853454
-2.094422367805169,-0.5964259948585653
-2.0943480060630337,-0.5964044404770641
-2.0934830518761975,-0.5961537261717165
-2.093222667395461,-0.5960782515220704
-2.09298606739175,-0.5960096710047684
-2.092790861373601,-0.5959530888851781
-2.0925500034387374,-0.5958832741704267
-2.0921662769800324,-0.5957720478026005
-2.091646313757088,-0.5956213320534536
-2.0911782471079112,-0.5954856589662649
-2.090021951929272,-0.5951504970040458
-2.08986244571954,-0.5951042627766379
-2.089805526259206,-0.5950877641884171
-2.089359270060901,-0.5949584130453531
-2.089228815102563,-0.594920599569499
-2.088632649250893,-0.5947477958422633
-2.0886154924865203,-0.5947428228086307
-2.0878751864277314,-0.5945282388201387
-2.0877021072665953,-0.594478070357676
-2.0876501149931785,-0.5944629999563629
-2.0876062710452032,-0.5944502914162717
-2.0864469512903487,-0.5941142527549901
-2.0861268963288326,-0.5940214821105203
-2.0851280023020426,-0.5937319442068323
-2.0848301782088114,-0.5936456173680393
-2.0844753257224804,-0.5935427603659398
-2.084416024753161,-0.5935255714771457
-2.0838078381277945,-0.5933492834267251
-2.0837634530252234,-0.5933364180283858
-2.083720182079092,-0.5933238755777379
-2.081572547990596,-0.5927013656265367
-2.0813276129491523,-0.5926303691278718
-2.0812070478777764,-0.5925954223196142
-2.0803186048258198,-0.5923378995675395
-2.079938124686921,-0.592227614173036
-2.0798043739261924,-0.5921888453809125
-2.0794073474103465,-0.5920737638787477
-2.0793241058677183,-0.5920496356117786
-2.0790270014663457,-0.591963517381773
-2.0781913432662438,-0.5917212947665926
-2.077963319561864,-0.5916552001623738
-2.076468664913103,-0.5912219618386543
-2.076145687124482,-0.5911283439879644
-2.075924139828182,-0.5910641266255434
-2.0757922134751965,-0.5910258866534743
-2.0757735963680317,-0.5910204903271008
-2.0755376159782934,-0.5909520894101625
-2.0753053470783227,-0.5908847643000048
-2.0749805723874277,-0.5907906256019542
-2.074767577387742,-0.5907288871952252
-2.074141950897047,-0.5905475440519594
-2.0737165366726744,-0.5904242341317671
-2.0735410444052635,-0.5903733662099888
-2.0726713194059267,-0.5901212690441842
-2.072559381787623,-0.590088822976355
-2.0724964046742893,-0.590070568526047
-2.0723786344679764,-0.5900364318331266
-2.0723366528912766,-0.5900242631171413
-2.0718736056094036,-0.5898900449361268
-2.0715211764132158,-0.5897878903452234
-2.0707887724439007,-0.5895755968443706
-2.07053766892637,-0.589502812360607
-2.0704711989093205,-0.5894835454625393
-2.070370497978237,-0.5894543564437811
-2.070251248521086,-0.5894197909774619
-2.0697467762089885,-0.5892735654001773
-2.069615740303093,-0.5892355835317475
-2.0693476239846365,-0.5891578677433771
-2.068773901065944,-0.5889915692905674
-2.0685772558004514,-0.5889345699929303
-2.0676138132469752,-0.5886553079993895
-2.0675502949938522,-0.5886368966951252
-2.0669631779544853,-0.5884667158428638
-2.066764576938,-0.5884091496542179
-2.065947978703929,-0.5881724517318088
-2.0657477091819674,-0.5881144019127025
-2.065478325761182,-0.5880363188439779
-2.065365162992144,-0.5880035176558198
-2.065004079801238,-0.5878988546311665
-2.063810426095897,-0.587552863983205
-2.0637804389321506,-0.5875441719495198
-2.063064709987935,-0.5873367118460864
-2.0621718517836283,-0.5870779093246652
-2.0612136032104833,-0.5868001528503655
-2.060698120974785,-0.5866507359533677
-2.0600996081013103,-0.5864772519219603
-2.0600275996249318,-0.5864563796544933
-2.0596594460635367,-0.5863496672230013
-2.059276828144007,-0.5862387621746548
-2.058906903192301,-0.586131536290661
-2.0587781617534766,-0.5860942194929675
-2.0586493548944103,-0.5860568837326618
-2.0584262137747933,-0.585992204387038
-2.058412701936767,-0.5859882878662137
-2.0580156372911804,-0.5858731953118201
-2.0567174152929444,-0.5854968946574866
-2.0566737036336926,-0.5854842244624039
-2.0561985428737093,-0.585346495087044
-2.0560129943420824,-0.5852927122718115
-2.0557427386579623,-0.5852143763701632
-2.0554814016661003,-0.5851386256270907
-2.055187451922854,-0.5850534218014931
-2.0551230186248217,-0.5850347452637024
-2.054853502930676,-0.5849566238544228
-2.054602267065632,-0.5848838010086101
-2.054581152905424,-0.5848776808902385
-2.0544941884718306,-0.5848524735117551
-2.0541796017385345,-0.5847612878796022
-2.0539938511906883,-0.5847074465082556
-2.05387929866574,-0.5846742424875626
-2.053071942038783,-0.5844402233233386
-2.0528295082685357,-0.5843699518393393
-2.0525079201856347,-0.5842767368066359
-2.052501153270085,-0.5842747753587845
-2.051781605534123,-0.5840662083461823
-2.0512240112697198,-0.5839045849205795
-2.050929866881206,-0.5838193246754007
-2.0506441293247994,-0.583736501221793
-2.0506071759552382,-0.5837257899742834
-2.0504987298977344,-0.5836943559649581
-2.050258352718292,-0.5836246806012422
-2.050224810900503,-0.5836149582209416
-2.049044504212304,-0.5832728363190736
-2.047110835145913,-0.5827123459438246
-2.0457860708157853,-0.5823283517695295
-2.0453546024222353,-0.5822032869970653
-2.0449320239748783,-0.5820807990508867
-2.044761340286064,-0.5820313249363884
-2.043343355373906,-0.581620309985937
-2.043180698455318,-0.5815731624988509
-2.042704703422122,-0.5814351913023263
-2.041832472541322,-0.581182367785531
-2.041549764981334,-0.5811004226020777
-2.0410050702859324,-0.580942538225931
-2.0402827042654854,-0.5807331543096732
-2.039982184948437,-0.580646046237403
-2.039922715268746,-0.5806288084464772
-2.0395182142925385,-0.5805115604085975
-2.039250855247107,-0.5804340641222347
-2.0391671424107685,-0.5804097992467874
-2.0389317582121826,-0.5803415711409103
-2.038777066713806,-0.5802967324984145
-2.0382828970142963,-0.5801534932207486
-2.037897433846712,-0.5800417634531276
-2.03787377709023,-0.5800349063416661
-2.0375744612364777,-0.5799481471034369
-2.037482518482529,-0.5799214967165853
-2.037053341392804,-0.5797970960979639
-2.03690219678646,-0.5797532855521994
-2.036898332856715,-0.5797521655593989
-2.0367893454355213,-0.5797205746312182
-2.036137558510512,-0.5795316486642414
-2.0353981628509317,-0.5793173285626798
-2.0352198462289586,-0.5792656419777826
-2.0347766977759885,-0.5791371916410559
-2.0341760203045234,-0.5789630801825667
-2.0341362614419536,-0.5789515557391194
-2.0340243340262925,-0.5789191126286126
-2.0331713765083204,-0.5786718756594598
-2.032301018958407,-0.5784195951435067
-2.031655566596623,-0.5782325053033941
-2.031543225707568,-0.578199942344118
-2.0315161643009407,-0.5781920983659425
-2.031305032820234,-0.5781309001159911
-2.030946506785814,-0.5780269783048286
-2.030737642749344,-0.5779664372928159
-2.03072598242997,-0.5779630574503729
-2.030518418509541,-0.5779028932880188
-2.030254354839493,-0.5778263521941538
-2.029633970955439,-0.5776465286648769
-2.029632302047875,-0.577646044917868
-2.0295842765606307,-0.577632124323163
-2.0291222898253665,-0.577498213550576
-2.028991425803097,-0.5774602815040726
-2.028793926339852,-0.5774030346099739
-2.0265032465845993,-0.5767390616593218
-2.02647958621351,-0.5767322035001359
-2.0259491703808727,-0.5765784579734374
-2.0258706768002805,-0.576555705943524
-2.025735056738705,-0.5765163953186998
-2.025707176009967,-0.5765083138530631
-2.0256865464876115,-0.5765023342110824
-2.025598950397053,-0.5764769437414716
-2.02490118798143,-0.5762746913886958
-2.024737083811588,-0.5762271244035622
-2.024663318386409,-0.5762057428695875
-2.024039437176889,-0.576024905610869
-2.022434738710509,-0.5755597701535071
-2.0222971888979755,-0.5755199001740043
-2.022178539450135,-0.5754855086254715
-2.0221633296538664,-0.5754810999370532
-2.0214465772621883,-0.5752733431786943
-2.0213904721685316,-0.5752570806415602
-2.021192499949825,-0.5751996967152824
-2.021027118080534,-0.5751517593781292
-2.019785324992439,-0.5747918151218834
-2.0189810893764832,-0.5745587006091624
-2.018863577970338,-0.5745246389316647
-2.018033641876346,-0.5742840749174603
-2.0179280677938993,-0.5742534733744582
-2.017450738908922,-0.5741151155496844
-2.0173868272098376,-0.5740965902017721
-2.017325552427483,-0.5740788291865331
-2.0168769289044013,-0.5739487918543091
-2.016071269417838,-0.573715264620619
-2.0159700658879323,-0.5736859299193304
-2.015704268925197,-0.5736088864158828
-2.0153790757911643,-0.5735146264285402
-2.0152825762583193,-0.573486655220687
-2.0148615804020826,-0.573364626001964
-2.0148574679627633,-0.5733634339765563
-2.014786611291562,-0.5733428955695865
-2.0147272438148947,-0.5733256874030737
-2.014041660566041,-0.5731269652850584
-2.0137870411376233,-0.5730531616847112
-2.0137790478412634,-0.5730508447599831
-2.012317273202962,-0.572627136986098
-2.012237722471416,-0.5726040785320168
-2.012154798271278,-0.5725800422494594
-2.0110326514219334,-0.5722547784700436
-2.0108296431592,-0.572195934803702
-2.0104218821097954,-0.5720777418059626
-2.010287163098055,-0.5720386923580731
-2.0100343422181215,-0.5719654100822547
-2.009937372603577,-0.571937302617235
-2.009500166594594,-0.5718105747482862
-2.009405716527155,-0.5717831975953589
-2.0084502866340115,-0.571506258139358
-2.008193372274011,-0.5714317893336323
-2.007921929504702,-0.571353109345276
-2.007658143279869,-0.5712766486712588
-2.0076375605844925,-0.5712706826024749
-2.007518510163746,-0.5712361748285455
-2.0069264739958284,-0.5710645681251625
-2.0068596919978225,-0.571045210796769
-2.0067873701297105,-0.5710242476900507
-2.005836918370754,-0.5707487511884557
-2.0057040586746897,-0.5707102406789808
-2.0053048696583575,-0.5705945323577131
-2.0050327202602656,-0.5705156475470123
-2.0042344982168996,-0.5702842761192979
-2.0039606962997243,-0.5702049123119284
-2.003684981816268,-0.5701249941310049
-2.0034966766725266,-0.5700704122883768
-2.0032377874023983,-0.5699953710382042
-2.002982314478491,-0.5699213200449522
-2.0017393179853724,-0.5695610269715561
-2.00145774666506,-0.5694794111368073
-1.9995769784637538,-0.5689342545258711
-1.9990200182992073,-0.5687728148994886
-1.9987291517123356,-0.5686885047529098
-1.9987137369681602,-0.5686840366586026
-1.998488379906525,-0.5686187150033948
-1.997781061500014,-0.5684136927656314
-1.9971200028243152,-0.5682220793030983
-1.9969193823415494,-0.5681639277550272
-1.996487566380375,-0.5680387622371401
-1.9954157862470747,-0.5677280976774495
-1.995411544251198,-0.5677268680989751
-1.9952568636759698,-0.5676820326226464
-1.9950338928648041,-0.5676174026423713
-1.9949710292449974,-0.5675991810891245
-1.9947082196532833,-0.5675230035004983
-1.9943095469422654,-0.567407444834704
-1.9941970530078614,-0.5673748375139356
-1.9938182495883103,-0.5672650381307529
-1.9937038587353944,-0.5672318809720693
-1.9934816277403473,-0.5671674654337691
-1.9929891575089267,-0.5670247187613393
-1.9923959972546839,-0.5668527862320034
-1.9920025892020896,-0.5667387535720942
-1.9917727511261976,-0.5666721330569076
-1.9914018767132162,-0.566564631963512
-1.9906599018176927,-0.5663495642485423
-1.9904844346365334,-0.5662987035982265
-1.9900632511682634,-0.5661766199985652
-1.9900082011979685,-0.5661606632978842
-1.9888469303370155,-0.5658240590919559
-1.988714418620837,-0.5657856494474016
-1.9874736131209993,-0.5654259914519864
-1.9872026257768958,-0.5653474434724874
-1.986571727401665,-0.5651645722287864
-1.9864808508058371,-0.5651382308769068
-1.9857371864238813,-0.5649226734499684
-1.985607655033964,-0.5648851276782523
-1.9856049307051804,-0.5648843380084536
-1.985462508323492,-0.5648430556734647
-1.985333047705109,-0.564805530415478
-1.9852804492463632,-0.5647902843062071
-1.985171314722335,-0.5647586507390221
-1.9851041964681155,-0.5647391959439139
-1.9839577005971785,-0.5644068743941248
-1.9827523692255375,-0.5640574988755664
-1.9826864210823385,-0.5640383832470595
-1.9824162576565683,-0.5639600740872761
-1.9822666806582028,-0.5639167179259763
-1.9821266145928356,-0.5638761185892536
-1.981996498290512,-0.5638384032757169
-1.9817635529709945,-0.5637708820996177
-1.9816797234989294,-0.563746583416316
-1.9811598182654184,-0.5635958844758979
-1.9810955097216603,-0.5635772440991915
-1.98040865201594,-0.5633781525690469
-1.9800757301075689,-0.563281652330927
-1.9796929040094584,-0.5631706869402537
-1.9789419523224352,-0.5629530172261497
-1.9784692183805728,-0.5628159912846002
-1.978171111636418,-0.5627295825170404
-1.9772005068445866,-0.5624482444879808
-1.9770793665282345,-0.5624131309400888
-1.9770764889261532,-0.5624122968427252
-1.9764942046642227,-0.562243516811983
-1.975572268839907,-0.5619762858958417
-1.975381512972907,-0.561920993690296
-1.9753587901396135,-0.56191440728439
-1.9752215954532233,-0.5618746402412109
-1.9741100175755393,-0.5615524399678498
-1.9740800125483653,-0.5615437427562988
-1.9739568572339967,-0.5615080451441457
-1.973709439449846,-0.561436329001455
-1.9737073212880474,-0.561435715034297
-1.9731865090059801,-0.5612847531781637
-1.9730769055766848,-0.561252983694811
-1.9730172168329292,-0.5612356824063087
-1.9723629086510899,-0.5610460256316612
-1.9723235550920413,-0.5610346186688764
-1.971513077661711,-0.5607996949133318
-1.9713742963514558,-0.560759467973772
-1.9710529795487466,-0.5606663315739329
-1.970921275331159,-0.5606281559896922
-1.9704911177737714,-0.5605034711742047
-1.96958616541,-0.5602411630581119
-1.9691875335306797,-0.5601256162277315
-1.969090488704512,-0.5600974869619846
-1.968760890526869,-0.5600019501353997
-1.9680257923662545,-0.5597888757003537
-1.967926110770309,-0.5597599821445287
-1.9674525834361203,-0.5596227262314857
-1.9674090111123068,-0.5596100964239612
-1.9672831286157453,-0.5595736083149248
-1.9649417208453959,-0.5588949314189537
-1.9645299786214285,-0.5587755844440094
-1.9645288777741714,-0.5587752653540974
-1.9644505564411041,-0.55875256325159
-1.964057458407605,-0.5586386204533444
-1.9636632273404053,-0.5585243492356731
-1.9636010961537416,-0.5585063399843835
-1.963517597751343,-0.5584821372644317
-1.9630695078054528,-0.5583522545940811
-1.9630534706742937,-0.5583476060956294
-1.9628362165660498,-0.5582846331501703
-1.962787593189923,-0.5582705392523029
-1.96188820546364,-0.5580098440935706
-1.9618765844835224,-0.5580064756539445
-1.9605472818315044,-0.5576211660085668
-1.9605454647146037,-0.557620639301825
-1.9600689311805848,-0.557482512016271
-1.9589878241602041,-0.5571691439792736
-1.9589849369502967,-0.5571683070970002
-1.9588115891711813,-0.5571180607733381
-1.9584928262721777,-0.5570256646441436
-1.957846685268578,-0.5568383751953616
-1.9578231900119747,-0.5568315648960096
-1.957365284052602,-0.5566988369709172
-1.95703274803531,-0.5566024485865988
-1.956944740441241,-0.5565769388392061
-1.956934763027179,-0.5565740468011378
-1.9568415735196631,-0.5565470350321933
-1.9565025172837271,-0.5564487567072132
-1.9564316086462326,-0.5564282032373729
-1.9546009129691686,-0.5558975605721732
-1.9544675308869928,-0.5558588986446542
-1.953613352915777,-0.5556113079167799
-1.9534871851680713,-0.5555747371252806
-1.9532582392202016,-0.5555083752009657
-1.9529627771874216,-0.5554227330254236
-1.9525931209676457,-0.5553155850356584
-1.9521348483296828,-0.5551827508256673
-1.9516379730474722,-0.5550387273119137
-1.9509969762954924,-0.5548529289680839
-1.9507646564797831,-0.5547855890995677
-1.950694100247557,-0.5547651377773826
-1.9502546438030661,-0.5546377576006194
-1.9501176946796668,-0.5545980617359554
-1.9500753949655867,-0.554585800805153
-1.9500078898195434,-0.5545662338661694
-1.949580609367097,-0.5544423830039455
-1.948959538523905,-0.5542623603537375
-1.9478381859593314,-0.553937326804498
-1.9476807861975518,-0.5538917031488904
-1.9476349741428112,-0.553878424136365
-1.9471622269052324,-0.5537413943409395
-1.946863336550756,-0.5536547584372833
-1.946836480276467,-0.5536469739184555
-1.9466354712101823,-0.5535887097361565
-1.9464904492647097,-0.5535466738955619
-1.9461061048557284,-0.5534352684096084
-1.945501066110821,-0.5532598927990311
-1.9452651047198395,-0.5531914973890437
-1.944189118570113,-0.5528796136798273
-1.9441727474959718,-0.5528748683851707
-1.9440360925219657,-0.5528352577822029
-1.9440198375255644,-0.5528305461336631
-1.9439008123611685,-0.552796045680501
-1.943805662570624,-0.5527684657068983
-1.9425587064185892,-0.5524070248927899
-1.9420975980924693,-0.5522733687345416
-1.9420798197478757,-0.5522682155306116
-1.9420051536117695,-0.5522465729179371
-1.9415596300116267,-0.5521174341246624
-1.9414603144334421,-0.5520886466621888
-1.9409686079835422,-0.5519461213783095
-1.9403470133359964,-0.551765946898968
-1.940139755382216,-0.5517058714236416
-1.9396853979144209,-0.551574172058922
-1.9396342369385338,-0.5515593426162466
-1.9395003732542355,-0.551520541092269
-1.939254009596098,-0.5514491304969416
-1.9387268562252058,-0.5512963306224437
-1.938348221018067,-0.5511865799970546
-1.9380906516102865,-0.5511119213201752
-1.937995690380553,-0.5510843960025227
-1.9370906908510006,-0.5508220742150278
-1.9370284750045679,-0.5508040404243864
-1.9364871160819208,-0.5506471229502576
-1.9364247720508245,-0.5506290520042043
-1.9360886998977094,-0.5505316386409334
-1.935640623756742,-0.550401759972057
-1.9355762610778606,-0.550383103903826
-1.9353356203180976,-0.5503133521391192
-1.934814250424537,-0.5501622286545662
-1.9340727126194939,-0.5499472876339784
-1.9339779986699506,-0.5499198339925857
-1.9335987656959843,-0.5498099100994129
-1.9335594158894855,-0.5497985042243365
-1.9329826258124374,-0.5496313167296698
-1.9329374421293297,-0.5496182198559907
-1.932319374112168,-0.5494390676003695
-1.9316604185783632,-0.5492480637513479
-1.9315281116216125,-0.5492097134580503
-1.9311550707820315,-0.5491015844075349
-1.931075544659293,-0.5490785330865253
-1.9308664768390102,-0.5490179330060463
-1.9303773153492663,-0.5488761454004476
-1.930164251074753,-0.5488143869138227
-1.9300992086634954,-0.548795533819399
-1.9295464592945533,-0.5486353147278276
-1.9294149103818203,-0.5485971841600157
-1.9286319060620947,-0.5483702237185357
-1.9279669815975242,-0.5481774897243188
-1.9277472670795208,-0.548113803608228
-1.9266068080850673,-0.5477832318982767
-1.9263022269283352,-0.5476949464673322
-1.9262205158679016,-0.5476712618236046
-1.9260267752183384,-0.547615104453524
-1.9260080290235737,-0.5476096707100149
-1.9254466997470407,-0.547446964659476
-1.9251539530330324,-0.5473621095421037
-1.924822001398598,-0.5472658905461121
-1.9246737924090713,-0.5472229309137742
-1.9245020111766908,-0.5471731386669669
-1.9243622603869213,-0.5471326307155491
-1.9239598185686952,-0.5470159795420708
-1.9237635577000505,-0.5469590916651195
-1.9235950010628522,-0.5469102340945684
-1.9235243032571858,-0.5468897417361209
-1.9235103317866507,-0.5468856919869167
-1.9234517323525422,-0.546868706444052
-1.9227957652530188,-0.5466785688180471
-1.9226110807211645,-0.546625036440475
-1.92218321694474,-0.5465010164968498
-1.9216824980790956,-0.5463558788878466
-1.9215353494898346,-0.5463132266215176
-1.9214373280699801,-0.5462848142818097
-1.921424802831626,-0.5462811837352666
-1.9214186680987695,-0.5462794055309292
-1.9199713255541004,-0.5458598810217592
-1.9193935626214773,-0.5456924115366548
-1.9192402605030061,-0.5456479756177057
-1.9191517583026596,-0.5456223225044896
-1.9190380741504431,-0.5455893701889962
-1.918867611799458,-0.5455399602311446
-1.9182485841810495,-0.5453605298269653
-1.9173459984989538,-0.5450989077136241
-1.9169862457773093,-0.5449946303367679
-1.9161993129464103,-0.5447665311830128
-1.9161214578913506,-0.5447439642351395
-1.9159956189416751,-0.544707488748537
-1.9136912142018452,-0.5440395374947256
-1.9133249784185928,-0.54393338094749
-1.9132602452462713,-0.543914617488594
-1.9128478158941693,-0.5437950713437334
-1.9125026031953287,-0.5436950085157777
-1.9119398551906583,-0.5435318912348579
-1.911630587018153,-0.5434422472326483
-1.9112408562524186,-0.5433292804655168
-1.9111109618893192,-0.5432916294829462
-1.910514130536604,-0.5431186328545894
-1.9098266831234407,-0.5429193703927415
-1.9097716896950647,-0.5429034300812154
-1.909110025995766,-0.542711641247462
-1.908581541218012,-0.5425584554533958
-1.9083247630038211,-0.5424840261106871
-1.9074833457266154,-0.5422401341781744
-1.9070954673499396,-0.5421277043417185
-1.9068381414444235,-0.5420531162460354
-1.9068363377991804,-0.5420525934441678
-1.905558115001018,-0.5416820897275569
-1.9054011259540182,-0.5416365851211111
-1.9053198768848714,-0.5416130343894752
-1.9049745038463324,-0.5415129250856983
-1.9048970625309822,-0.5414904780637879
-1.9045787482714744,-0.5413982119765555
-1.9045094877617283,-0.5413781362305179
-1.904399494723997,-0.5413462538158564
-1.9035870951965548,-0.541110772924166
-1.9033976321961499,-0.5410558554669658
-1.9032827720569678,-0.5410225622816789
-1.902985462285263,-0.5409363845233413
-1.9026929412205473,-0.54085159481233
-1.9023374121062873,-0.5407485416838878
-1.9022959501054506,-0.5407365235713724
-1.9018574701351298,-0.5406094264339274
-1.9011806940572777,-0.5404132571491063
-1.9010666542021082,-0.5403802017300958
-1.9010622078577184,-0.5403789129194723
-1.9008772393230273,-0.5403252982212696
-1.9007298524574172,-0.54028257688852
-1.900700182255214,-0.540273976728826
-1.9004646145714514,-0.5402056954382146
-1.9000285073727183,-0.5400792860687338
-1.8993495285025868,-0.5398824782858922
-1.8991791473245765,-0.5398330918567154
-1.8985691808604168,-0.5396562879049287
-1.8985003842362909,-0.5396363466200718
-1.897801853973813,-0.5394338717003744
-1.8975758576246824,-0.5393683647422651
-1.8973094670818051,-0.53929114918458
-1.8970346934849638,-0.53921150372762
-1.8964660619278073,-0.5390466810491232
-1.895634362179064,-0.5388056058246342
-1.895260137535118,-0.5386971336383857
-1.8951152251639132,-0.538655129558822
-1.8948417119969876,-0.5385758494481607
-1.8947744229285104,-0.5385563451410917
-1.8947714473832358,-0.5385554826540631
-1.8945448582022981,-0.5384898038586277
-1.8930977873698642,-0.538070358107553
-1.8927417080163351,-0.537967145487593
-1.8925126409829893,-0.5379007484656264
-1.892067026011565,-0.5377715831876111
-1.8917059526423927,-0.5376669230098705
-1.8912839347342016,-0.5375445975407223
-1.8909237378296706,-0.5374401914136899
-1.8906831376155153,-0.5373704514014714
-1.8905471590953877,-0.537331036874396
-1.8903905981211528,-0.5372856563484709
-1.8900392937923773,-0.537183827809925
-1.889728208604684,-0.5370936571304561
-1.8896100302383672,-0.5370594021288972
-1.8895732160017262,-0.5370487312102441
-1.8889690246148656,-0.5368736012135817
-1.8887954862755225,-0.536823299654422
-1.8887358086306771,-0.5368060015830329
-1.888482081881037,-0.5367324567331988
-1.8878527113957908,-0.5365500283613653
-1.8876177522827695,-0.5364819234701437
-1.8873704409360048,-0.536410238179232
-1.8861670951944285,-0.5360614382123849
-1.8859674586106683,-0.5360035718557834
-1.885844674001747,-0.5359679816957477
-1.8858339791502163,-0.5359648817023455
-1.8853811462757735,-0.535833624253937
-1.885153508436231,-0.5357676414959129
-1.884846643403775,-0.535678694064224
-1.8843329646303353,-0.5355297999160542
-1.8840854516212702,-0.5354580561716145
-1.8840107078960624,-0.5354363910690809
-1.88354766441251,-0.535302173989042
-1.8835047689271818,-0.5352897403688917
-1.8834831152783886,-0.5352834638751789
-1.8815698719428648,-0.5347288940712203
-1.881210352749145,-0.5346246843844129
-1.8809115902603455,-0.5345380855437076
-1.8803124082475908,-0.5343644075566059
-1.879788324711766,-0.5342124974998328
-1.879687640207742,-0.5341833132425973
-1.8795441972842681,-0.534141735094918
-1.8790071228882108,-0.5339860595271517
-1.8788531386892224,-0.5339414259013813
-1.8784538167620808,-0.5338256790547886
-1.8782721773468851,-0.5337730293301006
-1.8781453358232791,-0.5337362632389431
-1.8774310323239987,-0.5335292163128111
-1.8766757544515165,-0.5333102926171682
-1.8766600559350919,-0.5333057422690686
-1.8760980460882595,-0.5331428389494572
-1.875867567532321,-0.5330760327856985
-1.8758337762464805,-0.533066238094968
-1.8755689429023583,-0.5329894739045458
-1.875340402884983,-0.5329232296426272
-1.874929057572659,-0.5328039977158883
-1.874916471071332,-0.5328003494117526
-1.8748940773939067,-0.532793858414466
-1.8746095698649234,-0.5327113914947368
-1.8745228600154884,-0.5326862579096303
-1.8742640869754723,-0.5326112503497413
-1.8742490315127696,-0.5326068863962157
-1.8734312752195588,-0.5323698528005449
-1.8733126010281793,-0.5323354540798877
-1.8718334457596444,-0.5319067083829523
-1.8717015459266084,-0.5318684760979151
-1.8704467694453168,-0.5315047684950598
-1.8704083001005052,-0.5314936178292693
-1.8698614782727003,-0.5313351168857583
-1.869122270561437,-0.5311208512626102
-1.868798067244512,-0.5310268781821494
-1.8685593273796264,-0.5309576774079414
-1.8682681544117312,-0.5308732784542247
-1.8679423955035572,-0.5307788544724501
-1.8675783639860712,-0.5306733368503376
-1.8673723443946142,-0.5306136203248311
-1.8672289397342108,-0.5305720532680274
-1.867217380110459,-0.5305687026130643
-1.8672103875186958,-0.5305666757510488
-1.8670207074839098,-0.530511695384593
-1.866986437875579,-0.5305017620480326
-1.866580099716487,-0.5303839814871156
-1.866311178518025,-0.5303060323974507
-1.8656976724492011,-0.5301282024612382
-1.8656576920374812,-0.5301166137998912
-1.8648298729441166,-0.5298766634162695
-1.8647331154029922,-0.5298486174225285
-1.8643921130868903,-0.5297497750097111
-1.8637855280538462,-0.5295739511944055
-1.8635342394355516,-0.5295011130576157
-1.8628094746269703,-0.5292910338322772
-1.862519103054568,-0.5292068671698393
-1.8624711483154743,-0.5291929670820855
-1.8620221760048048,-0.5290628286508219
-1.8618950125149891,-0.5290259692350285
-1.8615739124950332,-0.5289328956715086
-1.8615045755005486,-0.5289127977557209
-1.8611252120185025,-0.5288028360336747
-1.8609316964718454,-0.5287467439115803
-1.8602147010483474,-0.5285389167083878
-1.858531197940609,-0.5280509390575119
-1.8584357046511921,-0.5280232595178487
-1.857079759936735,-0.5276302274447642
-1.8561626065654369,-0.5273643827631822
-1.856051225665993,-0.5273320980650352
-1.8558252586686221,-0.5272665996147825
-1.8557196742693505,-0.5272359950813612
-1.8556833992004456,-0.5272254804450482
-1.8554142229738377,-0.5271474574333128
-1.8550923333180367,-0.5270541549871475
-1.8549315938060191,-0.5270075632766144
-1.8547206793926712,-0.5269464279454776
-1.8542501590170544,-0.526810043624874
-1.8540050550610534,-0.5267389981648927
-1.8540005733552312,-0.5267376991044579
-1.8539445633471467,-0.5267214641286831
-1.8538687667045441,-0.5266994938291147
-1.8538105713540411,-0.5266826254133097
-1.8536498591669235,-0.5266360416231306
-1.8535116985981397,-0.5265959946107497
-1.8523888703465712,-0.5262705333211217
-1.8499873505208797,-0.5255744324361955
-1.849927858247601,-0.5255571880963268
-1.8496678705297556,-0.5254818284517692
-1.8495025488854693,-0.5254339085713442
-1.8475713876824456,-0.5248741451215577
-1.8475469734738876,-0.5248670684561894
-1.8474424073904896,-0.5248367590902587
-1.8472240941655518,-0.5247734791508452
-1.8467998311729732,-0.52465050292495
-1.846673399201707,-0.5246138555460114
-1.8463638518471286,-0.5245241306205106
-1.8461851055367542,-0.524472319486787
-1.8454155473399227,-0.524249256518043
-1.8451623603572467,-0.5241758681242402
-1.845107325320358,-0.5241599157521339
-1.8450911913755508,-0.5241552391914253
-1.8447643617446328,-0.5240605048515843
-1.8442904811873486,-0.5239231465538321
-1.8431670940392002,-0.5235975232632913
-1.8426547237811552,-0.5234490083994042
-1.8423564468498441,-0.5233625503016539
-1.8396623710900875,-0.5225816495985398
-1.8394677450030208,-0.522525235576891
-1.8389363898817817,-0.5223712177894266
-1.837150320091319,-0.5218535103158592
-1.8368539303955627,-0.5217675992493372
-1.836260449002196,-0.5215955736351032
-1.8354041087158695,-0.5213473561418587
-1.834848814394743,-0.5211863993743171
-1.8345598654748143,-0.521102645079762
-1.8341884080033233,-0.5209949749819134
-1.8340959726146409,-0.5209681818007071
-1.833804311452444,-0.5208836413397324
-1.8332660295274326,-0.5207276157594598
-1.8326329712106053,-0.5205441184383719
-1.8320964421842574,-0.5203886009506403
-1.8318307748456109,-0.5203115950198336
-1.8310465164430154,-0.5200842710718001
-1.8309759102548075,-0.5200638052694497
-1.8300099239113623,-0.5197838059368166
-1.8296633860643963,-0.5196833590034402
-1.8290821679663536,-0.5195148880093412
-1.828986690792118,-0.5194872131407998
-1.8285210098307891,-0.5193522315654631
-1.8282892864589682,-0.5192850645812653
-1.82762949184746,-0.5190938175184566
-1.827577449429258,-0.5190787325822523
-1.827550968395311,-0.5190710568300195
-1.8273418403446342,-0.51901043929125
-1.8272994065863537,-0.5189981395065997
-1.8272535657956572,-0.5189848521647138
-1.826991541930911,-0.5189089023257119
-1.8268904173342702,-0.5188795905038994
-1.8261135289024961,-0.5186544028044012
-1.8251161019175903,-0.5183652901352429
-1.824751122397696,-0.518259497726594
-1.824151239146906,-0.5180856164797016
-1.8240953341103747,-0.518069411930822
-1.8240211198533307,-0.5180479002991252
-1.8237386943328144,-0.5179660368672045
-1.8235290397444481,-0.5179052667070212
-1.8233741364566316,-0.5178603666755603
-1.823194423206083,-0.5178082752660282
-1.8225364479164392,-0.5176175555490886
-1.8223265571078264,-0.5175567169184639
-1.8220570689064708,-0.5174786034782025
-1.821952875390253,-0.5174484021040282
-1.821891326037346,-0.5174305615021864
-1.8216426432642456,-0.5173584786917225
-1.821385853330055,-0.5172840459518724
-1.8212980865674546,-0.5172586060115231
-1.8204002281728289,-0.5169983541425395
-1.8201902268989705,-0.5169374834926267
-1.820045975707034,-0.5168956710614803
-1.8193160313854757,-0.516684090510386
-1.8185367326622395,-0.5164582041674695
-1.8181662822607738,-0.5163508259774072
-1.8175025869451324,-0.51615844826243
-1.8170872757811662,-0.5160380667999644
-1.8167415082048086,-0.5159378431360553
-1.816404003784089,-0.5158400146178743
-1.8152859544739581,-0.5155159385449446
-1.814952790672774,-0.515419368192142
-1.8148407968337164,-0.5153869058282503
-1.8141634923226262,-0.5151905833725743
-1.8132480357808187,-0.5149252305314083
-1.8129398243220778,-0.5148358928266438
-1.81293540183247,-0.5148346109305308
-1.812747559561779,-0.5147801632555811
-1.8126441611451087,-0.5147501923477528
-1.8124138817401136,-0.5146834439095835
-1.8119644638447068,-0.5145531763218052
-1.8117279831693764,-0.5144846303928463
-1.810958035618535,-0.5142614545665409
-1.8104764865848935,-0.5141218734958926
-1.81004320800901,-0.51399628402673
-1.8098653184270195,-0.513944721222993
-1.8094698260278177,-0.5138300843975456
-1.80940857997812,-0.5138123317107108
-1.8093110719272818,-0.5137840681753656
-1.8091626438456512,-0.5137410450373239
-1.8083283351566617,-0.5134992135893823
-1.8073678102532131,-0.513220797301442
-1.8073634923511361,-0.5132195457209117
-1.80735352008267,-0.5132166551743379
-1.8071804188576306,-0.5131664803164656
-1.8062512502929717,-0.5128971529292063
-1.8061551120627393,-0.512869286447979
-1.8048704895422445,-0.5124969277175841
-1.8046985305385812,-0.512447083942263
-1.8043233429161627,-0.5123383326285387
-1.8038731589660748,-0.5122078429933155
-1.8038003997474565,-0.5121867531168445
-1.8037135402406408,-0.5121615761522772
-1.8036198935445917,-0.5121344318633596
-1.8035070215022297,-0.5121017149447937
-1.8030490177591083,-0.5119689586762526
-1.8025331229609447,-0.511819422194526
-1.802506996448145,-0.5118118492032537
-1.8021056646763856,-0.5116955197861563
-1.8005890942900815,-0.5112559290000777
-1.799787799972456,-0.511023667047618
-1.7997141817164115,-0.511002328171865
-1.799495575400632,-0.5109389632775856
-1.799456577052932,-0.5109276592758221
-1.7994289880500367,-0.5109196623693947
-1.7993007846620563,-0.5108825015303008
-1.7990606421523907,-0.5108128941876096
-1.7990247120469753,-0.5108024795418891
-1.798960844063803,-0.5107839668654042
-1.7987627483919606,-0.5107265471551882
-1.7983430309041075,-0.5106048884823812
-1.7982843946109375,-0.5105878922556051
-1.7976777875634946,-0.5104120620592394
-1.7972022890093224,-0.5102742347713696
-1.7967946101484096,-0.5101560655966617
-1.7967516569393525,-0.5101436152447989
-1.7965516307515532,-0.5100856359581631
-1.7960101694077093,-0.509928688796382
-1.7953714142420842,-0.5097435401953645
-1.7952635919233069,-0.5097122869819982
-1.7951357740440255,-0.5096752378858695
-1.7933623254710194,-0.509161188779202
-1.7930032620459544,-0.5090571112008042
-1.7928736566852035,-0.5090195439880147
-1.792614082244283,-0.5089443041352781
-1.7925467276561389,-0.508924780836778
-1.791900710966755,-0.5087375274215256
-1.7917574533062686,-0.5086960029738947
-1.791330532650756,-0.5085722564018628
-1.791313099311273,-0.5085672032005892
-1.791139379506801,-0.5085168490422234
-1.7910412460883727,-0.5084884042387793
-1.790686508662076,-0.5083855805878061
-1.789904863251903,-0.5081590140377827
-1.7898553981542398,-0.5081446761597908
-1.789516632435995,-0.5080464820438271
-1.7894921657033327,-0.5080393901539018
-1.7894510517397562,-0.5080274729229372
-1.7887263407878842,-0.5078174093084225
-1.788642100178517,-0.5077929914534873
-1.7885433244138156,-0.5077643604605294
-1.787262756806742,-0.507393177081173
-1.7870174117616897,-0.5073220617394856
-1.7869628266107818,-0.5073062397706455
-1.7868257690283922,-0.5072665124682236
-1.7865120483140209,-0.5071755778589995
-1.7863613345786344,-0.5071318922048356
-1.7863151045693164,-0.5071184920446319
-1.785999595931557,-0.5070270391906531
-1.785846149615083,-0.5069825614746901
-1.7854875941443689,-0.5068786311311679
-1.7851809954582734,-0.5067897609022303
-1.7850878520516658,-0.5067627624960245
-1.7847078382991004,-0.5066526122875545
-1.7845004283626493,-0.5065924927587624
-1.784296613527316,-0.5065334153005132
-1.7839047067308433,-0.5064198177924206
-1.7834933775107138,-0.5063005905301408
-1.7833431597152856,-0.5062570486283791
-1.7832251596043232,-0.5062228452956463
-1.7829517297180408,-0.5061435893245856
-1.7824575540236374,-0.5060003483092491
-1.782052726797155,-0.5058830057049608
-1.7818702126427777,-0.5058301024297038
-1.7817807131892993,-0.5058041602542114
-1.7813659459308897,-0.5056839364473833
-1.7810768824996723,-0.5056001489607603
-1.7807324179797137,-0.5055003029987976
-1.7802843772326593,-0.5053704345891465
-1.7801426175167898,-0.5053293443334644
-1.7800687602909806,-0.5053079361902987
-1.7796794551551167,-0.5051950927955942
-1.7795415155184529,-0.5051551098222616
-1.7794436694574405,-0.5051267483118012
-1.7793732575237071,-0.5051063388157576
-1.778897167802237,-0.5049683401730338
-1.7788164555183377,-0.5049449450331538
-1.7787820360192175,-0.504934968249477
-1.778600887201261,-0.5048824607285589
-1.778434483882055,-0.5048342273154867
-1.7777821583754039,-0.5046451452360541
-1.7776867135347776,-0.5046174797396836
-1.7775111196636957,-0.5045665823672196
-1.7766687992783803,-0.5043224286611638
-1.776024980807836,-0.5041358124182816
-1.7755740222831902,-0.5040050982660548
-1.7749843001031633,-0.5038341622916832
-1.7749287518756987,-0.5038180611669368
-1.7746428358010713,-0.503735185968309
-1.7745758431562266,-0.5037157675821434
-1.7740042198297623,-0.5035500777139443
-1.7735664986261348,-0.5034232005114593
-1.773014830602134,-0.5032632948568883
-1.7726623104316124,-0.5031611138963028
-1.772657059801576,-0.5031595919566645
-1.7720741801406266,-0.5029906393444679
-1.7719310205805348,-0.5029491433320681
-1.7716432584422697,-0.5028657330362414
-1.7714840505108278,-0.5028195852673251
-1.7712407933003542,-0.5027490751021938
-1.7708824585305982,-0.5026452087307158
-1.7706510641082138,-0.5025781370953015
-1.7702486531830577,-0.5024614948764416
-1.7699957196320213,-0.5023881799419485
-1.7697313673073882,-0.5023115551791045
-1.7694431668199608,-0.5022280178240561
-1.768900621293838,-0.5020707564028484
-1.7684619760524862,-0.5019436113601936
-1.7681001113955068,-0.5018387218209728
-1.7680251675754934,-0.5018169987192631
-1.7679672022369268,-0.5018001969743684
-1.7675095435326174,-0.5016675407182525
-1.7675030891927954,-0.5016656698731261
-1.7674438999566373,-0.5016485133711364
-1.7673927117868977,-0.5016336760460924
-1.7673838433998164,-0.5016311054688983
-1.767287986883451,-0.5016033206448238
-1.7670986621115101,-0.5015484432543162
-1.7670539942222256,-0.5015354958878502
-1.7666381651473722,-0.5014149643045223
-1.7658134402228396,-0.5011759107919733
-1.7655132982221262,-0.5010889120880422
-1.7653535064745234,-0.5010425950950612
-1.7651257491825643,-0.5009765777127415
-1.7645534410621453,-0.500810689351208
-1.764384991299217,-0.5007618627590703
-1.7639500520601468,-0.5006357919326014
-1.7636271381991748,-0.5005421926118825
-1.7635378685250047,-0.500516317039871
-1.7634969693113263,-0.5005044620559855
-1.763336325707433,-0.5004578981452357
-1.763243120920516,-0.5004308819474269
-1.7630564918066993,-0.5003767859162842
-1.762731224400949,-0.5002825044006545
-1.7624164268990588,-0.5001912576754374
-1.7623494960743107,-0.5001718572083509
-1.7618987431295454,-0.5000412026451957
-1.7610264741300454,-0.4997883680793722
-1.76096163542752,-0.4997695740316517
-1.7608082231591724,-0.49972510618482724
-1.7600619183019912,-0.49950878339375493
-1.7589523743878392,-0.4991871726819703
-1.7585297725480458,-0.4990646779552958
-1.7583899553541518,-0.49902415075607953
-1.7582842160510077,-0.4989935013224573
-1.7577967704369761,-0.49885221107798344
-1.7576292718988809,-0.4988036602064292
-1.757592899297486,-0.498793117299497
-1.7574298398492652,-0.49874585313578385
-1.75729607932957,-0.4987070815149411
-1.756955364974064,-0.49860832256994414
-1.7567412154076736,-0.4985462495022658
-1.7562909700975822,-0.49841574208132516
-1.7561618095024878,-0.4983783037876327
-1.7558676798538073,-0.49829304781491945
-1.7556939961260434,-0.4982427041136931
-1.7555605348939276,-0.49820401924389296
-1.7554970891162291,-0.498185628947245
-1.7553049169658896,-0.49812992621996427
-1.7549237549397911,-0.4980194431746739
-1.7548291822886035,-0.4979920304898078
-1.7548071023483036,-0.4979856304318872
-1.754400909377023,-0.49786789195488856
-1.7541782232330798,-0.49780334448782143
-1.7540929241155576,-0.4977786198153222
-1.7536174714444543,-0.4976408058270491
-1.7534575362406952,-0.49759444725208474
-1.7534484349907964,-0.4975918091776284
-1.7529439133874767,-0.4974455693128654
-1.7527935383739288,-0.4974019818400984
-1.7524483861854507,-0.4973019365515843
-1.752199720960121,-0.4972298588274903
-1.7518153870881368,-0.4971184563957746
-1.7509549429774014,-0.49686904937422743
-1.7498499193258523,-0.4965487488988873
-1.7498273084880558,-0.4965421949558256
-1.7495562885484168,-0.4964636375282345
-1.7484313016710953,-0.49613755054262815
-1.7480432433225617,-0.4960250685398033
-1.7469750319571866,-0.4957154384177568
-1.7468808547316212,-0.4956881403503603
-1.7466789241118652,-0.49562960904797326
-1.746514133432391,-0.49558184307220143
-1.7463289288908954,-0.49552815996542543
-1.7458349351508122,-0.4953849716910914
-1.7457719166271366,-0.49536670523764453
-1.7454811200698135,-0.49528241538972395
-1.7454560679774018,-0.49527515382831155
-1.745076346263104,-0.4951650882696097
-1.7448124648786103,-0.49508860001275823
-1.7447752682848499,-0.4950778182646519
-1.7447551599147193,-0.49507198968306254
-1.74425470264607,-0.49492692790016674
-1.7441345505385792,-0.49489210079299273
-1.7439313127516738,-0.49483319059712344
-1.7437049126420103,-0.49476756660560023
-1.743628665545227,-0.4947454657380679
-1.7436279856132202,-0.4947452686540102
-1.7430918749259905,-0.4945898724254192
-1.743086842125394,-0.4945884136254913
-1.7430440053900509,-0.49457599703452204
-1.7426953524066748,-0.4944749370109221
-1.742553875242756,-0.49443392865531866
-1.7423554898952895,-0.4943764249801666
-1.7421131890367225,-0.49430619202174486
-1.7417550819219554,-0.49420239163799573
-1.7415107784489998,-0.49413157820481257
-1.741291649536071,-0.49406806183131824
-1.7411967033150977,-0.494040540864082
-1.7411964656043735,-0.49404047196161294
-1.7401397263977587,-0.4937341671420602
-1.7401255337297787,-0.4937300532769009
-1.7399194438845758,-0.4936703163877504
-1.739297352517583,-0.4934899979300653
-1.7380936223769863,-0.4931410865419029
-1.7377388213012932,-0.49303824444161265
-1.7376315439975787,-0.4930071492054837
-1.737033808812188,-0.49283389059356203
-1.736944000454327,-0.492807858879515
-1.736330652010641,-0.4926300746322851
-1.735564106708325,-0.49240788497656396
-1.7349340033217324,-0.49222524416706076
-1.7346456389724114,-0.4921416593152532
-1.7343834057175422,-0.4920656487827483
-1.7340232705913545,-0.4919612605626928
-1.7340210849259183,-0.4919606270290329
-1.7339435979579634,-0.4919381667743281
-1.7337271439546518,-0.4918754257460679
-1.7328183622966316,-0.49161200767656676
-1.7327082394822093,-0.49158008764503097
-1.7323900096181726,-0.49148784602054135
-1.732349328850974,-0.49147605435522024
-1.732116062427406,-0.4914084401043895
-1.7319919112021145,-0.4913724538190108
-1.7305007989399446,-0.4909402422860821
-1.7296458431875061,-0.49069242611172514
-1.7293428840963068,-0.49060461085022944
-1.7291154210265505,-0.49053867875071006
-1.7289238947546186,-0.49048316323676244
-1.7287043061508127,-0.4904195136179695
-1.7284920679349816,-0.49035799457145807
-1.728042079014041,-0.49022756146708685
-1.7279988149537218,-0.49021502101235
-1.727639029374235,-0.4901107341113697
-1.726991638823106,-0.4899230824706409
-1.726744712757424,-0.48985150885671785
-1.7258897268696112,-0.48960368394736703
-1.72579079186475,-0.48957500679729843
-1.724921772458637,-0.48932311415367247
-1.7243136784121256,-0.4891468529380181
-1.7234943100992783,-0.4889093520847869
-1.723110165737787,-0.48879800458429445
-1.7226170029338446,-0.48865505716384666
-1.7222479085846478,-0.4885480720370331
-1.721720688866913,-0.4883952529313402
-1.7215587892627984,-0.48834832495827596
-1.7209022283113176,-0.48815801519924573
-1.7207979918387601,-0.4881278013738121
-1.720369492348731,-0.488003597163208
-1.7191427936514019,-0.4876480281441172
-1.7186830384317826,-0.48751476419526163
-1.7185756772034704,-0.4874836446328764
-1.7174356785420999,-0.4871532063543724
-1.7165795345253012,-0.48690504575151494
-1.7162988011688747,-0.4868236728077041
-1.7161010271433852,-0.4867663463294106
-1.7156020796339158,-0.48662172216301497
-1.7155838174332534,-0.48661642870930055
-1.7154021656976814,-0.486563775413447
-1.715067301050078,-0.4864667120558877
-1.7149435376615632,-0.48643083818828714
-1.7145568740816322,-0.4863187604709686
-1.7138673752664704,-0.48611890339285707
-1.7133890843754955,-0.48598026672248773
-1.7122941145207309,-0.4856628804253958
-1.7117059255020197,-0.485492388850832
-1.7115986216234442,-0.48546128591175414
-1.7111296080989926,-0.48532533836473807
-1.71045383738308,-0.4851294604926
-1.7097613181075517,-0.4849287279084395
-1.7093759216107305,-0.4848170174659044
-1.7089903986606134,-0.48470527036980937
-1.7087527450411122,-0.48463638445303664
-1.7086999238534353,-0.48462107378389635
-1.7086073638207717,-0.4845942444735753
-1.708582218168108,-0.4845869557929306
-1.707612280228143,-0.484305811056539
-1.7070728049620256,-0.4841494395762278
-1.7070632549084468,-0.4841466714122194
-1.7064576044755926,-0.48397111849870367
-1.706164339690719,-0.48388611321409836
-1.7059441738612255,-0.4838222962815453
-1.705613800919005,-0.483726534882878
-1.7055481746931451,-0.48370751256484146
-1.7053732848277503,-0.4836568192543955
-1.7052876586063481,-0.483631999768063
-1.7052651210857337,-0.48362546707660825
-1.7049783951215978,-0.48354235712463906
-1.7045459018332862,-0.48341699527773796
-1.7044880876524078,-0.48340023734718074
-1.7044205671523,-0.48338066595769114
-1.7042970717623664,-0.48334486977175184
-1.7033134718711818,-0.48305976500295417
-1.7030941127428523,-0.4829961818995739
-1.702913542903426,-0.482943842200492
-1.7025762844662231,-0.48284608498271925
-1.7024309382260732,-0.4828039551425628
-1.7023459972950383,-0.48277933429345415
-1.7022756800981018,-0.4827589522576744
-1.7022307377798516,-0.48274592534564564
-1.7020294888801453,-0.4826875916455956
-1.7020019549339742,-0.48267961069782656
-1.701765471609942,-0.4826110640011189
-1.701276439634952,-0.4824693139364699
-1.7012018238701179,-0.48244768592433585
-1.7010721993906004,-0.4824101131698096
-1.7006804900325958,-0.48229657289093125
-1.7005748235742757,-0.482265944571999
-1.6997112010238953,-0.48201561625276934
-1.6994701205578846,-0.4819457370354781
-1.698567484878217,-0.4816841004299168
-1.6979780237102693,-0.4815132401121095
-1.6977223337211362,-0.4814391262006613
-1.6976262862255753,-0.48141128601964783
-1.697603161365305,-0.4814045830828135
-1.6974699747532016,-0.4813659778139525
-1.697199985523611,-0.48128771914640894
-1.696751755502011,-0.481157795873926
-1.6964736169797339,-0.48107717506479597
-1.6964145618867004,-0.48106005744532826
-1.6962324847544203,-0.481007280844632
-1.695697078170408,-0.48085208870632884
-1.6950477434656535,-0.48066387353618656
-1.6949531342251045,-0.4806364502455836
-1.693714571582737,-0.4802774423614241
-1.6921315682286875,-0.4798185954163329
-1.6913203706734499,-0.4795834629264778
-1.6911240850827718,-0.4795265678836356
-1.6910257643181543,-0.47949806877631
-1.689981215061012,-0.47919529731697547
-1.6895861164830175,-0.47908077464394433
-1.6894248469779933,-0.4790340293104442
-1.6876383097056633,-0.4785161863332936
-1.687440981642068,-0.47845898912083673
-1.6874122326281478,-0.47845065597537767
-1.6873911031275017,-0.47844453141044974
-1.6871917076147978,-0.47838673493033806
-1.6868362903589962,-0.47828371422501853
-1.6867529650667357,-0.4782595616825082
-1.6856656516246489,-0.4779443946615529
-1.685586041986614,-0.4779213191329263
-1.6855384760775287,-0.47790753175084766
-1.6854390357554516,-0.47787870813029915
-1.6843548025713362,-0.4775644339482354
-1.6842591017653423,-0.4775366942581325
-1.6841194358711176,-0.47749621091440836
-1.6832538667225605,-0.4772453183571913
-1.6828884137499873,-0.4771393887142687
-1.6822831198553296,-0.4769639391463725
-1.6822273527082015,-0.4769477745659053
-1.6821445685167373,-0.47692377886604925
-1.6821036231953517,-0.47691191051745374
-1.6815314183778132,-0.4767460520991362
-1.681401769833534,-0.4767084723692348
-1.680947276244104,-0.47657673354850516
-1.6806910007908706,-0.47650244993532315
-1.68020710408386,-0.476362188371642
-1.6799133859769184,-0.4762770516877914
-1.6796509021745083,-0.4762009685319573
-1.679594689479595,-0.47618467480568677
-1.6792844096123927,-0.4760947375551907
-1.6783100737683443,-0.475812318049009
-1.6775470048891674,-0.47559113606401265
-1.677032813008998,-0.47544209318750635
-1.6769496150696743,-0.4754179775593247
-1.6767926593691083,-0.4753724826186253
-1.6767664987963495,-0.4753648997547852
-1.676652492702415,-0.47533185412175494
-1.6762107771524313,-0.475203819124109
-1.6755164163970953,-0.47500255277141146
-1.675218675234689,-0.4749162499708214
-1.6751372323482459,-0.4748926430595989
-1.674720124137196,-0.4747717407077984
-1.674455694857534,-0.4746950936388864
-1.674349315876957,-0.47466425878933616
-1.6739297351992526,-0.47454263977211075
-1.6737167183517663,-0.47448089503261165
-1.6736735604185144,-0.4744683853397051
-1.673374900684756,-0.4743818162834196
-1.6732988298505385,-0.47435976650708644
-1.6725095239486498,-0.4741309794985828
-1.671755248535606,-0.4739123463743085
-1.671286854277038,-0.4737765783267599
-1.670783691486664,-0.4736307323254508
-1.6706115982786822,-0.47358084964987013
-1.6705835225431418,-0.4735727116598582
-1.6703680503823821,-0.47351025522698714
-1.6703421732648467,-0.47350275452504714
-1.6702308447614813,-0.47347048501434774
-1.6698541866876198,-0.4733613074778041
-1.6696889445658398,-0.4733134106476519
-1.6687849106304689,-0.4730513687458185
-1.6686813093380763,-0.47302133903274163
-1.6683439337931811,-0.47292354787031116
-1.6678446364021364,-0.4727788222877741
-1.6677494848103023,-0.4727512417920525
-1.6672052300169873,-0.4725934849252556
-1.6670049298630756,-0.47253542622721884
-1.6668334872688446,-0.4724857321375505
-1.6659725513468036,-0.47223618256032607
-1.6658509707921632,-0.47220094140563323
-1.6655016031576992,-0.4720996742343558
-1.6651032466889832,-0.4719842072340741
-1.665016604664069,-0.4719590933084802
-1.6648229293890227,-0.47190295488775774
-1.664050055042915,-0.4716789307050269
-1.6640286838281348,-0.47167273607720783
-1.6638154829314384,-0.47161093798948456
-1.66323203530738,-0.47144182074836494
-1.6632145033165637,-0.471436738952166
-1.6620777106674594,-0.4711072299635024
-1.6617951400861777,-0.4710253244844887
-1.661641920436252,-0.4709809124697468
-1.661198253890361,-0.4708523119593938
-1.660756063465679,-0.4707241393152898
-1.6605611060989267,-0.470667629269415
-1.6604139283108907,-0.47062496853957325
-1.660119568998704,-0.47053964599694537
-1.6587933507429706,-0.4701552303899846
-1.658543344319498,-0.4700827639082365
-1.6583292220286123,-0.47002069874659436
-1.658008593635591,-0.4699277618881405
-1.6579255470839802,-0.46990369014097116
-1.6577110481732493,-0.4698415158128735
-1.6575978792160968,-0.46980871283103787
-1.6574922341859377,-0.4697780907232396
-1.6573553640194416,-0.46973841774490377
-1.657157774450508,-0.4696811447329072
-1.656288440338097,-0.4694291608689923
-1.655806201917158,-0.46928937997359027
-1.6557074974495147,-0.46926076964668906
-1.655319776281676,-0.46914838537854786
-1.655230556032872,-0.4691225241328977
-1.654704479543153,-0.4689700364015392
-1.6545380025745418,-0.4689217816405623
-1.6541129198668656,-0.4687985678132955
-1.6534017630880595,-0.4685924329907752
-1.653052459209063,-0.4684911842995604
-1.6526247933861153,-0.468367221734429
-1.6525712694397647,-0.46835170736472825
-1.652417346166156,-0.46830709139869553
-1.6522464398146153,-0.46825755274351805
-1.652209906681959,-0.4682469633052387
-1.652176204623876,-0.46823719447792994
-1.6521534776231355,-0.468230606864054
-1.6521496675622103,-0.46822950248558765
-1.6519759526087754,-0.4681791497333359
-1.6512082956669594,-0.46795663785947955
-1.651121212796753,-0.46793139615113954
-1.6510261368157728,-0.4679038375718651
-1.6505389882273018,-0.4677626334227687
-1.65036623191475,-0.4677125585407054
-1.6503408366374765,-0.467705197504251
-1.6499488308843326,-0.4675915713127283
-1.6496814363001482,-0.4675140647251566
-1.6494392390991888,-0.46744386181277126
-1.649157030228655,-0.4673620611786849
-1.6489316585248894,-0.4672967352793314
-1.6478110919208204,-0.46697192954740857
-1.6475420186025482,-0.4668939363645268
-1.64725578918459,-0.4668109703406776
-1.646996293710882,-0.4667357533772571
-1.6469708212485827,-0.4667283699680685
-1.6469145173516095,-0.46671204980610753
-1.6468016640409644,-0.46667933831708847
-1.646528672467747,-0.46660020939478647
-1.645601151921156,-0.4663313596995385
-1.6455570922983909,-0.4663185886442808
-1.64550735557188,-0.46630417203236396
-1.6452979219287076,-0.4662434659150185
-1.6449438310890698,-0.4661408296826713
-1.6444608305837245,-0.4660008278906421
-1.644336131274056,-0.4659646827383594
-1.6442265495106345,-0.46593291953504373
-1.6437711560097923,-0.46580091986736055
-1.64368987188,-0.4657773589730995
-1.643388383747842,-0.4656899700815548
-1.6432434680464791,-0.4656479650367164
-1.643151343908979,-0.46562126207430454
-1.643097807388138,-0.465605744059781
-1.6429552315226872,-0.46556441723622227
-1.6421505646348822,-0.4653311777156989
-1.6419474403024765,-0.46527230040557843
-1.6415002437445847,-0.46514267669131454
-1.6414049551863361,-0.46511505649471635
-1.6414026311869703,-0.465114382863794
-1.6413120180702194,-0.46508811788355886
-1.6413099334326455,-0.4650875136336815
-1.6408741703404968,-0.4649612040064122
-1.6407663101424628,-0.46492993981342223
-1.6404678116599596,-0.4648434174971804
-1.640455047402705,-0.46483971766898186
-1.6404480565160604,-0.46483769130120933
-1.6403539830860456,-0.4648104233198333
-1.6402482744450597,-0.4647797827738975
-1.6401507068357568,-0.46475150197502624
-1.6400023900068679,-0.4647085110845349
-1.6397839146305913,-0.4646451841441809
-1.6394175274445102,-0.46453898371155133
-1.6393623382431401,-0.4645229866535629
-1.6391647284871411,-0.46446570779017415
-1.638979874527567,-0.46441212630254086
-1.6377889949386215,-0.4640669397557394
-1.6375909689547559,-0.46400954024517427
-1.6375869881557292,-0.4640083863768216
-1.6375436109076973,-0.46399581311366644
-1.6371383373598554,-0.4638783411393474
-1.6369509498924202,-0.46382402529297806
-1.6368230871623597,-0.4637869631964707
-1.6367551772104658,-0.46376727892107855
-1.6366952134900858,-0.46374989792826987
-1.6362201210303031,-0.4636121883503024
-1.6358037487563986,-0.4634914993161237
-1.6357229717254087,-0.4634680854087505
-1.6348719417399529,-0.4632214071512417
-1.6345590526243678,-0.4631307135879772
-1.6344864918880497,-0.46310968124328367
-1.634385693487978,-0.463080463972313
-1.6340746153512318,-0.4629902953366207
-1.634042666991811,-0.4629810348337397
-1.6334705046691553,-0.4628151887329242
-1.6325457354982005,-0.4625471365472344
-1.6322421648644827,-0.462459144024954
-1.6319247129768006,-0.46236712790350754
-1.6316722252448443,-0.4622939421934552
-1.631213704476253,-0.46216103606069775
-1.631099863305139,-0.46212803823194537
-1.6297370314844324,-0.46173300987271615
-1.6295332831143998,-0.4616739516799981
-1.6292299991269226,-0.4615860422445613
-1.6286870102785609,-0.4614286523226434
-1.6280301714905132,-0.46123826203032836
-1.6277535346924008,-0.46115807650868124
-1.6276623620189945,-0.46113164933620476
-1.6273321779937577,-0.46103594269672715
-1.6267833915127472,-0.4608768722818256
-1.6264250801497766,-0.46077301269500287
-1.625385097590196,-0.46047156493167923
-1.6251660469846552,-0.4604080712562453
-1.6248759543304603,-0.4603239854406151
-1.624824059290019,-0.4603089432231042
-1.6247885535817062,-0.4602986515924826
-1.6243226538446982,-0.46016360660316025
-1.6241660194357894,-0.46011820479157217
-1.6241450324654347,-0.4601121215402578
-1.623367125626531,-0.4598866386468176
-1.6231605472883703,-0.45982676016384116
-1.6224293763491828,-0.4596148240672261
-1.6221961575003285,-0.4595472236063296
-1.6217707382265965,-0.45942391222253764
-1.6216715452579114,-0.4593951602994674
-1.621664562457867,-0.45939313627566464
-1.6216327672007518,-0.4593839201507851
-1.6212210513348022,-0.45926458081593563
-1.6211879364131792,-0.45925498217510846
-1.6211754606934066,-0.45925136598194577
-1.6208647045775424,-0.45916129068673683
-1.6205983927309187,-0.459084097939828
-1.6203806098151525,-0.4590209717150245
-1.6192945246929764,-0.4587061607330105
-1.619178348835297,-0.4586724861755606
-1.6188836336290182,-0.45858706047401226
-1.6187569807326156,-0.4585503490580493
-1.618428818645767,-0.4584552284945583
-1.6180411740890288,-0.45834286643279404
-1.6172982140704273,-0.45812751317154654
-1.6160846447365882,-0.45777574980979235
-1.615861947519046,-0.4577111991329487
-1.6157399611038934,-0.457675840336145
-1.6156984289820016,-0.4576638018984471
-1.6155055392581983,-0.4576078911764135
-1.6152446367677396,-0.4575322663772571
-1.6147512087567066,-0.4573892420842853
-1.6144204284300563,-0.4572933626017867
-1.6139592910408835,-0.4571596980193661
-1.6134221822045718,-0.4570040124688
-1.6131908120169614,-0.45693694785804045
-1.6131089285081206,-0.45691321322868
-1.6128211748517387,-0.45682980539139906
-1.6125358749421084,-0.45674710879342034
-1.6120839288662205,-0.45661610839109223
-1.611702597905775,-0.4565055763787491
-1.6105633697539308,-0.4561753614389647
-1.6102076624161412,-0.4560722566509212
-1.609849247671177,-0.45596836709795113
-1.6098094754183079,-0.4559568387732121
-1.609508501255546,-0.45586959886005496
-1.6094532384825122,-0.45585358047669594
-1.6090746663531958,-0.45574384813494867
-1.608868417229807,-0.4556840650776654
-1.6086015575005472,-0.4556067135223289
-1.607957904499082,-0.45542014524206226
-1.6079327588328107,-0.4554128565574734
-1.607767622332925,-0.4553649903427227
-1.607448608954264,-0.4552725216098755
-1.6072194070629826,-0.4552060854981929
-1.60705718734637,-0.45515906473780676
-1.606723114556999,-0.4550622309070705
-1.6066543991513014,-0.4550423131640635
-1.6065146203048313,-0.4550017970801733
-1.6064839215668685,-0.45499289879066784
-1.6064206095417275,-0.45497454726333275
-1.6060504758440426,-0.45486726087254664
-1.605606682013457,-0.45473862346764543
-1.6055386561869576,-0.45471890560501654
-1.6053324152315427,-0.45465912491528987
-1.6052916265524675,-0.4546473019707963
-1.6046327457593093,-0.454456319785985
-1.6041499041062413,-0.4543163640386351
-1.6039817954936788,-0.45426763633182343
-1.6036771407941215,-0.45417932958386753
-1.6035944142254381,-0.45415535058646295
-1.602520956042153,-0.4538441996297554
-1.6023815999029531,-0.45380380607115184
-1.6022172622552577,-0.4537561714104826
-1.6020989551677962,-0.45372187909800854
-1.6018940381791305,-0.4536624821712705
-1.6018539861989125,-0.4536508727651875
-1.6015945985680067,-0.45357568706091766
-1.6010426125810764,-0.45341568924209547
-1.600863654628154,-0.45336381676198473
-1.6007511954754081,-0.4533312195229749
-1.6003849255671039,-0.45322505308430355
-1.6001137043017732,-0.45314643730075366
-1.6000662038270377,-0.45313266888537596
-1.599822422929845,-0.4530620069252087
-1.5997387703196377,-0.45303775950681613
-1.5994893806257577,-0.4529654717893698
-1.5993654874062835,-0.452929560289165
-1.598815528119121,-0.4527701499264555
-1.5987959657531712,-0.45276447960880795
-1.5985055081452832,-0.4526802880082551
-1.5978567627223275,-0.45249224364643875
-1.5977696964524926,-0.4524670067498572
-1.5973303334250584,-0.4523396536508202
-1.597127967066351,-0.4522809960458034
-1.5968417044873209,-0.45219802040993623
-1.5966442675132835,-0.45214079162886434
-1.5963261762317904,-0.4520485901737
-1.5962263758445296,-0.452019662185205
-1.5961975364846193,-0.45201130285219443
-1.5960518169049858,-0.4519690647964229
-1.5960508165558271,-0.451968774836737
-1.5955715523615712,-0.4518298560461586
-1.595433264358125,-0.4517897720957603
-1.5950816514402109,-0.45168785411003587
-1.5949666968535339,-0.4516545335483416
-1.5949654411204481,-0.45165416956345883
-1.5949479306280805,-0.4516490939987676
-1.5948019610880473,-0.4516067834898547
-1.5946476675706172,-0.45156206020551093
-1.5945702665159556,-0.45153962485350274
-1.5945436217401943,-0.4515319016393166
-1.5945027823387814,-0.4515200639925234
-1.5944743447512664,-0.45151182111664845
-1.5933878071045326,-0.45119687896655436
-1.5929132640050463,-0.45105932862532705
-1.5924774290216033,-0.4509329981597565
-1.5923509966514127,-0.45089635066518596
-1.5922496037847924,-0.4508669610830453
-1.5921175751960057,-0.4508286914770623
-1.5919421684497386,-0.4507778483443124
-1.591344002244517,-0.450604464797638
-1.5904881005658227,-0.4503563744385349
-1.5899135235914785,-0.4501898284304528
-1.5895114012122107,-0.45007326984906504
-1.5891695991175003,-0.4499741956136362
-1.587981115172618,-0.44962970346458003
-1.5874012403709632,-0.4494616218363296
-1.587365505117024,-0.44945126366996174
-1.5867685979974797,-0.44927824507994707
-1.5867032836019006,-0.44925931314856143
-1.5864549667983623,-0.44918733641747827
-1.5858933301728146,-0.4490245412792211
-1.5854131026502731,-0.44888534325977075
-1.5854079713687466,-0.44888385591431007
-1.5851409051251035,-0.4488064444990284
-1.5848992887293178,-0.44873640993794767
-1.5844267022962906,-0.4485994267530848
-1.5843636895779152,-0.44858116198235354
-1.5841162158644495,-0.4485094296280766
-1.5839402484018394,-0.4484584239669405
-1.5838356128649622,-0.44842809446932996
-1.5837070672961338,-0.4483908344462156
-1.583550048457294,-0.44834532120435217
-1.5827188389904363,-0.448104388092225
-1.582716128864995,-0.4481036025393857
-1.5824424760257165,-0.44802428194350863
-1.5822785246971722,-0.44797675926072095
-1.5819192592524542,-0.44787262312521386
-1.5817065878015328,-0.44781097850183776
-1.5816028827304862,-0.44778091870763803
-1.5807887261848692,-0.4475449285293311
-1.5795971799111133,-0.4471995487382843
-1.5794492563808518,-0.4471566718487352
-1.5791176825979802,-0.4470605623762229
-1.5784167522324333,-0.44685739176629935
-1.5781713960014678,-0.4467862731822801
-1.5780449463136101,-0.4467496206680371
-1.5776895310232664,-0.4466466005324223
-1.5770851547504763,-0.4464714169450052
-1.5770216142637556,-0.44645299919614395
-1.5768992478849293,-0.4464175302636476
-1.5767640380688828,-0.44637833855196835
-1.5762227377217308,-0.44622143805644365
-1.5762159862040148,-0.4462194810717848
-1.5756563601073812,-0.44605726870238144
-1.5756067705458605,-0.44604289474748493
-1.5755141269097837,-0.44601604120400545
-1.5754975308068537,-0.4460112306828462
-1.575388422112629,-0.4459796046026489
-1.5750424255731659,-0.44587931457184204
-1.5748565051694767,-0.4458254239663392
-1.5742898226288526,-0.44566116622681073
-1.573969696267179,-0.44556837488639994
-1.5738736247488216,-0.445540527742175
-1.573871233334498,-0.4455398345704555
-1.5734292468294047,-0.4454117210341735
-1.5732169258693163,-0.44535017800353727
-1.5727179402732974,-0.4452055427974324
-1.5724927289539614,-0.44514026338686563
-1.5715944650570866,-0.44487989397961675
-1.5712345579196116,-0.4447755718440226
-1.5706873533065593,-0.44461695994696215
-1.5705977356266363,-0.4445909835025324
-1.570296295088915,-0.4445036084066387
-1.5696089340803412,-0.4443043709898939
-1.5677888116794338,-0.44377679307844337
-1.5677459237533398,-0.44376436164940103
-1.5663550535389523,-0.4433612061240146
-1.5663029779256983,-0.44334611156594295
-1.5657977333796074,-0.4431996621500874
-1.5654064040180975,-0.4430862320164151
-1.564059842756674,-0.4426959198167588
-1.5640436297860543,-0.4426912203497483
-1.5636319940341927,-0.4425719042366467
-1.5624837989346014,-0.4422390901510234
-1.5623468050459826,-0.44219938131078124
-1.561414311476368,-0.4419290901426416
-1.5612114819212248,-0.4418702982762102
-1.5611164891009817,-0.44184276380178056
-1.5609628218165208,-0.441798222036373
-1.5608772633719934,-0.44177342219574245
-1.5608566783216895,-0.44176745544436286
-1.5608134572531784,-0.4417549274511662
-1.56055253354616,-0.44167929650221016
-1.5604994771969918,-0.4416639176695177
-1.5603901426619748,-0.4416322261274517
-1.5603503156002407,-0.4416206819158985
-1.5600020459899937,-0.44151973301625075
-1.5595636552432732,-0.4413926617410229
-1.5594490053845842,-0.4413594295073196
-1.5590154583361153,-0.44123376221910177
-1.55854673802733,-0.44109789966313284
-1.558340339851317,-0.44103807340168266
-1.5582754833585384,-0.4410192741973066
-1.558068375734945,-0.44095924229645933
-1.5579994942788138,-0.4409392764223263
-1.5575025853157143,-0.4407952431458814
-1.5574091940080443,-0.44076817288345105
-1.5572747037012034,-0.44072918972761593
-1.5570582058463607,-0.4406664359886176
-1.5566261730133093,-0.4405412076085782
-1.5563914910264,-0.44047318304470984
-1.5558595029406115,-0.4403189817871038
-1.5556763525962332,-0.44026589410678046
-1.5544953230049934,-0.4399235626653361
-1.5542796315041316,-0.43986104265487663
-1.5540623398457103,-0.43979805882518025
-1.5531715612351507,-0.4395398590916405
-1.5525032658483082,-0.43934614800701965
-1.5524536596398308,-0.4393317692268615
-1.5516105504602686,-0.4390873868821047
-1.551596171616381,-0.43908321905228
-1.551488830535386,-0.4390521053297653
-1.5507905098427144,-0.43884969115565337
-1.5505906718056996,-0.4387917664061179
-1.5504185884812798,-0.43874188659537117
-1.5503835315095367,-0.43873172503484936
-1.5490844357723386,-0.4383551711198689
-1.5490290339077333,-0.43833911241963835
-1.5488831811467785,-0.43829683576013156
-1.5487601075028599,-0.438261161820851
-1.5480563153796891,-0.4380571617062143
-1.5477344914717144,-0.4379638783176139
-1.5474501908317269,-0.4378814713664144
-1.5470190162070816,-0.4377564917453585
-1.5469066818065287,-0.4377239306668298
-1.5468101952834559,-0.4376959632299692
-1.5466998327002224,-0.43766397369941046
-1.5461570662063067,-0.4375066482288143
-1.5459959014615312,-0.43745993326096055
-1.545827111676896,-0.4374110081106478
-1.5456156037985105,-0.43734970075863777
-1.5454259328231936,-0.4372947230181458
-1.5452891875784598,-0.43725508624944187
-1.5447589774248314,-0.4371014003405482
-1.5442423895765027,-0.43695166297235466
-1.543452464799197,-0.4367226965775637
-1.5433026928301878,-0.4366792839023698
-1.543117317686924,-0.4366255513452247
-1.5430107637782724,-0.4365946657912887
-1.54298453867098,-0.4365870642215667
-1.5427650667565556,-0.43652344842618046
-1.5426951157771551,-0.4365031725416589
-1.5425283239714844,-0.4364548265224906
-1.5424639530361541,-0.4364361680610582
-1.5418292388628583,-0.43625219077593236
-1.5418177598036855,-0.4362488634732955
-1.5417286653307507,-0.4362230386848477
-1.5415563724254537,-0.43617309812530675
-1.5414374250857676,-0.43613862023029654
-1.5410951307494196,-0.4360394033144552
-1.5403193476319028,-0.43581453599966685
-1.5397421401984706,-0.4356472275307131
-1.539300590516127,-0.4355192406112091
-1.5392178882266703,-0.43549526865134414
-1.5388237337158808,-0.4353810196241978
-1.5381329474953818,-0.4351807893807327
-1.5370436348050294,-0.43486504286071503
-1.5365295602856863,-0.43471603400223957
-1.5362954929861519,-0.43464818761071894
-1.5358322387907273,-0.4345139094540571
-1.5356669804865877,-0.4344660079333108
-1.5354470773115618,-0.43440226713338237
-1.534892953191452,-0.43424164955852795
-1.534878434450904,-0.4342374411784698
-1.5348495440388452,-0.43422906704756137
-1.5344649750125563,-0.43411759645437653
-1.53374780017326,-0.43390971724599336
-1.5337471197376424,-0.4339095200159599
-1.5336776182108978,-0.43388937440910175
-1.53339298055698,-0.43380686977155675
-1.5333880319076452,-0.43380543536358557
-1.5333486448890863,-0.43379401870227796
-1.5333422896258528,-0.4337921765753409
-1.5333170444949644,-0.4337848590600893
-1.5325901359756824,-0.4335741584620266
-1.5318155549179402,-0.43334963957445666
-1.5314271576429,-0.43323705933091006
-1.5309359472379243,-0.43309467782985794
-1.530907718152434,-0.43308649539006283
-1.5308749599309759,-0.43307700014180306
-1.5305755838847628,-0.43299022345627863
-1.5300010450234143,-0.4328236884955714
-1.529991925990913,-0.4328210452666771
-1.5295254223081343,-0.4326858252185518
-1.5290355932190636,-0.43254384410362745
-1.5288325679440855,-0.4324849955061423
-1.5287033051820786,-0.4324475275985039
-1.5286308268492854,-0.43242651913917085
-1.5285622891064707,-0.4324066528932571
-1.52846237658381,-0.4323776924013654
-1.52840377800207,-0.4323607071055673
-1.5282932536794285,-0.4323286706934695
-1.5276148763343387,-0.4321320372677618
-1.5271893914856784,-0.43200870687652093
-1.5261505330041554,-0.4317075849367539
-1.526041892087686,-0.4316760944459054
-1.5252741703795427,-0.43145356379897987
-1.5247675563291456,-0.43130671742068866
-1.5246729039844396,-0.43127928163598034
-1.5245881253960725,-0.4312547078432706
-1.5243741476671808,-0.4311926845841484
-1.5241342805840707,-0.4311231570761798
-1.5239689116230142,-0.43107522348058774
-1.5236189058054799,-0.4309737713265358
-1.5235336659440337,-0.43094906382991277
-1.523353153967113,-0.43089674090276875
-1.5232874419075249,-0.43087769370509826
-1.5230237025878322,-0.4308012466269338
-1.5227584049473355,-0.43072434785627084
-1.5222220249005898,-0.43056887355154005
-1.521396104256543,-0.4303294734495508
-1.5212090002211185,-0.43027523975835297
-1.5206432498010365,-0.4301112522018675
-1.5194384006339692,-0.4297620164543939
-1.5187941138311374,-0.42957526446142696
-1.5181328334012805,-0.429383586721571
-1.5174291903888426,-0.4291796298279447
-1.517074651073721,-0.42907686360117564
-1.5170612537514607,-0.42907298027371726
-1.5168484866082514,-0.4290113079131201
-1.5167442008020355,-0.4289810797879074
-1.516628028809224,-0.4289474063507219
-1.5165950129484096,-0.4289378364235102
-1.5165894736432102,-0.4289362308089282
-1.5164487046738828,-0.42889542772953204
-1.5161600825078452,-0.428811768147363
-1.5157430969987604,-0.4286909013617674
-1.5155008351540018,-0.4286206797118288
-1.5153114091500186,-0.42856577297835513
-1.5152558734552652,-0.4285496754863216
-1.5152077952393148,-0.42853573960775376
-1.514939605213078,-0.42845800245455845
-1.514902927919022,-0.42844737122987475
-1.5142236657537078,-0.4282504813315222
-1.514115095596278,-0.42821901135078133
-1.5131078300046514,-0.4279270468780395
-1.5130751948115595,-0.42791758729059487
-1.5108163004853887,-0.42726282761608353
-1.5106363730111838,-0.4272106741120082
-1.509897776542292,-0.4269965856626442
-1.5094727393101177,-0.4268733850168374
-1.5093699708220532,-0.4268435966991567
-1.5090783463805706,-0.4267590668819923
-1.508334813900987,-0.4265435476880751
-1.508310199057438,-0.4265364128669532
-1.507767339874629,-0.4263790605296953
-1.5077558273468514,-0.42637572352589975
-1.5070494644457513,-0.4261709782494816
-1.5062006584552825,-0.4259249446357779
-1.5061614509047425,-0.42591357999479734
-1.5058467132595983,-0.4258223506195657
-1.5053508038698775,-0.4256786070779404
-1.5052398593210512,-0.42564644885971986
-1.504867682930297,-0.42553857037702686
-1.504370273937132,-0.4253943921626277
-1.5039816596742184,-0.4252817490233061
-1.503884779166569,-0.42525366738667525
-1.5035889711944734,-0.42516792493768885
-1.5034889989923013,-0.425138947147185
-1.5031792154667367,-0.4250491537655213
-1.5027042851019463,-0.4249114911721618
-1.502568713238288,-0.42487219451791236
-1.5022528997075146,-0.42478065328810816
-1.5021585148495582,-0.4247532950367023
-1.50196871113865,-0.42469827882167377
-1.501728245021751,-0.424628577678682
-1.5017218239487744,-0.424626716476233
-1.5008349934138527,-0.4243696611258942
-1.5007380117904552,-0.4243415501800064
-1.500710121194486,-0.42433346585426907
-1.500517930916892,-0.4242777578726501
-1.5004873554229112,-0.4242688953064579
-1.4991204440024128,-0.4238726844406364
-1.49892613460681,-0.4238163622146937
-1.4986050275208178,-0.42372328660302305
-1.4982573565792405,-0.42362251123256556
-1.4982540791980925,-0.4236215612558498
-1.4976716434528936,-0.4234527373163976
-1.497417730460259,-0.42337913848245234
-1.497156017195342,-0.4233032786734444
-1.496914621596395,-0.4232333081121996
-1.4968007405926629,-0.4232002987376251
-1.496786192395377,-0.42319608181928176
-1.4961013513095454,-0.42299757482351136
-1.4951540978104374,-0.42272300536465274
-1.4950115040245724,-0.42268167334670986
-1.4949411526086336,-0.42266128139226206
-1.4948327652368403,-0.4226298643934878
-1.4946667449113653,-0.42258174199439597
-1.4944339406675426,-0.4225142617102835
-1.4941169731882231,-0.42242238599870835
-1.4939293911171303,-0.42236801374481847
-1.4938455846558492,-0.4223437217313876
-1.4936453437516337,-0.42228568020737783
-1.493113964283111,-0.422131655362647
-1.4924353173835387,-0.42193494380428676
-1.492061354858971,-0.42182654759556265
-1.4916684843568693,-0.4217126707492218
-1.4914983091819174,-0.4216633440317785
-1.4913774844273235,-0.421628321952138
-1.4913491411739261,-0.42162010641980696
-1.4911914590632729,-0.4215744009229842
-1.49077545976883,-0.42145382000006526
-1.4906317378247773,-0.42141216097590556
-1.4904506923747394,-0.4213596834170551
-1.4900740711161173,-0.4212505165517208
-1.4896726565195115,-0.42113416312713936
-1.4894066142595128,-0.4210570485221998
-1.4889638082207635,-0.42092869743713823
-1.4876736431533697,-0.4205547321525272
-1.4876694933502819,-0.4205535292969144
-1.4873705355908582,-0.4204668738553627
-1.4865528279573643,-0.4202298543641237
-1.4858669096356212,-0.42003103512238993
-1.4853296567239784,-0.41987530781036736
-1.4847574958864334,-0.4197094621400238
-1.4844700870831944,-0.4196261542613506
-1.4836619663763249,-0.4193919136220849
-1.483061631063103,-0.4192179013410636
-1.4829436192152532,-0.4191836946062948
-1.48287281295908,-0.4191631708125483
-1.4824360640764616,-0.4190365754455525
-1.4823628138218083,-0.4190153432381229
-1.4807886973016213,-0.4185590722171815
-1.47997630034594,-0.4183235920709379
-1.4799284775202337,-0.41830973021939793
-1.4799107670421128,-0.4183045966871404
-1.479855191724175,-0.4182884877099906
-1.4785010046092195,-0.41789596509202537
-1.4781334664758807,-0.41778943104757393
-1.4776724213351546,-0.4176557932041478
-1.4768637785191954,-0.4174214012271353
-1.476845539399804,-0.41741611446372306
-1.476694957493375,-0.41737246702130004
-1.476605539461247,-0.4173465484464764
-1.4761579737396588,-0.417216817726985
-1.475887238812111,-0.4171383429125652
-1.4753217357581079,-0.41697442705723536
-1.474933774495945,-0.4168619731957183
-1.4748541623364517,-0.41683889693622583
-1.4746493270564263,-0.4167795236934299
-1.4746477621090786,-0.4167790700801714
-1.474529117365674,-0.41674467989525915
-1.4745236092331166,-0.41674308331633175
-1.474095456498493,-0.4166189796157223
-1.47409544398326,-0.416618975988076
-1.4735212225301604,-0.4164525330308412
-1.4732564571772648,-0.41637578854825275
-1.4731747591466737,-0.41635210768133557
-1.472885218296747,-0.4162681818108513
-1.4727737337694577,-0.4162358670752946
-1.4726419978288738,-0.4161976822958745
-1.4720990103920113,-0.4160402927830917
-1.471788220473197,-0.415950207689811
-1.4717458360293367,-0.41593792219936343
-1.4715091406564458,-0.415869314038496
-1.471264007051132,-0.41579825998440967
-1.471058390548095,-0.4157386602974996
-1.4707720014485282,-0.4156556479885822
-1.4704582817690133,-0.41556471367931985
-1.469994244762441,-0.415430208618209
-1.4699406961837067,-0.41541468710860296
-1.4693421403509515,-0.41524119062508413
-1.4690244094744402,-0.4151490936363597
-1.4687258977479423,-0.4150625674812337
-1.4681957801153371,-0.4149089083903431
-1.4680368129871026,-0.41486283042027833
-1.467465591821146,-0.41469725712171257
-1.4672513640302776,-0.41463516138000595
-1.467154463041551,-0.41460707380676115
-1.4666753261394279,-0.4144681919128868
-1.4665129926106868,-0.41442113816309023
-1.4664241965710507,-0.4143953998780645
-1.465670142213954,-0.4141768308287308
-1.4655841121214843,-0.4141518942769448
-1.465281851162423,-0.41406428137496903
-1.4651452030103103,-0.41402467274938465
-1.4640937488263863,-0.4137198998384727
-1.4640890993038005,-0.41371855213492603
-1.4640508161478067,-0.4137074554375429
-1.4639048524066904,-0.41366514660949544
-1.4638098294524284,-0.41363760340046485
-1.4637446637788798,-0.41361871457742083
-1.462922502912871,-0.41338040427897654
-1.4626404285504073,-0.4132986426331949
-1.4626194145367144,-0.4132925515431398
-1.4621340007578914,-0.41315185024332984
-1.462049951616716,-0.41312748788707376
-1.4620098477586194,-0.4131158634437479
-1.4616589041105224,-0.4130141394515549
-1.4611487578697417,-0.41286626923793013
-1.4607394876956663,-0.41274763880760856
-1.4604551800363839,-0.4126652298218068
-1.4602954914231647,-0.41261894272320154
-1.4598868285899353,-0.41250048833577396
-1.459727892682791,-0.41245441941540684
-1.45969458881689,-0.4124447660074786
-1.4594953633810879,-0.4123870188255991
-1.4591014667969913,-0.41227284456069163
-1.4590480710182256,-0.4122573673414521
-1.4584117451139194,-0.4120729228824265
-1.4583974499305083,-0.41206877930230024
-1.458171056481542,-0.41200315724143644
-1.4578849725662417,-0.41192023339276645
-1.4577447179347265,-0.41187957939854647
-1.4565045996690906,-0.41152012060379195
-1.456456528379891,-0.4115061867330017
-1.4564023614183936,-0.41149048597990834
-1.456218053251199,-0.41143706269482405
-1.456169044975452,-0.41142285723053806
-1.4559175595094864,-0.41134996203578184
-1.455834200946542,-0.41132579984948164
-1.4551345688622503,-0.4111230055573888
-1.4538931397169308,-0.4107631667930425
-1.4538801160343444,-0.41075939176821175
-1.4535499992257426,-0.4106637046120457
-1.4528110820532407,-0.41044952320402106
-1.4525565334666601,-0.41037574013778116
-1.452094726682624,-0.4102418815255835
-1.4516221255220172,-0.41010489407180684
-1.4516078315336354,-0.41010075083806985
-1.4514806494776904,-0.4100638860407266
-1.4514242810006357,-0.41004754715968134
-1.4506052997612273,-0.4098101585029684
-1.4504601837075228,-0.40976809538430503
-1.450227482050269,-0.4097006448357792
-1.4496415458898975,-0.40953080627130806
-1.4494633103329193,-0.4094791431837871
-1.4492077664809766,-0.40940507163144285
-1.4491201473190287,-0.4093796744743942
-1.4487354447828367,-0.40926816518223197
-1.4486249999701557,-0.4092361518167706
-1.4481942138227397,-0.40911128479913345
-1.4479190959308894,-0.40903153954534577
-1.447540517256932,-0.4089218053065789
-1.4472270373654925,-0.40883094050192337
-1.4470844384513015,-0.4087896069974918
-1.4469325718445745,-0.40874558717379406
-1.4467394540839575,-0.4086896103533564
-1.4463163170355096,-0.40856696049191504
-1.4461730128771577,-0.4085254225664833
-1.4458368208739436,-0.4084279744636449
-1.445752630833849,-0.40840357126664245
-1.445003772405094,-0.40818650830119685
-1.4449857391768859,-0.40818128121708974
-1.4444091540762023,-0.40801415313656036
-1.4431635347080445,-0.4076530998005937
-1.4427847540153562,-0.4075433070049847
-1.4423271115594434,-0.4074106554586045
-1.4416234401670258,-0.4072066903388004
-1.441592255418369,-0.40719765117497425
-1.440185732116049,-0.4067899584693217
-1.438019583296206,-0.4061620818662459
-1.437791258634983,-0.4060959000271341
-1.4376917971287657,-0.406067070266183
-1.4374479484668452,-0.4059963886638348
-1.4369568829136028,-0.4058540491492858
-1.4364533114932276,-0.40570808470310593
-1.4364122319297534,-0.40569617744330294
-1.4362795165471938,-0.4056577087643211
-1.4360676387050144,-0.40559629417516824
-1.4357311864834013,-0.40549877064582035
-1.4355405072287355,-0.4054435006470095
-1.4354958136585123,-0.40543054583670574
-1.4354404124839328,-0.4054144873364851
-1.4351913139231791,-0.40534228400644395
-1.4351102119631416,-0.4053187759156312
-1.4349338823986872,-0.40526766529620495
-1.4349020505282641,-0.40525843855864774
-1.4343864793358896,-0.4051089958768029
-1.433762727226797,-0.4049281960389383
-1.4337605979709647,-0.4049275788560806
-1.4335945655502769,-0.4048794529510887
-1.4334905683448897,-0.4048493084792733
-1.433152322467631,-0.4047512650436274
-1.432899445074743,-0.40467796638705
-1.4327981878842502,-0.4046486161317854
-1.432705296070769,-0.4046216906519808
-1.4324147269826173,-0.4045374667379282
-1.432255314539471,-0.4044912596895602
-1.4321724261712718,-0.40446723379319405
-1.4319739784275647,-0.40440971203196263
-1.4318653546382583,-0.4043782265055675
-1.431811598611661,-0.4043626448654394
-1.4312625579666538,-0.40420350077894823
-1.431181165930695,-0.4041799086071698
-1.4298741284837635,-0.40380105272028216
-1.428656567702058,-0.40344813240351884
-1.4281354036876965,-0.4032970685947974
-1.4278066430909975,-0.4032017745481514
-1.4277791780520983,-0.4031938135737391
-1.4276425824913872,-0.4031542201922187
-1.4275855428708075,-0.40313768677453177
-1.4270844660296826,-0.40299244540330037
-1.4270129591252074,-0.4029717185207025
-1.4260375680896444,-0.40268899315831286
-1.4259167129875785,-0.40265396228220024
-1.4258004580183772,-0.4026202647936047
-1.4247454850598564,-0.40231447193603875
-1.4245447300331051,-0.4022562813892525
-1.4244956790540724,-0.402242063547057
-1.4243492401709559,-0.4021996169950716
-1.4243207015044226,-0.4021913448205861
-1.4237899318851555,-0.4020374967458332
-1.4234665789456908,-0.40194377015449023
-1.4233238767134986,-0.40190240670245975
-1.4232065900743283,-0.4018684101755758
-1.4226304119886959,-0.4017014000718102
-1.4225334855971665,-0.40167330513534766
-1.4223695254810367,-0.401625779905404
-1.4218906616912965,-0.40148697717546966
-1.4212681443233266,-0.4013065352377892
-1.4211183085341417,-0.4012631040637762
-1.4206850981597376,-0.40113753436339084
-1.4205111406378146,-0.4010871113006058
-1.4193534989158154,-0.4007515590313761
-1.4187107724988328,-0.40056525932947856
-1.418382980107596,-0.40047024592539554
-1.4181969282826739,-0.40041631722633375
-1.418148854332068,-0.4004023825841124
-1.417546982812993,-0.40022792502079857
-1.4174240487578709,-0.40019229154251434
-1.4173950967927764,-0.4001838995699363
-1.417117505395468,-0.40010343734961773
-1.416963960054065,-0.4000589309304395
-1.4166801872040702,-0.3999766769636448
-1.41656343096219,-0.39994283417691284
-1.4165238118180232,-0.39993135023202947
-1.416405992940908,-0.3998971994314641
-1.415866590018391,-0.39974084892055883
-1.4153060908542887,-0.3995783834851467
-1.414954551175525,-0.3994764867284112
-1.4148816453999744,-0.3994553543711705
-1.4146420906935713,-0.39938591740823914
-1.4143339691792547,-0.3992966057746287
-1.4141438746163029,-0.3992415052536691
-1.4141116274955,-0.399232158152268
-1.4135158637470446,-0.3990594709780586
-1.4134811036562305,-0.3990493954709914
-1.4129384972224073,-0.3988921163951701
-1.4126059442803456,-0.39879572310506384
-1.4124795691436622,-0.39875909220011074
-1.412333268130088,-0.3987166856107812
-1.41230148715525,-0.3987074736257409
-1.4120118584334826,-0.39862352228485853
-1.4115146601952868,-0.39847940515957425
-1.4107120242462563,-0.39824675432387574
-1.4106759120451715,-0.39823628689618157
-1.4106715986836948,-0.3982350366317828
-1.4106488239174124,-0.3982284351726594
-1.410546214022692,-0.3981986928246043
-1.4101384920324775,-0.3980805111485025
-1.410048066445909,-0.3980543005254807
-1.4096381402474816,-0.39793547994093786
-1.4096117929416343,-0.3979278429509287
-1.4096061893040788,-0.39792621868906775
-1.4090705354002369,-0.397770954863015
-1.4089681712081787,-0.39774128373395984
-1.4089000196738648,-0.3977215294338548
-1.4080056695351513,-0.3974622944625952
-1.4077798694222583,-0.3973968443852236
-1.4077175190856526,-0.3973787716114649
-1.4076131425836471,-0.3973485171973084
-1.407379614929235,-0.3972808272265024
-1.4069581962583082,-0.39715867545135636
-1.406520816377091,-0.39703189718406623
-1.4056658139344,-0.39678406747614375
-1.4054362553013662,-0.3967175279598391
-1.4053739765470015,-0.39669947593479993
-1.405296833934138,-0.3966771154943384
-1.4052455661352015,-0.3966622550880964
-1.4043077829435318,-0.3963904306781512
-1.4042410845501272,-0.39637109758326056
-1.404110458771224,-0.3963332345936171
-1.403136652366677,-0.39605096854996413
-1.402836410147792,-0.39596394079694613
-1.4028257930079953,-0.39596086332894914
-1.4027628642360686,-0.39594262289080784
-1.402186649624484,-0.39577560219968533
-1.4016440672511457,-0.39561833009799974
-1.400479814031824,-0.3952808614302094
-1.4001818344137533,-0.39519448951122316
-1.3996682504196971,-0.39504562283566125
-1.3995834706955015,-0.3950210487137219
-1.3993556745484614,-0.3949550200689274
-1.3991852429912228,-0.39490561903690435
-1.3987055771555563,-0.39476658382715746
-1.398640327534665,-0.3947476706712644
-1.39849337181882,-0.3947050743109303
-1.3983982129733645,-0.394677491712685
-1.3976149309847803,-0.39445045078653196
-1.397575068531806,-0.39443889631652757
-1.3973810648603695,-0.3943826627073268
-1.3970880341120109,-0.39429772526018975
-1.3969178047650919,-0.3942483828405424
-1.3965963448988261,-0.39415520497251827
-1.3963229120386842,-0.39407594813945934
-1.396242401995169,-0.3940526116206694
-1.39623843737373,-0.39405146244152767
-1.3959265213939396,-0.39396105094992473
-1.395722240753986,-0.39390183847425675
-1.395608268390899,-0.3938688026183987
-1.3952161335941247,-0.3937551390224855
-1.3951729990972013,-0.3937426361227975
-1.3949362358606898,-0.3936740082910842
-1.3946965629619743,-0.3936045370691089
-1.3946767108834832,-0.39359878277582455
-1.3946357795909108,-0.3935869184935996
-1.3929472086171897,-0.39309747187879623
-1.3927698841876228,-0.39304607288928134
-1.3927375081036981,-0.393036688406826
-1.3923308316559544,-0.39291880979007476
-1.3922559832225219,-0.39289711433697455
-1.3918399776867012,-0.3927765316049392
-1.3915377131905258,-0.3926889176777008
-1.3908256691607188,-0.3924825256779545
-1.3904738856973837,-0.39238055825819373
-1.3896335818913996,-0.39213698907475636
-1.3894317255244673,-0.39207847929517997
-1.3892847629516494,-0.3920358809472942
-1.3892789199298914,-0.39203418729789213
-1.389205971562245,-0.39201304259497133
-1.3889800204840652,-0.39194754875903126
-1.3889261524450456,-0.3919319346511527
-1.3885250160042335,-0.39181566185238664
-1.3884295280113919,-0.3917879838479806
-1.3876951390040966,-0.39157511496703706
-1.3876909480304214,-0.3915739001777803
-1.387551162187855,-0.3915333820660123
-1.3867046102256717,-0.3912880018015199
-1.3866508458642974,-0.3912724177454861
-1.3861188851350645,-0.3911182244174096
-1.3860654047812575,-0.3911027226833773
-1.385990801421364,-0.39108109826692045
-1.3858952421671011,-0.3910533996067871
-1.3856379186767709,-0.3909788122111657
-1.385596942468761,-0.3909669349098205
-1.3855007759947366,-0.3909390602418904
-1.3851607410497637,-0.39084049822979733
-1.3848104084719661,-0.3907389513615124
-1.384668420428267,-0.39069779492307255
-1.3845457753616721,-0.39066224521056336
-1.3845301317301015,-0.390657710771304
-1.3843161350886333,-0.3905956820302111
-1.3840490538816683,-0.3905182662776836
-1.3838796040618238,-0.3904691498105686
-1.383747269374766,-0.39043079147940624
-1.3836935379551842,-0.39041521697183024
-1.3836273720730485,-0.39039603822984614
-1.383329902379287,-0.39030981411674454
-1.3833016826694802,-0.39030163439457083
-1.3830063596227073,-0.39021603250530107
-1.3829188076511447,-0.39019065482395543
-1.3818645479053098,-0.3898850686971341
-1.381728273863039,-0.3898455685104596
-1.3809780928801427,-0.3896281221914818
-1.3805974272865715,-0.3895177830413689
-1.3796010519653563,-0.389228975205849
-1.3793351624868366,-0.38915190488591644
-1.3785155065448726,-0.3889143206609469
-1.378479975373704,-0.3889040216497005
-1.3783028690248718,-0.38885268587273575
-1.3782474822701878,-0.3888366315522441
-1.3782370828528472,-0.3888336171929472
-1.3779623337335556,-0.3887539788310125
-1.3776721128296927,-0.38866985584112845
-1.3776116360862127,-0.38865232614422435
-1.3772458129637213,-0.3885462892102092
-1.3765241976947509,-0.3883371229056329
-1.3764153215358628,-0.38830556422777457
-1.3757130453359485,-0.3881020035163479
-1.3756505764185891,-0.3880838963709523
-1.375619138807709,-0.38807478391286665
-1.3752793870943414,-0.38797630399785593
-1.3750074158054535,-0.38789747081361825
-1.3749976154394872,-0.3878946300944417
-1.374754209844857,-0.3878240769189045
-1.3747365715408166,-0.38781896430691615
-1.3746354705821078,-0.3877896593367588
-1.3741819878966905,-0.38765821353512914
-1.3732883227596366,-0.38739917711740907
-1.3730851860992277,-0.3873402962339123
-1.3729049875786468,-0.3872880641647463
-1.372267495581326,-0.3871032817037728
-1.3721739183467847,-0.38707615754886204
-1.3718778672805836,-0.386990344636988
-1.3718210103790194,-0.38697386418195706
-1.3717237625577807,-0.3869456760763678
-1.3715341404036216,-0.38689071248710255
-1.371187608796695,-0.38679026736245437
-1.370562961550999,-0.38660920806165505
-1.3705612326646746,-0.38660870692929383
-1.3701987743928268,-0.3865036453257698
-1.3694761084137517,-0.3862941744639603
-1.3693337973467135,-0.38625292439446673
-1.3688019877048696,-0.38609877486035094
-1.3682700638350989,-0.3859445922163023
-1.3678171053416568,-0.38581329835616135
-1.3674488777684257,-0.38570656447171114
-1.366729466529903,-0.385498037024049
-1.3664459991890032,-0.38541587161165597
-1.3662820192072018,-0.3853683406234788
-1.3659920698522137,-0.3852842963443386
-1.3659778843740085,-0.38528018456319646
-1.365856645341362,-0.3852450424015495
-1.365717948871905,-0.3852048400538145
-1.3655378111902188,-0.385152625619318
-1.3642500044530619,-0.3847793439167236
-1.3641608107457814,-0.384753490364359
-1.3641403228596651,-0.3847475517768432
-1.3636946968309591,-0.384618383293781
-1.3633397665508775,-0.3845155037425032
-1.3625183477108629,-0.3842774085265852
-1.3623553514683318,-0.3842301626835771
-1.3619901558925926,-0.38412430764930944
-1.3613727855813855,-0.38394535762967563
-1.3607510431014205,-0.383765140299854
-1.3603049918728003,-0.38363584856899124
-1.3594398270887438,-0.3833850732202534
-1.3590348468319164,-0.3832676862588219
-1.3587931730219753,-0.38319763505576143
-1.3584733303373184,-0.3831049259415392
-1.358254141896388,-0.3830413923133488
-1.3581478389765456,-0.38301057951064743
-1.3581454369903647,-0.38300988327458557
-1.357991176990962,-0.3829651697057263
-1.3578214723980946,-0.3829159793904904
-1.3569949127530698,-0.3826763940686493
-1.356763334200258,-0.38260926906146947
-1.3566034944509764,-0.3825629381547948
-1.3565990031896724,-0.3825616363246226
-1.3563271280226183,-0.38248283100211344
-1.356302574278144,-0.38247571389107665
-1.3554742644968882,-0.38223562127740873
-1.3550264941998034,-0.38210583125997494
-1.3548871198844037,-0.3820654324328455
-1.3544465883435493,-0.38193774063028535
-1.3544380333514827,-0.38193526089329366
-1.3542826173209954,-0.38189021223902203
-1.3538218656959322,-0.3817566594735997
-1.3535038077663064,-0.38166446768575696
-1.3529096384498023,-0.3814922426711683
-1.3526685657890256,-0.38142236571629057
-1.3518885373054144,-0.3811962678461414
-1.3514142611206013,-0.38105879487239563
-1.3512097761259207,-0.3809995231627771
-1.3509415244854759,-0.3809217681501809
-1.3503047049771608,-0.3807371806158479
-1.350149415438766,-0.38069216862638194
-1.3498688698700207,-0.3806108501144227
-1.34979901340781,-0.38059060162651
-1.3495495284175234,-0.38051828628659207
-1.3495165088214476,-0.3805087152766831
-1.349216523602492,-0.3804217620172739
-1.3490587722233012,-0.3803760364423783
-1.3489790405186182,-0.38035292553169886
-1.3485440603365533,-0.380226842837556
-1.3479481775301319,-0.38005412115338544
-1.3473261271331822,-0.3798738145712149
-1.3469447278916016,-0.3797632627670056
-1.3464603446878827,-0.37962286018812835
-1.3464435243091402,-0.37961798465872304
-1.346075397868781,-0.3795112800884933
-1.345885233159507,-0.3794561592350274
-1.345438006354542,-0.3793265267533928
-1.345052393447832,-0.3792147535826165
-1.3450150900530033,-0.37920394087731496
-1.3447711609331858,-0.379133235953563
-1.3446243993399907,-0.37909069586132516
-1.3446080305431647,-0.37908595122676747
-1.3440820579926787,-0.37893349362307704
-1.343650624198343,-0.3788084388794886
-1.3433449754974125,-0.37871984401180603
-1.3426437879791553,-0.3785165988639891
-1.3426110602156232,-0.3785071124442175
-1.3424619935863475,-0.37846390421772624
-1.3424440750808404,-0.37845871038696677
-1.342044772361829,-0.37834296910801335
-1.3414304217989026,-0.3781648943880245
-1.3413234030189154,-0.37813387408719007
-1.3411549403112393,-0.37808504374290725
-1.3410343708340569,-0.37805009565758907
-1.340791015076562,-0.3779795569277681
-1.3406550027390454,-0.3779401325984358
-1.339965395254676,-0.3777402440216329
-1.3394262337470266,-0.3775839634868742
-1.338082904569477,-0.37719458813413465
-1.3379413872037942,-0.3771535681257091
-1.337609764001921,-0.37705744432867994
-1.3372600765541078,-0.3769560844567913
-1.336933740485897,-0.37686149318028606
-1.3366295307931362,-0.3767733154213233
-1.3363260684123213,-0.376685354277065
-1.3362699544698817,-0.3766690891750362
-1.336028824194945,-0.3765991955202055
-1.3359964522261165,-0.3765898122305457
-1.3357662646472628,-0.37652309040896215
-1.3357643457838728,-0.3765225342101377
-1.3357498104148993,-0.3765183210101895
-1.3356894586848458,-0.37650082754948705
-1.3356769808406017,-0.3764972107405283
-1.3353753626529412,-0.3764097841512933
-1.3352142327269447,-0.3763630792759579
-1.3351885496488156,-0.37635563481798523
-1.334913158705775,-0.3762758104179946
-1.3348257871618048,-0.3762504850351165
-1.3347835314572587,-0.3762382368608507
-1.3347672503996617,-0.3762335176582526
-1.3337450082935032,-0.3759372121157819
-1.3332585814627094,-0.37579621717426814
-1.3330546269769123,-0.37573709923714815
-1.3329394157576444,-0.37570370428832106
-1.3319015920025858,-0.3754028822727937
-1.3318441032893702,-0.3753862186817983
-1.3316719203678218,-0.3753363100019794
-1.3299809897862722,-0.37484617943483883
-1.3299526231216425,-0.37483795711656365
-1.3299335213293537,-0.37483242030009695
-1.329281954565956,-0.3746435581488303
-1.3292679667031262,-0.3746395036481804
-1.3288156634263137,-0.37450839970813543
-1.328786201759188,-0.37449985999410185
-1.328676585238342,-0.3744680867160522
-1.3284172727796002,-0.37439292280107156
-1.3276737613484135,-0.37417740970821056
-1.3266300195485352,-0.37387487229721067
-1.326094424992271,-0.3737196256735563
-1.3258462488065388,-0.3736476897017364
-1.3257589714812539,-0.37362239162894323
-1.3257217354633082,-0.3736115984534025
-1.3256512491021004,-0.37359116738392434
-1.3249843143169673,-0.3733978506812461
-1.3237314575612853,-0.3730346995271369
-1.3237190832850467,-0.37303111273824274
-1.323660180431814,-0.3730140392467723
-1.3235186030487769,-0.3729730018418076
-1.3235167083279264,-0.37297245264090295
-1.3235157986654016,-0.3729721889675068
-1.3235043242205593,-0.37296886300237286
-1.323397987365685,-0.37293804036331457
-1.3229353191864073,-0.37280393206840207
-1.3227047505339184,-0.3727370997893941
-1.32241946289799,-0.37265440674905187
-1.3223883600833037,-0.3726453913344819
-1.321627517182343,-0.37242485456814645
-1.3212359503712747,-0.37231135560770634
-1.3205385558660785,-0.3721092098968875
-1.3204762669768426,-0.37209115493417005
-1.3201273750607896,-0.3719900256539077
-1.3198818317925078,-0.3719188528555363
-1.319706262457246,-0.3718679625949879
-1.3194655590912345,-0.3717981926833291
-1.3193533735540923,-0.3717656747541223
-1.3191525192169835,-0.37170745542138683
-1.3191351778822598,-0.3717024288884731
-1.319126374225257,-0.37169987707384106
-1.3189144473533814,-0.371638448273015
-1.318116960069875,-0.37140728982167626
-1.318011838690412,-0.37137681949847257
-1.3179577264989835,-0.3713611346209481
-1.3178133730898616,-0.3713192925612837
-1.3175872664796326,-0.3712537536430602
-1.3174702233712015,-0.37121982770562595
-1.3174131188775762,-0.3712032754839368
-1.3169929937842118,-0.371081498663216
-1.3160153816208984,-0.370798129488114
-1.3159151285001207,-0.3707690702709703
-1.3153551143297628,-0.37060674541510735
-1.3153257690876996,-0.37059823944786524
-1.3147588889336486,-0.37043392442840944
-1.314720670734557,-0.37042284655933533
-1.3141664265928108,-0.3702621941951919
-1.3137685538952524,-0.3701468674200824
-1.313577799649264,-0.3700915756844009
-1.3130953337825781,-0.3699517288619204
-1.3130557594972188,-0.3699402579197429
-1.312644955003171,-0.3698211827537671
-1.3125991126219754,-0.3698078949508615
-1.3123323888824263,-0.3697305828132958
-1.312221538686438,-0.3696984519440453
-1.3109063362018216,-0.36931722935175004
-1.309869858032366,-0.3690167973656195
-1.3092742397708979,-0.36884415236204676
-1.3081934965950412,-0.36853088978847015
-1.3077315986219942,-0.3683970047443642
-1.3077203715046934,-0.3683937504692154
-1.307592678625857,-0.3683567376055255
-1.3072278581648507,-0.36825099130144384
-1.3071802469358735,-0.3682371907830102
-1.3066811987618276,-0.3680925374381334
-1.3052084200603524,-0.36766564004322966
-1.3051921668932072,-0.3676609289249155
-1.3048169739872135,-0.36755217607970214
-1.30479426345257,-0.367545593238664
-1.304457654461712,-0.36744802426842127
-1.3039942944712137,-0.3673137154461601
-1.3039774888847937,-0.367308844204435
-1.3039346186514769,-0.36729641790379425
-1.3035572826297177,-0.3671870438583039
-1.3030646845140403,-0.3670442601175379
-1.3027711515917826,-0.3669591771110381
-1.3024666281279424,-0.3668709084028675
-1.3019864033100994,-0.36673171116739695
-1.3014249355966288,-0.36656896498973757
-1.300824095552459,-0.3663948064081714
-1.3005683171460751,-0.36632066686823334
-1.3001274156865243,-0.36619286784160215
-1.3000351686753258,-0.366166129263207
-1.2998551938313827,-0.3661139620286113
-1.2996511618504876,-0.36605482162887976
-1.2984714736074365,-0.3657128789885819
-1.2974922398574427,-0.3654290397828305
-1.2974705092822585,-0.3654227409913511
-1.2974149393982273,-0.36540663358926534
-1.2972851207505625,-0.36536900455345533
-1.2969342083063697,-0.36526728960597876
-1.296583677677181,-0.36516568533081867
-1.296470227339985,-0.36513280078859156
-1.2961483260151385,-0.3650394949600543
-1.2957779744505054,-0.364932145418686
-1.2954594694569603,-0.3648398240455754
-1.2954045829973835,-0.36482391473986275
-1.2948508661871383,-0.36466341522722634
-1.2946260623035273,-0.3645982539153595
-1.2942782852719208,-0.3644974477938075
-1.2941447044509482,-0.36445872826016323
-1.2941170335215788,-0.36445070760665255
-1.2940247652042673,-0.3644239628524998
-1.292950647156116,-0.36411262062836547
-1.2928452475402301,-0.36408206965597534
-1.2927916116427662,-0.3640665228362952
-1.2923876609804492,-0.3639494343115629
-1.292241397803059,-0.36390703868937224
-1.2921402422470718,-0.36387771789373086
-1.2918911251783325,-0.36380550919899324
-1.2908982440248,-0.3635177141776044
-1.2896113760969319,-0.36314470459684267
-1.2893066049371829,-0.36305636409191266
-1.2891192386149526,-0.36300205437466004
-1.2890633346793208,-0.36298585014488527
-1.288897520593611,-0.3629377875261382
-1.288846310851634,-0.36292294394819813
-1.2886970444341224,-0.3628796778113927
-1.2885758214918142,-0.3628445403136667
-1.2881058221437125,-0.36270830701730655
-1.2875189737299482,-0.36253820402845394
-1.2874320325246722,-0.3625130033828954
-1.2868879900900643,-0.3623553080700703
-1.2868443452586698,-0.3623426572456086
-1.286697194530434,-0.3623000043592794
-1.2861775679321494,-0.3621493861836445
-1.2859512668915436,-0.3620837909081274
-1.2854746957561776,-0.361945652723504
-1.2849924158041603,-0.36180585978996666
-1.2845900476942043,-0.3616892299814553
-1.284528858238012,-0.3616714936987282
-1.283791809369775,-0.3614578538345367
-1.2836092753826938,-0.3614049448106024
-1.2833711939804782,-0.36133593489738247
-1.28316204627332,-0.3612753116610154
-1.2830528324877308,-0.361243655119195
-1.2826609833288891,-0.3611300743178585
-1.282267231797322,-0.3610159420976568
-1.282074735882572,-0.3609601455245163
-1.2820572303862545,-0.3609550714079727
-1.2820464130892506,-0.3609519359227119
-1.2820275952376974,-0.360946481408875
-1.281905843072545,-0.36091119051142023
-1.2818445265601845,-0.3608934174003852
-1.2814379855769136,-0.3607755780491601
-1.2812740683982389,-0.36072806526500173
-1.2812674871371288,-0.36072615763066385
-1.2811764682497653,-0.3606997750343759
-1.280661746026021,-0.3605505784332876
-1.2805845819345179,-0.36052821176706
-1.280529936309894,-0.3605123722694007
-1.2802059650191622,-0.36041846644369957
-1.2799955828023484,-0.36035748537424095
-1.2793770393409114,-0.3601781953070654
-1.2786161421890192,-0.35995764281563747
-1.2779390420505836,-0.3597613795991083
-1.2774533224916933,-0.359620589666353
-1.2772411805519979,-0.35955909852629575
-1.27645738225441,-0.35933190794359987
-1.2761615037006249,-0.3592461450359124
-1.2756175578195361,-0.35908847770994357
-1.2752862211702682,-0.35899243697261696
-1.2749716867516019,-0.3589012665043031
-1.2746875877809098,-0.3588189180086589
-1.27412094579289,-0.35865467202364676
-1.2737755896092102,-0.35855456760539356
-1.2737104069858223,-0.3585356738692951
-1.273509068816145,-0.358477314293587
-1.2730555610669427,-0.35834586122700673
-1.2730131115955314,-0.358333556887772
-1.272594053313456,-0.35821208929134934
-1.2723059432207815,-0.3581285781379866
-1.272119385586184,-0.35807450282570163
-1.2718997558709004,-0.3580108412903981
-1.270610409970178,-0.35763711344819293
-1.2696258338425428,-0.3573517257089821
-1.269370440355339,-0.35727769774113227
-1.2690205537695667,-0.3571762801474175
-1.268902582534365,-0.357142085184569
-1.2686837734564986,-0.3570786615179794
-1.2684833089877212,-0.3570205551918857
-1.2681119274934995,-0.35691290711669293
-1.2671927514586077,-0.3566464761489175
-1.2667917657038734,-0.35653024702778874
-1.2653597148142481,-0.35611515493449714
-1.264354630900022,-0.3558238228394492
-1.2634016254095362,-0.3555475861171162
-1.2626523195407593,-0.3553303934573863
-1.2622452658687942,-0.3552124054989959
-1.262153798626547,-0.3551858929432431
-1.2617497618679137,-0.3550687794627636
-1.2612271743495953,-0.35491730303934993
-1.2606702842596407,-0.3547558837246822
-1.260024927276305,-0.35456882153082175
-1.2597929091424949,-0.3545015691073621
-1.2594920768907572,-0.3544143703283186
-1.259167060730054,-0.3543201616381965
-1.259026771413983,-0.3542794975903639
-1.2586127117080363,-0.35415947887361704
-1.2583532628390488,-0.35408427541897003
-1.257877848517161,-0.3539464725465421
-1.2576767747061346,-0.3538881895974308
-1.2570256784017655,-0.3536994638127027
-1.2562222340162994,-0.3534665786448483
-1.255766876972038,-0.35333458954441416
-1.2552100177901238,-0.35317317918870406
-1.2547442342592208,-0.35303816788270653
-1.2546932399674604,-0.35302338675483874
-1.2545020298968215,-0.3529679628945172
-1.2544307069568477,-0.35294728933558994
-1.2544215997882722,-0.35294464954555504
-1.2543934275123896,-0.35293648357250645
-1.2543005765150272,-0.35290956992360006
-1.254091102347305,-0.3528488520598703
-1.2538711080004472,-0.35278508483301335
-1.2538176261730227,-0.3527695826718405
-1.2538019375084346,-0.3527650351793792
-1.2529646367174534,-0.3525223364453041
-1.2529250149989104,-0.35251085175421604
-1.2526719019224848,-0.3524374847827667
-1.2521862804954529,-0.3522967232943629
-1.2521777167716046,-0.3522942410263902
-1.2521124345728611,-0.35227531842753035
-1.2510522007163953,-0.3519680006540858
-1.250271820521992,-0.3517418008375815
-1.250172774083547,-0.35171309138754375
-1.249720264002783,-0.3515819275036198
-1.2493239557548308,-0.3514670541974944
-1.2493032621610336,-0.351461055983863
-1.2492440516369556,-0.3514438933113892
-1.2491367565188825,-0.35141279291161726
-1.2486531466579893,-0.3512726144927155
-1.2484686574807387,-0.35121913874033184
-1.2481602681343675,-0.3511297494733292
-1.247958768588088,-0.3510713431212446
-1.2478410544470229,-0.3510372226793115
-1.2465910832494527,-0.3506749079286888
-1.2464094097787934,-0.3506222483327359
-1.2460518832654564,-0.35051861624123465
-1.245868179959194,-0.3504653682802204
-1.2452829427495813,-0.3502957323125533
-1.2451761094330167,-0.35026476576986454
-1.2448974706046323,-0.35018399994276694
-1.244796308317292,-0.35015467719598564
-1.2445910021610485,-0.35009516746572533
-1.2444611635963978,-0.35005753265680806
-1.2443829837725229,-0.3500348715719399
-1.244369662047096,-0.3500310101568647
-1.2441929827376343,-0.3499797981608825
-1.2440601367697675,-0.3499412916306419
-1.2436870343873403,-0.34983314474141086
-1.2434513759330639,-0.3497648371401962
-1.243347607068157,-0.34973475885480526
-1.2429971673837075,-0.34963318094074886
-1.2425118059649087,-0.349492494817936
-1.2424911767960516,-0.34948651527841973
-1.242419258019662,-0.34946566901125514
-1.241969051935906,-0.34933517296040045
-1.2419687728912931,-0.3493350920769534
-1.2418419874254862,-0.34929834223462447
-1.241684156977978,-0.3492525937411065
-1.2415022120564863,-0.3491998554628282
-1.240961201068425,-0.3490430388404896
-1.240407094790923,-0.34888242643746636
-1.2403544277904626,-0.34886716046079824
-1.2402460352345335,-0.34883574195935824
-1.240195446991944,-0.34882107852828564
-1.240049949094309,-0.3487789047289212
-1.2397896643247392,-0.3487034589814025
-1.2396624019215956,-0.34866657089474223
-1.2396135215379125,-0.3486524025010554
-1.2395883918115647,-0.3486451184367886
-1.2388506339767675,-0.348431273072628
-1.237098038877177,-0.3479232685220552
-1.2362963530602606,-0.3476908930902065
-1.2358849242037366,-0.34757163694747284
-1.2353640571424003,-0.3474206592131037
-1.2350126833547048,-0.3473188105413011
-1.2349029720399274,-0.3472870097864265
-1.2348289489525277,-0.3472655535668723
-1.2345619360807285,-0.3471881576218721
-1.2343154703222825,-0.34711671743190453
-1.234072371683037,-0.3470462532299885
-1.2338207061080437,-0.3469733058291033
-1.233628053704491,-0.34691746389635647
-1.233538997706977,-0.3468916502603357
-1.2334631667734897,-0.3468696700212634
-1.233244831624219,-0.34680638372689604
-1.2329843516663466,-0.34673088140239267
-1.2322745905189652,-0.3465251511154749
-1.2321501817898273,-0.3464890901904227
-1.231626848322212,-0.3463373975472802
-1.2304586033719986,-0.34599877184244354
-1.2301458942040482,-0.3459081304385267
-1.2296718285904669,-0.3457707185006377
-1.2295652591329305,-0.34573982843972556
-1.2293094305286487,-0.3456656743495012
-1.2288391000417094,-0.34552934506974103
-1.2286586183589239,-0.34547703092360915
-1.2286440360539679,-0.3454728041188684
-1.228625274217313,-0.34546736584142484
-1.2281060334100524,-0.34531685949058943
-1.2278747143092559,-0.34524980968777613
-1.2275243704208756,-0.3451482595410228
-1.2274458350643918,-0.3451254954020132
-1.2273353936265543,-0.34509348301477877
-1.226944953674122,-0.34498031068386925
-1.2268507726215885,-0.34495301150719365
-1.226578829015505,-0.34487418634705147
-1.2265696405164264,-0.3448715229826805
-1.2264606493980625,-0.3448399309828434
-1.2262414047899113,-0.3447763810741078
-1.2262320965364732,-0.3447736829979204
-1.225864440242303,-0.34466711470354994
-1.225489309549163,-0.3445583798912598
-1.2253987522839715,-0.3445321311000727
-1.2252026061420187,-0.3444752764776259
-1.2248324515469917,-0.34436798402956814
-1.2238140341549202,-0.34407278711290673
-1.2230538674366467,-0.3438524463438568
-1.223024954654249,-0.3438440657287158
-1.2227448792717979,-0.34376288350424083
-1.2226953456666663,-0.34374852576877807
-1.2225742256394072,-0.3437134181018518
-1.2223764074963517,-0.3436560788357078
-1.2216923861530968,-0.3434578094492742
-1.2216895458826351,-0.3434569861727971
-1.2206947621306048,-0.34316863966710076
-1.220159397172203,-0.3430134595943338
-1.2201289871226224,-0.34300464498360395
-1.219760503163832,-0.34289783678362534
-1.2195855236270705,-0.3428471174811733
-1.21939617851669,-0.34279223419539645
-1.219384404938611,-0.34278882152395734
-1.2193430283934739,-0.342776828181501
-1.218640823292616,-0.3425732880787387
-1.2184153489672853,-0.3425079324336544
-1.2176850996924613,-0.3422962634892703
-1.2176651015150257,-0.34229046684796804
-1.2175971876449239,-0.3422707814368501
-1.2173952903622296,-0.34221225979749315
-1.2169680246020056,-0.3420884131939345
-1.2159519947617208,-0.3417939083294036
-1.2154605248268997,-0.341651451601425
-1.215346666771988,-0.34161844887876086
-1.2152858799378317,-0.34160082929944463
-1.21443370155367,-0.3413538181688332
-1.2143794264663934,-0.34133808607456584
-1.2143749151387184,-0.3413367784279859
-1.214178776310392,-0.34127992592545575
-1.2132809735418566,-0.34101969018016604
-1.2130364105844595,-0.3409488015332171
-1.2129349389543786,-0.3409193891208196
-1.2123655731328633,-0.34075435360957235
-1.2122682257430917,-0.3407261366431994
-1.2120855233154448,-0.3406731787953389
-1.2120319595342746,-0.3406576528791778
-1.2118771711587157,-0.3406127861560094
-1.211702644644805,-0.3405621981660721
-1.2115129289928686,-0.3405072074756832
-1.211001824830801,-0.3403590596004508
-1.2104229698491045,-0.34019127357566264
-1.2089569341294164,-0.3397663306912064
-1.2088468296598518,-0.33973441597708315
-1.2084899522482044,-0.3396309720332105
-1.2083692856058883,-0.3395959957837543
-1.2076353716990575,-0.33938326461470913
-1.207359671919867,-0.33930335069594175
-1.2068537439822928,-0.33915670319327007
-1.2068458198514387,-0.3391544063167501
-1.206785797445317,-0.3391370083133817
-1.205338514504701,-0.33871750108095183
-1.2053102354110068,-0.3387093041458548
-1.2048653853138094,-0.3385803605731197
-1.204803152993626,-0.3385623220074218
-1.2047305012666265,-0.33854126328830786
-1.2044856384969345,-0.3384702877382231
-1.2042790287740506,-0.33841040015811835
-1.203960668803204,-0.33831812082106677
-1.2036762181051057,-0.3382356703742515
-1.2036268545590503,-0.3382213619318539
-1.203569987790407,-0.33820487861676657
-1.203446395837827,-0.3381690544413255
-1.2034073270534826,-0.3381577300229034
-1.2031375014397891,-0.33807951878081477
-1.2031044066324281,-0.33806992597027713
-1.202332230018003,-0.33784610403099086
-1.2019524238851187,-0.3377360140028458
-1.2019103509018096,-0.33772381879187996
-1.2018609639348665,-0.33770950356073964
-1.2013277694721654,-0.33755495262455604
-1.2012473320876675,-0.33753163716659856
-1.2010859605014008,-0.3374848622439847
-1.1998005314977744,-0.33711226974761577
-1.1996123914552024,-0.3370577357609614
-1.1994801112807651,-0.33701939323074415
-1.1993472832053698,-0.3369808918867882
-1.198678726719531,-0.3367871051204093
-1.1984374958801847,-0.33671718231613185
-1.1984078259541031,-0.3367085822364739
-1.1983294051589337,-0.3366858513040327
-1.197886511249787,-0.33655747474899145
-1.1976796848647158,-0.33649752436751473
-1.197558391515726,-0.33646236646181515
-1.1964439376715683,-0.336139332565185
-1.1955479363306936,-0.33587961897897783
-1.1950548916652288,-0.3357367058019695
-1.194312110007868,-0.3355214042402399
-1.194274022236481,-0.3355103641767419
-1.1937463986944792,-0.3353574280191612
-1.1934820849348693,-0.3352808144347159
-1.1934712251071382,-0.3352776666215633
-1.1934487249969856,-0.335271144773848
-1.193227990118336,-0.33520716289757185
-1.192654257435042,-0.33504086161440966
-1.1919660814034851,-0.3348413879563424
-1.191579654259587,-0.3347293787720128
-1.191557681106321,-0.3347230096672196
-1.1914776231219804,-0.33469980418161466
-1.1911641286623311,-0.33460893515424006
-1.1910506794396285,-0.33457605093505827
-1.1909119680535145,-0.3345358442636036
-1.190674528872528,-0.3344670205036528
-1.1901113476009548,-0.33430377763664737
-1.1899187906197006,-0.334247963362863
-1.1894858522599003,-0.33412247250821697
-1.1892758261791467,-0.3340615946678152
-1.1891740786467682,-0.3340321022827971
-1.1890904297729579,-0.33400785594743093
-1.1889596943437075,-0.33396996117470457
-1.1887647474929248,-0.33391345417697277
-1.1887470466965804,-0.3339083234510601
-1.1880742052605437,-0.33371329465553257
-1.1880386070489088,-0.3337029762120386
-1.1875230452636167,-0.3335535362569167
-1.187246331209897,-0.3334733283420766
-1.1870708196378144,-0.3334224548246755
-1.186628900247003,-0.33329436074203705
-1.1864514267552086,-0.3332429185455716
-1.1859597503094579,-0.33310040195864904
-1.1855256397814484,-0.33297457134110825
-1.1852012889543995,-0.3328805555035873
-1.1850543212466018,-0.33283795566728414
-1.1846710276537773,-0.33272685476930386
-1.1845555364388776,-0.33269337866136883
-1.1844448728726045,-0.3326613018883239
-1.1844192160101692,-0.33265386502919214
-1.1843003188797887,-0.332619401687775
-1.1842739900386203,-0.3326117700499095
-1.1839005212918234,-0.3325035169668592
-1.183831604810498,-0.33248354094037647
-1.1837206434955072,-0.33245137786234097
-1.1833417805464108,-0.3323415612240145
-1.1831167605291204,-0.3322763372639679
-1.1829558227135448,-0.3322296880734671
-1.1827839392879886,-0.3321798662051012
-1.1823228243044313,-0.33204620811713825
-1.1821418928511525,-0.331993763601215
-1.1815703285474075,-0.3318280908412516
-1.1809113928571615,-0.33163709274405395
-1.1807693585702168,-0.3315959229016173
-1.180479609019918,-0.33151193653756067
-1.1802749959946408,-0.33145262771718814
-1.1797055313017746,-0.33128756354724137
-1.1796519003656192,-0.3312720181656386
-1.1796249754134749,-0.331264213739952
-1.1791952969390518,-0.33113966779072446
-1.1779192260447235,-0.33076978782168664
-1.1779037544867543,-0.3307653032594197
-1.1775000694936728,-0.3306482917411681
-1.177222996770439,-0.3305679798629281
-1.1772089790993685,-0.3305639167221069
-1.1771893119886223,-0.3305582160432917
-1.1768575461827808,-0.33046205091129327
-1.176259628451978,-0.3302887393870359
-1.1762553845324546,-0.33028750925097616
-1.1756955320314109,-0.3301252312563348
-1.1756441249689928,-0.3301103304833919
-1.1755931109788422,-0.3300955436457786
-1.174973807889127,-0.3299160333939055
-1.1749711682263595,-0.3299152682652695
-1.174629175607479,-0.32981613880479443
-1.174535494650356,-0.329788984585014
-1.1744990331041574,-0.3297784158966762
-1.1743246723110585,-0.32972787594232145
-1.1742401105379559,-0.3297033649953546
-1.1736533505962083,-0.32953328765086615
-1.1732415500397404,-0.3294139237677518
-1.1724917278293883,-0.32919658144203817
-1.171670179011952,-0.3289584485510623
-1.171369531433998,-0.32887130330128117
-1.1713636259291311,-0.3288695915406203
-1.1710216118293815,-0.3287704558537331
-1.170852988984658,-0.3287215790923694
-1.170586364931646,-0.3286442958497916
-1.170382434194401,-0.3285851847963906
-1.1699432691969847,-0.3284578890980334
-1.169849559399819,-0.328430726518722
-1.1695984251820541,-0.3283579331362351
-1.16903690850275,-0.3281951727654138
-1.1689992528086153,-0.3281842579431711
-1.1685807672560957,-0.32806295635726646
-1.1684998745884205,-0.3280395089316195
-1.1681550422679303,-0.3279395563595539
-1.1680982110729936,-0.32792308335580705
-1.1674426189809497,-0.32773305442889994
-1.167101649100442,-0.3276342214178144
-1.1669240007535857,-0.3275827285381265
-1.1667673824436415,-0.3275373313929598
-1.166501786473464,-0.32746034614890907
-1.1661857019690616,-0.3273687263751007
-1.1658861287040585,-0.32728189252403783
-1.1651188124062313,-0.32705947938873003
-1.1651111606288431,-0.3270572614561716
-1.1648575938156531,-0.32698376296527376
-1.1647306185104973,-0.32694695809639984
-1.1642535920717614,-0.32680868793823387
-1.1642328648615,-0.3268026799805852
-1.1640533927587444,-0.32675065846978557
-1.1638173771765394,-0.3266822473520127
-1.1636347978095944,-0.32662932517434007
-1.162874914589201,-0.32640906657955454
-1.1622194351133728,-0.3262190702954124
-1.161812588412241,-0.32610114232927306
-1.160781495462666,-0.3258022712947883
-1.1606511655060612,-0.3257644940517464
-1.1605168686144596,-0.32572556695895843
-1.1595437903635026,-0.3254435119767979
-1.1590798136880494,-0.32530902440317355
-1.1585109198888923,-0.3251441257116093
-1.158063158965492,-0.32501433841121724
-1.1579360198133937,-0.3249774860499177
-1.1570216730073202,-0.32471245487506417
-1.1569803433111892,-0.3247004751121895
-1.1568434723717798,-0.32466080190981805
-1.1567543818335295,-0.3246349782618718
-1.1566747682514293,-0.3246119015900247
-1.1566040978147767,-0.3245914171647179
-1.1562132577069524,-0.324478128845375
-1.155815394029598,-0.32436280468484824
-1.155363184556887,-0.3242317279347176
-1.1546913896704933,-0.3240370024904781
-1.1545926729859386,-0.3240083886224015
-1.1544591261677548,-0.323969678944754
-1.1544547993327998,-0.32396842477495336
-1.1537888718419982,-0.3237754000450783
-1.1534068912096291,-0.3236646797198192
-1.1531318690455452,-0.32358496221353616
-1.1523170723877112,-0.32334878649327553
-1.152059468681393,-0.3232741178746741
-1.152049061409387,-0.3232711012386357
-1.1520304719321668,-0.32326571292103573
-1.1520209490098403,-0.3232629526212508
-1.1513289266125561,-0.32306236406146266
-1.1508737654465342,-0.32293043173799707
-1.1508152928958129,-0.32291348297335826
-1.1497493936117766,-0.322604523027693
-1.1497460552422067,-0.32260355537296576
-1.1492368586274275,-0.3224559604164898
-1.1489636491022828,-0.32237676831897344
-1.1481642330008592,-0.3221450507834063
-1.1476483029146085,-0.3219955040731283
-1.147576494473515,-0.3219746897875848
-1.1471657218741738,-0.32185562386656025
-1.146002203554272,-0.32151836821559837
-1.1457919490752724,-0.3214574241720283
-1.145446176594715,-0.32135719908659527
-1.1451821235525674,-0.32128066107331715
-1.1447324299507557,-0.32115031356969975
-1.144690017777189,-0.32113802004156156
-1.144402182910338,-0.3210545886647374
-1.1444020106678716,-0.3210545387387981
-1.1436983339710516,-0.320850572081468
-1.1435652205349625,-0.3208119880232953
-1.1435386378954342,-0.3208042828198232
-1.1429568219819368,-0.3206356385438456
-1.142735234103679,-0.32057140941840007
-1.1425690466646428,-0.3205232385800255
-1.142451461131581,-0.32048915541621265
-1.142018562037312,-0.3203636759430139
-1.1418884646527938,-0.3203259661129633
-1.1415917329345076,-0.32023995590831084
-1.1414781069500732,-0.3202070204532423
-1.1411186868618837,-0.32010283949301344
-1.1409838770293772,-0.32006376371995493
-1.1409477060025464,-0.3200532792411193
-1.140553856482407,-0.3199391186180989
-1.1401207018553827,-0.31981356507656417
-1.1400548859048614,-0.3197944877652257
-1.1392182378878837,-0.3195519782432307
-1.1391617335098545,-0.3195355999701358
-1.1389162543925604,-0.3194644457664722
-1.138168785862218,-0.31924778567486706
-1.1381019186678065,-0.31922840365157307
-1.1380049621847914,-0.3192002999928383
-1.1376841763901957,-0.3191073175102034
-1.1371200907773191,-0.318943812512203
-1.1369385922298478,-0.3188912036192195
-1.1366983489124303,-0.31882156705654663
-1.1359412375979172,-0.31860211192218457
-1.1358242842592547,-0.3185682120052791
-1.1353267949814094,-0.31842401051968455
-1.1347569428149618,-0.3182588340372346
-1.1345292026735818,-0.31819282162615575
-1.1344427459190092,-0.3181677614027413
-1.1342662154924021,-0.318116592561717
-1.1339986067139607,-0.31803902388812366
-1.133677909054626,-0.31794606695224137
-1.1334370916238679,-0.31787626397794855
-1.1331137042847805,-0.31778252741558327
-1.1330807876479818,-0.3177729862492938
-1.133066829204313,-0.3177689402760371
-1.1329754401927379,-0.317742450396108
-1.1323450435246865,-0.3175597245764872
-1.132192347623235,-0.3175154643746817
-1.1319893889251071,-0.3174566350750612
-1.1315475023453923,-0.3173285505029973
-1.131385782890832,-0.3172816747478089
-1.130822420803705,-0.3171183794698822
-1.1305752353597653,-0.31704673067297184
-1.130389296112002,-0.3169928346053541
-1.1299657234077176,-0.3168700584653745
-1.1293621034429067,-0.3166950941002384
-1.1293462489399115,-0.3166904985381085
-1.1293420130188307,-0.3166892707204652
-1.129320673748302,-0.3166830853519582
-1.1290461722432206,-0.316603518763102
-1.128602719812656,-0.31647498031589194
-1.128061734134764,-0.31631817102992055
-1.1279290893300171,-0.3162797228085161
-1.1274317779519307,-0.31613557288867516
-1.1267538857751032,-0.3159390800931021
-1.1261609156484844,-0.3157672026738702
-1.1259966540891904,-0.3157195900680692
-1.1258794072141225,-0.3156856050671476
-1.1258641362368504,-0.3156811786448965
-1.1258469995651703,-0.31567621143530133
-1.1256003410622875,-0.3156047153767244
-1.1255763599007949,-0.3155977642337199
-1.1254867429464754,-0.3155717879996123
-1.1251036874558984,-0.3154607561175874
-1.1242383403168605,-0.315209927911712
-1.124218277478306,-0.3152041125278361
-1.1241588846757407,-0.31518689702039715
-1.1234414715884633,-0.3149789487538166
-1.123383445546203,-0.31496212941344137
-1.1232955361478338,-0.3149366481289051
-1.1232295385217594,-0.31491751815736707
-1.1224637098526298,-0.31469553622385144
-1.122089765479469,-0.3145871452764666
-1.1219772330955202,-0.3145545268107718
-1.1212042026957203,-0.314330457394555
-1.1210507344265033,-0.3142859733154035
-1.120899203649976,-0.3142420508349369
-1.120202320462318,-0.3140400533338422
-1.1201740101469708,-0.31403184734888423
-1.1198162595032854,-0.31392815029130106
-1.1197659037075751,-0.3139135542369273
-1.1195805471202833,-0.31385982705838805
-1.1195331257692807,-0.31384608157769517
-1.1193940958636885,-0.31380578258066905
-1.119191441673134,-0.31374704154515065
-1.1188924106886726,-0.3136603648787009
-1.1176179862376097,-0.3132909621452044
-1.117607947137344,-0.31328805222686684
-1.117339744530119,-0.3132103114269653
-1.115980469626058,-0.31281631407018623
-1.115885973876582,-0.3127889236759333
-1.115870430561459,-0.3127844183142468
-1.1152168775535336,-0.31259498043316164
-1.11444942519535,-0.31237252785960595
-1.1142959626374749,-0.31232804543593534
-1.1140824796818498,-0.31226616559103976
-1.11386626338856,-0.31220349346504517
-1.11356521176325,-0.31211623109871145
-1.1133397960375964,-0.3120508924392405
-1.1132060622814288,-0.31201212857603317
-1.1131658109106592,-0.3120004613749081
-1.1130780404867722,-0.31197502037330377
-1.1128416603260174,-0.31190650357934696
-1.1127997843242985,-0.3118943654651653
-1.112552778771291,-0.311822768811167
-1.1124944097259128,-0.3118058500484295
-1.1115644543740253,-0.3115362946042206
-1.1114917767268029,-0.31151522837191026
-1.1114581767092726,-0.31150548912192116
-1.1110698378132462,-0.3113929258000266
-1.1109844193575764,-0.3113681665363534
-1.1105595936136878,-0.3112450271922195
-1.1099293051970187,-0.31106233275017975
-1.1094225027684836,-0.3109154317688879
-1.1087234748567458,-0.3107128126013328
-1.1086180270873336,-0.31068224767123476
-1.108540411806322,-0.3106597502239024
-1.108223714211503,-0.31056795274063825
-1.108035198301681,-0.3105133098056743
-1.107822094516799,-0.31045153986663376
-1.1076085529039057,-0.31038964301943184
-1.106943124552054,-0.3101967629692138
-1.1066749835138907,-0.31011904001562673
-1.1064437116394148,-0.31005200390176296
-1.1063788681418985,-0.3100332084641738
-1.106330449100435,-0.31001917379444116
-1.1053381145943553,-0.3097315372234517
-1.105279003959914,-0.3097144035048363
-1.1046125773389495,-0.3095212340978512
-1.1044042009823651,-0.3094608344439885
-1.1040746916933202,-0.30936532338251743
-1.1040052324995189,-0.3093451900462218
-1.1032420758191497,-0.3091239826113053
-1.1031481261719163,-0.30909675050941793
-1.103063511571461,-0.3090722242499949
-1.1030217713505945,-0.3090601254930447
-1.1023584781618583,-0.30886786433796065
-1.1019760022320089,-0.30875700044652693
-1.1015652708496642,-0.30863794647259823
-1.1012231715538428,-0.30853878609090735
-1.1011851605456435,-0.3085277682778702
-1.101038660734299,-0.3084853040653213
-1.100977378679181,-0.3084675409420103
-1.1009658939304723,-0.3084642119902133
-1.0990014255884022,-0.3078947941837496
-1.098945741598291,-0.3078786537070489
-1.0985727508369318,-0.3077705391721308
-1.0985698206949905,-0.30776968984564324
-1.097574279356892,-0.30748112374720105
-1.0973870825601855,-0.3074268631683591
-1.0971524648255977,-0.3073588572285709
-1.0969099000816622,-0.30728854778073755
-1.0962498366286093,-0.30709722279192747
-1.0954404222669578,-0.3068626071758539
-1.095328731933602,-0.30683023278566357
-1.0950485779291828,-0.3067490277719445
-1.0949957761014004,-0.306733722714434
-1.0946055114877071,-0.3066206012069449
-1.0943578684432478,-0.3065488197706437
-1.093954090377116,-0.3064317812743792
-1.0938786988222227,-0.3064099283929182
-1.0937283274843024,-0.3063663419855631
-1.0935723524173833,-0.3063211312898415
-1.092957221956616,-0.30614283050985025
-1.0929359686795417,-0.30613667006727524
-1.0923293659988056,-0.3059608411366365
-1.0917511820357726,-0.30579324961229776
-1.0913766777331204,-0.3056846963646018
-1.0905283921265723,-0.30543881358859015
-1.090118789700174,-0.30532008685211537
-1.0901063542215708,-0.30531648232319675
-1.0891841043944754,-0.3050491603906872
-1.089122594288268,-0.3050313311648341
-1.0890139803959924,-0.30499984850717726
-1.0889352063090456,-0.3049770151701186
-1.0889127905960017,-0.30497051778562106
-1.0888571057626029,-0.3049543770644864
-1.088613578071402,-0.3048837884982229
-1.088231366342041,-0.3047730011875411
-1.0881837283871616,-0.3047591929223781
-1.086806006605289,-0.3043598485816468
-1.0867923226565925,-0.3043558821730855
-1.0861722115341528,-0.30417613770607543
-1.0860683816112497,-0.3041460417225064
-1.0860648130413333,-0.30414500734225686
-1.086035523998103,-0.304136517664723
-1.0854864399719866,-0.30397736100384953
-1.0852141733185394,-0.30389844220568973
-1.0848558317332548,-0.30379457385867303
-1.0845576194514175,-0.30370813450012096
-1.0845086533270738,-0.3036939412537765
-1.0838658696899546,-0.30350762496613737
-1.082741183251022,-0.3031816250651455
-1.0824183385042305,-0.30308804577775794
-1.0823877609504953,-0.30307918261452843
-1.0822138271182824,-0.30302876641840687
-1.0821151294168343,-0.3030001580527447
-1.0816589482698786,-0.30286793007915674
-1.0810873156089658,-0.30270223750528863
-1.080930740988503,-0.3026568530238885
-1.0805916230994448,-0.30255855682822846
-1.080426963155489,-0.3025108287472552
-1.0803617954960143,-0.3024919393485737
-1.0802908418465869,-0.3024713728316427
-1.0797940552698975,-0.30232737502993673
-1.079606643832119,-0.30227305223555995
-1.0793096867219096,-0.30218697669914746
-1.0792608862491653,-0.30217283146832363
-1.0789899727607803,-0.3020943048965311
-1.0788990488538506,-0.3020679498311274
-1.078726140319236,-0.3020178308262084
-1.0786075582954546,-0.30198345882111094
-1.0786020184107514,-0.30198185303855485
-1.0783165560643633,-0.3018991093569045
-1.0782635594687537,-0.30188374784428773
-1.077863300207332,-0.3017677293034058
-1.0763177448758952,-0.30131973698520553
-1.0762494267833251,-0.3012999344067776
-1.0760046407474844,-0.30122898109865015
-1.0759936511129256,-0.3012257956598878
-1.0757083958622942,-0.30114311200669863
-1.0749039986402005,-0.3009099506510683
-1.0748044678111546,-0.30088110079630753
-1.0745719775446747,-0.30081371152119013
-1.0743976174333056,-0.3007631717644405
-1.073985576412756,-0.3006437381807731
-1.073142995659764,-0.3003995090049384
-1.0730468128531108,-0.30037162960285735
-1.0730285876110472,-0.3003663468619061
-1.072670887810733,-0.30026266454170486
-1.0726621329856423,-0.30026012688141673
-1.0721456690384106,-0.30011042542700683
-1.0720289294601937,-0.3000765874703789
-1.0706406556631656,-0.29967418453858025
-1.0702182425022788,-0.2995517445020866
-1.0696436508926337,-0.29938519425183835
-1.069290613035266,-0.29928286323533076
-1.0691333273215007,-0.29923727263750716
-1.0688994798075209,-0.2991694899526933
-1.068849909368933,-0.29915512154074103
-1.0687240163636416,-0.2991186303856601
-1.0685472646449128,-0.2990673974012378
-1.0683239899341956,-0.2990026793331006
-1.067962360366484,-0.2988978579364973
-1.0677560611497305,-0.29883806035922755
-1.0677135752691527,-0.2988257454664872
-1.0671804634335873,-0.2986712184804796
-1.0670390262646272,-0.29863022171775405
-1.0668104321635379,-0.29856396177921224
-1.0666871601019927,-0.2985282303269002
-1.0663222087473052,-0.29842244608217516
-1.0662529793940936,-0.29840237936712327
-1.0660071811690792,-0.29833113266738115
-1.0657205991987038,-0.2982480644532245
-1.0651475201881841,-0.29808195264265863
-1.0650106635196486,-0.298042283576821
-1.06496897564319,-0.2980301999923413
-1.064768965762659,-0.29797222543250534
-1.0646905719863,-0.2979495023316955
-1.0643757739017168,-0.2978582554375799
-1.0638833887451726,-0.2977155334248243
-1.0633597224804943,-0.2975637443176311
-1.0631760854086507,-0.29751051555522495
-1.0630499307522268,-0.2974739485583445
-1.0630073411119068,-0.29746160358996315
-1.0629147749268482,-0.29743477249631806
-1.0622937781634745,-0.2972547713187737
-1.0621340630373934,-0.29720847653519045
-1.0620002232316252,-0.2971696819326071
-1.0615697207574966,-0.2970448971400779
-1.0609008044806536,-0.29685100608522563
-1.0605432300105346,-0.29674736009304437
-1.0602056401769921,-0.29664950681723257
-1.059639820110198,-0.296485499073057
-1.0594173693710767,-0.29642101984007374
-1.0590300139198399,-0.2963087415779906
-1.0589987761434918,-0.2962996870436384
-1.058454347234807,-0.2961418797080251
-1.0579982293303511,-0.29600967006581197
-1.0574085634089783,-0.29583875039848834
-1.0570600434906294,-0.2957377289449148
-1.0569088594703238,-0.2956939069746793
-1.0567808059838282,-0.2956567895858016
-1.056639947313443,-0.2956159605057933
-1.0566063512213058,-0.2956062223936126
-1.0565251031304441,-0.2955826719455413
-1.056274027269263,-0.295509895478205
-1.0562548856464444,-0.2955043471165215
-1.056245273738019,-0.2955015610233612
-1.0559176309337408,-0.29540659097832644
-1.0555862428349456,-0.2953105353279182
-1.0551730394919179,-0.2951907648352247
-1.0549462444544235,-0.29512502637052096
-1.0548962251622422,-0.29511052785454844
-1.0542085781802637,-0.29491120754598754
-1.0541793318665367,-0.29490273025396263
-1.0539030517335826,-0.2948226481147358
-1.0536717042495296,-0.294755590084795
-1.0535404281329575,-0.2947175385892637
-1.0530166848566258,-0.2945657271595898
-1.052883080696073,-0.2945270008607703
-1.0527284441140627,-0.29448217813624905
-1.0524057804656075,-0.29438865134174985
-1.0518028373252097,-0.2942138831599088
-1.0515521094739315,-0.29414120756619394
-1.0513813915503607,-0.2940917235284612
-1.0506855926947998,-0.29389004033021937
-1.0506566909332646,-0.29388166290956885
-1.050627006341733,-0.29387305857900575
-1.050329080892406,-0.293786702361289
-1.048803673826692,-0.29334455018875377
-1.0482546401720911,-0.2931854081284912
-1.0481514159626146,-0.2931554877160949
-1.048027402075175,-0.29311954123925704
-1.0478122312404397,-0.2930571721482893
-1.047678515085976,-0.293018413387085
-1.0474208033934451,-0.29294371346776427
-1.0473264585976314,-0.29291636682871025
-1.0469660128126985,-0.29281188856158313
-1.046876865193021,-0.29278604836810124
-1.0466780780686826,-0.292728428234516
-1.0464336214419239,-0.29265757040840423
-1.0459781864285398,-0.29252555870795877
-1.0457791937648862,-0.29246787899706017
-1.0457627565261525,-0.29246311452403523
-1.0456503640252655,-0.2924305366046321
-1.0456218237805703,-0.292422263972703
-1.0451970577802419,-0.2922991419457465
-1.0450478386564186,-0.29225588951741766
-1.0449487875930645,-0.2922271787268108
-1.044868037914239,-0.2922037727476943
-1.0445664812800457,-0.29211636400025376
-1.0444699847600774,-0.2920883936657082
-1.044114558181049,-0.29198537025797233
-1.043517226887962,-0.29181222871765955
-1.042664333886443,-0.29156501044914757
-1.0418270554239413,-0.29132231818717175
-1.0415720626004772,-0.29124840635510424
-1.0415280218115823,-0.29123564075900354
-1.0409399189457231,-0.2910651741565742
-1.0409123905574613,-0.2910571948198123
-1.0406876448295055,-0.29099205036485526
-1.0401475176333799,-0.2908354899171031
-1.0398674436674642,-0.29075430810322295
-1.0398427881503556,-0.290747161492525
-1.0393856210015977,-0.2906146477179541
-1.0392762441636625,-0.29058294391402845
-1.0391027609224435,-0.2905326583255272
-1.0386419462138963,-0.29039908727482205
-1.0385890008835938,-0.29038374062188926
-1.0378834837963822,-0.29017924051179866
-1.0377945076481072,-0.29015345002075676
-1.037722823659256,-0.2901326718087509
-1.0368325026478094,-0.28987460471419424
-1.0357281717776063,-0.28955450504740177
-1.0355775147677555,-0.2895108358356153
-1.0349294754633365,-0.2893229961482442
-1.0346947033115133,-0.2892549454493112
-1.0345997286778323,-0.2892274162464107
-1.0345966253344328,-0.28922651671601185
-1.0344753669366302,-0.2891913689412102
-1.0340396396697582,-0.2890650696982011
-1.0338601840573327,-0.28901305296726354
-1.0334402307672996,-0.2888913259451952
-1.0332465613584216,-0.28883518922483126
-1.0330641283612376,-0.28878230947367495
-1.0328260393511082,-0.28871329735523676
-1.032824869620744,-0.28871295829897214
-1.032662804027425,-0.2886659822125294
-1.0319689724164034,-0.28846486923679837
-1.0316186822623061,-0.2883633346653826
-1.031267961015314,-0.2882616751380359
-1.031224123084571,-0.2882489683420906
-1.0305565099559715,-0.2880554550158067
-1.0299450994860104,-0.2878782325066939
-1.0298471601842178,-0.28784984396960267
-1.0296411209647542,-0.287790121754752
-1.029339267107761,-0.28770262685476267
-1.0292958696018073,-0.28769004771967716
-1.0290287273487322,-0.2876126142724171
-1.0285801956585292,-0.2874826035587316
-1.027583529292344,-0.28719371136135924
-1.0269819570024108,-0.2870193405321494
-1.0269316360887708,-0.2870047545886396
-1.026782910504456,-0.2869616452169221
-1.0264341439968576,-0.28686055228736373
-1.026332613454346,-0.28683112279869843
-1.0247525044034465,-0.28637311479191707
-1.0247057896327163,-0.28635957411950763
-1.0244186296711184,-0.2862763383696941
-1.0242181472614202,-0.2862182268432723
-1.0241432371786319,-0.2861965135205835
-1.0236615873101496,-0.28605690322210153
-1.0236186048602953,-0.2860444443945458
-1.0233436401993117,-0.285964743556024
-1.0226605280972738,-0.285766737720867
-1.0222176646845362,-0.28563837000546854
-1.0214264649220244,-0.2854090340454046
-1.021227804939652,-0.2853514507649962
-1.020990422568395,-0.2852826434718272
-1.020771002456811,-0.28521904269193343
-1.0203217582871513,-0.28508882546003605
-1.0202024449487623,-0.2850542414771984
-1.0199869289236858,-0.2849917723298832
-1.0197942657291725,-0.284935927269285
-1.0194035566573822,-0.28482267693184765
-1.0193996951479294,-0.28482155764058953
-1.0189129720594312,-0.2846804768262681
-1.0185763142013065,-0.2845828936914337
-1.018483190528821,-0.28455590100533085
-1.0181519763495779,-0.2844598957669795
-1.0178713773886838,-0.2843785617788532
-1.0177930529532604,-0.28435585877710146
-1.017667998398312,-0.28431961065396183
-1.0174528043775575,-0.2842572348423298
-1.0172697562873632,-0.2842041768012489
-1.0169452633778586,-0.28411011977992345
-1.0166545537331777,-0.2840258551243691
-1.0164146810139687,-0.2839563259827294
-1.016143980249165,-0.2838778610706707
-1.0159962898695076,-0.28383505176180107
-1.0159640181705343,-0.28382569753620895
-1.0155065036334934,-0.28369308306819835
-1.0154160381990274,-0.2836668608949257
-1.0151140230323457,-0.28357931923795543
-1.0147823679375543,-0.2834831861964936
-1.0146688578343692,-0.2834502843305877
-1.0143463300983036,-0.2833567969314471
-1.0142324603005006,-0.28332379080500614
-1.0141804427564947,-0.28330871307879846
-1.0134415216746668,-0.2830945305376225
-1.0133598095727037,-0.28307084559199885
-1.0130092738333956,-0.2829692398356273
-1.0130055755772596,-0.2829681678647273
-1.0114677413143887,-0.2825224135637208
-1.0104458488823829,-0.2822262093772683
-1.0102289468045247,-0.28216333847080144
-1.0093103386371869,-0.2818970721042517
-1.0088591613882099,-0.28176629455292285
-1.0088523352974779,-0.28176431595264306
-1.0081719425015738,-0.28156709833142685
-1.0079183959531268,-0.2814936057144366
-1.0079076395520472,-0.2814904878803759
-1.0078156158164906,-0.2814638140203187
-1.0076686125743286,-0.2814212038840785
-1.0075070422541843,-0.28137437135676535
-1.007409345595822,-0.28134605315192984
-1.0071120076667395,-0.28125986723193774
-1.0068516996709151,-0.28118441475209216
-1.0068249327721865,-0.2811766561395284
-1.0068084599698086,-0.2811718813580797
-1.0067003723868042,-0.2811405512556279
-1.0066050926434198,-0.2811129336140928
-1.006593534961528,-0.2811095835219942
-1.0064579092532135,-0.2810702712604145
-1.0060172377524172,-0.28094253888927834
-1.0060077554228943,-0.28093979035566174
-1.0059280652178617,-0.2809166914740077
-1.0054796231959342,-0.28078670675143236
-1.0050707654714108,-0.28066819587311076
-1.0040292164444558,-0.28036629405593594
-1.0036865341997454,-0.2802669647015665
-1.0034856065313773,-0.28020872411314374
-1.0029662422323167,-0.2800581819671629
-1.0028855975827122,-0.28003480643165674
-1.0026041122655773,-0.2799532155256583
-1.002167327192925,-0.2798266096686743
-1.001732874308328,-0.27970067981617364
-1.0015550006724039,-0.27964912163453914
-1.0014547342816928,-0.2796200585709927
-1.0009675414380579,-0.2794788415941616
-1.000519332125537,-0.27934892432438096
-1.0004900088750983,-0.2793404247315976
-0.9998191970837356,-0.27914598424578907
-0.9997965405047032,-0.2791394170442423
-0.9992281928496598,-0.27897467665718034
-0.9990650201347215,-0.27892737966214853
-0.9984240121003405,-0.27874157804801913
-0.9978243777659972,-0.27856776895166974
-0.997797337428219,-0.27855993108047883
-0.9977523429506155,-0.2785468890496193
-0.9975027393782876,-0.2784745393376913
-0.997330307969471,-0.27842455863173066
-0.9973174820197672,-0.2784208409214527
-0.9973034163553027,-0.2784167638693393
-0.9970767789628405,-0.27835107109938473
-0.9967406128088311,-0.2782536304891575
-0.9965381384571972,-0.2781949415814753
-0.9964947428542271,-0.27818236299798565
-0.9964137629752721,-0.2781588902934097
-0.9964061424352705,-0.2781566814152726
-0.9964049555972405,-0.2781563374002059
-0.9959042889638837,-0.2780112149311743
-0.9958810997074886,-0.27800449332857724
-0.9955956408860337,-0.2779217506686587
-0.9950299756910138,-0.2777577878153802
-0.9949597561247034,-0.27773743407866525
-0.9942097247669659,-0.2775200311298085
-0.9940690540629145,-0.27747925653343586
-0.9937372640688026,-0.27738308439026205
-0.9934327023924894,-0.2772948046058821
-0.9928502374033061,-0.27712597218981316
-0.9928246037707312,-0.2771185420640535
-0.9920330481635143,-0.2768891029593843
-0.9911692935678909,-0.27663873636572134
-0.9909716221203483,-0.2765814396205156
-0.9904785986813309,-0.27643853259617307
-0.9900763030309444,-0.2763219237906823
-0.9899008127168517,-0.27627105643508987
-0.9897875628714927,-0.2762382300071218
-0.9894582438928952,-0.27614277410874755
-0.9893528473590619,-0.2761122240297165
-0.989208344535562,-0.2760703386610277
-0.9888960541209326,-0.2759798186363117
-0.9888920345557854,-0.2759786535312704
-0.9888027714384888,-0.27595277985982414
-0.9878149979068501,-0.27566646532595085
-0.9874398251076757,-0.27555771830886955
-0.9872168092245833,-0.27549307526411415
-0.9870272841469184,-0.2754381398132938
-0.9867673407889869,-0.2753627930268334
-0.9866376943282305,-0.2753252139008589
-0.9862336237330448,-0.2752080906125677
-0.9860663446714447,-0.2751596033581367
-0.9858661391652901,-0.275101572094555
-0.9858104835924464,-0.27508543985484035
-0.9851866400235819,-0.27490461350658524
-0.9845324716574656,-0.2747149972587105
-0.9843385558111182,-0.27465878910635655
-0.9842830922227802,-0.27464271251497874
-0.9841254223450592,-0.27459701056397523
-0.9840536939958701,-0.27457621949374933
-0.983673435125186,-0.2744659982357141
-0.9830317579736186,-0.27428000267229447
-0.9827844979065146,-0.27420833224522717
-0.982566968587222,-0.2741452795275118
-0.9825359145756125,-0.2741362782589274
-0.9821078464525839,-0.2740121990837062
-0.9820164172237962,-0.27398569754647717
-0.9819310439283876,-0.2739609513728885
-0.9815986165963742,-0.2738645944919198
-0.9804771890496168,-0.2735395392084583
-0.9803363166743382,-0.2734987061559705
-0.9801621657140137,-0.27344822702342453
-0.9798021363259348,-0.2733438694524564
-0.9797835315888509,-0.27333847671165556
-0.9795198633326134,-0.27326205023183636
-0.9787188897244541,-0.27302988123973493
-0.9784609415529496,-0.2729551127749784
-0.9779479542023701,-0.27280641904158753
-0.9775747595267432,-0.2726982454003898
-0.9774157705392159,-0.27265216109422363
-0.9772306117783677,-0.27259849125735636
-0.9764536590459841,-0.27237328491978124
-0.9759616830165825,-0.27223068149599716
-0.975649186693566,-0.27214010178698933
-0.9751921765593436,-0.2720076335244127
-0.9746692729782142,-0.2718560654875132
-0.9741862037245509,-0.271716043768201
-0.9741405902546587,-0.27170282231717785
-0.9739458024808906,-0.27164636142926757
-0.9731243010484543,-0.27140824227323584
-0.9728840748123587,-0.271338610661729
-0.9728732094735613,-0.27133546125114694
-0.9728261741112207,-0.27132182765254087
-0.9725943233432631,-0.2712546237414927
-0.9724255314695527,-0.27120569798564376
-0.9720329698222853,-0.2710919106634957
-0.971922787152814,-0.2710599732824665
-0.9709113049367409,-0.27076678658537445
-0.970466689184994,-0.2706379109396554
-0.9699528744380062,-0.27048897737839966
-0.9699082109310909,-0.27047603128220055
-0.9697617459327662,-0.2704335771605007
-0.9696974118598146,-0.27041492938394124
-0.9695454757560257,-0.2703708894159308
-0.9675634498504466,-0.2697963824008064
-0.9672595661227866,-0.26970829912559224
-0.9672128879003393,-0.26969476904701245
-0.9671587771764808,-0.26967908459487555
-0.9667035260504527,-0.26954712619573956
-0.9666495556804348,-0.2695314824263534
-0.9661226472457873,-0.269378753548703
-0.9656577792265642,-0.2692440076115288
-0.9654323160771463,-0.2691786552058776
-0.9653238235588205,-0.2691472077294892
-0.9649685270287426,-0.2690442220175444
-0.964794741359322,-0.2689938487676645
-0.9644792903949471,-0.26890241263080517
-0.9642185662479295,-0.26882683952600767
-0.9642065823674882,-0.26882336589664557
-0.9640203119268206,-0.26876937382995636
-0.9639354903599475,-0.2687447875795621
-0.963376518191372,-0.2685827647567513
-0.9631001616884747,-0.2685026604810489
-0.9625316560303295,-0.26833787429544814
-0.9625050617977007,-0.2683301657316175
-0.9625019823768558,-0.268329273135374
-0.9623409927006353,-0.2682826089126255
-0.9620649685348245,-0.26820260096764564
-0.9617087987494846,-0.2680993621352585
-0.961569429293657,-0.2680589647167173
-0.961345241716559,-0.26799398204651914
-0.9608074474354333,-0.2678380978139615
-0.9607581189499335,-0.26782379953416335
-0.9605995020147678,-0.2677778230705289
-0.9605724266632953,-0.26776997505032196
-0.960508425434535,-0.2677514237514737
-0.9598966228148357,-0.2675740875744341
-0.9596639190365087,-0.2675066364110974
-0.9593514165608509,-0.26741605491869413
-0.9591765801657152,-0.2673653771070562
-0.9588446323872878,-0.2672691592287607
-0.9585559286360025,-0.2671854759984158
-0.958448726195759,-0.26715440246209876
-0.9575534348596845,-0.2668948946768033
-0.9574641770603197,-0.2668690225468049
-0.9573922979631392,-0.2668481877809954
-0.9570339281311004,-0.26674431124641734
-0.9567894291176579,-0.2666734411341659
-0.9561488818540388,-0.2664877730783488
-0.9557670560316293,-0.2663770976260692
-0.9556200901401933,-0.2663344983162538
-0.9553708219138596,-0.2662622458072057
-0.9553050390703609,-0.26624317809221854
-0.9552979319656676,-0.26624111803765915
-0.9546651479728636,-0.2660577002317157
-0.9538832808225035,-0.26583106940841883
-0.9538077067264554,-0.2658091636158562
-0.9536936528721577,-0.26577610413907965
-0.953655624599504,-0.26576508132179405
-0.9535095641778456,-0.2657227444700714
-0.9521886248464788,-0.2653398590041006
-0.9520990374699869,-0.2653138913433771
-0.9520240747700679,-0.2652921627691668
-0.9519658747669346,-0.2652752930047574
-0.9518312723599474,-0.2652362773557444
-0.9512545427874921,-0.2650691073988469
-0.9512413525039787,-0.26506528408332486
-0.9511673337757455,-0.265043829127312
-0.9509253293821999,-0.2649736821017905
-0.9508893561045968,-0.26496325494224543
-0.9498685356728245,-0.2646673614841505
-0.949718814983651,-0.26462396367285185
-0.9496022818066193,-0.26459018554335767
-0.948887260726619,-0.26438293062036905
-0.94815770566227,-0.2641714628987776
-0.9476388678967195,-0.26402107337299935
-0.9473789933104121,-0.2639457465205774
-0.9472624213366292,-0.2639119571455159
-0.9471887502170436,-0.2638906029468171
-0.946931579273247,-0.2638160597681021
-0.9459332225514985,-0.26352667760683623
-0.945803854024559,-0.26348917904233526
-0.945460803884762,-0.2633897430504555
-0.9453578340104376,-0.2633598963592597
-0.9447155342859898,-0.2631737203378116
-0.9444735633625831,-0.2631035830138937
-0.9443288218325917,-0.26306162845410425
-0.9441912925208125,-0.2630217644169188
-0.9441125018587286,-0.2629989262754162
-0.9439681284445036,-0.26295707841710303
-0.9437204403496234,-0.2628852839225553
-0.9435855523931487,-0.26284618550460204
-0.9434975621240376,-0.26282068077899545
-0.9428720900120453,-0.26263938238370566
-0.9426093587473551,-0.2625632274988315
-0.9423250179833849,-0.26248080891735537
-0.9421821052396075,-0.26243938444675696
-0.9418357083690122,-0.262338978376577
-0.9415826346720246,-0.26226562281959176
-0.9414639506541428,-0.2622312212506394
-0.9412480775911236,-0.26216864861284905
-0.9402660770825008,-0.2618840074386486
-0.9400511399012792,-0.261821706074133
-0.9398235376406996,-0.2617557336289732
-0.9392922629037199,-0.26160173914156815
-0.9389476495518708,-0.2615018500394199
-0.9387441974554529,-0.2614428777241212
-0.9383956686578298,-0.2613418536968148
-0.9373237914239542,-0.2610311609916991
-0.9371534268794717,-0.26098177938389155
-0.9370493123151971,-0.2609516008946074
-0.936931651270129,-0.2609174958429993
-0.9366059680784938,-0.2608230938083054
-0.9362399730307562,-0.26071700704029993
-0.9361111652028202,-0.26067967099915956
-0.9357990935373898,-0.2605892143807537
-0.9348857842576357,-0.2603244839417014
-0.9347253794637478,-0.26027798925205636
-0.9343757984974275,-0.2601766602447313
-0.933803988442626,-0.26001091625174044
-0.9336457911523872,-0.2599650614257465
-0.9335065111730754,-0.2599246899427321
-0.9334138811487384,-0.2598978403447309
-0.9329661404344561,-0.2597680589021232
-0.9328743141696392,-0.2597414422806342
-0.9318503561548119,-0.25944463936748596
-0.9318232638022088,-0.2594367864193571
-0.9316962601996519,-0.2593999733482414
-0.9316291130802243,-0.25938051018630803
-0.9310851981854926,-0.25922285184199756
-0.9308027646406123,-0.25914098608414676
-0.9300532323841996,-0.25892372780404105
-0.9298891202862515,-0.2588761585208784
-0.9298396682000041,-0.25886182441435546
-0.9298284701360038,-0.2588585785605522
-0.9295209422615147,-0.2587694389984794
-0.9291437209036655,-0.2586600981892957
-0.9291123042270002,-0.25865099179916967
-0.9283581757012782,-0.25843240125143097
-0.9282712553321806,-0.2584072066454154
-0.9280568573306146,-0.25834506156669484
-0.92748355726959,-0.2581788856827658
-0.9270645496400448,-0.2580574327684084
-0.9267787712841253,-0.2579745974887159
-0.9267278454937138,-0.25795983621654495
-0.9257554999895529,-0.25767799362725646
-0.9256317159284231,-0.25764211376752333
-0.9252885973027003,-0.2575426579244171
-0.9248054945222371,-0.2574026264870778
-0.9245482654664186,-0.25732806646410045
-0.9241063897080468,-0.2571999850286946
-0.9240763054873139,-0.257191264862219
-0.9240315784725894,-0.25717830035774286
-0.923870479962095,-0.2571316045884572
-0.9236763182535722,-0.2570753251708669
-0.923132490927953,-0.25691769220920624
-0.9231145651241148,-0.25691249626296364
-0.9229975522048668,-0.25687857907612016
-0.9224734934316029,-0.25672667619698514
-0.9223086726575512,-0.2566789014980449
-0.9222320971511846,-0.25665670543821006
-0.9221996468627311,-0.25664729944694276
-0.9215173181760355,-0.25644952069136556
-0.921190728771813,-0.2563548559832692
-0.9209630469260103,-0.2562888604696576
-0.9209194606217195,-0.25627622660977323
-0.9205038049303853,-0.2561557452831287
-0.9201644299471472,-0.25605737456654054
-0.9199163610395308,-0.25598546969019226
-0.9193979731565886,-0.25583521056670266
-0.9193878101223176,-0.25583226472504283
-0.9187542165449922,-0.2556486122541611
-0.9186816522050094,-0.25562757886491494
-0.9185751205280188,-0.2555966997550143
-0.9181957223858631,-0.25548672798644156
-0.9178938242743486,-0.255399220258904
-0.9175904857678292,-0.2553112950206605
-0.9155673124215175,-0.254724861070934
-0.9155567429647835,-0.25472179742427703
-0.9155014241309821,-0.25470576279122914
-0.9154009277295682,-0.25467663305713006
-0.9151300916036167,-0.25459812890949485
-0.9140310780646662,-0.25427957051625366
-0.9139687160344702,-0.25426149435300865
-0.9139666395191106,-0.2542608924574241
-0.9138257865022001,-0.2542200650161234
-0.9125624792223964,-0.2538538846889833
-0.9124970454267817,-0.253834918148485
-0.911093350704899,-0.25342804533085694
-0.9110394922170016,-0.2534124339914522
-0.9105078337211655,-0.2532583282682885
-0.9102175309083879,-0.253174181536411
-0.9096913907512719,-0.2530216753505175
-0.9096253835343079,-0.25300254259897886
-0.9090573425977092,-0.2528378911168589
-0.9089918222307256,-0.25281889948291525
-0.9089387322190307,-0.25280351089285397
-0.9089385336328035,-0.25280345333095217
-0.9089049992494543,-0.25279373310558695
-0.9088560916367248,-0.25277955681932995
-0.9085141060432296,-0.2526804293952224
-0.9079601678581725,-0.2525198657152196
-0.907251599404423,-0.2523144811406643
-0.9069531541200521,-0.25222797424435217
-0.9067220845336997,-0.25216099676541626
-0.9061080531165628,-0.2519830145525406
-0.9054907042311018,-0.25180407074334094
-0.9042186149604226,-0.2514353448816796
-0.9037939705747688,-0.2513122581057679
-0.9036728502324001,-0.25127715034750436
-0.9025843315086162,-0.2509616339654289
-0.9018090526051257,-0.25073691280135146
-0.9014094909037051,-0.25062109645415087
-0.9013339366644466,-0.2505991964172471
-0.9011399811066637,-0.2505429767541968
-0.9010511406144857,-0.25051722558422485
-0.9008300713937948,-0.250453146796073
-0.9001679769604939,-0.2502612331104165
-0.899912741433932,-0.25018725092879823
-0.8997867800241582,-0.250150739946098
-0.8992897336121995,-0.250006666828936
-0.8990920784443909,-0.2499493748025492
-0.8989164530858821,-0.2498984683031876
-0.8988827736634802,-0.24988870603702315
-0.8988776586329861,-0.24988722340206196
-0.8984326388093479,-0.24975823063267896
-0.8981040913622171,-0.24966299836924255
-0.8977613288252012,-0.24956364574146753
-0.8976737146667634,-0.24953825003472868
-0.8976353821226168,-0.2495271390217709
-0.8950194026187417,-0.2487688751806335
-0.8948576459289509,-0.24872198863249786
-0.8941186347361889,-0.2485077799719036
-0.8939181001997032,-0.24844965333609048
-0.8938334500842872,-0.24842511678235482
-0.8937998961955271,-0.24841539090318085
-0.892843793971779,-0.2481382565664534
-0.8925796634565019,-0.24806169609693177
-0.8921017113450855,-0.24792315762469017
-0.8918650348560426,-0.24785455493746616
-0.8916684070141394,-0.24779756069020425
-0.8914419346934743,-0.24773191576770984
-0.8911248616857244,-0.24764000946782438
-0.8908080430814088,-0.24754817690893152
-0.8906516305004565,-0.24750283939605747
-0.8903764560685495,-0.24742307775365494
-0.8903002035143803,-0.24740097530425298
-0.889918014368901,-0.24729019453970078
-0.889762222613649,-0.24724503697842024
-0.8894827301688857,-0.24716402372337715
-0.8893600216715447,-0.24712845562492824
-0.8891038648492071,-0.24705420639791734
-0.8889868595511443,-0.24702029142013895
-0.8888835390887135,-0.24699034310800783
-0.8882592570557601,-0.24680938966721855
-0.8882446191220156,-0.24680514673800186
-0.8882398157110678,-0.24680375442860852
-0.8882237821048337,-0.2467991069518862
-0.8877697573323863,-0.24666750402173426
-0.8874816173868387,-0.24658398421526312
-0.8867389429244169,-0.24636871372489566
-0.8860492156078361,-0.24616879041371023
-0.8858862598488582,-0.24612155630520324
-0.8852975354003337,-0.24595090953176785
-0.8843616903049614,-0.2456796468954684
-0.8828041113791949,-0.24522816943649872
-0.8816597523767868,-0.24489646727617195
-0.8816033506729227,-0.24488011876405424
-0.8815293483987208,-0.24485866857738178
-0.8805379940182412,-0.24457131610410854
-0.8802551389740232,-0.24448932817110067
-0.8800977254643463,-0.2444437005305485
-0.8799112746479327,-0.24438965618041983
-0.8797629552275994,-0.24434666453877638
-0.8793777562638994,-0.2442350113528914
-0.8791587479728662,-0.2441715299426764
-0.8784907130982257,-0.24397789436972625
-0.8782404559767067,-0.24390535522102358
-0.8774622575063801,-0.24367978779574254
-0.8770151871632863,-0.24355020066590807
-0.876960568898095,-0.24353436909861223
-0.876091603023917,-0.24328249197167162
-0.8759767338433984,-0.24324919616567653
-0.8752956346532379,-0.2430517737900954
-0.8752204111901689,-0.24302996963147497
-0.8750880699842736,-0.242991609410772
-0.875014202738905,-0.2429701983633519
-0.8750130741904235,-0.2429698712440052
-0.873412340667941,-0.24250588505925225
-0.8733093786082194,-0.24247604063318537
-0.872102694625927,-0.24212627304896056
-0.8719117266196348,-0.24207091935304248
-0.871769965583828,-0.24202982871476522
-0.871767007919817,-0.24202897141077245
-0.8716356775261971,-0.24199090418257868
-0.8715645128721518,-0.24197027650416997
-0.8707269242543443,-0.24172749434104873
-0.8706836197796559,-0.24171494217186434
-0.8706525697545937,-0.24170594205881438
-0.8706038046691345,-0.24169180708529533
-0.8697749590185764,-0.2414515591453665
-0.8692385509480218,-0.2412960767176972
-0.8689152825591538,-0.24120237463406152
-0.868746877051279,-0.24115356086962614
-0.8685829861778633,-0.24110605571027025
-0.868206572431196,-0.2409969489940356
-0.8680537344969054,-0.2409526476228073
-0.8676985463382891,-0.24084969332324957
-0.867527082439585,-0.24079999305829905
-0.8672340540046332,-0.24071505628172268
-0.8671076616405355,-0.2406784203832574
-0.8666813375442672,-0.24055484672898106
-0.8663501117792463,-0.24045883813239366
-0.8662915142170213,-0.24044185313211067
-0.866168309536237,-0.24040614121068332
-0.866123261842196,-0.24039308375458812
-0.8655106016699708,-0.24021549900867745
-0.8647263504918961,-0.23998817715473225
-0.8645727782455362,-0.23994366293692418
-0.8638142860115846,-0.23972380753135356
-0.8635671983940488,-0.23965218709025585
-0.8632153225577182,-0.23955019289539906
-0.8630970867755415,-0.2395159212513666
-0.8624949705337868,-0.23934139275310895
-0.861323718592441,-0.23900189544639497
-0.8610787366745694,-0.2389308853602
-0.8607690973170214,-0.23884113376685856
-0.8606696412065903,-0.2388123055699218
-0.8602838403308252,-0.23870047791472093
-0.8602482090626984,-0.23869014988952258
-0.8598363032248532,-0.2385707554897084
-0.8589582771616939,-0.23831625219016667
-0.8588604644838622,-0.23828790035610423
-0.8582969965520306,-0.23812457439819237
-0.8581907118118626,-0.23809376686502373
-0.8579988540002677,-0.23803815525149363
-0.8577468365823083,-0.23796510586594144
-0.8574016752391538,-0.23786505792386659
-0.8571185647950085,-0.2377829959610241
-0.857100409197886,-0.23777773340724953
-0.8569485492222397,-0.23773371550562686
-0.856119601146789,-0.23749343787697433
-0.8559601015534356,-0.2374472055673799
-0.8554557382208173,-0.23730101157872155
-0.8554419657501893,-0.23729701951132776
-0.8545377371657088,-0.2370349211887993
-0.8543526259457285,-0.23698126513205578
-0.8538302238399892,-0.23682984245205035
-0.8535641402052476,-0.23675271585429067
-0.8530730405937489,-0.23661036646766725
-0.8529619121200147,-0.23657815493725248
-0.8529467002594188,-0.2365737456504713
-0.852874219698527,-0.23655273654530498
-0.8528477102528775,-0.23654505255769942
-0.852550506513227,-0.23645890553365198
-0.8525041496611897,-0.2364454686070106
-0.8523290154309043,-0.2363947044653291
-0.8518910249856102,-0.23626774922086394
-0.8516222112191711,-0.2361898312712819
-0.8516009652156591,-0.2361836729370106
-0.850934144456494,-0.23599038928572594
-0.8509245716276138,-0.23598761452010322
-0.850746147155092,-0.23593589667381012
-0.8506693839281444,-0.23591364620157315
-0.8503793574308091,-0.2358295795620695
-0.8499604527546618,-0.23570815648962756
-0.8497917560765818,-0.23565925832703924
-0.8490358607573633,-0.23544015565922438
-0.8489667939382834,-0.23542013605606882
-0.8489304246108261,-0.2354095940981152
-0.8487262018540973,-0.23535039840039068
-0.8484834022423406,-0.23528002087412772
-0.847716772331115,-0.23505780669379656
-0.8473712586180435,-0.23495765661431353
-0.8470368826775424,-0.2348607349126516
-0.8469282906297911,-0.23482925858681533
-0.8468464999509082,-0.23480555086500524
-0.8465149692296288,-0.23470945387426043
-0.8462066482343497,-0.23462008441940146
-0.84574817360439,-0.23448719166031742
-0.8454467080464079,-0.23439980931208892
-0.8451338053633815,-0.2343091118161865
-0.8444920294683329,-0.23412308763113152
-0.8444532841660636,-0.23411185697673179
-0.8443511002578258,-0.2340822381044707
-0.8443421435071198,-0.23407964191433075
-0.8438071450821342,-0.2339245680843825
-0.8435270638457314,-0.23384338416309008
-0.8432229075256333,-0.23375522187464626
-0.8431033748412317,-0.23372057431250687
-0.8429439203369502,-0.23367435507236223
-0.842930662380864,-0.2336705121413711
-0.8428383937271615,-0.2336437672897125
-0.842720471650553,-0.23360958657589895
-0.8427200708525278,-0.23360947040119281
-0.8427092922309126,-0.23360634612632142
-0.8423236801782631,-0.23349457320310169
-0.8418144796602475,-0.23334697711523955
-0.8418087231701377,-0.23334530854776966
-0.8411974404233942,-0.23316812306031454
-0.8403003954979847,-0.232908106982281
-0.8402255535904786,-0.23288641342077582
-0.8396959879278699,-0.2327329143230691
-0.8388385531975451,-0.23248437959595158
-0.8386376242630299,-0.2324261386405254
-0.8384145953573269,-0.23236149182105578
-0.8381605543711715,-0.23228785588710327
-0.8373247622947515,-0.2320455944667368
-0.8367263266961524,-0.2318721328341075
-0.8366351394898343,-0.23184570144914335
-0.8364119155088007,-0.23178099808543506
-0.8359925809033114,-0.23165945039432773
-0.8359851959216993,-0.23165730979478727
-0.8358337461550621,-0.2316134107957242
-0.8352317857270064,-0.23143892746138842
-0.8344767959732767,-0.231220087279409
-0.8344371959119448,-0.23120860886584718
-0.8342569167604827,-0.23115635342513668
-0.8341704365542568,-0.23113128640406178
-0.8339871638808896,-0.23107816326564376
-0.8337096350028472,-0.23099771916706457
-0.833565781916856,-0.23095602213030203
-0.8334188785025428,-0.23091344093001037
-0.8331109811620584,-0.23082419427508596
-0.8328571360362099,-0.23075061511290418
-0.8318643569024277,-0.23046284966280503
-0.8315468449502684,-0.23037081613116056
-0.8309639078395554,-0.23020184686666298
-0.8309493152542805,-0.2301976170820846
-0.8304640410327604,-0.23005695623414232
-0.8304443043306304,-0.23005123538367453
-0.8301899030851463,-0.22997749502550083
-0.8299737548864229,-0.22991484263729356
-0.8296324730038883,-0.22981591918977495
-0.8285937924978827,-0.22951484883772075
-0.8281256709292317,-0.2293791598316568
-0.8280923654458433,-0.2293695059548862
-0.8276727834781294,-0.22924788656374057
-0.827547869509671,-0.22921167919078725
-0.8273348177180406,-0.2291499243224316
-0.8272687641037935,-0.22913077812224694
-0.8267064071379503,-0.22896777418724723
-0.8260494050980784,-0.22877733657500657
-0.8256813941430139,-0.22867066547916864
-0.8255602176779133,-0.22863554145325546
-0.8253470094112215,-0.22857374122927646
-0.825109283344107,-0.22850483431294868
-0.8248737841452118,-0.2284365728732568
-0.8244731876399257,-0.22832045657938121
-0.8242787906845639,-0.22826410897349986
-0.8241955778481843,-0.2282399890272802
-0.8239773204394631,-0.2281767252666703
-0.823830033991815,-0.2281340330409186
-0.8237878203210132,-0.2281217970504901
-0.8237385359484042,-0.22810751155718742
-0.8229009776320257,-0.22786473817719233
-0.8224514043321731,-0.22773442554411777
-0.8224114348137463,-0.22772284004028426
-0.8219569735606407,-0.2275911105925124
-0.8219350087479326,-0.22758474390530042
-0.821539165023554,-0.2274700052452717
-0.8212064669789089,-0.22737356989595123
-0.8207963275120286,-0.22725468749373892
-0.8205981279849894,-0.22719723768021338
-0.8203822413634465,-0.22713466111236993
-0.8202804653918008,-0.22710516048398915
-0.820246864560009,-0.22709542099797936
-0.8201757438434953,-0.22707480605523686
-0.8200332579591422,-0.22703350531346211
-0.8197980554595953,-0.22696532987459211
-0.8196398558455672,-0.22691947437502816
-0.8186537481495099,-0.22663364269772335
-0.8184316327536655,-0.2265692606668324
-0.8179912253551146,-0.22644160484797154
-0.8178050960770595,-0.22638765369846248
-0.8174284748267991,-0.22627848683555193
-0.817306568816174,-0.2262431513446823
-0.8173051412618817,-0.22624273755596586
-0.8172181883641627,-0.22621753352125346
-0.8168019865748715,-0.2260968939034856
-0.8164090162601293,-0.22598298812560472
-0.8162656638872212,-0.22594143622477506
-0.8160270368164185,-0.22587226814488826
-0.8154436011474964,-0.22570315436906624
-0.8144228212492728,-0.22540727265996408
-0.8134158876221532,-0.22511540440994957
-0.813409094363898,-0.22511343532644149
-0.8131587313429383,-0.22504086548188793
-0.812954930561777,-0.22498179209735977
-0.8124047220857022,-0.2248223095051312
-0.811368729591123,-0.22452201829598176
-0.8112915679834453,-0.22449965234971206
-0.8111066257467006,-0.2244460452741922
-0.8110300139646267,-0.22442383869953617
-0.8103778144675543,-0.22423479314504863
-0.8103026637672129,-0.22421301007732175
-0.8100206433795174,-0.2241312640765843
-0.8098576926912513,-0.22408403143786612
-0.8097645788295003,-0.22405704159548787
-0.809663513566469,-0.22402774697202535
-0.8082983493556332,-0.2236320425497398
-0.808279582254424,-0.2236266027463206
-0.8081024897723135,-0.22357527098874266
-0.8079142826557015,-0.22352071756010916
-0.807866911379594,-0.2235069865940493
-0.8077228815189441,-0.223465238317653
-0.807651986314746,-0.2234446887415673
-0.8072954563597172,-0.22334134551094176
-0.8071897192493084,-0.22331069671290243
-0.8064109595027997,-0.22308496659696078
-0.8060940615477009,-0.22299311103757055
-0.8054649296362374,-0.22281075181837112
-0.8047730161235234,-0.22261019481969885
-0.8045740353292875,-0.2225525185492517
-0.804532857447825,-0.22254058279114597
-0.8042564858584806,-0.222460474142509
-0.8041765173348369,-0.22243729458784567
-0.8039393713448013,-0.22236855581177795
-0.8036367041681709,-0.22228082516419528
-0.8033225813498369,-0.22218977400172785
-0.8032848539871453,-0.22217883840574626
-0.802698915667971,-0.2220089992155276
-0.8026499926967983,-0.22199481847749578
-0.8024458201361094,-0.22193563732951907
-0.8022339049206021,-0.22187421190739018
-0.8021425145427376,-0.2218477216314304
-0.8021091076887392,-0.22183803837152888
-0.8020174073474782,-0.22181145825005047
-0.8019395440208992,-0.22178888890460718
-0.8019064502808482,-0.2217792964034383
-0.801672426691464,-0.22171146268167544
-0.8014352679690714,-0.22164272021502607
-0.8012853028105782,-0.22159925154222213
-0.801063177776161,-0.22153486671750908
-0.8008160456460167,-0.2214632333740543
-0.8005910991526054,-0.22139803072552755
-0.7999979438559297,-0.22122609963318451
-0.7991482208748294,-0.22097980022197072
-0.7990645406925335,-0.2209555448115744
-0.7976994450933579,-0.22055986027696048
-0.7974625616819886,-0.22049119761154562
-0.7973256008571529,-0.22045149835512126
-0.7972245981101957,-0.22042222185247295
-0.7971875197146681,-0.22041147436512665
-0.7971477771305178,-0.22039995464011744
-0.796978454687558,-0.22035087509427265
-0.7968549781947111,-0.22031508438581426
-0.7966108329250605,-0.22024431680920037
-0.7965010829809132,-0.22021250485727553
-0.796393017558067,-0.22018118117813357
-0.7963105009346231,-0.22015726303513672
-0.7959427534208333,-0.22005066829998615
-0.7955225665079719,-0.21992887356036
-0.7952079014066061,-0.21983766521255751
-0.7941143915381351,-0.21952070210487262
-0.7938806507028004,-0.21945295034176862
-0.7938397587414825,-0.21944109746004126
-0.7937233307931341,-0.21940734983197321
-0.7935207880080987,-0.2193486410882892
-0.7927795642827735,-0.2191337911063706
-0.7927009041431581,-0.21911099079791213
-0.7924634893185856,-0.21904217409787433
-0.7923927948527777,-0.21902168270751313
-0.7918592369822918,-0.2188670264345017
-0.7916486533765879,-0.21880598699076562
-0.7916073063867667,-0.2187940022151682
-0.7914902073640342,-0.21876006007049967
-0.7914366748486255,-0.21874454321698483
-0.791380478717842,-0.21872825429196768
-0.7913735779939672,-0.2187262540586386
-0.7911794753106709,-0.21866999175001064
-0.7909117055692954,-0.21859237641994597
-0.7908839321952017,-0.21858432607196335
-0.7907394539837759,-0.21854244783729287
-0.7900425975512835,-0.21834045809140987
-0.7892239119810847,-0.2181031551369245
-0.7891586336202217,-0.21808423365050703
-0.7890259939907746,-0.21804578692920715
-0.7882952363060926,-0.21783397061791465
-0.7876651693364969,-0.21765134036418687
-0.7875365746097954,-0.21761406609224623
-0.7874910096868895,-0.21760085871297868
-0.7873263416722225,-0.21755312829264134
-0.7870861431180768,-0.2174835047049824
-0.7866065791668297,-0.21734449902729835
-0.7862340362573765,-0.2172365143060527
-0.7859945965819968,-0.21716711068583885
-0.7856717894062978,-0.21707354228875103
-0.7856657914417595,-0.2170718037278704
-0.78554721991484,-0.21703743476537732
-0.7848476632503137,-0.21683466233434295
-0.7848327181247983,-0.21683033036298652
-0.7845799822838418,-0.2167570727364368
-0.7844279632158716,-0.216713008720555
-0.7844021624190133,-0.21670553014081032
-0.7843419033627513,-0.21668806354239206
-0.7841872476114213,-0.2166432352614809
-0.7840162503876769,-0.21659367026622459
-0.7835410641820931,-0.21645593351524178
-0.7833508164492335,-0.2164007885966857
-0.7833278682577995,-0.21639413686881157
-0.7827790469361097,-0.21623505635504373
-0.7822986925989436,-0.21609582157729904
-0.7821576877277091,-0.21605495011973494
-0.7809413628004367,-0.21570238802585825
-0.7803364140826818,-0.21552703851041433
-0.7799641200309768,-0.21541912592269707
-0.7792793181283563,-0.2152206302845126
-0.779130775635379,-0.2151775739833718
-0.7787613034000817,-0.21507047932306766
-0.7786908473790329,-0.21505005704794183
-0.7786214321626759,-0.21502993645888124
-0.7782839825224461,-0.2149321238192899
-0.7767454587970855,-0.21448616967173456
-0.7763226816368451,-0.2143636241269418
-0.7763028892677151,-0.21435788714092205
-0.7759795716261864,-0.21426417078098503
-0.7755654398737986,-0.21414413118096623
-0.774908909971393,-0.21395383042177377
-0.7748809363903653,-0.21394572204211362
-0.7744388752688558,-0.21381758687763058
-0.7743203993274973,-0.2137832456214228
-0.7742607342819499,-0.2137659512020471
-0.7740506176477565,-0.21370504711396293
-0.7740058759195592,-0.21369207834466195
-0.7732511336661803,-0.21347330990275779
-0.773125923216685,-0.21343701659226202
-0.7730060682839033,-0.21340227562369718
-0.7726957131566512,-0.2133123165584376
-0.772169495309564,-0.21315978785344733
-0.7719744482078219,-0.21310325179712475
-0.771636281816939,-0.21300523140127894
-0.7712587527959526,-0.21289580141332606
-0.7710842759341616,-0.21284522781547666
-0.7707516300531652,-0.21274880758623205
-0.7705038853466262,-0.21267699668231507
-0.7699212108204613,-0.2125081035301752
-0.7697713976673168,-0.21246467891741055
-0.7694158237746086,-0.21236161280955548
-0.7694130649244817,-0.21236081313345273
-0.7693959662402783,-0.21235585693484973
-0.7693491363881435,-0.21234228290511944
-0.7689634901359734,-0.2122305000688787
-0.7688868366016544,-0.21220828139198034
-0.7687553879403652,-0.21217017988289977
-0.7682729399884847,-0.21203033825317755
-0.768008893061042,-0.21195380201229852
-0.7675610369140894,-0.21182398711055242
-0.7672737264230376,-0.2117407077285003
-0.766574956524339,-0.2115381633482123
-0.7663510322658977,-0.2114732570031595
-0.7657529933111892,-0.2112999103411252
-0.7655033171726998,-0.21122753959527998
-0.7654643981393608,-0.21121625858345658
-0.7653676001585423,-0.21118820086792742
-0.7653301531419984,-0.21117734653265388
-0.764732916214563,-0.21100423234502536
-0.7644664804132311,-0.21092700366879336
-0.7643337953937872,-0.2108885437908181
-0.7640340314768941,-0.21080165467768816
-0.763649614418061,-0.21069022813355903
-0.7635723420898793,-0.21066783009401244
-0.7635542831526096,-0.2106625955579159
-0.7626554311985376,-0.21040205569730197
-0.7624830613169199,-0.21035209282552175
-0.7622861612186912,-0.21029501966245526
-0.7618851658722876,-0.21017878776109994
-0.7618544904477071,-0.2101698962291761
-0.7616205336716728,-0.21010208187382914
-0.7614696549172524,-0.2100583483874989
-0.7614341794125998,-0.21004806551166438
-0.7614032819482767,-0.21003910961963831
-0.761348814370578,-0.21002332173038993
-0.7610521279128446,-0.20993732464489248
-0.7610329823526736,-0.20993177514193412
-0.7609069122331319,-0.20989523264878576
-0.7607023331088758,-0.2098359336549118
-0.7606764341016088,-0.20982842660804732
-0.7606713795374319,-0.20982696149976093
-0.7604662110822091,-0.20976749168330908
-0.7598583660433132,-0.20959130264462325
-0.7595022078249529,-0.2094880671650232
-0.7593448373126295,-0.20944245198761854
-0.7593418845030893,-0.20944159609073523
-0.7585415144804856,-0.2092096020530253
-0.7585336143872283,-0.20920731214400665
-0.7581368866593119,-0.20909231724805655
-0.7575470963616893,-0.20892136152922222
-0.7575395544242209,-0.20891917543469588
-0.7575163459855005,-0.20891244827193917
-0.7572986194924758,-0.2088493384017457
-0.7564775462351662,-0.20861134335590514
-0.756196623403248,-0.20852991549101638
-0.7561332291605034,-0.2085115401322116
-0.7559303017042531,-0.20845271988831426
-0.7553911683499616,-0.20829644751404489
-0.7552389325486302,-0.20825232067616067
-0.7545980685571902,-0.20806656081409905
-0.7545116593598729,-0.20804151437555835
-0.754427694933549,-0.20801717657462035
-0.75440962209746,-0.20801193800983311
-0.7542091497827867,-0.20795382940953994
-0.7542064290554674,-0.20795304078365626
-0.7540533927232709,-0.20790868190511272
-0.7538566057496238,-0.20785164153216543
-0.7533442313399707,-0.20770312546489947
-0.7533294731310796,-0.20769884767291158
-0.7530980622400218,-0.20763177126391275
-0.7528479371525069,-0.20755927038638566
-0.7527602304159824,-0.20753384784510343
-0.751797468486112,-0.20725478313608603
-0.7510953897208578,-0.20705127965276976
-0.7509974632910023,-0.2070228948467187
-0.7509385640147745,-0.20700582239207352
-0.7507745992386428,-0.20695829581138864
-0.7503081606942353,-0.20682309464417276
-0.7502480798731186,-0.20680567970872263
-0.7497915121331804,-0.20667333967788068
-0.749114105884128,-0.20647698773259363
-0.7485553646090469,-0.20631503183622002
-0.7475323528445137,-0.20601850320174317
-0.7468994940141761,-0.20583506370350604
-0.7467432678840913,-0.20578978023499694
-0.7458250960999646,-0.20552364035782117
-0.7456738824652688,-0.20547980980360356
-0.745618043081997,-0.20546362428487774
-0.7447010861103593,-0.20519783653140267
-0.7446861080980861,-0.20519349502754072
-0.744666431668276,-0.20518779164751585
-0.7440986329171343,-0.2050232103649042
-0.7439244133805422,-0.2049727113549457
-0.7434550145733702,-0.2048366521304662
-0.7427616327975433,-0.20463566954328063
-0.7422384182324095,-0.20448401136503058
-0.7419020049697606,-0.20438649912826884
-0.7408771011433337,-0.2040894220636085
-0.7406606740639904,-0.20402668883948885
-0.7402094113199011,-0.2038958865066769
-0.7401990048219176,-0.20389287009499546
-0.7401469496731578,-0.20387778146873095
-0.7399538142609089,-0.203821799531818
-0.7390912186694546,-0.20357176888534112
-0.738982338271017,-0.20354020897861344
-0.7385225233108683,-0.20340692771345892
-0.7384092748350657,-0.20337410168246828
-0.7378519269726195,-0.20321254967856228
-0.7373872245855128,-0.20307785175126153
-0.7356691266169159,-0.20257984648662217
-0.735261941742275,-0.2024618204980237
-0.7352566030688075,-0.20246027303825034
-0.7351217505934121,-0.20242118490478883
-0.7348564139071525,-0.20234427481638034
-0.7345429458208419,-0.2022534134335416
-0.7343570817959546,-0.20219953916991243
-0.7334812898601404,-0.20194568345112568
-0.7331883857170438,-0.20186078270159746
-0.733084901054916,-0.20183078679479183
-0.7325813400686191,-0.20168482537301816
-0.732309118439118,-0.2016059196254309
-0.7322589009674805,-0.2015913636654627
-0.7318347905599273,-0.20146843166763118
-0.731519065842384,-0.20137691618109482
-0.7314896640057443,-0.20136839380943486
-0.7313229771209808,-0.20132007820248124
-0.7307477775284265,-0.20115335172323134
-0.7300052924924451,-0.2009381361397238
-0.7296599516602922,-0.20083803617124088
-0.7295389448527174,-0.20080296132200015
-0.7288087512230935,-0.20059130850684911
-0.7286102951722502,-0.2005337843377237
-0.7285268332704791,-0.20050959219778847
-0.7281020615725855,-0.20038646851934444
-0.7281000730898295,-0.2003858921407565
-0.7276926279317816,-0.20026779070680545
-0.7275412364537227,-0.20022390860318104
-0.7275210921290125,-0.200218069599852
-0.7270419881161253,-0.2000791972392016
-0.7268047029880415,-0.20001041813279075
-0.7263759660218903,-0.1998861450877192
-0.7260707790832855,-0.19979768406576218
-0.7255928621871828,-0.19965915580097784
-0.7252390312984186,-0.19955659491759553
-0.7252241272964055,-0.19955227486623509
-0.7243683077544398,-0.19930420831515924
-0.7227353183326817,-0.1988308724844906
-0.7224522120897661,-0.19874881173941017
-0.7222853498815826,-0.19870044531347658
-0.7222057497331967,-0.19867737253550538
-0.7217565839276774,-0.1985471780181187
-0.721269419679508,-0.19840596932992574
-0.7206931985209497,-0.1982389467411074
-0.7199715479599922,-0.19802977020684945
-0.7199134360106312,-0.19801292596557266
-0.7195360717996082,-0.19790354374918517
-0.7193124757678502,-0.19783873254341966
-0.7192704575688034,-0.19782655321213685
-0.7176750944126101,-0.1973641236735903
-0.7175657573742911,-0.19733243140592097
-0.7172387044865913,-0.19723763235320863
-0.7170909739549909,-0.19719481140595782
-0.7154470079022985,-0.1967182939057376
-0.7152418533555861,-0.19665882812078533
-0.7152224817894901,-0.19665321310809317
-0.7149385021934821,-0.1965708992142134
-0.7146581088446771,-0.19648962482449464
-0.7146202603729108,-0.19647865412402082
-0.7139444882250754,-0.1962827758368277
-0.7138345742157487,-0.19625091632921937
-0.7137196323851162,-0.19621759946497275
-0.713038959723845,-0.19602030072240684
-0.7129647892619411,-0.19599880178510293
-0.7126792935459949,-0.19591604843100327
-0.7125262267789788,-0.19587168073066916
-0.7122981384737952,-0.1958055674013595
-0.7118510863001288,-0.1956759855380877
-0.7118464495737532,-0.19567464154363104
-0.7117860156308833,-0.1956571242528466
-0.7114937883144437,-0.19557241968726397
-0.7114334236508761,-0.1955549224776727
-0.7104927403186224,-0.19528225743738784
-0.7102195192857435,-0.1952030620042572
-0.7097891773814584,-0.1950783237542586
-0.7095470104013993,-0.19500812960165756
-0.7091055057361899,-0.19488015573075154
-0.7090356172687425,-0.19485989796584957
-0.7080800594768242,-0.1945829214373044
-0.7080618804985809,-0.19457765210631373
-0.707921517337968,-0.19453696665401457
-0.7068595661184062,-0.1942291510883144
-0.7067257471849618,-0.1941903625357512
-0.7065921613066276,-0.19415164153618777
-0.7051753183155057,-0.19374095758123122
-0.7048560976289537,-0.193648428758434
-0.7046021747045539,-0.1935748270456824
-0.7038111954241697,-0.19334555499423256
-0.7036909568442582,-0.1933107028222941
-0.7036830422905397,-0.19330840872178812
-0.7020434449469831,-0.192833157528955
-0.7017458774157881,-0.1927469050568437
-0.7014003457244026,-0.1926467497661938
-0.7005087683286846,-0.19238831849800278
-0.6996450593119135,-0.19213796511575654
-0.6994573467365122,-0.1920835550340863
-0.6994566623385892,-0.19208335665554505
-0.6994000731453422,-0.19206695379804
-0.6989082614865448,-0.1919243980184693
-0.6987888970018052,-0.1918897992104282
-0.6985920847430027,-0.19183275150836426
-0.6985792582922564,-0.1918290336528548
-0.6974465403023838,-0.19150070573872024
-0.6972363002132236,-0.19143976586616715
-0.6965400495090128,-0.19123795169576274
-0.6963668961647025,-0.19118776173067775
-0.6962100445592023,-0.19114229696281593
-0.6960747984021564,-0.19110309471738976
-0.6959991221506934,-0.19108115931421393
-0.6953703846480466,-0.19089891441775433
-0.695240262619862,-0.19086119744452817
-0.6951567189971022,-0.19083698161707138
-0.6950390299900053,-0.1908028684604321
-0.6942690459841877,-0.1905796820673428
-0.694127408536764,-0.1905386272522063
-0.69383621333522,-0.19045422185387786
-0.6938208656487984,-0.19044977319682943
-0.6937980263775978,-0.1904431530404086
-0.6937095423983963,-0.19041750520874584
-0.6928968588807936,-0.19018194200009933
-0.6925632716268495,-0.19008524890592354
-0.6920766497758468,-0.18994419743614863
-0.6919640905894683,-0.1899115712015423
-0.6919340616920453,-0.18990286707099724
-0.6912869752290474,-0.1897153035727917
-0.6909262186126249,-0.18961073520852165
-0.6908487611404712,-0.18958828350342496
-0.690006965978664,-0.18934428203785642
-0.6898922479820464,-0.18931103005379699
-0.6897811622034533,-0.18927883089893083
-0.6892805666292969,-0.18913372902701103
-0.6883767763565122,-0.18887175775284432
-0.6880711184718565,-0.18878316022318106
-0.6874116050106152,-0.18859199465416124
-0.687383356653118,-0.1885838066282115
-0.6873482716070841,-0.18857363693011842
-0.6872298958361277,-0.18853932470915102
-0.6856647419523354,-0.18808565158436655
-0.6852582907080714,-0.18796783824475355
-0.6851982138519099,-0.1879504244585794
-0.6847784230497752,-0.18782874453500614
-0.6844139974000846,-0.1877231126703321
-0.6843451235234167,-0.1877031489931707
-0.6841781288219205,-0.18765474416292702
-0.6836679043750803,-0.1875068512806127
-0.6835806318396921,-0.1874815545962116
-0.6830747570661688,-0.18733492250359088
-0.682840401763488,-0.1872669926319162
-0.6823617625422189,-0.18712825499505753
-0.6822763524756611,-0.18710349816303953
-0.6822135407167356,-0.18708529164210885
-0.6820663300937021,-0.1870426213947647
-0.6817681748919083,-0.18695619858134738
-0.6814744700165856,-0.1868710657327936
-0.6814197992704759,-0.18685521895345855
-0.6811823492127717,-0.18678639204079872
-0.6803459257015486,-0.18654394759370044
-0.6793115806519847,-0.18624413391045794
-0.6791411972907115,-0.18619474684844403
-0.6787032357065916,-0.18606779996963502
-0.6786667602492168,-0.1860572272490249
-0.6783670776935975,-0.18597036171915013
-0.6781272231619111,-0.18590083784931807
-0.6780729233600304,-0.18588509859131316
-0.6778411477677322,-0.1858179164705673
-0.6774404571626721,-0.18570177290107434
-0.6773056588691839,-0.18566270047269803
-0.677273937958361,-0.18565350589772167
-0.6770045837159967,-0.1855754312866098
-0.6766667533625875,-0.18547750829407514
-0.6766369867267181,-0.18546888018226512
-0.6765344724970992,-0.18543916556355086
-0.6749759783540512,-0.18498742282109165
-0.674684918380106,-0.1849030566196294
-0.6745730802040928,-0.1848706393759912
-0.6743878058634284,-0.18481693603733423
-0.6741377503685673,-0.18474445533182793
-0.6728483894068761,-0.18437072312407315
-0.6727068458239932,-0.18432969551636977
-0.6727051896178935,-0.18432921545098818
-0.6724099220394784,-0.18424362963969235
-0.6723397230667298,-0.18422328187219592
-0.6723328615275831,-0.18422129299689252
-0.6720365937634813,-0.18413541727329444
-0.6718976383530189,-0.18409513986931328
-0.6716397209964771,-0.18402038033653495
-0.6715105785731952,-0.1839829473100963
-0.6714426829735312,-0.18396326719481967
-0.6710566419675122,-0.18385136993582865
-0.6709654613333043,-0.18382494045584627
-0.6708590926634619,-0.18379410859494985
-0.6706242526860031,-0.18372603823618114
-0.6705671428321744,-0.18370948446079152
-0.6703512700119648,-0.18364691189338153
-0.6702635648073287,-0.18362148979613024
-0.6699126004780055,-0.1835197598093086
-0.6698077007719294,-0.18348935374001582
-0.6696696755614509,-0.1834493459623875
-0.6696435263868933,-0.18344176640241266
-0.6693758198379708,-0.1833641693892163
-0.6693095390306134,-0.18334495733518222
-0.6692920483082606,-0.18333988750099742
-0.6688886973643062,-0.18322297280971783
-0.668242665659516,-0.1830357150421225
-0.6674364857666713,-0.18280203696425895
-0.6668888186940966,-0.18264329101938445
-0.6662773480226092,-0.18246605106034883
-0.6657916511235289,-0.1823252676957317
-0.6654312577560394,-0.18222080462224496
-0.6653910416687668,-0.18220914764834067
-0.6651300925332614,-0.1821335093287221
-0.6650880743184736,-0.18212132999287658
-0.6639891531091907,-0.18180279836217234
-0.6638609546563718,-0.18176563895357675
-0.6637197591026809,-0.18172471222508568
-0.6635477046425494,-0.18167484078089782
-0.6635391977183744,-0.18167237497679212
-0.6633521659405146,-0.181618162230062
-0.6631726091756367,-0.1815661161792283
-0.6627743053987879,-0.1814506644521313
-0.6625291401915862,-0.18137960123796976
-0.6621326071176897,-0.18126466276413797
-0.661700678859375,-0.18113946469597253
-0.6605902458879096,-0.18081759628338695
-0.659897778658723,-0.1806168787852999
-0.6597930884756467,-0.1805865334480252
-0.6596050306797029,-0.18053202330125345
-0.6588969219818359,-0.18032677199083913
-0.6588753719789444,-0.1803205255397699
-0.6576963293326208,-0.17997877003115767
-0.6574588627479679,-0.17990993832802163
-0.6571451833213828,-0.17981901568641231
-0.6555478129219868,-0.17935600433140333
-0.655192308181948,-0.1792529582680358
-0.6542404336477399,-0.1789770493629698
-0.6541034375478325,-0.17893733988176677
-0.6531428495718431,-0.1786589053117156
-0.6530263593987641,-0.1786251396472818
-0.6528064474792312,-0.17856139631268386
-0.6527628702114793,-0.17854876507211678
-0.6527433947141539,-0.1785431199340765
-0.6525716970028405,-0.17849335189655854
-0.6521375022111261,-0.17836749685446845
-0.651918759239103,-0.1783040923492182
-0.6502960880248477,-0.17783374733848645
-0.6500858577104132,-0.17777281029922043
-0.6498773477238954,-0.1777123719115885
-0.6491624488993354,-0.177505152425376
-0.6490590386185084,-0.1774751780786211
-0.6487830180642982,-0.17739517118049422
-0.6486970475122851,-0.17737025188701452
-0.6485017251244491,-0.17731363603668346
-0.6480334130978842,-0.17717789182477808
-0.6475465475746506,-0.1770367697245409
-0.6473951989000167,-0.17699290002785215
-0.6469104231316262,-0.17685238366077605
-0.6467412741139654,-0.17680335438372471
-0.6464932929281867,-0.1767314749342949
-0.6463521099202014,-0.17669055184228302
-0.6463123731307167,-0.1766790337969067
-0.6462339105161081,-0.1766562907427464
-0.6454341761483702,-0.17642448095498922
-0.6451749139356372,-0.1763493316042403
-0.6448536596242009,-0.1762562133180264
-0.6448340043035975,-0.17625051605668415
-0.6439410948242433,-0.17599169867275585
-0.6437437585761556,-0.17593449908795447
-0.6428029862231301,-0.17566180824424407
-0.6427937450741656,-0.17565912961885724
-0.6422889248225833,-0.1755128031883628
-0.6420959289830565,-0.17545686170778685
-0.6410478644500884,-0.17515307131594665
-0.6406281545835077,-0.17503141485223
-0.6405166819980943,-0.17499910357812715
-0.6404453509328343,-0.17497842766401683
-0.6403643145941051,-0.1749549385940966
-0.6402043523313632,-0.17490857217585665
-0.6401516707088484,-0.17489330196086214
-0.6391866477179682,-0.17461358186413867
-0.6387420518132386,-0.17448471197124588
-0.6386886145963259,-0.17446922274080812
-0.6384156562153268,-0.17439010343955197
-0.6381217842620714,-0.17430492216204277
-0.6366940049618907,-0.17389106822517225
-0.6363269206905164,-0.1737846657364597
-0.6361734019442207,-0.17374016702609887
-0.6356940373569703,-0.17360121913575977
-0.6350499399666637,-0.17341452204561938
-0.6350018060830054,-0.17340057003129455
-0.6349988910686126,-0.17339972508965526
-0.6348613992593296,-0.17335987192288635
-0.6345660445781731,-0.1732742608641224
-0.6342430328738764,-0.17318063318268626
-0.6330213287962679,-0.17282651189647275
-0.6324590948558785,-0.17266354362144384
-0.6324247920462585,-0.1726536006612082
-0.6310346791371242,-0.1722506646471709
-0.6308900745760107,-0.17220874978897208
-0.6304590096252977,-0.17208380195783535
-0.6299224145128285,-0.17192826531448108
-0.6296926199129553,-0.1718616574011873
-0.6295556131561225,-0.17182194483098406
-0.629285634946099,-0.17174368935755524
-0.6288868742567365,-0.17162810519049174
-0.6288283774818426,-0.1716111494042712
-0.6284495999060569,-0.17150135751212275
-0.6281519709086055,-0.17141508722349585
-0.6280536115744514,-0.17138657693646303
-0.6277581007855093,-0.17130092062853372
-0.6274594071966971,-0.17121434175907377
-0.6269516584085526,-0.17106716646742456
-0.6266972744135971,-0.17099343110946283
-0.6265290645648305,-0.17094467405847907
-0.6263866870071104,-0.17090340471609752
-0.6263335805440061,-0.17088801135745574
-0.6259351483362868,-0.1707725224035819
-0.6256832410939183,-0.1706995049533588
-0.6253645258420464,-0.17060712263508931
-0.6246915923829353,-0.17041206716589336
-0.6246205433444283,-0.17039147299962887
-0.6244024480800096,-0.1703282562379199
-0.6243664683920981,-0.17031782722029254
-0.6239120111270557,-0.17018609892849468
-0.6238572887640488,-0.17017023718756424
-0.6236077628492966,-0.17009790998534305
-0.6235361116073173,-0.17007714126529574
-0.6228025239023817,-0.1698645046486358
-0.6219614656067635,-0.16962071676998036
-0.6218148491628254,-0.16957821875048534
-0.6217127322892716,-0.16954861930879586
-0.6214911256590528,-0.16948438474793545
-0.6208739534224295,-0.16930549214189933
-0.620113125537934,-0.16908495972821366
-0.6194171601754925,-0.1688832282665406
-0.6192041307889771,-0.16882147989249752
-0.6188028726340942,-0.16870517181387593
-0.6187895440464275,-0.16870130840972233
-0.6187629488153639,-0.16869359955648686
-0.6169532710288783,-0.16816904910509048
-0.616806925627102,-0.16812662964946432
-0.6166668012604302,-0.1680860134136138
-0.6166204725947239,-0.16807258465701944
-0.6165724417300942,-0.1680586625036336
-0.6165116768199033,-0.16804104927916474
-0.6163781496552532,-0.16800234529826052
-0.6162401724796616,-0.16796235144395152
-0.6152882056965724,-0.16768641579976504
-0.6147073856041455,-0.16751806017096868
-0.6145695215075396,-0.16747809909356254
-0.6127562024889827,-0.16695249320017477
-0.6125624298484404,-0.16689632655723768
-0.6124672622238871,-0.1668687414142965
-0.6124074314645405,-0.16685139896137086
-0.6122013356834863,-0.16679166035166357
-0.6116956311543855,-0.1666450776058322
-0.6112976579717619,-0.1665297217042746
-0.6112084192548027,-0.16650385510547308
-0.6108954752565969,-0.16641314563401552
-0.6106486539986266,-0.16634160239949639
-0.6095197506930419,-0.16601438020394885
-0.6092917246723202,-0.16594828492831867
-0.6092638360071096,-0.16594020116222818
-0.6090011707009334,-0.1658640653959886
-0.6088540538314995,-0.16582142232392022
-0.6085493755275755,-0.1657331087340384
-0.6083340139701056,-0.1656706843604687
-0.6082996691745214,-0.16566072923024533
-0.6081259346432869,-0.16561037080320223
-0.6075838435728933,-0.16545324110984114
-0.6075416885701759,-0.16544102212485431
-0.6074801014434034,-0.1654231705739374
-0.6072279616967551,-0.16535008573037738
-0.6071187897960839,-0.16531844132925552
-0.6068663445459453,-0.16524526793291835
-0.6065853427692633,-0.16516381718522033
-0.6060447796383581,-0.16500713037807596
-0.6057766932643587,-0.1649294232693603
-0.6054458190095597,-0.16483351656099138
-0.6052850319922785,-0.16478691108065482
-0.6035496494274838,-0.1642838957292445
-0.6032795972465216,-0.1642056188147119
-0.6029727711477919,-0.16411668266829363
-0.6029562129896704,-0.16411188314575878
-0.6027084258777722,-0.16404005995028886
-0.6026739531965929,-0.16403006775134132
-0.6026671327191074,-0.16402809077810857
-0.6020809349976992,-0.16385817639795294
-0.6019936058274233,-0.1638328632974494
-0.6016839688927416,-0.16374311240639616
-0.6015766563363213,-0.1637120069519716
-0.601323222547908,-0.16363854701943334
-0.6008497366924475,-0.16350130312935163
-0.6003048302244942,-0.16334335736913497
-0.5998233300911731,-0.16320379047265915
-0.5997655852113574,-0.16318705262960254
-0.599718215161003,-0.1631733220188377
-0.5996726640674557,-0.163160118648127
-0.599188512923574,-0.16301978333376124
-0.5991777775813943,-0.16301667160380118
-0.5979543593669222,-0.16266205346048287
-0.5966928548643186,-0.16229639568360074
-0.5963149971026269,-0.16218687040736693
-0.5960878612709827,-0.16212103316058907
-0.5957783334622574,-0.16203131390061964
-0.5956828282350063,-0.16200363090067377
-0.5956386538793127,-0.16199082658910396
-0.5956325725123524,-0.16198906385332418
-0.5953513230040052,-0.16190754129850235
-0.5950033656713967,-0.16180668291517608
-0.594903559427127,-0.1617777532289773
-0.5946181294601411,-0.16169501893277136
-0.5937842135359181,-0.16145330133102787
-0.5935380627826599,-0.16138195244798492
-0.5932184891282389,-0.16128932131445792
-0.5916295680240089,-0.1608287590592977
-0.5914714922215062,-0.1607829394475542
-0.5907074941924937,-0.1605614881405993
-0.5906887536080289,-0.1605560560232832
-0.5906727932577006,-0.1605514297804064
-0.5903643112937904,-0.16046201366742477
-0.5900464041207533,-0.16036986557765753
-0.5900109286394333,-0.16035958270858613
-0.5897311147241044,-0.16027847627257366
-0.5894443148077211,-0.16019534488491846
-0.5892986182937904,-0.1601531135149365
-0.5892001748930136,-0.16012457886048026
-0.5889138181577462,-0.16004157593262944
-0.588876046478609,-0.1600306274911503
-0.5884924776608051,-0.15991944681687606
-0.5876337163589197,-0.1596705275717432
-0.58748672369586,-0.1596279205019456
-0.5874295743536533,-0.1596113552805148
-0.5872786873450894,-0.15956761940165112
-0.5869573068963968,-0.1594744645534839
-0.5865572970044884,-0.15935851829447
-0.5865438530252614,-0.15935462144309412
-0.5860779827632764,-0.15921958499735703
-0.5860482811138258,-0.1592109757224116
-0.5853984633206476,-0.15902262052499327
-0.5847785281018435,-0.15884292704514366
-0.5841633032235672,-0.15866459889743684
-0.5836470307641586,-0.15851495294739604
-0.5833800230319017,-0.15843755849213575
-0.5831235957675316,-0.1583632308752085
-0.582561052516226,-0.1582001729437878
-0.5822918908692548,-0.1581221541580837
-0.5822836845446258,-0.1581197754853052
-0.5822465192328364,-0.1581090028045435
-0.5822224080536332,-0.15810201397480309
-0.5820553050469025,-0.1580535777513688
-0.581970600572346,-0.1580290254411754
-0.5819505878915805,-0.15802322459595997
-0.581903301396958,-0.1580095182045325
-0.5818457470587234,-0.1579928355915689
-0.5812278860939883,-0.15781374335184958
-0.5811864148513128,-0.1578017225605088
-0.5806278399088758,-0.15763981487706252
-0.5804617001187025,-0.1575916578501149
-0.5801478616895759,-0.15750068912027068
-0.5800886042146265,-0.15748351283868872
-0.5785007489508276,-0.1570232595264152
-0.57824178389216,-0.1569481963082918
-0.5770224011825716,-0.1565947478902827
-0.5764318868834799,-0.15642358231348347
-0.5760688696951659,-0.1563183587032823
-0.5759332854270162,-0.1562790584534858
-0.5757121282771265,-0.15621495417831013
-0.575254048442397,-0.15608217585397116
-0.5750778330768858,-0.156031098336077
-0.5750415456765477,-0.15602058012539363
-0.575028829016982,-0.15601689409378883
-0.5750177530937215,-0.15601368364351456
-0.5749705177430435,-0.1559999920765931
-0.5748366936814598,-0.15596120203759517
-0.5747155291495746,-0.1559260814706256
-0.5743074651501836,-0.15580780066026387
-0.5739799236917027,-0.1557128599911678
-0.5729104233423837,-0.15540285624619543
-0.5728642793166687,-0.15538948100906821
-0.5727866855858295,-0.15536698980823613
-0.5727671890973054,-0.15536133858571885
-0.5726640645086698,-0.15533144704926807
-0.5723077279987937,-0.15522815989036037
-0.5718974347284355,-0.1551092329069059
-0.5716468957045824,-0.15503661204642122
-0.5708610146950615,-0.15480881777201144
-0.5699462430011043,-0.15454366343980203
-0.5690123290849677,-0.1542729605721792
-0.5688958391084634,-0.15423919496472424
-0.5686811811072385,-0.15417697452289797
-0.5683802831973909,-0.15408975671229455
-0.5682814359862518,-0.15406110500998077
-0.5677954967563947,-0.15392025140373317
-0.567716492450875,-0.15389735133586904
-0.5675830621569551,-0.1538586754337674
-0.5675803724786159,-0.15385789580769393
-0.567556249586034,-0.1538509035827314
-0.5675481370578903,-0.15384855209765957
-0.567435932210863,-0.15381602857131882
-0.5666791524844326,-0.15359666955057422
-0.5666710648426062,-0.1535943252790125
-0.5656048247627823,-0.15328526655079838
-0.5655843685692751,-0.15327933714965408
-0.5654804701434645,-0.15324922130993646
-0.5653607771630259,-0.15321452728463153
-0.5652150154140724,-0.15317227700572505
-0.5649061481165315,-0.15308274920052317
-0.5648695262583604,-0.15307213404440087
-0.5644489785940765,-0.15295023473791589
-0.5636992460156476,-0.15273291839277517
-0.5631204473268234,-0.15256514868495336
-0.5625321812797232,-0.15239463478305765
-0.5622770900504411,-0.1523206944272294
-0.5621501133849227,-0.15228388916404284
-0.5621092531243962,-0.15227204547105871
-0.5618055551204186,-0.15218401602942866
-0.5613596167541202,-0.15205475701266685
-0.5613039727947592,-0.15203862813921862
-0.561281114525518,-0.1520320024760546
-0.5611076429740245,-0.15198172027591939
-0.561061306897981,-0.15196828937137602
-0.5609494751765843,-0.1519358739986632
-0.5608403274247258,-0.15190423659727942
-0.560630070324917,-0.1518432917940456
-0.5595692075508423,-0.15153579172349926
-0.5594579852206514,-0.15150355298799467
-0.5589784436605842,-0.15136455380058406
-0.5588596207250293,-0.1513301119651661
-0.5588033771321748,-0.15131380928286528
-0.5585287163867495,-0.15123419653684522
-0.557744589957222,-0.1510069108423242
-0.5576583967531271,-0.15098192701125063
-0.5568611214715558,-0.15075083001047035
-0.5567596187298741,-0.15072140858011152
-0.5567046278010808,-0.15070546899311063
-0.5566815121833465,-0.15069876873530375
-0.5563689320311934,-0.15060816472770974
-0.5561836199964695,-0.15055445046310992
-0.5560408910914395,-0.1505130792797314
-0.555977789847572,-0.15049478884913564
-0.5558356130392894,-0.1504535776956808
-0.5557904409895458,-0.15044048419403067
-0.5557129459027395,-0.15041802158600795
-0.554782348075504,-0.15014827991487162
-0.5546023619372612,-0.15009610940652734
-0.5542642931855919,-0.14999811731223547
-0.5534178059463668,-0.14975275580824138
-0.5530312622083577,-0.14964071282812014
-0.5529915955426925,-0.1496292151087275
-0.5528913019860996,-0.14960014417091977
-0.5526410068666368,-0.14952759400819077
-0.5522629575824268,-0.1494180132175311
-0.5521599630463621,-0.14938815937792077
-0.5518691639279272,-0.14930386878764007
-0.5517702286356262,-0.14927519155425462
-0.5515706814314242,-0.14921735110507592
-0.5508813672341697,-0.14901754754003024
-0.5506693140063955,-0.1489560821138755
-0.5503493577017227,-0.14886334006592833
-0.5500797504961805,-0.14878519213129432
-0.5497996767431182,-0.14870401037911157
-0.5486519115522849,-0.14837132090618727
-0.5483404568015202,-0.14828104310572843
-0.5481841467111338,-0.148235735300614
-0.5467685485872514,-0.1478254121809826
-0.5465682402900353,-0.14776735112254016
-0.546366556336996,-0.1477088913185926
-0.5446810478508856,-0.14722033239179122
-0.5445138336809945,-0.14717186394677234
-0.5441969030319076,-0.14707999891075246
-0.544116816858708,-0.14705678525436777
-0.5440881032210771,-0.147048462363026
-0.5440345777736048,-0.14703294755821242
-0.5435077424384291,-0.14688023986906373
-0.5433795997583104,-0.14684309662665812
-0.5428322260575245,-0.14668443571808426
-0.54256700285867,-0.1466075585249624
-0.5422520710130405,-0.14651627285907332
-0.541274822759449,-0.1462330091662901
-0.5410125983684102,-0.14615700120304173
-0.5406484805409643,-0.14605145856325547
-0.5400459277041503,-0.14587680351421783
-0.5397274147963911,-0.1457844798471052
-0.539319772237288,-0.14566632119478445
-0.5392407993411681,-0.14564343023120124
-0.5384892820541705,-0.14542559657314857
-0.5380218533068707,-0.14529010838722795
-0.5378435454349217,-0.14523842433859963
-0.5377525180819503,-0.14521203928848345
-0.5369752149834159,-0.14498673139430862
-0.5368144542156367,-0.1449401335226128
-0.5362059775986067,-0.14476376141564942
-0.5361225881346721,-0.14473959027243527
-0.5361180636452019,-0.14473827881079743
-0.5359856346044435,-0.14469989313041465
-0.5354191925649601,-0.1445357051021812
-0.5349303166215078,-0.1443940002645964
-0.5347257160467964,-0.14433469505312602
-0.5334897241182142,-0.14397643231215532
-0.5334572430226743,-0.14396701739119283
-0.5333424188706779,-0.14393373463709672
-0.5333373965664195,-0.14393227887962123
-0.533265052389406,-0.1439113093064786
-0.5327569001395952,-0.14376401706804426
-0.5325929395308939,-0.14371649169532447
-0.5319895155137364,-0.14354158412727713
-0.5313397122218715,-0.1433532331331875
-0.531202915026514,-0.1433135813061548
-0.5306734294517749,-0.14316010542259616
-0.5304611033717654,-0.1430985609079075
-0.5302737112132581,-0.14304424370179086
-0.5298874927181805,-0.14293229499609117
-0.5284598043630636,-0.14251846742041857
-0.5278616101714377,-0.1423450757616474
-0.52753389567949,-0.1422500849373338
-0.527301844536891,-0.1421828229459968
-0.5272445690985831,-0.1421662211745418
-0.5271782748646648,-0.14214700522870527
-0.5267510450953015,-0.1420231690574027
-0.5264253886175407,-0.14192877476595195
-0.5252309463007734,-0.1415825555322816
-0.5248747012839746,-0.14147929489341815
-0.5235168324602846,-0.14108570510095741
-0.523485559426192,-0.14107664034684908
-0.5234793890315953,-0.14107485180565393
-0.5232377758195451,-0.1410048181674059
-0.5229850266500329,-0.14093155667746127
-0.5229348201819931,-0.14091700390697914
-0.5222006860977269,-0.14070420891763732
-0.5219296746954025,-0.14062565396465926
-0.5216860134494307,-0.14055502668641295
-0.5216478028941025,-0.14054395103294842
-0.5214915790006815,-0.14049866821275533
-0.521275522618463,-0.14043604243834062
-0.5211136667870271,-0.14038912715315838
-0.5197731387393502,-0.14000056373166445
-0.5188819504892016,-0.1397422452606164
-0.5186555283025207,-0.13967661486988242
-0.5184014061950726,-0.13960295542223533
-0.5173864075536523,-0.13930874945943922
-0.5168842963739797,-0.1391632082764091
-0.5165276842080045,-0.13905984121624368
-0.5164715868577278,-0.13904358092359403
-0.5163356611473164,-0.1390041817038627
-0.5154911422454853,-0.13875939073915255
-0.515292779010525,-0.13870189347349787
-0.5150233596719878,-0.13862379999370833
-0.5147414185314931,-0.13854207696344395
-0.514662070931081,-0.13851907738864438
-0.5145808826484923,-0.13849554427650806
-0.5139604768049595,-0.13831571438209023
-0.5138533228104536,-0.13828465488818098
-0.5128183216584391,-0.1379846510280798
-0.5126795813605205,-0.1379444359762935
-0.5121433212726013,-0.13778899644264578
-0.5121066954330902,-0.13777838013249832
-0.511643971978925,-0.13764425581569084
-0.5113931470632384,-0.13757155208703403
-0.5110738177008809,-0.13747899176363304
-0.510423804326944,-0.13729057987547338
-0.5104020382880254,-0.1372842708045299
-0.5102413051189435,-0.13723768093255048
-0.5090284550604284,-0.13688612605884795
-0.5087974134188407,-0.136819156679939
-0.5087035126357112,-0.13679193874172657
-0.5081538994468836,-0.13663262869855428
-0.5079701059050827,-0.13657935458200415
-0.5075941559219196,-0.1364703822915537
-0.5068827815062857,-0.13626418438515336
-0.5068174616521022,-0.136245250871545
-0.5067497850110875,-0.13622563422328954
-0.5066682821181492,-0.13620200991867565
-0.5062919684294415,-0.13609293220508906
-0.5062536151953714,-0.13608181519498136
-0.5059758501985957,-0.13600130265538518
-0.5052884697957459,-0.13580285904115214
-0.5048679790550089,-0.13568160002928253
-0.5045140604787639,-0.1355795387644791
-0.5042587223800105,-0.13550590564358506
-0.5040209955240507,-0.13543735116460168
-0.5039099973843084,-0.13540534207750288
-0.503899666674257,-0.13540236295912667
-0.5036200600063523,-0.13532173138992054
-0.5030772684499428,-0.13516520388192826
-0.5030670706596991,-0.1351622630942999
-0.503023996106209,-0.13514984147049958
-0.5024484169973584,-0.1349838588525003
-0.5018066913522458,-0.13479880122797006
-0.5015365244489182,-0.1347208918507506
-0.5014156462430848,-0.13468603359972176
-0.501172045060161,-0.1346157851117768
-0.500946438274797,-0.13455072575799326
-0.5007195880854701,-0.13448530783760815
-0.5005802998970301,-0.13444514060808552
-0.5005356499245832,-0.13443226467286412
-0.5004428679994615,-0.13440550868641862
-0.5002856841696353,-0.13436018080154485
-0.4999603169892386,-0.13426635304514634
-0.49992815151054387,-0.13425707732564776
-0.49992354063485694,-0.1342557476644317
-0.49966944186207074,-0.13418247193414734
-0.49963677899663805,-0.1341730527807547
-0.4993455318096034,-0.13408906437699641
-0.49922130061429604,-0.13405323920767176
-0.49910538002437155,-0.13401981060906587
-0.49896497921911875,-0.13397932252868439
-0.49874297683539065,-0.13391530259417556
-0.4986667851588296,-0.13389333082044208
-0.4984372260671634,-0.13382713172038024
-0.4984116638356816,-0.13381976021221043
-0.49836493214586486,-0.1338062839617697
-0.4982341577385853,-0.13376857189377803
-0.4974591060888106,-0.13354506638439426
-0.49698879786248784,-0.13340944125576934
-0.4967509873603939,-0.13334086265533315
-0.49653916933608766,-0.13327977963533955
-0.4960597017712817,-0.13314151318259917
-0.4960074973279237,-0.1331264587269274
-0.4955816683283742,-0.13300366029474248
-0.4955534104408493,-0.13299551142679647
-0.4954044511552334,-0.13295255529475197
-0.49485762635957187,-0.13279486470144308
-0.4942263048243389,-0.13261280736196351
-0.49375591011324993,-0.1324771572932953
-0.49371372226638344,-0.13246499137350604
-0.4932947646606143,-0.13234417447941277
-0.4931635126522129,-0.1323063246832038
-0.4922474493234051,-0.1320421549327201
-0.49188543286856046,-0.13193775844228117
-0.4915110154676789,-0.13182978582919078
-0.4908815489978761,-0.13164826344418046
-0.4904720288118355,-0.13153016806587822
-0.48983164139202995,-0.13134549635205345
-0.48975760368154414,-0.13132414572825885
-0.48971169263425485,-0.13131090613059626
-0.4894450364278884,-0.13123400915056713
-0.489079128138463,-0.13112849035238178
-0.48901431646629634,-0.13110980028726704
-0.48872103648361326,-0.13102522567609023
-0.4886819917410997,-0.13101396614897765
-0.48841195929750364,-0.13093609554658153
-0.48780658812858635,-0.13076152164364946
-0.4877897956846514,-0.13075667912284894
-0.4877806757055852,-0.1307540491490048
-0.48771878603451096,-0.13073620171591688
-0.48725280527117254,-0.1306018245193736
-0.48724465265969685,-0.13059947351014572
-0.48723359832520097,-0.13059628571657983
-0.48712759859394933,-0.13056571804546419
-0.4868755623610086,-0.1304930371000808
-0.48667546744504875,-0.13043533473130356
-0.4862798444264236,-0.13032124694847325
-0.48626091826340556,-0.13031578911646005
-0.48604296812367426,-0.13025293774776087
-0.485336432326845,-0.13004919049657554
-0.4847056250640649,-0.12986728146040796
-0.48359950460015666,-0.12954830398607126
-0.4825097221552752,-0.12923403798775807
-0.48237897556273046,-0.12919633394084018
-0.48181037553531614,-0.12903236391535888
-0.48148965485057577,-0.12893987609208457
-0.4814869879743484,-0.12893910703168737
-0.48142039814700305,-0.1289199041910961
-0.48119619752711246,-0.12885525034026263
-0.48095330634485917,-0.12878520659875176
-0.4808677415833661,-0.12876053186177344
-0.48078576803213147,-0.1287368927400065
-0.4807142170362291,-0.1287162592224974
-0.48067795607552555,-0.128705802468428
-0.480668519724417,-0.12870308126080027
-0.48042705666124874,-0.12863344935311194
-0.4801050631644211,-0.12854059448266864
-0.4793488512971721,-0.12832252189532473
-0.47868705667896844,-0.1281316768809414
-0.47867438656036365,-0.12812802313565422
-0.47858955652140284,-0.1281035602742765
-0.47857076718270003,-0.12809814189897342
-0.4783546686046346,-0.12803582447434547
-0.4782076305982991,-0.12799342239118838
-0.4774985199247993,-0.12778893260997687
-0.47749847335517204,-0.1277889191804612
-0.47749685246359863,-0.1277884517558749
-0.47710656366852483,-0.12767590222969155
-0.47696861305282034,-0.12763612072268904
-0.47681524194338387,-0.12759189233100787
-0.4767220369752318,-0.12756501434953402
-0.4754971834892544,-0.12721179724150844
-0.4749432469673108,-0.1270520558042258
-0.4747998994932498,-0.12701071797826521
-0.47468886931727783,-0.12697869965271902
-0.47394581372895855,-0.12676442100713967
-0.47390870334379254,-0.12675371930030196
-0.47368061763287655,-0.12668794508639475
-0.47362388330270394,-0.12667158432467202
-0.47300611388977065,-0.1264934350782837
-0.47281722061290604,-0.12643896298203433
-0.4725257805084625,-0.12635491894572076
-0.47251380406771537,-0.1263514652397767
-0.4715974099797275,-0.12608720010661875
-0.47158542061969105,-0.12608374267507477
-0.4713285714534642,-0.12600967380011785
-0.4708878198781506,-0.12588257207034176
-0.4705112783196604,-0.12577398690332872
-0.4701480166714894,-0.12566923133028063
-0.4700400627703442,-0.1256381001254474
-0.46986542775736145,-0.12558773975585877
-0.4694679697297346,-0.12547312280233158
-0.4687372270894872,-0.12526239490299168
-0.4684000344285239,-0.1251651569737892
-0.46796410851280495,-0.12503944684353568
-0.4678827203057301,-0.12501597652038318
-0.4676881758252866,-0.12495987475837551
-0.46693299788776294,-0.12474210033050262
-0.46682799275349873,-0.12471181947628024
-0.4659232121182476,-0.12445090337240365
-0.46565220758744924,-0.1243727524443732
-0.46531963045481706,-0.12427684551809294
-0.4652232779110534,-0.12424905985454315
-0.46517440685712114,-0.1242349666650036
-0.46466420615209947,-0.12408783754335474
-0.4638997163306871,-0.12386737780108706
-0.463874384647623,-0.12386007277731419
-0.4634558998295742,-0.1237393922233736
-0.4631793749883525,-0.12365964937589692
-0.4626873665804546,-0.12351776645769365
-0.46235792555309957,-0.12342276390573169
-0.4621119954610515,-0.12335184381864851
-0.4619959849504206,-0.12331838928916013
-0.46170759561699054,-0.12323522501889776
-0.46170161311395924,-0.12323349981466424
-0.46088720753225976,-0.1229986456156755
-0.4601266650242125,-0.12277932417984791
-0.4598242696187226,-0.12269212090873818
-0.4596342771214419,-0.12263733182481568
-0.45946963979114697,-0.12258985453684156
-0.45941129829336846,-0.12257303030818145
-0.45940802366611844,-0.12257208598759099
-0.4590351588054444,-0.12246456108826269
-0.45876651951169745,-0.1223870922354361
-0.45820115754103974,-0.12222405598452973
-0.4580726939830076,-0.12218701030765955
-0.45768335925333087,-0.12207473591007266
-0.45704238865002994,-0.12188989602071502
-0.4569794662171721,-0.12187175076496128
-0.4560853107331857,-0.12161389868894183
-0.45560469869403186,-0.12147530219842631
-0.4550908831043219,-0.12132713063445269
-0.4545909788157482,-0.12118297074176258
-0.45457263145345794,-0.1211776798214017
-0.4544192584313976,-0.12113345087816767
-0.4543816687608813,-0.12112261095742338
-0.454241262244707,-0.12108212123015491
-0.45412463353316057,-0.12104848842698554
-0.4529903689391074,-0.12072139488948577
-0.45285040286494493,-0.12068103217467674
-0.45281315420988233,-0.12067029059425943
-0.45279653000345144,-0.12066549658894699
-0.4523887637958743,-0.12054790701416121
-0.4517858881399008,-0.12037405275474171
-0.451761001108849,-0.12036687595748712
-0.4514866661169946,-0.12028776460779317
-0.45134131964134117,-0.12024585031977442
-0.45099435580945263,-0.12014579462928396
-0.45095298638765896,-0.12013386472281434
-0.45070377114429916,-0.12006199728026452
-0.45011202492185615,-0.11989135247109407
-0.4498471069551171,-0.11981495675589479
-0.4495564057296731,-0.11973112579380311
-0.4495209980791248,-0.11972091511303856
-0.4495031568439072,-0.11971577014706564
-0.44936110749833075,-0.11967480666888981
-0.4492523498645271,-0.11964344368766175
-0.4472050881682503,-0.11905306462272941
-0.44715932656813157,-0.11903986812189268
-0.44579974862068206,-0.11864779984904923
-0.4455053551745868,-0.1185629041428755
-0.445399693242597,-0.11853243388461755
-0.44529543713918923,-0.11850236903215867
-0.4449808050572586,-0.11841163700964012
-0.4448742928074113,-0.11838092154098116
-0.44365587522872146,-0.11802956038763558
-0.44355003265683396,-0.11799903803734954
-0.443400260348843,-0.11795584744998822
-0.44259024893301147,-0.11772226041852432
-0.4424195379484968,-0.11767303164059391
-0.4423413670271794,-0.11765048910217969
-0.44232848787543444,-0.11764677507696339
-0.4420185504685246,-0.1175573968812927
-0.44195094328244183,-0.11753790065988881
-0.44147959087783684,-0.1174019744163654
-0.44120363392062556,-0.11732239533243283
-0.4405630073109872,-0.11713765464224316
-0.44002864825017274,-0.11698355885505804
-0.4394335216361728,-0.11681193922551647
-0.4394120630903652,-0.11680575111764939
-0.4393808383393545,-0.11679674668048438
-0.43918542431926927,-0.1167403941649939
-0.4390333648143835,-0.11669654400725794
-0.43850699902354834,-0.11654475327919869
-0.43808219099024526,-0.11642224926814171
-0.4380483019930197,-0.11641247652900928
-0.43800529832843427,-0.11640007534779599
-0.4379445630030991,-0.11638256079914547
-0.4372805526259375,-0.11619107681530165
-0.4366189886572986,-0.11600029831448355
-0.436372676568543,-0.1159292680691048
-0.4357324589822489,-0.11574464533101668
-0.43560345794838284,-0.11570744465955997
-0.43528112237757455,-0.11561449114353692
-0.43498445041782074,-0.11552893837101663
-0.4345633160529331,-0.11540749375404098
-0.4344744570337633,-0.11538186903554812
-0.4340342700534875,-0.1152549301208587
-0.4339198792037551,-0.11522194266106074
-0.43380934038794733,-0.11519006603149552
-0.4333331650117752,-0.1150527489636094
-0.4331059020383805,-0.11498721200662414
-0.43282551777185146,-0.11490635619742483
-0.43281382276592395,-0.1149029836502432
-0.43221702592335576,-0.11473088236856008
-0.432086982199136,-0.1146933810112862
-0.43176734780681836,-0.11460120644757517
-0.43112711169121987,-0.11441657836609916
-0.43073352217144983,-0.11430307699347468
-0.4306910319177868,-0.11429082386712935
-0.43067674838745157,-0.11428670485425543
-0.42976744541960965,-0.11402448462277696
-0.4295285627410344,-0.11395559683346197
-0.429414507436437,-0.11392270613648794
-0.42926569580928514,-0.1138797925854511
-0.42883382490274236,-0.11375525181841586
-0.4284250087121041,-0.11363735945477853
-0.42827246576569156,-0.11359336988459859
-0.42822978412036017,-0.11358106156568348
-0.4278292021483037,-0.11346554374472215
-0.42777181704849904,-0.11344899531731528
-0.4276196023992396,-0.11340510041982256
-0.4269883372691541,-0.11322305934617675
-0.4269774013733142,-0.11321990570735668
-0.42683059286418024,-0.1131775698054521
-0.4267421506970122,-0.1131520652966498
-0.4258186032803531,-0.11288573732242971
-0.42556989987789706,-0.1128140174819938
-0.42550552791329316,-0.11279545421754165
-0.4254282141506508,-0.11277315886224919
-0.42513210920403294,-0.11268776960213457
-0.4250857461882444,-0.1126743996680619
-0.4250396828755822,-0.1126611161608744
-0.42474429744534337,-0.11257593439128617
-0.4246844547627471,-0.11255867725847388
-0.4245686453869491,-0.11252528073124027
-0.42415904826715106,-0.11240716316716672
-0.4238836103094572,-0.11232773374971321
-0.4237232296796638,-0.11228148398769068
-0.4235849847166402,-0.11224161759828377
-0.4233792870922807,-0.11218229954854497
-0.4227212816586155,-0.11199254724020351
-0.42218847606978177,-0.11183889943548048
-0.42077862150722745,-0.11143233264441264
-0.4206248410148985,-0.11138798619694522
-0.42051596660273144,-0.11135658953975815
-0.4197266079222757,-0.11112895824058852
-0.41926332897926233,-0.11099536018144622
-0.41887248621239687,-0.11088265090365465
-0.4187298907853753,-0.11084152994924922
-0.4186548878591838,-0.11081990098138807
-0.4183145672523865,-0.11072176103084652
-0.41818867699211915,-0.11068545742868571
-0.4180616290724556,-0.11064881998651167
-0.4179971881659196,-0.11063023684093072
-0.4179747923422247,-0.11062377844556509
-0.4177784768053836,-0.11056716595519192
-0.4177024445798553,-0.11054524016314794
-0.4172064888663579,-0.11040221894074395
-0.41720102705774587,-0.11040064389175677
-0.41717455588600705,-0.1103930102679522
-0.4160224331730023,-0.11006076689563297
-0.4152752048577979,-0.10984528493999259
-0.4150711494476806,-0.10978644046376441
-0.41497124097933935,-0.10975762936051105
-0.4147102577572941,-0.10968236832726143
-0.4142808435864695,-0.10955853602135686
-0.41418571689044265,-0.10953110386163219
-0.414165157153493,-0.10952517494775782
-0.41324228061232354,-0.10925904043724824
-0.41312398679638723,-0.10922492745962219
-0.4129505432139089,-0.10917491066878966
-0.4128821393651654,-0.10915518470980146
-0.41240785153180826,-0.10901841196204994
-0.4121937944191119,-0.10895668324497113
-0.411720040503957,-0.10882006446587421
-0.4111609584559326,-0.10865883918757524
-0.4106944139591537,-0.10852429942440836
-0.4103295879490502,-0.10841909272850841
-0.4102664324396837,-0.10840088025931947
-0.41022850754913154,-0.10838994366950169
-0.4102280190958023,-0.10838980281177923
-0.41012584785717626,-0.10836033918217454
-0.4099273847655227,-0.10830310739071031
-0.40974586624102377,-0.10825076198857808
-0.40945126311675323,-0.10816580581646319
-0.4091939443316833,-0.10809160151517853
-0.40911163709793263,-0.10806786616772039
-0.4090491700226773,-0.10804985222570931
-0.4081836715015367,-0.10780026410097635
-0.4073139715242777,-0.10754946438139014
-0.4071825171902064,-0.10751155623951873
-0.40708561187592823,-0.1074836111707791
-0.40678444986575185,-0.10739676358002681
-0.4066071998499359,-0.10734564910903027
-0.40626066808763417,-0.10724571801660124
-0.4061491380632215,-0.10721355554726751
-0.40557823120931413,-0.10704892029072642
-0.4052241602340763,-0.10694681507786541
-0.4051127706422758,-0.10691469310578437
-0.40479464270117177,-0.10682295296492235
-0.40449136631829263,-0.10673549564196952
-0.4044912557446759,-0.10673546375530422
-0.4042583904067259,-0.10666831121651346
-0.4040332011133967,-0.10660337225698997
-0.4040175151596158,-0.10659884882027322
-0.403383457859753,-0.10641600255470436
-0.4031163391247676,-0.10633897219299072
-0.40292536730295025,-0.1062839006963677
-0.4024730966211975,-0.10615347714442265
-0.402192673218235,-0.10607261004925488
-0.40200139777073984,-0.106017450994581
-0.40184117488232024,-0.10597124672122504
-0.40183299631149966,-0.10596888822597146
-0.4007497110346041,-0.10565649584839139
-0.4006834685583344,-0.10563739317516203
-0.4004883006789534,-0.10558111164049391
-0.4002554830157275,-0.10551397284990106
-0.4001701712094191,-0.10548937105887081
-0.3998956654961829,-0.10541021047740062
-0.39966827530434945,-0.10534463683379967
-0.3989731115705021,-0.10514416900112838
-0.3986246505040157,-0.10504368154563028
-0.39825694068777445,-0.104937643232173
-0.3982495809919638,-0.10493552087998965
-0.39812390608956283,-0.10489927938165075
-0.3979309090553778,-0.10484362386443767
-0.3974242501142895,-0.10469751609891688
-0.3974071252327698,-0.10469257771143221
-0.39701141042955856,-0.1045784634602231
-0.39700968354908367,-0.10457796547108872
-0.3968212900489755,-0.10452363749795489
-0.3966820256592891,-0.1044834771313975
-0.3965689506963854,-0.10445086914044661
-0.39598433912385556,-0.10428228178585168
-0.3957300500820955,-0.1042089511867544
-0.3956931996210975,-0.10419832443554528
-0.395468273961949,-0.10413346150152523
-0.395361141728324,-0.10410256724505247
-0.3952976381070924,-0.10408425438910898
-0.39486425332230235,-0.10395927705745396
-0.3944970301621819,-0.10385337908344915
-0.39420842383266497,-0.10377015223694308
-0.39416299377308356,-0.10375705134410446
-0.39396929246152734,-0.10370119273091366
-0.3932360297353087,-0.10348973810181471
-0.39297146177063075,-0.1034134433184552
-0.392950764479355,-0.10340747473735383
-0.39293527435189224,-0.103403007772049
-0.3928447221993535,-0.10337689479624301
-0.39265457835803486,-0.10332206206848546
-0.39189512012416516,-0.1031030533102097
-0.3918625264158788,-0.10309365410000822
-0.39172843539948504,-0.10305498560490652
-0.3912537827142659,-0.1029181076430041
-0.3911325231938288,-0.10288313943038133
-0.39066974166336466,-0.10274968481257636
-0.3898832871160658,-0.10252289099276796
-0.38952306621370086,-0.10241901229475193
-0.38949307433840796,-0.10241036338810597
-0.3892856362237952,-0.10235054342451307
-0.38819467533958724,-0.1020359375937745
-0.3881479799524586,-0.10202247181212097
-0.387962020241288,-0.10196884568284029
-0.3877485177866148,-0.10190727691526164
-0.3874428827590254,-0.10181913941817128
-0.3866460895292724,-0.10158936418094514
-0.3863123643772074,-0.10149312619457593
-0.38614840880830625,-0.10144584550953485
-0.3850161848962441,-0.1011193404536776
-0.38450882669310193,-0.10097303103847116
-0.38423132778389896,-0.10089300729415313
-0.38408143141097206,-0.10084978092956752
-0.3838973655343715,-0.10079670093480622
-0.3837123714508734,-0.10074335326839297
-0.3833299828152296,-0.10063308195058215
-0.38321665118560383,-0.10060039994336858
-0.3832045742105004,-0.1005969172458308
-0.3829382790082168,-0.10052012437034936
-0.38256520794917215,-0.10041254000856863
-0.38241435825474235,-0.1003690387299071
-0.3820519425512954,-0.10026452710615773
-0.3819840397340866,-0.10024494563213178
-0.3815929157450536,-0.10013215525690135
-0.3812868314846213,-0.1000438882122958
-0.38100491178576523,-0.09996258962281925
-0.38076726320715487,-0.09989405771706553
-0.38073672208787396,-0.09988525042219167
-0.38071996139956216,-0.09988041705891858
-0.3803924761979699,-0.09978597851818545
-0.38016737141746554,-0.09972106393004675
-0.3798537398713287,-0.09963062043702473
-0.3790748896078254,-0.09940601950245659
-0.3788618920940704,-0.09934459634720859
-0.3781712349734757,-0.09914542810907517
-0.37781176030744335,-0.09904176460695178
-0.37780490049573834,-0.09903978640884094
-0.3776382342720748,-0.09899172403876816
-0.3775777758138136,-0.09897428933165653
-0.3772168489782768,-0.09887020706017126
-0.3771417723512125,-0.0988485568388219
-0.3768918987124622,-0.09877649953150994
-0.37662036107816366,-0.0986981948697646
-0.3761680299636953,-0.09856775389053599
-0.3761025245361133,-0.09854886376371233
-0.3760432598871384,-0.09853177332133801
-0.37590300993250236,-0.09849132874250115
-0.3758750561206359,-0.09848326756236912
-0.37541630637097223,-0.09835097560929985
-0.3751298684130143,-0.09826837406691381
-0.37509479895945436,-0.09825826091370139
-0.3747765034491143,-0.0981664724500631
-0.37423151648807446,-0.09800931184228925
-0.3740479975009404,-0.09795638955677075
-0.3735672968597535,-0.09781776751564504
-0.3730727785501544,-0.09767516080457145
-0.3730647815073727,-0.09767285465746368
-0.3728421928648951,-0.09760866566059559
-0.3721602439573599,-0.09741200865328947
-0.3721265377546147,-0.09740228862751292
-0.37182266898038224,-0.09731466047371133
-0.37158548884994996,-0.09724626365669482
-0.37152916397242125,-0.09723002097087291
-0.37126697500902806,-0.09715441223197786
-0.3702271492545294,-0.09685455249360152
-0.3699428990131963,-0.09677258183396863
-0.3698121592696183,-0.09673487976212139
-0.3693925004972822,-0.09661386066912854
-0.3689526537516788,-0.09648701986960832
-0.36881695086051236,-0.0964478865501401
-0.3686568465534605,-0.09640171647268454
-0.3679367594802584,-0.0961940613723522
-0.3678622176448554,-0.09617256537154116
-0.367646071996074,-0.0961102343728961
-0.3675828803783383,-0.09609201149095667
-0.36720414565814646,-0.09598279387096656
-0.36694889398227915,-0.09590918567227119
-0.3667400985527294,-0.09584897429300106
-0.36665363991490735,-0.09582404178444805
-0.3654752456220748,-0.095484222345639
-0.3649066040085158,-0.09532024032775377
-0.3645726800110455,-0.09522394499934336
-0.364455388575913,-0.09519012108326856
-0.36409858060487776,-0.09508722658928019
-0.3639912652701385,-0.09505627953102598
-0.36362494084041275,-0.094950640728387
-0.36332666697466987,-0.09486462600624801
-0.3632572603926446,-0.09484461088406272
-0.3629377804990236,-0.09475248087391126
-0.3627436228407705,-0.09469649066174769
-0.36174032088958674,-0.09440716347467543
-0.3613507350155898,-0.09429481665334842
-0.3607743750416829,-0.09412860885339867
-0.36066025056896145,-0.09409569821006776
-0.36034132394842455,-0.09400372775003474
-0.36029283485552,-0.09398974470850152
-0.3602848770201147,-0.09398744986782041
-0.3600548758823084,-0.09392112329270869
-0.3600156987824802,-0.09390982559705728
-0.3595784602979897,-0.09378373695480144
-0.35946899026782597,-0.09375216853628236
-0.3591707049339621,-0.09366615050702412
-0.35777722054920946,-0.0932643044657661
-0.3574407197551945,-0.09316726605368578
-0.35739018692824764,-0.0931526936503748
-0.3572115063197071,-0.09310116663221998
-0.35666565386509286,-0.09294375643774791
-0.3561293997480925,-0.09278911416375991
-0.3553959934583717,-0.09257761813453791
-0.3549799019528773,-0.09245762775207395
-0.3546520924396988,-0.09236309568799139
-0.35435872093575893,-0.09227849468437332
-0.35420391057334927,-0.09223385124813482
-0.3541118214689284,-0.09220729505384989
-0.35389529805491066,-0.09214485511715972
-0.3533434441612983,-0.09198571425779493
-0.35330474365716735,-0.09197455400042148
-0.3532604245212639,-0.09196177347018401
-0.3529195286946757,-0.09186346764064278
-0.3527183147842,-0.09180544258183665
-0.35257775317339035,-0.09176490812915475
-0.35257506026232155,-0.09176413156096044
-0.35233423335402614,-0.09169468310442529
-0.3522164099403066,-0.09166070577903238
-0.35178269983954924,-0.09153563463438946
-0.35164949768985154,-0.09149722246620964
-0.3512969609886779,-0.09139555969961184
-0.35104809416950555,-0.09132379273388253
-0.35091632822735835,-0.09128579473203635
-0.35038348209135783,-0.09113213523452465
-0.3498619301635077,-0.0909817327041409
-0.3484387336227039,-0.09057131842026954
-0.3481521305895101,-0.09048866927431451
-0.3480326864456443,-0.09045422457088681
-0.3462306839096488,-0.08993457211309822
-0.34422200892878185,-0.0893553204917184
-0.3442039507645825,-0.0893501129688532
-0.3434107026986452,-0.08912136006819613
-0.3433347317737273,-0.08909945195371491
-0.34303871545922937,-0.0890140882528867
-0.3424448645515432,-0.08884283650513675
-0.34234618083856055,-0.08881437859069388
-0.3422387561244145,-0.0887833999901547
-0.34207006532535184,-0.08873475378317763
-0.3415131824077459,-0.08857416267908433
-0.3411815180674138,-0.08847851897927167
-0.3411730124131211,-0.08847606616132608
-0.3407687714977951,-0.0883594931926472
-0.3405110283131673,-0.08828516650514559
-0.34047284101923997,-0.08827415424475789
-0.340434427242354,-0.08826307667234998
-0.3401928059346539,-0.08819339913089685
-0.3391677617895321,-0.08789780203893155
-0.33889582993146006,-0.0878193836929107
-0.3380319684107626,-0.08757026763815919
-0.33775056684880084,-0.08748911846640277
-0.33761356654961117,-0.08744961100691281
-0.33743504572381533,-0.08739813006610489
-0.33722622411465575,-0.08733791113729014
-0.3370590821349104,-0.08728971157106348
-0.3368967777060386,-0.08724290703350682
-0.33686327852556286,-0.08723324670777455
-0.3366604317918313,-0.0871747507835833
-0.3366304411679199,-0.08716610223780444
-0.3365780416920077,-0.08715099153962247
-0.3363889790746045,-0.08709647060979746
-0.33631815312024615,-0.08707604617613415
-0.3357054984353436,-0.08689937188937494
-0.33549985932504517,-0.08684007071362769
-0.3350265834198261,-0.0867035897806398
-0.3347843962672613,-0.08663374906368121
-0.3346598533778707,-0.08659783400957935
-0.3334983153907415,-0.08626287550770742
-0.3333465123300962,-0.08621909930207597
-0.3330035549703264,-0.08612019897793041
-0.33297162190381435,-0.08611099028029194
-0.3329221692648185,-0.08609672937616722
-0.33275545560741915,-0.08604865332739149
-0.3326347812124465,-0.08601385385031694
-0.33250043860700984,-0.08597511280322827
-0.332226383385101,-0.0858960821321887
-0.3316584682374336,-0.08573230960889552
-0.3314091542251825,-0.08566041368386794
-0.33090768834125306,-0.08551580346613749
-0.32984102199358933,-0.08520820357205768
-0.3297027779752628,-0.08516833745507785
-0.32952382576717054,-0.08511673211440587
-0.3294647822403381,-0.08509970543812648
-0.3291415825451322,-0.08500650273024157
-0.3289513878808184,-0.08495165534640348
-0.3286578613424692,-0.08486700963473967
-0.32857798153170975,-0.08484397429535492
-0.32672425378183556,-0.08430940557968944
-0.32645003907602493,-0.08423032891748178
-0.3254635598983641,-0.0839458529975045
-0.32546217794560783,-0.08394545447689646
-0.32500511819879685,-0.08381364987837775
-0.3246526849667188,-0.08371201694967906
-0.32428960608559043,-0.08360731408207445
-0.3239300635048111,-0.08350363099503683
-0.32385509966268694,-0.08348201329804306
-0.3237275798243636,-0.08344523976633167
-0.32305912339524834,-0.08325247365231368
-0.32266164969771416,-0.08313785217997714
-0.3224416721481166,-0.08307441615698424
-0.3220864157841436,-0.08297196910766219
-0.3217195189964524,-0.08286616525130241
-0.32141319854564776,-0.08277783009530129
-0.32130001686820236,-0.08274519133054581
-0.3209942323268884,-0.08265701071743708
-0.3203774613719951,-0.08247914940137305
-0.32007590316939216,-0.08239218755863494
-0.3199727901861882,-0.08236245235344986
-0.31995925562429817,-0.0823585493243415
-0.3183481286242763,-0.08189394059674704
-0.31813904448186286,-0.08183364595990861
-0.3180030816242504,-0.0817944376726199
-0.31798464733771253,-0.08178912168548025
-0.31732484171103487,-0.0815988502465023
-0.31679098187552873,-0.08144489842340892
-0.3166838543972178,-0.08141400553824982
-0.31665290166643606,-0.08140507954491476
-0.31664115069193144,-0.08140169085779543
-0.31625585509522325,-0.08129058124512561
-0.3156371117866299,-0.08111215115158904
-0.31544427991215984,-0.08105654326230657
-0.3151455615182036,-0.0809704003493499
-0.3150980415794456,-0.08095669678763104
-0.314162730027479,-0.0806869763310452
-0.313759398871875,-0.08057066571431426
-0.31349813991165654,-0.08049532516507259
-0.312802682343873,-0.08029477259804374
-0.3123763851132235,-0.08017183913972145
-0.3123487091845484,-0.08016385809415114
-0.3122938201081367,-0.08014802945745761
-0.31217409612126285,-0.08011350405430612
-0.31207891641720087,-0.08008605660839001
-0.31188034734434145,-0.08002879425459694
-0.3116685408790946,-0.07996771456794696
-0.31134360042213,-0.0798740098679126
-0.3113038416021389,-0.07986254441871682
-0.3112507317303361,-0.07984722886012917
-0.31070549845850903,-0.07968999722248524
-0.31065176523452837,-0.07967450190472142
-0.30914158945106707,-0.07923900498288447
-0.30913687230991826,-0.07923764467736724
-0.30866572843597695,-0.07910177856887127
-0.3085910291674338,-0.07908023716828047
-0.30858835955839825,-0.07907946731980972
-0.3080465787910882,-0.0789232312981108
-0.3076932922301899,-0.07882135229072468
-0.30730858079728895,-0.07871041113628513
-0.3072799061963699,-0.07870214209861952
-0.3065233834416944,-0.07848397985911801
-0.3062224916684036,-0.07839721019792412
-0.30606162801651854,-0.0783508211444122
-0.30576310537557355,-0.07826473468172755
-0.30554315965748985,-0.07820130783814706
-0.304836256921406,-0.077997454770859
-0.30442439522344916,-0.07787868415908848
-0.3043879006778313,-0.07786816004497243
-0.30435821111012906,-0.07785959831627395
-0.30429966727096014,-0.07784271573741805
-0.30420971849309275,-0.07781677675977505
-0.30412568370527343,-0.07779254322893489
-0.30411058942430585,-0.07778819041585797
-0.30409079493091973,-0.07778248217908619
-0.30405549396118037,-0.07777230226239851
-0.3040090166544639,-0.07775889936968103
-0.30377160622212723,-0.07769043613935586
-0.3035993899652792,-0.077640773278536
-0.3035047270471321,-0.07761347486075136
-0.3022439867403619,-0.07724990889124825
-0.3018493252226024,-0.07713609838121752
-0.30170466913800875,-0.07709438318471162
-0.30162249766951954,-0.07707068698855896
-0.3014823990383998,-0.07703028604763912
-0.30138452461307924,-0.07700206151151523
-0.3008263394368494,-0.07684109486860828
-0.30081553919437287,-0.07683798034882516
-0.3007337980183035,-0.0768144082382435
-0.3002038902047739,-0.07666159607943598
-0.29973887159434476,-0.0765274963437253
-0.29956801432072366,-0.07647822537967575
-0.29926428433066654,-0.07639063724775887
-0.2991150150818704,-0.07634759173008633
-0.2983776888848944,-0.07613496529766078
-0.2983385212832566,-0.07612367034104994
-0.2981609939922752,-0.07607247591083116
-0.29786143121050046,-0.07598608949754834
-0.2974278699801487,-0.07586106128340672
-0.2962799739237071,-0.07553003677311868
-0.2962200833945816,-0.07551276584256414
-0.2962027418741077,-0.0755077649818239
-0.29602470673375525,-0.07545642410054942
-0.29584062306377656,-0.07540333897462292
-0.29575137439351457,-0.07537760189050144
-0.2955209325368186,-0.07531114822308568
-0.2953663073340135,-0.07526655818224576
-0.2952882291450052,-0.07524404238550994
-0.2943964956998496,-0.07498688876490675
-0.29433134954272616,-0.07496810224269693
-0.2942420964588802,-0.07494236388580822
-0.29401110655380824,-0.07487575217494917
-0.2936957386081035,-0.07478480794772441
-0.2926599147046989,-0.07448610224310502
-0.2922867544547761,-0.07437849216090597
-0.29183363773529974,-0.07424782463284343
-0.29148602609751323,-0.0741475821313356
-0.2904476052648167,-0.0738481275372656
-0.29022294585959474,-0.07378334138421813
-0.2894173185414267,-0.07355101861686066
-0.28929595425228183,-0.07351602019156318
-0.28895965874966906,-0.07341904098038829
-0.2888668680838048,-0.0733922824733313
-0.28844597375070213,-0.07327090707551853
-0.28837633260822626,-0.07325082431196636
-0.28723734213464425,-0.07292236794901916
-0.2871281529715585,-0.07289088052554
-0.2871177258987864,-0.0728878736185655
-0.2871022890112711,-0.07288342200632983
-0.2870260127961546,-0.07286142585379157
-0.28698378916715733,-0.07284924961533082
-0.28659216498217394,-0.07273631499609974
-0.28651204557350063,-0.07271321056266972
-0.286031579857062,-0.07257465626796528
-0.2859977607362794,-0.07256490367945116
-0.28561799609911265,-0.07245538905716686
-0.2855171326667862,-0.0724263025661867
-0.2854607629916765,-0.07241004696186298
-0.2854518371110939,-0.07240747296116652
-0.2852174213379297,-0.07233987331564112
-0.2851835824901229,-0.07233011503834666
-0.28511393502132376,-0.07231003045044111
-0.28496031030204705,-0.0722657289240256
-0.2846169896540339,-0.07216672383663764
-0.2842458261140054,-0.07205968955562825
-0.28405035117845623,-0.0720033194736416
-0.2839680561478476,-0.07197958764526438
-0.28385422030915064,-0.07194676023676652
-0.2837207983525861,-0.07190828468178437
-0.2835611762699058,-0.07186225366577564
-0.28300527935252473,-0.07170194689948432
-0.282385342936071,-0.07152317274348412
-0.2823111796401546,-0.07150178590399259
-0.28143387121815694,-0.07124879209925421
-0.2812429255450825,-0.0711937281432746
-0.2810937957481614,-0.07115072284003468
-0.2805159976491651,-0.07098410032078108
-0.2804101476542205,-0.070953575829871
-0.2802666281749797,-0.0709121884019189
-0.279919639946826,-0.07081212567615577
-0.2797200383016872,-0.07075456555434512
-0.2796910877535732,-0.07074621694041075
-0.2796615798849596,-0.07073770760918462
-0.27955478639443393,-0.07070691103774868
-0.27944193476691614,-0.07067436745113677
-0.27920043388669646,-0.07060472463795675
-0.2791620135366753,-0.07059364517002104
-0.2788877189053286,-0.07051454545928795
-0.27850714985487346,-0.07040479886433212
-0.2782528230967468,-0.07033145738877818
-0.27812979698291473,-0.0702959797348082
-0.2769198257339583,-0.0699470542916892
-0.2767959132466212,-0.0699113210297713
-0.27646728085073324,-0.06981655166689815
-0.2764308864577674,-0.06980605643430185
-0.27626140443757247,-0.0697571820589411
-0.2760959099425037,-0.06970945758608653
-0.2759919107381345,-0.06967946681688453
-0.27542068021912836,-0.06951473822342477
-0.2753678637935538,-0.06949950728738938
-0.2753223912136358,-0.06948639413274926
-0.2747518867886958,-0.06932187492665635
-0.2743973884174063,-0.06921964646346451
-0.27335044023929045,-0.06891773279627056
-0.27331707076561096,-0.06890810987473395
-0.27330988774973913,-0.06890603847262568
-0.27327532944433125,-0.06889607272175492
-0.27310858308374936,-0.06884798724219937
-0.27288013765453073,-0.0687821092945313
-0.2722287966101392,-0.06859427882935959
-0.2717904371438569,-0.0684678669239942
-0.2717817181746961,-0.06846535259137629
-0.2717085983440186,-0.06844426666115942
-0.27147567121077404,-0.06837709630215139
-0.27131456638952983,-0.06833063770142865
-0.27088043279189855,-0.06820544443088031
-0.2704253009690625,-0.0680741957974127
-0.27034781468277697,-0.0680518506906169
-0.2699218595003813,-0.06792901587045527
-0.26938155262761976,-0.06777320488307756
-0.2692756003953456,-0.06774265090947895
-0.26888181072217743,-0.06762909181762089
-0.2687469438329191,-0.06759019958019197
-0.2687089893212555,-0.06757925444838657
-0.26847209578824677,-0.06751094027889837
-0.2684560369512796,-0.06750630931199761
-0.26825529529461684,-0.06744842043937863
-0.26775277249022394,-0.0673035054322234
-0.26768219346746536,-0.06728315220745693
-0.26766609883996506,-0.06727851091946169
-0.267630768789026,-0.06726832261648344
-0.2675141424171683,-0.06723469048802182
-0.2669385501735547,-0.06706870408228535
-0.266703486151901,-0.06700091749811021
-0.266463813829195,-0.06693180199517933
-0.26582441683777774,-0.06674741589612812
-0.26560687675319405,-0.06668468277707679
-0.2651341500414176,-0.06654836021774073
-0.26507901050687077,-0.06653245935518573
-0.2649169503476753,-0.06648572525889382
-0.26483499533966703,-0.0664620914845295
-0.26480522348336505,-0.06645350602585717
-0.2644710037517489,-0.06635712541511635
-0.2641745039408633,-0.06627162228602365
-0.2641503905342085,-0.06626466858269445
-0.2637994689921518,-0.06616347158758588
-0.263713511937255,-0.06613868372300238
-0.26354887320912,-0.06609120603192617
-0.2625381103952555,-0.06579972731867573
-0.2622723037384742,-0.06572307532749713
-0.261812615436943,-0.0655905127195453
-0.2617934786685855,-0.06558499415422006
-0.2617914691697853,-0.0655844146650298
-0.2617612596944959,-0.06557570300798767
-0.26132737472931356,-0.06545058143681856
-0.2610580502132761,-0.06537291498302286
-0.26102780529853686,-0.06536419310612984
-0.2606722572395105,-0.06526166193925056
-0.2605850340081235,-0.06523650894103825
-0.2596268814578282,-0.06496020171185762
-0.2591747309139192,-0.06482981280466169
-0.2583910210773708,-0.0646038104907801
-0.2583235767176172,-0.06458436122441681
-0.25823740794868877,-0.06455951230680218
-0.2582214682899389,-0.06455491570791833
-0.2579977690271733,-0.06449040643593916
-0.2575803279143237,-0.06437002686047179
-0.2575524405454658,-0.0643619848408415
-0.25748298094951855,-0.06434195443076718
-0.2572859990017474,-0.06428514976415071
-0.25725680103792037,-0.06427672980171334
-0.25716587619184544,-0.06425050935041371
-0.2566792213352549,-0.06411017026249874
-0.25629326034410915,-0.06399886876671666
-0.2562448917012197,-0.063984920459955
-0.2557802847102848,-0.0638509394250106
-0.25557054351195285,-0.06379045530968025
-0.25540766100212065,-0.06374348406803418
-0.2551536747007946,-0.0636702407717056
-0.25491576698574836,-0.06360163413748557
-0.25477912390042107,-0.06356222968953851
-0.25448393918479245,-0.06347710580102338
-0.25401737958306736,-0.06334256168196786
-0.25387881771326654,-0.06330260390457329
-0.2532784206963078,-0.0631294644226473
-0.25311824753212664,-0.06308327448851797
-0.25259662435843694,-0.06293285141261616
-0.2523847030973022,-0.06287173862170353
-0.2519974181517967,-0.06276005533060024
-0.2507309140686712,-0.062394827232165925
-0.250484449688984,-0.06232375306989173
-0.2503913622262523,-0.06229690897404198
-0.25026423604742914,-0.062260248963883734
-0.24983501195463875,-0.06213647147172978
-0.2495017214624696,-0.06204035883040233
-0.24934618745133497,-0.06199550671197222
-0.2486960185283648,-0.06180801425730007
-0.24820966873401035,-0.06166776314170349
-0.24814133788891188,-0.06164805823514042
-0.2480411033037977,-0.06161915308796692
-0.24791551388406918,-0.06158293624069253
-0.2470141337102254,-0.061323000744829846
-0.24678787969849497,-0.06125775474715132
-0.24659399821646774,-0.06120184417730326
-0.24655732072089354,-0.06119126730499597
-0.24632621393841517,-0.061124621889616364
-0.24578211087453733,-0.06096771617567506
-0.24511674119887483,-0.06077584020414376
-0.24492579274950166,-0.060720775447549044
-0.24445362729701325,-0.060584614741352835
-0.24441117399489465,-0.0605723722709087
-0.24433854648561035,-0.06055142831386716
-0.2443332413357326,-0.06054989844134043
-0.2442287346932115,-0.060519761339667966
-0.24410130776948016,-0.06048301460220081
-0.24399788402166467,-0.060453189780274946
-0.24374969019741782,-0.060381616889448486
-0.24348462757100156,-0.06030517945801665
-0.24318095464245518,-0.060217607781212185
-0.24267437832567612,-0.060071523842475494
-0.24252444103280957,-0.06002828567760288
-0.24230354356725128,-0.05996458437385681
-0.24227224392291943,-0.059955558339331284
-0.24223827102395523,-0.05994576140503609
-0.2422134050815991,-0.05993859068923382
-0.24218068381054883,-0.05992915469312193
-0.24180049122422026,-0.059819516661003685
-0.24174888525567986,-0.059804634790499675
-0.24170490324779745,-0.05979195147955087
-0.2413731902736612,-0.05969629375496556
-0.2412647780957067,-0.059665030394563515
-0.24120021096767497,-0.059646410849860415
-0.2411805967219675,-0.05964075459201064
-0.240677641916845,-0.05949571500665061
-0.23997051987724807,-0.05929179869771489
-0.2398473917153869,-0.059256291615645884
-0.23981874820154964,-0.05924803154271705
-0.23900479556873447,-0.059013307962856934
-0.23888806668165352,-0.058979646271569104
-0.23875293569521513,-0.05894067787511936
-0.2386726608978597,-0.05891752863148018
-0.2382375415868443,-0.05879205110584752
-0.23810914395720797,-0.05875240566159554
-0.2380732991041481,-0.05873994600685152
-0.23656255577001387,-0.0582148123058241
-0.23560314178289815,-0.05788132043696187
-0.23513115505358606,-0.05771725806289783
-0.23430334348086795,-0.05742951113387765
-0.23375573431174365,-0.05723916243386927
-0.2335951383883742,-0.057183339363395654
-0.23358303666114627,-0.057179132808473684
-0.23323655367069873,-0.05705869547738923
-0.2330188346313063,-0.05698301643757017
-0.23295650974136184,-0.05696135233395762
-0.2324129269925167,-0.05677240321582082
-0.23198717062176857,-0.056624410493526206
-0.2317884050549589,-0.05655531967222176
-0.2316751061032991,-0.056515937007765554
-0.231443043256407,-0.05643527206693412
-0.2312625898647158,-0.05637254654943512
-0.23114282968552735,-0.056330917965206416
-0.2308411864474369,-0.05622606691180156
-0.23077969996041017,-0.056204694236664784
-0.23041260114679635,-0.05607709085475325
-0.2303360168372619,-0.05605047018332762
-0.23008128477443548,-0.05596192543326983
-0.22997975184165367,-0.0559266326316647
-0.22913692115985784,-0.05563366506710843
-0.2289538987081894,-0.055570046545520974
-0.22887017652492334,-0.05554094475240809
-0.22823822465412308,-0.05532127856736764
-0.2281009356253404,-0.05527355696293215
-0.22804789836765907,-0.05525512123610203
-0.22798617510671362,-0.05523366625845795
-0.22715492414727684,-0.054944723800166836
-0.2271200616793658,-0.05493260562205715
-0.22685367286779792,-0.054840008991398445
-0.22678987579272358,-0.054817833156899254
-0.22676604613771414,-0.05480954997957417
-0.22636273516924593,-0.054669359268980665
-0.22568479190885007,-0.05443370649767633
-0.2255350946514879,-0.05438167179858742
-0.2255117500958475,-0.054373557241584054
-0.22522525777680363,-0.05427397264080099
-0.22485328867838,-0.05414467635008792
-0.22376736288357418,-0.05376720903397739
-0.2233613154844907,-0.05362606714133719
-0.22271998821367506,-0.05340314207148325
-0.22264720229947738,-0.05337784172056218
-0.2223234307145321,-0.053265298863778836
-0.2211881528567214,-0.052870676792844275
-0.2210142919670925,-0.05281024282608639
-0.22100499086792247,-0.052807009768213224
-0.22054563860994564,-0.052647339130682376
-0.22052664641092068,-0.05264073745087397
-0.22026586634646667,-0.05255009041818037
-0.22019813182186448,-0.05252654592800257
-0.22017108321678974,-0.052517143845087794
-0.22012851890492802,-0.05250234850949727
-0.2195132679289858,-0.05228848754797104
-0.21939841637540142,-0.05224856519978669
-0.2191773654312385,-0.05217172799137337
-0.21851832159158635,-0.05194264465018877
-0.2184312269282059,-0.051912370584510405
-0.21817064127294167,-0.051821791128363395
-0.21767031690273853,-0.05164787860311665
-0.2176114272026705,-0.051627408569954555
-0.2174500606944817,-0.05157131764454555
-0.21711475629098437,-0.05145476598523923
-0.2160541941969656,-0.05108611508007361
-0.21548057959014716,-0.05088672690166106
-0.2149021058425874,-0.0506856496881201
-0.21452109235177452,-0.050553209570695
-0.2134415259256474,-0.05017795276826667
-0.21333729451716427,-0.050141721977725796
-0.21332287458357058,-0.050136709615317465
-0.21269830482509336,-0.049919609449188385
-0.21247200227757204,-0.04984094678581817
-0.2119825614220161,-0.04967081736535018
-0.21194587852052754,-0.04965806640535064
-0.21164101359932969,-0.04955209549635187
-0.21153485071276917,-0.04951519332490312
-0.21144064410567265,-0.04948244715079922
-0.21027746848879314,-0.049078127831404805
-0.20968418983322382,-0.048871904438522365
-0.209651350472979,-0.048860489491724265
-0.20958545719004074,-0.048837585016317756
-0.2092962790978083,-0.04873706684198664
-0.20928247040471815,-0.04873226694650143
-0.20916722905396956,-0.04869220910499876
-0.20864791938868632,-0.048511697299751716
-0.2085699976203581,-0.048484611728253066
-0.20765563721347646,-0.04816678046354397
-0.2075876828741301,-0.048143159565860336
-0.20752302571333495,-0.04812068476595281
-0.20665392432562746,-0.047818585515879704
-0.20656926567428502,-0.04778915820688619
-0.20617932535629724,-0.04765361512836443
-0.2061309129867565,-0.04763678701056441
-0.20574791353998387,-0.04750365657574411
-0.2053103955621599,-0.047351575524138864
-0.20491284812368069,-0.04721338821396801
-0.20486993788391386,-0.04719847263399383
-0.20387268840021,-0.04685182916359571
-0.20306044873534648,-0.046569495022717
-0.2028391308664321,-0.04649256503138056
-0.20258041308398173,-0.04640263484698055
-0.20212960817578107,-0.046245935264373796
-0.2019919751101904,-0.04619809407289915
-0.20196453295174052,-0.04618855519100878
-0.20160602324281743,-0.04606393737801083
-0.2013406830051928,-0.045971705231181485
-0.2011802355963621,-0.04591593378429451
-0.20031754856054018,-0.04561606416004149
-0.20009079946335726,-0.045537246276210454
-0.20005579003724738,-0.04552507701549716
-0.2000012589714113,-0.045506122041626754
-0.19999431648982124,-0.04550370883815974
-0.19890045962378908,-0.04512348468527082
-0.1988868691635592,-0.045118760647429375
-0.19817613597541509,-0.04487171011204043
-0.1972324219498118,-0.04454367554271328
-0.19630741689035264,-0.04422214420157302
-0.1958538425241776,-0.04406448195662446
-0.19575317882616325,-0.04402949130063215
-0.19559892207522944,-0.04397587172363579
-0.1954836861651323,-0.04393581577330107
-0.19355864132184436,-0.04326667105469875
-0.1930720216109728,-0.04309752226284966
-0.1930244181048286,-0.043080975305601135
-0.1924248203074381,-0.042872555381873984
-0.19233092755009104,-0.04283991830180137
-0.19229746849061355,-0.042828287947829696
-0.19210713063989793,-0.04276212659683543
-0.19207933159176763,-0.042752463660253245
-0.1919091730236166,-0.04269331661876992
-0.19151433459556266,-0.04255607095940011
-0.19136499886449698,-0.04250416192668867
-0.1902814350178342,-0.04212751562268652
-0.190235552143615,-0.04211156675631848
-0.18998462696563678,-0.042024345277715563
-0.1898833480958495,-0.04198914078829265
-0.1896969806982421,-0.04192435956500662
-0.18909493763404744,-0.04171508966764208
-0.18882048344926577,-0.041619689516894806
-0.18852466395862447,-0.04151686279547454
-0.18846886290484605,-0.041497466374368575
-0.18831358645832846,-0.04144349235164756
-0.18810609602387138,-0.041371368770287076
-0.18761631347993163,-0.04120112057909113
-0.18756984259764975,-0.04118496732138592
-0.18739819568571653,-0.041125302932275724
-0.18712843201668808,-0.04103153320268705
-0.18710328633475695,-0.041022792574998024
-0.18685497447890168,-0.04093647948598546
-0.1864524197122408,-0.04079655163079885
-0.1860762452421316,-0.0406657935547861
-0.18581806361046604,-0.0405760497361569
-0.18565133685274293,-0.040518095590429265
-0.1850418114777423,-0.040306224845205935
-0.18500171898829204,-0.04029228871396992
-0.18428694798110945,-0.040043834634505775
-0.18229101114786433,-0.039350047892193485
-0.18196168057718348,-0.039235572734477704
-0.18180860069348467,-0.03918236223600101
-0.18159685602666073,-0.03910875988539006
-0.1815708980177858,-0.03909973689322206
-0.1812387564038983,-0.03898428461815646
-0.1810610137533323,-0.03892250135304902
-0.18064737948484547,-0.03877872226802873
-0.18059907619013912,-0.038761932064591886
-0.18049866078895663,-0.03872702771646625
-0.18012742901675688,-0.038597987720015804
-0.17984306747992368,-0.03849914377816739
-0.17925385754761694,-0.038294334671654454
-0.17912975525617858,-0.03825119677116766
-0.17855787948748672,-0.038052413012103
-0.17852353009186703,-0.03804047317769019
-0.17794991528674292,-0.037834824607591605
-0.17739335014772817,-0.0376345242490191
-0.1773179545541539,-0.037607390382075084
-0.17694869251638332,-0.037474497907523774
-0.17686597583372843,-0.037444729278419506
-0.1765022821861657,-0.03731384079311783
-0.17585219075869293,-0.03707988157271424
-0.17578824308350713,-0.037056867658669494
-0.1756079246850485,-0.036991973475874594
-0.17555805369796704,-0.036974025573833065
-0.1749461783365614,-0.036753819805091986
-0.17487010605743591,-0.03672644240805768
-0.17435262526404666,-0.03654020798336169
-0.17355178764199472,-0.03625199722129472
-0.17318661159772059,-0.03612057524121945
-0.1725427352188046,-0.03588885273376677
-0.17228682123003328,-0.03579675270787341
-0.17212184276565154,-0.03573737916243199
-0.17203751193241723,-0.035707029622097056
-0.17202384542882823,-0.035702111230021406
-0.17199869081964633,-0.03569305842220846
-0.171219948655712,-0.0354126173335717
-0.17108968545271874,-0.03536559390914134
-0.17065598660159606,-0.035209033923798774
-0.1705700422859292,-0.035178009076104924
-0.17047482078246953,-0.03514363527698751
-0.17037566553741665,-0.03510784144522631
-0.1703450873480461,-0.03509680309253695
-0.16982529861494333,-0.034909165711840336
-0.16972079043034943,-0.034871439534319135
-0.16969299428900725,-0.03486140546697069
-0.16966178445136143,-0.03485013909697288
-0.16923358632824465,-0.034695564807220115
-0.168851318856512,-0.03455757092133253
-0.1685017097535939,-0.034431366307493216
-0.16803269933533957,-0.03426205927793266
-0.1679115919358245,-0.03421834098667165
-0.16764876261151546,-0.03412346281243876
-0.1675798100930508,-0.03409857179589072
-0.16753867627133628,-0.03408372298891777
-0.16732665395104096,-0.034007185522259065
-0.16709522046182324,-0.03392739031183146
-0.16677953259802633,-0.033821810607683925
-0.1665605033160636,-0.03374855772266284
-0.16651404121199345,-0.03373301878130857
-0.16649313132499305,-0.033726025608822575
-0.16606298711933895,-0.033582166743209234
-0.1659054398315192,-0.033529476101772475
-0.16505716093340006,-0.03324577487227061
-0.16461589533768922,-0.03309819653180073
-0.16297879350366015,-0.03255067872349072
-0.1629484974854746,-0.03254054642192421
-0.16274949154320278,-0.03247399020954419
-0.16193214559565047,-0.03220063429940294
-0.16166942794846192,-0.03211277013151609
-0.16155506189014218,-0.03207452116477819
-0.16102209443171725,-0.03189627374688899
-0.16083019370835522,-0.03183209382766571
-0.16056550695155566,-0.03174357110418008
-0.16054196834497697,-0.03173569877393357
-0.1605380247316328,-0.03173437985870781
-0.16051895948180442,-0.03172800361284212
-0.1599288135156685,-0.03153063322375246
-0.1598747918272278,-0.03151256602973835
-0.15906897308496826,-0.031243065316657322
-0.1584940258338082,-0.031050778036595922
-0.15831914973935812,-0.030992291891159568
-0.15825484243238924,-0.030970784740511972
-0.15812219979612865,-0.030926423293970103
-0.15790798780378398,-0.030854781519387524
-0.15775248355516724,-0.030802774158809335
-0.15771326132521787,-0.030789656545150552
-0.1575021753879199,-0.03071906025886455
-0.1570026318189044,-0.030551991238246826
-0.15673442501000362,-0.03046229125677296
-0.15644251138813942,-0.030364662689547222
-0.1563868376417029,-0.030346042975736075
-0.1557288378900492,-0.03012597933986113
-0.155526932512566,-0.030058453430679574
-0.15531655222017454,-0.029988093142634273
-0.1550449694196218,-0.02989726408323031
-0.15477432595556734,-0.029806749178663983
-0.15436306463412364,-0.02966920556794958
-0.15413173756029588,-0.02959183976831985
-0.15347419192540818,-0.029371928008773734
-0.15301535070941155,-0.029218471619120508
-0.15259822053216393,-0.02907896520865823
-0.15235306380657862,-0.028996974174078195
-0.15227412467154727,-0.028970573505956117
-0.15218678201875088,-0.028941362337269443
-0.15209139635152724,-0.02890946123595924
-0.15182666321390298,-0.0288209230007156
-0.15141792321564157,-0.02868422262975214
-0.15132528220206687,-0.028653239459580506
-0.15128929205455227,-0.0286412027943723
-0.150335777043128,-0.028322306047454088
-0.1499796555522158,-0.028203203585931296
-0.1493734702564247,-0.02800046894983081
-0.14930508446063306,-0.02797759777575167
-0.1492378372699725,-0.02795510740057759
-0.14882901800126824,-0.027818380518142307
-0.14796207398917396,-0.027528436865546714
-0.14758250606198334,-0.02740149289952067
-0.14733595628134674,-0.02731903596695389
-0.14718756320520826,-0.0272694068906638
-0.1470131228057157,-0.027211066460505064
-0.14681246593247343,-0.027143958105254145
-0.14662904344457894,-0.027082613675433558
-0.14651251225226736,-0.02704364059404791
-0.14647243877723815,-0.027030238287139883
-0.14609973046889083,-0.026905588474963556
-0.14585944015039276,-0.026825224977832532
-0.14582132830686745,-0.026812478725520127
-0.14579590770932216,-0.026803976975925414
-0.1454601621492317,-0.02669168910879982
-0.1454303465275944,-0.026681717472660314
-0.14515421582239746,-0.026589367396828777
-0.14499911349514547,-0.026537494456175023
-0.14494463546526548,-0.026519274641804903
-0.14477643016423053,-0.026463019498811063
-0.14457519221530032,-0.02639571680666522
-0.14447093810131176,-0.02636084971238201
-0.14431904648482782,-0.02631005057256717
-0.14378456452689695,-0.026131296640401987
-0.14367780859136545,-0.026095592828561238
-0.1436214748316959,-0.02607675237771878
-0.14340090652591328,-0.026002984776428192
-0.14339256175047294,-0.02600019392184299
-0.1430574396453347,-0.025888114565075095
-0.14304608793849416,-0.025884318062303725
-0.14271664529161546,-0.025774138162536007
-0.14271465765109215,-0.025773473409397014
-0.1419975142215271,-0.0255336295642325
-0.14187123692287787,-0.025491396962473357
-0.14156898931586911,-0.025390312262721287
-0.14145315158265592,-0.025351571104113953
-0.14120834279776084,-0.025269696435981103
-0.14118432524135205,-0.025261663924152834
-0.14039717551991793,-0.024998406940785627
-0.14012901578129097,-0.024908722701651485
-0.13974224426796705,-0.024779369544205735
-0.13937770659234153,-0.024657452345741845
-0.13910673423075687,-0.02456682744358639
-0.13874270154527224,-0.024445079135712824
-0.1385736716328383,-0.024388548206926992
-0.1382899816237602,-0.024293669972243435
-0.13807576021037715,-0.02422202504685727
-0.13775328059518627,-0.024114173886676582
-0.13706815522843793,-0.023885038269439836
-0.13688239693376858,-0.02382291264459556
-0.13681538234846308,-0.02380050006273377
-0.13671515772436052,-0.023766980604513953
-0.13646249292042645,-0.02368247854312012
-0.13613571737185642,-0.023573190636623796
-0.13605587812888478,-0.023546488933394116
-0.13587278307288053,-0.023485254010989134
-0.13557862981249952,-0.02338687641157329
-0.13469602455082663,-0.023091694958331188
-0.13463304432036768,-0.02307063163958645
-0.1342522425951782,-0.022943275038034495
-0.1337594056712191,-0.022778449010201988
-0.1337073902960792,-0.022761052814312968
-0.13368832289948934,-0.022754675850477232
-0.13331432315636907,-0.02262959412653965
-0.1329080969078147,-0.02249373446242877
-0.13267579139507002,-0.022416041430417893
-0.1319868968951651,-0.022185645251692396
-0.13195638804461943,-0.022175441769760114
-0.1319318639058675,-0.022167239834840112
-0.13176709314823898,-0.02211213335202081
-0.1314607275208925,-0.02200967140778521
-0.13096513742529586,-0.02184473502031138
-0.13080931403864027,-0.02179340279270144
-0.13063927711622678,-0.021737388261181084
-0.1302228216805309,-0.021600197139402963
-0.1301758105745886,-0.021584710473105808
-0.13001720764662833,-0.021532462593166837
-0.1299161204301582,-0.021499161866519373
-0.1298101484476469,-0.02146425197241872
-0.12938102729644707,-0.021322888438494725
-0.12929959682308068,-0.021296063148126286
-0.12917103275068365,-0.021253710839089793
-0.12885072846407808,-0.021148194376526777
-0.12852923624877463,-0.021042286579725636
-0.12803412186481855,-0.020879183179166275
-0.1278371670618772,-0.020814301206116832
-0.12776278493706997,-0.020789797822878476
-0.12773387572311096,-0.02078027438494778
-0.12683689210409246,-0.020484784931906714
-0.12659552502350724,-0.020405272413381234
-0.1261066230089763,-0.02024421552694389
-0.12599594098894018,-0.020207754025453203
-0.12597207812456906,-0.020199892984748002
-0.12592373250597957,-0.020183966695693167
-0.12570525762436024,-0.02011199545574617
-0.12540528232625864,-0.020013175884371077
-0.1250990087546285,-0.01991228149985495
-0.1241168462994807,-0.0195887319494332
-0.12395955302534144,-0.019536915503115822
-0.12375203152366065,-0.019468552587979162
-0.12371759012981609,-0.01945720670783897
-0.12339436200765173,-0.01935072705871187
-0.12321119496698514,-0.019290387128846773
-0.12303602357488648,-0.019232681171076536
-0.12276940330506403,-0.0191448496031091
-0.12274355250857183,-0.019136333686481204
-0.12266074558529366,-0.019109054958142496
-0.12240885106740819,-0.01902607443125676
-0.12230841799102629,-0.018992989195163158
-0.12205111152121567,-0.018908225832247508
-0.1217975377418744,-0.01882469211348786
-0.12161307159711209,-0.018763924225351763
-0.12133281680556758,-0.01867160109557572
-0.12114755252089478,-0.018610570279644065
-0.12083062427522348,-0.018506165971715748
-0.12061172520944778,-0.01843405499460779
-0.1195216548867256,-0.018074957819801014
-0.1187380672600139,-0.01781682392045495
-0.11873089343775642,-0.017814460679064434
-0.11838604337770003,-0.017700858207997286
-0.11827222324534317,-0.017663362931671082
-0.11820163779451542,-0.017640110270401105
-0.1177839394614608,-0.017502509706295438
-0.1172828645244105,-0.017337442746384192
-0.11724437725817369,-0.017324764051915048
-0.11711231787177293,-0.017281260296629963
-0.11709746565968351,-0.017276367596324515
-0.11703079665820237,-0.017254405114106593
-0.11703018564241666,-0.017254203829806088
-0.11639976071944458,-0.017046525660748435
-0.11636713770851954,-0.017035778802667184
-0.11629360121430518,-0.01701155399187551
-0.11608448550477468,-0.016942665903708312
-0.11527750066351311,-0.016676824360673526
-0.11497596825662527,-0.01657749183765271
-0.11497315254369347,-0.016576564269460276
-0.11474022033841202,-0.016499830415602844
-0.11438478536074143,-0.016382741000683015
-0.11422858243242082,-0.016331283742295873
-0.11416891592061941,-0.016311628060114783
-0.11409314054937689,-0.01628666570569974
-0.11329518610163702,-0.016023799006336416
-0.11326819392967613,-0.016014907091300296
-0.11315901137099349,-0.015978939550909673
-0.11312054395957899,-0.0159662673971292
-0.11264358129080981,-0.01580914363797982
-0.11232695505973651,-0.01570483882142064
-0.11217153511674743,-0.01565363949852131
-0.11188206730086236,-0.015558281361789182
-0.11186316363182525,-0.015552054007458706
-0.11169236802068336,-0.01549578954437592
-0.11151952607127866,-0.015438850964886541
-0.11143290747395646,-0.015410316573172768
-0.11130960717704164,-0.015369698287038365
-0.11091973734103837,-0.015241265144943887
-0.11051431098503406,-0.015107707285419937
-0.11024385730229759,-0.015018612892735058
-0.10948928630526589,-0.01477003781681836
-0.10927991580224185,-0.014701065793127216
-0.10857015360677286,-0.014467251887854516
-0.10818600905102874,-0.01434070480019449
-0.10703991222739853,-0.013963151056328834
-0.10699503602996885,-0.013948367683754476
-0.10686996928129092,-0.013907167483018467
-0.10646114278686805,-0.01377248953052931
-0.10584922135212356,-0.013570906885960379
-0.10530944195711354,-0.013393089683045475
-0.10527280528669902,-0.01338102062239321
-0.10526161288994373,-0.013377333559301614
-0.104974167406996,-0.013282641631004989
-0.10491571539963597,-0.013263386037794856
-0.10491146746845569,-0.013261986660109033
-0.10352734887465403,-0.012806022428929458
-0.10329546413348056,-0.012729633636664902
-0.10297600418537974,-0.01262439532090152
-0.10291888834705779,-0.012605579896106799
-0.1026350194423675,-0.012512066184592108
-0.10234335833769734,-0.01241598552217529
-0.10232325177891474,-0.012409361905053134
-0.10222228672718398,-0.012376101422609944
-0.10207171812905896,-0.012326500257369269
-0.10160005057405583,-0.012171120844757927
-0.10140898408129093,-0.012108178632386914
-0.10116385291361052,-0.012027426126850128
-0.10092414554120938,-0.011948460358848438
-0.10062789542132433,-0.011850867956900258
-0.10043249656017289,-0.011786498551057966
-0.09999659028937691,-0.01164253238411998
-0.09992760852384519,-0.011619129496660413
-0.09962679050733039,-0.011517073393398278
-0.09879823956198587,-0.011235977593965517
-0.09835786386721938,-0.011086574882319733
-0.09811841148957184,-0.01100533780462511
-0.09794591811198225,-0.010946817367055339
-0.09717994404051578,-0.010686951519127165
-0.09625532527749495,-0.010373263565692011
-0.09618253631568302,-0.010348569041444142
-0.09608602360717261,-0.010315825952915185
-0.09606079406787912,-0.010307266530520137
-0.096033423026548,-0.010297980577993627
-0.09587614565221225,-0.010244622351176052
-0.09543524055896119,-0.010095040034774443
-0.0948700629570287,-0.009903296786239902
-0.09482037355082804,-0.009886439061995184
-0.0942329819615651,-0.00968715945306866
-0.09386113305545558,-0.009561005272546198
-0.09328519511890201,-0.009365611452034812
-0.09320000579634262,-0.00933670995736811
-0.09274546892720681,-0.009182502898261714
-0.09217797674288977,-0.008989974400021791
-0.0917068063453315,-0.008830124217827345
-0.09137331822672384,-0.008716984392415195
-0.09087394083756353,-0.008547564651585276
-0.09060190383788437,-0.008455272851871837
-0.09033968930753745,-0.008366313442139804
-0.09024136503429647,-0.008332955758649594
-0.08988609510849185,-0.008212426195115096
-0.08943199187279978,-0.008058366251331214
-0.08937544529515937,-0.008039182149814778
-0.08875862088881604,-0.007829917106325343
-0.08874395608737119,-0.007824941897367082
-0.08871515744781502,-0.007815171615100064
-0.08859678971203691,-0.007775013947665676
-0.08857773298297003,-0.007768548724830897
-0.08852729783630031,-0.007751437999229414
-0.08846395257351462,-0.0077299473626148835
-0.08734319223730941,-0.007349716038942737
-0.08717437107332211,-0.00729244144367637
-0.08709647636379336,-0.007266014733563246
-0.0870294166586087,-0.0072432639280219265
-0.08701725660136911,-0.0072391384834368695
-0.08679159633360828,-0.007162580543671238
-0.08671829061330145,-0.007137710702934917
-0.08568819968655417,-0.006788240058831
-0.08542956867801424,-0.006700496401652007
-0.08503937100511084,-0.006568117182947499
-0.08468231292251903,-0.0064469809658759675
-0.08461704877530604,-0.00642483932481187
-0.08441375429294658,-0.006355869244745953
-0.08433204974437433,-0.006328150001255545
-0.08427706611069224,-0.006309496147135364
-0.08392351586381185,-0.0061895500052054075
-0.08354465531490718,-0.006061017041159841
-0.08275465467199876,-0.005792999892041257
-0.08253416625154554,-0.005718196563216142
-0.08234475171082306,-0.00565393541904903
-0.08196883147171838,-0.005526399990204444
-0.08124738408065697,-0.00528164035016233
-0.08093965658178678,-0.005177240122525864
-0.08078932268668412,-0.005126237553929262
-0.07996294947638864,-0.004845880577109624
-0.07985429590471299,-0.0048090185558145
-0.07928587600779352,-0.004616175319999187
-0.07860629642236,-0.004385619832833334
-0.07841512227701153,-0.004320761721790734
-0.07814974239480668,-0.004230728428652995
-0.07814854050076003,-0.0042303206717494955
-0.07814320051244777,-0.004228509016965889
-0.07767792343314966,-0.004070658213345516
-0.07759544208590097,-0.004042675431630727
-0.07702476238391186,-0.0038491751429762314
-0.07698325385407395,-0.0038351542263326648
-0.07664187272822026,-0.0037198411490453193
-0.07643218250665215,-0.003649011150270144
-0.07622087306433621,-0.0035776342046572526
-0.07563508568578503,-0.003379764609236866
-0.07450088953848424,-0.0029966513141897154
-0.07435936023842263,-0.0029488449831407484
-0.07400052164014506,-0.002820738704720705
-0.07370186286373587,-0.0027136488706412075
-0.07362020656534574,-0.002684369438269326
-0.07341658711282806,-0.0026113577771099093
-0.0733676689700064,-0.0025938172385018207
-0.07304755282795831,-0.0024790334543108167
-0.07288560801716887,-0.0024209650354751616
-0.07280958502272021,-0.002393705532306962
-0.07280307973770822,-0.002391372937561375
-0.07276784103045711,-0.002378737423018428
-0.07274774798113096,-0.0023715326746954236
-0.07234314551175422,-0.002226454696962237
-0.07219041695708746,-0.002171690943574143
-0.07186713239853224,-0.0020557710628581367
-0.07170243536937201,-0.0019967157833240476
-0.07153107804537145,-0.0019352723272965458
-0.07152862472213074,-0.0019343926411813372
-0.0713526250335259,-0.0018712845762607344
-0.07102497503657051,-0.0017537993838549933
-0.06997688704289307,-0.0013779873260507738
-0.06939319581412008,-0.0011686936378006232
-0.06930712960671571,-0.0011378329479471531
-0.06884456160524227,-0.0009719703166062542
-0.06879848771263465,-0.0009554496384796551
-0.06837488848198847,-0.000803560007538593
-0.06749551480908593,-0.0004882437062490273
-0.06749386531432756,-0.0004876522482577146
-0.06712648705594221,-0.0003559217255256347
-0.06705090443748352,-0.0003288201276173061
-0.06687183827214332,-0.0002646125186325961
-0.066655412831225,-0.00018700902464796956
-0.06647143737968439,-0.00012104109691097806
-0.06632159618936936,-6.731266340555264e-05
-0.06609968803349678,1.2256763212328825e-05
-0.06587591628694017,9.249441602315889e-05
-0.06561750660011989,0.00018515216684781774
-0.06553375976432615,0.00021518120151294354
-0.06530310348211527,0.0002978874366630947
-0.06513077407554449,0.00035967945154564626
-0.06465855396938758,0.0005290030301973725
-0.06448307234664796,0.0005919253326628349
-0.06356828326836737,0.000919940506998701
-0.06316624419992414,0.0010647363108889016
-0.06314821478018906,0.0010712932261774076
-0.06308195411122403,0.0010953908177664742
-0.06302701414104853,0.0011153713127400704
-0.06296479823356842,0.001137997910874631
-0.06272805521482208,0.0012240962957297333
-0.06242392300033863,0.0013347026932830838
-0.06211095524130156,0.0014485223898786093
-0.061310340943469224,0.0017396887283848347
-0.06120714222874382,0.0017772198991202262
-0.060987356402231435,0.0018571513149523364
-0.060771724865594075,0.001935571904191316
-0.060321398055134604,0.0020993461571464297
-0.06030988647015373,0.0021035326749969732
-0.059737136346066394,0.0023118296751392514
-0.05960950604859065,0.002358246091257586
-0.05923886470588938,0.0024930404397291786
-0.05908571426809244,0.0025487379863938994
-0.058884745711473556,0.002621825962644167
-0.05865489703942286,0.0026930176992933583
-0.05806774870091799,0.002873738329788003
-0.057885685470927525,0.002929776266977012
-0.057762268605197016,0.002967763215633433
-0.05757039639286963,0.003026820296974264
-0.057253841232288355,0.003124254019348849
-0.057006664341805784,0.0032003335388881005
-0.056781939951613764,0.0032695023175760216
-0.055927317949613135,0.0035325496889258845
-0.055792415423807654,0.003574071852781399
-0.05531652032762581,0.0037205494227431773
-0.05522244617629743,0.003749504865220639
-0.055166864374696534,0.003766612600303268
-0.0551541672903128,0.0037705206844189723
-0.054815833778971215,0.0038746576485851683
-0.05444972497293142,0.003984634181532637
-0.05431471339009092,0.004023617458098545
-0.05429447288234893,0.004029461707121762
-0.0540534049079484,0.004099067731431115
-0.05403982473005657,0.004102988875228045
-0.05388128153775282,0.004148662380744843
-0.05374772500511202,0.004187122646335986
-0.05325012460199407,0.00433041660046745
-0.052858284606950565,0.004443254737102394
-0.05280314167072893,0.004459134244683395
-0.05275171490204891,0.0044739436077509895
-0.05243213207563674,0.004565973852465738
-0.052383366586938346,0.004580016846918673
-0.05231812163928465,0.004598805430042409
-0.05201299982901476,0.004686671336925456
-0.051084403662737206,0.004954079111564397
-0.05098760174750093,0.004981955152489573
-0.05063862069375252,0.005082451202724318
-0.05036269664940915,0.005161909030945835
-0.04976833691261315,0.005333066763794053
-0.04947122536299977,0.0054186259564624195
-0.04922088488339219,0.005490716487292692
-0.049169274105294036,0.005505578839539879
-0.048851790144899515,0.005597004673950773
-0.04843526444599792,0.005716951551041273
-0.04818159868848663,0.00578999966192259
-0.04806557145953891,0.005823412015125394
-0.04767490687586585,0.00593591166862819
-0.04749623291328313,0.005987364397441082
-0.047416298314901614,0.006010383158282569
-0.04702738061937334,0.006122379760525536
-0.04697355670026958,0.006137879430837101
-0.0464511132064428,0.006288327448104758
-0.04640601492500063,0.006301314397134328
-0.04636009656144941,0.006314537505152866
-0.04601027375110497,0.006402892210266117
-0.045763389216757294,0.006459380245923234
-0.0450563929313679,0.006625426804659336
-0.04482237375731597,0.006680389014974475
-0.04454929158662255,0.006744525638649752
-0.04415743858676763,0.006836557016325927
-0.044069208823888525,0.006857278834540431
-0.04396555571191385,0.006881623011308215
-0.043483471370897975,0.0069948463018692925
-0.04294175073193755,0.007122075892398404
-0.0428569510025681,0.007141992126096577
-0.04279126658415816,0.007157418899709028
-0.04278956806934858,0.0071578178162874165
-0.0427492862730829,0.0071672784793599745
-0.04270239241525297,0.007178292064409064
-0.04193739093260864,0.0073579618395496
-0.041917205262115176,0.0073627026864118705
-0.041796064632363364,0.007391154016509478
-0.04174859506990347,0.007402302812697048
-0.041006723790463814,0.007576540182145576
-0.04091151419473865,0.007592225285988213
-0.04072524242556289,0.007616650248898196
-0.04047418840934873,0.007649569810791887
-0.04006847190297405,0.007702769555788233
-0.04005253235087762,0.007704859636160986
-0.04002476715585454,0.007708500358862169
-0.03989329953124813,0.007725739105608843
-0.03947723148416882,0.007780296200668946
-0.03918920926729365,0.007818063233191112
-0.03918181479002062,0.00781903283708723
-0.03871127057661219,0.007880733142028008
-0.03846029074788257,0.007913642976057074
-0.038430405740904755,0.007917561659979103
-0.03835851336756391,0.007926988577220129
-0.03831107159007814,0.007933209399949202
-0.03820901112339192,0.007946592120929491
-0.037954085980697216,0.007980019285886854
-0.03785341428490939,0.007993219903707695
-0.0374746906311416,0.008042880199722172
-0.03708000842899431,0.008094633067004899
-0.037061461864028755,0.008097064993020271
-0.036948128593947006,0.008111925865016426
-0.03673654183523328,0.00813967026641814
-0.03648331310620179,0.008172874988431042
-0.0363499356052977,0.008190364168498554
-0.03631655434379662,0.008194741300243523
-0.03581895513798147,0.008259989202273152
-0.0354979080333586,0.008302086636884226
-0.03547480249803797,0.008305116359776314
-0.03514044746116721,0.008348958802517195
-0.03511853497669258,0.008351832086122786
-0.03508937830384565,0.008355655266930162
-0.03444785547818131,0.008439775213243447
-0.034171701308716565,0.008475986043131718
-0.034163990381856135,0.008476997141611105
-0.03378893351411877,0.008526176628788108
-0.033664441417289165,0.008542500706564912
-0.033238311790178166,0.008598377130475426
-0.033139357495436936,0.008611352553372455
-0.03301507634329105,0.008627648970940233
-0.03290385213613105,0.008642233291186886
-0.03229832323585381,0.00872163351912069
-0.03228437865568207,0.00872346200797329
-0.032016117423412774,0.00875863787320156
-0.031569426456612926,0.008817210411297821
-0.031043039816619877,0.00888623307756134
-0.03074518041143587,0.008925290015476282
-0.02982276596126146,0.009046241992433528
-0.029147561605666707,0.00913477844331402
-0.029131641420900523,0.009136865984137592
-0.02884318368323857,0.009174690124503379
-0.02859880442820278,0.009206734455572047
-0.027706636971445223,0.009323720282985455
-0.027204919705808593,0.009389508167315382
-0.027019837035791944,0.009413777209105446
-0.02701721329191714,0.009414121248608118
-0.02639310178681991,0.009495958128298142
-0.026388302316618255,0.009496587460816858
-0.025841421711572415,0.009568297406739076
-0.024856262795419144,0.009697476777794305
-0.024775027486383827,0.009708128791349267
-0.024085699167507135,0.009798517252767001
-0.023967613603327373,0.009814001271295711
-0.02334243150058321,0.00989597853354577
-0.023297293920528928,0.009901897217431947
-0.023076028731798384,0.009930910706979643
-0.0227839814642763,0.009969205525935575
-0.022414364794634434,0.010017671664883286
-0.022119359264116536,0.010056354387300202
-0.02186895922387702,0.010089188196323276
-0.020909913832145376,0.010214943420669281
-0.02039322236224568,0.010282694803737363
-0.02019650075429422,0.01030849000608642
-0.0198946747575674,0.010348067064960859
-0.01940372863542722,0.010412442578637077
-0.019371300792849176,0.010416694692930752
-0.01893311065953253,0.010474152555714426
-0.018879042992287154,0.010481242200983495
-0.018688020081100876,0.01050629015935809
-0.018664310437981044,0.01050939909613565
-0.018024997229235076,0.010593229305515046
-0.01795757393370989,0.01060207021307586
-0.017881292288003392,0.010612072675474413
-0.0177329053237141,0.010631529977647075
-0.01758750628417479,0.010652243441991005
-0.015517576903913297,0.010963103873635652
-0.015369318285175668,0.010985369241070547
-0.01529376108371125,0.01099671636454494
-0.01528983125279338,0.01099730654358537
-0.015146467192487231,0.011018836849930165
-0.01452053768569624,0.011112838470717618
-0.014504217295778762,0.011115289454554436
-0.014150651785147877,0.011168387656018415
-0.013566612986268184,0.011256098161916944
-0.012945663755721232,0.011349351848577917
-0.012800761474223508,0.011371113163819967
-0.012685078440237876,0.011388486354529596
-0.01237818653996637,0.01143457514842583
-0.012196377060689087,0.011461879158767528
-0.011710289545775854,0.011535676996682044
-0.010924672087474616,0.01176612341303785
-0.010486257422571976,0.011894724282757702
-0.010269174125773314,0.011958401670867341
-0.0102045281037101,0.011977364391156597
-0.010142145557157763,0.011995663162580564
-0.010018382845159074,0.012031966675387216
-0.009739372177732047,0.012113809317444366
-0.009735462338664957,0.012114956196745512
-0.008875270858308828,0.012367277529390645
-0.008674507707061685,0.012426167703294418
-0.008356793091427728,0.012531001411662454
-0.008337107742355715,0.012537758505726304
-0.007927996567812883,0.012678187952969135
-0.007838025681689075,0.012709070907511819
-0.0075097111278703,0.012821766512480473
-0.00716165665608412,0.012941237942557998
-0.007103797625596764,0.012961098342798655
-0.006922265989717041,0.013023409980490203
-0.006259097266750847,0.013251045945943687
-0.0058251435466461395,0.013400002720618372
-0.005128924514944851,0.013638983369071697
-0.004992825258785888,0.013685700116258852
-0.00463910827185195,0.013807115232849193
-0.0044766934142950465,0.013862864941216899
-0.0042792418046535,0.013930641189152826
-0.0037711889544987387,0.01410503285908727
-0.0036269359670046686,0.014154548415145012
-0.00349077311735492,0.014201286991114462
-0.003374297882473634,0.014241267695308465
-0.0021102976670083484,0.014675142061538977
-0.001908865747169572,0.014744284570764328
-0.0014256279496980828,0.014936725298278476
-0.0011283224810385642,0.01506553858611022
-0.0009006339344921899,0.015159271096517615
0.00015171231460205103,0.015421008349482311
0.0002540869207953659,0.015446470737191166
0.00038002945103030386,0.015477794887320914
0.0004096714927514511,0.015485167390980291
0.0005462084914237969,0.015519126574083102
0.0005739023548899744,0.015526014531116107
0.0010297150689921042,0.01563938327050028
0.0011713323651635077,0.01567460601406411
0.0015178797893628214,0.015760798529987442
0.0015602366236300985,0.015771333428985686
0.0017818997416279465,0.015820790394161663
0.002115714340259728,0.01588354647810781
0.0027987955936819436,0.01601196358346358
0.0029829940975348024,0.016046592316951935
0.003619927047101165,0.016172318533395062
0.003928121881445465,0.016237866848146196
0.004943023672011881,0.016453720894340933
0.005157745344224009,0.016499388901022462
0.006248876657930547,0.01667141809019069
0.006388360632089418,0.016691694803731935
0.0067144911870624935,0.016739104234672772
0.006751425523085733,0.016744473360093055
0.006971948273096308,0.016782337023401102
0.007473793041350901,0.016901861339476812
0.007564016837215314,0.01692334993152083
0.007699917508651212,0.016955717380252235
0.007841130762249182,0.01698935012612269
0.008581475947755837,0.017165678061682073
0.009933012119015698,0.017487573290525964
0.010495988927541673,0.017621657418252508
0.010572263903938117,0.017639823821419723
0.010595551973333533,0.017645285698369116
0.010797695092578455,0.017691585939343432
0.01132696396123807,0.017812813296726113
0.011336296656235596,0.01781495092094472
0.011360887733862096,0.017820583429358473
0.01154026799374638,0.017861669909520164
0.011584742956236363,0.017871856758759963
0.011963554811750052,0.017958622414003297
0.012304653705087544,0.01803675003475337
0.012474341128911201,0.01807561640152705
0.012477769001346936,0.018076401544847256
0.01267943631045021,0.01812259280301625
0.012811845701423033,0.018152920754480585
0.013097087331912866,0.01821825444615864
0.013239996709888235,0.01825098738637678
0.013248979040957544,0.018253044760847763
0.013414164137105555,0.018290879883732923
0.013476733803466923,0.018305211267561544
0.01357471939895835,0.01832765455774235
0.01368285008660311,0.018352421549136237
0.013900997139438154,0.01840238744039107
0.013997890902374015,0.018424580649784472
0.0140197157931021,0.018429579571853774
0.014554649465783345,0.018552104434648706
0.01469240944935256,0.01858365792239393
0.014740681258016683,0.018594714427219633
0.015079752434532245,0.018672377605856445
0.015145024362336279,0.018687327934106407
0.015640279439253918,0.018808850637145227
0.015782460659861358,0.018855798203714025
0.015901892280858893,0.018895233960090622
0.01624386962678427,0.019008153262261893
0.016387795300815113,0.019055676839100345
0.016615789835907085,0.019130959556239946
0.01682313577130759,0.019199424203423292
0.017043967960930682,0.01927234194796487
0.017204195681340836,0.019325248383413846
0.01738707641397054,0.019385634736355524
0.017635788681291932,0.019467758350688452
0.017928044782901234,0.019564259933153548
0.01801064781208433,0.019591535062701546
0.018041416505254183,0.019601694739659267
0.018120314736404665,0.01962774656241951
0.018803994756681597,0.019853494471507492
0.019119218484046886,0.019957579855367065
0.019432853021945667,0.02006114049638117
0.01959086911880209,0.020113316664193026
0.020129429239999608,0.02031896667489102
0.020698226921715454,0.020539417409813236
0.02203614615786373,0.021057959043080277
0.023165171097084727,0.0214955388462292
0.02327073278594488,0.021536451727270915
0.023335798590701406,0.02156166948911834
0.02339879434634279,0.021586084955416
0.023490413869361355,0.021621594226694588
0.0235863458087779,0.02165877487497552
0.023788407117706,0.021737088422102098
0.024064611581437766,0.02184413786863778
0.024315130492731943,0.02194123228354488
0.02458899452549758,0.022047374641772893
0.024843109043118143,0.02214586261731257
0.02494640458431019,0.022185897200261782
0.025418241044676833,0.022368768364815654
0.025996947302572265,0.022593059398267626
0.026579724431010608,0.02281892819202313
0.02712457233811802,0.023030096636276157
0.027210441690604104,0.023063377295588515
0.02722511955612264,0.023069066042826193
0.027434564694296566,0.02315024136424635
0.027436594487446495,0.023151028057663045
0.028501642701965535,0.0235638121972011
0.029028456564238782,0.023767991129075433
0.02910561505689803,0.02379789569261182
0.029135360949128983,0.023809424403107717
0.029420544414648867,0.02391995387005609
0.02977447461604993,0.02405712772908916
0.029895927088028462,0.02410419945171821
0.029995966881529085,0.024142972194131924
0.030181994981244423,0.02421507169913468
0.03021822651806963,0.02422911407162886
0.030227346881330372,0.02423264887995917
0.0304964338454565,0.024336939774430896
0.030565342741759052,0.024363647015548245
0.030740619095023625,0.02443157943182516
0.031121704897653597,0.024579278073993974
0.03163294172764411,0.024777419765694836
0.031735971494382814,0.02481735134158996
0.03179388536152483,0.02483979720412431
0.03208481341984365,0.02495255312125886
0.032160904287189145,0.024982043901841118
0.03258488563788203,0.025146367708632322
0.0331716681598522,0.025373788885556976
0.03324128830139987,0.02540077178626654
0.03325184204735969,0.025404862135309465
0.03369095792637872,0.0255750516796018
0.033773746272313346,0.02560713822336061
0.03389157058353537,0.0256528037681326
0.03393757030886216,0.02567063202865561
0.03400194738901252,0.025695582859306815
0.03401656533948944,0.025701248385080352
0.034236869665319164,0.025786632436557523
0.034826997793717465,0.026015350280855373
0.035340630753028394,0.026214420648053058
0.035368800252625204,0.026225338391018843
0.035426536382057006,0.026247715367180915
0.03562632289618577,0.02632514726481871
0.035747375651356134,0.02637206406792727
0.03583934645274635,0.02640770948528675
0.035876489890812345,0.026422105286258497
0.03604695705710781,0.02648817379057551
0.03679736227193751,0.026779010737378157
0.037296435763780104,0.026972438245248788
0.03740287758327943,0.02701369224133454
0.037737726255515316,0.027143470611139864
0.0377753874509472,0.02715806708098826
0.03791306921057014,0.02721142884048542
0.038170579435932626,0.027311232901324582
0.038246091130849404,0.027340499210198085
0.03825001483050387,0.027342019931010153
0.03880945445386842,0.027558843733356327
0.03889703182493606,0.027592786374887802
0.03893924364789647,0.027609146545987576
0.0389842057324718,0.027626572644769087
0.03935689489532408,0.027771016974430345
0.039444572809265305,0.02780499858368459
0.03979368281648613,0.02794030426465778
0.039896989210852246,0.02798034305400634
0.040075512104672834,0.02804953374237988
0.04034898316124643,0.028155523793569504
0.04116080963531964,0.02847016597407008
0.04161982317793847,0.028648067319420698
0.04169465134164589,0.028677068709919373
0.042433579899645885,0.028963457612164387
0.042968230231240724,0.029129716603834982
0.04302126672398904,0.029144452686877008
0.043490121368436524,0.029274723008634686
0.04425809311825788,0.029488102417657966
0.04449632582868762,0.029554294898010716
0.04459664259817085,0.029582167711030748
0.044792652657194613,0.029636628712450222
0.045174395497715174,0.029742695194359334
0.04560165898842436,0.029863028018505003
0.045960223899189856,0.02997638192434284
0.04747000552342745,0.030453672476015034
0.04768854940279135,0.030522761228369444
0.04882710683656599,0.030882695868553675
0.04913340707835645,0.03097952723080801
0.04925529219635105,0.03101805903850413
0.04929813988070064,0.031031604570237202
0.04936383803881435,0.031052373871986894
0.04980462535817952,0.03119172092685394
0.04981393102302875,0.031194662746941215
0.05017371884924195,0.031308403255701826
0.050398460639890785,0.03137945136724363
0.050974554296219624,0.03156157310897753
0.05115309889210959,0.031618016800768714
0.05118763126232082,0.03162893359414074
0.05144954645653092,0.03171173341467702
0.051636552256585574,0.0317708519653608
0.05301152399985483,0.03220552477588071
0.053287736228183856,0.03229284434893774
0.05351624585103183,0.032365083593475216
0.053566557556240624,0.03238098874237169
0.05388585811116557,0.03248192992191898
0.05407140133012486,0.032540586103657065
0.054975055000354295,0.03282626010568515
0.05514549408469149,0.03288014138446339
0.055341438587827974,0.032942085746812066
0.05588742904096806,0.0331146908973871
0.055973404233833124,0.033141870422275954
0.05617428260922122,0.03320537454040062
0.056300520993612754,0.033245282555679864
0.05678328582295518,0.033397900052161256
0.05679157831528425,0.03340052157581408
0.05682253276182427,0.033410307272386724
0.05765469727685649,0.03367338125215005
0.057670142856749,0.033678264096946575
0.058116921014363235,0.033819505048551385
0.05859020278783101,0.033969124645934504
0.058659044822936254,0.03399088782836178
0.05865944287926467,0.03399101366677544
0.05935854128081659,0.03421202116639867
0.05948498545372741,0.034251994238050504
0.05986410646377788,0.03437184658830607
0.059995068946543974,0.03441324804308887
0.060033042321784566,0.03442525264887192
0.060117927808846436,0.03445208768269291
0.060355206913795006,0.03452709924269806
0.060496935574285024,0.03457190423268276
0.06081076025455279,0.034671114312053664
0.0613584307198001,0.03484425056851355
0.0623287963826681,0.03515101437800679
0.062395399902816756,0.03517206989382757
0.06240745738728072,0.035175881652640364
0.06266264282397799,0.035256767413115425
0.0628454764857113,0.03531679973944557
0.06301933126703382,0.035373883904732534
0.06324630885077828,0.035448410620698284
0.06345457827444159,0.03551679462552218
0.06374849928460465,0.03561330181041426
0.06393879795241054,0.035675785226310486
0.06396072992528001,0.03568298645687101
0.0644408855041814,0.0358406426353262
0.06582101745532225,0.03629380060899513
0.06685477990229938,0.036633230252182444
0.06692327443744295,0.03665572001827143
0.06708201678444578,0.03670784210720922
0.06715670354009841,0.036732365051427324
0.06746517850230346,0.03683365093839262
0.06775131044212668,0.03692760062917767
0.06826380320411891,0.037095874525997746
0.0686765169567084,0.03723138658893793
0.06897289890197741,0.03732870180697859
0.06923009544814118,0.037413150736371095
0.0701093419845717,0.03769342928927455
0.07021252499737803,0.037722538930065413
0.07071972750246061,0.03786562917650822
0.07077133195775402,0.037880187650000535
0.07077870894265051,0.037882268819900644
0.07085508585470102,0.03790381601467656
0.07118649278889316,0.0379973114122963
0.07124097050058012,0.03801268047911441
0.07179033680180258,0.03816766583238368
0.07184292427630795,0.038182501631914195
0.0720520578933303,0.03824150169697567
0.07252451208339902,0.0383747888669175
0.07258112731732805,0.03839076096424382
0.07320524417842963,0.03856683469134341
0.0739189051114599,0.038742186037677984
0.07396122181983596,0.03875198912755835
0.07430261047608941,0.03883107523349215
0.07436485784626248,0.038845495461058116
0.0745513186174258,0.0388886909686727
0.07464167600585002,0.03890962316387579
0.07493264048566799,0.038977028003645206
0.07510973602060411,0.039018053960365826
0.0751704889972599,0.03903212799668654
0.07562333752597744,0.03913703489988353
0.07569248593989696,0.03915305382344239
0.07579888521128486,0.039177702281714605
0.075992931113884,0.03922265496109589
0.07663469130482631,0.0393713251454013
0.07711737795846357,0.039483144349476015
0.07718612984027762,0.03949907141239592
0.07720677367800642,0.03950385376443835
0.07747262050715836,0.0395654398485315
0.07751953429373451,0.03957630789768006
0.07759485450477183,0.0395937565799369
0.07788837061713676,0.03966175253097559
0.07829477571196301,0.039760840759982596
0.0785392428904243,0.03982177312813184
0.07892297910747433,0.039917417691122406
0.0790199429145928,0.0399415854932367
0.07934455522039988,0.040022493681598395
0.0802447512000386,0.040246863567089855
0.08138876742306358,0.0405320045750107
0.08206720265218087,0.04070110156956905
0.08223573494101727,0.04074310750072532
0.08236374677829307,0.04077501388769078
0.0829678600308312,0.040925586456733165
0.08312414951175934,0.040964540921908016
0.08394336694503779,0.04116872726116613
0.08434142175662138,0.04126794067081742
0.08484115259760541,0.041392496383244784
0.08542919193385365,0.04153906259940522
0.08644397330300171,0.041791992388856156
0.08732209580630557,0.042010860557533
0.08740582678194321,0.04203173013464824
0.08742742057301622,0.04203711229202281
0.08762810175910611,0.04208713119430821
0.08817254066656385,0.04222283019551061
0.08819709935972128,0.04222895134167899
0.0883574873990076,0.0422689273544838
0.08933880464469315,0.04251351635846229
0.08946184519470146,0.042544183673958666
0.08983616095492801,0.04263748022955245
0.0898794633772515,0.042648273167710374
0.09021771453168986,0.04273258077905867
0.09046044124210957,0.0427930793432096
0.09134634648696019,0.04301388732595929
0.09183134475469762,0.043134771009353964
0.09183194996562721,0.04313492185551418
0.0921157362515968,0.04320565433813711
0.09215705787512928,0.04321595357091533
0.09252789192766632,0.04330838232619312
0.09297509218592157,0.04341984502210154
0.09328881194797059,0.043498038291877775
0.09335818188388728,0.04351532844305621
0.0937034014141483,0.04360137289140531
0.09373200397412886,0.043608501953579265
0.09373821165373082,0.04361004919039542
0.09398053745894205,0.043670447830687825
0.0940288492619967,0.04368248933494294
0.09417924656811327,0.04371997520148184
0.09419344303176114,0.04372351360755687
0.094350839839077,0.04376274406895969
0.09467269932260518,0.04384296612848558
0.09556552069780502,0.04406549792628177
0.09622825942957716,0.044230682637968824
0.09731022607627952,0.044500358062117704
0.09772948167208714,0.04460485567391641
0.09792762430607077,0.044654241853263416
0.09798281834137743,0.04466799872361345
0.09857241437149888,0.044814952938869654
0.0985813034261549,0.044817168496615295
0.09863401601448728,0.04483030687722975
0.0986522649704249,0.04483485534916995
0.09883567552250389,0.0448805696219491
0.09890646393518665,0.044898213322217675
0.09934136557651937,0.045006610641993586
0.09949380949669367,0.0450446066180777
0.10015068302728755,0.045208329454188206
0.10037004801631566,0.045263005212114626
0.10038781188208104,0.04526743277746462
0.10072942074166796,0.04535257728204145
0.10098429421957927,0.04541610337452269
0.10210056733073976,0.04569432953392945
0.10224108176930655,0.04572935213923342
0.10253919407199447,0.04580365531846395
0.10328524648842956,0.04598960559932763
0.10333695552199688,0.04600249384833424
0.1033894924835227,0.04601558845474024
0.10360920122863157,0.04607034989235667
0.1038315713050561,0.046125774655089075
0.10426636962703055,0.04623414622296966
0.104469571775197,0.046284793463956045
0.10466190743914239,0.04633273228158179
0.10523376303317229,0.04647526477123104
0.10542523005056771,0.04652298708252778
0.10550598264614008,0.046543114311521847
0.10569066891767818,0.04658914655176076
0.10783482740489916,0.047123568616660866
0.10798236183296,0.04716034092344608
0.10846837377822247,0.04728147726150192
0.1087886835507595,0.04736131306238468
0.10927593394719627,0.047482758078944365
0.1095335397467162,0.04754696519055958
0.11011318067297929,0.047691438139998876
0.1106813932418555,0.04783306262166423
0.1107715691857955,0.04785553857875971
0.11080176347594924,0.047863064372672945
0.11093729782489894,0.04789684571256099
0.11197366929308339,0.048155156739162625
0.11210295695863104,0.048187381120709014
0.1124362173369981,0.048270444803089674
0.11257433681257262,0.04830487047440986
0.11264639612392494,0.048322830940577655
0.11271401007367383,0.048339683419933194
0.11311924693383765,0.04844068692357956
0.11413765484390757,0.048694520612392156
0.1146646678895008,0.048825876294229034
0.11528312121492747,0.04898002306331757
0.11614573244085732,0.049195025114385615
0.116331999529184,0.04924145136625073
0.11657195975778262,0.0493012603969851
0.11672605941228409,0.049339669057562166
0.117459418694723,0.04952245563064922
0.11799226580878608,0.04965526542837213
0.11820775935527822,0.04970897624628756
0.11834122950060756,0.0497422430925093
0.11856532972741193,0.04979809908760817
0.11877019013064555,0.049849159641370794
0.11881312648350224,0.04985986133832543
0.11891705359078411,0.049885764712354785
0.1191785354410716,0.0499509379125624
0.11952480268468976,0.05003724349885401
0.11970528763365255,0.05008222857793418
0.11988510608747767,0.050127047536035016
0.12015028700195926,0.05019314271171073
0.12018173914403686,0.050200982019679236
0.12031488016598443,0.050234166833346805
0.12063574586970228,0.05031414119762932
0.12089232054480484,0.05037809130602226
0.12090181622725209,0.05038045806307467
0.12123053291608299,0.05046238925083861
0.12134637551229921,0.0504912625080359
0.12153695334492251,0.05053876319394214
0.12160403650884787,0.050555483377267535
0.12169975805792099,0.050579341552032114
0.12219115383401988,0.05070181978622566
0.12277683394235682,0.05084779797521394
0.12339456369840644,0.05100176439782021
0.12347303137755775,0.05102132212145394
0.12371872071835963,0.05108255910818686
0.12375281335569496,0.05109105654797559
0.12389186059463807,0.05112571346023166
0.12412406629310122,0.051183589708463206
0.1247159721767199,0.0513311196445362
0.12479328587811814,0.051350389744294456
0.12512285364365816,0.051432533059181926
0.12524319275081683,0.051462527051939114
0.125651507690993,0.051564297753479635
0.12570726894508655,0.05157819600061561
0.12578978662150234,0.05159876316824044
0.12582751141984236,0.051608165908171744
0.12588138458795067,0.05162159355818677
0.12618940271906354,0.05169836572154926
0.12636119686741537,0.05174118465683185
0.12677574690071464,0.051844509427888
0.12746558238907357,0.052016447886881284
0.12793992612838861,0.05213467597596522
0.1282651714028823,0.05221574192898584
0.1283370061561847,0.052233646425048214
0.12840111257717673,0.052249624668300326
0.12893111164488696,0.052381724603006136
0.1290760556243776,0.05241785125188771
0.12941563899783198,0.05250249091296165
0.12968963975826328,0.052570784396417575
0.1303139513719908,0.05272639131807841
0.13031419239443104,0.052726451391860704
0.1307320288361319,0.05283059528574502
0.13128589958676432,0.05296864513234216
0.1317002669136353,0.05307192436462525
0.13211255326521967,0.053174684922978124
0.13214514971167912,0.05318280944377686
0.13220174407174148,0.05319691533890847
0.13225944187439653,0.0532112962622492
0.13292771834223155,0.05337786123027424
0.13312773257212862,0.053427713896664356
0.133585330338299,0.05354176812565348
0.13402925575595476,0.053652414581957505
0.1342678981116582,0.05371189513867369
0.13477615119450612,0.053838574982372864
0.13494762670746274,0.05388131449918579
0.13500770006690688,0.05389628751959959
0.13516434433738736,0.05393533041450865
0.1352077142062478,0.05394614016341902
0.13574958755976818,0.05408119971159543
0.13576391139483493,0.054084769864435944
0.13606761680532323,0.054160467101166246
0.13612956604017148,0.054175907675267435
0.1368320551708573,0.054350999998912575
0.13703861538231532,0.05440248422239305
0.13707418969196464,0.05441135096248409
0.137241461928378,0.05445304283112032
0.13732466516980188,0.054473780872805744
0.13758655206893095,0.0545390550296542
0.13795414506344195,0.05463067596548532
0.13797945485785834,0.054636984320336326
0.13825241766858373,0.05470501909939683
0.1385699650574792,0.05478416638831629
0.13869300012541458,0.05481483233743015
0.1391398097136841,0.05492619766056428
0.13923383378448118,0.054949632746340404
0.1392990798123634,0.05496589503159363
0.13952607864787472,0.05502247349215379
0.1395546669946497,0.05502959901174882
0.14001132596023314,0.05514341924882399
0.1405208705139295,0.055270420985947435
0.14162534399128549,0.055545759126575306
0.14198079652428303,0.05563476935203665
0.1428172660610329,0.05584423288132925
0.1433036675553305,0.055966034535989195
0.14338946621595622,0.05598751970606852
0.14340600883410598,0.05599166220621844
0.1448640223270655,0.056356768929863396
0.14489091606070578,0.05636350349235092
0.14503101139641078,0.05639858530007366
0.14538889017360024,0.0564882030906035
0.14539151849984439,0.05648886125980997
0.14539453484833126,0.05648961659514719
0.14575854962860246,0.056580770925628326
0.1458158557012614,0.05659512115800579
0.1467365405986842,0.05682567337719349
0.14688776180166402,0.056863541255805186
0.14726993958046317,0.05695924385207132
0.14737658856968888,0.05698595023251585
0.1479813048013353,0.057137379532133076
0.14798549805309547,0.05713842958031093
0.14807250704330618,0.057160217833641155
0.1481376917725059,0.057176540990473854
0.14836175567999454,0.057232649688744
0.14860293480734477,0.05729304427454421
0.14860375110239826,0.05729324868610415
0.1488254405558732,0.057348762788282034
0.14883864357376148,0.057352069006384024
0.14927318630758454,0.05746088451090166
0.14982057625212705,0.057597958516165074
0.15005751817273338,0.0576572920468522
0.15028863223730068,0.05771516620186508
0.15056283263164388,0.057783829769166906
0.151077417309344,0.057912688882350835
0.1511543274660788,0.05793194824824563
0.15137368668006534,0.05798687882625929
0.15218080348058238,0.05818899202483975
0.15218720504731614,0.05819059506559876
0.15222389715915968,0.05819978327737013
0.15239875575463646,0.05824357028565498
0.1524924355965098,0.058267029012411015
0.15284720676106817,0.05835586861380092
0.15289364247871762,0.058367496759091
0.15295289429477038,0.05838233423249818
0.15300542630404929,0.05839548897344325
0.15306487254907392,0.058410375134551315
0.15311667496213233,0.05842334717452213
0.15334922314790567,0.0584815804532999
0.15392565217922433,0.05862592624711792
0.15561182015439237,0.05904816600546128
0.1564584510443536,0.059260174077994915
0.15687687093766886,0.059364952200484114
0.15792278768412496,0.05962686420496688
0.1585711884540951,0.05978923271655871
0.1589423524636649,0.05988217731283531
0.16002193608616797,0.06015251996824707
0.16007191658108996,0.060165035774743525
0.16061700298346654,0.06030153294122116
0.1615663883024479,0.06053927214251367
0.1617033488948773,0.060573568967208224
0.16175475791034238,0.06058644249498622
0.16240434786650065,0.06074910879523024
0.16256751543172315,0.06078996820800743
0.16281990613635142,0.060853170327665615
0.1632509896085092,0.06096111958526644
0.16339392252048668,0.06099691196129392
0.16354848630353652,0.06103561686813873
0.16374663267005335,0.06108523545605338
0.1638691340565339,0.06111591149579912
0.1642763490480681,0.06121788375606699
0.16430624422057408,0.0612253699203166
0.16438952408331048,0.06124622434860286
0.16472119773108013,0.06132928001265625
0.16483138178031453,0.06135687162096998
0.16522216874646126,0.06145473007669891
0.1652786098352334,0.06146886370515989
0.16529693444506932,0.06147345244064935
0.16552557119065972,0.06153070624076193
0.16571853340976433,0.06157902664653647
0.1659228533059236,0.061630191171571674
0.16710083176688903,0.06192517325403127
0.1671559350548839,0.061938971878693516
0.16765081468256632,0.0620628965750933
0.16783407053958316,0.06210878637369066
0.16787876803663834,0.062119979244527446
0.167883495407938,0.06212116304361778
0.16801001063834645,0.06215284420534138
0.16852018335716817,0.06228059850306321
0.16879123061684434,0.06234847248187836
0.16902779956874991,0.06240771261604955
0.1690889738491942,0.06242303150110254
0.1692408611879801,0.062461066189323886
0.169260321583131,0.06246593934114911
0.16931152692613297,0.062478761866528176
0.16940248284552095,0.06250153848545817
0.169739580320529,0.06258595235079172
0.1704380086675054,0.06276084845888444
0.17074889115689906,0.06283869772961424
0.1709251684089919,0.062882839989117
0.17107823991194807,0.06292117120840787
0.17125342813905514,0.06296504076100749
0.17147109072258854,0.06301954647931371
0.17148100457641519,0.06302202904528914
0.17159162322883142,0.06304972948424445
0.17177331159972284,0.06309522676265841
0.1723456585369834,0.063238550343723
0.1730903225621665,0.06342502450446545
0.17351636854571667,0.0635317123053173
0.1736507309172331,0.06356535849959628
0.17375307414021524,0.06359098665668173
0.175349688668558,0.06399080099460248
0.1757207901454827,0.06408372993184079
0.17585029591908571,0.06411615996689984
0.1759093261613541,0.06413094195516993
0.17680424349640414,0.06435504162071555
0.17685527660862654,0.06436782101712779
0.17688487992782856,0.0643752340972776
0.17698715857578717,0.06440084608388497
0.17711685166843044,0.0644333230262199
0.1774628602367286,0.06451996835243559
0.17750467483645813,0.06453043930594973
0.17787399985476054,0.06462292339340409
0.17805231377260744,0.06466757566215178
0.1787444488471892,0.06484089584788433
0.17876500742541582,0.06484604399992501
0.17938306448915126,0.0650008140282243
0.18058662167459535,0.06530220137670817
0.18078110714524034,0.06535090322571478
0.18087159983433426,0.06537356384537879
0.18103318289354978,0.06541402647595906
0.18125084818976084,0.0654685328735573
0.1819832460004252,0.06565193540470511
0.1822510063653553,0.06571898629966157
0.18286997472234312,0.06587398452838238
0.18307613101450368,0.0659256089123493
0.18358993831225667,0.06605427335885361
0.1838750468819484,0.06612566848397826
0.18395764557207728,0.06614635233723197
0.18400007506214844,0.06615697726778344
0.18405520616295384,0.06617078285715773
0.1845797497641895,0.06630213582239496
0.18466769492556556,0.06632415850591984
0.18478707237058248,0.06635405226756036
0.1847951403601862,0.06635607260363054
0.1860698470506189,0.0666752767712185
0.18644473835397168,0.06676915473335741
0.18648701126206169,0.06677974045361737
0.18668763570163888,0.06682997958526524
0.18669296596147206,0.0668313143559743
0.18688030345267678,0.06687822625216727
0.18709757308496666,0.0669326335700528
0.1874850537885809,0.06702966409196184
0.18756556460628082,0.06704982511311175
0.18792796501711084,0.06714057518317942
0.1883221274611898,0.06723927890522075
0.18832942828356372,0.06724110713201684
0.188943334210299,0.067394837658256
0.18926389994499598,0.06747511174740077
0.18962398071294173,0.06756528094684029
0.19037861592940447,0.06775425203164866
0.19045269783582708,0.06777280316458804
0.1910614534455051,0.0679252439802755
0.19106290939469178,0.06792560857006834
0.19109346230748264,0.06793325944157315
0.1914557702412112,0.06802398635409687
0.19147048462163094,0.06802767103825888
0.1915918484163986,0.06805806220932192
0.1916271535037381,0.06806690309099327
0.19175433615130816,0.06809875138319567
0.19181071642597275,0.06811286978296381
0.19193443405442895,0.06814385038650483
0.19199225418518756,0.06815832934613306
0.19238772129181944,0.06825735977370381
0.19239688003908056,0.06825965325056212
0.1925454063196092,0.06829684628335699
0.19295188973687696,0.06839863534732059
0.19310695891692264,0.06843746681255611
0.194352338323466,0.06874932702305042
0.19440278318657764,0.06876195911375764
0.19490191424288142,0.0688869484266251
0.19578905333214325,0.06910910031195526
0.19616285894827817,0.06920270640301418
0.1963915226584338,0.06925996695542644
0.19675632443333546,0.06935131836023675
0.197269382002087,0.06947979506424026
0.19765610983368348,0.06957663705659378
0.19801580834458868,0.06966671053358885
0.19806794052575172,0.06967976515204936
0.19817732891171916,0.06970715751528758
0.19828389205311472,0.06973384239824934
0.19873388017070143,0.06984652564026635
0.19890098196393594,0.06988837023809598
0.19918663718866886,0.06995990225319591
0.199233568941726,0.0699716546126057
0.19956380249918568,0.07005434965814811
0.19958796077142188,0.07006039922330483
0.20024621645268836,0.07022523554084814
0.2006189140620968,0.07031856417171373
0.20065773365939593,0.0703282851352381
0.2007132401113454,0.07034218471772498
0.20103943686045286,0.0704238688906804
0.20107818372841965,0.07043357164177509
0.20129173760311384,0.07048704848261905
0.20159947679888207,0.0705641106291949
0.20218765391571447,0.07071139830594589
0.20239448933549326,0.0707631927528518
0.20304767997402215,0.07092676071371114
0.2032280198451332,0.07097192030914827
0.20366501674907592,0.07108135037177248
0.2044242929656094,0.0712714836271221
0.20474565077193901,0.0713519560619475
0.2050178341124605,0.07142011453110322
0.2052200705000363,0.0714707573168018
0.2055574426516137,0.07155523996494347
0.20597827936805155,0.07166062329333518
0.20602274829668726,0.07167175892748164
0.20622195139558125,0.0717216421357841
0.20626953679771243,0.07173355817795336
0.20684831698244455,0.07187849273307138
0.2070003101019166,0.0719165539102381
0.20710927477298652,0.07194384016941159
0.20735058398891518,0.07200426733118925
0.20758539892919728,0.0720630682366152
0.2076576972770418,0.07208117274184368
0.20826836240625468,0.07223409172760598
0.2082734211952773,0.07223535851827326
0.20833301882211763,0.07225028258747958
0.20859076351433956,0.07231482541960593
0.20921592982545623,0.07247137570167614
0.2094636458704214,0.07253340722196609
0.20948078589658115,0.07253769932133593
0.21034371128848395,0.0727537877622928
0.21042204052662924,0.07277340248577988
0.21054978834853777,0.07280539230544548
0.2105714231489084,0.0728108099583809
0.2110399218096916,0.0729281284961699
0.21106645846675065,0.0729347736417478
0.2111534250000692,0.07295655126328565
0.21162481907333647,0.07307459485236577
0.21202218061087713,0.07317409967161098
0.21252497262478853,0.07330000573884596
0.21281332034698883,0.0733722119925133
0.2128819848174847,0.07338940652464526
0.2136531760101849,0.07358252345465327
0.2138200293441702,0.073624305834854
0.2148485915235651,0.07388187201596096
0.2156326768244002,0.07407821780880063
0.21628271736360727,0.07424099694126564
0.21638935170862753,0.07426769965459881
0.2165932407577678,0.07431875628958756
0.21668861942873996,0.0743426404266222
0.21697216472938005,0.07441364408757702
0.21705921313474716,0.074435442211007
0.21721330779404668,0.07447402964278296
0.21763124555977684,0.07457868703386344
0.21788974784243692,0.07464341957710291
0.2184057798639245,0.07477264112516885
0.21929975106603078,0.07499650386595279
0.21942013326220947,0.07502664923116666
0.21946327293052192,0.07503745200016211
0.21962642647849961,0.07507830790282749
0.2196813473060653,0.07509206083687728
0.21993422951515829,0.07515538603604441
0.2199913158918572,0.07516968125351804
0.2202076194234052,0.07522384664642943
0.22041071024730763,0.07527470339478974
0.22063666255969278,0.0753312849757376
0.22096731498954847,0.07541408491271544
0.22153766366055938,0.07555690810030152
0.22217249120948665,0.07571587768980642
0.22253396988916224,0.07580639694565772
0.2227404094906003,0.0758580922741822
0.22308768062873136,0.07594505376532869
0.22317372769043797,0.07596660113847077
0.22373089692845888,0.07610612401393925
0.22415820510198453,0.07621312788460027
0.22428486208095144,0.07624484454212135
0.22431268012793007,0.07625181056543982
0.22463574222906932,0.07633270977923337
0.22583277801370397,0.07663246407885001
0.22589830608928885,0.07664887321436152
0.2264834303997786,0.07679539642622445
0.22658483404692195,0.07682078930053797
0.22681103111974563,0.07687743217288144
0.22703440262695773,0.07693336748455562
0.22826769818977152,0.07724220173362059
0.22860348559021054,0.07732628753818109
0.22861699028104604,0.07732966929935724
0.22936434703274267,0.07751681775602345
0.22969388750371292,0.07759933924313267
0.2303226610990001,0.07775679283900014
0.23092788237511777,0.07790834860873105
0.2309552194774489,0.07791519419686468
0.23135390201408415,0.07801502981253507
0.23140647460725505,0.07802819471624743
0.23157288987644992,0.07806986739897198
0.23158716793711656,0.07807344282263931
0.23158777232089678,0.0780735941686885
0.23189703744725393,0.07815103842936727
0.23205246720699188,0.07818996018873976
0.23236838858603306,0.07826907126705837
0.2323864645589075,0.07827359774041737
0.23248631569414596,0.07829860184429922
0.2325735454729409,0.07832044538614151
0.23268904190244155,0.07834936728787376
0.2327745519301052,0.07837078018027141
0.23290088710205847,0.07840241625287
0.23306128999894868,0.07844258335449804
0.2332047674993766,0.07847851210299794
0.2334252730175942,0.07853372973142922
0.23343381510584277,0.07853586878835055
0.23359541814337328,0.07857633642177697
0.23423484437839726,0.07873645758581939
0.23443699434292803,0.07878707872999341
0.2349278391209022,0.07890999304427769
0.23497329957851198,0.07892137697097898
0.2352396519316653,0.07898807528033243
0.23539613215331698,0.07902726008988209
0.23554071821932532,0.0790634664385201
0.23577450173207554,0.07912200906024112
0.23578387086043281,0.07912435521943266
0.23629287909960794,0.07925181791536168
0.2365110824489528,0.07930645904889876
0.23680298438595657,0.07937955532706059
0.23686279575706848,0.07939453292078577
0.2370771904370393,0.07944822031088818
0.2372161889532713,0.07948302745986041
0.23731273882608364,0.07950720488201805
0.23748569705248634,0.07955051601162988
0.23889657769754474,0.07990382001893759
0.23896636398556553,0.07992129546967772
0.23957251151110212,0.08007308318506086
0.23962085876653183,0.08008519000582238
0.24007822621558877,0.08019972113439792
0.2402863220150674,0.08025183119779501
0.24094800255933044,0.08041752514835308
0.24141361426800464,0.0805341207534457
0.2415697269702024,0.0805732135310462
0.24165085940060171,0.08059353021260471
0.24174158130768036,0.08061624823161909
0.24177160873011178,0.08062376751307729
0.24187192092399715,0.08064888707241469
0.24274391893387692,0.08086724742226707
0.24284168829654623,0.0808917302215343
0.2428944762381853,0.08090494905147852
0.243245415477564,0.0809928290858587
0.24331077138867466,0.08100919510900703
0.2434742055608679,0.08105012128385332
0.24361975274075032,0.08108656830868487
0.24397234630630316,0.08117486260919646
0.24412886434072756,0.08121405688758686
0.2445088750163943,0.0813092168112863
0.24455333683744349,0.08132035066559487
0.2445606767894915,0.08132218869100198
0.2446338461585639,0.0813405113119806
0.24534208429340998,0.08151786392649531
0.24536562543344634,0.08152375895322243
0.24582734395514183,0.08163937965050437
0.2473896787573889,0.08203060987137636
0.2475866596489975,0.08207993660827086
0.2476381491227321,0.08209283028391116
0.24766392115374014,0.08209928395656134
0.24781159211554654,0.0821362628057304
0.24823492219975288,0.08224227050786159
0.24888527227041224,0.08240512715127901
0.24890861694799302,0.0824109729810928
0.24961449564242869,0.08258773475912891
0.24969302241502955,0.08260739894797293
0.2511323770284206,0.08296783323036888
0.25137131838681526,0.08302766744790391
0.2514270208257008,0.08304161610822752
0.2516506879119226,0.08309762543696969
0.25195138288906965,0.08317292361387461
0.25195991861483974,0.08317506107754342
0.2520168711693206,0.08318932278408463
0.25225364527015437,0.08324861429038195
0.2526547600269843,0.08334905896759448
0.25325546985347636,0.0834994850080056
0.25328638662824104,0.08350722699557599
0.253526082272957,0.08356725009682767
0.25399114819619184,0.08368370902970525
0.254230600347762,0.08374367115690894
0.2543130218728503,0.08376431064558865
0.25488981051784637,0.08390874649164012
0.25504151551911236,0.08394673552002724
0.255068396957211,0.0839534670035412
0.2551502668655163,0.08397396835975693
0.25544465487018114,0.08404768718361044
0.2555162224588037,0.08406560869663302
0.2556463020960794,0.08409818243508466
0.2563416581463057,0.08427230919762205
0.25646158550734416,0.08430234066583243
0.2565047578212955,0.0843131516097469
0.2565198088851419,0.08431692060409084
0.25661135429013177,0.08433984483836028
0.2572237748904415,0.08449320341834013
0.2574362812565393,0.08454641794855831
0.257680245593627,0.08460750998935934
0.25792908094446054,0.08466982179930387
0.25845154479233035,0.08480065396556284
0.2586112259938037,0.084840640344687
0.25879738290562765,0.08488725660749123
0.25894104606517443,0.0849232318475997
0.2590912381144159,0.08496084201189577
0.25988957984912153,0.08516075781275417
0.26005794542770044,0.08520291887989545
0.2603458885061709,0.08527502380518194
0.26116860553178894,0.08548104351567215
0.26144443941248996,0.08555011613052746
0.2616685241523289,0.08560623004550592
0.26190292559322187,0.08566492740497164
0.26220932843970224,0.08574165491122183
0.262303014669064,0.08576511523749324
0.26234684196276115,0.08577609019738577
0.2623601476365614,0.0857794221219465
0.2624110157328928,0.08579216019609967
0.2625853517577814,0.08583581634548901
0.2629853735516612,0.08593598732967765
0.2635990121023921,0.08608965090127109
0.2636286861306551,0.08609708168794679
0.26411328303502474,0.08621843144835521
0.26476275242672587,0.08638106755759334
0.2654254043349939,0.08654700475111941
0.26546781225807714,0.08655762428099913
0.26575433050933717,0.08662937240986567
0.2662252676297767,0.08674730157164416
0.2665407979683902,0.08682631472803677
0.2668150745273843,0.08689499736801952
0.2670630498684733,0.08695709381964152
0.26733792757105457,0.08702592699428434
0.2691207885310421,0.08747238001200934
0.2691510306763743,0.08747995306304866
0.2693801106178562,0.08753731784553602
0.27005981560573855,0.08770752536581565
0.27037963614090976,0.08778761284670286
0.2704120531797911,0.08779573052113687
0.27080987983044547,0.08789535181113209
0.2708572104235919,0.08790720404561093
0.2714410265572764,0.08805339967192707
0.2714682089997814,0.0880602065311033
0.2719000536305614,0.08816834639333991
0.2727051389985448,0.0883699508931462
0.27297470777406485,0.08843745463910078
0.2731687159038718,0.0884860369553663
0.27353536628176983,0.08857785127590855
0.273977518009228,0.08868857217756393
0.2740597584748232,0.08870916632644492
0.2743686208700897,0.08878650973769411
0.2758038824108898,0.08914591905816036
0.2760953897660918,0.08921891652758714
0.27755553434900093,0.08958455690560022
0.2775707132029268,0.08958835790034567
0.2776475471933997,0.08960759819315611
0.2782884701988475,0.08976809416919317
0.2783333459271585,0.08977933167159895
0.27841477161364714,0.08979972178853406
0.27881112937241537,0.08989897524770568
0.2795570339675228,0.09008576006429783
0.2796005151467692,0.09009664835234972
0.27973962372037403,0.09013148306120877
0.27978195403171724,0.09014208315603647
0.2800328020779493,0.0902048989727177
0.2802345671122873,0.09025542372505294
0.2802597449857147,0.09026172861243555
0.2806515165967353,0.09035983363684551
0.28114063731515104,0.09048231622279548
0.2817479507936276,0.09063439590890451
0.2817768496203903,0.09064163257441374
0.2818629458589006,0.09066319226210691
0.28203886334377026,0.09070724443092622
0.28231803406199996,0.09077715263600289
0.28268124147482565,0.09086810479052046
0.28269721667769226,0.09087210520204367
0.28283676817052794,0.09090705082399779
0.2830157697674404,0.09095187529708498
0.28302751755080363,0.09095481710435534
0.2832584092882542,0.09101263558558632
0.28350147997052655,0.09107350384287421
0.2835783787561489,0.09109276036128532
0.28383785800750605,0.0911577375509851
0.284419404039613,0.09130336471250079
0.28460062499245115,0.09134874494297608
0.28477707517338285,0.09139293050624936
0.2849146684793725,0.09142738577116151
0.2850487721456272,0.0914609671820685
0.2852754707120156,0.09151773563532958
0.28541794803764736,0.09155341392624135
0.2854300407421192,0.09155644210652297
0.28567357779467467,0.09161742714937342
0.28577617622881984,0.09164311921486029
0.2861237426395109,0.0917301546463355
0.2867725351000003,0.09189262124264524
0.2869852059332497,0.09194587695771061
0.2870950187408853,0.0919733756019987
0.28712049345126467,0.0919797548214554
0.2872569975192996,0.09201393732613393
0.2872853985890433,0.09202104934640824
0.2873739755974688,0.09204323025316434
0.2875290126242479,0.09208205366677769
0.2875754856422213,0.09209369115258427
0.2879249379168094,0.09218119883043581
0.2884746203881763,0.09231884691609138
0.2885327291030405,0.09233339814116696
0.2886004760319716,0.0923503629082137
0.2889669202919664,0.0924421256139851
0.2902252456356983,0.09275722766602224
0.2904200053873284,0.0928059981987772
0.2914618311219227,0.09306688575736528
0.29294504713179403,0.09343830353946181
0.29311312528545486,0.09348039263143228
0.2931332441683917,0.09348543067769727
0.2932843050831901,0.09352325841793367
0.29424029993484646,0.09376265273753029
0.29436071713224643,0.09379280686753354
0.29450491235498144,0.09382891534361572
0.29461681875329404,0.09385693825193593
0.29481038530599674,0.09390540999119334
0.29494720858937934,0.0939396724318054
0.29497648474504595,0.0939470035856857
0.2952612127528972,0.09401830341286731
0.2954281200432396,0.09406009930448535
0.2955380915759658,0.09408763769572914
0.295639658501364,0.0941130714571737
0.29568874299867454,0.09412536289348844
0.29579919951726114,0.09415302273189262
0.29581266395680217,0.0941563944135885
0.2959404448959398,0.0941883925262658
0.2960402298875308,0.09421338006686453
0.29609254698122084,0.09422648098997673
0.29619558023377546,0.09425228194000106
0.2963199346009598,0.09428342199171724
0.2964799356118673,0.09432348845554245
0.29655379027210993,0.0943419826828986
0.2967701691715175,0.0943961669489634
0.2968438901159648,0.09441462769203685
0.297424738736111,0.09456008021196163
0.29750365134127277,0.09457984101860988
0.2983816105074075,0.09479969412435225
0.2984403925112463,0.09481441395028976
0.29859503264867576,0.09485313797732618
0.298889696406472,0.09492692585357385
0.29890428652019896,0.09493057941963899
0.2989664973776929,0.09494615787790736
0.2991061157593763,0.09498112024975316
0.2991790077969726,0.09499937342309839
0.2995103253981903,0.09508233992817569
0.3002209366564276,0.09526028680557638
0.30042952769777514,0.09531252088438011
0.30082496520849183,0.09541154390072476
0.30098760434048527,0.09545227098652015
0.3017960354636642,0.09565471330965483
0.30359725763610634,0.09610576422867073
0.3040043595516407,0.09620770817314586
0.30413428655160024,0.09624024368910464
0.3041478762508721,0.09624364673756783
0.30427966748963986,0.09627664908468186
0.30431378223779937,0.09628519188897594
0.30431883003288607,0.09628645592660975
0.30517673072230034,0.09650128611263845
0.30521793487047444,0.09651160420064861
0.3059348090277691,0.09669111939450623
0.3060103025964543,0.09671002402718074
0.30601244121815785,0.09671055956760408
0.3062476779255662,0.09676946608934589
0.30670901516003346,0.09688499130703779
0.30701082803125396,0.09696056942006434
0.3070543261859614,0.09697146195900624
0.30707022689244223,0.09697544371560513
0.3074099860803336,0.09706052411062088
0.3074282028515279,0.09706508584182444
0.3074828784318406,0.09707877736257356
0.30766337174869857,0.09712397538294584
0.30810315006594263,0.09723410194989077
0.3082001322156964,0.09725838762016731
0.3085996868196698,0.09735844161354826
0.30873119473606625,0.09739137301282594
0.30893648992956035,0.09744278176578919
0.3091952632944771,0.09750758219177127
0.3093426235521931,0.09754448323634324
0.3093588387178846,0.09754854373787325
0.3095290553121465,0.09759116832491652
0.3095533240366918,0.0975972455488576
0.309801871534013,0.09765948527630541
0.30999561760737765,0.09770800197001697
0.31033711241428164,0.09779351698801411
0.3107515353662505,0.09789729422116544
0.3120303516298739,0.09821752748266124
0.31245062694538234,0.09832277022850353
0.31263648655583753,0.09836931204293733
0.31264077706225224,0.09837038644502438
0.31306218037503325,0.09847591165696898
0.31364288061899337,0.09862132702144663
0.31366349350783734,0.0986264887736163
0.31390678916290315,0.09868741336720002
0.3142486674922346,0.098773024424512
0.31430573284443075,0.09878731437715962
0.3143619797214775,0.09880139937232121
0.3152516003935095,0.09902417268026437
0.3154683924317143,0.09907846040199225
0.3158076061282099,0.09916340419842556
0.3164319658960774,0.0993197525109224
0.31666901875447045,0.0993791138219641
0.3169983843843683,0.09946159152645306
0.3173697487178914,0.0995545862866154
0.318143316560798,0.09974829836267268
0.31815915340596623,0.09975226412751656
0.31837549952711075,0.0998064401854514
0.3188979685542721,0.0999372736486765
0.3191122684302028,0.09999093729853731
0.3203767442335281,0.10030757951063601
0.3205644363198724,0.10035458020235125
0.3208364895380485,0.10042270608707385
0.3208847898493128,0.10043480115236775
0.32149469622670845,0.10058753013619151
0.3218235891111354,0.1006698894586828
0.32252953937818124,0.10084666915948942
0.3229135356923492,0.10094282714213809
0.3234696363510659,0.10108208243058453
0.32410426334343373,0.10124100179795595
0.3245141161123455,0.10134363459412465
0.3245234976874484,0.10134598387015331
0.3247929635910408,0.10141346185555586
0.3250765475125345,0.10148447518770604
0.32516689355854383,0.10150709908591546
0.3256702105226796,0.10163313660793968
0.32600162356211737,0.10171612701206606
0.3261977580756183,0.10176524180418822
0.3262194244412821,0.10177066736150917
0.32661415971985364,0.10186951452922213
0.3267820010370591,0.10191154431407193
0.3269095697660701,0.10194348928640148
0.3273365385464253,0.10205040816832334
0.327744603905395,0.10215259337234633
0.32786999099092945,0.10218399203100623
0.32801137397615593,0.10221939628396026
0.3283101281861629,0.10229420846595824
0.3284265540236975,0.1023233631043036
0.3285610447260813,0.10235704143440491
0.3290023396119787,0.10246754777109468
0.3297866136200711,0.10266394081883892
0.329976970997783,0.10271160893633827
0.33001354797227345,0.10272076831612553
0.3301398028329792,0.10275238427767813
0.33043201099485475,0.1028255572387789
0.3304524323736018,0.1028306710341742
0.330538145463374,0.1028521347761295
0.3305513816467282,0.10285544929932247
0.3307136984778956,0.10289609567653782
0.33080098004890945,0.10291795218786734
0.33091551791302315,0.10294663405158247
0.3312547058723407,0.10303157140307079
0.33132898930753235,0.10305017300159844
0.3316082950724134,0.10312011502422255
0.33204418411452535,0.1032292676629373
0.3321083953064181,0.10324534703257723
0.3328894426284136,0.10344093207354046
0.33372762942408596,0.10365082562819422
0.333853565543391,0.10368236177249607
0.33442686847372266,0.10382592474743432
0.33446583136617125,0.10383568159404402
0.3351217170604274,0.10399992443409442
0.33538873797899715,0.10406679016146553
0.3353991973071466,0.10406940932174813
0.33555451709454903,0.10410830354252829
0.3355707479530655,0.10411236797375856
0.3358695607102531,0.10418719481677949
0.33661491798511706,0.10437384257682053
0.33665623487594676,0.10438418889714943
0.33673995027946263,0.10440515239086459
0.33741322778936916,0.10457375038185218
0.33810437118377806,0.10474682223716766
0.33833301573482943,0.10480407799187552
0.33873819972661234,0.10490554166174387
0.3389410034831971,0.1049563265244815
0.33953435482970523,0.10510490989983431
0.3395637877594544,0.10511228031211098
0.3399276964092081,0.10520340806604411
0.34014288445022073,0.10525729412471302
0.3403074228531722,0.10529849681419803
0.34087131689695266,0.10543970367394367
0.3409772019808699,0.10546621876194431
0.34145235233625904,0.10558520297596738
0.34189187708628327,0.10569526604617702
0.3419183829154418,0.10570190347202271
0.3424293324835564,0.10582985230354103
0.34302427791305146,0.10597883485929885
0.343126522541254,0.10600443832688924
0.3438003265226184,0.106173168153604
0.34384796683254243,0.10618509794544323
0.34391916569123127,0.10620292712339577
0.344713557361908,0.10640185377364425
0.34591013113671454,0.10672263353564282
0.3461501222076462,0.10678870994888834
0.34632397982219654,0.10683657792806076
0.346332668254434,0.10683897010222271
0.3469436604337077,0.10700719374308881
0.34807594475869463,0.10731894403729281
0.34827945016058215,0.10737497490119374
0.3485233312823972,0.10744212235682732
0.3486460105582795,0.10747589947402753
0.3487772264302338,0.10751202696054593
0.34885008565633413,0.10753208719159482
0.3489510293431302,0.10755987987878676
0.3493744190071211,0.10767645117576521
0.349892310912556,0.10781904164559894
0.34997802554716917,0.10784264133868707
0.3502119749581101,0.10790705430995254
0.35097487826964474,0.10811710343504558
0.35098811889395054,0.10812074895802223
0.3512326279680986,0.1081880693069126
0.3516682173547013,0.10830799953682818
0.3526968730794019,0.10859121791028198
0.3530307716367869,0.10868314974330484
0.35316775300291,0.10872086463544534
0.3531883596963609,0.1087265382481627
0.3532516177722972,0.10874395500767153
0.353369456780987,0.10877639946072731
0.35341924413518866,0.10879010734484917
0.3541475727767266,0.10899063707335116
0.3542330629760805,0.1090141749729864
0.354277345167916,0.10902636712828528
0.3545196697735816,0.10909308603045678
0.3552268707882266,0.10928779871834943
0.3553057000891109,0.10930950268192138
0.3555569661897546,0.10937868343367299
0.35574771884609246,0.10943120310158788
0.3557629900153261,0.10943540769172161
0.35602799065070956,0.10950836995413388
0.3561122095575257,0.10953155783053395
0.3561606972318179,0.1095449078755644
0.3562425634080597,0.10956744797787393
0.35671968715531244,0.10969881380648722
0.3567954432446089,0.10971967162691695
0.35699494603278625,0.10977460045666076
0.35710116901410094,0.10980384668479032
0.3575963565392652,0.10994018598866426
0.35794625030970006,0.11003652176181425
0.358160067124657,0.11009539165296928
0.3584277079870557,0.11016908084547383
0.35915872445313113,0.11037035060902867
0.35917166598804184,0.11037391378413122
0.35933796526947026,0.1104197007377852
0.3595444879537,0.1104765623459057
0.35954528610291087,0.11047678209923609
0.35965026262727573,0.11050568514207876
0.3598343638868291,0.11055637349001629
0.3602325546809555,0.11066600681662764
0.3602703763351077,0.11067642020092436
0.36059130901089514,0.11076478215550462
0.36078455520762587,0.1108179883664846
0.3607937688701593,0.11082052515158536
0.3612880042058523,0.11095660229043486
0.3616499614098294,0.1110562594722389
0.3618556342968797,0.11111288710686457
0.36241978616757803,0.11126821426964942
0.36256649156129545,0.11130860646500476
0.3627153100920558,0.11134958046749138
0.3636399510440611,0.11160416059587391
0.3637455744661863,0.11163324174819209
0.3638032017347709,0.11164910818521584
0.3640460275625828,0.11171596508819515
0.3645714950226299,0.11186064132511667
0.3648268624774256,0.11193095129709618
0.36498228159586166,0.11197374263035775
0.36528207898839526,0.11205628543631338
0.36553523710759883,0.1121259871149467
0.3657874550338669,0.11219542993154538
0.36627596482411473,0.11232993066380009
0.3663181142022005,0.11234153559440699
0.3663397424466863,0.11234749046937328
0.36662230288906233,0.11242528744942257
0.36667744686019654,0.11244047016355654
0.3670443116529941,0.11254147854507676
0.36714239854619946,0.11256848467519764
0.3672978388607678,0.11261128184436131
0.36753826237862963,0.11267747732262856
0.36779592572807157,0.11274841942014019
0.36807283022105014,0.11282465915537934
0.3685159969936027,0.11294667565660241
0.36862578474271246,0.11297690336737234
0.36968537551080194,0.11326863904400244
0.3696855292460376,0.11326868137171453
0.36999479581208994,0.11335383131226096
0.37111135018622665,0.11366125070061636
0.3713647486025876,0.11373101853993733
0.3716427271605262,0.11380755399601261
0.37165931721045486,0.11381212171176389
0.3723405455261378,0.1139996833719826
0.3730775063104451,0.11420258977654432
0.3730787291487425,0.11420292645893987
0.37320089354876934,0.11423656181607511
0.37333369121220733,0.11427312481507887
0.37357125151335147,0.11433853196780408
0.373583645427753,0.11434194436730108
0.3737922706185458,0.11439938485567733
0.3743969709773651,0.11456587617822511
0.374606318661291,0.11462351558964734
0.37467302554683773,0.11464188190518809
0.3752571519085032,0.11480270861724523
0.37533610242190074,0.11482444595409264
0.37541087689832664,0.11484503350839351
0.3758306413685962,0.1149606066857441
0.3765251205926308,0.11515181670043173
0.3767767764500327,0.11522110476337843
0.37746744703614343,0.11541126615099684
0.37793709079381155,0.11554057252431055
0.37804737494812524,0.11557093690964615
0.37850420356437464,0.11569671490760458
0.37850623245361864,0.11569727351890449
0.37920260560298313,0.11588900498546231
0.3794355903108,0.11595315234633635
0.37943957124374117,0.11595424841115698
0.37957834580386185,0.11599245702094776
0.3797037755001847,0.11602699140764525
0.3797912713120919,0.11605108150984111
0.37996338435561816,0.11609846915866001
0.3799987396069888,0.11610820347165296
0.38028218975571143,0.11618624541333358
0.3803040973936014,0.11619227721330358
0.38066650538959257,0.11629205851105615
0.3809401683672063,0.1163674057643044
0.380978675163771,0.11637800778792431
0.3813522962256752,0.11648087636377494
0.3815040403666183,0.1165226558705108
0.3815704262866652,0.1165409338150597
0.3816040019702112,0.11655017816207802
0.3816374635961327,0.11655939110576663
0.38167075508990667,0.11656855720720372
0.381984170237924,0.1166548493711472
0.38206503801128294,0.11667711458455685
0.38217125634190013,0.11670635953221628
0.38284435114513826,0.1168916818035805
0.38376952179578266,0.1171464077731647
0.3842218529645409,0.11727094749505801
0.38443718596087717,0.11733023483435806
0.3847224810411122,0.11740878473850799
0.3848718621563845,0.11744991363661861
0.3848811421594866,0.11745246868717749
0.38497369932138936,0.11747795232394348
0.3849918176808174,0.11748294082705843
0.38520182532068553,0.11754076194324739
0.38613690765052333,0.11779821688190442
0.38649826713513874,0.11789770949445436
0.3867265888680135,0.11796057300481669
0.387132746712265,0.11807239988843982
0.3871739355044156,0.11808374034223534
0.3871985681535089,0.11809052241581208
0.3873854567336551,0.11814197819291525
0.38746265243945627,0.11816323238098778
0.38784668659379024,0.11826896797933167
0.3880998923577894,0.11833868277594145
0.38827569029882086,0.11838708498254946
0.38854531481275734,0.11846132033111817
0.38893152863126107,0.11856765605341618
0.3890784840567896,0.11860811708968808
0.3892357018856194,0.1186514036594217
0.38982266608334226,0.11881301170899833
0.3900290312963772,0.11886982996079024
0.39023904074373494,0.11892765157463275
0.3903777775055036,0.11896584977745503
0.39060676949312645,0.11902889782814016
0.39137688439869267,0.1192409325115523
0.3918493927629691,0.11937102759308468
0.3919999288461946,0.1194124744869419
0.3923387655575653,0.11950576593514609
0.3932030501885868,0.11974372824024118
0.39343278495603207,0.11980698079947869
0.394324626053009,0.12005253018864737
0.39468869398628864,0.12015276851466272
0.3950585185022805,0.12025459179272116
0.39556500786069826,0.12039404281488358
0.3958743860788627,0.12047922349645332
0.39608639769136894,0.12053759636368716
0.39697732852796025,0.12078289513210907
0.39713548299224943,0.12082643958440237
0.3973860550102124,0.12089542923531899
0.3976562579464538,0.12096982384010965
0.39781283751547164,0.12101293467864244
0.3979242932698977,0.12104362163903412
0.39820329583333247,0.12112043903314182
0.39825852205736434,0.12113564439385363
0.3982726848942786,0.12113954382836609
0.3982951245799249,0.12114572211631697
0.39891652265517613,0.12131681079828702
0.39900653465698244,0.12134159367960559
0.3990267953715309,0.12134717203442505
0.3991935468900037,0.12139308350188568
0.3996857871318325,0.12152861133427081
0.39981516746238976,0.12156423344368747
0.40059233355409246,0.1217782095205324
0.40089811515790913,0.121862399951194
0.40100995875711887,0.1218931936963594
0.4012119316904006,0.1219488026277756
0.40144941068761664,0.12201418739520156
0.40146545473511275,0.12201860478085003
0.4014781135001574,0.12202209010131229
0.40148636927762815,0.12202436315322915
0.4017832327958704,0.12210609817958973
0.4019049447539667,0.12213960896650719
0.4022536721110772,0.12223562359267229
0.40242064243171805,0.12228159530263455
0.40248517631784636,0.12229936332921817
0.40263026017280856,0.12233930906852641
0.4026437285809244,0.12234301730690783
0.4027683934280758,0.12237734110872922
0.4032332875185348,0.12250533976266803
0.4032446661307345,0.12250847262039866
0.403418485001353,0.12255632993225735
0.4035306821565122,0.12258722102149866
0.4037508459316559,0.1226478384125192
0.403791147186481,0.12265893450187693
0.40481003788068304,0.12293946428284241
0.4049354340257088,0.12297398943190715
0.4049398058423316,0.12297519311819713
0.40508966487300174,0.12301645360010047
0.40534965825086133,0.12308803722114878
0.40548918412953927,0.12312645269045011
0.40564563968587686,0.12316952938474132
0.40571948680518094,0.12318986161107445
0.4060557796952603,0.12328245267244253
0.40653924777214834,0.12341556527665515
0.4066208022419579,0.12343801955725908
0.40698620303691174,0.12353862485825587
0.4081583556609948,0.12386135203670912
0.40831405400906007,0.12390422024988246
0.40835478551128546,0.12391543479866846
0.4099780332442375,0.12436236137633672
0.41007510792443963,0.12438908881523603
0.4101322644995786,0.12440482565687738
0.4106281500492007,0.12454135714687037
0.41070174827652683,0.12456162084611577
0.4107065243704095,0.12456293584151062
0.41105986255432536,0.12466021996031226
0.4110927899197565,0.12466928580679093
0.41180582103918306,0.1248656036894574
0.41202312243082334,0.12492543298434378
0.41224563496935324,0.12498669705717419
0.41256033825246297,0.12507334388159042
0.41404275004584185,0.12548149429268324
0.4140689350410257,0.12548870377158547
0.41424014354028266,0.12553584237346807
0.4149308308388591,0.12572600836250683
0.41495624256372976,0.1257330049379516
0.4156394550686616,0.12592111290228183
0.41667173472119917,0.12620532904682935
0.4167565181387155,0.12622867234918816
0.4168210991837513,0.12624645335996934
0.41687715096101696,0.1262618860191236
0.41736204863957344,0.12639539223360782
0.4173638113854032,0.1263958775680056
0.4174920784762366,0.126431193170652
0.41762933696959453,0.12646898436385506
0.41764786955284033,0.12647408691464704
0.4177933247402385,0.1265141348924069
0.41823097276714244,0.12663463192494032
0.41848120016471735,0.12670352669199708
0.41868332703768674,0.12675917800741687
0.4188194807738764,0.12679666502934006
0.41900424636628847,0.1268475362871347
0.419183771310123,0.12689696464432582
0.41969580675429563,0.12703794266269194
0.4203239768048289,0.12721089586335216
0.4203944595812454,0.1272303017897606
0.42122424751356535,0.1274587661659946
0.4216479257762736,0.12757541692246308
0.4225965959942648,0.1278366129957769
0.42288467423384496,0.1279159291833819
0.4231236583744472,0.1279817283598774
0.4236866241247184,0.1281367289497476
0.4238094668998613,0.1281705510829756
0.4238526224677771,0.12818243304645185
0.42438620491090473,0.12832934357056341
0.4246124299829097,0.1283916298101567
0.42506226301912736,0.12851548172463514
0.4251062491652968,0.1285275923700858
0.42521400123443276,0.12855725959987332
0.42529409146921504,0.12857931073465043
0.4255285972125329,0.12864387688014806
0.425566317319592,0.12865426230562257
0.42570629752795863,0.12869280286489557
0.4258333849905059,0.12872779368209974
0.4260237725733727,0.12878021283483523
0.4261303463494347,0.1288095556468027
0.42652216777469903,0.12891743530379876
0.42653408664390363,0.12892071690975143
0.4268038039410563,0.12899497780419616
0.426915632643555,0.12902576744787053
0.426948766813613,0.1290348902335842
0.42705272027183294,0.12906351159702484
0.4273319039375313,0.129140378853771
0.42758291151384437,0.1292094884263723
0.4288574364231027,0.1295604016260549
0.429197497899569,0.12965403028715736
0.42969859346270534,0.12979199624304383
0.4297451019142374,0.1298048013513794
0.4304969699276713,0.13001181214294294
0.4307988678248173,0.13009493327795996
0.43123108604700777,0.13021393532978975
0.4325882817202565,0.13058761015782608
0.43322535342871904,0.1307630142397862
0.4333548630660037,0.13079867195104722
0.43336090800886745,0.13080033629689627
0.43359237898970826,0.13086406688539282
0.433850045993247,0.13093500998898192
0.4341826171894317,0.1310265763614613
0.4345985642940289,0.13114109850874353
0.4346057980838765,0.13114309017820625
0.43504983700737154,0.13126534680755525
0.4356088699165011,0.1314192645736542
0.43632018110499615,0.1316151089100902
0.4363737432405811,0.13162985609960637
0.43640207834422595,0.13163765756492976
0.4364042570793476,0.1316382574330902
0.4364874465613445,0.1316611618793631
0.43662385864542125,0.13169872003185656
0.43666262160518715,0.13170939258454015
0.43727937560465824,0.1318792026194789
0.43767673454005135,0.13198860691156328
0.4377024712109012,0.1319956929539399
0.43788481067850243,0.13204589623010943
0.43817297433361047,0.13212523593505476
0.4382134943494418,0.13213639225558121
0.43839985653961455,0.1321877031024531
0.439393355772208,0.13246124188703007
0.4394212065041405,0.13246890999095254
0.4400308017054792,0.13263674900379482
0.44018376811001647,0.1326788650346941
0.4402512032950788,0.1326974318719442
0.4415349302924966,0.13305087866997098
0.44189837163551404,0.13315094447774675
0.4419024919490335,0.13315207891803135
0.44220093777878766,0.1332342496000558
0.4422593318390843,0.13325032715679266
0.44239807401109843,0.13328852684921041
0.44274071037736235,0.1333828644511983
0.44298983563302474,0.13345145576702996
0.4442222150923654,0.13379076511764285
0.4444159599810785,0.13384410863280408
0.4444479343930692,0.13385291210391562
0.4446621104884221,0.13391188091525066
0.444894732664431,0.133975928460738
0.44496513594207976,0.1339953124988595
0.44532148771650776,0.13409342634541413
0.4454222154400692,0.13412115957174414
0.4464091558355422,0.13439289252066935
0.44667369966677833,0.13446572901182072
0.44698757382331716,0.1345521475539525
0.4470924301367851,0.13458101749929344
0.4474773372432862,0.13468699344636334
0.4476029900663351,0.13472158926623706
0.4476994380211696,0.13474814414969827
0.44870511370778837,0.13502503546070432
0.45006651404847126,0.1353998679540732
0.45037969295771507,0.1354860950747183
0.4504951249281422,0.13551787680122201
0.45073838339724664,0.13558485282273658
0.45076828156246385,0.13559308464366437
0.4509646436010657,0.13564714873512426
0.4511190805010313,0.135689669635518
0.4511373845929452,0.13569470927610422
0.45125390443194474,0.1357267905239737
0.45139765430832157,0.13576636898078298
0.45173295711701283,0.1358586874443969
0.4518500727966165,0.13589093274424485
0.4519064956612504,0.13590646757437652
0.4527123744970474,0.13612834909177315
0.45271441686623315,0.13612891141448707
0.4527653109319651,0.13614292400798064
0.45292585599520707,0.13618712666061317
0.4534595262300203,0.13633406135628945
0.45347205102945953,0.13633750979218473
0.45360659858714286,0.13637455458717712
0.4541146107784753,0.13651442488884266
0.45437162296206557,0.13658518770175115
0.4543809447519571,0.13658775425740954
0.4547908215058566,0.1367006050633385
0.4550212560201295,0.13676405028291289
0.4550284386735604,0.13676602787305595
0.45504450783316475,0.13677045217278677
0.45542314958761193,0.13687470308904692
0.4554560951058006,0.13688377393349943
0.4555598065642854,0.13691232866748407
0.4557356508484077,0.13696074363367183
0.4559028884518098,0.1370067889342311
0.4564013014435788,0.13714401630141285
0.4564650051371187,0.13716155575220687
0.4565501935822148,0.13718501057025517
0.4571493084973611,0.13734996406023747
0.45747390534985893,0.13743933486757867
0.45751240252959247,0.13744993424340957
0.4583970236614022,0.13769349576944578
0.45849249316010643,0.13771978125591927
0.45860818844123136,0.1377516354793972
0.4589452737414089,0.1378444447139536
0.4597523314294903,0.13806665080313693
0.46002938883308797,0.13814293263904767
0.46006685772790146,0.13815324889859826
0.46020599421504316,0.13819155715726064
0.46080526948643574,0.1383565547979088
0.46085946388549737,0.1383714760676631
0.46111557309498546,0.13844199026594736
0.46129980379720137,0.13849271425315599
0.46183988170646106,0.13864141316507175
0.4618477148379643,0.1386435698504526
0.4620667914322771,0.13870388790946225
0.46247779481782525,0.1388170489093418
0.4628261164828281,0.13891295183685384
0.4631315355132562,0.13899704244068042
0.4633773755148187,0.13906472923199506
0.4634078890162382,0.13907313047259756
0.4641831889801292,0.13928659275102503
0.4644571183335172,0.13936201334515075
0.46453050448154015,0.13938221865289172
0.46470048479084936,0.1394290190989163
0.46484404226675036,0.13946854458236577
0.46522000797387103,0.1395720587061764
0.4653578148291331,0.13961000087911227
0.4654345038785389,0.13963111557017258
0.46621014792969895,0.13984467258567704
0.4663644049964058,0.13988714397282576
0.46649226838453595,0.13992234842455906
0.4665180163436437,0.13992943757491635
0.46678104328959397,0.1400018564241171
0.46691953455097374,0.1400399870336531
0.46708033615295647,0.14008426031874618
0.46710209583574885,0.14009025138244158
0.46756864328475883,0.14021870525332839
0.4677897202173251,0.1402795740627328
0.4685123714024303,0.14047854062492202
0.46972653328589853,0.14081283415529208
0.47127758501686795,0.1412398831065004
0.47129064382329383,0.14124347856980884
0.4714821484181513,0.14129620526792766
0.4719504386132256,0.1414251389667042
0.47232273966249194,0.14152764410528113
0.4725069668446843,0.14157836712332653
0.472536400739516,0.14158647111732423
0.47333437151153296,0.14180617531833864
0.47378278197493906,0.14192963555779098
0.4742001689574484,0.14204455414468897
0.4746246267434247,0.14216141952623243
0.475369495610983,0.14236650325253714
0.47557672806909146,0.14242356028172867
0.47560338046445244,0.14243089844928225
0.4756752989870639,0.14245069967772642
0.4757808015970222,0.14247974756699588
0.47604380900987103,0.14255216103817453
0.4760802653874374,0.14256219852273652
0.4761900686202296,0.14259243049660755
0.47640321436995015,0.14265111562428914
0.476408830560136,0.14265266192224996
0.4768376600277146,0.1427707309529084
0.4774681902729443,0.14294433398274556
0.47768558173441567,0.14300418807643522
0.4782352083749122,0.1431555160274595
0.47845519825441707,0.14321608554003165
0.47921399560951217,0.1434250041777553
0.4793952045032699,0.1434748961745751
0.4795468204082841,0.1435166403742881
0.4795759445615382,0.14352465908756093
0.4797220677140516,0.1435648909752422
0.48029317391073945,0.143722132863088
0.481238477492438,0.14398240200503695
0.4814543633721065,0.14404184156894853
0.48152957919182393,0.14406255063769413
0.4817413587888201,0.14412085962441512
0.48194533913477966,0.1441770212540176
0.48215439299428664,0.14423457976716453
0.4822583831596502,0.14426321123713282
0.4824833816608181,0.14432515976665558
0.48248781812889374,0.14432638125334157
0.4825849331056586,0.14435311978703838
0.48292711194028703,0.14444733141746702
0.48309167709989465,0.14449264091773234
0.4832044680888667,0.14452369550642497
0.4833842402106337,0.1445731919187781
0.4842196076110842,0.14480319248233964
0.48430020091521614,0.14482538212651258
0.4843477394619057,0.14483847084953858
0.4845374759287097,0.1448907107313792
0.4846925173479849,0.1449333980732476
0.4848258020371812,0.14497009516438705
0.4851525707602501,0.1450600639498814
0.48527867206161385,0.145094783248676
0.4853845992129863,0.14512394802635228
0.48541310795076453,0.14513179729812406
0.4855619245577582,0.14517277077094265
0.48564603916796995,0.1451959299315012
0.4857195794557331,0.14521617767832595
0.48622365741955537,0.1453549647745133
0.486233477929611,0.1453576686421122
0.48632885001319864,0.14538392730741484
0.48641338633652087,0.14540720257766726
0.4864835970764267,0.1454265336046354
0.4865979713345878,0.1454580241126679
0.48694005470690016,0.14555220945958766
0.4869726231088455,0.14556117647314087
0.48718498855504705,0.14561964676092207
0.48726976720128723,0.1456429887496119
0.48818633308899645,0.14589534558158868
0.48857875371698667,0.14600339021625156
0.4890522577610437,0.14613375943693585
0.4902001982349059,0.14644982031719164
0.4904010888703505,0.14650513126102496
0.49057787963596555,0.14655380682066732
0.4907085557217355,0.14658978568859402
0.4913102718443132,0.14675545536545992
0.4923772204282917,0.14704921685947306
0.49237731357514436,0.1470492425054686
0.49238313105098147,0.14705084422313242
0.49239428698376103,0.14705391577084295
0.4927858514535296,0.1471617246806339
0.49306708443837355,0.14723915617361688
0.49310168687660805,0.1472486832155989
0.4933342092652673,0.14731270328677173
0.4934927640225381,0.147356357951184
0.4935802284539785,0.1473804394134389
0.4936075701450857,0.1473879673638473
0.4936521460637188,0.14740024039054359
0.49402011284217084,0.1475015521802665
0.49407702711955853,0.14751722231039946
0.49449528397869114,0.14763238039923804
0.49502229601138736,0.14777748190123405
0.49561937008499224,0.14794187348910662
0.49563082222649,0.14794502659155845
0.4963085687193055,0.14813162960625031
0.4964733217880827,0.14817699084329025
0.4964826190716023,0.14817955065164273
0.4966640686749978,0.14822950892271786
0.49675875288714383,0.14825557819731752
0.49736121525903454,0.14842145333798584
0.4976272478965842,0.1484946997401428
0.4976739905721479,0.14850756933706058
0.4977639054396965,0.14853232547453676
0.4985111323666768,0.14873805844211624
0.49871997052308376,0.14879555756602367
0.4992313945132505,0.14893636723359482
0.49925076941137725,0.14894170169779072
0.49932866229098427,0.1489631478377734
0.49934147230191345,0.1489666748005581
0.4994353729189671,0.14899252832899298
0.4994694539180905,0.149001911803858
0.501461310290112,0.1495503268938549
0.5017225832792146,0.1496222628285162
0.501952866539202,0.149685666403455
0.5021046830472421,0.1497274658349247
0.5021194299531095,0.14973152608034304
0.5022671407905788,0.14977219510315112
0.5025058408557548,0.1498379160655481
0.5033678592117392,0.15007525440023758
0.5038907397035884,0.15021921837074415
0.5039166045184417,0.15022633969483398
0.5040258953403458,0.15025643058731614
0.5043606134829447,0.15034858807561466
0.5048606670670557,0.1504862671448415
0.5049209577776724,0.15050286690371642
0.5052541438319123,0.15059460256422297
0.50551387241131,0.15066611327867296
0.5055355183713769,0.15067207303124605
0.5057985106970287,0.15074448234848734
0.5058958456560618,0.1507712814496012
0.5063936025190311,0.15090832816573804
0.5069481789776499,0.15106101894341442
0.5073375017834266,0.15116821065892513
0.5076921652449682,0.15126585966460243
0.5078154638191901,0.15129980729236725
0.5079182638844798,0.1513281110937103
0.5080476936802334,0.15136374682231174
0.5083035768231459,0.15143419877799502
0.5085251205659911,0.1514951961136349
0.5085432807527877,0.151500196133022
0.5088175595418056,0.15157571293678174
0.5097605881042313,0.15183535570078666
0.5098216488826406,0.15185216748137326
0.5103239404249494,0.15199046272456923
0.5104419737051427,0.15202296066613216
0.5105527190993991,0.15205345204403017
0.5107524942225343,0.15210845585538538
0.5108330400226117,0.15213063242033195
0.5109005446113397,0.15214921836639836
0.5115844352945973,0.15233751305263923
0.5118171305660071,0.15240158072338336
0.5118652956603057,0.1524148419529054
0.5121021991133818,0.15248006825655075
0.5127253110064853,0.1526516288016455
0.5130076858314718,0.1527293746759129
0.5134870287746062,0.1528613515126923
0.5137983040971867,0.15294705452142562
0.513819933869704,0.15295300981710272
0.514015931464432,0.15300697356672935
0.5146309852022409,0.15317631547095067
0.5146600474728007,0.15318431714614592
0.515189549749629,0.15333010428365204
0.5154325520031735,0.15339700976168694
0.5157430518926082,0.15348249927147303
0.5157607414079862,0.15348736970154234
0.5158385406070044,0.1535087900485767
0.5158451844634586,0.15351061929248527
0.5160618277478396,0.15357026739160018
0.5174674958967891,0.15395728808005954
0.5176332065594214,0.1540029129701056
0.5179753040179569,0.15409710219536588
0.5180956544525439,0.15413023811587814
0.5183387318452426,0.1541971642818736
0.5184362025745409,0.15422400076442883
0.5185534049498032,0.15425626993407385
0.5185935370995358,0.15426731946395789
0.5186705581297979,0.1542885255588532
0.5186792450544346,0.15429091731792946
0.5191711945605545,0.15442636510244961
0.5192848538845449,0.154457658768635
0.519358453355696,0.15447792281034098
0.5196922091364651,0.15456981533287348
0.5202132422331567,0.1547132706625986
0.5202960662803816,0.15473607449421556
0.5204581874533931,0.15478071109499486
0.5220060207990618,0.15520687393258117
0.5220114779003681,0.15520837642881838
0.5220246453400628,0.15521200180197608
0.5229116588813565,0.15545622202684276
0.5231696279431457,0.15552724829571674
0.5237347247391464,0.15568283562349236
0.5237389057080167,0.15568398676393175
0.5239718321914647,0.15574811809396996
0.5242677297235769,0.15582958715669076
0.524547187551956,0.15590652989827278
0.5246519442227651,0.1559353724091368
0.5255174562454239,0.15617367265029228
0.5257715154092342,0.15624362241230455
0.5261304888141702,0.15634245806880054
0.5267526750303337,0.15651376374852982
0.527210780169285,0.1566398932097374
0.5275320449747345,0.1567283466091232
0.5278348978370132,0.15681173067338366
0.5280097442561454,0.15685987089876888
0.5283690353636634,0.15695879402788215
0.5284256176163582,0.15697437274211057
0.5284860528934676,0.1569910123042801
0.528744278191613,0.15706210912235946
0.5291322058500897,0.1571689167138726
0.5292520891586884,0.1572019240212256
0.529297279332564,0.15721436616997744
0.5294516241172402,0.15725686170839465
0.5296236825132316,0.15730423431118254
0.5299171751986763,0.1573850412507604
0.5303353900679646,0.15750018777859254
0.5304370639793332,0.15752818151751707
0.5306129342300021,0.15757660363303871
0.5308887539753838,0.15765254470620593
0.5312855778389864,0.1577618016777063
0.5314025225593131,0.15779399990757031
0.5314055721293093,0.15779483954150544
0.5315672497342666,0.1578393540152992
0.5320328270156148,0.15796754077125086
0.5323247546979414,0.1580479168206611
0.5328824694384275,0.15820147165719076
0.533144904276809,0.15827372748222462
0.5340495117961499,0.15852279183299792
0.5346399770054386,0.15868536381129944
0.5348418860717994,0.15874095515832368
0.5350600880280644,0.15880103240443613
0.5351374282928502,0.15882232639373606
0.5352136152470182,0.15884330284360143
0.535430714800751,0.15890307656673278
0.5354773002992345,0.15891590288830007
0.5355235274973412,0.15892863055951473
0.5357011745484701,0.15897754187907623
0.5357251419552623,0.1589841407924003
0.5359908545403577,0.15905729907495275
0.5365847776517936,0.15922082311272212
0.5368288721379665,0.15928802931367245
0.5368448127300616,0.15929241821508683
0.5373361184132012,0.15942768873670654
0.5375144302826833,0.15947678309979577
0.5375600981083296,0.1594893567597562
0.5381095873809069,0.15964064688945911
0.5381874766615578,0.15966209203854612
0.5382993360800934,0.1596928901392249
0.5388032062823717,0.1598316200327106
0.5390678404970486,0.15990448140901103
0.5396744659735296,0.160071502771571
0.5396997206657773,0.1600784561114385
0.5398183064289099,0.16011110616737337
0.539984929701768,0.16015698232514436
0.5403837389251288,0.16026678592303084
0.5414036548010724,0.16054759796588272
0.5417844300142023,0.16065243628440326
0.54183829480978,0.1606672668048812
0.5425446169607498,0.1608617375164405
0.542771100370391,0.16092409488378176
0.5430810690331875,0.16100943813166427
0.5431369940202122,0.16102483588183494
0.543813278486097,0.1612110363586521
0.5453177223174512,0.16162525282062024
0.5458754062240985,0.16177879916771123
0.5458920138743893,0.16178337172934604
0.546210094457488,0.1618709484211481
0.546512436750528,0.16195419191107863
0.5470355019256126,0.16209820673016775
0.547960358520152,0.16235284623111423
0.5482515358880946,0.16243301569749163
0.5484121411588828,0.16247723492698546
0.5489481088535269,0.1626248021791339
0.5490952308684365,0.16266530908223226
0.5512274797601917,0.1632523782526268
0.551313106288171,0.163275953687436
0.5514722157939915,0.16331976109000762
0.5518382934650242,0.16342055275436917
0.5521483573866848,0.16350592222974444
0.553320545753905,0.1638286592493067
0.5533432012703052,0.16383489696164386
0.5536313761962707,0.16391423976977904
0.5536994271043663,0.1639329761332096
0.5543970482025691,0.16412505119581375
0.5544719305008471,0.16414566843655773
0.5546442962739325,0.1641931256690605
0.5552037204371217,0.1643471511586044
0.5552584279568079,0.16436221370515822
0.5553349072606937,0.1643832706472715
0.5554716071978915,0.16442090805397103
0.5555183478409021,0.1644337770912687
0.5556837356341191,0.16447931308612027
0.5561247200384132,0.16460072871887638
0.5563886942465853,0.16467340837648878
0.5566675995998627,0.16475019900585677
0.5569096429402978,0.1648168404676571
0.5570170716039016,0.16484641865464192
0.5574207075024001,0.16495755117439104
0.5574662406734697,0.1649700877600911
0.5577926734601689,0.1650599640526844
0.5578808604413893,0.16508424445358164
0.5583496469335748,0.1652133147971628
0.5587000820131015,0.16530979960820455
0.5587667132762711,0.16532814510273972
0.5592626747125884,0.16546469748651274
0.5592805483005238,0.1654696185970275
0.5596178878717124,0.16556249783967344
0.5597327595071839,0.16559412528992043
0.5597803473568786,0.16560722758747543
0.5603428062849363,0.165762088634679
0.5607519513706559,0.16587473799140895
0.5611279803328024,0.16597826953113928
0.5614594648363986,0.16606953670603491
0.5616350838204518,0.16611788964066287
0.5618927184384469,0.16618882382758454
0.5622537844458144,0.16628823563744527
0.5623641719854086,0.16631862848770868
0.5631786518449693,0.16654287811321175
0.5631985984708786,0.16654836999043585
0.5635341429542189,0.16664075499400027
0.5645941445100874,0.1669326037722676
0.56530722136641,0.1671289342476111
0.56540104491315,0.16715476655638192
0.566197331566043,0.16737400707118189
0.5662495110405238,0.1673883735745078
0.5663306343853659,0.16741070915406436
0.5667263336046418,0.16751965647878067
0.5672676170859428,0.1676686873191973
0.5674398443447011,0.16771610641473975
0.5677739019331098,0.16780808203355682
0.5678592416211167,0.16783157849310887
0.5680270229644769,0.16787777350084698
0.5681238740416819,0.16790443937543895
0.568541631857182,0.16801946006327692
0.5687209883669422,0.16806884204574482
0.5693401619857046,0.1682393182711529
0.5695491696135324,0.16829686405539485
0.5697737675082549,0.168358702286493
0.5697774637983485,0.16835971998098778
0.5700212534758706,0.1684268422593894
0.5704428153797629,0.16854291032168023
0.570687707319785,0.16861033608450793
0.5707125193660443,0.16861716755126097
0.5711325621426939,0.16873281735432638
0.5718054393308218,0.16891807971001999
0.5728426188099066,0.16920364491710765
0.5729274588711704,0.169227003815112
0.5729401812557878,0.16923050665186412
0.5732135579565173,0.16930577508488953
0.5733927170918307,0.16935510272452092
0.5739033107423284,0.16949568377580693
0.5741631300914497,0.1695672194817608
0.5747999770658323,0.16974256168799423
0.5753141542940421,0.16988412940082934
0.5754133696128194,0.1699114462188191
0.5755295390872257,0.16994343100128448
0.5758629991749392,0.17003524211105256
0.5759667536414358,0.17006380868637422
0.5760993611116928,0.1701003193197495
0.5762032960038269,0.1701289355714152
0.5764579715043776,0.17019905502857902
0.5768016430494962,0.17029367764494485
0.5778730524367005,0.17058866732580766
0.5779580839935018,0.17061207894801642
0.5781831890179573,0.17067405680645018
0.578195057838044,0.17067732463244772
0.5784672398366555,0.17075226412977337
0.5786791845765609,0.1708106185850655
0.5791851524689091,0.17094992603268844
0.5793038354484101,0.17098260285507305
0.5793464899369559,0.17099434685705195
0.5794096709259784,0.17101174239232617
0.5794115284829136,0.17101225383093593
0.579441560867346,0.17102052260625664
0.5797034517703414,0.17109262867030478
0.5802424446742394,0.17124102884917855
0.5808267207062796,0.17140189676977524
0.5808374958199067,0.17140486346706957
0.5809488829576552,0.17143553153532534
0.5812266798391049,0.17151201697066143
0.5817712903178912,0.17166196382874427
0.5820360646973217,0.17173486379641456
0.5828404225176039,0.17195632653469028
0.5833130993198197,0.17208646799201005
0.5834563336768862,0.17212590451159285
0.5835699748403281,0.1721571931776592
0.5837734032535858,0.17221320284438602
0.5839866095199623,0.1722719046340357
0.5843409233368302,0.17236945737252335
0.584384582215981,0.1723814779119934
0.5844312072893966,0.17239431512967263
0.5845192968063151,0.17241856869585706
0.5845614630378919,0.17243017826671259
0.5846081625589907,0.17244303598197058
0.5846194883395415,0.17244615429363563
0.5848585617135269,0.17251197803863644
0.5848612676119663,0.17251272304995202
0.5859883881029818,0.1728230515928129
0.5863838900585422,0.17293194460518024
0.5866245207843475,0.17299819713372708
0.5866628429135506,0.17300874831313498
0.5871037727578666,0.17313014892396686
0.5876255017087686,0.17327379584227984
0.5887419215669437,0.17358117819453953
0.5888171984408841,0.17360190407326082
0.5895578677792028,0.173805831548925
0.5903082060602053,0.17401242116135093
0.5904132351587773,0.1740413386793782
0.5909408306546643,0.1741866008254963
0.5910322637356457,0.17421177497060003
0.5912658123718468,0.1742760775971046
0.5913135918017858,0.17428923264218632
0.593337696296379,0.17484652656365457
0.5936681890798381,0.17493752068960156
0.5936753274425803,0.1749394860852499
0.5938384189745374,0.17498438985363013
0.594141519481213,0.17506784210148374
0.5954073031409675,0.17541634858489868
0.5956834907904012,0.17549239095258526
0.5961450197412191,0.17561946308723025
0.5968467912548163,0.17581268087802718
0.5970324334788764,0.1758637934976142
0.5984732760861824,0.1762604987215733
0.5997451993611302,0.17661069561684026
0.5999575445763784,0.17666916033446076
0.5999644157565195,0.17667105216708906
0.6005951112072405,0.17684470068272815
0.6006137246470804,0.17684982549565556
0.6008251530083248,0.17690803777711744
0.6009375587340364,0.17693898629180366
0.6010645460430618,0.17697394953387563
0.6011669519421596,0.1770021448099803
0.6012247075791975,0.17701804659051473
0.6012533808200342,0.1770259411546885
0.60208616772947,0.1772552312351891
0.6022966653059437,0.17731318724495343
0.6028853746344468,0.17747527577900032
0.6036287513328814,0.17767994866842152
0.6036919310590052,0.17769734385598368
0.604119072172409,0.1778149480343969
0.6043070932171348,0.17786671561142353
0.604975632917113,0.1780507837324387
0.6051803661469181,0.1781071526525205
0.6053037385850575,0.17814112061713672
0.6054925409196708,0.1781931033056392
0.606057030727494,0.17834852351219033
0.6063256174652167,0.1784224731312539
0.6072479200056486,0.17867640942797683
0.6073117245116381,0.17869397663532469
0.6090504683697793,0.17917270260313958
0.6090754455397662,0.17917957953318261
0.6091215017191471,0.17919226011804548
0.6092399513365474,0.17922487268916215
0.6094736092718449,0.17928920540883744
0.6101572132114771,0.1794774211463482
0.6105026960876283,0.17957254247400933
0.611662382138231,0.1798918372478408
0.6119067468680239,0.17995911785459734
0.6124458645070273,0.18010755237661705
0.6132004792472534,0.18031531942071075
0.6133372893796089,0.18035298716729237
0.613513698955841,0.1804015577745834
0.6136134020700866,0.1804290088966322
0.6137973594730102,0.18047965763672053
0.6144944964865536,0.18067159941695782
0.6146484802477934,0.1807139955552861
0.615359093068691,0.18090964761112685
0.6154070991915165,0.18092286507125072
0.6156041546712607,0.1809771200869117
0.6156082860748648,0.18097825758061412
0.6156947392374859,0.18100206061160834
0.6157461736536125,0.18101622197903688
0.6171838909198557,0.18141206670711668
0.6175818970471378,0.1815216491896585
0.6176979996360572,0.18155361555663427
0.6179338575408664,0.1816185539909056
0.6182169285310981,0.18169649153939754
0.6183997328546563,0.18174682280372167
0.6184959598254245,0.18177331684394232
0.618576268464601,0.18179542811170246
0.618648857774512,0.1818154140270961
0.6187520146722756,0.181843816074636
0.618963053040656,0.18190192097989621
0.6190768234562133,0.1819332452327707
0.6190822854840702,0.18193474908542828
0.6193440766038987,0.1820068276763136
0.6195403702899648,0.18206087294836326
0.619783563985305,0.18212783113580594
0.6202551810828335,0.1822576808260839
0.6209725386932986,0.18245518991560922
0.6210877928682011,0.18248692268991445
0.6215474880146791,0.18261348992571916
0.621912731955612,0.18271405204031294
0.6234072434634393,0.18312553384923208
0.623511793338508,0.1831543194233078
0.6236723731086993,0.18319853163175723
0.6237166357516712,0.18321071840469416
0.6237853416483995,0.18322963510524892
0.6238559417928531,0.18324907334643845
0.6242884359953494,0.1833681513835484
0.6247904121873233,0.18350635980176797
0.6248937925434189,0.18353482337378466
0.6254541870820665,0.18368911603547614
0.6258127206394591,0.18378783058934975
0.6262356345737454,0.18390427090431946
0.6264144061829842,0.18395349184692686
0.6268435933143386,0.18407165935266342
0.6272376756725924,0.18418016150924643
0.6274238023374874,0.18423140750926587
0.6274293216560184,0.1842329271356864
0.6286898805193405,0.18457999508304734
0.628819267538267,0.18461561903396356
0.6291524285021667,0.18470734778638107
0.6291529035125795,0.1847074785703482
0.6295088921910376,0.1848054924461862
0.6295705051710924,0.18482245626369648
0.6296691696440659,0.18484962141806477
0.6299284378961761,0.18492100539123246
0.6302323080033166,0.18500466953212924
0.6304387009484966,0.1850614954193746
0.6305036893406393,0.18507938858447745
0.6307981318025343,0.18516045702470604
0.6310930205211543,0.18524164833218817
0.6315184924765832,0.18535879294361962
0.6321474131086389,0.18553195280086354
0.6326997866473322,0.18568403705161055
0.6341751410154579,0.18609024435146312
0.6343529873004106,0.18613921052580074
0.6349773160221334,0.18631110609865462
0.6361664745182064,0.18663851548057833
0.636594668556977,0.18675640955949235
0.6376654902728258,0.18705123743760488
0.6376715524923483,0.1870529065402127
0.6382124278530993,0.1872018250133566
0.638258066153168,0.18721439054408015
0.63828401737516,0.18722153565852928
0.6383968633859805,0.1872526053963121
0.6389466242591874,0.18740397030544492
0.6392577678428306,0.18748963704267682
0.6393271724065263,0.18750874610625187
0.6393284373544545,0.1875090943826345
0.6394444091744633,0.187541024745185
0.6394951168160988,0.18755498601078713
0.6401001988564363,0.18772158242118514
0.6401251439951897,0.18772845053211254
0.6403639341641666,0.18779419630266567
0.6405168198393729,0.18783629010646863
0.6408596813713695,0.1879306897030297
0.6408811696054023,0.18793660602910953
0.6412308410713439,0.1880328805954674
0.6414278006076333,0.18808710919514823
0.6415634984070755,0.18812447068463048
0.6417208837733166,0.1881678033822103
0.6419689771708921,0.1882361105979665
0.6421726027895736,0.18829217456099284
0.6436584647791909,0.18870127490989602
0.6440234809521287,0.1888017743134393
0.6440783454527356,0.18881688008133532
0.6442702951666838,0.18886972933348442
0.6443074232948479,0.1888799517702196
0.6447432733000876,0.18899995375590803
0.6448228698088307,0.18902186895377018
0.6452299873152179,0.1891339600598563
0.6454094324604784,0.18918336644621522
0.6454609568151848,0.18919755257630982
0.6456126719313678,0.18923932409169825
0.6462070214720865,0.18940296553765856
0.6462231521719893,0.1894074067811956
0.646261638725636,0.18941800323136054
0.6467326978539599,0.18954769929674076
0.6472324540605676,0.18968529648942642
0.6472382900620994,0.18968690330774435
0.6473543083308007,0.18971884645894985
0.6477463055129422,0.18982677450684643
0.6479490080912654,0.18988258433043376
0.6481969326699992,0.18995084506552917
0.6482744614240366,0.18997219095131687
0.6484555821879998,0.190022058683481
0.6487501252493181,0.19010315482161108
0.6489865878393415,0.19016825974303522
0.6495635133298547,0.19032710384908905
0.6498945895194372,0.19041825860344586
0.6502302102728488,0.1905106646063447
0.6506310544558304,0.19062102848687965
0.6508723739519715,0.19068747065362077
0.651853163015662,0.19095750996478147
0.6519949177921311,0.19099653911346254
0.6520079728937292,0.1910001335567258
0.6521048560715869,0.19102680826954657
0.6521618246246149,0.19104249334331738
0.6523277234381765,0.1910881700367013
0.6527953424609664,0.191216918942531
0.6531803766602361,0.191322929881879
0.6535407780543641,0.19142215870468574
0.6536219737126612,0.19144451419420686
0.6547092334892779,0.19174386794110287
0.654751364457073,0.19175546780282962
0.6547570146285264,0.19175702345680634
0.6547694026088022,0.19176043422246858
0.655392196504704,0.19193190721382883
0.655723463604708,0.1920231145312909
0.6558583147500361,0.1920602429126541
0.6562809853837781,0.1921766162400178
0.6573783305153755,0.19247874677390361
0.6574067181642823,0.19248656270644207
0.6574241453595003,0.1924913609122606
0.6575272465753611,0.19251974762897833
0.6577872062254176,0.1925913219637968
0.6582023361115505,0.19270561910743716
0.6584817175435798,0.19278254081491666
0.6586605561055965,0.19283178019154093
0.658896264823745,0.192896677550453
0.6589585484775975,0.19291382602366255
0.6594843038525355,0.19305858153179709
0.6596640244010736,0.19310806374456368
0.65993198013898,0.19318183963131097
0.6600991476877338,0.19322786564381972
0.6603622723500999,0.19330031139714757
0.6603962537858099,0.19330966745935405
0.6605228101171011,0.1933445120409162
0.6608932676414705,0.19344650960430512
0.6609163317658189,0.19345285981810964
0.661643478938603,0.1936530642544359
0.662223868330214,0.19381286207164025
0.6623630597172145,0.19385118544580565
0.6630281975880263,0.19403431694585022
0.6631265100298234,0.19406138517595617
0.6636416152193717,0.1942032083831171
0.6639376373206695,0.19428471174330142
0.6645797994760988,0.19446151737106113
0.664904121531033,0.19455081251876502
0.665047821278051,0.19459037717352645
0.665102931970761,0.1946055507251575
0.6656265169871678,0.19474970867144673
0.6659233832862769,0.1948314444634595
0.6660436655645301,0.19486456161858173
0.6667749112902569,0.1950658945038827
0.66721331712516,0.1951866001826559
0.6673417435455375,0.1952219596532877
0.6674399094068814,0.1952489875255981
0.6674437159998404,0.19525003558962997
0.6679183005392717,0.19538070230162752
0.6681968515527628,0.19545739537110696
0.6685260544467604,0.19554803435355303
0.6685685493685283,0.19555973442222926
0.6687387802916838,0.19560660386942133
0.6688174366736447,0.19562826022346258
0.6698652894748323,0.19591676410172346
0.6701473972409384,0.1959944364470346
0.6705293363094041,0.1960995952082526
0.6707998170075502,0.19617406628884854
0.6712671256971312,0.1963027297510603
0.6720645650138651,0.1965222876272188
0.6721603082677904,0.19654864848634268
0.6722454218326599,0.19657208268772064
0.6722903742513885,0.19658445937567307
0.6722940860449608,0.19658548133871953
0.6729872646543305,0.19677633325695074
0.6734725482052468,0.19690994571314396
0.6739033652675234,0.19702856198553148
0.6743475286073648,0.19715085287026293
0.6744305540475664,0.19717371215113264
0.6744702614708955,0.19718464474167702
0.6746185239228153,0.19722546563973725
0.6748406543179164,0.1972866244975402
0.6749120071910875,0.19730626998649778
0.6752888512074615,0.19741002593399357
0.6752953866929237,0.19741182534026513
0.6753985286627413,0.1974402232777141
0.6755997128380071,0.19749561504146484
0.6759476069718467,0.1975914002574066
0.6760996470709528,0.19763326124989866
0.6762310967265173,0.19766945310373862
0.676742014271095,0.19781012333233855
0.6767901571192553,0.19782337843686185
0.6770993368429197,0.1979085044672124
0.677539635696635,0.19802973134826543
0.6775779879004248,0.19804029080806812
0.6776454063621178,0.1980588530408958
0.6783984786190558,0.19826619539517595
0.6784126292687773,0.1982700914742053
0.678929684947597,0.198412451706909
0.6791347818020566,0.1984689207432695
0.6795810008465096,0.19859177762233937
0.6797615856181081,0.1986414977804589
0.6801715497766596,0.19875437265139118
0.6803292058701101,0.19879777988792324
0.6807500841450077,0.19891365972757827
0.6808247092663484,0.1989342061601479
0.6808559138928846,0.19894279768728335
0.6809812840714432,0.19897731568703614
0.6810145718116475,0.19898648075500816
0.6811064062666605,0.19901176540987495
0.682444837052866,0.1993802737272324
0.6825653246712154,0.19941344741836242
0.682622011077957,0.199429054809182
0.6831656937252938,0.1995787462087012
0.6840329819490162,0.1998175354888656
0.6841281547301279,0.19984373928049026
0.6845530774028027,0.1999607326586525
0.6847568281151979,0.20001683106355983
0.6852597117471269,0.2001552893259809
0.6853891499957656,0.2001909273819037
0.6855443207541589,0.20023365033453444
0.6858079603334791,0.20030623785924276
0.6869447207237114,0.20061922054236742
0.6871889362468431,0.20068646006825797
0.687462216001756,0.2007617018093243
0.687686690588577,0.20082350609022667
0.6877632025819334,0.200844572032687
0.6881819609019045,0.20095986818805228
0.6885026137900766,0.2010481531090912
0.689735218314501,0.20138752442656568
0.6898331280264209,0.20141448177360555
0.6900847461656585,0.20148375945166155
0.6913408531435492,0.20182960166749697
0.6924590891275912,0.20213748405120704
0.6925680638714636,0.20216748791835715
0.6931089941474801,0.20231642151124585
0.6932051257225416,0.20234288928629712
0.6939715885430584,0.20255391844612877
0.6939915764121604,0.20255942167878468
0.6945491848634161,0.20271294725084596
0.6946384037927129,0.20273751177659535
0.6952437666328042,0.20290418549920541
0.6953638555952603,0.2029372494289536
0.6955883611591965,0.20299906223874264
0.6956465322146308,0.20301507839585595
0.6957356149392615,0.203039605420561
0.6961956538233218,0.203166267297164
0.6963678858053314,0.20321368769315296
0.6965384451158526,0.20326064755478912
0.6969328785362741,0.20336924636883838
0.6970826591548297,0.2034104852616416
0.6973976163545831,0.20349720199657997
0.6976194749014414,0.2035582860067781
0.6980846605046155,0.20368636492251393
0.6981267711037045,0.20369795917615272
0.6983486586733669,0.2037590511771599
0.6985794247503653,0.2038225876854458
0.6994360948562997,0.20405845349376542
0.7007913076816159,0.2044315823869932
0.7014753876520903,0.20461992918942445
0.7019881945325271,0.20476111960628188
0.7021032382028027,0.20479279442263618
0.7025629679879384,0.20491937119545514
0.7025745138089404,0.20492255009055665
0.7028396529127106,0.20499555047728046
0.7032589291884673,0.20511098924070362
0.7040119267716306,0.2053183110351555
0.7040198033397195,0.2053204796798721
0.704821895108483,0.20554131850928317
0.7050580331770825,0.20560633408066759
0.7052309477896958,0.20565394242440663
0.7053875576708029,0.20569706160872542
0.7053930587886282,0.20569857622397061
0.7055485664861185,0.20574139194558203
0.7055649294016436,0.20574589712472865
0.705652641468549,0.20577004676811733
0.7066799221702821,0.2060528865583785
0.7071592084973741,0.20618484780714053
0.707729308844721,0.20634181275586336
0.7079571156979007,0.2064045345051036
0.7088042032388435,0.2066377619589133
0.7094352619611831,0.2068115104936302
0.7095115905489054,0.20683252593926832
0.7096423777296277,0.20686853539481626
0.7102680172248284,0.20704079186113858
0.7106104299834421,0.2071350678975381
0.7107447716306893,0.20717205599949173
0.7108402095943005,0.20719833280345124
0.7122573144551082,0.20758850234614082
0.7125558083293743,0.20767068625619503
0.7130080862568422,0.20779521131923667
0.713128303999222,0.20782831070578506
0.7132085436246265,0.20785040297207782
0.713214882949012,0.20785214836958843
0.7132357444494514,0.20785789213796535
0.713358769643383,0.20789176449630886
0.7138871155687859,0.208037233257159
0.7139282050413164,0.20804854636541936
0.7142330010667415,0.2081324654381307
0.7146509702515692,0.20824754432199646
0.7146924632050483,0.2082589685201144
0.7150518076223888,0.2083579063269482
0.7154756852320389,0.20847461196933742
0.7154971866495282,0.2084805319252003
0.7159637835098557,0.20860899940043753
0.7165171236617615,0.2087613497874779
0.7165255487663333,0.20876366945999392
0.7170428137870783,0.20890608733052354
0.7172589258781955,0.2089655891769238
0.7177043238391477,0.2090882199881967
0.7178930105435752,0.20914017084039835
0.7183375069677131,0.20926255343277345
0.7185995780776055,0.20933470911293997
0.7186484887478611,0.20934817562087038
0.7191300377801582,0.209480759857161
0.7191382480730211,0.20948302038586306
0.7192244792704464,0.20950676230348367
0.7192326453929494,0.20950901067082092
0.7198254716259046,0.20967223270653862
0.7199766745083809,0.20971386318932136
0.7205620079436136,0.2098750222432924
0.7206037298915633,0.20988650949014473
0.7207930153503199,0.20993862519655673
0.7210871956249082,0.21001962144911274
0.7219930154008011,0.21026901956882416
0.7224849599237351,0.21040446598133047
0.7229785694887859,0.21054037082760513
0.7235527295748796,0.21069845353864328
0.723611675522087,0.21071468304564833
0.7239063099716062,0.21079580434556677
0.7246283534892418,0.21099460359950287
0.7247924165867217,0.2110397748676894
0.7256035781712058,0.21126311087705515
0.7262093665923801,0.2114299017743225
0.7262243710237604,0.21143403292388802
0.7266628842448873,0.21155476816916338
0.7269019816256712,0.21162059852392306
0.7270015434599522,0.2116480107475525
0.7270415034206338,0.21165901286886066
0.7271384981824467,0.21168571830393926
0.7272469380160641,0.21171557489498063
0.7272624173512907,0.2117198367991724
0.7275460346816938,0.21179792477075626
0.7279311591425839,0.21190396056171287
0.7279560167895823,0.211910804583655
0.7282205670365127,0.2119836428412307
0.7287752596397172,0.21213636559683696
0.7289439087321772,0.21218279952074756
0.7289545581881358,0.2121857316208878
0.7298123308145847,0.2124219009846726
0.7303230241094806,0.2125625094709145
0.7305842435360191,0.21263443065826834
0.7306695583976233,0.2126579202824008
0.7307688084990154,0.21268524667704045
0.7308526181321349,0.2127083218686734
0.7308649197826169,0.21271170886527163
0.7311414922058798,0.21278785717221027
0.7313573827876482,0.21284729803074454
0.7313824669782504,0.21285420442662722
0.7335318738148116,0.21344599767049263
0.7335515862471091,0.21345142506751016
0.733653533962044,0.2134794941923961
0.7336837728702247,0.2134878198296177
0.7338797398917447,0.2135417751615647
0.7341802483297635,0.21362451373870112
0.7341961267430349,0.213628885520505
0.7342959725576355,0.21365637593204725
0.7348892931303705,0.21381973407366042
0.7352507543857916,0.21391925470662695
0.7353085564050512,0.21393516925751496
0.7356426405360751,0.21402715218427393
0.7357623473646961,0.21406059259603302
0.7361445017032009,0.21416955469448387
0.7368026795759519,0.21435721825065196
0.7368456787755252,0.2143694784359885
0.7368580919464295,0.21437301775247372
0.7369751906006914,0.21440640561127466
0.7371823159169704,0.2144654624028117
0.7374836624940202,0.21455138411581592
0.7379392814719865,0.21468129288547033
0.7383990614920465,0.21481238807598302
0.7391754824443871,0.21503376579624986
0.7395968001106644,0.21515389437365037
0.7404264280676888,0.21539044278883934
0.7404349137272305,0.21539286227012533
0.7404962591338135,0.21541035343418696
0.7406959052436851,0.21546727771029034
0.7411456693095599,0.2155955170928845
0.7425237689096089,0.21598844897711522
0.7427113815059078,0.2160419421868706
0.7429536653989853,0.21611102359914458
0.7430793062724522,0.21614684706585632
0.7444377715035622,0.21653418068303693
0.7449768725102458,0.21668789234098923
0.7449938425004013,0.21669273092464963
0.7452130821843646,0.21675524183613587
0.7453092077193796,0.21678264971550448
0.7453404535167327,0.2167915587014934
0.7454144736062513,0.2168126637458926
0.7456760394747156,0.2168872429486893
0.7464209596694487,0.21709963898719606
0.7465346189982324,0.2171320462052358
0.7466209689697465,0.2171566668182954
0.7472772957288603,0.21734380257402783
0.7475943630231865,0.21743420667064253
0.7476616679057023,0.21745339703562333
0.7479088026569946,0.2175238615531957
0.7479197504758777,0.21752698305987186
0.7484847518297595,0.21768807957754435
0.7496722720591709,0.21802667234782608
0.7500772791179628,0.21814215034864134
0.7502007024556049,0.21817734153846258
0.75101040515588,0.21840820874695355
0.7510676109035275,0.21842451958704892
0.7513389326092603,0.21850188043169505
0.7514450255664218,0.2185321302812413
0.7516307638036009,0.21858508906267182
0.7518228270482424,0.2186398512675268
0.751937923681393,0.21867266829826315
0.7524076611281079,0.21880660260897972
0.7527677818587103,0.21890928235521956
0.753038586045787,0.21898649564189476
0.7533962501756435,0.21908847494764402
0.7534509171200018,0.2191040619091749
0.753595757872906,0.21914535975872818
0.7540593714035986,0.21927754798239754
0.7540654644196474,0.2192792852590621
0.7547981689374741,0.2194881982917369
0.7548695205014595,0.21950854247040041
0.7554022640770734,0.21966044146011815
0.7554104355825437,0.21966277136794285
0.7555219169218832,0.21969455758478942
0.755613307691381,0.21972061545989433
0.756012256894457,0.21983436620916627
0.7566689280969283,0.22002160017461975
0.7571763129910078,0.22016626874752543
0.7572978861289286,0.220200932397492
0.757333656520231,0.22021113146238797
0.7574981886591349,0.22025804383603198
0.7575601454306988,0.22027570931608176
0.7579492747188948,0.22038666015331798
0.7581703806834719,0.22044970318973767
0.7585643905710551,0.22056204561225068
0.7586024494446029,0.22057289718269918
0.7586651382869872,0.22059077139509814
0.7587871668134772,0.22062556488813884
0.7589176303282592,0.22066276341477986
0.7589651508881503,0.22067631275703153
0.7592915132125204,0.2207693671074225
0.7595439384780279,0.22084134008760464
0.7601729182180812,0.22102067850000484
0.760440977395994,0.22109710911348074
0.7614740811312903,0.22139167374240992
0.7615185984605869,0.22140436678584496
0.7615266572930336,0.22140666456767283
0.7619665557753776,0.22153209101691623
0.7619770030072645,0.22153506979327625
0.762075411057798,0.22156312847692883
0.7625805150120744,0.22170714669482777
0.7627021606900992,0.2217418310278565
0.7633706303427431,0.22193242903699534
0.7635545025453526,0.22198485576364602
0.763956718597563,0.22209953797620685
0.7645199216758867,0.22226012175894821
0.7646184790080868,0.22228822300666995
0.7650194490681186,0.2224025499545937
0.7652973095184605,0.2224817751646599
0.7667490825344278,0.22289571324766866
0.7668539872599132,0.22292562430159263
0.7669559818439565,0.2229547055988284
0.7672555266991141,0.2230401135942625
0.7672834763321968,0.2230480827584581
0.7675216704076293,0.22311599805780874
0.7675709590708188,0.2231300515320987
0.767696177585022,0.2231657545732466
0.7677551134082854,0.22318255870270337
0.767876227163083,0.22321709137064505
0.7690794153036905,0.22356015146815617
0.7691162027270955,0.2235706405152425
0.7695014346940696,0.2236804801252706
0.7696629473748925,0.22372653157322153
0.7696862139647571,0.2237331654805202
0.7697562861424807,0.22375314487302866
0.7702162023699196,0.2238842788997923
0.7704837370864732,0.22396055997575287
0.7705635147888585,0.22398330666468363
0.7709694709616306,0.22409905528247342
0.7713718706995045,0.22421378986857393
0.7716802704589381,0.22430172262652998
0.7719532381256622,0.22437955277727978
0.7721491781975157,0.22443542036597003
0.7722693549265112,0.2244696858635895
0.772557493100881,0.22455184151893548
0.7728537871521584,0.22463632262599814
0.7731431414547492,0.2247188250309936
0.7732344219289533,0.22474485145805395
0.7735469140777032,0.22483395106218357
0.7742822892997522,0.22504362558179458
0.7747125483107763,0.22516630356813377
0.775077036646507,0.22527022863170232
0.7751310912129691,0.22528564098843645
0.7754118550656594,0.22536569403370094
0.7756156767947973,0.22542380888699198
0.7759637786044633,0.22552306172762215
0.7760814108975592,0.2255566017406741
0.7769061652000966,0.22579176055075723
0.7769801675860368,0.22581286054740768
0.7770749283699462,0.22583987930089344
0.7774713756381351,0.2259529166837373
0.777612078308909,0.22599303465891246
0.7776434635528292,0.22600198340472888
0.7777955488768703,0.2260453468691238
0.7779576211629647,0.2260915578750296
0.7780717412024662,0.2261240964536259
0.7781650917129457,0.22615071310163554
0.779027448364009,0.22639659331506068
0.779733180788607,0.22659781590546735
0.7799775064819294,0.22666747948786714
0.7800034325423288,0.22667487167908695
0.7804263863954004,0.22679546677571422
0.7807401767738802,0.22688493653875974
0.7810372429303128,0.22696963779299723
0.7816450474985377,0.22714293861554175
0.7817378156008934,0.22716938920391283
0.7817899846136187,0.22718426394044688
0.7820039686437388,0.22724527632891833
0.782361072804229,0.22734709597289982
0.7826443073085384,0.22742785346492256
0.7829726749103976,0.22752147957185576
0.7832973924939994,0.2276140649640604
0.7834950778105035,0.22767043016719668
0.7837444155457387,0.22774152281254118
0.7839450340100516,0.2277987243320766
0.7852797271215022,0.22817927990232234
0.7853463114162557,0.2281982648090714
0.7861142590187482,0.22841722655786456
0.786275429672719,0.2284631804851026
0.7863355625404672,0.22848032592294143
0.7864369365951938,0.22850923029119935
0.7865601143591305,0.22854435146159768
0.786562892487373,0.22854514357790395
0.7866626569444222,0.2285735890081807
0.78682396293165,0.22861958152243506
0.7871298377666082,0.22870679435903601
0.7877927368419503,0.22889580405232657
0.7878019126309803,0.2288984203074016
0.7879867088004872,0.22895111048094247
0.7883884625421514,0.22906566087679436
0.788544868182982,0.22911025617538794
0.7889100218260057,0.2292143709352949
0.788957832182936,0.2292280029061871
0.7890820639110684,0.22926342458907162
0.7891060905905336,0.22927027521759935
0.7891564289477386,0.22928462798683674
0.7893104205071377,0.22932853496829742
0.7894506025839096,0.22936850450864077
0.789709798813461,0.22944240806601757
0.7899581023262348,0.22951320582775553
0.7900918397243211,0.2295513378233096
0.7908544824306379,0.2297687870088237
0.7910558110497563,0.2298261910118849
0.7911737101847576,0.22985980710847437
0.7913150505057157,0.22990010689422996
0.7917585482873121,0.23002655959690016
0.7921437483346981,0.23013639010582704
0.7921480423360896,0.23013761443682418
0.7922040100391388,0.23015357227834327
0.7922985996880307,0.2301805422368039
0.7923592903040578,0.23019784670312088
0.792363353535277,0.23019900523556597
0.7924187977052267,0.2302148138042407
0.7927056789634334,0.23029661108023836
0.7929496651489426,0.2303661778601685
0.7944811163509746,0.2308028342574278
0.7944920750183595,0.23080595885729277
0.7946342494001176,0.2308464964553819
0.7948768366871559,0.2309156643731311
0.7951498078343672,0.23099349551625792
0.7953745822362263,0.23105758451914732
0.7958710716839745,0.23119914651814755
0.7965180710768545,0.23138362280021857
0.7965239551058949,0.23138530048927497
0.7970147546417321,0.23152524014703946
0.7970241442941657,0.23152791738010942
0.79738821160009,0.23163172239717683
0.7991077680181401,0.2321220124628307
0.7993948151948476,0.23220385704648977
0.7999800382720792,0.2323707193011656
0.8003489864217792,0.23247591597319145
0.8004748545650933,0.23251180424042195
0.8005512121468815,0.2325335757644006
0.8007404056266199,0.23258751972496416
0.8009811808821741,0.23265617098561164
0.8011019670908089,0.23269061026165994
0.8011918516015136,0.2327162386633756
0.8016705331396541,0.23285272316618022
0.8019739421449458,0.2329392329308863
0.8025079560250609,0.2330914941173141
0.8036045670576197,0.23340416632132327
0.803625610533431,0.23341016636123407
0.8040059978757111,0.23351862464330203
0.8048163446185221,0.23374967548499848
0.8048952329287711,0.23377216858519884
0.8049893845353036,0.2337990136464388
0.805077163701958,0.23382404176004434
0.8051566407861352,0.2338467027349389
0.8054677559206017,0.23393540971663634
0.8054957385290066,0.2339433882829502
0.8056522471629277,0.23398801294754112
0.8057652119457926,0.23402022213255314
0.8061103214410592,0.23411862178685683
0.8061278559746051,0.23412362133645764
0.8063656000756765,0.23419140833646496
0.8066060431851988,0.23425996489367734
0.8070361469052498,0.23438259860253863
0.8072949187250359,0.2344563811497004
0.8073574812808564,0.23447421935452972
0.8073962662238052,0.23448527794616725
0.8074519331358143,0.23450115002437144
0.8074910052341365,0.23451229049144218
0.807688447153329,0.2345685862957016
0.8081167427355148,0.2346907044576328
0.8081333815780121,0.23469544862252018
0.8083212735155639,0.23474902147970067
0.8085021706539051,0.23480059993848396
0.8085041029146558,0.23480115087606335
0.8094570395274245,0.23507285778229442
0.8097619783009107,0.23515980372352874
0.8098302752661433,0.23517927695698387
0.8099681730035583,0.23521859517301974
0.8100360457186495,0.2352379474417728
0.810918013188193,0.23548941920740257
0.8109586497622437,0.23550100574701832
0.8117180022141952,0.235717516795806
0.811908813507445,0.23577192203689779
0.812219311447443,0.23586045304046888
0.8122948425300438,0.2358819889081255
0.8128012084920718,0.23602636695711632
0.8128913164404673,0.2360520590667039
0.8138566602375511,0.23632730358248877
0.8140128714049691,0.23637184343167617
0.8140354002264684,0.23637826698210812
0.8142874738258568,0.23645013969317258
0.8148252750008055,0.23660348073543602
0.8150427246836038,0.23666548127123493
0.8152685058126597,0.23672985731811902
0.815646201808683,0.236837548227672
0.8156803132091739,0.23684727427132524
0.8164720967408542,0.23707303226080223
0.816994558455226,0.23722199962561336
0.817248495248892,0.23729440358161707
0.8173193416192297,0.23731460371648888
0.8175584421323219,0.23738277746469005
0.8180588147748195,0.2375254466630754
0.8181064365650917,0.23753902486873013
0.8181808497514489,0.23756024199521775
0.818537070199161,0.23766180966980094
0.8186960396272392,0.2377071359705326
0.8190454647926004,0.23780676613414203
0.8195136285607663,0.23794025174835132
0.8196017795669768,0.23796538588304356
0.8196683130750516,0.23798435630919523
0.820087968488988,0.23810401093540656
0.8206643468619598,0.23826835133584895
0.8209994716981478,0.23836390410527963
0.8211949701676107,0.23841964578169222
0.821382715250069,0.2384731767666825
0.8214172687938986,0.2384830288768518
0.8218333127249393,0.23860165377576387
0.8221108988884207,0.238680800779543
0.8230154695921617,0.23893871731259209
0.8230731088667941,0.2389551517624578
0.8235465059951983,0.23909012954319792
0.8240047779783706,0.23922079475334052
0.8243274708178537,0.23931280283856277
0.8246856942725994,0.23941494162232257
0.824782156072748,0.23944244537958898
0.8248459306093836,0.23946062915153493
0.8248468852686246,0.23946090134960712
0.8250404890539176,0.23951610280249686
0.8251307799684576,0.23954184708047044
0.8251338209053092,0.23954271413031714
0.8256683642188212,0.23969512627191708
0.825775214103723,0.23972559194116377
0.8259565657055655,0.2397772999792604
0.8260108415776242,0.23979277543595123
0.8260531036520316,0.2398048254478139
0.8263294166875579,0.23988360944984322
0.8265287896154334,0.23994045583468498
0.8273755741067923,0.2401818960221107
0.827558037429105,0.24023392104050334
0.8278614664639582,0.2403204365161561
0.8284180793577428,0.24047914126662134
0.8286034971539388,0.24053200868202912
0.8287529293813847,0.2405746156798782
0.8296856723312114,0.2408405648498551
0.829709645445549,0.24084740020557777
0.8312989850724404,0.24130056209188472
0.8313704452918453,0.24132093725102222
0.8316831775568359,0.24141010531851032
0.8319273129887886,0.24147971465246648
0.8322823530278196,0.24158094576196615
0.8323926758401422,0.241612401652758
0.832536769418118,0.24165348646338963
0.8333556869870604,0.24188698106957246
0.8338249073410577,0.24202076794376437
0.8341459342320238,0.24211230102392167
0.835164615581427,0.2424027534571403
0.8352564368520924,0.24242893407927663
0.8353303512723944,0.24245000899464558
0.8353775793640635,0.24246347494663306
0.8356882149434353,0.24255204519475393
0.83590635994873,0.2426142439850031
0.8365908114610676,0.24280939883621844
0.8366356286070777,0.24282217736516298
0.8367420197879571,0.24285251224601406
0.8381039847473901,0.24324084372637106
0.8381769160858763,0.24326163833965575
0.8386689315562279,0.2434019246918389
0.8391125385839793,0.243528408543417
0.839413032272385,0.24361408707578186
0.8400976107280496,0.24380927812182712
0.840486005553079,0.2439200195445942
0.8407334516512712,0.24399057283523073
0.840917649105258,0.2440430922994719
0.8409789239910394,0.2440605633562265
0.841422072005696,0.24418691633128436
0.8414933276474031,0.2442072331600223
0.8415277452665796,0.24421704651455306
0.8417102146004336,0.24426907324699165
0.8420271067289338,0.24435942739929312
0.8422963802222128,0.2444362042455267
0.8423625106885032,0.2444550597540281
0.8427177261139884,0.24455634087074773
0.84283613186936,0.24459010141792464
0.8428684858490884,0.24459932637540704
0.8428967782087735,0.2446073932598326
0.8431725584260737,0.24468602534158734
0.8432296336868287,0.2447022989764906
0.8432560287915891,0.2447098249044044
0.8434047387593948,0.24475222596732588
0.8436057880629207,0.2448095503302783
0.8436562509532262,0.24482393860712764
0.8438078467591583,0.24486716249723267
0.844505919448693,0.24506620109881072
0.8450420708054296,0.24521907173517682
0.8450880291901282,0.24523217566082572
0.8461225626149473,0.24552714793126212
0.8462006387620389,0.24554940946271386
0.8464892034890757,0.2456316867392715
0.8466933558034322,0.2456898958509694
0.8467602252249001,0.24570896205472847
0.8470129479541291,0.24578101984952094
0.8474523158197589,0.24590629500619776
0.8477217813275671,0.24598312660074617
0.8481492594552096,0.2461050116852176
0.8481558053048766,0.24610687807647363
0.8485325467108902,0.2462142968076942
0.8486050045520449,0.24623495641462767
0.8486283709838287,0.24624161878944306
0.8489877151835538,0.2463440771266202
0.8493533801925095,0.24644833769019714
0.8494691604463243,0.24648134963888824
0.8495295924709437,0.24649858037409844
0.8496154775331377,0.24652306842947108
0.8498177521165379,0.24658074215144632
0.8498560344190311,0.24659165742727324
0.8498608898398999,0.2465930418335024
0.850191277543821,0.2466872439238475
0.8502695686139439,0.24670956673542138
0.8509725330433882,0.24691000009872743
0.851217056889804,0.24697972017970576
0.85129469692669,0.24700185736484426
0.8517526721960189,0.24713243797418627
0.8522190252712497,0.2472654073129486
0.85231111515302,0.24729166452306706
0.8528066211502218,0.2474329461148484
0.853482194984042,0.24762556971001576
0.8537872913225948,0.24771256057713098
0.8538471095480449,0.24772961630230245
0.8540255565245436,0.24778049615649334
0.8540471523990937,0.24778665369958985
0.8545773393014224,0.24793782371554451
0.8546655860369785,0.24796298514515241
0.854979729843468,0.2480525556796761
0.8552948106783653,0.2481423933852649
0.855557288899534,0.24821723272344454
0.8565111136910997,0.2484891928724518
0.8569277673946833,0.248607991633307
0.8570260807119916,0.24863602330606377
0.8577258976916637,0.24883555924993128
0.8579514787267635,0.24889987824484677
0.8579952678113072,0.2489123636468436
0.858910036551958,0.24917318790431142
0.8592741418689669,0.24927700375932338
0.8595764163978414,0.2493631900554239
0.8609941689330659,0.24976742801835417
0.862013612109,0.2500580976680455
0.862811631042049,0.250285633531929
0.8628196980400634,0.2502879336419717
0.8629246900791551,0.250317869591266
0.8630552102650629,0.2503550842763128
0.8634038707812347,0.25045449641863643
0.8635023032685318,0.2504825620698433
0.8638935685593363,0.2505941219367385
0.8639960353034897,0.2506233378590491
0.8642053630341207,0.25068302261595315
0.8642560905361634,0.2506974863404613
0.8644169473468062,0.25074335078283905
0.8652917332848112,0.25099277490784916
0.8654612146495535,0.2510410984339483
0.8659081911943576,0.2511685430220975
0.8661254055836587,0.25123047646962704
0.8663749191970984,0.2513016192624024
0.8664048381460752,0.2513101499295583
0.8670747816202726,0.2515011681633893
0.8671531955064502,0.2515235259930008
0.867256851610054,0.25155308103249113
0.8675999132990485,0.25165089680419533
0.8681919933305152,0.2518197141540962
0.8682235333486211,0.251828707030041
0.8682772484785495,0.2518440226046293
0.86869045492883,0.25196183846429515
0.868864021268677,0.2520113267225841
0.8690818997118274,0.25207344950906296
0.8693211398591287,0.2521416630705931
0.8696718948100427,0.25224167239050094
0.8697417508045204,0.25226159014356747
0.8699582928361342,0.2523233318845085
0.8699638319164925,0.2523249112197626
0.8715044433085297,0.2527641794244114
0.8716472189629854,0.2528048884609175
0.8720080123279902,0.2529077599926445
0.8722966931399989,0.2529900703680338
0.873352995573158,0.25329124954649374
0.873920902088718,0.25345317440099474
0.8745011794994516,0.25361862651807554
0.8745108327413024,0.25362137890731434
0.874624930022986,0.25365391099706763
0.875893415227969,0.25401558897861204
0.8765910368167278,0.2542144989596767
0.8766474926623821,0.254230595983294
0.8767625564542593,0.25426340365013267
0.8767689394526982,0.2542652236082863
0.8774661939418268,0.2544640289197398
0.8774999818031991,0.2544736627140117
0.8775845867635468,0.2544977857791977
0.8782776712325888,0.25469540210993463
0.8789370233637225,0.25488340047757707
0.8797073176242481,0.25510303131934625
0.8798969551424279,0.25515710188676877
0.8799454573971748,0.25517093113564626
0.8800364414940255,0.25519687305784794
0.8805201564193911,0.2553347927096988
0.8806114130756784,0.25536081234565405
0.8806687448861634,0.25537715912952913
0.8807348002017917,0.2553959932106306
0.8809416826524121,0.25545498075487905
0.88125299916476,0.2555437451546253
0.8818720686249671,0.2557202578895978
0.882134551074127,0.25579509843328724
0.8822613615979769,0.25583125539761314
0.8824888680625926,0.2558961233823459
0.8827575934065455,0.25597274393701136
0.8830464137116439,0.2560550940854929
0.8832675713307435,0.25611815184995473
0.8833542143898773,0.2561428560298846
0.883679189328521,0.25623551480067625
0.883743469076065,0.25625384262133555
0.8843857825685991,0.25643698283186855
0.8848194158417656,0.2565606229077269
0.8849794075744325,0.256606240693971
0.8862728734085549,0.25697504129979937
0.8864180689097838,0.2570164402972867
0.8864184779896482,0.2570165569365499
0.8868942040540923,0.2571521987572667
0.8872214423779621,0.25724550287780057
0.8873588935726179,0.25728469377293184
0.8874324678792562,0.2573056717130875
0.8881943293629583,0.25752289815180296
0.8892010307397911,0.25780993478459974
0.8897824934356445,0.2579757248571632
0.8899152770150781,0.2580135848943186
0.8899853565124553,0.25803356637384967
0.8911611946507588,0.2583688282774289
0.8921420895701658,0.258648506820911
0.8922507840986557,0.25867949844581506
0.8925623946023344,0.25876834667010323
0.8929020665824497,0.2588651959480236
0.8930751822652732,0.2589145557123246
0.8931923692697827,0.2589479687620691
0.893717031325597,0.25909756350120716
0.8938692278083001,0.2591409586598152
0.8940037413128376,0.2591793119434171
0.8941503891056543,0.2592211250268457
0.8947503898670172,0.25939220078196074
0.8949765789829609,0.25945669315647213
0.8953705385732333,0.25956902123791925
0.8960717887816766,0.25976896583242537
0.8968720188579556,0.25999713215050524
0.8970585840187928,0.26005032670928535
0.89784628345231,0.26027492021661125
0.8978525040203619,0.26027669386165514
0.8981891457555163,0.2603726791382638
0.8989323824768134,0.2605845951748974
0.8989603174469898,0.2605925601583186
0.8990511826985763,0.2606184681946579
0.8994696698677609,0.26073778972403655
0.8995660596835247,0.26076527295669066
0.8996871897814501,0.2607998102844813
0.8998070322189198,0.2608339804669297
0.8998945411524555,0.26085893153007494
0.9006234348752598,0.2610667580064017
0.901139640537527,0.26121394160874656
0.9011547271140827,0.2612182431824155
0.9015352366359476,0.26132673630104686
0.9021221008603512,0.26149406648928175
0.9031803893697354,0.2617958119495064
0.9036851457558547,0.2619397310667228
0.9037042203924884,0.2619451697395975
0.9037103170493552,0.2619469080543537
0.9037755941025182,0.26196552023267194
0.9040534726427983,0.2620447506006481
0.9044516788453624,0.26215828950123277
0.9049972432109804,0.26231384403019714
0.9059495302259976,0.2625853657192868
0.906427521538854,0.2627216534209884
0.9070235893488479,0.2628916077898178
0.9070576600467899,0.2629013222281204
0.9072184432004607,0.26294716566898785
0.9082862427217081,0.26325162296499865
0.9083090937750916,0.2632581383920856
0.9088241427105278,0.2634049921816556
0.9092878734773293,0.2635372138323755
0.9094244906780257,0.2635761669342313
0.9102679328511353,0.26381665414016897
0.9103720699023304,0.2638463463102726
0.9107408876795371,0.26395150580972426
0.9110884865467662,0.2640506152484411
0.9112611977718901,0.2640998596913778
0.9118117680598191,0.26425684153842993
0.9120606422190415,0.26432780200624806
0.9122377146966263,0.26437828995520357
0.9125513342558345,0.26446771101325117
0.913086212237312,0.2646202185773547
0.9139307992755853,0.264861032213999
0.9140063192747877,0.2648825649214915
0.9140321628704354,0.2648899335998751
0.9149504084359881,0.26515174919016066
0.9153079302182596,0.2652536879089272
0.9153344543753199,0.2652612506329936
0.9155461380946873,0.2653216071432989
0.9158592975349764,0.2654108970095271
0.9160837621999086,0.26547489769839727
0.9163070098118796,0.26553855137395077
0.9169762359099212,0.26572936506526207
0.9173593364422872,0.26583859694808604
0.9174905529658027,0.2658760101770178
0.9176073142305765,0.2659093018373382
0.9179617674573972,0.26601036563148006
0.9180286318354638,0.26602943039723487
0.9181104219017275,0.2660527508632209
0.918303573351829,0.26610782334363353
0.9189055246013664,0.26627945523343843
0.9189369021120374,0.26628840177430524
0.9190123020260824,0.2663099002424098
0.9192657910622173,0.26638217653114593
0.9195104935674461,0.2664519475523784
0.9195234110180366,0.2664556306520614
0.9197559845028133,0.26652194337546115
0.9198141729623224,0.26653853441215736
0.9200053246019562,0.26659303669481715
0.9201197284403564,0.26662565619182893
0.9201735371611892,0.2666409984516077
0.9204004075429738,0.26670568507265274
0.920904676832573,0.26684946530603715
0.9215318027963795,0.26702827515882266
0.9220110446942824,0.2671649194347071
0.9227262748045559,0.26736885006125866
0.922915524939516,0.2674228101756931
0.923398259952614,0.26756045042917986
0.9236316400416577,0.2676269931363447
0.9239530479360912,0.2677186348504572
0.9243589681874931,0.26783437322613435
0.9246976865451616,0.2679309506015994
0.924750642607429,0.26794604974634
0.9250957410951116,0.26804444626209667
0.9253198109890219,0.26810833439152526
0.9255886941883237,0.2681849999548387
0.9256162182547738,0.26819284777896657
0.9261388936509889,0.2683418760700049
0.926216662649891,0.2683640500255537
0.9265375184185293,0.26845553431430386
0.9266993293392621,0.26850167079817644
0.9274856447727291,0.2687258696912471
0.9275422850123739,0.26874201929036623
0.9279638891529726,0.2688622295490144
0.9285478700004681,0.2690287376118229
0.9303859602654371,0.26955282474687087
0.930952335762267,0.2697143130682837
0.9325076453835882,0.27015777211873726
0.9341277672763524,0.27061971082620423
0.9342583617140746,0.270656946682366
0.9342688245071527,0.2706599298956247
0.9346960803873745,0.27078175161160095
0.9350652481649678,0.2708870109052266
0.9351014233035778,0.27089732537406175
0.9351431154999921,0.2709092128989505
0.9351859460446955,0.2709214249964159
0.9356621156483417,0.27105719328164546
0.9368358291340261,0.2713918493917413
0.9372313970560966,0.2715046360502347
0.9373177438642025,0.2715292557613246
0.9376337985524148,0.27161937113771306
0.9376435884519169,0.2716221624915874
0.9378893941130239,0.27169224805112896
0.9386422201083078,0.27190689823810693
0.9388355927549908,0.2719620337873931
0.9388722460959543,0.27197248460410306
0.9391075787048024,0.27203958402522804
0.9392530360633511,0.27208105768501833
0.9393201620296625,0.27210019703635596
0.9394693337195195,0.27214272974819126
0.9403082739808448,0.2723819333424947
0.9403987957533241,0.27240774344404534
0.9409339369530239,0.2725603260584805
0.9410932021115068,0.27260573667960897
0.9413677655280797,0.27268402181996537
0.9421528572968563,0.2729078718145436
0.9431398044288607,0.2731892760005697
0.94344795948877,0.2732771389883546
0.9436333743362506,0.27333000556300735
0.9442683194618406,0.27351104486130806
0.9446738925677772,0.273626684256823
0.9454488264898437,0.27384763798624945
0.9454664668031898,0.2738526676964107
0.9454996673992817,0.27386213404614285
0.9456297197562773,0.27389921534105166
0.9463025827915257,0.2740910660173453
0.9463598708970576,0.27410740033980635
0.9469527744616291,0.2742764525003221
0.9470446359557098,0.27430264459119574
0.947649283848329,0.2744750453637775
0.9482981630773397,0.2746600576358109
0.9491872577599427,0.27491356155445545
0.9499827642089543,0.2751403810440748
0.9499884475580713,0.2751420015140882
0.9501795445537016,0.2751964882163273
0.9506672312154874,0.2753355403130865
0.9507056264307601,0.2753464877832709
0.9508717398979799,0.27539385103456887
0.9510052327649049,0.2754319133079562
0.9510121468237845,0.27543388468519425
0.9513663157003189,0.27553486740370575
0.9519926352954838,0.2757134473399092
0.9526859159333916,0.2759111196034699
0.9529421735955939,0.2759841852991964
0.9529735762568504,0.2759931390111464
0.9530542224291747,0.2760161333233472
0.955343124694629,0.276668758634285
0.9554403636083914,0.27669648396676744
0.9557794048764923,0.2767931534123591
0.956018111519796,0.27686121485808357
0.9562141359987675,0.27691710651342893
0.9564668666030018,0.2769891665535894
0.9567023515676492,0.2770563094152982
0.9570627035974753,0.2771590551109366
0.9571575083126539,0.27718608639036496
0.9573134320984262,0.277230544299603
0.9577247218929649,0.2773478136710819
0.9577405358906936,0.2773523226513649
0.9578949143448102,0.27739633994652874
0.9581976745325578,0.2774826647165509
0.9583560750472657,0.2775278288053476
0.9596428706421521,0.2778947275532325
0.9597761040973095,0.2779327158616071
0.960307959556724,0.27808436162639716
0.9607656726055729,0.27821486746988966
0.960985993730074,0.27827768672807895
0.9610246764567552,0.2782887161752115
0.9610744519484067,0.27830290845690314
0.9612515352471942,0.27835339949126375
0.9613262518517975,0.278374703130151
0.9615545598445392,0.27843979965130944
0.9616238255001386,0.27845954908347387
0.9616426263538981,0.27846490969376114
0.9619148779788769,0.27854253568246623
0.9622092470283027,0.27862646792164986
0.9622735380254572,0.27864479894986444
0.9630782147294982,0.2788742331166722
0.9632382216176408,0.27891985522413504
0.9646812743424671,0.2793313069263126
0.9646929173673591,0.2793346266542253
0.9651702212937835,0.2794707183642542
0.966178839857484,0.2797583016366758
0.9667163113589937,0.27991154868050416
0.9667998037809724,0.27993535453219004
0.9671345701035645,0.2800308050801102
0.9672173655284217,0.28005441219986676
0.9685126791631087,0.2804237396614879
0.9688388220922124,0.28051673145660694
0.9688792878184042,0.28052826928307373
0.9692337868819814,0.2806293461464619
0.9693267615818424,0.28065585564113177
0.9694905903857047,0.28070256747574135
0.9695204429145533,0.2807110792047986
0.9701426251673541,0.2808884794775505
0.9701962741358379,0.2809037761877975
0.9704744916326457,0.28098310320105735
0.9708959676087929,0.2811032769167016
0.9716295731481239,0.2813124468539407
0.9717213427915065,0.2813386127558016
0.9719148663119869,0.28139379132311465
0.9720988312914862,0.2814462445028591
0.972169298561486,0.28146633654640707
0.9723159836187182,0.2815081602548856
0.9738592316024903,0.281948180220117
0.9741872966507675,0.2820417200611888
0.9749247745865482,0.2822519941189382
0.9749757443471079,0.28226652691762316
0.9751092555586548,0.2823045944215374
0.9751487786273954,0.2823158634719533
0.9752194084177346,0.28233600185425867
0.9758727536759843,0.28252228750688363
0.9763714240150668,0.28266447133448114
0.9763985237437226,0.282672198168915
0.9767014572700042,0.28275857236224206
0.9769922457300579,0.28284148368267004
0.9771668264472136,0.2828912611661988
0.9773158064018899,0.2829337392093688
0.9773780076446518,0.2829514743944885
0.977487674836956,0.2829827433510347
0.977510329070227,0.2829892026596105
0.9776746110461005,0.2830360437052961
0.9777176057012983,0.28304830259491337
0.9777829519463792,0.2830669345016392
0.9779025179661225,0.2831010258702356
0.978221576066321,0.2831919975971598
0.9787559985541691,0.28334437528823386
0.9788328239272879,0.28336628019163507
0.9792495357965326,0.28348509553702655
0.9796390548730037,0.2835961575129942
0.9796450552055985,0.2835978683632059
0.9797112767385016,0.2836167498371569
0.9798038379781261,0.28364314144360614
0.9803582605843808,0.2838012216863753
0.9811721872837361,0.2840332932663918
0.9812542558211339,0.28405669313170967
0.9822444987036976,0.2843390370215693
0.9822961052452288,0.28435375138299995
0.982408478708004,0.284385791967341
0.9825831291582252,0.2844355893335726
0.9828070193294335,0.28449942621940466
0.9830847627126166,0.2845786180505924
0.9836207078963619,0.2847314299016995
0.983841989038084,0.2847945228856598
0.9840142707565059,0.284843644865113
0.9842543411304809,0.28491209514576804
0.9844408629477582,0.28496527734617677
0.9848083721550175,0.2850700637384486
0.985081647774178,0.28514798169441297
0.9851483748679679,0.28516700731686523
0.9863510884103801,0.28550993209414055
0.9865159791526324,0.2855569467148858
0.9865552745512133,0.2855681508506429
0.9865886345899326,0.28557766266159734
0.9867357115689702,0.28561959811713195
0.9867748635842087,0.2856307613705852
0.986803194368488,0.2856388392108576
0.9870179631825655,0.28570007536155845
0.9871101469110781,0.2857263593298135
0.987889239140345,0.28594849870030925
0.9880478253912128,0.2859937157472951
0.9884512681389288,0.28610874772251205
0.9884782155827718,0.28611643113660207
0.9885592676579279,0.2861395411822118
0.9888421344885644,0.2862201938409488
0.9888824350196734,0.2862316845660196
0.9894453087397636,0.2863921744401992
0.9898631498148409,0.28651131175141636
0.989869092286364,0.28651300610393815
0.9898696515324498,0.2865131655594798
0.9899380801949969,0.28653267634324986
0.9907917036575616,0.2867760664984731
0.9909899702103554,0.2868325974271276
0.9916548118672187,0.2870221610007163
0.9920018832348165,0.2871211200356278
0.9931614811107737,0.28745175141984247
0.9936633830877141,0.2875948566710822
0.9939390767818166,0.28767346408283273
0.9941825161882676,0.2877428749618937
0.9944134124489303,0.28780870946526393
0.9953962567701763,0.28808894383369354
0.9954208065372019,0.28809594360803087
0.9955628819620991,0.28813645299095625
0.9959844686846872,0.2882566582832785
0.9968455242538501,0.28850216752456026
0.9974550230464421,0.28867595141434665
0.9974574894859953,0.28867665466013603
0.9974810363555587,0.28868336848243525
0.9982074844397106,0.28889049764384817
0.9988068176930546,0.2890613830751408
0.9998860375503268,0.28936909660470156
1.000021635698407,0.2894077591482662
1.0002448817608054,0.28947141238199625
1.0004582704744867,0.2895322550303342
1.0005507104986067,0.2895586120751041
1.0008584441689334,0.28964635491380636
1.0014677562547756,0.2898200855686633
1.001573698657014,0.28985029249110195
1.0016849444085107,0.2898820115357535
1.0019501231821641,0.289957620871382
1.00220667828482,0.29003077137508443
1.002881779373727,0.29022326017843436
1.0029095678951188,0.2902311834055146
1.0033614314021038,0.2903600213931379
1.0036452949963701,0.29044095825499877
1.0037863581358057,0.29048117900912424
1.0039543513801028,0.290529078233547
1.0044261315315441,0.2906635949722805
1.0046414169941562,0.29072497843285805
1.0046616733700937,0.2907307540502116
1.0051193232920377,0.29086124189458884
1.0054221578150226,0.290947587859512
1.0057994636083167,0.29105516751216187
1.0059243667121256,0.29109078062163846
1.0064401290818294,0.29123783782979357
1.0069469267633873,0.2913823389732025
1.0070414863570234,0.29140930036213125
1.0072599181453932,0.29147158092166187
1.0074472290354406,0.2915249881071517
1.0076904791265648,0.29159434500751025
1.0078193178572359,0.29163108026612494
1.007905291524911,0.29165559358521487
1.0079991039421228,0.29168234193479575
1.0080530237229075,0.2916977158606428
1.0088151622769403,0.2919150212992848
1.0093117563116825,0.2920566131187455
1.009684126703546,0.2921627855606368
1.0097825238632248,0.29219084113902494
1.009829668850398,0.2922042833957683
1.0104932739912325,0.2923934944066154
1.0106230833310184,0.29243050641102436
1.010764297563852,0.2924707702457904
1.0112492047088946,0.2926090298303457
1.011768860511208,0.2927571971569651
1.0118890529527402,0.29279146713463566
1.0118980134488187,0.29279402200411503
1.0125743801249572,0.2929868716591593
1.0126165681208603,0.29299890054932193
1.012646479151285,0.2930074289586935
1.0131447282673562,0.29314949268470236
1.0134077996749953,0.29322450115570614
1.0145456753646513,0.29354893898207324
1.014685802778392,0.29358889293657076
1.0149835253427444,0.29367378134970507
1.0150867930406855,0.29370322564468243
1.0150932186843378,0.2937050577620907
1.015146693247584,0.293720304744888
1.0152958538314145,0.29376283429010763
1.0155386576996017,0.29383206396075123
1.015799750492806,0.29390650827754006
1.0159702680786122,0.2939551272570993
1.0164641248144066,0.29409593860174293
1.0165172584553601,0.29411108837876576
1.0165825919659763,0.29412971665456594
1.0168836493991533,0.2942155559251642
1.0172574288359466,0.2943221301222546
1.0176776905457032,0.2944419576191053
1.017709109553724,0.29445091599194123
1.0178744173853689,0.2944980495356735
1.018005937671084,0.29453554937507453
1.018481674612924,0.29467119429721866
1.0186070097314863,0.29470693058528896
1.0187520006343669,0.2947482712464887
1.0189209950680687,0.2947964559359383
1.019245430987278,0.29488896101833045
1.0195637573338958,0.29497972410335893
1.0196727762682656,0.2950108082247802
1.019809447782148,0.2950497768127318
1.0203639886771065,0.29520789078267384
1.020613923770076,0.29527915375017794
1.0210030191045807,0.2953900949063375
1.0211939656518236,0.29544453871184534
1.0212266418172713,0.2954538555328199
1.0214896587846403,0.29552884848149297
1.0220310553113177,0.2956832146516421
1.022229399247784,0.29573976764438553
1.0232331677040294,0.29602596802556985
1.023307839975044,0.29604725902380286
1.0233806077492877,0.29606800700068625
1.0237913073771006,0.29618510810034826
1.0247879024985183,0.2964692631780074
1.0251462951469117,0.29657145020325765
1.0254254826026412,0.2966510537769249
1.0255133539488006,0.2966761081732945
1.0256247753342245,0.296707877295727
1.025702726888428,0.29673010330251987
1.0258731981263762,0.29677870906710463
1.026056925610649,0.2968310945308096
1.0262596518017837,0.29688889701784515
1.026322806861215,0.2969069041607977
1.0266073314354114,0.2969880294851538
1.0269120288893263,0.297074906619929
1.0269326010443698,0.29708077227408314
1.0275395577311537,0.2972538313436715
1.0278002562702924,0.2973281632484165
1.0280772711692978,0.2974071473698997
1.0281867144070054,0.2974383524711908
1.0284755721345877,0.2975207132897918
1.0287156163522746,0.29758915611261166
1.0290329972494443,0.29767964962551846
1.0291279873546797,0.2977067337644529
1.0291405078095228,0.29771030367036744
1.029494114882233,0.29781112620405986
1.0306345955424905,0.2981363067750053
1.0306806031767444,0.2981494247429778
1.0307799256544057,0.2981777441534853
1.0310361348187351,0.29825079602121213
1.0311606794108572,0.29828630690972224
1.0312328118850405,0.2983068737461062
1.031261549712758,0.29831506764500404
1.0314366167744888,0.2983649837979658
1.0314839290485742,0.2983784737525401
1.0318081996798254,0.29847093170705497
1.0321327436061924,0.2985634675850848
1.0323542166270663,0.2986266152787603
1.0325879659806512,0.2986932632728085
1.0326005853508127,0.2986968613820418
1.0326481703443353,0.2987104290959902
1.0336965315419544,0.2990093440225458
1.0338055952015823,0.29904044089629667
1.033872469776366,0.29905950856939945
1.0341632254706727,0.2991424105474646
1.034240808132159,0.2991645313733906
1.0343774473460279,0.29920349075177183
1.0348275002975438,0.29933181250314345
1.0351346900233491,0.2994194002491761
1.035163109360811,0.2994275033382541
1.0363595069929283,0.29976862728594306
1.0365765663463173,0.2998305165287191
1.0367681523026673,0.29988514264632193
1.037154846285505,0.29999539911493406
1.0373265398849858,0.3000443534064468
1.0375397906687938,0.30010515672740584
1.038198772750115,0.3002930495842639
1.0392498392414096,0.3005927358601045
1.039336414052141,0.30061742058064744
1.0395386278729188,0.30067507697762547
1.0402078407761224,0.30086588690674676
1.0404712348384306,0.3009409873749528
1.040756993879842,0.30102246467788035
1.0412318596301686,0.301157861200763
1.0413253228327324,0.3011845099802041
1.0419879168050175,0.30137343268071193
1.0420599630369456,0.30139397492719555
1.042195787743918,0.3014327020685676
1.0422780639413074,0.3014561611431267
1.0422881919012654,0.3014590488867917
1.0425426919823502,0.30153161345062574
1.043196275835472,0.30171796713282767
1.0432484012882672,0.3017328294492977
1.0437392846362337,0.30187279300407066
1.0437575884988575,0.3018780119093146
1.0439500152103318,0.30193287774797634
1.043967595404025,0.3019378903164675
1.044049333584907,0.30196119598858756
1.0440836703272751,0.30197098628304564
1.04427493499845,0.30202552079392486
1.0445137716333377,0.3020936193036164
1.0446211277389885,0.3021242293095082
1.045114637072633,0.3022649416008024
1.04532016907483,0.302323544097233
1.045855166586579,0.30247608574251245
1.0460771317755775,0.30253937376606577
1.0462207235933354,0.3025803155118655
1.0463307625471159,0.30261169046723585
1.0464352802302055,0.30264149116534983
1.0465075930313528,0.30266210941762123
1.0465469117063362,0.3026733201900836
1.0466691391307323,0.30270817039406805
1.0471750385304053,0.3028524154140489
1.0471933521281322,0.30285763709502295
1.0472840188781298,0.30288348853341857
1.047460965734866,0.3029339406646169
1.0483239529293198,0.30318000066229184
1.048872139683621,0.30333630290218083
1.0489585889757167,0.3033609518341102
1.0491229031012292,0.3034078020464905
1.0491585905301202,0.30341797745665466
1.0495969250511192,0.30354295798001696
1.0499820438598755,0.30365276532570656
1.0505354646251817,0.30381055991767697
1.0505356977272078,0.3038106263811011
1.0509092334119752,0.3039171310781767
1.051277985117272,0.30402227173881563
1.051456526684394,0.30407317856324284
1.0515259368197605,0.3040929691903305
1.051933685828645,0.30420922899212466
1.0523723535008644,0.3043343045055275
1.0527287757077213,0.3044359297068677
1.05277263901319,0.3044484362711725
1.0537409484130627,0.3047245263571117
1.0539858038482326,0.3047943409826309
1.0539967586321592,0.30479746447522144
1.054292435476453,0.3048817696005894
1.054761152419215,0.30501541293920137
1.0549350820690298,0.30506500478657067
1.0550666471001682,0.3051025173840507
1.0551997639332624,0.30514047244045495
1.0556533415563434,0.3052697991669672
1.0557765747027954,0.3053049361283548
1.055822286602695,0.3053179697748043
1.055892685453957,0.30533804231039824
1.0559164395889775,0.3053448152294468
1.0559218889527384,0.30534636898417566
1.0559698931230757,0.30536005621628926
1.0559893981854678,0.30536561761469433
1.0561973296453975,0.3054249042586627
1.0565282777561122,0.30551926613549746
1.056706972139102,0.3055702165316859
1.0569041431524808,0.30562643509368226
1.0570496039922517,0.30566790974605923
1.057210036310857,0.3057136531547642
1.0572278460718207,0.30571873117882936
1.057386096749987,0.3057638525453476
1.0574014107127347,0.30576821895270845
1.058922337254955,0.3062018744969014
1.0592672631943718,0.306300221814679
1.0592855383178545,0.3063054325256495
1.0593268459123215,0.3063172103905632
1.0596380478142207,0.3064059421119026
1.060469944857695,0.30664313750240035
1.060589959742637,0.306677356854089
1.060960744096433,0.3067830770754541
1.0612720160343467,0.3068718287658749
1.0620428583243626,0.3070916158650439
1.0630312630337186,0.30737343564411956
1.0631819471641988,0.3074163995919439
1.0635111229924539,0.3075102561451529
1.0635142038317114,0.3075111345722089
1.063730015174054,0.30757266797471633
1.0637508051595392,0.3075785957379705
1.0642656500909717,0.307725391360716
1.0646797319533967,0.3078434568230546
1.0647667080020184,0.3078682559469108
1.0649641394613805,0.3079245487688019
1.0653407078239567,0.3080319181608571
1.0657028844665344,0.3081351841008424
1.0657289891443007,0.30814262722049895
1.066752693436179,0.30843451182469495
1.0669141955602621,0.308480560262646
1.0669329466556585,0.3084859066855353
1.067002930819748,0.3085058609830775
1.0672798278826534,0.308584811506437
1.0673518472045718,0.30860534608018
1.067638553188298,0.30868709338088435
1.06774156221437,0.3087164639218132
1.0680249194899156,0.30879725641909467
1.0684587555589788,0.308920954317315
1.0690444238976884,0.30908794352756896
1.0690493186818322,0.3090893391572873
1.0692086970098336,0.3091347820459761
1.069575558815202,0.3092393838472033
1.0700757745331622,0.3093820083023392
1.0704646885111766,0.3094928977490668
1.0708103360329355,0.30959145080865663
1.0709517233674926,0.3096317639992068
1.0712230516732224,0.30970912672568296
1.0712689819176493,0.30972222262781174
1.0719262233748572,0.3099096191876584
1.0728949351523034,0.3101858240018641
1.0733872268022355,0.31032618909999793
1.0735366291111879,0.3103687875673098
1.073859853631046,0.31046094724837553
1.0739678198961085,0.31049173122651674
1.0747237560308485,0.3107072681947961
1.0747257246289839,0.3107078294931047
1.0747575167269927,0.3107168942435581
1.0748035111526912,0.31073000844542936
1.0750301839453869,0.3107946387287083
1.0750633339242068,0.31080409064614556
1.0751264699846121,0.3108220923719838
1.075354421150246,0.3108870871524931
1.075537343491111,0.310939243048962
1.0755482304654789,0.31094234720729125
1.0763649302774936,0.3111752094735415
1.0765576612264411,0.3112301620581853
1.0766687035839142,0.3112618231099336
1.076809513906562,0.3113019717794457
1.0770304252681306,0.31136495932950825
1.0773051720818623,0.31144329676114385
1.077350023899989,0.31145608517600665
1.0775512814341432,0.3115134689109037
1.078498593303864,0.31178357205722956
1.0789898611038926,0.31192364522924143
1.0797506429906436,0.3121405638469082
1.0801145046485336,0.3122443102283954
1.0801815971086053,0.31226344002623635
1.0804575364762345,0.3123421174858716
1.0804984092873284,0.31235377138278597
1.080576015855787,0.312375899025209
1.0807590676163463,0.3124280918225842
1.0814790260243703,0.3126333706092718
1.082458125828713,0.3129125373189615
1.0830698627149475,0.3130869593472046
1.083322156855745,0.31315889494033633
1.083850317678603,0.31330948726856506
1.0839622434453002,0.31334140020316037
1.0840719325527206,0.31337267540827396
1.0848656712928715,0.3135989908783193
1.0851321150115805,0.313674960882541
1.0859917873511948,0.3139200757292573
1.0869477596790207,0.3141926481964664
1.0871522625433487,0.31425095725903934
1.0876593462874176,0.3143955399662781
1.0877638480267804,0.31442533611842255
1.0879108003857971,0.314467236041562
1.0880223118226406,0.3144990308399863
1.0884357028717788,0.3146168993335671
1.0884955072435964,0.3146339511087092
1.0893031490531062,0.3148642307038728
1.0893267943862788,0.3148709726006968
1.090016585025742,0.31506764977532153
1.0904538288686778,0.3151923193181231
1.090654672889966,0.31524958514979323
1.0906887123893168,0.31525929069256947
1.0910879604503667,0.3153731266539893
1.0912360487022974,0.3154153504496144
1.091339530854597,0.3154448558910831
1.0922695643689952,0.3157100325308539
1.0929523667481607,0.3159047171714947
1.0938158465882124,0.3161509176351875
1.0938790670469194,0.31616894342516727
1.0943443764829641,0.3163016151953708
1.0943827284797578,0.31631255034284755
1.0946354458597838,0.3163846066124437
1.0946387648370575,0.31638555293881504
1.0959877940808007,0.31677019611163626
1.096821411506707,0.31700788202771757
1.096839889803412,0.3170131506686355
1.0979192545442458,0.31732090550825154
1.0986249872252736,0.31752212817177283
1.0988921726314953,0.3175983096503119
1.0991972258975609,0.3176852882363455
1.0993189718012655,0.3177200011463111
1.1003898886334236,0.3180253472683906
1.100525584972443,0.318064037808735
1.1009774728696342,0.31819288275063756
1.1012292336586018,0.31826466627135047
1.1017550403140977,0.3184145873654991
1.102313125914763,0.31857371202283424
1.1023511887666229,0.31858456472760244
1.102781898476624,0.31870737121989173
1.102864277696045,0.3187308596687
1.102892497065194,0.31873890574163344
1.104031001839957,0.31906352293645573
1.1041709066050345,0.3191034134080535
1.104227175220448,0.3191194570474804
1.1047333279753477,0.3192637743055975
1.1049066000621368,0.3193131786647194
1.1053300685210607,0.3194339204888019
1.105439035522022,0.3194649898026637
1.105572982097125,0.3195031814400023
1.1057068637867984,0.3195413545768246
1.1059668517094206,0.319615483866398
1.1065794827290398,0.3197901608352242
1.1066864832156178,0.31982066944490906
1.1068945054508699,0.31987998197127254
1.1071136897808467,0.3199424770999038
1.10764111562338,0.3200928598662085
1.1076884850079327,0.3201063661044561
1.1084832327621907,0.32033296927055344
1.1088519096557863,0.32043808860043915
1.1089674422687892,0.32047102994032184
1.1091790517701725,0.3205313652891577
1.1092841252464962,0.320561324458316
1.1094687794076832,0.320613974141607
1.1094908256439917,0.3206202600945038
1.110426498549743,0.3208870446707908
1.1106710555308068,0.32095677419931534
1.110820840302941,0.3209994817167848
1.110912542220178,0.32102562830816783
1.111065086403816,0.3210691226053167
1.1111322786249245,0.3210882808476128
1.1113916854804327,0.3211622444599043
1.1115013460286005,0.32119351152203535
1.1116630123847282,0.3212396067867955
1.1119031950156082,0.3213080890748012
1.112542870194638,0.3214904770338303
1.1126044358660585,0.3215080310011012
1.1128840202653159,0.32158774775364773
1.113039793766823,0.32163216281295
1.1140749029821333,0.3219272992561665
1.1147540631760673,0.32212094541547703
1.1152767457643935,0.3222699757571724
1.1158894053912807,0.3224446608826717
1.115966693063827,0.3224666975996118
1.1161389099180161,0.3225158010845924
1.1165150306813711,0.3226230428545181
1.1167993327950023,0.32270410474960626
1.1168370674105543,0.3227148638657029
1.1170577583323062,0.3227777885626648
1.1173507164036025,0.3228613184954441
1.1173642312710983,0.3228651719341578
1.1174027308262287,0.3228761491543375
1.1176667663221063,0.32295143251186514
1.1177130436300673,0.3229646273707952
1.1178887873325543,0.3230147364515593
1.1179427557756527,0.3230301242522922
1.1184066551722662,0.3231623939837386
1.1193494568159206,0.32343121114781287
1.1198418170896742,0.32357159581237527
1.1205706501171295,0.3237794049828862
1.1210918659646545,0.3239280171187954
1.12115056100819,0.3239447525957165
1.1211666315850262,0.3239493347333476
1.1221391593413048,0.3242266275819397
1.1221533226992595,0.32423066592207717
1.1221777862545914,0.3242376411152281
1.1222117811813586,0.3242473339492064
1.1222244262114613,0.3242509393747535
1.122311000540009,0.3242756239578134
1.1229433064722913,0.3244559107537557
1.1232878484540338,0.324554148595257
1.1234609225238588,0.32460349649461445
1.1239308702243358,0.32473749075412356
1.1241533152951564,0.32480091560441177
1.124328593956097,0.32485089208978796
1.1246077611271248,0.3249304898797616
1.1250321178557767,0.3250514849725468
1.1250723947681618,0.32506296896330766
1.1252341386573779,0.325109086334759
1.1253694361081155,0.32514766314172416
1.125448033084378,0.32517007317506047
1.1254584262389398,0.3251730365325746
1.1254890756801712,0.3251817754819895
1.1255602391056525,0.3252020660174936
1.1256180807282254,0.32521855816199724
1.125716001393432,0.3252464778794715
1.1257855936894505,0.3252663204452784
1.1261777952216963,0.3253781472588541
1.1277681578507763,0.3258316008295778
1.1283215096377675,0.325989375754044
1.1286688462754488,0.32608841042432596
1.1301595282320467,0.3265134424539224
1.1301707752568937,0.3265166492719673
1.130378706404532,0.3265759358268933
1.1309337727926987,0.3267341996285574
1.1318031208039716,0.3269820732598318
1.1322632073587031,0.3271132558513175
1.1323143225090928,0.32712783010440827
1.1325071674662024,0.3271828151957316
1.1326480951654496,0.32722299733235194
1.132835494051414,0.32727642960775644
1.1328695887805984,0.3272861508979885
1.1329482137632272,0.32730856891666504
1.1331182074440367,0.32735703851734227
1.1331822501061208,0.3273752987387972
1.133409514814059,0.32744009779244054
1.1338724247884968,0.32757208541400173
1.1338986851888588,0.3275795729342031
1.134100466015002,0.3276371058731978
1.1343703613379787,0.32771406001918146
1.1347393027279902,0.32781925476384494
1.1349770342955396,0.3278870381902207
1.135019890358632,0.32789925756363963
1.1350217074263678,0.32789977565670725
1.1352064337217862,0.32795244590733585
1.1354332523887365,0.3280171177831424
1.1354862097446121,0.32803221729672427
1.1356113709338338,0.3280679039930354
1.1357264168408443,0.3281007065604356
1.135872608633223,0.3281423896263303
1.1366147301010836,0.3283539876753278
1.1366504725297568,0.32836417876735413
1.136841058013745,0.32841851962437774
1.1369461871611848,0.32844849466681275
1.1369678075726692,0.32845465920602473
1.1374025971428343,0.32857862897210166
1.1385033246927005,0.3288924749017995
1.1387753337011683,0.3289700317142543
1.1387823913054127,0.3289720440199931
1.1388823574331055,0.3290005469517929
1.1396387664279908,0.3292162187447454
1.1398845349227327,0.32928629370719364
1.140624240719337,0.3294972029857581
1.1409620523979471,0.32959352184354346
1.1412011774789734,0.32966170259669897
1.14126440167879,0.32967972945336604
1.1415054137046403,0.32974844822335636
1.1415349366741787,0.3297568659865198
1.141635248691617,0.3297854675404436
1.1420833797613705,0.3299132413135541
1.1426596700364609,0.3300775565950093
1.142663473226812,0.3300786409830684
1.1431949311426486,0.3302301733978894
1.1436829545528442,0.3303693215103409
1.1440748888808234,0.33048107213706046
1.145615365193633,0.33092030182712334
1.1458365345797772,0.33098336294667413
1.146530575969966,0.3311812521204113
1.1467400053039543,0.3312409658470638
1.1468939293190419,0.331284853569892
1.147092809706809,0.33134155951879385
1.14774498925313,0.33152751279675957
1.1479183413034226,0.3315769399555474
1.1485441742582114,0.33175538113797726
1.1486721817834866,0.3317918793984081
1.1486735091890758,0.33179225787611694
1.148726593622619,0.3318073936228327
1.149056253889281,0.331901388301977
1.1496954189219943,0.3320836308050802
1.150400829363611,0.33228476158980064
1.1508050200704707,0.33240000682753895
1.1509618995284612,0.3324447372236751
1.1510130356909178,0.33245931746785035
1.1512415359713013,0.33252446881519504
1.1517104883677258,0.33265817928774366
1.1519721751558418,0.3327327929678645
1.152475505773254,0.33287630556149983
1.1527283647236515,0.3329484021964752
1.1530699421204837,0.3330457947580456
1.1540962596724715,0.33333842447037354
1.154412033971887,0.333428459900655
1.1552489553878516,0.33366708786986443
1.1553089791131703,0.33368420218837036
1.1556195984392335,0.333772767802252
1.1556906412169596,0.33379302393795657
1.1558346268509492,0.3338340779709624
1.1561129404508534,0.33391343238570387
1.1561297209614119,0.33391821694382423
1.1561632876549528,0.33392778767742
1.1570676061649299,0.33418563230349585
1.1573042667835667,0.33425311037460254
1.1576973006985547,0.3343651745220543
1.1577903282349047,0.33439169908177546
1.1578365070547016,0.33440486585917945
1.158803654943695,0.3346806247682877
1.1590676342503878,0.33475589210482354
1.1597614668497966,0.3349537217469022
1.1600368625041804,0.33503224417981065
1.1602075725293157,0.3350809180288061
1.160694103200445,0.3352196405226927
1.1612002571468951,0.33536395812055164
1.1612770638551648,0.33538585770212104
1.161986229514131,0.33558805919655543
1.1625985989323626,0.33576266157605145
1.1627199783442246,0.3357972699897017
1.1628791241209075,0.3358426465719873
1.1632775834564324,0.33595625764733456
1.163362920389939,0.3359805894170239
1.163557181910402,0.3360359784072437
1.1641977896810718,0.33621863227230053
1.1642657005728687,0.3362379954262209
1.1643162766158235,0.3362524159658209
1.1646735590847628,0.33635428645015897
1.166035011060582,0.3367424716656029
1.1667563474394838,0.3369481433474726
1.1668046395809062,0.3369619126876002
1.167438168422654,0.33714254816670025
1.1678856824730137,0.33727014601160304
1.1685112303648537,0.33744850591520403
1.1688333820689352,0.3375403597087096
1.169003514603984,0.3375888689003264
1.1691038475529123,0.3376174764223598
1.1693831578359872,0.33769711501728406
1.1694673890998655,0.33772113153192906
1.1698391348363602,0.33782712586839825
1.1700842588700149,0.33789701707830117
1.1702440288038167,0.337942571623945
1.1704821207388774,0.3380104578004307
1.170810108377162,0.33810397556990895
1.1711470386255027,0.3382000431090986
1.1714253466777773,0.3382793959420672
1.1714366724144691,0.3382826252028974
1.1714459301266664,0.3382852648163892
1.1715958106891589,0.3383279996461706
1.1717618477206189,0.33837534110365397
1.1724774171061625,0.33857936846637104
1.1730596568086988,0.33874538008366173
1.173633626753594,0.3389090337788892
1.1737228166738618,0.3389344641348837
1.1738570558512433,0.3389727392007093
1.1740786588732743,0.3390359239610814
1.1743249333563384,0.3391061431939037
1.1747324561074206,0.339222338483739
1.1747992942299166,0.33924139576335066
1.1748750498238427,0.33926299564500034
1.1751132159816475,0.3393309029843121
1.1753280234264678,0.3393921501496384
1.175517640011321,0.33944621474842723
1.1756737354953872,0.3394907216132954
1.176565001451112,0.3397448446181357
1.1766882497522262,0.33977998590050984
1.1768222023981523,0.33981817926879726
1.1769029655508911,0.3398412069351435
1.1769283026003319,0.33984843118408564
1.1770486122020556,0.33988273456716095
1.1772587210087455,0.3399426420290768
1.1775842418846951,0.3400354564607324
1.1777110163012385,0.34007160312993023
1.1782167339588128,0.3402157963305323
1.1785578437775301,0.3403130555734734
1.1786630353403174,0.34034304841214036
1.178739625123166,0.3403648861426544
1.1787620707538777,0.3403712859732385
1.1788021253620131,0.3403827065793008
1.1788156528824896,0.34038656362570696
1.1789215520485243,0.34041675822038453
1.1789671473884051,0.3404297586325541
1.1790328626104247,0.3404484957441605
1.179878957335902,0.34068973926147067
1.180252517862858,0.3407962510416974
1.1804725975492414,0.340859001459627
1.181072944048364,0.34103017579353084
1.1813524644320172,0.341109874293571
1.181775130008825,0.34123038719517
1.1825477902907153,0.34145069265090255
1.1826660651747312,0.34148441588326683
1.1829473181806636,0.34156460839878794
1.1830673455302119,0.34159883130445856
1.1833769221631063,0.3416870996195156
1.1835440248520497,0.34173474492354455
1.1836178607747962,0.3417557974572277
1.1845828924113393,0.34203095296795827
1.1853545614962184,0.34225097580775415
1.1859128130706822,0.34241014778851725
1.1861766547933774,0.3424853758962924
1.1863040988042708,0.3425217134841799
1.1863391383842044,0.3425317041758291
1.1865315806343875,0.3425865744449789
1.1867812586498787,0.3426577641130366
1.1868173566026474,0.3426680565741896
1.1871407123976991,0.34276025368521257
1.1871859382514358,0.34277314874731407
1.18721684225913,0.3427819602802201
1.1877676651683442,0.3429390141561427
1.1880546403991283,0.3430208382261559
1.1883761620934516,0.3431125123875641
1.1888226884550486,0.34323982861682273
1.1888292956975905,0.3432417125127773
1.189201743611333,0.3433479070581638
1.1896908698262336,0.3434873696087958
1.1900120842108775,0.3435789561482561
1.1901313971013892,0.3436129753431533
1.1912693668301966,0.3439374399825175
1.1919341237437504,0.3441269793935941
1.1920558278130413,0.344161680375485
1.1922144542011788,0.34420690886664584
1.1922576023623406,0.34421921152478874
1.1922655855501885,0.3442214877383826
1.192566287422209,0.34430722562928723
1.1926082638414375,0.34431919419346074
1.1926416385083753,0.34432871017529915
1.1926621559941244,0.3443345602418218
1.1928462655796062,0.34438705465247654
1.1929304520934092,0.34441105840771624
1.1934368993307112,0.34455545963039247
1.194564169928477,0.34487687367042436
1.1947021725663576,0.3449162217962994
1.194851559722006,0.34495881594301187
1.1951326196948138,0.34503895341979024
1.1956349529793815,0.34518218164800396
1.1960172175579897,0.34529117517876323
1.1961435835164362,0.34532720538597994
1.1968536061286466,0.3455296512199765
1.1975434186287905,0.34572633462764746
1.1977641254906912,0.34578926386955866
1.197829427661261,0.3458078832095
1.198259159419928,0.3459304108625382
1.1984571512787445,0.34598686346882623
1.1994325559296504,0.34626497659457867
1.199851314597188,0.34638437553516876
1.1999542967379346,0.3464137384103952
1.2007328907131012,0.3466357357157438
1.200862075194717,0.34667256955690645
1.2009910591745967,0.346709346229832
1.2010075854818512,0.34671405830800744
1.201073543176427,0.3467328645548187
1.2011773457690376,0.3467624613621185
1.201707324184695,0.34691357193312417
1.2020557604089885,0.3470129201240249
1.2022825184803856,0.3470775747224699
1.2023372446293794,0.34709317856477573
1.2024100996858558,0.34711395142808404
1.20318135192586,0.3473338554146111
1.2036546613279604,0.34746880818231
1.2036819116777147,0.34747657796271963
1.2039746432659173,0.3475600433193036
1.2046227300867463,0.34774482965524367
1.205477357991591,0.34798850620297284
1.205713606290875,0.3480558667111543
1.2065455536900078,0.34829307645935426
1.2067648285404187,0.3483555973977054
1.207062711371219,0.34844053150695425
1.207330320260439,0.34851683373146297
1.2075135403031387,0.3485690745104345
1.2077631614925846,0.348640247975915
1.2081071836371668,0.34873833759838
1.2087804668939603,0.34893030809071834
1.2089733511996186,0.34898530440133196
1.2092745584500204,0.3490711863887008
1.209518074020332,0.34914061898405074
1.209521566389479,0.34914161474893546
1.2105052825576996,0.34942209770351546
1.2105329947034893,0.3494299991539338
1.2108438267760873,0.34951862542736195
1.2110313127190748,0.34957208252497834
1.2111558839120191,0.34960760099807164
1.2114641104492776,0.3496954843658999
1.2126673781445378,0.350038567146503
1.2130436304691585,0.3501458464279527
1.2132748086418834,0.3502117613117524
1.2133416388248053,0.35023081632758596
1.2134242430365285,0.3502543689275262
1.2135384412655867,0.35028692979998993
1.2136823869342497,0.35032797243784614
1.2137741708859155,0.35035414241936924
1.2140149192612406,0.35042278601576726
1.2143117295627055,0.3505074143191276
1.2153040953817795,0.3507903635131635
1.2154872736456643,0.3508425923799129
1.2156253614949404,0.3508819648017636
1.2157569686766698,0.35091948941746876
1.216162129901398,0.3510350113749849
1.2166365549643587,0.35117028224648705
1.2176860750523673,0.3514695276027041
1.2177800753793568,0.35149632953022875
1.217956013778032,0.3515464941239182
1.218456397320343,0.3516891664301225
1.2192197115665755,0.3519068070890573
1.2194910540152848,0.3519841738480632
1.2200279189168872,0.352137247934549
1.2205607975174786,0.35228918542338455
1.2207863605072498,0.35235349927310955
1.2209401135388596,0.3523973382441203
1.220974623803331,0.35240717801422367
1.221478427243635,0.35255082542191
1.2215885216543185,0.3525822161894799
1.221733371612251,0.3526235166636249
1.2219131521604327,0.3526747767536376
1.2226198556777859,0.3528762762277369
1.222684464028966,0.35289469774180254
1.2230655174045202,0.353003345927205
1.2230714783298458,0.3530050455413838
1.2232794862327236,0.3530643539812162
1.2236191969001964,0.35316121428990394
1.2236984333366587,0.35318380664990306
1.22375148127649,0.35319893199131663
1.2238143453461972,0.35321685616556314
1.224799385822328,0.35349771671462366
1.2249315110676817,0.3535353890436842
1.225058390995534,0.3535715657968885
1.2252936743292915,0.35363865116840887
1.2253039393599265,0.3536415779944735
1.2254520191025429,0.3536837993638728
1.2256022259390047,0.35372662722281223
1.225748256447086,0.3537682643023771
1.2258649313869892,0.35380153134924147
1.225865895408143,0.3538018062166375
1.2259581794319927,0.3538281187816905
1.2260014491279925,0.3538404560925629
1.226384409252697,0.3539496479415266
1.227096031806017,0.35415254996016704
1.2270987579772408,0.35415332726218157
1.2271405795677661,0.35416525168068236
1.2273370709061584,0.3542212764497389
1.2275111426496532,0.35427090881169615
1.2275311048639224,0.3542766005559401
1.2289448942068766,0.35467970851012043
1.229025104726807,0.3547025786065417
1.2292172233436687,0.3547573565994506
1.2296897413644794,0.3548920837238497
1.2299166042812595,0.35495676821642874
1.2311335190928274,0.3553037421433066
1.2312657825597033,0.3553414538829026
1.2314600185520335,0.3553968355943906
1.2316405078846955,0.35544829777721404
1.2319746919969787,0.3555435823218977
1.2324978187516988,0.3556927393069345
1.2327383345738216,0.3557613165963921
1.2328061170310018,0.35578064313027735
1.23290372623944,0.35580847404336136
1.2330885594882148,0.35586117478916146
1.2331210063666675,0.355870426234476
1.2334641465271008,0.3559682643804196
1.23362260108397,0.35601344387803596
1.2336865735750417,0.356031684091918
1.2340501473318128,0.35613534838534056
1.2342223337989515,0.35618444320618625
1.2345439139805445,0.3562761340438298
1.2345776112004556,0.3562857419938737
1.2345888899559339,0.35628895785914333
1.2349653549990185,0.3563962977921359
1.2351700300099253,0.3564546559381565
1.2356290639460838,0.35658553840082774
1.2358220551625454,0.35664056519448
1.2358918350049806,0.35666046123462714
1.236723285424745,0.35689752928113905
1.2367467874965181,0.3569042303304282
1.2367991563176441,0.3569191620375119
1.237098306540137,0.35700445751295357
1.2374106322792424,0.35709350966938397
1.2374771332154038,0.35711247080843966
1.2375207076718884,0.35712489501441885
1.2378329157392458,0.3572139136195867
1.238157894543442,0.35730657349254763
1.2386906174376988,0.3574584665854748
1.2388003485206165,0.3574897537588895
1.2388044107099276,0.3574909119942594
1.2392212608288056,0.35760976675820155
1.2393530473039776,0.35764734249511043
1.2393824934657283,0.3576557383583844
1.2399630834981832,0.3578212796120136
1.2400225199515815,0.3578382264840868
1.2400910000171175,0.3578577519241799
1.2401452706368148,0.35787322588328657
1.2403908107784765,0.35794323573635817
1.240557621441558,0.3579907977762514
1.2406622892646242,0.35802064128316086
1.2407130936098936,0.3580351269176628
1.2408199345212396,0.35806559002831656
1.2409439799928332,0.35810095860463853
1.2409913015045753,0.3581144511931079
1.241001759555602,0.35811743305428484
1.2414010066018903,0.3582312687263699
1.2415569524032832,0.35827573291283155
1.2415795213162455,0.35828216789437783
1.2417511954009435,0.35833111662172057
1.2421882877234365,0.35845574296212
1.242190166420537,0.3584562786273154
1.24233510076437,0.358497603162066
1.2427369245126834,0.35861217351862656
1.2427423760481353,0.35861372789256074
1.2429453582847105,0.3586716033847821
1.2433152406017254,0.3587770664121011
1.2435438425548462,0.35884224674897625
1.2436921276270354,0.3588845266631541
1.2438377958940559,0.35892606045841163
1.2442154250175046,0.35903373230086183
1.2443133678493903,0.35906165833863046
1.2443154676119423,0.35906225703531086
1.2443370734503296,0.3590684174193554
1.2443593751196897,0.35907477620283
1.2448527778398006,0.3592154580958448
1.2454424306889325,0.35938358339320586
1.2467503972885055,0.35975651854278645
1.2468886449646222,0.3597959365354084
1.2471231505428257,0.35986280014867916
1.2479351820853586,0.36009433137040703
1.249130735381246,0.3604352145759714
1.2491566721123237,0.3604426098096778
1.2495233326469322,0.36054715422339917
1.2495361686337598,0.36055081409565365
1.2497945873545093,0.360624495965136
1.2498724853993755,0.3606467067150311
1.249873786973553,0.3606470778275356
1.2501120362764164,0.36071500887365704
1.2502672943376376,0.36075927696758553
1.2504305326587213,0.36080582044026316
1.2504775272570157,0.3608192198172427
1.250698102494148,0.3608821115295238
1.250987992101597,0.36096476656379695
1.2512209291004155,0.36103118293446396
1.2514152389357391,0.36108658570050184
1.25199549690205,0.36125203227347397
1.2520424419105771,0.36126541751112673
1.2521894179484794,0.3613073241857297
1.2522837190321592,0.36133421186677545
1.2533542531859787,0.36163944887735056
1.2534813585008047,0.3616756898942179
1.2538024224865076,0.36176723355104534
1.2538071377015902,0.3617685779809739
1.254012620539919,0.3618271664595127
1.2544024849214575,0.3619383268908973
1.2545694333105448,0.36198592820004144
1.2548836476438947,0.3620755188435995
1.2551766164872218,0.3621590518477636
1.2552822844101965,0.3621891805090561
1.2553622313697754,0.3622119754575959
1.256073752956712,0.36241484868810553
1.256596408832637,0.36256387141340357
1.256885053893897,0.36264617159532864
1.2570276458757301,0.36268682826201365
1.2574000079743664,0.362792998339291
1.2582603432239978,0.3630383021988205
1.2583065147759442,0.363051466903972
1.2584023745588888,0.3630787990105433
1.258732282578702,0.363172864330527
1.25897482481567,0.3632420194033346
1.2592355678364506,0.3633163639909476
1.2594267770445147,0.36337088268785755
1.2599062820906548,0.36350760199411913
1.2600945726831227,0.36356128851814007
1.2604309178936537,0.3636571892478997
1.2605603205857012,0.3636940853065074
1.2610272207429385,0.3638272106325175
1.2611311799649216,0.3638568520989075
1.2616732203049281,0.36401140183690933
1.262480142789227,0.3642414763338269
1.2629088100707808,0.3643637004768737
1.2631750440582201,0.36443961068127917
1.263490166443155,0.36452946023385974
1.264857433541935,0.3649193034914524
1.264910970514196,0.36493456826867604
1.2654335782682624,0.36508357727318597
1.266220831423973,0.365308043535152
1.2678686637729277,0.36577788321128896
1.2678790318760118,0.365780839425978
1.267897030108383,0.3657859711881222
1.2679383932684363,0.3657977648962235
1.2682674232692184,0.36589157987024357
1.2688587535608444,0.3660601834499001
1.270077026596606,0.366407544641669
1.2707067694640943,0.3665871006414635
1.2710252052869861,0.36667789494101266
1.2713332348876762,0.36676572215712516
1.2718201117086994,0.3669045433473106
1.2719404895470474,0.3669388661864146
1.271943579402328,0.3669397471841722
1.272164745194195,0.3670028072789018
1.2723272488965238,0.36704914129274807
1.2732898659198264,0.36732360833471345
1.2736366556716514,0.3674224870736751
1.273819696566129,0.36747467677284906
1.2739764971918799,0.3675193846918723
1.274114217997848,0.3675586524601709
1.2744171609209916,0.3676450293327865
1.2745293424592101,0.3676770151944662
1.2751013999574001,0.3678401236016119
1.2753592700723793,0.3679136490493821
1.275742642423901,0.36802295843488675
1.275882249463269,0.3680627640171746
1.2760750194654478,0.3681177277369062
1.2764644580755202,0.36822876676981975
1.2769925784987082,0.3683793475790563
1.2771096766867485,0.3684127353049254
1.2773990505838608,0.3684952432968265
1.2777171438889292,0.3685859399356741
1.2780678917535362,0.36868594723509207
1.2780926187949895,0.3686929975549597
1.2786220939574717,0.3688439646354523
1.2786516493147473,0.36885239163319844
1.2792565189131095,0.36902485561982895
1.2795820473103636,0.3691176721960031
1.2804085413918032,0.36935332706210583
1.280680427376379,0.3694308487972632
1.2808833160937274,0.3694886976247311
1.2809231153331142,0.36950004541855
1.281165399355191,0.3695691268676051
1.2811711092775757,0.36957075491434527
1.2814264578950947,0.36964356141789106
1.2814280239428097,0.36964400793865004
1.2816671048877162,0.36971217610745466
1.281832509661061,0.369759337291776
1.2822147827770647,0.3698683332567678
1.2822267839597827,0.36987175510475195
1.2825812973929294,0.3699728360652764
1.2828437162580313,0.3700476584795045
1.283073135479064,0.37011307184062575
1.2832725720313014,0.37016993636642087
1.2832805612073668,0.3701722142874105
1.2836751981769234,0.3702847355072335
1.283878300430818,0.3703426452195007
1.284601481671355,0.3705488429191984
1.285810563405938,0.3708935834329769
1.2859124952928427,0.37092264685363474
1.2861595764141924,0.37099309607992176
1.2862059009731108,0.3710063044113235
1.286212109857006,0.3710080747249117
1.2865472745583268,0.3711036388609239
1.2866087192537354,0.371121158334801
1.2867342724671484,0.3711569568073611
1.287103482764112,0.3712622282243604
1.287323180194194,0.37132486965111916
1.2873588401839984,0.37133503723768907
1.2875054937958004,0.3713768519802611
1.2875750941640842,0.37139669684767984
1.2876636489828812,0.3714219461197981
1.289112150120361,0.3718349513055193
1.2896463183033167,0.3719872564876829
1.2896645141931882,0.371992444607099
1.2897376511870295,0.37201329785805126
1.2899598737152003,0.3720766592556669
1.2901061203844828,0.3721183579683882
1.2907236998184526,0.3722944458582934
1.2909677513829434,0.37236403127946427
1.2914051542808913,0.37248874617296884
1.2914180724982551,0.37249242949127864
1.2918830173763067,0.3726249973165576
1.29229987586049,0.3727438544656648
1.292467137396739,0.37279154506117423
1.2925239988075634,0.3728077577219243
1.2929444729775494,0.37292764579668847
1.2929784859274815,0.3729373437695378
1.2932736613377158,0.37302150592306993
1.2934968667603481,0.3730851475693504
1.2939885460321725,0.3732253380626269
1.29424848904055,0.3732994545459861
1.2946511664579503,0.3734142683057106
1.295002840282,0.3735145396201451
1.2950461464142575,0.3735268873199384
1.295049370213331,0.37352780650853995
1.2951565954385655,0.37355837919703583
1.2955550268675857,0.3736719823155158
1.296199302818452,0.3738556820737404
1.2962325983399872,0.3738651754891749
1.2963072655191126,0.3738864650355785
1.2970987813598271,0.3741121466994288
1.2972048193189225,0.3741423808676022
1.2973613563362656,0.37418701362504136
1.297672282386901,0.3742756666940419
1.2990774908686835,0.37467632802248596
1.2994542486771314,0.3747837514304653
1.299478383389898,0.3747906328620849
1.2999610557468975,0.37492825525069534
1.3001526803458214,0.37498289238629695
1.3011682503802398,0.3752724577030403
1.3019416348081474,0.3754929696315554
1.301984251363596,0.37550512071514275
1.3022204587647719,0.37557246956221435
1.3023833079087093,0.37561890207040943
1.3026190822847665,0.3756861274508059
1.3035958661558118,0.3759646338279374
1.303954724023046,0.3760669534991269
1.3046675531023673,0.3762701995295749
1.3047026306695184,0.37628020105236365
1.3048757342115258,0.3763295573550036
1.3049654286718688,0.37635513156843964
1.3052854824067919,0.37644638717660756
1.3055999966042204,0.3765360633191798
1.305985818530287,0.3766460711418232
1.3062130490829789,0.3767108604569211
1.3066201159274153,0.37682692575596527
1.3067368349778359,0.3768602053798804
1.3069522512540777,0.37692162613881164
1.307211647955622,0.3769955868559452
1.3072459821277251,0.37700537641755394
1.3075249644730669,0.37708492150893824
1.3084098082197038,0.3773372133756533
1.3085406294245179,0.3773745138889859
1.3086049889169853,0.37739286444698794
1.3087462785741641,0.3774331497871881
1.3091997549757657,0.3775624476528352
1.3099316845338993,0.37777113972443255
1.3112464042104555,0.3781460003511435
1.311248582274134,0.378146621373503
1.3115254857350378,0.3782255737210974
1.3117208232711774,0.3782812695112521
1.3117209654918764,0.37828131006205634
1.311878019143747,0.37832609012537877
1.3122309230542002,0.378426712169302
1.3122340633196536,0.3784276075403055
1.3128587671809049,0.3786057267889279
1.3129542548774324,0.378632952804026
1.3136013858432953,0.3788174666009616
1.3138339348058785,0.37888377233244896
1.3138483477707363,0.3788878818419784
1.3146029641517227,0.37910304251428534
1.3146400424464928,0.3791136144963303
1.3147480107656502,0.3791443990601473
1.3147489841735296,0.37914467660394174
1.315055766817532,0.37923214828041046
1.3153661836591057,0.37932065616072064
1.315514974076745,0.379363080161973
1.3159104292811137,0.37947583468173063
1.3160645069328787,0.3795197662103542
1.3165043508770826,0.3796451771093614
1.3165395637050885,0.3796552171985225
1.3171084411797775,0.379817418898616
1.317229366420431,0.37985189781629325
1.317835191476703,0.380024634228717
1.3181860962677456,0.3801246862719258
1.3183589268032165,0.3801739647333322
1.3184241764407905,0.38019256909475585
1.3188628910948732,0.38031765800390466
1.3189203796016078,0.3803340494659382
1.3191491180201882,0.38039926871264995
1.3201025045357402,0.3806711038978157
1.3201556204379685,0.38068624861706857
1.3205643047457534,0.38080277509680033
1.3211715033828721,0.3809759031526947
1.3211798821554623,0.3809782921577429
1.3216986677013258,0.38112621135171165
1.3221702372564463,0.38126066804398023
1.322331208362519,0.3813065650749449
1.3224438349357983,0.38133867782764563
1.3224492467654119,0.3813402208804169
1.3226317213917467,0.38139224912187897
1.3227212829321144,0.3814177854363877
1.3237719166009283,0.3817173483033306
1.324302187032108,0.3818685421355236
1.3244103722736678,0.3818993885495352
1.3246865767611784,0.3819781416017142
1.3247000586094706,0.3819819856257979
1.3249148988501438,0.38204324214207097
1.3253002107849081,0.3821531045529869
1.3255884720011142,0.3822352952907465
1.3257495482413435,0.38228122229818207
1.3259429665031326,0.38233637085351635
1.3266565760787228,0.38253983942366315
1.3273066971387926,0.38272520577389074
1.3274737197153383,0.3827728282358005
1.3277932243472583,0.38286392728048235
1.3281974749969423,0.3829791896094724
1.328689009641038,0.38311933886563815
1.3290281094556171,0.3832160250043469
1.3292802182403036,0.3832879077476512
1.3295901048365166,0.3833762644412773
1.3296662447304928,0.38339797389682334
1.3300553883189632,0.38350892881143805
1.3303121127040693,0.3835821275819508
1.3305266785230716,0.38364330585349893
1.3305653829495065,0.383654341487793
1.3307882869448016,0.38371789718933363
1.3308836268028055,0.3837450810518399
1.33127299474079,0.3838560999343111
1.3329358411697514,0.384330220513473
1.333030491979043,0.3843572079103476
1.3333545014383277,0.3844495913979712
1.333557967189551,0.38450760475274026
1.3338365407767734,0.3845870332965991
1.334198793760428,0.38469032100340217
1.3343799231867055,0.3847419656934917
1.33514602704515,0.3849604017431098
1.3353079718384955,0.3850065763975312
1.335428783245212,0.3850410228582052
1.335496395284187,0.3850603008014469
1.336432411725525,0.3853271833286262
1.3369472480089055,0.3854739764855881
1.3370678957926638,0.38550837629311907
1.3372139119675792,0.38555000928592736
1.3382524054803362,0.385846110679988
1.3388034686483452,0.3860032330599148
1.3388992857346302,0.3860305529925629
1.3391615218221367,0.38610532329216496
1.339393956636026,0.38617159647690363
1.339807931951114,0.38628963155983737
1.3400321557830237,0.3863535635809761
1.3405964356459656,0.3865144543828975
1.3416074756682264,0.3868027280758623
1.342123998147157,0.38695000201084245
1.3421508744058102,0.3869576651281916
1.3427523524910843,0.3871291621066114
1.3431298139106798,0.38723678613235013
1.3432985710525964,0.3872849031637667
1.3444057749157756,0.38760059565810545
1.344425454467341,0.38760620680789243
1.3444585500598165,0.38761564321837444
1.344778262160616,0.3877068014178064
1.3450790622663509,0.387792567317687
1.3456591483564582,0.3879579648843027
1.3456621080346902,0.3879588087652126
1.3458090859981153,0.38800071598883185
1.3465847822074442,0.3882218870660976
1.3475821463211963,0.3885062614033858
1.3477203536805606,0.3885456679006574
1.3479229749600083,0.38860344047465417
1.3483818444118694,0.38873427603859256
1.3486700775296203,0.38881645876475524
1.3489479230184005,0.3888956797088927
1.3490714960552121,0.3889309135818238
1.3497098187756198,0.38911291591987546
1.3497479257787208,0.38912378121330604
1.3502269234697106,0.3892603558594753
1.3512781999000651,0.3895601019943788
1.3512846873668132,0.38956195173915265
1.3517180622509462,0.38968551814160624
1.3526804241270562,0.3899599124344994
1.3526820447370425,0.38996037451237503
1.3527866137353393,0.3899901898417832
1.3534227119461177,0.39017155791453234
1.3536423928085948,0.3902341946174379
1.3542418433672436,0.39040511349551077
1.3542763320445035,0.3904149471105411
1.3546493134361572,0.39052129376429545
1.3548075692654213,0.3905664165995254
1.3554812616155887,0.39075850373497883
1.3560348561853648,0.3909163478831044
1.3561118086741402,0.39093828903047134
1.3562634011883714,0.3909815119820273
1.3568477163464143,0.3911481153654302
1.3572643862373686,0.391266918741724
1.3573546636965916,0.3912926591832383
1.3579915392588555,0.39147424889902666
1.3586841082254968,0.3916717182466794
1.3587502776701221,0.3916905848689135
1.3592515976423916,0.3918335241755497
1.359597442926203,0.39193213362222207
1.360137459524952,0.392086106339183
1.360252507003921,0.39211890935478916
1.3604201884739253,0.39216671968428707
1.3604624117230204,0.3921787586260477
1.3609480209975888,0.39231721840591377
1.3612058725319722,0.392390738555875
1.3619765905852794,0.3926104902319409
1.3626633685187286,0.3928063084060618
1.3630046285461077,0.3929036104773822
1.3642131955559695,0.39324820422981305
1.3643854275684706,0.3932973120368209
1.364479127925529,0.3933240284351501
1.3646935187104503,0.39338515679994884
1.3651998516711876,0.3935295254394171
1.3652202622966314,0.3935353450372992
1.36522978452744,0.3935380600718973
1.3654290211714344,0.3935948675986753
1.3658710561797678,0.3937209032268072
1.3664023550430417,0.39387239029162346
1.3669008224384753,0.3940145162547312
1.3680741297098384,0.3943490565426045
1.3687243009180172,0.3945344371913568
1.3689064318869484,0.39458636744719333
1.3692951858538995,0.3946972112706229
1.369421079676845,0.3947331068597815
1.3697813135392876,0.39483581886283875
1.370077024510948,0.39492013371880275
1.3701395538897958,0.394937962464018
1.3702726894079813,0.39497592284802574
1.3702945133894127,0.39498214543030125
1.371070012764916,0.3952032603851459
1.3713760196412055,0.39529051087014994
1.3718177933290985,0.3954164719890569
1.3720630103955405,0.3954863897250167
1.3723866746498294,0.3955786747857564
1.3725270401776533,0.3956186966327455
1.3726578131254936,0.39565598338676494
1.3728426440436348,0.39570868346804117
1.373091236602724,0.3957795636443689
1.3738602206056199,0.39599882089775645
1.3740151329368249,0.39604299041510405
1.3740242629986155,0.3960455936321592
1.3743442012781895,0.39613681632101716
1.3743740809467102,0.3961453357882977
1.3745447782488018,0.396194006009624
1.374716199579234,0.39624288267018
1.374784447658619,0.3962623419650141
1.3748316243745895,0.3962757932684592
1.3761066763782417,0.3966393436143628
1.3762466514978349,0.396679254145855
1.3763889344353462,0.3967198226960007
1.3764648309363487,0.39674146275390676
1.3764671771447734,0.3967421317186876
1.3765579542558275,0.3967680146238785
1.3767218299094353,0.3968147398165637
1.3770953248970672,0.39692123290983183
1.3772885674437778,0.3969763313642468
1.377294806801726,0.39697811036677677
1.3773805315481626,0.39700255271197554
1.3775517311253667,0.3970513661449435
1.3784161602692864,0.3972978372797528
1.3787483907753273,0.39739256480070495
1.379266445805251,0.39754027570566125
1.3794121875528942,0.3975818304521473
1.37952161770842,0.3976130318233694
1.3799299895713972,0.3977294692169953
1.3799753275950029,0.39774239626163144
1.380137166972561,0.39778854085928195
1.380294738809498,0.3978334686705861
1.3803098419779443,0.3978377749750325
1.380584574438907,0.397916108314322
1.3808280265048312,0.39798552280292676
1.3810325825574894,0.39804384703087003
1.3820429179106593,0.39833191980442856
1.3820655857350825,0.39833838298819385
1.3824129158543497,0.39843741579990705
1.3825456059101449,0.3984752491710513
1.382690455379397,0.3985165495058609
1.383317111588012,0.3986952254192762
1.383571819179394,0.39876784914966995
1.3835983354277903,0.3987754096187715
1.3838181405522976,0.39883808175199986
1.3838905929636351,0.3988587398107518
1.384271231494404,0.3989672697131628
1.386355242968032,0.39956147535335185
1.386480197235622,0.3995971030509471
1.3865345226021197,0.39961259261978427
1.3867140123288766,0.3996637697890775
1.3870822715613338,0.39976877003295674
1.3872514826340412,0.3998170164917969
1.3878384205185506,0.39998436768243556
1.387869342491959,0.3999931843378319
1.387882153384743,0.39999683705512473
1.3882309545557023,0.4000962893017708
1.388556206292273,0.40018902699481973
1.3885929864982456,0.400199513984029
1.3891959860247864,0.4003714447647546
1.390032070129397,0.4006098339948135
1.3902795978950317,0.4006804105709527
1.3912682673887724,0.4009623058469132
1.391526382495713,0.40103590114823623
1.3916875840739977,0.40108186389279704
1.3919926737631747,0.40116885286400294
1.392171084524,0.40121972239216747
1.3927058024612191,0.4013721843235083
1.392814092652568,0.40140306066142256
1.3932591577610571,0.4015299602495784
1.3940151943806338,0.4017455258686868
1.3942174612710199,0.40180319739718456
1.3944388614621008,0.4018663243252002
1.3950631912609488,0.4020443369189445
1.3959031223194287,0.402283823015175
1.3960962146093367,0.40233887862748435
1.3968518901499352,0.4025543412936255
1.3968674916260033,0.4025587896784794
1.3970192038099793,0.40260204675097855
1.3970336188102936,0.4026061568408694
1.3971382758689226,0.4026359972785588
1.3971408458977768,0.40263673006034045
1.3974456551731531,0.4027236390783103
1.3975979449140317,0.4027670608272391
1.3976170012743907,0.40277249428907475
1.3984044469297285,0.4029970154376696
1.4001996870417814,0.403508884884443
1.4002151624216461,0.4035132973160041
1.4002653126008064,0.40352759643080766
1.4011700859162608,0.40378557073370314
1.4012406917026006,0.4038057022718467
1.4013162204845881,0.403827237483539
1.4022789465084822,0.4041017356043956
1.4025749808054646,0.40418614264878217
1.4030486970921858,0.40432121142982336
1.4032160188132874,0.4043689191855929
1.4033862671826343,0.4044174614045677
1.4034948075892286,0.4044484090853281
1.4035258202843666,0.40445725160783896
1.4043368090180688,0.4046884854977641
1.4043811523503547,0.40470112893014565
1.4048929962690775,0.4048470688864512
1.4050825396103475,0.40490111260159767
1.4051732133629307,0.40492696603661177
1.4053091396532957,0.4049657221420396
1.4054253274063702,0.4049988502793227
1.405747790888342,0.40509079296877876
1.405790634859933,0.40510300889459744
1.4064212955746538,0.4052828265964072
1.4065961217932905,0.4053326740787658
1.4068558197978815,0.40540672070520084
1.4077153066215176,0.40565178265650736
1.4078136098527692,0.4056798114534682
1.4085701246941809,0.4058955134260062
1.4087404864984496,0.40594408798821485
1.4102135846883324,0.40636410643055904
1.4111920006390153,0.40664307815586076
1.4112047476475937,0.4066467126581122
1.4113598194247523,0.40669092763763015
1.4114208561874784,0.40670833079933527
1.411808123306317,0.40681875068386364
1.4120958634693657,0.4069007928558746
1.4122105996777736,0.40693350712018295
1.4135377948811179,0.4073119248426564
1.4139081160523435,0.4074175129986758
1.4139940369222042,0.4074420112637416
1.414523748145952,0.40759304565141447
1.4147412876223928,0.4076550717897061
1.414905747611781,0.40770196359165467
1.415220074810493,0.4077915864160503
1.415242432573693,0.4077979611933313
1.4153074029907708,0.4078164859417608
1.4153917686555555,0.40784054077758475
1.415689930583462,0.40792555446464623
1.4157272293062257,0.4079361892964208
1.4160319879065248,0.40802308386561353
1.4165860562873178,0.40818106310953045
1.4168467918892063,0.40825540558182505
1.416978420837499,0.408292936403741
1.4174257291568584,0.40842047558940786
1.4185015069957752,0.4087272077103985
1.4186521353128874,0.40877015574438613
1.4186605617973005,0.40877255835331083
1.418689731666488,0.40878087543841984
1.4189408687212126,0.40885248111634737
1.419172021898406,0.40891838887327403
1.4194052330332134,0.4089848834072105
1.420253318135701,0.4092266944325507
1.4203585923569275,0.40925671083927917
1.4203783740564049,0.4092623511140812
1.4210995161612439,0.40946796740338454
1.4213582871986419,0.40954174972746743
1.4217611640842478,0.4096566203607426
1.4220148614502814,0.40972895604972814
1.4222966789457725,0.4098093095158409
1.422533040662226,0.40987670236219437
1.4227665700563348,0.4099432876400998
1.4227789033385267,0.4099468041782442
1.4228551831929621,0.4099685535401417
1.4229865755767985,0.410006016911405
1.4236499803649845,0.4101951707965236
1.4236652276401773,0.4101995181895353
1.4240518120107446,0.4103097434048506
1.4245684776143328,0.4104570581483771
1.424902994280417,0.41055243751276144
1.4249748672871472,0.4105729303682552
1.4250275778346937,0.410587959510391
1.425172692476714,0.4106293354528239
1.4251860720304177,0.41063315031007136
1.4252263812839803,0.4106446435221394
1.4253882222750929,0.4106907885798561
1.4255855433379865,0.4107470499248551
1.4258809336131224,0.41083127334193487
1.4261005154267627,0.4108938818034522
1.4263756092279984,0.41097231817021096
1.4266827927762775,0.4110599041548712
1.4267191999633733,0.41107028478673885
1.4267441914382915,0.4110774105034352
1.4269826468636126,0.4111454003204072
1.4272011411443117,0.41120769869811924
1.427230021126807,0.4112159331290255
1.427481484473971,0.41128763184137734
1.4276406686122647,0.4113330193615515
1.4277873011924924,0.4113748281074771
1.427896711306008,0.41140602376420327
1.4280933257030664,0.41146208362047215
1.4287667865718836,0.4116541047545982
1.4288914092381724,0.4116896379040753
1.4294838380250647,0.4118585546931796
1.429707861188227,0.4119224294984618
1.4299547570365094,0.41199282589859926
1.4313594546531716,0.41239334156616797
1.4316121986217105,0.4124654054168375
1.4325530348314452,0.41273366218480306
1.4326599472079753,0.41276414567203146
1.4326901276194177,0.41277275088890736
1.432984097528613,0.4128565693228748
1.4330344442972578,0.4128709244904315
1.4332882981603263,0.4129433048007742
1.433437790851839,0.4129859290384945
1.4334720855755265,0.4129957073523386
1.4334808550877192,0.41299820776736645
1.4337155256431875,0.4130651184199277
1.4339612022469992,0.41313516718189214
1.4340308628808762,0.4131550292325922
1.4344454903906987,0.41327325027313433
1.434448955279544,0.41327423820267345
1.4347668789582344,0.413364886476648
1.434797825057161,0.41337371001085427
1.4348205365503326,0.4133801856457108
1.4349207398636137,0.413408756205264
1.4353377672197856,0.41352766150414855
1.4354633780768842,0.41356347641241625
1.4354857575532045,0.4135698573806701
1.435912954062449,0.41369166216844333
1.4360935892723592,0.41374316594464794
1.4361084608092372,0.413747406204936
1.436772239639832,0.4139366667392316
1.436926647324939,0.4139806923689079
1.4374233473479165,0.4141223144083593
1.4375433708796053,0.4141565362254592
1.4377181167247024,0.41420636079124057
1.4378392830072209,0.4142409084361955
1.4380653035841124,0.41430535275585845
1.438424752724871,0.4144078410144418
1.4385942341391542,0.4144561645546663
1.4386486142498607,0.41447166973249516
1.4388392501644274,0.4145260249685826
1.4389243919233543,0.41455030108894486
1.4392021218429498,0.414629489081315
1.439644109771055,0.41475551128565447
1.439788366172411,0.41479664252144843
1.4398210785741188,0.41480596967431915
1.440696100162248,0.41505546098928225
1.4408742629060716,0.4151062598013766
1.4410762732263087,0.41516385817508056
1.4411429958467128,0.4151828825220546
1.4418369032977976,0.4153807335062846
1.4422846936763694,0.41550841013951656
1.4423735856366093,0.4155337555393911
1.442503332321488,0.4155707496792633
1.4434771814597906,0.4158484192880899
1.4435176876909184,0.4158599686635629
1.443660906459136,0.41590080404327767
1.444108018768389,0.4160282873413873
1.4445030758909851,0.4161409283577224
1.444588198315781,0.4161651989654231
1.4448909097463174,0.41625150983350157
1.4450622746255426,0.4163003703983568
1.445102707748033,0.4163118989286639
1.4451426371748484,0.41632328384229006
1.4454194798507378,0.416402218858503
1.4459876021972957,0.4165642052520107
1.446254659880253,0.41664035031333957
1.4462896616393985,0.4166503302213026
1.446575565394537,0.41673184878586134
1.446658805856571,0.4167555827972421
1.4471230172586342,0.4168879414895221
1.447391615188223,0.4169645257150527
1.4474773482808796,0.41698897043997485
1.4476755576742917,0.41704548507100947
1.4480954932197467,0.41716521956997116
1.4484484034508902,0.41726584341608697
1.4484805977601942,0.4172750228473965
1.4490414115399233,0.4174349253792335
1.4490917396444547,0.4174492752251681
1.4491689637994059,0.417471293831597
1.4499540951154792,0.4176951551021337
1.4499661645771678,0.41769859641822066
1.4501025201849318,0.4177374749331569
1.450107174075239,0.4177388018778038
1.4513799605220474,0.4181017062547809
1.4516719201729467,0.41818495151204904
1.45259948516078,0.4184494243109693
1.452655220968239,0.4184653160330503
1.4527367448170854,0.4184885605935566
1.4529274417048412,0.41854293321467934
1.4533363949019702,0.4186595363617265
1.453417160638882,0.4186825647648875
1.4537046247479624,0.4187645282267633
1.4543124606562707,0.41893783798517714
1.4543168901114787,0.4189391009375653
1.454506180206956,0.418993072445778
1.4550188886148028,0.4191392588903204
1.4551279736653255,0.41917036186316914
1.4551659867279816,0.419181200371746
1.4556869308936171,0.4193297350441129
1.4562493401485332,0.41949009248724345
1.4564901350068904,0.4195587493371575
1.457021852933937,0.4197103558879079
1.4575240657011068,0.4198535497534906
1.4578228763836694,0.41993874841730516
1.4584630423926181,0.42012127632465507
1.45885234746067,0.4202322772812802
1.4590031152716803,0.4202752650885907
1.4590635563986825,0.4202924984191258
1.4590683669112343,0.42029387002083085
1.4591442261412702,0.4203154994518191
1.4591950200589914,0.4203299821131573
1.4592103476823561,0.42033435241551365
1.4592628856715468,0.42034933235679356
1.459438528108406,0.4203994125641046
1.4599578500677652,0.42054748470345243
1.4599684173733953,0.42055049771594594
1.460750991505706,0.4207736298671695
1.461531943743456,0.4209962995742519
1.46177887160585,0.42106670510244176
1.4620426789615628,0.4211419234113002
1.4626161595525566,0.42130543757905775
1.4626208932775107,0.4213067872866301
1.4631938140671017,0.4214701418405105
1.4637814376935383,0.4216376885539311
1.4646048163353704,0.42187245512752186
1.464858411151177,0.4219447615767821
1.4652531066716845,0.42205729949099724
1.4656367104157677,0.42216667485251336
1.4661233878218063,0.42230543918432256
1.4665653183178609,0.42243144501329727
1.466914574020792,0.42253102685877947
1.467095945398995,0.42258274053562844
1.46790331886477,0.4228129436190441
1.468120477201185,0.42287486108444405
1.4682682394233915,0.4229169919205517
1.4690773762199454,0.4231476977752368
1.469276156437731,0.42320437516308285
1.4696216495747645,0.4233028842035894
1.4698967716021203,0.42338132861834604
1.4708902008315503,0.4236645810182132
1.4708943103655112,0.4236657527527689
1.471588579093881,0.4238637067465088
1.4716007178359003,0.42386716781621203
1.4716330153890909,0.42387637668502726
1.4717550520069667,0.4239111724851315
1.471900273711684,0.42395257895391203
1.4726169273085041,0.4241569154533418
1.4728790501302569,0.42423165345794417
1.472945032825854,0.4242504668331941
1.4735967870053943,0.4244362988280753
1.4736304676954886,0.4244459020650405
1.4737750537418892,0.42448712729117344
1.4740214532369746,0.4245573821681606
1.4743476724226487,0.42465039570600266
1.4751363351256341,0.4248752638663993
1.4751685894120294,0.4248844603987308
1.4753005457470476,0.4249220845670804
1.4757584720702734,0.42505265122062114
1.4759011883452948,0.42509334332651283
1.4761942550584877,0.4251769042359102
1.476722475994622,0.42532751370399063
1.4771363275217833,0.4254455134917808
1.4772019871649802,0.4254642347564255
1.4772242200750114,0.42547057393483473
1.477515148676427,0.4255535252131944
1.477753218002991,0.42562140494341205
1.4788896527731614,0.42594543192631834
1.479086703140339,0.4260016160889586
1.4796997124762425,0.42617640092555453
1.4798850654454918,0.42622924985712113
1.4801896861092831,0.42631610509704343
1.4802329667963747,0.42632844554176097
1.4808228518226272,0.4264966370388319
1.481090882401341,0.42657305949793545
1.4812449294304748,0.4266169822952541
1.481258987139329,0.42662099051209695
1.481487714900306,0.42668620672004987
1.4823306284502997,0.4269265432018476
1.4829158952030488,0.42709341790954447
1.48316743462994,0.42716513831419667
1.4832149388910854,0.4271786830092539
1.483620151637787,0.42729421965701864
1.4839338704811076,0.4273836690235378
1.4840409355742428,0.427414196054225
1.4840689701277239,0.4274221894314256
1.4846883488534963,0.4275987903460197
1.4848099624699265,0.42763346553745724
1.4850122887509691,0.4276911539997693
1.485064870798226,0.4277061465031446
1.485182058207314,0.42773955966824495
1.4853975645004471,0.4278010060933229
1.4854341336012036,0.4278114328909682
1.4854341459302407,0.42781143640629604
1.4854553021386814,0.42781746858919883
1.4855893696590112,0.42785569471115376
1.48577203577041,0.42790777754996634
1.4858919447069852,0.42794196669303175
1.4859460329564254,0.42795738865365535
1.4865195921381225,0.4281209252296576
1.4877108777426449,0.4284605916058944
1.4877867038438493,0.42848221159099487
1.4878161442126876,0.42849060580255965
1.4887687651281474,0.4287622226953126
1.4888204072428406,0.42877694719957277
1.4889074353756997,0.428801761173994
1.48952594735023,0.42897811495536275
1.4895536527628919,0.42898601448599205
1.4904581409119908,0.4292439074805747
1.4905426645642614,0.42926800736272225
1.4909337013243755,0.42937950206959946
1.4910382339850923,0.4294093070382228
1.491292916555914,0.4294819236346067
1.491382357888792,0.42950742567484707
1.4914633825953767,0.4295305279169685
1.4915760748895983,0.4295626594084117
1.4917534855536883,0.4296132437830977
1.4935331117818786,0.4301206613072335
1.493687043187792,0.4301645511373776
1.49423954956736,0.4303220850142944
1.494483376049006,0.43039160625851736
1.4949522784111229,0.43052530246498916
1.4955675790794298,0.4307007406197914
1.4956445613141096,0.4307226902484858
1.4958911765142449,0.43079300662856856
1.4962894505373627,0.4309065648665498
1.4968242390277953,0.4310590469144387
1.4969413555796496,0.4310924398763068
1.4971011883435184,0.4311380123364299
1.4971946813582762,0.43116466961609945
1.4976004754199308,0.4312803720118118
1.497647296541858,0.4312937219261864
1.4980347152044127,0.4314041850197526
1.4982107775502453,0.4314543849539866
1.4984812678010297,0.431531508729295
1.4984895423162938,0.4315338680078794
1.4989518722142852,0.4316656902346239
1.4991430473614962,0.4317201992199026
1.499665891859501,0.43186927572624034
1.4997381823322349,0.4318898876121028
1.500371583871511,0.4320704867939716
1.5015023938146426,0.43239290999302465
1.501627648030439,0.4324286232136213
1.5018840617968734,0.4325017334187069
1.5023953508216774,0.4326475151603862
1.502419678437597,0.43265445159369026
1.5027282094516679,0.43274242177574257
1.5028996116771074,0.43279129298897046
1.5031657420936828,0.4328671736626404
1.5031790980418387,0.43287098178933503
1.5035562999522112,0.43297853182227364
1.5039711586237479,0.4330968187730069
1.5039818537384881,0.4330998682271877
1.5040231602588274,0.43311164578583977
1.5040413103895551,0.433116820858139
1.50417059690005,0.43315368379037733
1.504368946813845,0.4332102384874122
1.5044368288525025,0.43322959341455525
1.505550527975143,0.4335471378755725
1.5057107381427681,0.43359281794327986
1.5060284362577967,0.43368340190321303
1.5061285176782475,0.43371193770796396
1.506429575714214,0.43379777715043305
1.506932083381041,0.4339410550995447
1.5073062921935283,0.4340477517227651
1.5074050735479956,0.4340759168450365
1.5074801061126353,0.4340973105723124
1.5080279275954342,0.43425350866383705
1.5080538261276504,0.43426089300605863
1.5084395508824098,0.4343708731226461
1.5084844448393062,0.43438367355236335
1.5085925259611257,0.43441449027914025
1.5090741595836392,0.43455181649764907
1.5091282642311936,0.4345672431337997
1.5095875614971943,0.43469820067862835
1.5097075107071878,0.4347324013046882
1.5097833925826993,0.43475403719248823
1.5103227983953473,0.43490783575851444
1.5104330577822211,0.4349392735650685
1.5113424123676844,0.4351985541066833
1.511387531823753,0.4352114188320543
1.5116191719700058,0.4352774654364705
1.5120686679957889,0.43540562839389313
1.5124852718114228,0.43552441293040184
1.513001831119957,0.4356716973664558
1.5131942879412106,0.43572657179019536
1.513993960568918,0.43595457916525127
1.5143250011061289,0.4360489673952736
1.5143285566768845,0.4360499811805736
1.5148141637611543,0.43618844033592863
1.515521043852306,0.4363899901557905
1.517571714742776,0.43697468953230945
1.5176141627844304,0.43698679256825007
1.5177784911390475,0.43703364683771656
1.5183455680519216,0.4371953351510078
1.5192050387010307,0.437440392490538
1.5192845235341272,0.43746305567485005
1.519872624020012,0.4376307383532483
1.5198967923062918,0.43763762935754597
1.5199970050132903,0.43766620259549144
1.5201615957613759,0.43771313168013093
1.5202473947826616,0.43773759520301236
1.5204066880005993,0.43778301382461804
1.5215735357742706,0.4381157123424197
1.5219358622518693,0.4382190210042496
1.5224073067488806,0.4383534420392127
1.5224786969588293,0.43837379723684144
1.5224828236572545,0.43837497386543034
1.5225400452086846,0.43839128921159326
1.522993051280275,0.4385204529739743
1.5230234282316748,0.4385291142294818
1.5232231716050861,0.4385860662379391
1.523868296185405,0.4387700079623975
1.5244462030517427,0.4389347841758816
1.5247156322631885,0.4390116054213971
1.525544395620704,0.4392479073168758
1.5257337890154246,0.439301908278378
1.525903903004717,0.43935041218211923
1.5271541978005743,0.43970690360695003
1.52737259603898,0.43976917460051723
1.528683982264251,0.44014308477394143
1.5286957030681274,0.4401464266786569
1.528800973668699,0.4401764420530428
1.5289260932949469,0.4402121168986738
1.5289653136732062,0.44022329964419454
1.5301519649951634,0.4405616446664593
1.5305758876088311,0.4406825159818204
1.5306846484304983,0.44071352650862616
1.5310880109206093,0.4408285356003214
1.5311652335418244,0.4408505537694423
1.5314204063910504,0.4409233101568959
1.5317390706115215,0.4410141695785098
1.5318426819487714,0.4410437118539532
1.5320793058990498,0.44111117946996137
1.5326773900734447,0.4412817087564987
1.5327584515283512,0.4413048214765182
1.532874233464761,0.4413378339049608
1.5331783459379709,0.4414245442465877
1.5331919157677085,0.44142841335646005
1.5333139712420636,0.441463214533035
1.533443800050954,0.44150023208858963
1.5335134347669606,0.44152008674943377
1.5339457635050713,0.4416433548685646
1.534102768103249,0.4416881209454088
1.5342679375858137,0.4417352150422355
1.5344658774632767,0.4417916528272936
1.5344877574948081,0.44179789139090414
1.5349219829701204,0.4419217003189303
1.5355532026330814,0.4421016773913583
1.5360433006758645,0.4422414170352865
1.5361692162482723,0.44227731882578003
1.5363071412076874,0.44231664480351307
1.5364800068324656,0.4423659332697896
1.53649383377431,0.44236987568898195
1.5374210448170664,0.4426342475689948
1.5381417974937108,0.4428397528222349
1.538257228122784,0.44287266508385814
1.5382828766624321,0.44287997814672486
1.5386854886412966,0.44299477324822806
1.538966022750125,0.44307476078756786
1.539043317037929,0.44309679939068897
1.5394894575700173,0.44322400560996306
1.5400600153921322,0.443386686420623
1.5404173281545872,0.4434885655424268
1.5404565240262071,0.4434997413004702
1.54047970094195,0.4435063496393544
1.540899709697975,0.4436261050125456
1.541078206304456,0.4436769990175295
1.5413090480947271,0.44374281798998066
1.541374743368397,0.443761549413796
1.5417563020256873,0.44387034166810635
1.54196258089845,0.4439291571166769
1.5422463893945755,0.44401007826863087
1.5424784928567177,0.4440762569764055
1.543044460234632,0.4442376289325466
1.5435740964080213,0.4443886419214184
1.5442894290114273,0.4445926017714164
1.5448392705058969,0.4447493758205797
1.5449207201080197,0.4447725992114223
1.5450576472667699,0.4448116406903462
1.5462493854009187,0.4451514360944985
1.5465869870201683,0.4452476950589204
1.5468338017108578,0.44531806831892645
1.5470456392095822,0.44537846867570857
1.547205594930346,0.4454240761940268
1.5476956218033424,0.4455637955456058
1.548209817617582,0.44571040608822965
1.548549678005176,0.4458073090860012
1.548884185292702,0.4459026857763158
1.5488991840242006,0.44590696230308396
1.5493812692596485,0.4460444172881356
1.5502916042418382,0.4463039773662463
1.5504322310842469,0.4463440737207907
1.5504518330926895,0.44634966276102533
1.5504593599143996,0.4463518088528149
1.5513587049961937,0.44660823542572037
1.5531715698814066,0.4471251301517455
1.5534648303894054,0.4472087463170607
1.5536486404656311,0.44726115532987043
1.554506979489216,0.4475058900136581
1.5546598284055226,0.44754947119798233
1.554725144493559,0.447568094506154
1.554834651455258,0.44759931777680523
1.5548373873690224,0.4476000978566707
1.5549132475168674,0.4476217275493502
1.5552435120532606,0.44771589452144334
1.5552859576129592,0.4477279968497141
1.555425641839417,0.44776782444004026
1.555670726729668,0.44783770448914517
1.5557882340541378,0.4478712088704057
1.5559343499177116,0.4479128702870318
1.5565081474620355,0.4480764748263918
1.556788168920828,0.4481563161959304
1.556873823540671,0.44818073854622126
1.5569551000617663,0.44820391258718056
1.5573135645319414,0.4483061200906806
1.5573645748148168,0.44832066444332735
1.558149608663836,0.4485444979234831
1.5581728462477527,0.4485511235604348
1.558664039894902,0.4486911755895407
1.5587718465571139,0.44872191406077594
1.5590493247872015,0.4488010302899494
1.5598029290673423,0.44901590238609507
1.5598632693025536,0.44903310694976795
1.5598936434095814,0.4490417673942713
1.5603226465685551,0.44916408730466856
1.5613226738329975,0.4494492209751853
1.5616120949933008,0.44953174244304595
1.5618496953740724,0.4495994884646739
1.5623127280731175,0.44973151107819886
1.5624849033285546,0.44978060270229814
1.562753650836832,0.44985722957658647
1.562776555386079,0.44986376025672964
1.5628148799732875,0.44987468758902366
1.5628937896900885,0.44989718679278634
1.5629649635163196,0.4499174802938133
1.563232266007874,0.44999369515641274
1.5634365290693728,0.45005193584498887
1.5639499532704024,0.45019832638070423
1.5639717681697978,0.4502045463734563
1.5641101964777084,0.4502440158688803
1.5643774306322193,0.45032021124681904
1.5644508819010843,0.45034115410571923
1.5651268052415692,0.4505338773542877
1.5653254019706215,0.45059050242474413
1.5655286998488247,0.4506484679145676
1.5656876539467943,0.4506937898442881
1.566058874584576,0.4507996344615159
1.5664780830333942,0.450919161646397
1.5666137296648814,0.45095783801383654
1.5666436110038398,0.45096635795740236
1.5667710018285093,0.45100268038051977
1.5668595459685202,0.4510279266078396
1.5675116062084615,0.4512138458684671
1.5679080712455686,0.4513268883176894
1.5679651885062478,0.4513431739278588
1.5679937048856665,0.4513513046861116
1.5680381251779536,0.45136397006178247
1.5686089505314311,0.4515267271525623
1.5690024978168344,0.4516389376752137
1.5695880148245747,0.4518058837370894
1.569854779674821,0.4518819453042288
1.5702797131373514,0.4520031048387784
1.5709610115158958,0.45219736064989335
1.5713397899785484,0.4523053601987147
1.5713568020027817,0.4523102107673791
1.571675030817802,0.45240094604362335
1.571760343155428,0.45242527080039
1.5729174414111515,0.4527551894781442
1.5731893385589664,0.45283271439622996
1.5734578177807477,0.45290926477509047
1.5739039950975329,0.45303648148263426
1.5741465388531966,0.45310563698846124
1.5741523427763164,0.45310729183724524
1.5741947674565966,0.45311938821225306
1.574494356307656,0.4532048087520581
1.5748163352195341,0.45329661327803167
1.5749661285393037,0.45333932323265336
1.5751968580631341,0.4534051101950348
1.575635563837805,0.4535301965724335
1.5758056725434537,0.4535786989696711
1.5773183029692939,0.4540099890762417
1.577380494588465,0.4540277215174262
1.5773954848615577,0.4540319956324839
1.5775864345373876,0.4540864403300328
1.5776641083593506,0.45410858714817154
1.5777376551857587,0.4541295572530019
1.5779753225510464,0.45419732237365024
1.5783913857192509,0.4543159527575759
1.5786932582845175,0.4544020244434421
1.5786996949094008,0.45440385969188385
1.5787108443158042,0.4544070386763825
1.5788629164229417,0.4544503983722957
1.5788795201120376,0.45445513251403824
1.5790733380470823,0.4545103950265678
1.5793430663839156,0.4545873015604778
1.5793609994865907,0.4545924147524588
1.5797062801665667,0.4546908632159565
1.579914461178092,0.45475022101354734
1.5799764506332257,0.45476789581252924
1.580348219743102,0.4548738968133548
1.58043387064965,0.4548983181048891
1.5807035070930164,0.4549751984375919
1.5807366597847097,0.45498465112853953
1.5811046377032731,0.45508957116254245
1.5814944752325595,0.45520072393765443
1.5817877410720629,0.45528434162311965
1.581898335189203,0.4553158748699412
1.5827988115248608,0.45557262399261894
1.583064319717213,0.4556483272540493
1.5830761768825745,0.45565170803895566
1.5834477256720132,0.4557576462207188
1.5836061109620658,0.4558028059685719
1.5840297208097132,0.45592358810624095
1.584584059920425,0.4560816445422687
1.584588239001398,0.45608283610647854
1.5851561994928305,0.45624477635089866
1.5853785721039155,0.45630818054103983
1.5858637483421543,0.45644651685103393
1.5858979922912217,0.456456280687719
1.5860566627716384,0.4565015217507304
1.5862056860417006,0.4565440121442388
1.5866413055932345,0.45666821855949785
1.5868419753336052,0.45672543469916516
1.5872316197270533,0.4568365324062484
1.5872995307960893,0.45685589561070433
1.587317387763133,0.4568609870944452
1.5873584990054175,0.45687270897426696
1.5876427805389257,0.4569537650014288
1.5883313331918159,0.4571500891940218
1.5884954209496736,0.4571968748631212
1.589048284318501,0.45735451052692083
1.5891033171739093,0.45737020181916804
1.5893554562410164,0.4574420931967747
1.5903969578652388,0.4577390522813144
1.5905261529954147,0.4577758891586573
1.5917151720098492,0.45811490927136306
1.5917160693795551,0.45811516513470507
1.5928654619043312,0.458442886709013
1.593005151530587,0.4584827158389612
1.5932765394358324,0.4585600955588028
1.5933261414164723,0.45857423836801176
1.5935757793441991,0.45864541660600955
1.5944841557849179,0.45890441825322714
1.5944999520235439,0.45890892216993007
1.5948042560532567,0.458995687129277
1.5948469422028082,0.45900785805594524
1.595079816685891,0.45907425660175705
1.5958580109813187,0.45929613994806184
1.5959855910635157,0.4593325163334015
1.596063291941313,0.4593546708658594
1.5960668425185265,0.4593556832273713
1.5961163757498502,0.45936980643436964
1.5961430223884707,0.4593774040811009
1.596575275106641,0.4595006505249782
1.5969454284382543,0.4596061908255775
1.5970110228323622,0.45962489348601726
1.5975825530369745,0.45978785154810886
1.5984098387003218,0.4600237321147126
1.5988401844292546,0.46014643482657347
1.5989463409810607,0.4601767028085996
1.5995514462833573,0.4603492340005258
1.5996337576175268,0.460372703093491
1.599792509015905,0.46041796722830874
1.5999891568268945,0.460474036611755
1.600263146097213,0.46055215804814564
1.6005525474127478,0.4606346738577489
1.6007093832203214,0.46067939180802076
1.600797812039522,0.4607046051543909
1.6012112467086261,0.4608224860851538
1.601297923122102,0.4608471997752703
1.6013859520090827,0.4608722990906077
1.6018760004499761,0.46101202459175283
1.6020219820023256,0.46105364771277074
1.6025202067251425,0.461195704483631
1.6031272068126194,0.46136877592788084
1.6034532015480756,0.4614617254691531
1.6036142821458452,0.46150765371903607
1.6037807611064538,0.46155512118196423
1.6045101099058845,0.4617630774124224
1.6053647266653042,0.46200675078230213
1.6056018311817213,0.4620743554201614
1.6060867482375865,0.46221261783054884
1.6062274833593593,0.46225274505834407
1.6068783536728009,0.46243832504011134
1.607086974322962,0.4624978081900624
1.6079413496909392,0.46274141273299085
1.6080896458606206,0.46278369581135104
1.6081261883313767,0.4627941150160936
1.6082940312452896,0.4628419713774308
1.6085547674289327,0.46291631401559885
1.6088653578958032,0.46300487140097746
1.6097695959036318,0.46326269307380624
1.6099402247067176,0.46331134376429195
1.610243201910539,0.46339773041121657
1.6107014343214234,0.4635283843382754
1.6107951795458852,0.4635551135294631
1.611131511837016,0.46365101057556707
1.6113977182763264,0.46372691292528767
1.6121733428833214,0.46394806358687357
1.6125179148949456,0.4640463099906717
1.6127582118956423,0.46411482488847416
1.6128321836881867,0.46413591616215527
1.6137414058391415,0.4643951589432621
1.6137604536490664,0.4644005899671475
1.616416816236345,0.46515798773185385
1.6165484285267537,0.46519551380417584
1.616686000210842,0.4652347390539643
1.6166930659475263,0.4652367536784722
1.6171187431702605,0.4653581252783168
1.6173943807617388,0.46543671669375636
1.6175231227048332,0.4654734243557266
1.6175265821765823,0.46547441074071105
1.6176782879945266,0.46551766599808986
1.6196082481819007,0.4660679476271451
1.6200829581281218,0.46620329972624247
1.6206788743310416,0.46637321086796873
1.6208362754088872,0.46641808999143397
1.6213626806867563,0.4665681817683233
1.6218692427547017,0.4667126157321898
1.621878269354095,0.4667151894494361
1.6220359169174077,0.4667601388522909
1.6221426944629405,0.4667905838957102
1.6223893769844155,0.4668609194708507
1.622996724975088,0.46703409011131103
1.6242232750365708,0.4673838112974608
1.6247090993467963,0.4675223323895615
1.6254551973880609,0.4677350642626165
1.6260043673759197,0.46789164684785545
1.626197819803153,0.4679468051446427
1.6263624312536733,0.46799374013208245
1.6263998474231631,0.46800440845096003
1.6265604825155353,0.46805020967571687
1.6268074312605365,0.4681206211580789
1.6269281150807722,0.4681550312405429
1.6280852125237653,0.46848494968656645
1.6287662915103578,0.4686791429433544
1.6288619663223232,0.4687064223099095
1.6289685623771006,0.46873681560561437
1.629412883622845,0.46886350309923835
1.6301243655929945,0.469066365033976
1.6301259609080885,0.4690668198996228
1.6305139310579384,0.4691774402364985
1.6306167647838956,0.4692067607948248
1.630801542115826,0.46925944559728455
1.6314790732956632,0.4694526272824901
1.6317066850161048,0.4695175252783847
1.6317717250605437,0.4695360698793779
1.6337525216371793,0.4701008462795074
1.6352306726841737,0.4705223054222664
1.6356844327145927,0.47065168415783426
1.6359128597766497,0.4707168146287379
1.6362317120269947,0.47080772766253826
1.6363358523781835,0.4708374207735552
1.6367092126372558,0.4709438754522223
1.6369779279292018,0.47102049314080024
1.637404779025843,0.4711421994424954
1.6380355647244405,0.47132205278044476
1.638330310570263,0.4714060924540387
1.6383431716177466,0.4714097594717353
1.6392862967429167,0.4716786688687668
1.6393835033099053,0.47170638497834644
1.6396194963971369,0.47177367271896237
1.6400833347446755,0.4719059250437368
1.6400977182068261,0.47191002614128036
1.6408189895853265,0.47211567928985215
1.6408270535817018,0.47211797854404985
1.6408877846176786,0.4721352945351414
1.6412689154635949,0.4722439648093503
1.641459092546621,0.4722981892206832
1.6415747153014224,0.4723311562623271
1.642051382735659,0.4724670664919501
1.6425529697589107,0.4726100819417371
1.6430475457641673,0.4727510983687309
1.6431379490385596,0.4727768746834083
1.6437210739317996,0.4729431386914919
1.6437596890643569,0.4729541488657892
1.6441427983632049,0.4730633832481644
1.6443313757134572,0.47311715153425565
1.6443938796505204,0.4731349730253594
1.6444054709252083,0.4731382779979488
1.6444524469089508,0.4731516720674375
1.6444850595233225,0.47316097076835467
1.64488886077786,0.4732761049631507
1.6450001432896206,0.47330783448910535
1.6460946705509716,0.4736199125559804
1.646282165753639,0.4736733722937713
1.6464434799001666,0.47371936713445345
1.6467858035827292,0.4738169724814118
1.649109517371434,0.4744795234591325
1.649369033366148,0.474553518189838
1.649405315692885,0.47456386322078375
1.6494918928745874,0.47458854861735217
1.6494993446866872,0.4745906733219594
1.6500179575184744,0.47473854327067194
1.6501576423970532,0.4747783710469348
1.6502099035549798,0.474793272056452
1.6504190219147667,0.47485289711630657
1.650784685066987,0.4749571571504801
1.651269103819306,0.47509527748162234
1.6515570961997144,0.47517739156733413
1.651657700532175,0.47520607646784047
1.6517903696951488,0.47524390388190035
1.6522716544010574,0.4753811306152493
1.6526606004018503,0.4754920291925003
1.6534557567554238,0.4757187488608439
1.6535087231153185,0.4757338509417049
1.6535129683313734,0.4757350613627393
1.6537420066232726,0.4758003661110998
1.6538622027777425,0.4758346371474252
1.6541023437153377,0.4759031075475955
1.6541427342491966,0.4759146239347812
1.6547063139181042,0.4760753150932507
1.6554250496676906,0.4762802452683546
1.6554474603525284,0.4762866351349652
1.6558564339339912,0.4764032440941139
1.6560851293107732,0.47646845106849406
1.656092592158552,0.4764705789196591
1.6561366217922124,0.4764831329084385
1.6563530887527094,0.47654485324466017
1.6570344637009589,0.4767391308877809
1.6580585113589668,0.47703111339455234
1.658490576366179,0.47715430631717454
1.6586733406013363,0.4772064171336115
1.6589024103150722,0.47727173084115154
1.6593323557255282,0.47739431941184757
1.6600984074945486,0.4776127406094221
1.6602371165602956,0.4776522901561762
1.6602539232144968,0.47765708216852604
1.6605707896961293,0.47774742900824146
1.6606316039167164,0.47776476871741963
1.6612214146699646,0.4779329390373333
1.6618854544542858,0.4781222739762944
1.6621091799687142,0.47818606391421475
1.662281591379098,0.4782352228722046
1.6625412580718255,0.4783092605708164
1.6628430851174858,0.4783953192778642
1.6639280153056144,0.47870466097063097
1.664159108620118,0.47877055165915433
1.664754336184034,0.47894026645206705
1.6659950451201366,0.4792940247000395
1.6666048655563404,0.47946790029874903
1.6666715563881107,0.4794869155819605
1.6669754403179662,0.4795735607599588
1.6673663268196428,0.4796850126242643
1.6674679867057551,0.47971399849045243
1.6676750005368521,0.4797730234946768
1.6682584049763851,0.479939367208648
1.66856190360879,0.48002590252836524
1.6691257053242998,0.4801866569980712
1.669578519802282,0.4803157661321527
1.6698109471948634,0.4803820372008842
1.6701647974852978,0.4804829290822484
1.6703863079031316,0.48054608743876565
1.6709287362493674,0.48070074780739164
1.6714125303988159,0.48083869004807994
1.671544523344755,0.48087632465515123
1.6717415700232465,0.4809325077660514
1.6719606433198764,0.4809949712362
1.672594783000141,0.4811757808811801
1.6727558009375578,0.48122169126497377
1.6727887269819024,0.48123107933289294
1.6727890731438837,0.4812311780326382
1.673022256446885,0.48129766463100626
1.6730506263698655,0.48130575363073574
1.6736031089422716,0.48146328071961403
1.67389621624709,0.481546853202735
1.6741361963953127,0.4816152777576917
1.6743639445556215,0.4816802146561255
1.6748079240168487,0.48180680469813225
1.6748302410947742,0.481813167874988
1.6749735190620725,0.48185402013389383
1.6752002336729166,0.4819186623406099
1.677167616748166,0.4824796142041284
1.67728256404446,0.4825123886550596
1.6773241296052388,0.48252424007284916
1.6776871019464297,0.48262773288711497
1.6778444080912625,0.48267258494271975
1.6778830875965547,0.48268361347135086
1.6782297579067236,0.4827824581544033
1.67875707916133,0.4829328110999816
1.678860759661713,0.48296237309562523
1.6789193279767562,0.48297907243897137
1.6791231853671096,0.4830371974601984
1.6796640781226568,0.48319141999215215
1.6801439638530486,0.48332824784135237
1.6809500880671175,0.4835580947307549
1.681998514505688,0.48385702825919524
1.6825820439450476,0.48402340761385404
1.6828363222612954,0.48409590894679017
1.682905985702927,0.4841157717980538
1.683103516519054,0.4841720929491315
1.6838769841301326,0.48439262859532267
1.6839359854758702,0.48440945140693376
1.6843274628330276,0.4845210717394381
1.6846324095196235,0.4846080199369048
1.6850172667354277,0.48471775269566936
1.6852205564305849,0.4847757158522947
1.6852822108326069,0.4847932951189579
1.6853689776246354,0.48481803457834044
1.6855322424813184,0.4848645856170046
1.6862646184976957,0.485073404985409
1.6863035210296096,0.48508449710470575
1.686562886610478,0.4851584489485285
1.6866242939359077,0.4851759577672566
1.686682327333904,0.48519250459190005
1.6871393464802524,0.48532281258581983
1.6875522375635108,0.4854405385261808
1.688143818864168,0.4856092136750126
1.6881930376620002,0.48562324722887956
1.6883638836271695,0.4856719598378992
1.688638611247948,0.4857502917971272
1.6890024412980125,0.4858540291664047
1.6892593948077685,0.48592729326628864
1.6897665073847927,0.4860718841945498
1.6900236327590812,0.4861451972974626
1.690105437210229,0.4861685218649518
1.6907442388779577,0.486350660763288
1.6908494415228987,0.48638065676176395
1.6911432391069132,0.4864644260613596
1.6912149110638126,0.4864848615923401
1.6920338176696053,0.48671835307264494
1.6921795434547033,0.4867599032677961
1.6923167059821196,0.48679901185642166
1.6928361916142753,0.4869471306631223
1.6928408482224742,0.48694845838271056
1.693119727804856,0.4870279741737135
1.693661799767505,0.48718253292814956
1.6936777867677772,0.4871870912359381
1.694477925250541,0.4874152314383347
1.6945463715422027,0.48743474724862185
1.6952033096651251,0.48762205732000835
1.695611593117978,0.4877384695056181
1.6966625064412675,0.4880381121092943
1.6975067656610965,0.4882788322764104
1.6975357911485014,0.4882871081945344
1.6977115312916737,0.48833721626044574
1.6977772972502543,0.4883559678383596
1.698086151444593,0.48844403016747545
1.6982178926513312,0.48848159299718147
1.698290351087013,0.4885022527736301
1.698627131171814,0.48859827749730583
1.6989858987134638,0.48870057141433215
1.698987395293146,0.4887009981279559
1.699126231037143,0.48874058379395974
1.6997019660960078,0.4889047407688906
1.6999603411948963,0.48897841020065064
1.7009960575568075,0.48927371975708617
1.701471415470409,0.48940925660846385
1.7017546533787042,0.4894900150710511
1.7021181714001237,0.4895936634728814
1.702284943474183,0.48964121451004533
1.7031111560018646,0.4898767890978802
1.7033904541679057,0.48995642423792446
1.7034004898162733,0.48995928566116426
1.704810857758801,0.4903614180854799
1.7052407355609944,0.49048398737930937
1.705250376266473,0.49048673619410427
1.705493019735974,0.49055592013092825
1.7059283089758968,0.490680032365793
1.7065878026722467,0.49086807109734504
1.7070640000675292,0.4910038473066894
1.70871449772404,0.4914744469310332
1.7088197469479902,0.491504456210391
1.7107211817142987,0.49204660450318555
1.7110162519918328,0.4921307366806625
1.7111977128012579,0.4921824758566688
1.7112111987313297,0.4921863210445739
1.7115450617226111,0.492281514029344
1.7117005848278088,0.49232585769417364
1.7124343957944126,0.4925350862040481
1.713022071796542,0.492702647851135
1.7130425169194798,0.49270847728514605
1.7132991486992413,0.492781649651477
1.7135227229804277,0.4928453964688834
1.7137784069640913,0.4929182985940019
1.7140340511950234,0.492991189384587
1.714164729660598,0.493028449199266
1.7143041152502934,0.49306819164051746
1.714460692745917,0.4931128359393629
1.7147098928364817,0.4931838893386474
1.7147178998855344,0.4931861723556887
1.7147699667159768,0.49320101795740795
1.714881084300468,0.49323270045832707
1.7151728326207998,0.4933158854597777
1.715271804932912,0.49334410502901865
1.7154239090879715,0.493387473862625
1.7156578667089875,0.49345418123911106
1.716018911492619,0.4935571244567993
1.7163392367395,0.49364845748005776
1.7163832571813213,0.49366100884800584
1.7168301162797115,0.4937884199491412
1.71736257780012,0.4939402385176154
1.717593244741501,0.49400600763611996
1.717784947411678,0.4940606670318573
1.7178402843491745,0.4940764450257828
1.7178831331186968,0.49408866231961596
1.7183905723484394,0.4942333463850263
1.7186641973291594,0.4943113639530185
1.7188999856135232,0.4943785932990333
1.7189992814640267,0.4944069051174485
1.7190625297576747,0.4944249388438909
1.7191091271879955,0.494438224977996
1.7195348814085178,0.4945596185319037
1.7197657940105704,0.49462545769462746
1.7198668248234021,0.4946542641957323
1.720181995455684,0.4947441275048811
1.7209212297345735,0.494954902341534
1.7214015495084032,0.49509185394775884
1.7216279755719348,0.4951564138821634
1.7218982792902715,0.4952334844722403
1.7219575810930474,0.495250392951934
1.7221286533369862,0.4952991700788904
1.7227004097710266,0.49546219264485075
1.722859338976571,0.4955075074770962
1.7228785098626433,0.4955129735931784
1.7231929324203321,0.4956026236068877
1.7232484367722296,0.4956184493349945
1.7232577098759998,0.49562109333702237
1.7235501100460466,0.4957044641977075
1.7235808404908421,0.49571322624333597
1.7240276972773914,0.4958406366853055
1.724267887661904,0.49590912118407277
1.7245728480249574,0.49599607328105194
1.724763473018945,0.49605042540339955
1.7248391943316506,0.4960720155105854
1.7248974199028464,0.4960886171287843
1.7253640652434232,0.4962216697999658
1.7257080642972753,0.49631975283866564
1.7257200674028785,0.49632317523491415
1.7257764353996254,0.49633924721053274
1.725973855557418,0.4963955368100535
1.726348789491529,0.496502440184227
1.7263854521513466,0.4965128936579835
1.7264665391644118,0.4965360136652959
1.7265412036017784,0.49655730242995305
1.7265694203428315,0.49656534775354827
1.7269562509378114,0.4966756431738197
1.7270320208378573,0.49669724713451485
1.7272116973624807,0.496748477564717
1.727256270680762,0.49676118657206153
1.7272847936679336,0.49676931921435624
1.7273099686075792,0.4967764972415975
1.7291404651239126,0.49729841920225654
1.7295001811770192,0.49740098356446244
1.729593336348046,0.4974275445161352
1.7296388791708575,0.49744052995432825
1.729974689689356,0.49753627822954266
1.7314231503813557,0.4979492718832101
1.7320010848174323,0.4981140559575406
1.732037293556154,0.4981243800066378
1.7325047347622657,0.4982576595996932
1.7327418748167256,0.49832527437036883
1.7329344790501195,0.498380190825127
1.7330908168673214,0.4984247667854477
1.7336265734629959,0.49857752486521206
1.7338383486581435,0.498637907457631
1.7343676907327208,0.4987888365913155
1.735218113894682,0.4990313142579596
1.7359855197038,0.49925012152743126
1.7360715362671078,0.49927464707717667
1.7361270446226849,0.49929047394683607
1.736503489321154,0.49939780807905193
1.7367132649735446,0.4994576205500492
1.7372690507764665,0.4996160894754907
1.7375126293815604,0.4996855400436893
1.7375225111092187,0.49968835758014923
1.7376324331926511,0.4997196992127569
1.738060905536646,0.4998418677740571
1.7383122132103004,0.49991352209986
1.7386633249162424,0.500013633139865
1.738740632291451,0.5000356754745443
1.7397163636296873,0.500313881747315
1.7399849247332244,0.5003904554727843
1.7400916624521836,0.5004208891606163
1.7401542822357332,0.5004387436825535
1.7401604588517754,0.5004405047957412
1.7402206638593927,0.5004576708025248
1.7404068111964945,0.5005107462289375
1.7404312198726353,0.50051770577461
1.740540469095586,0.5005488555572695
1.7407360884056013,0.5006046316884529
1.7420173499453824,0.5009699525339137
1.742191147637247,0.5010195067566541
1.7422404957377011,0.501033577178047
1.7436108659299403,0.5014243052079455
1.7441751580096434,0.5015851994931815
1.7443670047703432,0.5016398999728586
1.7444694207416642,0.5016691014185197
1.7448306563159324,0.5017720990355592
1.7449039352017564,0.5017929927435902
1.7455412785501299,0.5019747158373127
1.7463911244052142,0.5022170288988159
1.7464432366604534,0.5022318874523206
1.746933507295302,0.5023716763067165
1.7470765455688477,0.5024124602227265
1.7472274091970328,0.5024554753499948
1.7474154139238625,0.502509080366319
1.7477346886701612,0.5026001138646572
1.7478105487777649,0.5026217435458629
1.7478523021901589,0.5026336485250125
1.7482970048791349,0.5027604447779799
1.7491187228783107,0.5029947378593442
1.749188649774899,0.5030146758284386
1.7496603220359654,0.5031491618048325
1.7497065560883338,0.5031623443304729
1.749941601626354,0.5032293619002703
1.7500425115776106,0.5032581339406101
1.7500903071271583,0.5032717616895341
1.750244651016938,0.5033157691295105
1.750270336879335,0.5033230928340593
1.7506185349939662,0.5034223731337293
1.7506442602647607,0.5034297080746328
1.7507233420431287,0.503452256337604
1.7507979733066588,0.5034735356435414
1.751007628868916,0.5035333138737317
1.751015630588262,0.5035355953711356
1.7521377910025335,0.5038555523655162
1.7523009797192308,0.5039020816946989
1.7526512237242153,0.5040019453306903
1.7527711566377864,0.5040361413102183
1.7531644587713655,0.5041482819337362
1.7535209438043744,0.5042499250484394
1.7535735773996552,0.5042649322494912
1.7540715919021304,0.5044069290810882
1.7541636154716556,0.5044331673838682
1.754562717112508,0.5045469615970977
1.7548551868853548,0.5046303523033435
1.7551662460014676,0.5047190433127577
1.75517793149996,0.5047223751509939
1.7554211156641726,0.5047917132538828
1.7555592719286814,0.5048311051826881
1.7559165553622107,0.5049329759420556
1.7559248544357398,0.5049353422228375
1.7560262983845485,0.504964266519708
1.7572513529235168,0.5053135612936601
1.7578514408520043,0.5054846619023798
1.7585483208916748,0.5056833604485957
1.7593625659786358,0.5059155228091639
1.7594044407639353,0.5059274623948724
1.759450781341254,0.5059406752935347
1.7599754500768623,0.5060902719372551
1.7600213858996387,0.5061033694299155
1.7601672314115897,0.5061449537622931
1.7610824930863342,0.5064059185680363
1.7617079708242083,0.5065842584689246
1.7622891557895586,0.506749969353329
1.7623511298940424,0.5067676397754435
1.762698758182996,0.5068667576030559
1.7627592719033447,0.506884011631834
1.7634753091784425,0.5070881724019798
1.7637575601776505,0.5071686494712286
1.763866876610642,0.5071998184172115
1.7638957278787322,0.5072080446608971
1.7641552213964553,0.5072820329828305
1.766566889013268,0.5079696618746601
1.7669539208592309,0.5080800146767988
1.766982149070387,0.5080880632708173
1.7669858760631465,0.5080891259329701
1.7675131959496835,0.5082394784884761
1.7675893275611962,0.5082611855824772
1.7676038508535166,0.5082653265492236
1.7678305163304124,0.5083299547465785
1.7682970030953349,0.508462962203734
1.7686335592098739,0.5085589230676879
1.7687266449514811,0.5085854642232353
1.7688214167160925,0.5086124861076036
1.7701158566243667,0.508981564447198
1.7704808708723674,0.5090856394619743
1.7705666672496627,0.5091101022309856
1.7710124069753774,0.5092371941699831
1.7712314030517342,0.509299635622632
1.772490892721311,0.5096587487440771
1.7725744638119525,0.5096825770262361
1.773092847654418,0.5098303816841634
1.7732840715720395,0.509884904575149
1.773554038560163,0.509961879154722
1.773715642620194,0.5100079566572517
1.7742198417503399,0.510151716886359
1.774683067844297,0.5102837946417818
1.7750674472873003,0.5103933911751479
1.7759100230154634,0.5106336313351931
1.7762716116016875,0.5107367296050835
1.7765854487648685,0.510826212707659
1.776734936135383,0.5108688354282249
1.7776080292263217,0.5111177768786974
1.7779597101206628,0.5112180502090546
1.7787266374290684,0.5114367210455812
1.7791055675842464,0.5115447638458703
1.7791987121523114,0.5115713217743643
1.7792508720871776,0.5115861939225657
1.7794568985169712,0.5116449373931082
1.781196633447097,0.5121409808751121
1.7818677912964875,0.5123323453587589
1.7820279344013543,0.5123780063051373
1.7821096643414995,0.5124013096276099
1.7824390069368639,0.5124952137304406
1.7825692229892023,0.5125323416991308
1.7826101694161518,0.5125440165858319
1.7848261341942708,0.513175845530289
1.7848293046467147,0.513176749508385
1.785465554024252,0.5133581606826918
1.785722851088418,0.5134315227388349
1.7859983375475366,0.5135100710625249
1.7860271602613937,0.5135182891646592
1.7860476197015576,0.5135241226808822
1.7863841690665279,0.5136200816203593
1.7871380598202016,0.5138350353975283
1.7874477550594172,0.5139233375303185
1.7876196479468742,0.5139723486439942
1.7881163597321283,0.5141139740371754
1.7890763736076005,0.5143876988542813
1.7894507905864412,0.5144944548311197
1.7905622654525744,0.5148113650990054
1.7920505283202157,0.5152357073836937
1.7921295788514409,0.5152582467372955
1.7924471552378185,0.5153487959892378
1.7928270220702136,0.515457105860458
1.792838658663213,0.5154604237544718
1.7932588865472028,0.5155802416067203
1.7938402323269722,0.5157459983434804
1.7940284761435734,0.5157996715304904
1.794734597817858,0.5160010051060628
1.7953745761050515,0.5161834794890792
1.7953879112049889,0.5161872816714064
1.7960312237002354,0.5163707067234837
1.7964173142243611,0.5164807911303895
1.7964196386699862,0.5164814538900326
1.7967623366383485,0.5165791659555654
1.7974610659568695,0.5167783917790716
1.7976987468090553,0.516846160745184
1.7982463856618256,0.5170023067641578
1.7983674121199464,0.5170368145415558
1.7984691293024824,0.5170658167444384
1.7984892205459746,0.517071545278255
1.7984921402111165,0.5170723777503969
1.7993492469024224,0.5173167610643385
1.7995404850677132,0.5173712880177039
1.7996893326528107,0.5174137283188791
1.7997645035177832,0.5174351614791615
1.800182047581641,0.5175542141047882
1.8002364884867161,0.517569736616666
1.801081439570347,0.517810654052069
1.801143807206138,0.5178284366801502
1.801184510618281,0.5178400422770368
1.801477303631651,0.5179235251475269
1.801528881363839,0.5179382312946674
1.8016654394816276,0.5179771675504561
1.8016734576122901,0.5179794537271514
1.8028235145232465,0.5183073647351646
1.8032588006853911,0.5184314760924751
1.8035553957338935,0.5185160430216413
1.8042050441788546,0.5187012746170627
1.8042347810877697,0.5187097533798828
1.8045150088519009,0.5187896535724157
1.8045365149249644,0.518795785510783
1.8051638419128173,0.5189746526807302
1.805182708607705,0.5189800320640281
1.8056157441116167,0.5191035017003915
1.8057320657889058,0.5191366680229363
1.8058589083171888,0.519172834112555
1.805949849516883,0.5191987638036664
1.8060241906897052,0.5192199603972303
1.8062550563050401,0.519285786162824
1.807309442811126,0.5195864190608592
1.8078979967942699,0.5197542310430701
1.8080620160568197,0.519800997182384
1.808148631276099,0.5198256934244503
1.8083847291302562,0.51989301103683
1.8093446607566925,0.5201667124026057
1.809977614638591,0.5203471839457632
1.8102412205565697,0.5204223448195071
1.8102548190002967,0.5204262220879687
1.810438660607569,0.5204786400910963
1.8107306089458617,0.5205618821228475
1.810812187076698,0.5205851421605547
1.8109399247322402,0.520621563474136
1.8113145269258022,0.5207283722604876
1.8115810785221678,0.5208043730234231
1.8121762085206798,0.5209740599979127
1.8125046224732415,0.5210676993206318
1.8128970609546602,0.5211795936945527
1.8129106825190666,0.5211834775553188
1.8131535427170655,0.5212527232870505
1.8132525960543233,0.521280965958659
1.8133343558261934,0.5213042777869288
1.8133893810749875,0.5213199669103334
1.8138830192325537,0.5214607159326639
1.8141776215016925,0.5215447146688272
1.8147836865588485,0.5217175195117183
1.8149499498551147,0.5217649254831576
1.815234302095046,0.521846001670552
1.815394746036572,0.5218917483932521
1.8154352979058255,0.5219033107813367
1.8155319925783953,0.521930880936561
1.816842847180315,0.5223046395304005
1.8171105820250961,0.5223809776681014
1.817615082523252,0.5225248238250331
1.8176771029926,0.5225425074669705
1.8177725576871533,0.5225697240723512
1.8184980225175047,0.5227765728826423
1.8189246451286716,0.5228982140372116
1.819463956825536,0.5230519857683908
1.8198445302844086,0.5231604971171187
1.8202281837507266,0.5232698866557317
1.8202765385982025,0.5232836738749789
1.821310924393582,0.5235786040524388
1.8213820304364183,0.5235988782266647
1.8215543848051492,0.5236480209206023
1.8216023410230893,0.5236616944802457
1.8221712365477032,0.5238239013268402
1.8226550062805174,0.5239618366057139
1.8228877266992514,0.5240281912237901
1.8231629798045914,0.5241066730122745
1.8232350517268963,0.5241272225837499
1.8242715566024494,0.5244227569658448
1.824502307798296,0.5244885501074792
1.8245991895049742,0.5245161735909716
1.8250134300594214,0.5246342843005152
1.8250157960363382,0.5246349589018051
1.8261334255454522,0.5249536240177901
1.8262112904817998,0.5249758253275889
1.8265419459942536,0.5250701037770822
1.8266143294652628,0.5250907421791613
1.8266692745682565,0.5251064084509225
1.8269273441764078,0.5251799907793624
1.8269334523752079,0.5251817323850223
1.8276663305139198,0.5253906949215079
1.827866776397295,0.5254478472337489
1.8280889247937617,0.5255111874944958
1.828647563411252,0.5256704698312489
1.8287586623773409,0.5257021470235794
1.8292478238374537,0.525841619623534
1.8294330338815226,0.5258944278034305
1.8294622821443365,0.5259027672405927
1.8301430698695538,0.5260968774512202
1.8306919817952725,0.5262533864562595
1.8309479986933332,0.5263263835038943
1.8310060159759318,0.5263429257336205
1.8315139465437107,0.5264877498922287
1.8320006698477167,0.5266265273107373
1.8320950121380455,0.5266534267408656
1.8321580299799392,0.5266713947595447
1.8322912422526456,0.526709377028254
1.8323598364814053,0.5267289350192388
1.832466644551232,0.526759388765925
1.8324887173672924,0.5267656822973972
1.833499220839128,0.5270538030059411
1.8337535276705605,0.5271263124692949
1.8342248095032299,0.5272606871244416
1.8342270261315383,0.5272613191425759
1.836812348244369,0.5279984614283018
1.8368385922614474,0.5280059442772049
1.8368713177758171,0.5280152751688347
1.8373500473003932,0.5281517733538152
1.8373740818073079,0.5281586262141513
1.8374313268512419,0.5281749482586358
1.8384138701645958,0.5284550968019202
1.8386807906500757,0.5285312027446951
1.8391644907586648,0.528669118171899
1.8398068590092092,0.5288522739953587
1.8401134194545448,0.5289396823172332
1.8401928401676944,0.528962327219288
1.840680261241272,0.5291013035899712
1.841023858490174,0.5291992720636742
1.8416270752318782,0.5293712647780682
1.8417767979559863,0.5294139546040384
1.8419613416625715,0.5294665727938623
1.8419831004066138,0.5294727767752687
1.8420147707759125,0.5294818068177143
1.8420290337459075,0.529485873559824
1.8420405736411256,0.5294891638827961
1.842273152012597,0.5295554779995195
1.8423516838420668,0.5295778694578177
1.8423546561731257,0.5295787169463764
1.8424700256834585,0.529611611781464
1.843678225596901,0.529956100865199
1.8437653436691428,0.5299809404836671
1.8439203760817389,0.5300251442393287
1.8447782205074,0.53026973790044
1.8448127776181298,0.530279591027625
1.8448294067428705,0.5302843324217283
1.8453791588583317,0.530441080986622
1.845901503547828,0.5305900149846103
1.8472639449276564,0.5309784823047599
1.848187911906464,0.5312419292181301
1.8490008325515805,0.5314737139460297
1.8491809330691351,0.5315250652675969
1.8494133448698447,0.5315913318906824
1.8498585651741501,0.5317182757291845
1.8500784463920856,0.5317809695586195
1.8505946859018003,0.5319281628117485
1.8514260665006312,0.5321652109505042
1.8514834173843582,0.5321815631726541
1.8517476095708654,0.532256891206738
1.8518770514114895,0.532293798427619
1.8521013743557562,0.5323577587082573
1.85212899454111,0.5323656339383738
1.852280257779314,0.5324087630048073
1.8526404802505791,0.5325114717599446
1.853383874206155,0.5327234326281431
1.8537233368214412,0.5328202222107286
1.8538392357396902,0.5328532679937232
1.8539155662589861,0.5328750318014845
1.8542862123148838,0.5329807125905373
1.8545010395835337,0.5330419654081506
1.8547569356391087,0.5331149280004632
1.8548740754975133,0.5331483276076319
1.855190797357308,0.5332386332119163
1.85559697157136,0.5333544439989215
1.8560445550528493,0.5334820616404374
1.8564575461502242,0.5335998160974129
1.858145498749935,0.5340810950960233
1.8586417681485525,0.5342225943533176
1.858896882763562,0.5342953341366883
1.8590680898868992,0.5343441497212542
1.8591495188332765,0.5343673672226086
1.8591874955517613,0.5343781953685214
1.8592870907330252,0.5344065925338879
1.8599208416653454,0.5345872913367615
1.8602500361681416,0.5346811532145661
1.8603842801653594,0.5347194296546518
1.8604505294688414,0.5347383190467141
1.8605609249172468,0.534769795647934
1.8605973246499694,0.534780174154367
1.8608731665748228,0.5348588238305432
1.861617756253186,0.5350711256302738
1.8616187305911307,0.5350714034392539
1.8624030052701512,0.5352950204603828
1.8629116406843704,0.5354400455889645
1.8631135887405081,0.5354976262095612
1.8633426313937782,0.5355629322014619
1.8640162543284686,0.5357549995447655
1.8640743747890713,0.5357715711932125
1.8647302305170486,0.5359585726457696
1.864775495206973,0.5359714787810739
1.864981157458336,0.5360301184149148
1.865266202155657,0.536111392039843
1.8652957400336334,0.5361198140537884
1.865684612961245,0.5362306917959829
1.8669593475222748,0.5365941516307742
1.8675271531059252,0.5367560477069739
1.8676253869448243,0.5367840567183784
1.8689190883659694,0.5371529244961677
1.8690620461318337,0.5371936854573527
1.8695854490969077,0.5373429211971141
1.8697323865394075,0.5373848168671682
1.8706271738342788,0.5376399438969905
1.8709705217533388,0.5377378412802989
1.8710829938396054,0.537769909984751
1.871487491212212,0.5378852426608358
1.8716337697519707,0.5379269504606552
1.8716568671564595,0.537933536128822
1.87187248970275,0.5379950157006859
1.8721332508874966,0.5380693654673159
1.8727649352579594,0.5382494750398867
1.8729468130680131,0.5383013331135713
1.8729710047275245,0.5383082307821829
1.8733288043355687,0.5384102487162719
1.8744797346976432,0.5387384087678184
1.875908843175654,0.5391458846041188
1.8762614526491905,0.539246422696452
1.8766509669438183,0.5393574833089922
1.8767499891218704,0.5393857170963043
1.876899477832068,0.5394283401988484
1.8773042639320139,0.5395437551985749
1.8775858386383713,0.539624039439218
1.8777247357452658,0.539663642601373
1.8778832404620152,0.5397088364008702
1.8781548581287102,0.539786281631651
1.8781804367152097,0.5397935747490632
1.8787183278488073,0.5399469414408671
1.8797713083694345,0.5402471734560377
1.8804471110934509,0.5404398623137274
1.8812997455031366,0.5406829704643616
1.8819008107631119,0.5408543497355982
1.882154397047479,0.5409266537523238
1.882173432404586,0.5409320812255884
1.882396637423235,0.5409957227566826
1.8824842108146542,0.5410206921984395
1.8834415707306462,0.5412936603029688
1.8834771572861604,0.541303806951521
1.8839244647319278,0.5414313458881039
1.8844293781616803,0.5415753097825271
1.884447479928332,0.5415804710649756
1.885071310871578,0.5417583414220695
1.8857826607383499,0.5419611656907131
1.8861607326796659,0.5420689637920046
1.88656884462213,0.5421853270755612
1.8871009673475585,0.5423370490448132
1.8871923225813931,0.5423630967877802
1.8881566107771572,0.5426380403242921
1.8884457911659251,0.5427204931419527
1.8885133140210573,0.5427397456565712
1.8888700344554104,0.5428414558902939
1.8889931943928768,0.5428765719779034
1.8892623739273988,0.5429533220340623
1.8894531844242508,0.5430077270480804
1.8899267947368483,0.5431427656131549
1.8900963011466219,0.5431910962802411
1.890148503575991,0.5432059805447258
1.890502607263035,0.5433069446760255
1.890852375925272,0.5434066727794895
1.8908805354384908,0.5434147017859472
1.8913631101498531,0.543552296333258
1.8916557663243039,0.5436357401874281
1.8918609226317038,0.543694235563543
1.892113694758334,0.5437663074428136
1.892741073265332,0.5439451893022034
1.8929827565728554,0.5440140994719824
1.89344298246655,0.5441453217926151
1.8935420462751351,0.5441735674498702
1.8937110877875358,0.5442217655626762
1.8941723819968594,0.5443532924877603
1.894658961246048,0.5444920288325097
1.8951687326218343,0.5446373778531519
1.8955523719532448,0.5447467633615368
1.8955856302900722,0.5447562461746478
1.896937456593884,0.5451416868617296
1.897471292652672,0.5452938973466919
1.8975567133632854,0.5453182530034038
1.8976930533283003,0.545357127058187
1.8983529699438166,0.5455452863749455
1.8991317275760704,0.5457673303431678
1.89969767787455,0.5459286974295199
1.89974740801963,0.5459428767817294
1.8999383985343077,0.5459973331234915
1.899990149532806,0.5460120886733446
1.9001422035339124,0.5460554432067597
1.9001720279768648,0.5460639469278006
1.9004673204352935,0.546148142454804
1.900676427882085,0.5462077644030809
1.9008677130213,0.5462623047499284
1.9014569977002453,0.5464303250724349
1.901715632030707,0.54650406841783
1.9018738433363525,0.546549178558223
1.9019756260254919,0.5465781994387344
1.9023812499035573,0.5466938533106978
1.9025777767369774,0.5467498882003059
1.9025907145567056,0.5467535771077578
1.9026496667149613,0.5467703858947439
1.9033294647793622,0.5469642139274433
1.903447736745674,0.5469979363278945
1.9036562512753508,0.5470573892201473
1.905208960452554,0.5475001068166399
1.9056883090182268,0.5476367815062679
1.9062519981400676,0.5477975038726028
1.9069476872172813,0.5479958628445805
1.9075619022883081,0.5481709914674846
1.9076003408749986,0.5481819513039836
1.9078052364231846,0.5482403723308935
1.9082578313000216,0.5483694188510015
1.9085567989801129,0.5484546622788773
1.9088167219586558,0.5485287730512123
1.908910333825498,0.5485554642186892
1.9097727200696555,0.5488013528698716
1.9099626266430498,0.5488555001519033
1.9107513758112704,0.5490803929657779
1.9123658519176245,0.5495407219133321
1.9130463111602567,0.5497347384650677
1.913479915883514,0.5498583704006077
1.914219744180064,0.5500693146070788
1.914643292268978,0.5501900791357337
1.9152091418004902,0.5503514174908137
1.9155853758196972,0.5504586915529159
1.9163503254263807,0.5506767984954657
1.9166282967849213,0.5507560553283315
1.9171117103429356,0.5508938890525459
1.9171118478831952,0.5508939282688359
1.9177483567486517,0.5510754134298681
1.9177841404139016,0.5510856162795104
1.917981270270884,0.5511418231067524
1.9182386648262928,0.5512152129601737
1.9188416409921343,0.5513871370801589
1.9188850229042942,0.5513995063867649
1.9199205303525109,0.551694756376496
1.920285348707037,0.5517987755369693
1.9202934674250396,0.55180109039372
1.9204787224551247,0.5518539114002945
1.9225683404894922,0.5524497156161421
1.9232240717729665,0.5526366815863486
1.924432784659115,0.5529813169318865
1.9244594812580051,0.5529889288235843
1.9245930735992862,0.5530270194596869
1.9255127878571365,0.5532892538121805
1.926249111494186,0.5534991987494691
1.9264970916111912,0.5535699043026985
1.9268118540264103,0.553659651218591
1.9269411444038596,0.5536965152533984
1.9270408493424989,0.5537249437134351
1.9271630610952084,0.5537597894490156
1.9279081540013436,0.553972234732016
1.9279923972745108,0.5539962546708201
1.9282717647033571,0.554075909559484
1.928775481447168,0.554219532247755
1.9291259873670228,0.5543194705624586
1.9295979835777932,0.554454048905302
1.9296447216239805,0.5544673751326317
1.930041953298241,0.5545806361699603
1.930175452730758,0.5546187003153678
1.93032886280793,0.5546624415011874
1.930464011871198,0.5547009759990422
1.9305581767199482,0.5547278248359815
1.9309358764283353,0.5548355168040253
1.9309439761007574,0.5548378262303877
1.931233366835063,0.5549203390230089
1.931429548980452,0.5549762756331329
1.9314558077808004,0.5549837626971288
1.9325276354973866,0.5552893685359479
1.9325498858604757,0.5552957126906757
1.9328425731050702,0.555379165403749
1.9330354764141595,0.5554341671327327
1.933055577724289,0.5554398985368085
1.9333017412913722,0.5555100861446125
1.9334407957440713,0.555549734170131
1.9341186248017235,0.5557430007880155
1.9348283137974245,0.555945351499306
1.9352575843717585,0.5560677476567477
1.9352660947496714,0.5560701741858813
1.935668635931101,0.5561849491012025
1.9356901420560408,0.5561910810543611
1.9357668006835782,0.5562129384142787
1.9357759092044393,0.5562155354894569
1.936070738264528,0.5562995988895933
1.9367164370228895,0.5564837043270807
1.9368515114443554,0.556522217542625
1.9368998245788942,0.5565359928684337
1.9375922855762095,0.5567334314312355
1.9376436060057127,0.5567480642147176
1.9410555651486783,0.5577209021249212
1.9417715804631408,0.5579250566335212
1.9419288993144397,0.5579699123120685
1.9423773787566705,0.5580977854151941
1.9424542871288615,0.5581197139837799
1.9432885509985,0.5583575842177104
1.9438208860308772,0.5585093667211716
1.9439679486311203,0.5585512980769392
1.9440370555306896,0.5585710022436483
1.9442136367863951,0.558621350132525
1.9442820391967937,0.5586408534311278
1.9444033983425686,0.5586754560663916
1.9447111451654615,0.5587632026552312
1.9448786560240547,0.5588109643389976
1.9452154894289353,0.5589070042656086
1.9452824411778802,0.5589260939430634
1.945828923725373,0.5590819102694582
1.9458467004836166,0.559086978883593
1.94738895570718,0.5595267157871797
1.9475436692513923,0.5595708286252079
1.9491550585107675,0.5600302774327488
1.9492408906094945,0.5600547503868656
1.9492578230306417,0.5600595782586288
1.9496656489714634,0.5601758599957107
1.9496965471230017,0.560184669858875
1.9500722996550177,0.5602918066365101
1.9501356784962205,0.5603098775854409
1.9503605130991586,0.5603739837532169
1.950428031748713,0.5603932350687164
1.950893409386566,0.5605259262850217
1.9510066391541996,0.5605582110240535
1.9515612522372254,0.5607163455766828
1.952651912093874,0.5610273209463241
1.953006844740968,0.5611285214356014
1.953617984314314,0.5613027731544713
1.9536682840879447,0.5613171149225327
1.9538009188931202,0.5613549325402942
1.9539151008725122,0.5613874887795574
1.9540046546487753,0.5614130228803191
1.9541469821632513,0.5614536041405118
1.9546453822267091,0.5615957109055296
1.9547454450885846,0.56162424141875
1.9548394361274095,0.5616510406979782
1.9549235354573486,0.5616750195948406
1.9556865871496887,0.5618925853928614
1.9559392281016879,0.5619646198708479
1.9560673631118037,0.5620011544805079
1.9565223325635217,0.5621308780534084
1.9569420866319056,0.5622505608085575
1.9571342687280324,0.5623053569010488
1.9571518847345317,0.5623103796806985
1.9573730614665543,0.5623734428947496
1.9579458418544033,0.5625367574164577
1.9580931035470996,0.56257874553864
1.9581520045985454,0.562595539753751
1.958509936540427,0.5626975954196443
1.958531331339356,0.5627036956308735
1.9586632455169952,0.5627413077790631
1.9586957544422983,0.5627505769155412
1.9598363001546568,0.5630757760345255
1.9602779977691283,0.5632017154629299
1.9605184261513875,0.5632702678210182
1.960533465398157,0.5632745558997394
1.9615891472168818,0.5635755581249522
1.9617358789611627,0.5636173951451176
1.9619510499115855,0.5636787459553041
1.9621964999991615,0.5637487301316235
1.9630339853887813,0.5639875189043273
1.963764474992114,0.5641958004075209
1.964187959879526,0.5643165469157911
1.964573756889572,0.5644265476342316
1.9645840264424197,0.5644294757496959
1.965486163444339,0.5646866983713308
1.9657885611419057,0.564772919786015
1.966280161704295,0.5649130878371935
1.9664839277932533,0.5649711868260283
1.9665254538369723,0.5649830269764808
1.9669404347055468,0.5651013487687542
1.967047062614438,0.5651317511468918
1.9681179723672817,0.5654370952504755
1.9688263693639365,0.5656390775793791
1.968932706924826,0.5656693971717823
1.9698546703809263,0.5659322728289446
1.9699398923632152,0.5659565718230646
1.9703813103691699,0.5660824315278399
1.9712322178549027,0.5663250472877337
1.9712895893120472,0.5663414053758979
1.9717348501211276,0.5664683607633605
1.9721364084127895,0.566582855431355
1.9729924270035983,0.566826928499667
1.9733808869764904,0.5669376884977768
1.9737262103020978,0.5670361491206484
1.9741291494710937,0.5671510375125313
1.9744083616476573,0.5672306481347484
1.9747451747968428,0.5673266822859364
1.9753502227816386,0.5674991971351586
1.9755031625151795,0.5675428042138284
1.9755550668858788,0.5675576034940677
1.9757244083407564,0.567605887128241
1.9758872490582058,0.5676523172338259
1.9759168440454733,0.5676607555311093
1.9762544552737653,0.5677570172353181
1.9763851523158718,0.5677942823466471
1.9765626581160085,0.5678448938470839
1.976884519427426,0.5679366648421202
1.9773094521828272,0.5680578241750491
1.9776309084256014,0.5681494796745257
1.9777292841685583,0.5681775291464515
1.978081694719481,0.5682780105207963
1.9784732135801562,0.5683896426870285
1.9791597481285117,0.5685853914657562
1.9794733698198212,0.568674813131721
1.9800425895691431,0.5688371124231759
1.9800934184958803,0.5688516050664914
1.9801115676036787,0.5688567798471269
1.9802813724571686,0.5689051956082454
1.9805849659868162,0.5689917579856238
1.9806238425924947,0.5690028427126792
1.980630604855226,0.5690047708089043
1.9812964497163343,0.5691946204220031
1.9813225618507266,0.569202065667737
1.98241848176,0.5695145408145998
1.9825870876563692,0.5695626147219941
1.9838162395681291,0.5699130777630372
1.9840164714486466,0.5699701690575214
1.9842479756777083,0.5700361769084268
1.9844060511121018,0.570081248308407
1.9845751526751272,0.570129463543201
1.984656839034913,0.5701527544397849
1.9853985041380513,0.5703642223673817
1.985749072947576,0.5704641786135587
1.9858586684134376,0.5704954271190386
1.985889041759623,0.5705040873466061
1.986304235077169,0.5706224697135827
1.9864318698324435,0.5706588616876329
1.9868141826956447,0.5707678689855797
1.9868242837856207,0.5707707490679172
1.9872276327738065,0.570885754309864
1.987694338579958,0.5710188242213463
1.987703500615402,0.5710214365549184
1.9877372173371894,0.5710310500654521
1.9881597597376959,0.5711515278462982
1.9882970823322337,0.5711906820742054
1.988309521646669,0.5711942288448884
1.9885226331475105,0.5712549924526666
1.9888836355677815,0.5713579235914636
1.9889698744696616,0.5713825125356942
1.9894466488737397,0.5715184532651896
1.9894725832857965,0.571525847837683
1.989543361749351,0.5715460286105722
1.9900088774045666,0.5716787591792016
1.9905894956974435,0.5718443084906093
1.9905919683827145,0.5718450135172146
1.9909712772024342,0.5719531642845701
1.9912504293116213,0.5720327577800228
1.9915413181992698,0.5721156977349589
1.9919280949641378,0.5722259778068717
1.9919789243191255,0.5722404705722921
1.9919880690462717,0.5722430779708199
1.9930453467789522,0.5725445352324305
1.9936260067337295,0.5727100964227247
1.9943467767834475,0.572915606629478
1.9944965255190996,0.5729583038720132
1.9950708379816744,0.5731220552279015
1.9953516157758477,0.5732021122482436
1.9955618124370909,0.5732620447597674
1.9955739879717627,0.5732655163200091
1.9958525483270249,0.5733449410910934
1.996030845556332,0.5733957782484815
1.9964341775152061,0.5735107786349309
1.9972822696839687,0.5737525916750488
1.9973742451834195,0.5737788162718058
1.9980222620887895,0.5739635826730378
1.9985798659040575,0.5741225699608794
1.9987295713505566,0.5741652548605563
1.9991629709152288,0.5742888283000707
1.9999032816260736,0.5744999100553503
1.9999564429928616,0.5745150677377264
2.0000079366792627,0.5745297499212367
2.0000937766741704,0.574554225126759
2.000137494612279,0.5745666902430651
2.0008062153628132,0.574757359846715
2.0018496792136804,0.5750548784128868
2.00239140516971,0.5752093385118748
2.0024928134120437,0.575238252627905
2.0025533012006993,0.575255499262886
2.0032753575336812,0.5754613762223084
2.0039672405117637,0.5756586499768583
2.003991367543745,0.5756655292184869
2.0040148489971434,0.5756722243889434
2.004148159589325,0.575710234691081
2.0041564586112792,0.5757126009571578
2.0043280666945935,0.5757615308657968
2.004382859570242,0.5757771537336001
2.004389793603632,0.575779130806088
2.00443924981395,0.5757932320524033
2.00444702258599,0.575795448271001
2.0044779291549117,0.5758042605341793
2.0051902651948303,0.5760073659863261
2.0052851032312944,0.5760344067665157
2.0055414250221397,0.5761074907469788
2.0056696011908794,0.5761440370920285
2.0060224825283184,0.5762446526998011
2.006083634329306,0.5762620886618934
2.0069234377923677,0.576501538377366
2.007524381396315,0.5766728829613184
2.0085780509882456,0.5769733114485622
2.0088661575654694,0.5770554580947436
2.009588693094557,0.5772614716853852
2.0097075495507912,0.5772953607390496
2.009711221243141,0.5772964076336236
2.0098636395280973,0.5773398660337978
2.0099770841583693,0.5773722120357323
2.0108229962256945,0.5776134034724727
2.0116529596059225,0.5778500475255035
2.012216804891051,0.5780108144180358
2.0123661200491707,0.5780533880363885
2.0124307878677334,0.5780718265061449
2.012780268241946,0.5781714724112277
2.013412141331444,0.5783516357924829
2.013669463556791,0.5784250050227302
2.013844676691678,0.5784749628249317
2.014211496072856,0.578579552529924
2.0144292160403343,0.5786416301308843
2.0146124135006995,0.5786938644710475
2.0149226986704414,0.5787823348083085
2.0150291150059214,0.5788126768613877
2.0150344133119775,0.5788141875456532
2.0153343430568125,0.5788997052831015
2.0159352674397786,0.5790710443866547
2.016179450445201,0.5791406672850388
2.016352841163825,0.5791901054691693
2.016497949628555,0.5792314796502969
2.0168651051369655,0.5793361651938671
2.016912704107187,0.5793497368929346
2.0170720216769897,0.5793951624578875
2.0174655837858038,0.5795073772070771
2.018073420555812,0.5796806872111842
2.018977084271716,0.5799383451385127
2.0193363339239014,0.580040776517738
2.020325861138732,0.5803229163521935
2.0206038861905085,0.5804021884943913
2.0206880760060826,0.5804261931910513
2.0208003620330617,0.5804582088451826
2.020943351556541,0.580498978861286
2.021583403811681,0.5806814743344793
2.0218828184100923,0.5807668451903418
2.0224475412448695,0.5809278622950049
2.0224761437647536,0.5809360176141354
2.02283406233816,0.5810380694683299
2.0233509463991397,0.5811854464997157
2.0238422109567606,0.5813255187472335
2.024291026288982,0.5814534876212938
2.024912436045625,0.581630667635386
2.0249718075469625,0.5816475959879444
2.0252266646355572,0.5817202623438649
2.0260327409143417,0.5819500955656765
2.0275945313841763,0.582395402473874
2.02764144174745,0.5824087778332678
2.0283109391216354,0.5825996688724329
2.028906832677632,0.5827695735569347
2.0291230271810177,0.582831216208578
2.029145921324174,0.582837743921675
2.0293963166211966,0.5829091381052727
2.0296827939287567,0.5829908202044802
2.029791293136935,0.5830217561385052
2.03063561667565,0.5832624946446012
2.030995204404352,0.5833650224181963
2.0315180146512337,0.5835140891586519
2.032590477942265,0.5838198762162046
2.032617376534088,0.5838275457013185
2.0326383689162064,0.5838335311730944
2.033264192759609,0.584011969757632
2.0337667682064335,0.584155267032576
2.0341140834176166,0.5842542955936085
2.0342754427488767,0.5843003033176282
2.0355910686706764,0.5846754223383268
2.0356866334981656,0.5847026703454594
2.0363859473389727,0.5849020628314068
2.0365163720604915,0.5849392502970843
2.0367388120331498,0.5850026736937541
2.037054085843534,0.5850925664216517
2.037138517857183,0.5851166401752552
2.0374100657336114,0.5851940655070238
2.03845856522201,0.5854930198638617
2.0385866927780603,0.5855295523481752
2.0387987562579495,0.5855900171380395
2.0402939337156054,0.5860163309514064
2.04113485024651,0.5862560980313458
2.0415292986872706,0.5863685654967263
2.041577002440891,0.5863821670722544
2.04193305625499,0.5864836872352792
2.0435122759818976,0.5869339636760287
2.0435371706433947,0.5869410617887114
2.04367369905888,0.5869799895756045
2.0437437491018473,0.5869999626569204
2.0439335857821637,0.5870540900106256
2.0450004175816305,0.5873582713840959
2.0453919737258444,0.5874699141808304
2.045400123309008,0.5874722378380379
2.0462594808098054,0.5877172629160541
2.0466629577947746,0.5878323046531986
2.0473946618464884,0.5880409324270754
2.047452845502833,0.5880575220942654
2.0475435806887137,0.5880833930455034
2.0479421173347885,0.5881970261640905
2.048233213978409,0.5882800253556344
2.0483512761214864,0.5883136879300479
2.048636197796038,0.5883949264779986
2.0489873775062954,0.5884950569077951
2.049089515190662,0.5885241790066389
2.04942359194888,0.5886194329418983
2.0494911910499165,0.5886387071961989
2.049571990768555,0.5886617452884302
2.0496565960439073,0.588685868443432
2.0497728990152573,0.5887190294324294
2.0505647121994404,0.5889447958766028
2.051851032431967,0.5893115590863685
2.052078088350221,0.5893762986086659
2.052469211015821,0.5894878178094218
2.052766239521837,0.5895725083285503
2.053699115665237,0.5898384954754643
2.054095245313731,0.5899514422967076
2.054199864494244,0.5899812719343651
2.0542930371042725,0.5900078378583491
2.0551933991639757,0.590264554397993
2.0559261106166424,0.5904734694079703
2.0560834114992708,0.5905183199631843
2.056460635726224,0.5906258763591583
2.0574966649188475,0.5909212751117312
2.058011084419296,0.5910679494330855
2.0581926373569512,0.5911197148772362
2.0586978722096814,0.5912637704176744
2.0592315623894546,0.5914159393087517
2.0601012613166207,0.5916639129952348
2.0602631303346284,0.591710066044145
2.060550277083956,0.5917919390185369
2.0609228046374657,0.5918981562712835
2.0623559633285646,0.5923067869282226
2.062472041948879,0.5923398839489293
2.062527030607027,0.5923555626393928
2.0632284417352755,0.5925555531163031
2.063812522335425,0.5927220896211762
2.063854822041927,0.5927341503629235
2.064239801242927,0.5928439179028264
2.0642723845581683,0.5928532082498026
2.0646311106127073,0.5929554903377794
2.0647111508705867,0.5929783118880807
2.06526683339926,0.5931367513673591
2.065355562089167,0.5931620502146338
2.066023714494698,0.5933525577684051
2.06641831607852,0.5934650688988385
2.066695731737311,0.593544167287315
2.0667030168730096,0.5935462444681636
2.0669232289203765,0.5936090326256374
2.0671123200397035,0.5936629474005968
2.0673622967080454,0.5937342222223165
2.0676931108599548,0.5938285459040267
2.067700144147917,0.5938305512765638
2.0679608910822496,0.593904896980032
2.0681967777184687,0.5939721543687075
2.0682274790613393,0.5939809081166241
2.0682372537370144,0.593983695129791
2.068257617882788,0.593989501475116
2.0687146949956525,0.5941198259967906
2.0690708048741255,0.5942213621452204
2.070027540872342,0.5944941523546343
2.0701002381816056,0.594514880240127
2.0703545258220757,0.5945873842316403
2.0704639771807303,0.5946185916484239
2.0714209230895873,0.5948914417087976
2.071445662400568,0.5948984955270249
2.071991830618556,0.5950542222299378
2.072853637327076,0.5952999456405021
2.0729024753060052,0.5953138706130381
2.0730870614556403,0.5953665009044746
2.0733717309743334,0.5954476675562601
2.0737877101541597,0.5955662739929244
2.0742536602568644,0.5956991284337838
2.0743637014774183,0.5957305040354701
2.074491636711754,0.595766981683882
2.0750569031047745,0.595928153771077
2.075428076094364,0.5960339848025706
2.0763876843678815,0.5963075939720555
2.0768891046313303,0.5964505618743043
2.077200149892145,0.596539248933214
2.077979343400862,0.5967614171811038
2.079131117187294,0.5970898177147765
2.0795950628617716,0.5972221006412404
2.0801236818619944,0.5973728236077009
2.0807192420454004,0.5975426332390441
2.0807546316190546,0.5975527237229672
2.08122233648671,0.5976860784927567
2.084181546601009,0.5985298259301732
2.0842558996437477,0.5985510259081583
2.084350125274628,0.5985778920756566
2.085222894578048,0.5988267412059223
2.086095724043829,0.599075607490035
2.0869273745345533,0.5993127325819587
2.0875439004456675,0.5994885200852151
2.087786680207603,0.599557742882542
2.088087749487529,0.5996435855309552
2.0881115599774325,0.59965037451824
2.088773273359822,0.5998390461397642
2.0888044590109525,0.5998479379765076
2.0889665165642826,0.5998941447817208
2.088995312561174,0.5999023552661564
2.088995673237828,0.5999024581044108
2.089225822746994,0.599968079689591
2.0893386933330573,0.6000002620166554
2.089451613362882,0.6000324584414165
2.0906389777093537,0.6003710067654355
2.0906698184208197,0.6003798002509477
2.0908867456503435,0.6004416518217881
2.091252292996139,0.600545878836551
2.092012320243955,0.6007625822871145
2.092490652513564,0.600898967204416
2.092780450080564,0.6009815959955738
2.0927871369688527,0.6009835026005932
2.094225999269968,0.6013937595044525
2.0947089216229493,0.6015314531733917
2.0951472580466795,0.6016564342392721
2.095360239616128,0.6017171608002452
2.0960188573382217,0.6019049497688518
2.0962288096905617,0.6019648126215806
2.0963025287157997,0.6019858318247568
2.0969297995349345,0.6021646829795482
2.096959630722958,0.6021731886237833
2.0975865277819725,0.6023519332098848
2.097880414932918,0.6024357280473318
2.0980560551852454,0.6024858076317767
2.098238052918283,0.6025376998986094
2.0984303298178526,0.6025925230220177
2.098731036920497,0.6026782624043086
2.099621367999756,0.6029321188516583
2.100037119209742,0.6030506602882173
2.1001594385721605,0.6030855367061125
2.1001653611526026,0.6030872253871722
2.1008728221381894,0.6032889408350808
2.1020356832297464,0.6036205026465695
2.102952738041756,0.6038819787221834
2.1034583595861314,0.6040261445184232
2.1035792120240915,0.6040606026781672
2.103663899891003,0.6040847493821617
2.1046105511827773,0.6043546641806079
2.1049878531655253,0.6044622427467727
2.1068428670276287,0.604991155237629
2.107038808802879,0.605047023312002
2.107065450308896,0.6050546194952953
2.1071957722755754,0.6050917776629068
2.107577888825211,0.6052007289867722
2.107918701848836,0.6052979036057464
2.1079812712363855,0.6053157437584789
2.1080158329599157,0.6053255982008923
2.1084438958938447,0.6054476500287804
2.108548728436138,0.6054775405014072
2.1088206165965793,0.6055550628569601
2.108947938825721,0.6055913657217162
2.108953220405429,0.6055928716368668
2.1091661849751455,0.6056535933507763
2.1094248283168895,0.6057273392655211
2.1094592369646588,0.6057371500620714
2.109508497833827,0.605751195611566
2.110420515112861,0.6060112353560729
2.1104883091757287,0.6060305651990401
2.1113680089583804,0.6062813903884114
2.1116199830451503,0.6063532347258513
2.112911364869558,0.6067214411265411
2.1135025091896233,0.6068899916808896
2.1140897032307318,0.6070574159084079
2.115770792621259,0.6075367380283454
2.1162442791409806,0.6076717412968653
2.116747459564954,0.6078152110664614
2.117427665146613,0.6080091552928848
2.1175975659169493,0.6080575984023797
2.1177588211753773,0.6081035764525395
2.1179725764672086,0.6081645236218012
2.1179835975398063,0.6081676660150084
2.1181485816179006,0.6082147072482194
2.118676410092322,0.6083652048153021
2.119269880048489,0.6085344184687294
2.1192818266108193,0.6085378247430264
2.119899460728151,0.6087139282245746
2.1199047919166083,0.6087154482844639
2.120401841979945,0.6088571701294867
2.1205233343409007,0.6088918107478487
2.1209605379403995,0.6090164688162039
2.1211576122001157,0.6090726597912255
2.121476311126884,0.6091635291085034
2.1215159253153195,0.6091748241395036
2.122057427382387,0.6093292204019511
2.1222065820656586,0.6093717482647685
2.122569238987051,0.6094751511446816
2.123518474388307,0.6097458027396616
2.123687051767785,0.6097938685161517
2.1237968739953494,0.6098251816772655
2.1239181582309357,0.6098597629536948
2.1239215760078154,0.6098607374503924
2.124012332658817,0.6098866145218924
2.1240254381453316,0.6098903512354865
2.1241580972042753,0.6099281757686257
2.1242349697583878,0.6099500941245499
2.1250508898366993,0.6101827340685289
2.1263581063688335,0.6105554553544585
2.127029809466078,0.6107469753023886
2.127372030769381,0.6108445514583691
2.127664970060872,0.610928076036539
2.12944260361589,0.6114349253979499
2.130777376703468,0.6118155037714608
2.131158145709744,0.6119240708758178
2.131219962200347,0.6119416963581328
2.131469668549281,0.6120128941047887
2.132135500151793,0.6122027399375183
2.132245825911136,0.612234196668582
2.1325727880377348,0.6123274220381214
2.1327500249603557,0.6123779568746153
2.133513793663486,0.6125957271109805
2.133832898342448,0.6126867121187163
2.134320894614191,0.6128258524932924
2.1343857975290192,0.6128443579950822
2.134473075155721,0.6128692431066591
2.1346782296611626,0.6129277379689888
2.136280236091367,0.6133845114889491
2.1365703571498487,0.6134672325159054
2.137234903758592,0.6136567119636342
2.137447313513333,0.6137172754854265
2.137517771862338,0.6137373649853679
2.137764256012229,0.6138076439996323
2.1379306207486475,0.6138550788942858
2.1384098852620084,0.6139917296184232
2.13894906479527,0.6141454636663364
2.138967898911014,0.6141508337604766
2.139189703644834,0.6142140760341035
2.139279169871577,0.6142395851722293
2.1393496605597795,0.6142596838929135
2.1400636954576067,0.6144632737334446
2.140159813167194,0.614490679381581
2.140278577800746,0.6145245422542209
2.1408316003053596,0.6146822232917544
2.1409774996583284,0.6147238229756
2.1410926815039497,0.6147566643026185
2.141672292409292,0.6149219263817518
2.1419393424380107,0.6149980692606589
2.142378622787793,0.6151233194643011
2.1424527931980513,0.6151444673690363
2.1429057639658167,0.6152736210653822
2.143333298241994,0.6153955221592549
2.1439337750921745,0.6155667336596211
2.143946816552424,0.6155704521176693
2.1442381009156253,0.615653504832927
2.1443765903449465,0.6156929917556482
2.144506910780357,0.6157301494866552
2.144906156921751,0.6158439849007313
2.1449436138140783,0.6158546648307446
2.145144116462374,0.6159118333281342
2.1452816237052112,0.6159510402040533
2.1457932982892007,0.6160969318786413
2.1459669031101027,0.6161464311088756
2.1463475494034014,0.6162549632245848
2.146912049859485,0.6164159169233232
2.146937749083502,0.6164232444376161
2.147011665160191,0.616444319825264
2.1471881925415737,0.616494652353176
2.147538483803016,0.6165945294632074
2.147872208426312,0.6166896829956814
2.147952994844491,0.6167127172956073
2.1483952010169354,0.6168388017270598
2.1486626640627406,0.6169150623678339
2.1491873746284984,0.6170646709384131
2.1494144651607545,0.617129420330059
2.1501570090073714,0.6173411388101779
2.1503811790814913,0.6174050555035786
2.150599867072996,0.6174674091132584
2.1510163912099833,0.6175861709313213
2.1513833745965085,0.617690807398485
2.151562490531198,0.6177418779899799
2.1517052253856352,0.6177825753933439
2.1521357390149,0.6179053259779375
2.152356453642486,0.6179682574340468
2.1525829406358903,0.6180328347411361
2.152748953894886,0.6180801694204745
2.152778907364825,0.6180887099304506
2.153265529758363,0.6182274585767713
2.1533314821100396,0.6182462633001837
2.153458007680921,0.6182823390170391
2.153645182187026,0.618335707315935
2.1537159958348027,0.6183558981207571
2.154111037275699,0.6184685346658336
2.1550050628224753,0.618723444501547
2.15618909283575,0.6190610421208231
2.1563493825859914,0.6191067448795955
2.156909357610967,0.6192664082607313
2.157121341709603,0.6193268504169449
2.1575733372718524,0.6194557260569438
2.158345399527036,0.6196758609997752
2.158425651861774,0.6196987430186813
2.1591430563039817,0.6199032936035753
2.159231797774294,0.6199285960948739
2.1593929220157837,0.6199745367887117
2.1597321476121016,0.6200712587910517
2.1602234960420548,0.620211354952743
2.16027620140069,0.620226382615386
2.160362733378434,0.620251055123135
2.1610597920757977,0.6204498046092861
2.1613344246744983,0.6205281094752582
2.1613684875546695,0.6205378216845119
2.1619504029717103,0.6207037408396097
2.162328582690987,0.6208115696711893
2.1624402685274196,0.6208434141954529
2.1636235966342383,0.6211808116830209
2.1639954380831696,0.6212868333095847
2.1640152076707535,0.6212924701309723
2.16424747929056,0.6213586967848519
2.164973862916224,0.6215658075674806
2.166122917878031,0.6218934328938441
2.1662766436616456,0.6219372640957459
2.1665422990543,0.6220130093277945
2.1665440625704497,0.6220135121519181
2.166761152218247,0.6220754100324144
2.167190085423368,0.6221977099971567
2.1672805559093997,0.6222235054756131
2.1678598420026063,0.6223886749423948
2.1682545022573154,0.6225012028014179
2.1686492799219255,0.622613764137044
2.1690203084208655,0.6227195539705124
2.1691037717562898,0.6227433515288681
2.1696360919940925,0.6228951298140128
2.1701780193218894,0.6230496473293072
2.1706070854875588,0.623171985204545
2.1707828948625805,0.6232221130102493
2.1710258294030327,0.6232913799389397
2.1715385424991713,0.6234375677202353
2.1715868312808806,0.6234513361024214
2.1727084680295086,0.6237711437861659
2.173040421123212,0.6238657922096769
2.1732389340045706,0.623922393372984
2.173258523025782,0.6239279787102228
2.1733437391008237,0.6239522760200338
2.1737740994853985,0.6240749829105974
2.1751017250462064,0.6244535233391288
2.17564309833066,0.624607882882318
2.1756468276094947,0.6246089461962898
2.175650734397812,0.6246100601228117
2.176560650060769,0.6248695006421505
2.176776549449452,0.6249310591489499
2.177066982329215,0.6250138690842286
2.177134911399495,0.6250332374213052
2.1772802414249646,0.6250746747751372
2.1774328360977124,0.6251181834680388
2.1776267907640894,0.6251734849662123
2.1777235198611575,0.6252010649367528
2.1778120561117054,0.6252263089145822
2.178477895506343,0.6254161569690486
2.178544438578019,0.6254351301220304
2.1787667134642734,0.6254985064482916
2.1788319959277733,0.6255171201692369
2.1800686684474537,0.6258697275303573
2.18023682615825,0.6259176736484382
2.1802857774917386,0.6259316309412948
2.1804782137848364,0.6259864995119255
2.18066409481432,0.6260394990071398
2.18135757623912,0.6262372285202433
2.18146335618633,0.6262673891225463
2.181503277545235,0.6262787717358025
2.1815675298744313,0.6262970917387807
2.181640708208504,0.6263179567769035
2.181759982812556,0.6263519650553395
2.181848099004524,0.6263770892635898
2.182179844135549,0.6264716783915552
2.18236757386615,0.6265252049993335
2.1837568190846306,0.6269213147880142
2.18388515665392,0.6269579071525402
2.184003507553427,0.6269916520588896
2.1845124794355875,0.6271367731231947
2.1848430104404994,0.6272310160723635
2.1855960165345936,0.6274457176101762
2.1859761266008886,0.6275540968336804
2.186106897633625,0.6275913830416542
2.1863246582994424,0.627653472246765
2.1865737190106054,0.6277244859053728
2.1867326963957376,0.6277698144748662
2.1879025134873644,0.6281033596221128
2.188137103577117,0.6281702473318145
2.1882011959865313,0.6281885217375218
2.188222452045618,0.6281945823904291
2.188245275096186,0.6282010898331885
2.1894700031090126,0.6285502915060812
2.190065302307704,0.6287200267239237
2.1907298128924864,0.6289094959002883
2.1907843634790574,0.628925049685201
2.191154730421983,0.6290306508919177
2.1913484860938737,0.6290858956516099
2.191473671052386,0.6291215891251611
2.192837471599346,0.6295104439790578
2.193026932983671,0.6295644643261566
2.193249163378297,0.6296278279667025
2.19351048821445,0.6297023384449452
2.19429901771564,0.6299271686260608
2.1945860990245976,0.6300090229417081
2.194854221864163,0.6300854717067701
2.195891131608332,0.630381121527392
2.1963081495242274,0.630500024134609
2.196355681506479,0.6305135767336711
2.1965111442061724,0.6305579031753277
2.1975427442080364,0.6308520390509136
2.197698031371318,0.6308963154425928
2.197971779912545,0.6309743682408855
2.1980286306679186,0.6309905778634908
2.1984940854975705,0.6311232910891769
2.1991452484710816,0.6313089545159087
2.1994739653890227,0.6314026802219035
2.1996819037303257,0.6314619688279295
2.200127783264177,0.6315891006298466
2.200134378172712,0.6315909810090565
2.200318006563311,0.6316433382185889
2.201165314364567,0.6318849276152185
2.20123058663362,0.6319035384294629
2.201395735917972,0.6319506267672563
2.201998670321675,0.6321225389797742
2.202115768994023,0.632155926843732
2.20240052706948,0.6322371187453444
2.2024976665856384,0.6322648157369959
2.2027496088818053,0.6323366510101116
2.202905782684539,0.6323811802056598
2.203316216572687,0.632498205536062
2.203995117947982,0.6326917778994756
2.204436734913547,0.6328176943327883
2.2053522454743373,0.6330787301023886
2.2062295093411577,0.6333288607490741
2.206306404667335,0.6333507855979039
2.2064683335150606,0.6333969557058161
2.206473490882104,0.633398426204719
2.206628729738769,0.633442688822931
2.207889527177359,0.633802174823189
2.2081429771607857,0.6338744399769867
2.208553847957647,0.6339915898813773
2.209245481442493,0.6341887924989442
2.209932941980245,0.6343848053012291
2.2103451582858584,0.6345023388450086
2.210667288524691,0.6345941865182159
2.210809517213419,0.6346347396006287
2.2112378635400822,0.6347568722311243
2.2118412840474777,0.6349289230443933
2.21294597965619,0.6352439003704282
2.2130564909061294,0.6352754099896645
2.2132892450470107,0.6353417742227983
2.2141456720780286,0.6355859637479908
2.214551709328829,0.6357017354832262
2.2147021145235986,0.6357446198992558
2.214835406514251,0.6357826248976162
2.2151277286916824,0.6358659735205865
2.215298392398502,0.6359146341630308
2.2153668020734982,0.6359341395329583
2.215523706552267,0.6359788770631665
2.21562262088051,0.6360070800997051
2.215667831110497,0.6360199707070711
2.2158586077569713,0.6360743660694697
2.216212965822767,0.6361754027307391
2.2163467874319154,0.6362135587370477
2.216627724991261,0.6362936613105781
2.217089829422959,0.6364254192510432
2.2171111050377936,0.636431485479801
2.2172500309307686,0.636471096849613
2.2177372130788138,0.6366100050964394
2.21849004750519,0.6368246576873402
2.219633991556623,0.6371508257608003
2.22050673678593,0.6373996680269127
2.220573230130391,0.637418627001378
2.2213716497586526,0.6376462771138434
2.2221890952259846,0.6378793519857346
2.222536739729731,0.6379784744366046
2.222766704833351,0.6380440434429879
2.223166463219529,0.6381580249113177
2.223668063577449,0.6383010441631636
2.22482596577185,0.6386311920646541
2.2248983564680573,0.6386518325268242
2.2251427734105604,0.6387215221267284
2.2253371673600846,0.6387769488759032
2.225944084381382,0.6389499966358345
2.2260840271030364,0.6389898979298352
2.2268908725926866,0.6392199504735845
2.2270720748195676,0.6392716159210112
2.2273251328392565,0.6393437693157968
2.2274751727209745,0.6393865495716149
2.228128886536962,0.6395729403095953
2.2282596781430017,0.6396102323835506
2.2283434437058727,0.6396341161147783
2.2305327221438858,0.6402583360925824
2.230804816076975,0.6403359171192462
2.231039199445889,0.6404027458874835
2.2319010533042487,0.6406484827416885
2.2321303777664685,0.6407138690846181
2.232634907066353,0.6408577234536685
2.234213533346011,0.6413078306872384
2.234390387980343,0.641358256523441
2.2344046175795658,0.6413623137506796
2.235095621196761,0.6415593367766679
2.235573627582499,0.641695628776038
2.2355884686290874,0.6416998603427553
2.235671282176181,0.6417234726296304
2.235967750318511,0.6418080033745603
2.2361244567646827,0.6418526844405468
2.236261413639848,0.64189173439239
2.2365139044271944,0.6419637260545452
2.2365144857426897,0.6419638918026469
2.2365241989425657,0.6419666612874717
2.2372349535232057,0.6421693158246231
2.237325610068205,0.6421951643533097
2.2381216366167602,0.6424221321367778
2.2381535671934363,0.6424312363710853
2.238395835946835,0.6425003134666447
2.2385095884279242,0.642532747244819
2.2389922277458894,0.6426703602131454
2.239634999618014,0.6428536311195703
2.2398481630860085,0.6429144095445296
2.240834400253976,0.6431956113014232
2.2409487359446296,0.6432282113677477
2.2421452067844854,0.6435693561888585
2.2424687329117257,0.6436616018659995
2.2429282066925054,0.6437926097397628
2.2433002949088108,0.6438987017260953
2.2440315300160583,0.6441071957917608
2.2443693131615814,0.6442035065140244
2.24527561085257,0.6444619154558611
2.2456533241500094,0.6445696112984958
2.245671459611633,0.6445747821882537
2.2460815311625772,0.6446917042069353
2.2467932957875933,0.6448946467338952
2.2473289094017996,0.6450473640459402
2.2474670119678986,0.6450867406639382
2.247863208858483,0.6451997066576429
2.248428572491575,0.6453609064705002
2.249302546872985,0.6456100991997082
2.2494556486603265,0.645653752484113
2.2498572255620584,0.6457682524583208
2.2504524670720847,0.645937971227631
2.2510902916600437,0.6461198315352217
2.2514638466421593,0.6462263417344707
2.2516806696213743,0.6462881635808484
2.251737738443672,0.6463044353799805
2.2527873773819183,0.6466037146234782
2.2529406652656236,0.6466474209687758
2.2534585751664777,0.6467950904936761
2.2539861117676607,0.6469455048401398
2.2540389494229567,0.6469605702239867
2.2540635695790883,0.6469675900680811
2.2541695080256114,0.6469977958626429
2.2543044093264033,0.6470362597169996
2.2544952228957555,0.6470906656070672
2.2553002986937103,0.6473202135658851
2.2556642435721477,0.6474239836757054
2.2564280945232067,0.6476417773630849
2.2564431311733384,0.6476460647014377
2.2565268118950876,0.6476699242422643
2.256934892743479,0.6477862786600954
2.257096557261458,0.6478323734007518
2.257370235076833,0.6479104060332723
2.2574091830400236,0.6479215111062024
2.25784558949981,0.6480459418893825
2.2584468700229214,0.6482173825377138
2.2584680073838834,0.6482234093467123
2.25856755784597,0.6482517937614836
2.2589436351046497,0.6483590231270997
2.2591625244731635,0.6484214341545795
2.260139038021334,0.6486998634556589
2.2608026820172378,0.6488890855450926
2.2608719853684005,0.6489088457252383
2.261674159161938,0.6491375662474443
2.2616863377479834,0.6491410386777112
2.2618957324538864,0.649200742531
2.2620103537293197,0.6492334240249409
2.2620424227449396,0.6492425677317764
2.262285992262206,0.6493120157088004
2.2625921463624965,0.6493993081711795
2.2632508335109476,0.6495871169350382
2.26346223149235,0.64964739197405
2.2637687431028195,0.6497347863718397
2.2639640277946502,0.6497904670947132
2.2647600961306344,0.6500174467928597
2.26490637583624,0.6500591549250923
2.2649122271216444,0.65006082327809
2.265394738476174,0.650198399760727
2.2654208323816603,0.6502058398089274
2.2654326996140592,0.6502092234642067
2.26551077767499,0.6502314855413438
2.2659059105384194,0.6503441481533516
2.266016096044695,0.6503755648946341
2.266258748694089,0.6504447514488834
2.2667138714074246,0.6505745187206402
2.2667648547092054,0.6505890553802778
2.2673835925872976,0.6507654735726027
2.2675641881167308,0.6508169660348753
2.2677337396234103,0.6508653095602575
2.268138904566891,0.6509808325780861
2.2684181578607157,0.6510604549238992
2.268997473865868,0.6512256329193511
2.2693361625251676,0.6513222018270424
2.26972406317293,0.651432802347073
2.2704194669958118,0.6516310799856535
2.270820925687735,0.6517455462551833
2.2708328655290613,0.6517489506131482
2.2715080059355586,0.6519414506269614
2.2721572754389445,0.6521265741763258
2.272682114779272,0.6522762194638694
2.273581555196439,0.652532673219359
2.2737217326802464,0.6525726414501294
2.273851107939958,0.6526095296870678
2.2743072023499176,0.6527395740146955
2.2744432473284353,0.6527783639611893
2.2753607578106236,0.6530399699601719
2.27549424956673,0.6530780319168359
2.2756982266590096,0.6531361910681819
2.275986019335998,0.6532182482132773
2.276193747180017,0.6532774768010765
2.277182386177212,0.6535593633816821
2.278021019389087,0.6537984794282354
2.2784921102378726,0.653932799628931
2.278684276176271,0.6539875911144357
2.2790273258506213,0.6540854034604537
2.2790358464762064,0.6540878329114646
2.279051608680977,0.654092327124234
2.2796128867091348,0.6542523620253204
2.279777098941875,0.6542991831854323
2.2806379987812475,0.6545446480241182
2.282316175941626,0.6550231397918231
2.2823794314517944,0.655041175575882
2.2827512081434467,0.6551471787384684
2.282837099843143,0.6551716686863649
2.2831079624364436,0.6552488986261669
2.283690649481737,0.6554150377924621
2.2853459898779995,0.6558870182073204
2.2859265658438144,0.6560525554501861
2.2860502342658466,0.6560878165199142
2.287350415584901,0.6564585318844056
2.2874247549528826,0.6564797279633627
2.2874560922949714,0.6564886630511264
2.287964231211414,0.6566335466153348
2.2889976691384932,0.6569282065309956
2.2894403073367635,0.657054414144199
2.2897283422511756,0.6571365403574569
2.2897685498432945,0.6571480045832145
2.290349167004716,0.6573135535720147
2.290579913476627,0.6573793453667331
2.2907187549361105,0.6574189326623698
2.290850845010262,0.6574565949632096
2.2911230140274994,0.6575341973983087
2.291606296477543,0.6576719937402453
2.2924065671659415,0.657900171637892
2.2925042618449267,0.6579280269208425
2.2931816060582015,0.6581211552970392
2.293215869991866,0.6581309248318505
2.2933562921554778,0.6581709628271692
2.2933828369393785,0.6581785314324822
2.2936243965256033,0.6582474063261152
2.2937461530234797,0.6582821222567536
2.2940913163816137,0.6583805372687559
2.29467786101671,0.6585477763338028
2.2957582653789834,0.6588558275964143
2.2978927906623126,0.6594644360318909
2.298060154175695,0.6595121557037218
2.2989550050487257,0.6597673008613236
2.3000793036668226,0.6600878675129873
2.300086467820894,0.6600899101988413
2.300565715595242,0.6602265561502523
2.3006864684111075,0.6602609859051571
2.300760332515686,0.6602820464742107
2.3008606803590443,0.6603106582430318
2.301374475286223,0.6604571544823727
2.301494816607083,0.6604914669093953
2.3022378038362863,0.6607033118093721
2.302726238705537,0.6608425772394555
2.3041700383730395,0.6612542419143335
2.304342251772132,0.6613033444141765
2.3049357452159644,0.6614725647645456
2.305387136967804,0.66160126824256
2.3058457585610497,0.6617320331355885
2.3061958344083346,0.6618318488254646
2.3067018146563485,0.6619761168974014
2.3069612479669535,0.6620500880527262
2.3074138651737277,0.6621791409396778
2.307438191684637,0.6621860770579149
2.3081250324371267,0.662381913143371
2.3086068809291027,0.6625193006267278
2.3092400316537622,0.6626998282948544
2.3094642044143185,0.6627637457542275
2.3096350348929477,0.6628124539476334
2.309919478600541,0.6628935562148268
2.310031164568939,0.6629254007767171
2.310070753965846,0.6629366887390107
2.310611489253972,0.6630908663729249
2.310862882494397,0.6631625450960297
2.311070753541539,0.6632218145147479
2.3112059292112184,0.6632603565987798
2.3121909972184613,0.6635412249976735
2.3123107462859553,0.6635753685579238
2.313457592480195,0.663902364107454
2.3136748512730922,0.6639643102155988
2.314436443489941,0.664181459879361
2.3147979383122745,0.6642845314147379
2.3152381968986027,0.6644100605389525
2.315258695405961,0.6644159051942444
2.3155439317063524,0.6644972334501702
2.3159226849106567,0.6646052257971822
2.3172018483709884,0.6649699484258584
2.318128507037674,0.6652341628091487
2.318188707485265,0.6652513275157508
2.3183903129857755,0.6653088104648672
2.3190010340544824,0.6654829428572266
2.3194630781072187,0.6656146835820866
2.3202198902691222,0.6658304703283966
2.321280828198417,0.6661329712068489
2.3220989633208786,0.6663662427172776
2.322263755577254,0.6664132292571483
2.3222765090277755,0.6664168655961646
2.3225058927881617,0.6664822688465377
2.3225502287818514,0.666494910186495
2.322641653009555,0.6665209776014009
2.3236901277297783,0.6668199248961906
2.3243804596588196,0.6670167564064917
2.324595750469401,0.667078141391914
2.3249980941459167,0.6671928599934693
2.32509528858757,0.6672205726458018
2.325353460261072,0.6672941840757163
2.325601047816086,0.6673647776993556
2.327520716147521,0.6679121248537576
2.3285332378353414,0.668200821007944
2.3289020167781556,0.6683059694347044
2.329039068292362,0.6683450463705891
2.329118624783772,0.6683677299865423
2.3295874949192394,0.6685014170043617
2.330501450332854,0.668762009361229
2.3311178961846504,0.6689377740375004
2.3312165540007594,0.6689659039357867
2.3320506095118176,0.6692037147612899
2.3326070094207396,0.6693623587842554
2.33321356439197,0.6695353033143361
2.33330789427718,0.6695621992074436
2.3335617258341217,0.6696345731577322
2.333657375086535,0.6696618452365968
2.334727884810158,0.6699670752814904
2.334812987840411,0.6699913403593047
2.3348360468116467,0.6699979150691557
2.334933146283731,0.6700256006432048
2.3350338017049146,0.6700543001104291
2.3351351651658985,0.6700832014581368
2.3356543275526875,0.670231228099212
2.3357981884014483,0.6702722465527178
2.3361606211373327,0.6703755855115368
2.3369211930677327,0.6705924442652109
2.3370741122035246,0.6706360454709286
2.337419759128022,0.6707345983602235
2.337849659244172,0.6708571740163403
2.3387209493727825,0.6711056013955621
2.338866592873346,0.6711471281292614
2.339006962281196,0.6711871510825465
2.3395645589921097,0.6713461363447526
2.340418349709444,0.6715895741886422
2.341318180414445,0.6718461392252999
2.3414640530604007,0.6718877312942848
2.3417316832487454,0.6719640395917255
2.3429421389833003,0.6723091718684782
2.3432089416427964,0.6723852442160136
2.344872619313246,0.6728596018036503
2.345332810009044,0.6729908140884511
2.345399667545487,0.6730098769034816
2.3455928153062438,0.6730649483319666
2.345751682336447,0.673110245436412
2.3463461545107234,0.6732797448481764
2.3474473078849543,0.6735937121914286
2.347542494834457,0.6736208524557614
2.3487799237618048,0.6739736754882963
2.3488862390465437,0.6740039887291922
2.34945301991796,0.6741655926333976
2.3504481650862203,0.6744493342918625
2.350583341281427,0.6744878765257356
2.350698905595341,0.674520826904369
2.3509581043032783,0.6745947311683977
2.3509682386367987,0.6745976207293305
2.351221338154181,0.6746697859561828
2.351524108059266,0.6747561134968694
2.351701748127892,0.6748067632807297
2.352549102311191,0.6750483659020805
2.352932058078301,0.6751575565085812
2.353144045878083,0.6752179997200873
2.35434701508463,0.6755609973938284
2.355022509580593,0.6757535983677176
2.3552552468296875,0.6758199577845656
2.355314413250391,0.6758368276633244
2.3558088316951715,0.6759777991657465
2.3559239359434083,0.676010618367741
2.356977104229186,0.6763109039196182
2.3570113064079563,0.6763206558465098
2.3572902219630856,0.6764001818942749
2.357434057851337,0.6764411932308927
2.357633243585229,0.6764979862418821
2.357735681658785,0.6765271939894628
2.3586315146549537,0.6767826191758051
2.3593825792379644,0.6769967671385291
2.3597951549894955,0.6771144031696485
2.3598244618750197,0.6771227593216638
2.360258161907484,0.6772464184323268
2.3603817412006847,0.6772816540891162
2.360783677346134,0.6773962564930109
2.3609236757078107,0.6774361736514232
2.361018971549104,0.6774633449636254
2.361727242987705,0.6776652914926764
2.361854067670281,0.6777014524940219
2.362375130846263,0.6778500210993204
2.3630958909914628,0.6780555284820393
2.363103170568303,0.6780576040779138
2.363305275181039,0.6781152293368509
2.3651462511421064,0.6786401392585866
2.3653192186058973,0.6786894567618029
2.366870972794946,0.6791319020664417
2.3668908066159537,0.6791375572024416
2.3683279275581164,0.6795473175997686
2.368576800811258,0.6796182778092394
2.3689738822722504,0.6797314960168748
2.3692468786469756,0.6798093343530192
2.3695941077933447,0.6799083383747446
2.3700880144080725,0.6800491639411639
2.37025919517829,0.6800979720117726
2.3705194579276343,0.6801721796615621
2.370673193889263,0.6802160137654791
2.3708391851564032,0.6802633421743698
2.370997111288691,0.6803083710044537
2.3710427982546807,0.6803213975415996
2.3714389791953394,0.6804343589875679
2.372179689164498,0.680645554581732
2.3721890004112463,0.6806482094593107
2.3724772813454393,0.6807304058191794
2.3726230594286646,0.6807719709258806
2.3742400817241167,0.6812330258578847
2.3743187634354306,0.6812554600513783
2.3755453934397535,0.6816052040313023
2.375556148711189,0.6816082706377149
2.3765281517800245,0.6818854138843291
2.376788069325284,0.6819595231074942
2.377674925001096,0.6822123886273195
2.377724398162221,0.6822264947067487
2.378097472006498,0.6823328677211402
2.378664160603026,0.6824944453153852
2.3791359790429256,0.6826289729711494
2.3791670522204766,0.6826378327387628
2.379258318583589,0.6826638551423854
2.3796136488613406,0.6827651690064604
2.380060760125145,0.6828926520064853
2.3800663053702173,0.6828942330994592
2.3801607835226917,0.6829211712674037
2.38051128047757,0.6830211070259602
2.380661533903167,0.6830639481686684
2.380782621839685,0.68309847347515
2.3813298017645073,0.6832544886418812
2.38153069052902,0.6833117672310034
2.3816350824099364,0.6833415320596601
2.381918525959335,0.6834223491558511
2.3823171125831446,0.6835359965243848
2.3823574914480417,0.683547509584447
2.3828003056539835,0.6836737673819957
2.38389082728921,0.6839847033411299
2.3841841694341714,0.6840683427832575
2.3843099397866467,0.6841042031677873
2.384379884192438,0.6841241461292091
2.38490436204644,0.6842736883476401
2.385003819719014,0.6843020463057181
2.385033762900139,0.6843105838820871
2.3864797302044103,0.6847228666063421
2.3866642201262076,0.6847754694607302
2.386850715585628,0.6848286441458316
2.3870885078648305,0.684896444882672
2.3875141891678013,0.6850178176458974
2.3877900727353376,0.685096479195481
2.388444349997596,0.6852830305865849
2.3888065380386525,0.6853862997765714
2.3890196181576417,0.6854470544365712
2.389355311502949,0.6855427693026741
2.3897501467102766,0.6856553470452191
2.390242297955793,0.6857956721104181
2.3908191679773845,0.685960152692614
2.3908287277785925,0.6859628784395058
2.391532544517321,0.6861635548182612
2.392228442611939,0.6863619733865134
2.3933261704575974,0.6866749640228593
2.394454404617648,0.6869966527994518
2.3950482682807843,0.6871659787089317
2.3951147927515337,0.6871849465583078
2.3958862275883592,0.6874049026079174
2.396255003368057,0.6875100501327915
2.396266346127712,0.6875132842473095
2.396948710384872,0.6877078439680204
2.397212231645618,0.687782980703795
2.397487873561775,0.6878615733523121
2.3976751652199355,0.6879149750542932
2.3984861150375467,0.688146197848233
2.3990619763514642,0.6883103908217489
2.399221659058046,0.6883559204966534
2.3997408717916366,0.6885039614929058
2.400432227476,0.6887010849023611
2.4009962736483317,0.6888619090730377
2.4014444369350603,0.6889896920320424
2.4015008169122383,0.6890057674235921
2.4025129797290825,0.6892943612543696
2.402928697470463,0.6894128931481622
2.4033084902786914,0.6895211819131755
2.404259272780091,0.6897922746264709
2.404367008736652,0.689822992937694
2.4052035870918322,0.6900615230913898
2.406070399312374,0.6903086737030582
2.4062194388999396,0.6903511687491093
2.4067665673808207,0.6905071692478404
2.406847304137079,0.6905301893878666
2.407337507056874,0.6906699589349472
2.407627193541707,0.690752556053702
2.4078603047735503,0.6908190221027166
2.4079706086862105,0.6908504726047253
2.4086990482901967,0.6910581696000166
2.4091185279158878,0.6911777741044469
2.409184643786112,0.6911966254512321
2.4096650072708234,0.6913335895205608
2.410026746737705,0.6914367308104337
2.4118220468775626,0.691948617372689
2.4121024174039674,0.6920285582704433
2.413237237182905,0.6923521247775262
2.4134938269697295,0.6924252851705832
2.41355564510804,0.6924429111227024
2.4136933965683927,0.69248218763136
2.4137243819056655,0.6924910223534351
2.4151215373288633,0.6928893875463287
2.4158134978726693,0.693086683416875
2.416526713576504,0.6932900396839843
2.4180294925950565,0.693718520899218
2.4184627709599624,0.6938420597815402
2.4185144904789575,0.6938568063557717
2.4187214066476574,0.6939158035139177
2.4196471338874006,0.6941797523232658
2.4199571069883175,0.6942681336816234
2.420122653436673,0.6943153352611591
2.4205230114109395,0.6944294876875801
2.4220333270413437,0.6948601177860267
2.4226968196118897,0.6950492967001691
2.423734991509144,0.6953453063933215
2.4245125054192482,0.6955669957441508
2.424646706573017,0.6956052599684599
2.424740037347211,0.6956318709891431
2.4248407176330464,0.6956605775459237
2.4256411384602936,0.6958887982520445
2.426485798017542,0.696129632565726
2.4265096899559997,0.6961364447761034
2.4266426917508,0.696174367032111
2.4279487550440595,0.6965467594997721
2.428223079036536,0.6966249763741181
2.4285672387925588,0.6967231052331684
2.4291192206614776,0.6968804895585163
2.4301766922853254,0.6971820021035195
2.4307244137767596,0.6973381716849167
2.4313621212274,0.6975199985936245
2.4313636973973405,0.697520448000492
2.4313725748107737,0.6975229791809576
2.4315946163597983,0.6975862889767319
2.4316901302319343,0.6976135224551738
2.4319568944576773,0.6976895838442512
2.4319677476463126,0.6976926783693929
2.4323026821603784,0.6977881768730576
2.433202598035648,0.698044766193965
2.433590829405959,0.698155461011559
2.4337974882022197,0.6982143847861575
2.434154149946625,0.698316078285856
2.4354306652450526,0.6986800458549944
2.4360565255612663,0.6988584948388752
2.4363455452318723,0.6989409018316259
2.4366277901500673,0.6990213771670202
2.4368794852260525,0.6990931419512603
2.437208234338679,0.6991868768367933
2.4372743566226482,0.6992057300123031
2.4383544268849673,0.6995136860143654
2.4387794232044784,0.6996348634710678
2.4388716691777454,0.699661165186914
2.439670785011406,0.6998890138055682
2.4402666243400266,0.7000589030284408
2.4409465832149784,0.7002527769123932
2.441950173317543,0.7005389264403241
2.4419912394713967,0.7005506354642665
2.4421543521405384,0.7005971431103215
2.442507925236248,0.7006979559562909
2.4426825325267045,0.7007477410165559
2.4434418201855,0.7009642335911372
2.443506458400285,0.7009826636200902
2.4438623118211016,0.7010841266458006
2.443948973690419,0.7011088361890012
2.444172811008034,0.7011726580049049
2.4443788771792287,0.70123141280675
2.4453911617406447,0.7015200413500577
2.4456161448763956,0.7015841898683852
2.4461127705463053,0.7017257907078513
2.44635280943607,0.7017942320115427
2.446764232724848,0.7019115394456863
2.447925215173482,0.7022425656074267
2.4480934696175285,0.7022905393066623
2.448133908144055,0.7023020693778004
2.4484161024225832,0.7023825302745144
2.448956485761276,0.7025366075585309
2.4496610839375976,0.7027375067453803
2.449842876598728,0.7027893405409018
2.449874988456344,0.7027984964630998
2.4504829044783727,0.7029718290640101
2.451310925774416,0.7032079193785463
2.451427183903025,0.7032410675817169
2.451468929990448,0.7032529704723274
2.451714193275637,0.703322901386449
2.4522819471253645,0.7034847827119679
2.4524448320001895,0.703531225407964
2.453104687596581,0.7037193673265898
2.453205319540556,0.703748060099854
2.453858156765146,0.703934200898926
2.4538903154016047,0.7039433701589837
2.4540148170289164,0.7039788687971136
2.4540308007143214,0.7039834261597477
2.4545442478201465,0.7041298232262134
2.4545494135695773,0.7041312961151522
2.454549653658358,0.704131364570681
2.4548781433725018,0.7042250254949889
2.455537712179088,0.7044130856424142
2.455660660497631,0.7044481413919887
2.456363417770306,0.704648515689535
2.4566571863920172,0.7047322767312285
2.457001953252141,0.7048305786913798
2.457279520940223,0.704909720427344
2.4577478966386748,0.7050432664683661
2.458154804477945,0.7051592864309197
2.4583651106852407,0.7052192501768602
2.458568087043921,0.7052771239931417
2.4586014383250894,0.7052866333070915
2.4586950889239683,0.705313335518075
2.4591303405705047,0.7054374370340917
2.459435324473754,0.7055243958429902
2.459743171902455,0.705612171117151
2.460145422273947,0.7057268631150277
2.46067638699833,0.7058782549081932
2.461401541356136,0.7060850151947213
2.4625555430863346,0.7064140509728585
2.462742199194749,0.7064672714631481
2.463315628628605,0.7066307710446809
2.463533042812559,0.7066927614588401
2.4637186087303196,0.7067456711075419
2.4637518073368545,0.70675513689
2.463864580284774,0.706787291377901
2.464109826003556,0.7068572172833849
2.4646967216017948,0.7070245564171129
2.4656486665875104,0.7072959805847914
2.4662315975173423,0.7074621892888844
2.46647193468963,0.7075307156406476
2.466651060651244,0.7075817890910783
2.466705375603886,0.7075972756906554
2.4671942419401107,0.7077366641431466
2.467255765889038,0.7077542062142543
2.4678097762494673,0.7079121689150627
2.4685909215182797,0.7081348936603
2.4686666279927545,0.7081564795367221
2.4686782306542936,0.7081597877559977
2.4688520606610775,0.7082093511925585
2.469126974486838,0.7082877362436486
2.4693222822379313,0.7083434235413151
2.469918808664905,0.7085135086737218
2.4701766124499622,0.7085870152091138
2.470260106127022,0.7086108214186557
2.4705943264687154,0.7087061162932826
2.4708659182608153,0.7087835541465459
2.471021906701763,0.7088280304906491
2.47120828733714,0.7088811724364419
2.4715570826393014,0.7089806230097417
2.471940739609326,0.7090900135473521
2.47208933241627,0.7091323812046779
2.4724306978216717,0.7092297133220016
2.4728835636303863,0.7093588370918045
2.473291089122028,0.7094750331630439
2.4736794422345336,0.7095857626924904
2.4738609176784063,0.7096375060411568
2.473870779533804,0.7096403179115205
2.4751680169123484,0.710010193882334
2.4753609033566186,0.7100651908027216
2.475453504955953,0.7100915939167693
2.4758385298091845,0.7102013744733056
2.4759777109835,0.7102410586304388
2.477310519225811,0.7106210767756809
2.4775795503438656,0.7106977845144613
2.478789479654923,0.711042766694242
2.478861446362129,0.7110632862661679
2.478918325915641,0.7110795040998681
2.4790348697718274,0.7111127337713701
2.480066710782507,0.7114069383648105
2.4803748910574823,0.7114948085420638
2.4820002562054455,0.7119582422373711
2.4820347187650835,0.7119680684055913
2.482172671701874,0.7120074023603984
2.4823765447753865,0.7120655318533002
2.482901721433946,0.7122152733190077
2.4831001631497847,0.7122718541911826
2.4842936105030664,0.7126121369379728
2.484356974788188,0.7126302037365879
2.4846611172956465,0.7127169226417569
2.4848079580154985,0.7127587907336796
2.484976189185619,0.7128067577969159
2.485445533511393,0.7129405800186719
2.4869155272873833,0.7133597133122211
2.486973685154074,0.7133762956261125
2.4870717796626174,0.7134042649108241
2.4872053145230915,0.7134423391576599
2.4873169937179993,0.7134741817882526
2.487417381931485,0.7135028050676426
2.487622671127059,0.7135613383336172
2.487904539230948,0.7136417062294949
2.4882786245436956,0.7137483676397414
2.4882945036495885,0.7137528951840479
2.489227418539469,0.7140188933785867
2.4892848275874115,0.7140352621848611
2.4893888307350065,0.7140649161755808
2.489426332772607,0.7140756089776803
2.489841779376972,0.7141940635632882
2.4913587871518255,0.7146266017654217
2.491741379713371,0.7147356888126104
2.49208721709144,0.7148342960051506
2.492198589574607,0.7148660511842833
2.49226141374948,0.7148839639834794
2.4944322354690853,0.7155029214728974
2.4944869815684196,0.7155185310035617
2.4947719677027727,0.7155997879306712
2.495743855920994,0.7158768984304016
2.4962479488115576,0.7160206283678525
2.496619926157244,0.7161266887421003
2.496831761677854,0.7161870885348707
2.4981744829185413,0.7165699331326643
2.498854299626024,0.7167637664809894
2.499351119080315,0.7169054225734008
2.4994331337069586,0.7169288070673667
2.4999423296588286,0.7170739920197486
2.50008485351314,0.7171146292615129
2.5000923954241543,0.7171167796556539
2.500354181798819,0.7171914217304789
2.501006465002544,0.717377404563855
2.5012514429381003,0.7174472541174068
2.501649376985953,0.7175607154196353
2.5016742072752076,0.717567795178125
2.5017367906750936,0.7175856393261371
2.5017584349875768,0.7175918106801427
2.5019741668813413,0.7176533214298029
2.5024176961759905,0.7177797831176607
2.50279111408927,0.717886254235035
2.5031976159497815,0.7180021584425307
2.5044549338960094,0.7183606523494088
2.5053962498649853,0.7186290459091582
2.5054374921598717,0.7186408051554702
2.505445157318008,0.7186429906905576
2.5054653815171273,0.7186487571334668
2.5055105382667446,0.7186616324921944
2.5058090126097596,0.7187467352568939
2.5060238896043177,0.7188080022526511
2.5074201043723527,0.7192060992403984
2.5085719978398413,0.7195345338982395
2.5094192216598805,0.7197760993496491
2.5097925708429374,0.7198825508702573
2.5098536862857985,0.7198999764657064
2.51012364148035,0.7199769476826265
2.5101236973666214,0.7199769636172499
2.5102470228967926,0.720012126919628
2.5105844869297123,0.7201083466546245
2.5107220535656376,0.7201475704650511
2.511364928278332,0.7203308706939857
2.511486107635806,0.7203654220669489
2.511683897719427,0.7204218171419035
2.5116857196980957,0.7204223366352052
2.5118356936562964,0.7204650980945217
2.512102775636767,0.7205412500837003
2.512348229822143,0.7206112354284089
2.5127233768427866,0.720718199559071
2.5134932733213327,0.7209377169828965
2.5135713819301144,0.7209599877700168
2.5137031067227373,0.7209975459196334
2.5142690797865663,0.7211589194969761
2.5150714677628985,0.7213877010882435
2.5159054221996997,0.7216254830948585
2.5159891100637437,0.7216493446721386
2.5160061365811464,0.7216541993731809
2.5168570445644027,0.7218968152749314
2.516912286847637,0.7219125662804753
2.5171919848718933,0.7219923154304517
2.517865427376618,0.7221843313284995
2.518555111228708,0.7223809780552786
2.51873165551569,0.7224313154034148
2.5190132067914877,0.722511592963399
2.5191176809451696,0.7225413812501511
2.5196521803584697,0.7226937808746636
2.520532762292961,0.7229448575883692
2.5209876298562723,0.7230745521102464
2.5212590558053636,0.7231519426773736
2.521341958185821,0.7231755802929416
2.5214961499657726,0.7232195443624667
2.521738730638552,0.7232887103943193
2.521739877836588,0.7232890374901881
2.5229071408984898,0.7236218544174189
2.523241174522467,0.7237170960539896
2.5234582786914515,0.7237789980748521
2.523483303579839,0.723786133318594
2.5238807184374417,0.723899446586237
2.524095643994632,0.7239607274284585
2.524684351993103,0.7241285833244278
2.524760732249612,0.7241503613135565
2.5254451204687154,0.7243454981182316
2.5255074587091277,0.7243632723649289
2.5256525372635448,0.7244046380178517
2.525960989438636,0.7244925857208693
2.5260085804763723,0.7245061551581797
2.5263542871073144,0.7246047250713283
2.52697929989983,0.7247829324042545
2.5270321307353973,0.7247979958436201
2.52735419698731,0.7248898252724993
2.527567309091693,0.7249505890523631
2.5282387572361222,0.7251420363066432
2.5284593562275783,0.7252049347918972
2.528469783531937,0.7252079078864027
2.5287606414064356,0.7252908389986867
2.5290331337940604,0.725368533635057
2.5294084030599318,0.7254755326209992
2.5297429839406065,0.7255709302946267
2.5318792400547783,0.7261800322347993
2.532220955148056,0.7262774640571921
2.5322487717895297,0.7262853953020361
2.532833855080138,0.7264522176999255
2.5333399158447394,0.7265965087292263
2.5335945062140315,0.7266690990365665
2.534437308688324,0.7269094038478054
2.5351519117136094,0.7271131556761872
2.5358457047640037,0.7273109740418178
2.535899016037418,0.7273261744664554
2.5359076898349917,0.7273286475907665
2.536134848918889,0.7273934165282603
2.536326818245211,0.7274481519545704
2.537165016982049,0.7276871441210391
2.538165679812677,0.7279724590079344
2.5384008482788505,0.7280395116277318
2.5387551833621287,0.7281405417360902
2.5397327866159225,0.7284192817404629
2.5401243392398527,0.7285309235334729
2.54140119683273,0.7288949886996237
2.542458250348587,0.7291963820312113
2.5431357917860233,0.7293895666411241
2.544657099380457,0.7298233308331712
2.545251353909343,0.7299927681885985
2.5460522212079493,0.7302211161952656
2.54720998715082,0.730551225247916
2.5475154550318586,0.7306383220514159
2.5482482028062017,0.730847247417644
2.5486305456281753,0.7309562632576128
2.5492057063894746,0.7311202564854353
2.5495303489707872,0.7312128204925448
2.549967473751024,0.7313374560874875
2.551093830992909,0.7316586097061051
2.5518924224005457,0.7318863087973186
2.551998217156071,0.731916473621856
2.5520860952198796,0.7319415299336012
2.5524675771617695,0.7320503003143644
2.5526217877482917,0.7320942697461301
2.554223206219855,0.7325508756238552
2.5544326620729265,0.7326105969117851
2.5545630967347535,0.7326477872117017
2.5551339394819386,0.7328105492618779
2.5557050235707446,0.7329733801248
2.5561940300796104,0.7331128085441414
2.5563150774237764,0.7331473222766922
2.5563726728926004,0.7331637442363874
2.556874031642444,0.7333066945995139
2.5574472173879763,0.7334701246991953
2.5577463881845963,0.7335554260408532
2.558976138359441,0.7339060596621954
2.559667562244088,0.7341032025173173
2.5603781991891332,0.7343058235135143
2.56082999199684,0.7344346413429428
2.561095812663144,0.7345104336987884
2.5621154841962235,0.7348011684590154
2.562544787659544,0.7349235739939592
2.562767209301115,0.7349869921639616
2.5627884367440066,0.7349930446576514
2.562927847215269,0.7350327941932819
2.5637080529404335,0.7352552510502939
2.564323878950793,0.7354308389937199
2.5646518355468717,0.7355243479122615
2.5650116121633224,0.7356269295426454
2.565499608905186,0.7357660700512647
2.5668924175479937,0.7361631958645019
2.5685774103165824,0.7366436309386091
2.5689400627793786,0.7367470325472611
2.5690921742688975,0.7367904034721111
2.570137830374746,0.7370885471069502
2.571141956999247,0.7373748496111794
2.571564980241627,0.7374954644924954
2.5715877155360958,0.7375019469137183
2.571606352976541,0.7375072609306377
2.5721262988485116,0.7376555109636282
2.5724513976898598,0.7377482050622894
2.5725074364468328,0.7377641831631223
2.5726877108943444,0.7378155840766243
2.5734366748191486,0.7380291330872939
2.573706482494718,0.738106062242732
2.5738789474037738,0.7381552364545789
2.5744895744212033,0.7383293420304835
2.5744921724734584,0.7383300828024626
2.574580404777711,0.7383552401173323
2.5745912153313677,0.7383583224861374
2.574705986006489,0.7383910465777985
2.5753288516327757,0.7385686416980284
2.5755767043519557,0.7386393109268388
2.576190819258802,0.7388144109903412
2.5770309768110535,0.7390539616658112
2.5770825360926053,0.7390686625521978
2.5773794359773716,0.7391533163980775
2.5775411095406877,0.7391994137177935
2.5776720596287523,0.7392367509790785
2.5778082323705314,0.7392755773541864
2.5779121394822093,0.7393052039625789
2.5790293179910457,0.7396237404867052
2.5803741633005624,0.7400071907115282
2.5807355010982285,0.7401102174751062
2.581931126048223,0.7404511211111118
2.5820434158448022,0.7404831378400534
2.5821437586924074,0.7405117481844561
2.582144293693062,0.7405119007269976
2.5827336914279395,0.7406799532846782
2.5832167493591456,0.7408176856104802
2.5834328707967185,0.7408793074291682
2.5836166086734544,0.7409316958560335
2.5854992448973513,0.7414684841975663
2.5855879849079715,0.7414937862726692
2.585803974702308,0.7415553705564613
2.5862374495009433,0.7416789654471265
2.5872385244330465,0.7419643978348245
2.5878921781391457,0.7421507714339193
2.5879893169754484,0.7421784682317261
2.588416056891088,0.7423001428328384
2.588438208574231,0.7423064588513582
2.589532781310202,0.742618549884225
2.5900325006306666,0.7427610328035801
2.5905559763134516,0.7429102892770443
2.5927088015103648,0.7435241154917913
2.5929304681303633,0.743587318385591
2.593914584881533,0.7438679155567436
2.5940267134475,0.7438998863146626
2.5941326674551513,0.7439300965461051
2.5947596178927363,0.7441088563518194
2.595202604578746,0.7442351633279021
2.5953218681872503,0.7442691684712224
2.595528266523122,0.744328017981819
2.5957164136336144,0.744381663595413
2.596920454673435,0.7447249668765774
2.597535662283789,0.7449003784981472
2.5975491616650808,0.7449042275213436
2.597896762289083,0.7450033374609617
2.599256100834139,0.7453909200825644
2.5993313386998986,0.7454123723465063
2.6000398227703783,0.7456143795024119
2.600071144166045,0.7456233100434384
2.600635381803694,0.7457841888058347
2.6006666522110544,0.745793104808774
2.602210249291369,0.7462332243104706
2.6023276576953736,0.7462667004869441
2.602426856211919,0.7462949845529274
2.602556880930966,0.7463320579675412
2.6027766388984066,0.7463947166550684
2.603279935450464,0.746538219535789
2.6042409254840515,0.7468122226808531
2.60473364736563,0.7469527104491704
2.604910957643837,0.7470032662012416
2.605254632568863,0.7471012568224191
2.6054426006831184,0.747154851399551
2.6069116764734033,0.7475737229516028
2.607281098567718,0.7476790547575114
2.60893500455493,0.7481506261852027
2.6090355427407026,0.7481792922255754
2.609361505639582,0.7482722326894153
2.6093796517380428,0.7482774066120108
2.610441833141394,0.7485802620371187
2.610822407568158,0.7486887736618177
2.611953772477405,0.7490113550960822
2.611960203338511,0.749013188701122
2.61199480786795,0.7490230553486088
2.6120264226234235,0.7490320695341126
2.6124687682227585,0.7491581937197822
2.6125095949386266,0.7491698344737541
2.6125193177035246,0.7491726066858142
2.6126065682139163,0.7491974840658286
2.6129450514765806,0.74929399440962
2.613088148889911,0.7493347951879137
2.613133248417322,0.7493476542311088
2.614789759941893,0.7498199685649758
2.6148744287412975,0.7498441098323301
2.615339180857941,0.7499766226963396
2.615730901255018,0.7500883123258189
2.616444738712879,0.7502918458711025
2.6165436135945583,0.7503200376604042
2.6166533726090675,0.750351332797839
2.618184604605151,0.7507879266938056
2.618654073695083,0.7509217844890539
2.6189765282780706,0.7510137246411792
2.6192616215659568,0.7510950121205362
2.6197142654762136,0.7512240726213419
2.619769269077312,0.7512397555724277
2.619876122103766,0.7512702221374128
2.6199113972992043,0.7512802800091436
2.620503029773268,0.7514489697488389
2.621225077299376,0.7516548441971935
2.6226386803906188,0.7520578990461877
2.6242589527353695,0.7525198806514124
2.6246012374569316,0.7526174748895806
2.625388529165153,0.7528419521438656
2.625830571194859,0.752967989773973
2.626382303438441,0.7531253029246723
2.626987685199228,0.7532979129420734
2.629181577223533,0.7539234483728061
2.629494982684759,0.7540128083859747
2.6299976953569986,0.7541561447874383
2.630085424583566,0.7541811586618321
2.6301970261098715,0.7542129791470948
2.630300158997399,0.754242385004132
2.6307437618719365,0.7543688676715212
2.6310582786947436,0.7544585445626573
2.631434614126565,0.7545658475401222
2.6318432219450427,0.7546823522107715
2.6322657928862765,0.7548028381293179
2.6324519595959663,0.7548559190793573
2.632462901269921,0.7548590388339551
2.6333071193190745,0.7550997472622456
2.633713457747324,0.7552156048709713
2.633806006180132,0.7552419928258656
2.634432804543743,0.7554207092713516
2.6353110680291825,0.7556711249351922
2.635827488732585,0.7558183698513337
2.636162670715227,0.755913938914698
2.6364159665347304,0.7559861601123692
2.636963758657552,0.7561423498326039
2.637716100789139,0.7563568620575114
2.638344344345977,0.7565359905650124
2.6391427278528226,0.7567636303783263
2.639891165159163,0.756977029236434
2.6400746224545704,0.7570293376622963
2.640218859887685,0.7570704634897534
2.640404642657779,0.7571234349686713
2.640536963159281,0.7571611629703161
2.6412128265279264,0.7573538691193602
2.6413385817210937,0.7573897251815787
2.6415333990548606,0.7574452726485654
2.641899421227748,0.7575496350488284
2.642029909241701,0.7575868405608179
2.6421823137157348,0.7576302950231406
2.6423709608502506,0.757684083206533
2.6426412100383194,0.7577611382486185
2.6427282091645745,0.7577859439525056
2.6432304166764355,0.7579291363196634
2.6437917190960007,0.7580891781753722
2.6441293039035574,0.7581854323463451
2.6443947445326694,0.7582611163437458
2.644869559207955,0.7583964983038116
2.644879680072438,0.7583993840243732
2.644995441599303,0.758432390633526
2.6450524125065926,0.7584486345145536
2.645943101908844,0.7587025931290678
2.6462146733331284,0.7587800251749401
2.6464307498207966,0.7588416341772461
2.646642787060113,0.7589020914852436
2.6467374191444,0.7589290735431344
2.646960486037163,0.7589926756909615
2.6474408527556115,0.7591296406823127
2.6476193982841347,0.759180548636238
2.647644421585923,0.7591876834275992
2.6483250138058034,0.759381737894592
2.6485438171247235,0.759444124387104
2.648573319421973,0.7594525362560622
2.649562070143451,0.7597344546921543
2.651255198869724,0.760217209538492
2.6516061836533455,0.7603172843896566
2.6517724229959634,0.7603646835312905
2.653067231738835,0.76073386703518
2.653354858208938,0.7608158767903883
2.653496107725001,0.7608561506853166
2.653810613349103,0.7609458243834117
2.6554096519082613,0.7614017516864782
2.655996887176501,0.7615691876689195
2.6562711287726564,0.7616473810499407
2.656598131981882,0.7617406181332009
2.6566360056628935,0.7617514169004616
2.6569607750748925,0.761844017070284
2.6570575422624696,0.761871607901415
2.658429638522098,0.7622628280778252
2.6584577506495743,0.7622708435733805
2.6592168016472253,0.7624872686697406
2.6593041261733803,0.762512167153566
2.6605799174897635,0.7628759282966748
2.6608255026382426,0.7629459509823557
2.661075297884593,0.763017174075967
2.6611754642863574,0.763045734111091
2.661562426482186,0.763156067054173
2.6624336060557026,0.7634044629112744
2.663169605143362,0.7636143153111268
2.66319935767128,0.763622798527329
2.6636834865811707,0.7637608362168888
2.664234263155432,0.7639178768815165
2.6651471801752478,0.7641781731654207
2.665550981355433,0.7642933073390166
2.6658438405206786,0.7643768090711194
2.666451321423504,0.7645500176082767
2.666919097012735,0.7646833925426193
2.667002124806959,0.7647070659168997
2.66701107149124,0.7647096168482781
2.66740898177438,0.7648230713745714
2.6679031942536953,0.7649639841509057
2.668279646403219,0.7650713204076103
2.6684350079408654,0.7651156180053469
2.6689891272404442,0.7652736117675281
2.6699658904766226,0.7655521122611246
2.6704136627354216,0.7656797837279403
2.670565169195625,0.7657229821432643
2.670572295772657,0.7657250141149312
2.670945768233483,0.7658315007852239
2.672270283212287,0.7662091543062719
2.6724233374696116,0.7662527940386381
2.672867900745341,0.7663795505412783
2.6735933627511352,0.7665863985462154
2.6737421401684496,0.7666288188407384
2.67376304247526,0.7666347786297112
2.6740629924703994,0.766720302141046
2.6750080121321362,0.7669897517195148
2.675249872472638,0.7670587123659809
2.6758427506983415,0.7672277573017292
2.6767731171707676,0.7674930288764563
2.677086461411082,0.7675823714339571
2.677186711241212,0.767610955256669
2.6772263237971745,0.767622249822209
2.6779676024073407,0.7678336075506507
2.6786290803094337,0.7680222120306441
2.6795926865603414,0.7682969611270174
2.6808839308361225,0.7686651283090316
2.6809588871737504,0.7686865003020122
2.6812809832302977,0.7687783382289646
2.6817086460354,0.7689002759697623
2.6821132906904768,0.7690156506398933
2.682292645338758,0.7690667892948149
2.682651393252222,0.7691690776153373
2.6827892460691505,0.7692083830233796
2.6830097107150253,0.7692712432032289
2.6846851334725184,0.7697489496193408
2.686081605307302,0.7701471199034753
2.686394169454289,0.7702362400361669
2.6865902451201302,0.7702921462862145
2.6868181173239365,0.7703571185526619
2.687812132588701,0.7706405380463792
2.6878990462809167,0.7706653193908093
2.688470888251788,0.7708283663455351
2.6891007369489315,0.7710079525201048
2.690047470149136,0.771277890672766
2.6900755060868256,0.77128588444464
2.6906548503603487,0.7714510705001367
2.6906883817334073,0.7714606311629482
2.69086740843614,0.7715116763121013
2.69134248727216,0.7716471335912332
2.691954136328251,0.7718215305768281
2.693241810820819,0.7721886799212025
2.693295712625363,0.772204048721558
2.693344122848383,0.7722178517298068
2.693710276935893,0.7723222517423451
2.694128539826407,0.7724415093240671
2.6947046094859433,0.7726057617023141
2.6955911867005473,0.7728585478256378
2.6955966576434762,0.7728601077331465
2.695662079795852,0.7728787612830077
2.6966003342606966,0.7731462819286465
2.6970067669256332,0.7732621664066919
2.6973382806866026,0.7733566895650628
2.6974192069830574,0.7733797637479076
2.697697516543519,0.7734591170108993
2.697878112498419,0.7735106095944837
2.698316188010315,0.7736355162676434
2.6988674747395263,0.7737927023906588
2.6996703499162,0.7740216228953605
2.6998675735013045,0.7740778564469171
2.7004623943664834,0.774247455279488
2.7005129017058818,0.7742618562299248
2.7008112605276335,0.7743469260565208
2.7008607784259864,0.7743610448916918
2.701753484920329,0.7746155786313975
2.7017578645247946,0.774616827370048
2.7018042615206617,0.7746300563550994
2.702641417307542,0.7748687511495267
2.7029221172716054,0.7749487859784889
2.7035873145811027,0.7751384509578538
2.7043363920681154,0.7753520323480496
2.7047702456443754,0.775475735238025
2.7050354600004205,0.7755513547191151
2.705557928102643,0.775700323905268
2.7059874810199833,0.7758228005660124
2.7067270946580853,0.776033683567801
2.7067755249383394,0.7760474922948868
2.707172602612912,0.7761607094229162
2.707927028710879,0.7763758158406067
2.7084471862041193,0.7765241262123013
2.7090956557689574,0.7767090216784702
2.7096315939651228,0.7768618315372373
2.709739799198643,0.7768926836514745
2.7098817449551014,0.7769331560625696
2.709978717895145,0.7769608055590573
2.710195497079379,0.7770226149183519
2.7104819955570663,0.7771043030537106
2.7112598631464238,0.7773260932476542
2.712055025852827,0.777552814727354
2.7127899938406306,0.7777623731339356
2.7129790653121058,0.7778162823067838
2.7158334254545697,0.7786301343019602
2.7162238937511103,0.7787414669251513
2.7164507287395216,0.7788061434546294
2.7166456433364794,0.77886171865387
2.7166657943163184,0.7788674642200664
2.7167146706875744,0.7788814001392494
2.717659970263278,0.7791509295284387
2.71799767563643,0.7792472180757855
2.71835466947271,0.7793490062634774
2.7188552669493715,0.7794917395679053
2.7189551751969745,0.7795202259965928
2.7196565354607496,0.7797202019707241
2.719836730541874,0.779771580254814
2.7199505221303295,0.7798040251835112
2.7205108170442105,0.7799637797732581
2.720550491124063,0.7799750918808526
2.721608912075602,0.7802768751037656
2.7220472182220647,0.7804018475368129
2.723453210259412,0.7808027322772395
2.723853504169398,0.7809168664372754
2.724418215070838,0.7810778801394347
2.7244347469021744,0.7810825937926691
2.7245044113250025,0.7811024569236973
2.7260104846350774,0.7815318774267555
2.726233997119298,0.7815956066242467
2.726458022638397,0.7816594821012672
2.726664902135274,0.7817184688033272
2.7266858547584683,0.7817244429388039
2.7267916557331677,0.7817546095365888
2.7268948230947725,0.7817840252230785
2.727249923002773,0.7818852734027715
2.728691104227982,0.7822961914919424
2.728713307409839,0.7823025221940796
2.7291096085338484,0.782415517907433
2.7291551477293186,0.7824285023113773
2.7306397382521257,0.7828517975154519
2.7307325351089524,0.7828782563024672
2.732116031071152,0.7832727268292952
2.7322362479235456,0.7833070037671346
2.7322918091245714,0.7833228457043999
2.732383199418568,0.7833489034439267
2.7328474323650385,0.7834812682790755
2.7331487831017522,0.7835671911781075
2.7337162084617885,0.7837289788427084
2.7343641002488077,0.783913709569459
2.734966762880584,0.7840855442927626
2.7350621377627933,0.7841127381415767
2.7350867375229826,0.7841197521702596
2.7351699182805813,0.7841434691583598
2.7352812463751084,0.7841752116811416
2.735543835414803,0.784250082616553
2.7361705018246183,0.7844287614385945
2.7361932646083003,0.784435251697704
2.736400944000079,0.7844944664705147
2.7371745204923936,0.7847150331615658
2.73775067771401,0.7848793105060294
2.738007967532306,0.7849526704961878
2.7387213201344536,0.7851560657965513
2.739150548278504,0.7852784498560204
2.740621180562547,0.7856977652047505
2.741869612475931,0.7860537254735456
2.742013613679719,0.7860947839459043
2.742218084680724,0.7861530839234185
2.742972924796205,0.7863683083882238
2.743592006781929,0.7865448246945455
2.7442378295325183,0.7867289654854281
2.7445743746390185,0.7868249232107052
2.7458834459831647,0.7871981733515727
2.7460938905223284,0.7872581765395112
2.7462260423407785,0.7872958564452497
2.746431805325994,0.7873545248009208
2.7473826584616625,0.7876256376538755
2.7474657976094896,0.7876493427779518
2.7484859199467757,0.7879402060741327
2.7486005515764056,0.7879728905203236
2.7489320979248806,0.7880674229702362
2.749352412808722,0.788187265628395
2.7501379648406155,0.7884112468559075
2.7517525060781125,0.7888715943740372
2.752034066210385,0.7889518744592314
2.75224056773206,0.7890107533907726
2.752291090289112,0.7890251586801564
2.752635836172717,0.7891234546593593
2.7530111336851073,0.7892304616991155
2.753946930969918,0.7894972817390935
2.7540109883217427,0.7895155461489742
2.7550390419534656,0.7898086708625933
2.755082774871553,0.7898211402500794
2.7552417030935272,0.7898664548018832
2.75564161243352,0.7899804793110548
2.7556419336485094,0.7899805708977665
2.7571563475703282,0.7904123695252274
2.757668727690982,0.7905584623665896
2.7577857372911967,0.7905918248337753
2.7588577622759316,0.7908974869188521
2.759095236418325,0.7909651969466494
2.7593159158502285,0.7910281183675583
2.759322922859491,0.7910301162473572
2.759869463449123,0.7911859491230688
2.7599419250666233,0.7912066098067365
2.759999941976558,0.7912231519302064
2.7611541635452985,0.791552250390005
2.7617519782964863,0.7917227028570089
2.7621478012289256,0.791835562225562
2.7625568741439546,0.7919521995072829
2.763484991380885,0.7922168297667218
2.764528497720883,0.7925143604476448
2.764633216340988,0.7925442184381055
2.7653452533816907,0.7927472386378323
2.765394390820075,0.7927612489940143
2.765854729340477,0.7928925034274377
2.7667221900132035,0.7931398389296165
2.7668734370558052,0.7931829633782639
2.7688471297010877,0.7937457142635962
2.7689820263837737,0.7937841768012113
2.7690031598062674,0.7937902024872505
2.7690727167894664,0.7938100349844583
2.7690905516906845,0.7938151201766608
2.7691869897679044,0.793842617169906
2.7702253325172106,0.7941386755774027
2.7703362919998273,0.7941703129993831
2.772209632250217,0.7947044508181333
2.772915015340237,0.794905573804205
2.7732027541189006,0.7949876155814921
2.7732475602727744,0.7950003909762942
2.7739857294355295,0.7952108621207543
2.774425770848973,0.7953363293233555
2.774674476231813,0.7954072416686564
2.7746968709947506,0.7954136269955205
2.774990980267299,0.7954974851655892
2.775752365416919,0.7957145757891222
2.776119527509971,0.7958192632101446
2.777005571485036,0.7960718972930667
2.7776820572270875,0.7962647808968861
2.7787330160776715,0.7965644364815729
2.779435341807921,0.7967646877351984
2.7799959392647198,0.796924528587766
2.780292999042051,0.7970092280231564
2.780387848508994,0.7970362720624715
2.780528649678831,0.7970764181222805
2.7814351422614427,0.7973348826327658
2.7822379760849762,0.7975637913466167
2.7825789022266068,0.7976609982184635
2.783054173280368,0.7977965103038516
2.7831397253680836,0.7978209034195773
2.783231848124461,0.7978471700030978
2.7836420061768044,0.7979641166855684
2.783819541898811,0.7980147367175048
2.784765988452102,0.7982845931397078
2.7849634727699852,0.7983409010329319
2.7851819840464893,0.7984032042565881
2.787059140651933,0.7989384302169955
2.7870871845772016,0.798946426266335
2.787243161545993,0.7989908993394295
2.787631141089076,0.7991015223545592
2.787670336344746,0.7991126979369791
2.787687860974244,0.7991176946626797
2.787696363903576,0.7991201190680299
2.7877773732806004,0.7991432169392965
2.7883348336247376,0.7993021633198034
2.789311937873424,0.7995807610448971
2.790000328005862,0.7997770388987004
2.790616323438724,0.7999526751488693
2.791136066558239,0.8001008673718844
2.7912610364847708,0.8001364995342493
2.7912710920450197,0.8001393666348826
2.791346989297258,0.8001610069069856
2.7914195539818407,0.8001816969777469
2.7923180888500725,0.8004378925377842
2.7931311714532785,0.8006697234441291
2.7931717833240004,0.8006813029401862
2.793681230899637,0.8008265596370203
2.79371165376634,0.8008352339841693
2.7937767718153794,0.8008538008262946
2.7942261730232922,0.8009819367486868
2.7946874198461846,0.8011134501626722
2.7951544594446442,0.8012466152469864
2.7954668978687667,0.8013356995328333
2.7955864968024513,0.8013698002860465
2.7959231599472467,0.8014657916670984
2.796791756242551,0.801713450964683
2.7970867715700782,0.8017975674744899
2.7976046869595073,0.8019452385643249
2.7981891217792643,0.8021118760663817
2.798348058479685,0.8021571930356104
2.798617628233805,0.8022340543534818
2.799923774737336,0.8026064705465459
2.8000915705211145,0.8026543134698616
2.8012699452105485,0.8029902986098563
2.8013871599587468,0.8030237195700449
2.801817187460428,0.803146331547075
2.8031305833129982,0.8035208147172852
2.804720360611135,0.8039741013949986
2.8049201519972162,0.8040310670931115
2.8050711593567454,0.8040741232019082
2.8051371120220776,0.804092928014752
2.8056614250406837,0.8042424232343433
2.805780317829982,0.8042763226475049
2.8062960188065516,0.8044233623508878
2.806771709635156,0.804558994124954
2.807210594005679,0.8046841314246551
2.8078442706990017,0.8048648090600683
2.8079712847108427,0.8049010240440899
2.808372245638451,0.805015348388123
2.81050670480065,0.8056239379707533
2.8107301638416504,0.8056876519301985
2.811003597076678,0.805765614826528
2.8112486473486267,0.8058354850050586
2.8125989775451035,0.8062204991131943
2.812822235426647,0.806284155716869
2.8130634502404632,0.8063529323069603
2.813491938670941,0.8064751054549333
2.813575825699056,0.8064990238190475
2.8146711382354166,0.806811325788164
2.8148307562732335,0.806856837024329
2.8148561074799416,0.8068640653098744
2.8167475817985497,0.807403373621087
2.81676244062618,0.8074076102576391
2.8168771787784004,0.8074403250761788
2.8169776924167333,0.8074689841174407
2.8170803804407,0.8074982631323568
2.81716768153418,0.8075231549349196
2.817519101747548,0.8076233539383808
2.8176645605766075,0.8076648280174519
2.8177992567329815,0.8077032333798229
2.8180279080302344,0.8077684277859878
2.8190011462435747,0.8080459232042865
2.819273674378768,0.8081236280332147
2.819343051237669,0.8081434091723201
2.8194163151223264,0.8081642986031301
2.8195846898976082,0.8082123066119171
2.8209865047254734,0.8086120003217445
2.8212471128048175,0.8086863064340597
2.8216333180909046,0.8087964235625729
2.8234785497834554,0.8093225469035639
2.8250644983009403,0.8097747418967607
2.825215902531272,0.8098179111637007
2.825351061993032,0.809856448626435
2.8254206956911854,0.8098763029970628
2.8264396633663975,0.8101668370691844
2.8270922477420526,0.8103529057744772
2.829012861812191,0.8109005225834749
2.8294780516469262,0.811033160252248
2.82952440539773,0.811046376907012
2.829709859121747,0.811099254566372
2.829882714715149,0.8111485401724436
2.8315253512130103,0.8116168983768781
2.8320875363686357,0.8117771919234971
2.832523287470163,0.8119014358470664
2.8333235414548774,0.81212960898206
2.8337030522345303,0.812237817333423
2.833776236582188,0.8122586840861745
2.8339310396928266,0.8123028224619104
2.8339658471493765,0.8123127469691713
2.8340386201882435,0.8123334964471352
2.8344869466618126,0.812461325934934
2.8347434306759522,0.8125344561694594
2.834745657174584,0.8125350910018783
2.835462313537743,0.8127394282900628
2.835470476782877,0.812741755842652
2.8379419531507244,0.813446437758252
2.838539919432359,0.8136169334305103
2.838598211356436,0.813633553967634
2.8386556851663816,0.8136499412392324
2.839158812262066,0.8137933958035526
2.8398943005124395,0.8140031025504662
2.8401663492824447,0.814080670699965
2.8406266740255397,0.8142119212051211
2.8422250871393846,0.8146676701775324
2.844422064840015,0.8152940854144943
2.845558471737728,0.8156181044502411
2.8461696919968524,0.8157923791747164
2.8462490493917496,0.8158150060230978
2.8465460114539893,0.8158996775973848
2.8465943702457155,0.8159134659412401
2.847656671806561,0.8162163556263613
2.8480303708379284,0.8163229068977826
2.8487231721181576,0.8165204424840553
2.8491960927492874,0.8166552844030823
2.850448778696924,0.8170124576072091
2.8506331724741467,0.8170650330482885
2.852008924359058,0.8174572955381354
2.852234090553242,0.8175214962511628
2.8528777522961684,0.8177050208827981
2.85392879809645,0.818004701259095
2.8543824098938426,0.8181340377295885
2.854927906107842,0.8182895728267612
2.8552207886490355,0.8183730812239522
2.855319968856115,0.8184013600694322
2.855552495918238,0.8184676595565314
2.856706239229645,0.8187966216527789
2.856921510061486,0.8188580009417448
2.8569450340293345,0.8188647082341718
2.857195171859389,0.8189360290072691
2.8579267788538463,0.8191446291076092
2.8579814832406902,0.8191602267449625
2.8587142478730763,0.8193691569178547
2.8587888434135813,0.8193904260382323
2.858847840169365,0.8194072475411289
2.859066180601821,0.8194695020527225
2.8596391425242995,0.8196328683346545
2.8596746749364446,0.8196429995455303
2.8597561248285452,0.8196662230190528
2.8598673561791066,0.819697937957625
2.860181599462857,0.8197875368556917
2.8602629051431614,0.8198107192106969
2.860781609798578,0.8199586153407044
2.8609826139138472,0.8200159268193146
2.8611086213889956,0.8200518548136595
2.861145417248877,0.8200623462662036
2.861996029523092,0.8203048778536486
2.862095028467015,0.8203331050163087
2.8621663872144114,0.820353451243149
2.8633795910190307,0.8206993670658427
2.864188447622533,0.8209299930302327
2.865237904522749,0.8212292203699738
2.8655124010116757,0.8213074864275249
2.866482744137326,0.8215841563813502
2.86685602772135,0.8216905891979751
2.8687625453231878,0.8222341867388079
2.870585862781585,0.8227540617641353
2.870714860862722,0.8227908424576944
2.8709074350886055,0.8228457503565343
2.871156397665742,0.8229167360345895
2.8712996560537376,0.822957582710929
2.871372058632716,0.8229782265611851
2.8720639094464064,0.8231754911448335
2.872458082407824,0.8232878800639198
2.8724689467261624,0.8232909777624282
2.8726768449237685,0.8233502549224467
2.8749364330720883,0.8239945220194502
2.8749855123384407,0.8240085157892791
2.87558374805643,0.8241790882848197
2.8760318328363916,0.824306848859512
2.8762268950400696,0.8243624661452513
2.876230007571608,0.8243633536085972
2.877025006131228,0.8245900282857985
2.87769535211774,0.8247811612863143
2.879938649057122,0.8254207833377607
2.880453260905115,0.8255675125023809
2.8810053726688793,0.825724933864113
2.8811128279467937,0.8257555721465852
2.8827889185472517,0.8262334689820221
2.883114504844031,0.8263263020668501
2.883366271253823,0.8263980871902057
2.8837047091895447,0.8264945846101117
2.8841888269313634,0.8266326191153648
2.884813315232851,0.8268106769023165
2.884993553697154,0.8268620675560738
2.8852175540814344,0.8269259358665071
2.8857513846336804,0.8270781447814117
2.886090736549405,0.8271749028006856
2.8870583596884165,0.8274507972158816
2.887151912691922,0.8274774715998967
2.8871645605720544,0.827481077838061
2.8908720229309104,0.8285381713676783
2.8923123877188255,0.8289488566694339
2.8923867574804687,0.8289700614144113
2.8925034137078898,0.8290033231258624
2.8926593321200653,0.8290477795029487
2.8927182703740484,0.8290645843254665
2.892993946844546,0.8291431868263213
2.89312952731346,0.8291818443290977
2.893379719001052,0.829253180458374
2.8937531785868154,0.8293596634576528
2.8945381846690124,0.8295834890207683
2.894949706964021,0.8297008246841522
2.8987988841363816,0.8307983247770485
2.900241131234683,0.8312095467742406
2.901865623105665,0.8316727314756656
2.9024634923253823,0.8318431994730577
2.9027903989781216,0.831936409025563
2.9032590213217366,0.8320700253915085
2.9035390238973173,0.8321498613769542
2.9041786473844815,0.8323322345972937
2.9055329190622468,0.8327183725238165
2.905947949428901,0.832836708429274
2.9062643017968073,0.8329269086818518
2.90763111906793,0.8333166236819307
2.9077062755978544,0.8333380527549197
2.909127942199791,0.833743406719631
2.909267880867087,0.8337833068576292
2.9093827266807226,0.8338160523732265
2.9098427883498204,0.8339472278691733
2.910223047778734,0.8340556496798281
2.911234724702363,0.8343441049698668
2.9115265096803062,0.834427300423352
2.91294261442947,0.8348310685598037
2.916924322703751,0.8359663567019779
2.916994210437784,0.8359862835048137
2.9176033927374254,0.8361599771542638
2.9179827523526116,0.8362681424047225
2.919478979056033,0.8366947553852289
2.9196370955789552,0.8367398385006131
2.9197388723448987,0.8367688576922678
2.920181417388395,0.836895038744633
2.920557083944097,0.8370021510081944
2.920784094056446,0.8370668774700423
2.920928839371212,0.8371081481077105
2.9218200236906213,0.8373622478359233
2.922573865024249,0.8375771875221567
2.9236674227739265,0.8378889891561467
2.923788562633174,0.837923529267143
2.925077827878097,0.838291132176209
2.9255713470695235,0.838431847278212
2.9257800845770205,0.8384913637472158
2.926900694502679,0.8388108786571404
2.9275188521811035,0.8389871314195143
2.929467059416968,0.8395426157546333
2.930207900608357,0.8397538487636533
2.9305340278130796,0.8398468360753442
2.9305602687082946,0.8398543180341229
2.930677389786198,0.8398877122864847
2.930755767199744,0.8399100597168043
2.931065354932357,0.8399983311966788
2.9318431188136302,0.8402200918207618
2.9321088774710646,0.840295866496273
2.9321313023020186,0.8403022603963075
2.932313149982422,0.8403541098792489
2.9328174415639316,0.8404978964686343
2.9334007488705627,0.8406642124874997
2.9334332678558974,0.8406734844923536
2.934864698044465,0.8410816223084583
2.934992295207475,0.8411180035639803
2.9361371440382946,0.8414444296134742
2.936232251008866,0.8414715470737424
2.9362491428724216,0.8414763633814859
2.9363658078519483,0.8415096275883891
2.936531256375207,0.8415568012469441
2.937365504291703,0.84179466693222
2.9374226049064207,0.8418109477961946
2.9378116772425495,0.8419218823949217
2.937889682938491,0.8419441238389263
2.9382154984509294,0.8420370222790745
2.9387290837093087,0.8421834587364112
2.93892629441464,0.8422396886156114
2.9390096023500845,0.8422634418654089
2.939956754700294,0.8425334995285907
2.942667561241669,0.8433064206745295
2.9429444246603746,0.8433853616050564
2.943867947248508,0.8436486818111373
2.945410034756252,0.8440883708946005
2.945638850595927,0.8441536122160711
2.945878980026057,0.8442220793351656
2.9460775784266464,0.8442787048822202
2.9466426611118077,0.8444398245895466
2.947345475457929,0.8446402151602108
2.947735027575099,0.8447512865569373
2.9484048384472197,0.8449422669824822
2.948846678108842,0.8450682469122082
2.9496587699335133,0.845299795321935
2.9499761842718293,0.8453902983697783
2.950355758388736,0.8454985247802325
2.9515696069624937,0.8458446244433051
2.9517789992803367,0.8459043276156959
2.952437965893451,0.8460922160621676
2.9525444983167355,0.8461225912148864
2.952924659501748,0.8462309850136602
2.9535792269854655,0.8464176191544177
2.9539281647172406,0.8465171103380889
2.9549991210390676,0.8468224677196956
2.9554674496375792,0.8469560003313048
2.955681089436292,0.8470169145704876
2.9568592424415394,0.8473528365025798
2.9571781745056067,0.8474437722933392
2.9581022311907086,0.847707244784297
2.9584062364678,0.8477939245615349
2.9597723771011557,0.8481834466346634
2.960307954261651,0.8483361535528113
2.9609269197421555,0.8485126366404776
2.9611598469653457,0.8485790502238597
2.961447801526763,0.8486611535263979
2.9615586788743666,0.8486927675295592
2.9623437336822622,0.8489166069856335
2.963034451170029,0.8491135484287118
2.9632944853572565,0.8491876909095226
2.963422332347508,0.8492241433972607
2.963438526840183,0.8492287608665063
2.963603827487914,0.8492758923619188
2.963634933505946,0.8492847614932035
2.9638817960382333,0.849355148394088
2.964130556937205,0.849426076568476
2.964857875287856,0.8496334538654045
2.9659641528341982,0.8499488822428245
2.9660533050700906,0.8499743018540276
2.9662592648379085,0.8500330263175147
2.966440890702996,0.850084812555165
2.9668217515292175,0.8501934058397662
2.967496506793306,0.8503857960395045
2.967804720880951,0.8504736758576257
2.968506359188377,0.8506737311092021
2.9685446057243574,0.8506846361870699
2.96865033195799,0.8507147814742411
2.9687151621911863,0.8507332662526155
2.9693567087853183,0.8509161878005538
2.9695617434233728,0.8509746484855873
2.970578347219261,0.851264508554497
2.970685015043358,0.8512949223134938
2.97106276397692,0.8514026283169098
2.9715415670726726,0.8515391474789378
2.971830680318164,0.8516215811523113
2.9725641193008165,0.8518307035999284
2.973537426641779,0.8521082187283027
2.9735737949444054,0.852118588273201
2.9738120509548818,0.8521865212318365
2.9738663045580975,0.8522019903391036
2.9746537557241766,0.8524265130589539
2.9766361994333397,0.8529917590992218
2.97714561483471,0.8531370066223398
2.977473217782186,0.8532304147065064
2.97816917418437,0.8534288498997555
2.9785519310029427,0.8535379837808763
2.978701853663465,0.8535807306138958
2.979265316927512,0.8537413885823251
2.9797548129038005,0.8538809565615042
2.981902691045282,0.8544933722426353
2.982454403590097,0.8546506797767062
2.982595567292995,0.854690929204079
2.9834021478106663,0.8549209061974556
2.983831118487404,0.855043216846326
2.983873183636219,0.8550552107096026
2.9839081451092593,0.8550651791309538
2.9847911568498606,0.8553169486453056
2.9851364789370205,0.8554154089150632
2.9859365818666745,0.8556435389803478
2.9862425266205683,0.8557307717526479
2.9870633315059107,0.8559648044816115
2.98913344388305,0.8565550471294507
2.989326235914421,0.8566100171302755
2.9893536319538536,0.8566178284505854
2.9897469143415956,0.8567299634440535
2.990053025271329,0.8568172435973891
2.9908124475120754,0.8570337745447696
2.9909642691328413,0.8570770628205318
2.9910638830547325,0.8571054653293362
2.991650974250949,0.8572728602331128
2.9923371026288788,0.8574684932021341
2.992364675667658,0.857476354989541
2.9930474686473953,0.8576710369501614
2.9942326896395293,0.8580089741483528
2.994869669684583,0.8581905936548904
2.9951450054197504,0.8582690990032786
2.9952685495724243,0.8583043246405939
2.9955811516946635,0.8583934556010133
2.9963977451125166,0.8586262875315327
2.996836170489847,0.8587512939603879
2.9969369179877083,0.858780019681058
2.997056286335533,0.858814054688271
2.9980521763551375,0.8590980087231435
2.998617378129458,0.8592591623858732
2.999877431430222,0.8596184362131662
3.000220763634979,0.8597163291159198
3.002134034915625,0.8602618523054786
3.002320184046189,0.8603149282432543
3.0023575500576367,0.8603255822607752
3.0030664307350468,0.8605277024995877
3.004070173938785,0.8608138956806282
3.0041882304601297,0.8608475566521401
3.004202690366531,0.8608516795459191
3.00533506710078,0.8611745494776946
3.005629978988631,0.8612586364941708
3.005712838202103,0.8612822618017135
3.0067586861621862,0.8615804601391628
3.0070915058601115,0.8616753556539793
3.008522290767913,0.8620833094838269
3.00872082398356,0.8621399164449668
3.008970605444028,0.8622111356078663
3.010216482061609,0.8625663672956541
3.011308090171883,0.8628776130369604
3.011400561450423,0.8629039789931752
3.011414627451611,0.862907989574377
3.0116295280469436,0.8629692632993264
3.0122710105696804,0.8631521665788506
3.0124098325319766,0.8631917483153349
3.0124572455376963,0.8632052669911063
3.0126340511077974,0.8632556788378267
3.0128040978486226,0.8633041635672882
3.0128284074124227,0.8633110948534655
3.0132172101904446,0.8634219525941955
3.0134971849993724,0.8635017806626497
3.013879053611403,0.8636106612930832
3.01396493784367,0.8636351491118219
3.0147314666507152,0.8638537063252916
3.0148157744039423,0.8638777446490304
3.016428074740603,0.8643374532282997
3.0181541985181743,0.8648296158182263
3.0192349323095256,0.8651377610095985
3.019650268103575,0.8652561840003163
3.019948106399479,0.8653411054115125
3.022070523612909,0.8659462615227016
3.0231048238568636,0.8662411673072352
3.0233337912012126,0.8663064518266119
3.023603568071962,0.8663833721987981
3.0237951643684595,0.8664380012646449
3.0243254496408123,0.8665891993284409
3.024379661710583,0.8666046565934471
3.02555740123333,0.8669404606309707
3.025903500494516,0.8670391424931698
3.0261417942284075,0.8671070862077279
3.026406977860643,0.867182696928664
3.0266552758915153,0.8672534931273699
3.0269279697717555,0.8673312452145028
3.0279201027847384,0.8676141280294933
3.0279607716122285,0.8676257237653999
3.028103844781187,0.8676665176309954
3.0297426569478283,0.8681337854195617
3.0306286146488564,0.8683863949035215
3.0307269614399095,0.8684144361205097
3.0310900486036045,0.8685179616736454
3.0351524504782494,0.8696762576509827
3.0366092967151896,0.8700916422406706
3.0368606677892114,0.8701633146435601
3.0369912452279393,0.8702005456528685
3.0372979002804383,0.870287980949696
3.037504618650409,0.8703469217103013
3.0377116165607574,0.8704059421751082
3.039063196825606,0.8707913127101099
3.0395668006256433,0.8709349031951856
3.039808407277802,0.8710037915085358
3.0412733500151243,0.8714214846201556
3.0417507705591302,0.8715576095808768
3.041778008205418,0.871565375739199
3.041845998731177,0.8715847615988244
3.0418754084399637,0.8715931470684144
3.044104223155327,0.872228639862751
3.0445223682965983,0.872347863871114
3.046352323450863,0.8728696314754278
3.046900026305837,0.8730257957430871
3.0469614372094522,0.873043305582049
3.049157884995343,0.8736695697265953
3.049207556753045,0.8736837324310516
3.0504833457729807,0.8740474929193838
3.0509040882581444,0.8741674574977538
3.0511201109523567,0.8742290511621524
3.052089170179297,0.8745053550432067
3.053799218816067,0.8749929341941973
3.054002931546781,0.8750510179692153
3.0545677865992724,0.8752120727725725
3.0552135632050015,0.8753962004063602
3.0566932537728757,0.875818098506391
3.0576975334187315,0.8761044446409714
3.0585313827278586,0.8763421966729639
3.059851137303303,0.8767184928797354
3.0599578824270988,0.8767489286788779
3.060169041269823,0.8768091355332597
3.060173828733969,0.8768105005632671
3.060291201079967,0.8768439664586698
3.0614959700170488,0.8771874772821933
3.0623879898295363,0.8774418152311192
3.0624003775725304,0.8774453472974486
3.062529646662473,0.8774822052626365
3.0630914189960015,0.877642381102985
3.0637725260596778,0.8778365823652767
3.0641458184877974,0.8779430177035825
3.064677806064267,0.8780947011383662
3.0648884478898952,0.8781547605777849
3.0653880396826687,0.8782972071356925
3.0661310292828183,0.8785090527116874
3.0661771241898603,0.8785221955633917
3.0664375449282564,0.8785964482599511
3.066454631239104,0.8786013200096532
3.0665574944709384,0.8786306489808691
3.067349611863676,0.8788565021627794
3.0674050499446506,0.8788723089953296
3.0686193445310233,0.8792185358281488
3.0688146208699996,0.8792742141694074
3.0700281122476065,0.8796202119866074
3.0705008280085986,0.8797549954918529
3.070698535570628,0.8798113670377645
3.070863181348359,0.8798583118127812
3.0717678686446352,0.8801162615893814
3.0719168449372583,0.8801587385884047
3.072135318194159,0.8802210309716878
3.0730199426620435,0.8804732603163519
3.0748278632009076,0.8809887452811906
3.0750541319991984,0.8810532603752026
3.075225683543439,0.8811021741630876
3.0755529176348424,0.881195477076836
3.076216845966909,0.8813847802378727
3.076557011385495,0.8814817702078797
3.0767949983021357,0.8815496264408942
3.077847790296158,0.8818498047022472
3.077933871685689,0.8818743487356278
3.078323054486908,0.881985314830813
3.0784800409740605,0.8820300757437349
3.0787425935856914,0.8821049362925617
3.0806428014354967,0.8826467347596885
3.082406618228904,0.883149644604555
3.083426215772826,0.8834403582685573
3.0841367156384702,0.8836429401798671
3.084524678022213,0.8837535583024247
3.0845546482800095,0.8837621035990539
3.0851109139563166,0.8839207093488246
3.0856677904265153,0.884079489251751
3.086856308903898,0.8844183666483809
3.0874292330402215,0.8845817221565015
3.087758483838147,0.8846756000855054
3.088037448996586,0.8847551402764582
3.088835065863297,0.8849825615008167
3.0889791412628083,0.885023641128297
3.089172578302261,0.8850787950376295
3.0892466420455977,0.8850999125288628
3.089339544646114,0.8851264014661424
3.0894707964854855,0.8851638247645395
3.0901036078985014,0.8853442556861288
3.0906481522624296,0.8854995193861968
3.0906514870800343,0.8855004702290563
3.0906523288847763,0.8855007102493884
3.0908129783263663,0.8855465155654791
3.0913814106398907,0.885708590338596
3.092119677296773,0.8859190892811566
3.09238824691964,0.885995665435708
3.0947608655252563,0.8866721604432046
3.095535067036226,0.8868929053432602
3.0956607867757926,0.886928751296739
3.0958597735760276,0.8869854875865912
3.096684507580081,0.8872206406090508
3.0970321746419405,0.8873197694918229
3.0971421462620734,0.887351125248627
3.0981814928425044,0.8876474698743735
3.0989435403908496,0.887864749364937
3.0994562842395768,0.8880109459145917
3.0994673512013025,0.8880141013919778
3.100257694705479,0.8882394487923215
3.100287344780742,0.8882479027966186
3.1005088497933326,0.8883110596119612
3.10127968608238,0.8885308450000988
3.101857928965701,0.8886957170207264
3.101919270025279,0.8887132069453445
3.1025660233450116,0.8888976130655883
3.1028541278478814,0.8889797591203175
3.1033404880444593,0.8891184330074948
3.103596724155928,0.8891914925585489
3.1039483970402766,0.8892917636050504
3.1049273477441313,0.8895708878023298
3.1051064563064172,0.8896219562917613
3.1060640870756515,0.889895001623564
3.106180860678223,0.8899282968017102
3.106226050259195,0.8899411815215073
3.1062353864647085,0.8899438435154758
3.1069215198575177,0.8901394779143692
3.1072552896518624,0.8902346443262792
3.1100641680353083,0.8910355282941314
3.1105408045163907,0.8911714296982083
3.1116452249267392,0.8914863285580628
3.112222339580698,0.891650878891282
3.114248970452308,0.8922287238358664
3.1144570826358815,0.8922880620088258
3.114555949010616,0.8923162513725771
3.1149186871092853,0.8924196773982338
3.1154054025588818,0.8925584525772465
3.115550720943128,0.8925998866118647
3.1163178704268546,0.8928186207963289
3.116820385013146,0.8929619007183589
3.1168661893384817,0.8929749607176938
3.117020155875493,0.8930188605646241
3.1172571493651557,0.8930864335458804
3.117570123816361,0.8931756706669303
3.117845632577937,0.8932542253496281
3.118629884100301,0.8934778357681947
3.1192084766914427,0.8936428074995786
3.119799621632573,0.8938113582310088
3.1203189161200386,0.8939594225374079
3.1211447739457223,0.8941948959905177
3.1216667995307232,0.8943437390035507
3.1224381977373934,0.8945636846089544
3.1230180482858403,0.8947290150165428
3.123221524610862,0.8947870313861754
3.1249427865351276,0.8952778077358186
3.125542601967219,0.8954488306487589
3.1260442391051195,0.8955918603875297
3.1267411874032445,0.895790578395999
3.1270923317765984,0.8958906987503288
3.128937705077642,0.8964168624675686
3.1293856228504193,0.8965445754241876
3.1297048830525496,0.8966356047756068
3.130084592572815,0.8967438697930645
3.1308951359953294,0.896974976713238
3.131669115634092,0.8971956583517817
3.131754504701204,0.8972200049861119
3.1321973652950206,0.8973462760100448
3.1327948101460334,0.8975166230089295
3.1332884645128787,0.8976573766529452
3.1341534359544942,0.8979040024108711
3.1348051706144524,0.8980898288402144
3.1352072434992215,0.8982044702320298
3.1353079583654795,0.8982331866485846
3.1361043587078443,0.8984602610103478
3.1379043412746572,0.8989734826537876
3.1380390269220166,0.8990118850197657
3.138237165804165,0.8990683795462133
3.139314943573059,0.8993756818990319
3.1441991992899343,0.9007683096901062
3.145661808014665,0.9011853373142931
3.146760228128899,0.901498525334337
3.1467649322051,0.9014998665882823
3.1491161754607933,0.902170266929964
3.1493647729529117,0.9022411485128263
3.151217334142009,0.902769361683093
3.1513098979826877,0.9027957540311695
3.152660838028876,0.9031809420232519
3.1531580027185218,0.9033226965512033
3.153778881252292,0.903499725099898
3.1554244541736156,0.903968920554705
3.1557291579556206,0.9040557994937828
3.1560840169443036,0.9041569789811397
3.1574850434483634,0.9045564479194355
3.1579745635535654,0.9046960227783925
3.1587258738344355,0.9049102407959388
3.1595067556525,0.9051328904245457
3.1599836170146087,0.9052688559480271
3.160267047793973,0.9053496694031506
3.162308188784547,0.9059316515584164
3.1630789366510617,0.9061514117349998
3.1635504351223265,0.9062858481594203
3.164297060382454,0.9064987303562269
3.1655460450716264,0.9068548482357142
3.1658914860545333,0.9069533424057281
3.167511990443492,0.907415390172766
3.167638388176096,0.9074514294396177
3.167732290106764,0.907478203311803
3.1679798511903283,0.907548789387747
3.1687636603183136,0.9077722736682194
3.1691663891089235,0.9078871020757764
3.1712243598917267,0.9084738828406429
3.172689565570319,0.9088916509236278
3.1726905617831758,0.908891934969712
3.1743815469201366,0.909374078623225
3.174682895117398,0.9094600007981937
3.1751878749692852,0.9096039836312872
3.175392348953223,0.9096622844593132
3.1762702812188612,0.9099126056838109
3.1763047075110693,0.9099224215112476
3.176840323693396,0.91007513955553
3.1769245612757784,0.9100991578717441
3.178942335220199,0.9106744774770217
3.1794931466134377,0.9108315280694412
3.18364060828022,0.9120140767962865
3.18402046856762,0.9121223848013589
3.184344946867032,0.9122149019674444
3.184458737729508,0.9122473466891463
3.184573426677323,0.9122800474782355
3.1851889615306597,0.9124555524052547
3.1860703017879266,0.9127068453364213
3.186390967614952,0.9127982754678989
3.1864196133632787,0.912806443112578
3.187509126062916,0.9131170913980475
3.1875812231330074,0.9131376481398084
3.187835377467487,0.9132101141223312
3.1883380856080548,0.9133534492316981
3.189759630064315,0.9137587683695143
3.1898377307766816,0.913781036905162
3.190519554126131,0.9139754423990771
3.1911704483518264,0.9141610291988469
3.1916319812559792,0.9142926241820089
3.1918542513050294,0.9143559991290573
3.192410479669935,0.914514594240381
3.193491790893174,0.9148229040725384
3.193618135486443,0.91485892818799
3.194976927391796,0.9152463549484569
3.1953169084441067,0.9153432923508642
3.195409813635967,0.9153697820270033
3.19700596491488,0.9158248860917009
3.1970443346661632,0.9158358263014426
3.197051980978434,0.9158380064630853
3.1970988259016018,0.9158513631638103
3.1984362752227997,0.9162327046008316
3.1986603439346273,0.9162965923932176
3.1990239746560585,0.9164002729287402
3.1999665553707337,0.9166690271002416
3.200598639939852,0.9168492507798129
3.2007468650384014,0.9168915135939526
3.2008305837747253,0.9169153839737192
3.2011097914245954,0.9169949933052588
3.2020255731226963,0.9172561063831284
3.202133662008293,0.9172869253235592
3.202301135649617,0.9173346763957182
3.2024006679436003,0.9173630556302925
3.2025710931974314,0.9174116482836148
3.2038488368123996,0.9177759660776079
3.2044359358125987,0.9179433632065024
3.2055460075537607,0.9182598734071223
3.206443834266668,0.9185158670537377
3.206651951482588,0.9185752066615496
3.207017977638315,0.9186795701974233
3.207292669796461,0.9187578920453361
3.2081226465096853,0.9189945398999491
3.2092582233169042,0.9193183222554
3.2112718516336978,0.9198924598348825
3.2120215545925475,0.920106219563297
3.212879927157121,0.920350963810489
3.2143516660655727,0.9207705946864964
3.215690281240082,0.9211522685384885
3.21603556936361,0.9212507191243355
3.216162126179799,0.9212868037500372
3.2191134782498447,0.9221283106555398
3.2193440816234857,0.9221940616492355
3.219362427796603,0.9221992926182969
3.220843122278897,0.9226214769603265
3.2220491313436663,0.922965341376369
3.2221143247552853,0.9229839297063169
3.223213601705243,0.9232973620324152
3.2248858940747893,0.9237741758938567
3.2252145136220793,0.9238678738369568
3.226173390573933,0.9241412744876967
3.2279996360505043,0.9246619843668311
3.2284921076958843,0.9248024007863285
3.22886571520504,0.924908925962397
3.229889326989945,0.9252007841904595
3.22994271420329,0.9252160062675376
3.230790055021124,0.9254576050780485
3.2308368260015996,0.925470940695797
3.230910071969813,0.925491825018165
3.2309737611836624,0.9255099844623746
3.231081395753611,0.9255406738656491
3.232342947491016,0.9259003749360333
3.233053863446686,0.926103075485385
3.2358050793344604,0.9268875183824516
3.2359234521132727,0.9269212695271574
3.2360006553708613,0.9269432821752068
3.2365572584571733,0.9271019841293073
3.236806642465584,0.927173089968333
3.2369469925414225,0.9272131074095606
3.2376339988727523,0.927408990705832
3.2380848776264632,0.9275375479147949
3.2423812819220443,0.9287625640422361
3.242434927656458,0.9287778598303662
3.242881492428846,0.9289051870115357
3.2450864535637214,0.9295338785323459
3.2463035866190397,0.9298809146861686
3.246610059895692,0.9299682981539943
3.2470721632201602,0.9301000557787598
3.2474973330322903,0.9302212827027008
3.247506739825556,0.9302239648230659
3.248137191237211,0.9304037228471509
3.248261808244287,0.9304392543830398
3.2482865505127445,0.9304463090445207
3.2496867512102017,0.9308455425239688
3.249788957904548,0.9308746842993447
3.2499376234896986,0.9309170727076219
3.250993750756977,0.9312182019417528
3.2513886223722928,0.9313307900651584
3.251486542518382,0.9313587096346192
3.2522354771216957,0.9315722502849719
3.2539099629929145,0.9320496895705448
3.256097801164366,0.9326734988910543
3.256132413001135,0.9326833676220498
3.2561701746340996,0.9326941344415107
3.2562636048043405,0.9327207738025809
3.256677203239115,0.9328387014271773
3.2573019077003504,0.9330168208468708
3.2594594891207485,0.9336320031841039
3.259511649462369,0.9336468754482818
3.2600429090883503,0.9337983513255299
3.2601723764937143,0.93383526583558
3.2625005751410887,0.9344990955626507
3.2626166484366546,0.9345321910651339
3.2631910283365495,0.9346959616491484
3.263518594886715,0.934789359355499
3.2636231279803036,0.934819164447545
3.2654891551008673,0.9353512171035958
3.266414846598728,0.9356151557220078
3.2677475403863916,0.9359951412332659
3.2681962455503095,0.9361230786954904
3.269020177583423,0.9363580030552663
3.269701147007068,0.9365521650728208
3.270383602318341,0.9367467507554172
3.2707882560099475,0.9368621280020972
3.271981595017963,0.9372023798568465
3.273308638442318,0.9375807543031993
3.274351769992478,0.9378781781218337
3.274559589834997,0.9379374329407875
3.276299283345505,0.9384334646129859
3.278678017927945,0.9391117034438583
3.2804466001879953,0.939615972046675
3.2808479781215993,0.9397304152899169
3.281014184226164,0.9397778049545205
3.2837865222255527,0.9405682703126019
3.286312721233813,0.9412885550701207
3.28638367066628,0.9413087845906747
3.2868473555095323,0.9414409931474013
3.2870944217680873,0.9415114381359204
3.2873195404552646,0.9415756253034699
3.2873350178329432,0.9415800383046595
3.2874501500440996,0.9416128654796065
3.2877008598203123,0.9416843493293652
3.2885256864945447,0.9419195287744928
3.2889062960390807,0.9420280504121779
3.2891316439323743,0.9420923029323269
3.2896587328386904,0.9422425896293902
3.289885747427959,0.9423073173677237
3.2899143009046687,0.9423154587033751
3.291399577792972,0.942738949608027
3.293420550019166,0.943315181126263
3.294064567086246,0.9434988070700161
3.294264812620215,0.9435559022574522
3.295236019552091,0.9438328185048024
3.297163983448614,0.9443825309396385
3.2993026330063793,0.9449923153125623
3.300526480476403,0.9453412659198992
3.301125949196384,0.9455121899762382
3.3013517657802787,0.9455765761322146
3.3025338163433386,0.9459136093589733
3.302785936298177,0.9459854952871771
3.3032460629898477,0.946116689322744
3.303430516319905,0.9461692817438789
3.3034997017158667,0.9461890082919424
3.3058327775309624,0.946854228625833
3.3065210474138627,0.9470504721933792
3.3067045614641404,0.9471027968015246
3.307414824066215,0.9473053110628464
3.3080599452985244,0.9474892518327003
3.3085253650045163,0.9476219550437217
3.3085533555778723,0.9476299358810496
3.3092800172097165,0.9478371259304397
3.3106820378744093,0.9482368783296773
3.310934576051507,0.9483088835038784
3.3117484334217315,0.9485409353163641
3.3121421086064506,0.9486531823064226
3.312196748926976,0.9486687616768095
3.3124017258604335,0.9487272059087681
3.3135850457192,0.9490646010446033
3.3138465034614386,0.949139149417813
3.3142410518887373,0.9492516453919453
3.314966258861188,0.9494584206802712
3.315415024145859,0.9495863752844791
3.315841442810772,0.9497079582886898
3.315923725849487,0.9497314193138884
3.3178282167706072,0.950274438995564
3.321783763115706,0.9514022676942202
3.3219552083054005,0.9514511511576695
3.3225798392434505,0.9516292496139991
3.3229767924690834,0.9517424312584128
3.323349245478505,0.9518486272567095
3.3256832897903768,0.9525141237341119
3.3296617033876985,0.9536484724785634
3.3299605146713556,0.9537336713137654
3.3301487029572012,0.9537873286675191
3.3303569714844796,0.9538467114181179
3.3318834629048477,0.9542819536531826
3.3322020150419225,0.9543727811169174
3.333174417762923,0.9546500383147138
3.3333631035883484,0.9547038375298864
3.3361009604164544,0.9554844714130857
3.337370284988595,0.9558463887199433
3.3378290016964463,0.9559771807326094
3.338283373764839,0.956106733976053
3.339710069623271,0.9565135219120329
3.3397215122581083,0.9565167845035516
3.3400381603048923,0.9566070690618351
3.3410655306475134,0.9568999989520364
3.3439168721359627,0.9577129902507802
3.344675667328978,0.9579293424106139
3.3453165198548596,0.9581120660617197
3.3455932329305447,0.9581909641255584
3.346067514914632,0.9583261942015682
3.3462977258656537,0.9583918333054127
3.347518272731302,0.9587398428249672
3.348273406599387,0.9589551510462471
3.348695507135529,0.9590755028401197
3.3496379464697776,0.9593442167003996
3.349915116873262,0.9594232451602374
3.351786677515126,0.9599568755665107
3.3519044869968075,0.9599904661006169
3.352604890141488,0.9601901691753083
3.3528579050201013,0.9602623102694561
3.3536410833298316,0.960485614687308
3.3561437296784473,0.9611991839716252
3.3577179354765017,0.9616480308114141
3.3592557195138997,0.9620864928640362
3.3593936941660356,0.9621258330104507
3.359910007914563,0.9622730474309875
3.360239822639114,0.9623670861500759
3.3603407491126545,0.9623958629013469
3.3606004791455772,0.9624699186598886
3.361493230000083,0.9627244650478253
3.3617108034133487,0.9627865008623844
3.361749174520032,0.9627974414585858
3.361848355161094,0.9628257204278052
3.3618936128472354,0.9628386245661502
3.3626765720150296,0.9630618665009612
3.3629763835524806,0.9631473505344232
3.3636496472400808,0.963339315447078
3.36560357655182,0.9638964312942118
3.3664990394952428,0.9641517509689326
3.3668938795188046,0.9642643300847111
3.3683565114044107,0.9646813643126628
3.3685157101088157,0.9647267559860131
3.3686467440474632,0.9647641171552701
3.368659005950238,0.9647676133412941
3.369507717323122,0.9650096029325426
3.369991412079165,0.9651475168335975
3.371492162308424,0.9655754195884647
3.3751642490288183,0.9666224266074437
3.376092073606381,0.9668869734221182
3.3769288134562307,0.9671255496221265
3.377804792931518,0.9673753140555243
3.3783109914796596,0.9675196443704805
3.380088128629422,0.9680263521938977
3.3805523927116545,0.9681587259066582
3.3807977269113074,0.9682286770403299
3.3815528450690833,0.9684439807821938
3.3818403791673024,0.9685259641997854
3.3823758322198203,0.9686786357315349
3.382762779648709,0.9687889644641796
3.383225105809668,0.9689207856253994
3.3842833079710255,0.9692225064655657
3.3852664665441803,0.9695028304353523
3.385509400424176,0.9695720971757291
3.3869104618396824,0.9699715760681829
3.387070429366169,0.970017186952618
3.3871632726386793,0.9700436589739467
3.387917544504345,0.9702587214160137
3.38836835571384,0.9703872593663716
3.3886075220678724,0.9704554518875301
3.3942623382513455,0.9720677864226188
3.394824643115772,0.9722281141013174
3.3956626417948437,0.972467049226136
3.3957804353870302,0.9725006352297356
3.3958913066249483,0.9725322474908678
3.3971136675238784,0.9728807742382879
3.3975069885419384,0.9729929202462608
3.39885968913727,0.9733786102164961
3.399669348833231,0.9736094651633427
3.4000085632076713,0.973706183966035
3.4009052585065476,0.9739618550172102
3.4014933499590976,0.9741295351199704
3.401519922652899,0.974137111683119
3.402153521922934,0.9743177672431476
3.4024135704499687,0.9743919138126083
3.4025667247653066,0.9744355820741053
3.4030091342621454,0.9745617244786078
3.403065400480672,0.9745777674346201
3.403148353885342,0.9746014195985131
3.403578353172534,0.9747240235308614
3.404529328064284,0.9749951710996285
3.4045443270839235,0.9749994477085526
3.4065460784085237,0.9755701988499863
3.4069197766349206,0.9756767498918897
3.4077505382290756,0.975913621536382
3.4078865557020177,0.9759524036403238
3.4098250662070795,0.9765051231863768
3.410302559018717,0.9766412687524715
3.4127504112960234,0.977339214828072
3.4130457657152027,0.9774234280216902
3.413333355374275,0.9775054272811201
3.413959764163903,0.9776840326489744
3.4147956239975676,0.9779223579335792
3.4168304685080724,0.9785025447993183
3.417116867847644,0.978584204667833
3.4171852932978966,0.9786037145356947
3.417412116996807,0.9786683878462432
3.41771157143284,0.9787537700608437
3.4177973004413174,0.9787782136212608
3.418017891963879,0.9788411099769394
3.4187516717527773,0.9790503295972426
3.4189313664645846,0.9791015652130823
3.4193537540430166,0.9792219988501449
3.420394031742661,0.9795186089620924
3.421860913536359,0.9799368549488996
3.422302712964245,0.9800628234069455
3.422401959469822,0.9800911211558441
3.4233687062875164,0.9803667657091386
3.4238252657288877,0.9804969426292647
3.42586841014802,0.9810794960138947
3.4261150237012106,0.9811498119243907
3.4269490388121646,0.981387611230778
3.427293338899652,0.9814857801019627
3.4308017237925643,0.9824861114905865
3.43116977792991,0.9825910532565385
3.4316686558959506,0.9827332962839581
3.4317920906923103,0.9827684907409568
3.432187496982641,0.9828812313140551
3.432230951354851,0.9828936212808976
3.4324167479553953,0.9829465967032354
3.4332251869334987,0.9831771035918084
3.4332486008999465,0.983183779519988
3.4348213153695872,0.9836322011434258
3.4363672190305055,0.984072978310985
3.4374852885559983,0.9843917688870341
3.437700479627081,0.9844531254341422
3.4392107252579063,0.9848837355738962
3.44040937023009,0.9852255002964363
3.443787780308386,0.986188772499492
3.444833241428822,0.9864868605389405
3.445018165657969,0.9865395872256004
3.445944006037271,0.9868035682939671
3.4489104503821775,0.987649378397873
3.449087888995192,0.9876999707415208
3.4511325893307436,0.9882829677582146
3.451265093386762,0.9883207480960055
3.4533408692701033,0.9889126055561293
3.453398783808069,0.9889291184906999
3.4537591896917306,0.989031879541461
3.453905780869463,0.9890736764824632
3.4542247772490757,0.9891646306112503
3.4556135621717816,0.9895606091576852
3.4566013173795054,0.9898422437470256
3.4566120237513305,0.989845296410893
3.4575706346751156,0.9901186212101403
3.4588156945475874,0.9904736200227466
3.4594974582465303,0.9906680085087576
3.460710203436704,0.991013793568597
3.4607190524810947,0.9910163166603139
3.4622977117989127,0.9914664333139189
3.4625452703917077,0.9915370186796799
3.463082651638489,0.9916902399895478
3.4660816222111337,0.9925453241633042
3.46619220634199,0.9925768545627778
3.4671877727884617,0.9928607163385703
3.467828569932819,0.9930434241989696
3.4682973197831,0.9931770769203672
3.468731018096422,0.9933007355408583
3.468831207175728,0.9933293020419367
3.4694139115915266,0.9934954461610128
3.4694518762737654,0.9935062708750799
3.4695423780540096,0.9935320752763266
3.4715436965445106,0.9941027030055491
3.4727438362360554,0.994444893911288
3.472769273269431,0.9944521466682388
3.4759343861683023,0.9953546023217434
3.4784597705899194,0.9960746548195154
3.478687201775835,0.9961395013403409
3.4802847320560306,0.9965949985940157
3.480378327011574,0.9966216849396432
3.4827531863272916,0.9972988188316172
3.4831009847537637,0.9973979851698418
3.485943057083036,0.9982083335912633
3.486932370279653,0.9984904124035836
3.4874534822149688,0.9986389949114314
3.4875091968414664,0.9986548805942719
3.491505094688463,0.9997942145510907
3.491620765866295,0.9998271953993945
3.492525196939034,1.0000850721200283
3.4926809474751104,1.0001294806312917
3.4930598121133634,1.0002375047510084
3.493649225966257,1.0004055619043526
3.495445687357723,1.000917779569514
3.4960353572021132,1.0010859097126634
3.497554115521169,1.0015189470402819
3.4982925184654947,1.0017294848419227
3.4984334069273366,1.0017696557909426
3.5000853514897305,1.0022406679656233
3.5003927152678043,1.002328305338465
3.5024412456031633,1.0029123943872886
3.502472492910001,1.002921303803671
3.5027615178634424,1.0030037123026947
3.5038205668046887,1.003305674581736
3.504039453245417,1.0033680847744277
3.5050709575656365,1.003662193368699
3.507102634473756,1.0042414770689683
3.5077827420887253,1.004435393362551
3.508596614775403,1.0046674495421544
3.509477639965854,1.0049186526396126
3.5100939701913605,1.005094384347835
3.5106196869029604,1.0052442797966497
3.5114914299867674,1.005492836325128
3.5143208163468485,1.006299567648208
3.515628681694316,1.0066724739281911
3.5156495225684963,1.0066784162011302
3.5156566986156053,1.006680462277997
3.517529994074457,1.00721458732552
3.518123016042663,1.0073836732459784
3.518896466385448,1.007604203968532
3.5212736469701236,1.0082819997143984
3.5213832295850036,1.0083132445557306
3.5214846150834687,1.0083421521868947
3.5216826859045947,1.008398627307382
3.5222503192132577,1.0085604742635217
3.5225511888566174,1.0086462599903796
3.522753535766895,1.0087039543346208
3.5260653290303794,1.0096482323586167
3.5263624293125724,1.0097329433429922
3.5264047648618226,1.009745014304435
3.5273763102287363,1.0100220270483788
3.5282142589079006,1.0102609479169287
3.528554097134416,1.0103578445960033
3.5325755449095237,1.0115044634989863
3.532884265317557,1.0115924876821618
3.5332173077400415,1.011687446701518
3.5337755038403724,1.0118466028651687
3.5351733697351753,1.0122451706319164
3.536080816164411,1.0125039071087758
3.536984917075578,1.0127616896917957
3.5370439855259055,1.0127785316366638
3.538034062537156,1.013060828232316
3.5388950952948166,1.013306330969448
3.538952773817292,1.0133227766098902
3.539756359937575,1.013551899823026
3.5404738769357147,1.0137564825005314
3.5420188299962865,1.0141969886273132
3.5433986500858135,1.0145904110676498
3.5455317746424138,1.015198620119662
3.547508925461257,1.0157623570198315
3.5487863634394357,1.0161265876688614
3.550363704181609,1.0165763283624039
3.552335387394532,1.0171385063065324
3.552470432118029,1.0171770110544165
3.555207968201066,1.0179575534848908
3.5572764097609637,1.0185473197394652
3.5578612474261995,1.0187140721031998
3.5601868750413463,1.019377168762401
3.5632171156440804,1.020241168831527
3.563553394665544,1.0203370506890694
3.5641036185895025,1.0204939337787837
3.5647146976724438,1.0206681682502732
3.5652953527329734,1.0208337280450908
3.5673383271939256,1.0214162329702419
3.5681685442458764,1.0216529493516497
3.569606507291215,1.0220629498543996
3.570409688909248,1.0222919577334681
3.572682674240635,1.022940044714307
3.573015754555129,1.0230350145376566
3.5752717005070664,1.0236782431501505
3.5767196091933635,1.0240910794126972
3.5770955878710895,1.0241982806703303
3.579436294563069,1.0248656767648348
3.5800838507563797,1.0250503118051282
3.580292965591222,1.0251099358599296
3.5815698338603252,1.0254740040701484
3.58327214984267,1.0259593784411118
3.584958774859631,1.0264402789115
3.5876484053431947,1.0272071622149668
3.5902051811639795,1.0279361652135748
3.5902633241727995,1.0279527432911024
3.5910649682834213,1.0281813127869923
3.5912757930198658,1.0282414243790219
3.591348899535901,1.0282622689399619
3.593317179732829,1.0288234765961035
3.593456651378668,1.0288632435741905
3.597472906424351,1.0300083818955392
3.5978031815596383,1.0301025518896518
3.598209648522939,1.030218446147049
3.598832753350495,1.0303961094697556
3.598938874267171,1.030426367291283
3.600007195978969,1.0307309734773429
3.6004248401471832,1.030850054645314
3.600949603766539,1.0309996783428481
3.6019387940061214,1.0312817220969335
3.6020406505807787,1.0313107640441197
3.602679463538195,1.0314929061614377
3.603076368903904,1.0316060741597477
3.6035960046862607,1.0317542357781588
3.603781500178334,1.0318071253466736
3.6045323367022046,1.032021208283831
3.604643029941482,1.0320527697929405
3.6046475009906835,1.0320540446048534
3.6047792534996046,1.0320916106571039
3.605474270646785,1.0322897780444287
3.606164473782001,1.0324865728322747
3.6065302639664196,1.0325908690866177
3.607068374271602,1.032744298269916
3.6085736601760954,1.0331734942632518
3.61058113138476,1.0337458762917582
3.6105977037137857,1.0337506014919324
3.6107356264477226,1.0337899268351243
3.6116534308054047,1.0340516166256197
3.6134488532965205,1.0345635380733869
3.613706760257158,1.034637074026809
3.6138822300014555,1.0346871049949986
3.6159207530214124,1.0352683406990437
3.6165833028306933,1.0354572508075355
3.6203787363858897,1.0365394272033948
3.6220967876588577,1.0370292881132073
3.62256517675555,1.0371628379744149
3.62378170517568,1.0375097017310873
3.62410076699716,1.0376006745190456
3.624307547511183,1.0376596329985301
3.625619330140582,1.0380336561970365
3.626011234524064,1.0381453982858047
3.626207669194184,1.0382014068972694
3.6268383161812343,1.038381220684965
3.62695608438818,1.0384147994505748
3.627506559114542,1.0385717540505492
3.6299597834653587,1.0392712318434265
3.6312232875341643,1.0396314895740517
3.631279292099314,1.0396474579259105
3.633015774514437,1.0401425740316574
3.6332794711325755,1.0402177607663656
3.6344779916890353,1.0405594900147617
3.6352698711922087,1.0407852753681965
3.6390989689829825,1.041877050309412
3.6403519429267344,1.0422343056286887
3.640855277955291,1.0423778194800555
3.64171302019065,1.0426223840040656
3.6417326309019873,1.0426279755257202
3.6422416069926427,1.0427730977899767
3.6422544562830166,1.0427767614554173
3.642341284896193,1.0428015185416097
3.6426702029885556,1.042895301607641
3.643449704127442,1.0431175575688594
3.643468341892998,1.043122871678476
3.6445749201974147,1.0434383858098113
3.64477924193165,1.0434966432275046
3.646466179149155,1.0439776327143528
3.6469767015206624,1.0441231958633237
3.648896914969242,1.0446706984447396
3.6501069976416654,1.0450157243518174
3.6525617033257145,1.045715624511161
3.6611327458132554,1.0481594506862304
3.6611964625962785,1.048177617991126
3.6613500321942256,1.0482214046604492
3.661726400735756,1.048328717078349
3.6617361045858985,1.0483314838973223
3.6623564100217525,1.0485083490409597
3.6624947801237497,1.0485478019403707
3.662766998564969,1.048625418467526
3.663571955006757,1.0488549323948098
3.664741153580645,1.0491883011866319
3.6678365463641676,1.0500708778297287
3.669569550805058,1.050565002274953
3.670660680880386,1.0508761117161174
3.670844886228535,1.0509286334311885
3.6717376170310727,1.0511831741017903
3.6721341322161605,1.0512962308495004
3.672232803475404,1.0513243645807724
3.6744269646344665,1.0519499767487943
3.675109518020169,1.0521445903949507
3.6766256951499745,1.0525768917586695
3.679962585286151,1.0535283255509973
3.680346379700731,1.0536377552776093
3.6811876514253163,1.0538776236324654
3.681192784722895,1.0538790872685406
3.6825406535911953,1.0542633995882733
3.6842492131744744,1.054750554171552
3.684922034404917,1.0549423929282131
3.685850412084601,1.0552070974466257
3.68692074552473,1.0555122772285297
3.6869682843796316,1.0555258317871625
3.6874365956944324,1.0556593594707384
3.6881522707151206,1.0558634169527708
3.6883719691716297,1.0559260586721908
3.6911341512060445,1.0567136283016518
3.6919444335103337,1.0569446607702568
3.692960349135592,1.0572343246238987
3.6959310859580428,1.0580813586243136
3.696065419430989,1.0581196605762466
3.6968011819869178,1.0583294455347774
3.69703171444385,1.058395176308283
3.6973766562838044,1.0584935281597156
3.698163805555223,1.0587179648015796
3.698843552487248,1.0589117782551147
3.6992401095463667,1.0590248469421952
3.7045062638712656,1.0605263639163385
3.704929159841896,1.060646942509183
3.7054402560325577,1.0607926692688543
3.7056345875790355,1.0608480782253045
3.7063826571945957,1.0610613722452489
3.7073020040988998,1.0613235018557332
3.709615749093266,1.061983210472029
3.710751452376937,1.0623070288891912
3.711949741365914,1.0626486921117007
3.712245518336157,1.0627330257855696
3.713246741585377,1.0630185004623185
3.7144744684161735,1.0633685571758744
3.7174078348763437,1.0642049359182333
3.7193008387235222,1.0647446803376508
3.7216156243464904,1.0654046856641102
3.72275487322708,1.065729515022773
3.7231130263589773,1.065831633755667
3.7242033018123215,1.066142499521972
3.7248820735020116,1.0663360349086617
3.725405578952232,1.0664852998695922
3.725700718751034,1.066569451869383
3.7283449211176123,1.0673233824402582
3.7284891848364516,1.067364515762456
3.7286262935218346,1.0674036089993233
3.7291566538960406,1.067554828476603
3.7305816030191186,1.067961118373098
3.7317320651498527,1.068289144919764
3.7327610590160973,1.0685825377185942
3.7358699557804727,1.069468964696341
3.7368049080226635,1.0697355437927842
3.737126897932577,1.0698273514545822
3.7372061481030543,1.069849947730505
3.7380382913535124,1.0700872133209893
3.7400607762265587,1.0706638761340157
3.7402625119136994,1.0707213962027118
3.7413830779498243,1.0710408985985935
3.742250264238348,1.0712881558667307
3.7433360674731384,1.0715977464877098
3.744845692561379,1.0720281796947024
3.746063583166072,1.0723754318454697
3.746340348546268,1.0724543448226789
3.748056932866341,1.0729437874662315
3.7486179249788987,1.0731037408453767
3.7504929016250044,1.073638345242923
3.7525792576578794,1.0742332193776696
3.753900173642852,1.0746098467323744
3.7547581905546212,1.0748544895737415
3.755679046798907,1.0751170495361422
3.758089957939987,1.0758044627371501
3.759055782803346,1.076079844417388
3.7608182572104196,1.076582371513148
3.761008239710995,1.076636540443985
3.7613538419678574,1.0767350805973805
3.76256159486657,1.07707944222564
3.7634698130083457,1.0773383987377292
3.764597623657688,1.0776599667604512
3.7677504650765967,1.0785589234972275
3.767877575049894,1.0785951658423456
3.7691111362320004,1.0789468860805504
3.769497276477051,1.079056984664179
3.7715649082046756,1.079646520014601
3.773216439675943,1.0801174144063044
3.775411773618583,1.0807433609652954
3.7760091901652317,1.0809136998938726
3.7785414493682272,1.0816357125698493
3.780220746718799,1.0821145237327876
3.7811401034130174,1.0823766561346304
3.781745373545586,1.0825492343239356
3.782801315592331,1.0828503107468963
3.7856430924327293,1.0836605749167874
3.7861310258830154,1.0837996973793393
3.7873748512118386,1.0841543441915806
3.788240435155069,1.084401144589579
3.789175973510388,1.0846678908020533
3.789247987275411,1.0846884237913814
3.7895787735336386,1.0847827395198804
3.7898033873485155,1.0848467827352626
3.790330823899857,1.0849971685549256
3.792452115872904,1.0856020038309417
3.7932187275536227,1.085820584673841
3.7942286062883146,1.086108527253647
3.795974469928532,1.086606318189611
3.798103919178542,1.0872134793165358
3.7981736157583734,1.0872333516163581
3.7988390697776624,1.0874230897903328
3.798888873723367,1.087437290185012
3.8001828964257864,1.0878062495684129
3.803581974236378,1.0887754146771724
3.8106146528905995,1.0907806134847873
3.8127516087658635,1.0913899149449688
3.8138446136284654,1.0917015589365362
3.814516146175487,1.091893030256181
3.81476253785305,1.0919632829041896
3.815945647352092,1.0923006180610197
3.8172981147506273,1.092686241540809
3.8174740723821383,1.0927364116182783
3.818454832102827,1.0930160516131047
3.820618425321438,1.093632948069694
3.8226883592209995,1.0942231398289544
3.823852596962706,1.0945550941590507
3.825065338663155,1.094900878223879
3.825814727131459,1.095114548282894
3.831736597928358,1.096803027004109
3.8328822893489347,1.0971296932977628
3.8336176846899326,1.097339373553807
3.836745571549689,1.0982312150995277
3.836941798410367,1.0982871644591394
3.8403543329173626,1.0992601664205277
3.8420886516448958,1.09975466560291
3.8429385753622127,1.0999970008649522
3.843122642032218,1.1000494830392937
3.8452123916886927,1.1006453247840122
3.8487052830681256,1.1016412385707115
3.849837716394781,1.1019641246384477
3.850796742610201,1.1022375678480958
3.8514841163277054,1.1024335558956797
3.8540336870612104,1.1031605045373163
3.856622384863993,1.1038986093196672
3.858951691370001,1.1045627549259238
3.8593214330968584,1.104668177867348
3.8614704434763376,1.1052809163788533
3.8623986708409097,1.1055455780385355
3.862431436846092,1.1055549204751447
3.8639844693154086,1.1059977302505912
3.865813935037682,1.1065193583051693
3.866047413680006,1.106585929112426
3.8688856554184303,1.1073951853331974
3.8689229576265856,1.1074058211587474
3.8690661433064437,1.1074466471041142
3.8760299491942405,1.109432208502443
3.878921545951839,1.1102566776209
3.879400513946453,1.1103932437998638
3.8820884836027507,1.111159653558467
3.8831232861903295,1.1114547025741761
3.8832535395864016,1.1114918411905317
3.8833054186436966,1.111506633253264
3.8860199942195375,1.1122806290485345
3.8865690718418735,1.1124371852979713
3.8873155583193597,1.1126500279242524
3.8873718888933206,1.1126660892296654
3.8881168783857674,1.1128785050267445
3.889521483634017,1.1132789943576873
3.8902811925012797,1.1134956070297097
3.8913091625789504,1.1137887079199051
3.895269153110823,1.1149178037713003
3.8952903378677752,1.1149238440941232
3.8953782829607597,1.114948919517622
3.8956814590471494,1.1150353628711178
3.895860399563152,1.1150863834462021
3.8971759892418323,1.1154614921330488
3.899403046021487,1.1160964836943903
3.8996898784467815,1.11617826704686
3.902395137789588,1.1169496065428328
3.9027340178301797,1.1170462300182864
3.906795388026639,1.1182042318374559
3.907490038288581,1.1184022946162977
3.907720156909496,1.1184679073944372
3.9093864107551672,1.1189429995163447
3.9095821245479865,1.1189988025870226
3.910566215428873,1.1192793923818873
3.9120740674913392,1.1197093200533161
3.913993356252013,1.120256558982264
3.9147952628954936,1.1204852033330706
3.917265278481584,1.1211894687419621
3.920839662483568,1.122208618185743
3.92102070698685,1.1222602386620868
3.922580385477116,1.1227049433902159
3.9237025250266,1.1230248944355055
3.9274606411942785,1.1240964306777854
3.927899904418819,1.1242216759985777
3.928721181612323,1.1244558433948297
3.928844352184733,1.1244909625147372
3.9289509373136413,1.124521352695194
3.929573373720177,1.124698825433758
3.932306247229174,1.1254780384436274
3.935192905764432,1.126301099547012
3.938620408842202,1.1272783694355653
3.938941569612867,1.1273699406882918
3.941639213189567,1.1281391087321238
3.9447114184169862,1.1290150740024938
3.9448594604923284,1.1290572846319777
3.9457562142542715,1.1293129723524873
3.9540024291889044,1.1316641817802544
3.9542977030630175,1.1317483720083885
3.956576105382127,1.132398003512709
3.957987054042778,1.1328003015148003
3.964290988185159,1.1345977163899985
3.964991154750665,1.1347973520098404
3.967689744624367,1.135566789867454
3.967985931211738,1.135651240333774
3.968657738604057,1.1358427900189307
3.976738697228315,1.1381468805930144
3.9810871209042,1.1393867287929114
3.9849477309929906,1.1404874887063563
3.985926603578373,1.1407665906300364
3.9878224683078995,1.141307150761099
3.9889995460151457,1.1416427660978836
3.989059919271966,1.1416599800768725
3.9907426801207766,1.142139778772852
3.9922523361668496,1.1425702208067248
3.9939522156131475,1.143054900458163
3.9947633801801214,1.1432861844827078
3.995590995166214,1.1435221589477542
3.9968355449423223,1.1438770123186772
3.997194051309746,1.1439792317681685
3.999136557874712,1.1445330906943851
4.001508286998332,1.1452093320875294
4.003309995367286,1.1457230458018521
4.009612279896368,1.147519990329579
4.013360865654619,1.148588809205325
4.015273115209701,1.1491340410744666
4.016536233412673,1.14949418878475
4.020379163886214,1.1505899077820434
4.0217217688578195,1.1509727192285109
4.021874096544364,1.1510161517967314
4.02190497626074,1.1510249564035542
4.0221056435620115,1.151082171847771
4.026973288589915,1.152470063501257
4.028714915791001,1.1529666465187156
4.029983489531913,1.1533283497441458
4.032075842141239,1.1539249336581305
4.032475611050021,1.1540389181267272
4.036937081704276,1.155310998947703
4.036974594044023,1.155321694687211
4.038603629342924,1.155786174837596
4.038672814569428,1.1558059013373425
4.0426005223293435,1.1569257925344352
4.044300076207431,1.1574103793579456
4.0445595563699035,1.1574843638719505
4.0476465998741,1.1583645599192927
4.0480481279402385,1.1584790459692076
4.050309333791881,1.1591237743153215
4.052634503323723,1.1597867403631097
4.058096613425648,1.1613441294038942
4.058610205946472,1.1614905679319416
4.060106935340843,1.1619173242426561
4.065118244304936,1.1633461782047743
4.066872671337514,1.1638464107856645
4.068213508540897,1.164228718195632
4.0701858888938975,1.1647910949124505
4.0732325463518935,1.1656597758521545
4.0766569436382,1.1666361601991317
4.08254945268667,1.1683162671254963
4.083872876860969,1.1686936096299314
4.086010324893248,1.1693030514168232
4.087216222834433,1.1696468841486545
4.092011931882268,1.171014264991317
4.0923002945881235,1.1710964846664045
4.094066635447709,1.1716001141879036
4.094697016918385,1.1717798522700045
4.0950172140461465,1.1718711487631839
4.098875925036986,1.1729713671946231
4.105122690676299,1.17475248184912
4.11196214449747,1.1767025872529433
4.112797142797167,1.1769406668919018
4.112849081610752,1.1769554759927
4.117533949801352,1.1782912532365513
4.118685107667538,1.1786194781554116
4.125898526417629,1.1806762106449347
4.127501400427652,1.1811332315343686
4.144201982689222,1.1858950000274124
4.1447683514831715,1.1860564864376606
4.145391739828899,1.1862342305987397
4.145477864130523,1.1862587868674699
4.145766042443985,1.18634095396751
4.145967436174834,1.1863983765356114
4.1465888317571435,1.1865755525082347
4.148144353034858,1.1870190719074067
4.149727066528657,1.1874703445115737
4.152031680974681,1.188127449772086
4.155008109871551,1.1889761067303233
4.157409907968276,1.189660921566388
4.157467020993954,1.1896772059690492
4.159557787020358,1.1902733375071548
4.161434577782208,1.1908084591560797
4.1678375956901865,1.192634125378794
4.17238013585013,1.1939293212152757
4.175475585837313,1.1948119141686178
4.178300673654749,1.1956174198658713
4.178636776895357,1.19571325160374
4.185998424266752,1.1978122479118312
4.190218082460063,1.1990153817380427
4.194449156714911,1.2002217705790372
4.195732059782437,1.2005875594665676
4.195918734491876,1.2006407852604906
4.197060882976564,1.2009664413713728
4.203750343068039,1.2028737796785147
4.20497634754657,1.2032233453048362
4.2086433218827874,1.2042688946506925
4.210350306892999,1.2047556002824134
4.216981731252801,1.2066463910995202
4.218448521554526,1.207064610999597
4.219256247370553,1.207294914547194
4.219965341282077,1.2074970955845745
4.220132098307004,1.207544642330841
4.222290172199554,1.2081599650846384
4.2228571456993,1.2083216239121684
4.22433956838458,1.2087443010096242
4.226727294011216,1.209425103420035
4.227004156750436,1.2095040441568237
4.22753247414627,1.2096546811280617
4.235522956779668,1.2119329746541203
4.237674255564191,1.2125463656491655
4.238230614287342,1.2127049979290017
4.241184381307739,1.213547193399388
4.241535922922231,1.213647427017454
4.245024129074895,1.2146420049246696
4.2522942210434636,1.216714896416431
4.253375000867719,1.2170230547329766
4.256183101102153,1.2178237168303943
4.259682825168969,1.2188215787932108
4.261685545494978,1.2193926062220395
4.265173395913545,1.220387082700252
4.270020607505214,1.2217691482519089
4.271380652420143,1.2221569322778552
4.27180242536229,1.2222771906661964
4.273091399794521,1.2226447106570328
4.273105841186203,1.2226488282717853
4.273896093618987,1.2228741497053168
4.279750595405826,1.2245434197771272
4.28411649066219,1.2257882495770756
4.288990983494097,1.227178093716819
4.292119223214003,1.2280700358721062
4.292938709859128,1.2283036927366462
4.2975478120974175,1.229617867145403
4.299740931094946,1.230243182166183
4.300309194586616,1.2304052088038173
4.302743958191988,1.231099422960096
4.304026444994649,1.2314650931597335
4.304497629355726,1.2315994400232053
4.311142525484849,1.2334940719906198
4.311650159207144,1.2336388115108934
4.319886706843355,1.2359872645415295
4.320506884211251,1.2361640931696756
4.322057186902303,1.236606124614646
4.322926069017473,1.2368538654068764
4.325667380675866,1.237635484351659
4.326815888241199,1.2379629536011123
4.327475209057254,1.2381509430400146
4.331546049505487,1.2393116450732133
4.334555233292646,1.2401696412989163
4.344781088608563,1.2430852974655775
4.353511212707929,1.245574481927869
4.356406287495165,1.2463999427226455
4.357943170610878,1.2468381478991641
4.359884058719556,1.24739154536158
4.3640015163412365,1.248565539158161
4.366756221122808,1.2493509768292002
4.368068344727229,1.2497250972485154
4.36878158699575,1.2499284610899049
4.3703039127198275,1.2503625155770794
4.3710193977419225,1.2505665188855928
4.3734781005566274,1.2512675587303992
4.37513672066967,1.2517404742774445
4.378406090667497,1.252672656329778
4.384730524256483,1.2544759161280716
4.387493054928464,1.2552635851631313
4.388114973777014,1.2554409103325102
4.388426955444107,1.2555298643851
4.3992405782204,1.2586131082759615
4.401486665642523,1.2592535259663016
4.406300756600466,1.2606261479675676
4.408797013110637,1.2613378953434684
4.409384588293533,1.2615054282443807
4.411303147688937,1.262052459212402
4.413467870118367,1.2626696776362394
4.414225391844748,1.2628856666977566
4.4216323053354145,1.2649975695486966
4.424398229241305,1.2657862060826184
4.430073107379954,1.2674042608006661
4.437434349591153,1.269503141587093
4.441586060148085,1.2706869017825522
4.441700636861474,1.2707195705707004
4.443082223676379,1.2711134967501945
4.444980371846862,1.2716547079494067
4.445618442880661,1.271836638525088
4.449907478554684,1.2730595536677005
4.450746430081322,1.2732987604740356
4.4510457142615385,1.2733840941442935
4.457659652833917,1.2752698993105813
4.458554253987118,1.2755249732665932
4.461939757296327,1.276490267933473
4.466048257116354,1.2776617076288244
4.46982787425991,1.2787393743561324
4.471483123601836,1.2792113288090408
4.4720337628707165,1.2793683303243482
4.478484429697762,1.2812075824878393
4.491209286447145,1.2848357686791165
4.492699788036556,1.2852607492813573
4.49362304007329,1.2855239923462274
4.495129084593409,1.2859534046405239
4.497300011444393,1.28657239210562
4.506750563742928,1.2892669893042212
4.50802521787363,1.289630426206243
4.508636420237981,1.289804695828455
4.51311926572644,1.2910828711681999
4.516959582411445,1.2921778449066936
4.518789449778196,1.2926995874805132
4.5224256087328705,1.2937363505630752
4.5248115888729705,1.2944166552900727
4.526677878357112,1.294948782752774
4.527824096560644,1.2952755992458904
4.529997032188988,1.295895159465433
4.5325626540568855,1.2966266847011565
4.543864898039054,1.299849247151499
4.548718985950532,1.3012332733200076
4.569616579031853,1.3071917182865684
4.573149859039262,1.3081991479170376
4.586041962295493,1.3118750204185525
4.591179647677199,1.3133399075700671
4.592932929513108,1.3138398136257297
4.593855250233883,1.3141027911483023
4.593983268917549,1.3141392925902797
4.604362292002623,1.3170986208544688
4.6065045487291725,1.3177094337246271
4.619067980494533,1.3212915934725817
4.622985822346931,1.3224086716439463
4.628899267446187,1.3240947479805645
4.644848872373769,1.328642393387841
4.649645808955967,1.3300101242323399
4.652177009844515,1.330731835155461
4.65486616577245,1.331498583150828
4.656423443036644,1.3319426032272204
4.6644104547541305,1.334219907105266
4.6683724240306566,1.3353495671480051
4.671793645135406,1.3363250458833678
4.678146133683259,1.3381363048769657
4.679140146459242,1.3384197236610675
4.679611279497657,1.3385540558911186
4.683296465241019,1.3396047977807677
4.683717371178386,1.3397248089635931
4.6887399232654365,1.3411568686312267
4.699976718426299,1.3443607699277054
4.705611500118305,1.3459673921104491
4.70628019322216,1.346158053831315
4.706545780548144,1.3462337796557928
4.714019107700322,1.348364618761525
4.714526383764948,1.3485092563043357
4.729227410486232,1.352700899730918
4.755763932072499,1.3602671492439817
4.778039715341543,1.3666185519236655
4.778713917073119,1.36681078429695
4.785405299869419,1.3687186708170291
4.804021864160815,1.3740267354044229
4.836350713092179,1.3832445274458418
4.840353756222675,1.3843858987080262
4.844559695372843,1.3855851208797592
4.859669987827231,1.3898934565654892
4.919319613380318,1.4069011095402115
4.920865898135914,1.4073419953677322
4.924958107162253,1.4085087901359248
4.927618396553521,1.40926730753414
4.931445127988582,1.410358407766061
4.9368959745414704,1.4119125852773262
4.954417666108758,1.4169084732974668
4.960920416571367,1.418762575854252
4.98846867684777,1.4266172982685847
4.999263010188365,1.4296950422417956
5.002299915871476,1.4305609426979409
5.0175785793283145,1.434917285316726
5.01829774980923,1.4351223394449901
5.035361390442458,1.4399876252818147
5.060485224817488,1.4471510810869916
5.0983000743173905,1.4579330739599112
5.103054184682795,1.4592885939409435
5.146999864227231,1.4718186452279367
5.15641780092722,1.474503942874755
5.16190359919206,1.4760680860242321
5.163065447150581,1.4763993589652558
5.174000649904983,1.4795172684563986
5.175856651081583,1.4800464624561864
5.270032692811627,1.5068984908038257
5.324815895450612,1.5225186005813551
5.397832940678737,1.5433376510777295
5.406571429185573,1.5458292204492012
5.451878964502125,1.5587475720844202
5.466822981088084,1.5630084982140615
5.472639243966187,1.5646668653827287
5.5505310097262175,1.5868758249420125
5.582760917335923,1.5960654062503714
5.589992008075287,1.5981271774816823
5.603152650639613,1.6018796174942218
5.718205305385848,1.6346841088485389
5.7767629222691,1.6513804018720497
5.835990855620069,1.6682678194795046
6.229188525255646,1.7803786576218108
