Round,MSE
0,0.07815671362366144
1,0.0489195884924716
2,0.03917966013509303
3,0.04626597933356369
4,0.05548361876574868
5,0.0452194838391155
6,0.05104094995556215
7,0.051283007011014375
8,0.039829618107318325
9,0.08446663697804334
10,0.05476370334214244
11,0.06667257806476971
12,0.04802075199749255
13,0.05998566732457836
14,0.07274741059489036
15,0.05608058756965929
16,0.051494132399412584
17,0.05872135271234499
18,0.05506629163353374
19,0.042716468275662806
20,0.0704972058757932
21,0.04397528143739976
22,0.0769182756462726
23,0.06466369643722919
24,0.053310071314215064
25,0.05921624041245727
26,0.0550452978886821
27,0.06666663684768646
28,0.06699822388131113
29,0.03800156587080891
30,0.09403168325418107
31,0.05415795496658371
32,0.05406548719792709
33,0.08097399086068983
34,0.04261982019049231
35,0.035036312419152345
36,0.07280878208303955
37,0.06162450823002831
38,0.03844128696963962
39,0.054243950038594994
40,0.04394797181699409
41,0.07119621923675427
42,0.050611106853258876
43,0.04853601512878287
44,0.042852833812261716
45,0.0593433434167392
46,0.04411633169362074
47,0.03927163842999935
48,0.08330443322095261
49,0.03667673303946006
50,0.0651164810322157
51,0.04014190368275508
52,0.050557988595899286
53,0.04899209573802782
54,0.047495128340944937
55,0.05041156894195378
56,0.035950372047103475
57,0.07533446032654152
58,0.055742321463448596
59,0.05079713180108661
60,0.04379551217319525
61,0.05980509876629673
62,0.04342460488242632
63,0.05400431040893451
64,0.07039157611925709
65,0.03665418079655613
66,0.08345061183462509
67,0.06990393389488093
68,0.047168223755079584
69,0.03841609771082133
70,0.04294404295234675
71,0.07633018876094352
72,0.045226962500202486
73,0.08452686015401151
74,0.056425206296239844
75,0.04770051543570692
76,0.07182457661751164
77,0.05864630243639908
78,0.048128173266440484
79,0.04988360302040018
80,0.0420212758042452
81,0.07227712957326171
82,0.038149342030189826
83,0.0568117355567595
84,0.07302224629938601
85,0.050884543197689834
86,0.045154127793113105
87,0.05495639422158836
88,0.049958703541467565
89,0.04132522851367671
90,0.03916502706437437
91,0.04649664193570278
92,0.056229149094728155
93,0.05941870793957936
94,0.04233188495710713
95,0.04330878248987876
96,0.04252889528079476
97,0.03838770685318266
98,0.05317321742772951
99,0.04514663868173287
100,0.05574690248717276
101,0.03771792185470909
102,0.05080167468009993
103,0.055418663324846885
104,0.05265655768025501
105,0.04648858718931334
106,0.044862513843372274
107,0.056731710648949295
108,0.047589006630773534
109,0.06708142118912422
110,0.05621762530143547
111,0.0746056425048731
112,0.03948366010492225
113,0.046100214991948
114,0.04448843015892786
115,0.06985116773691297
116,0.03633540892469459
117,0.053367538937225824
118,0.03614751498411994
119,0.05290908708262326
120,0.04580996849786961
121,0.059547168744548955
122,0.047426662413949806
123,0.05548711869555998
124,0.049052946383767275
125,0.04031633220899065
126,0.04909778688970188
127,0.05458018136047253
128,0.060582943815306226
129,0.04482047588254191
130,0.0753244980969038
131,0.04024375349192102
132,0.0638847703243356
133,0.0472164466685246
134,0.04855002332277192
135,0.06351649262394728
136,0.04613218003886388
137,0.07195591070159528
138,0.06870287220423855
139,0.08777435699687819
140,0.06676718240743754
141,0.07247166991527909
142,0.0807359380412639
143,0.06654303284322129
144,0.0820128863888753
145,0.04995438948999861
146,0.07224693121705404
147,0.0442059799622608
148,0.06216130000669504
149,0.04014185523300603
150,0.06689005454448203
151,0.054778813302816684
152,0.03619643981065591
153,0.0694611908549674
154,0.07619411345680437
155,0.058024156526457704
156,0.07735738909393543
157,0.047404720916348196
158,0.038214663903433435
159,0.050333447985272096
160,0.04790384648511366
161,0.03741141029690719
162,0.049154152033584336
163,0.0433936254432411
164,0.036856851133847186
165,0.046529631301011884
166,0.0373383508647595
167,0.052823908395272644
168,0.05806437275079301
169,0.09211384503340407
170,0.05192599382862965
171,0.0517015285101005
172,0.056271557803635755
173,0.06394093343075577
174,0.03846782033664524
175,0.05270822920804369
176,0.04080445381491437
177,0.06398953661499437
178,0.043812107332457564
179,0.04300664959182847
180,0.039434555847672755
181,0.052340277145286426
182,0.05345725564607445
183,0.05251885121859723
184,0.04222038381572494
185,0.05716106271622842
186,0.05999854075887288
187,0.0630692697562903
188,0.051227843480871726
189,0.059383190941599606
190,0.06397233074125261
191,0.07230402507229451
192,0.0632101940693967
193,0.11305611811556755
194,0.05072744170746839
195,0.04712247365032192
196,0.06440817135661299
197,0.041752085443675056
198,0.0649685108449406
199,0.04774469443379323
200,0.07271844618601453
201,0.050256405963412645
202,0.05905897620586961
203,0.08451547234164866
204,0.0501840867246597
205,0.10888784781655561
206,0.0761494854260997
207,0.07773613456051127
208,0.0786442133661735
209,0.06507831829654268
210,0.07865897487467785
211,0.05459958689006141
212,0.05706772529773906
213,0.07142013847828836
214,0.04052531220301611
215,0.057333704622516926
216,0.051257904343925215
217,0.0763527438828404
218,0.03662634829632305
219,0.08101233596966147
220,0.043287083458664395
221,0.06468078348883634
222,0.05983658443814869
223,0.05571188603981969
224,0.06297002924798889
225,0.06046085006106184
226,0.09189406522993959
227,0.04670951635720735
228,0.055464962396909935
229,0.0460728108242454
230,0.06073640593531344
231,0.06906279882606976
232,0.03471509858051156
233,0.06499750522054969
234,0.07065030580740451
235,0.08036767214440506
236,0.039173829286998925
237,0.08844923148420727
238,0.05363839523780589
239,0.05934571471830153
240,0.0934844682987709
241,0.04019163770965233
242,0.07180346178754737
243,0.0451430668457838
244,0.10618798951954968
245,0.05432953212766203
246,0.03930861899899258
247,0.09769072536069513
248,0.06449489802364776
249,0.049795301720671994
250,0.038576242722102486
251,0.09516474398836042
252,0.03964025645451372
253,0.04672955014118776
254,0.08394845230162733
255,0.048322777131838655
256,0.07732493054408968
257,0.06909855987770995
258,0.0678671248702398
259,0.06338660937648538
260,0.04508368378863107
261,0.06054669664012615
262,0.06706363555914203
263,0.049674808765368214
264,0.07385376132584674
265,0.05531209929013662
266,0.03942774176054778
267,0.07213383829566017
268,0.0602946238287366
269,0.06885532143634514
270,0.0763124550928997
271,0.043963277843430855
272,0.05846364885832162
273,0.061503948142826656
274,0.05843651177090072
275,0.11800687925599584
276,0.05745810222052755
277,0.04591013713282892
278,0.07891245370320296
279,0.04569032370274635
280,0.03597618572086956
281,0.06964185821662681
282,0.034063697327403386
283,0.09113701814494285
284,0.05124163330701891
285,0.04362767319647775
286,0.06162167881535584
287,0.06969245580196448
288,0.05619421861150644
289,0.04163314893754345
290,0.06212600301610239
291,0.04927109685121727
292,0.04926398289280385
293,0.03980659096614075
294,0.06694658244887677
295,0.045965131310505426
296,0.04371294016949948
297,0.04581805693870561
298,0.0464386709663456
299,0.07743211703775595
300,0.04414063747921154
301,0.045538515327166115
302,0.0545606046052196
303,0.05149755901037988
304,0.05004079743782498
305,0.07721748016731579
306,0.0327819597938129
307,0.08692681871203563
308,0.03153812756320763
309,0.06363522641934752
310,0.05250827220774402
311,0.06523162941349879
312,0.032339594166469254
313,0.050328300499321965
314,0.04877506467194873
315,0.04064646768346795
316,0.04816668995018477
317,0.05357299397021327
318,0.09686064356510656
319,0.04685351831804433
320,0.039874295522428556
321,0.04311927470839397
322,0.058531057968726666
323,0.05816484927379191
324,0.0293963070025609
325,0.036625730198992554
326,0.04759800553851372
327,0.04756630394444702
328,0.049888814207221216
329,0.04410041600379555
330,0.04787058016639377
331,0.05835002571314201
332,0.05022150003429864
333,0.03780773128966501
334,0.0757334020212629
335,0.06237855465702212
336,0.040317799641105975
337,0.053117746663696085
338,0.09172700960436987
339,0.08314525267072224
340,0.04605735561203671
341,0.06732155462847145
342,0.046576798667102425
343,0.08657620442045183
344,0.04153878316263976
345,0.035965560485317516
346,0.07785860743723985
347,0.0313464825123821
348,0.06402635111238787
349,0.04916484869063541
350,0.04222838538411815
351,0.031268869996463285
352,0.029134051697063457
353,0.037772710916780645
354,0.04045408509556003
355,0.07125548880864202
356,0.031181091190497567
357,0.028044784099644393
358,0.07500163817960934
359,0.0672321216944197
360,0.04987448011544077
361,0.06906407101146612
362,0.03125879314956949
363,0.05081559512587227
364,0.03873252046132722
365,0.026726578113567514
366,0.05201472012033552
367,0.03732316620802178
368,0.028994540547665832
369,0.05725821036357303
370,0.029093414560498035
371,0.02893530654925215
372,0.06960600642435302
373,0.03298480443147784
374,0.029699365834972957
375,0.08721361874902427
376,0.043253304723170446
377,0.03258499668149682
378,0.06823140440538462
379,0.031103493469501666
380,0.043179858820444096
381,0.03387779880243378
382,0.042301254932735774
383,0.047348036897069685
384,0.04504152545836957
385,0.04931866635764319
386,0.047751160244120384
387,0.05842300910304511
388,0.04835883510340011
389,0.0332418523138321
390,0.053132010061823824
391,0.05950292771530107
392,0.042457738335261556
393,0.043051957398176174
394,0.04912423454303471
395,0.060621352874927606
396,0.03766813953321255
397,0.02703886311677008
398,0.04988648947431769
399,0.05548629091923203
400,0.028058938382670033
401,0.04378337823159833
402,0.028413669591072773
403,0.05057536781155427
404,0.07101378684925273
405,0.0418062661546255
406,0.037651591812120445
407,0.057431526994451906
408,0.059861373729801756
409,0.06787716256026914
410,0.06293046995037428
411,0.030935363038382492
412,0.07946540050834379
413,0.03524025055095191
414,0.05473698361058605
415,0.09464711517509457
416,0.03340590839461475
417,0.07054178917625598
418,0.02551662209339591
419,0.05944885431739217
420,0.04875967228409496
421,0.03597399047368136
422,0.04959837421192787
423,0.058208943822275594
424,0.04871343508346038
425,0.06481039430987928
426,0.0552588558775347
427,0.032464019532026024
428,0.06365856342850888
429,0.04510739333674336
430,0.06289553590361517
431,0.03283530113494493
432,0.05984290362008561
433,0.038431654573492624
434,0.036255914459021356
435,0.039513050682998256
436,0.05609729424998565
437,0.030454550489025838
438,0.04520476234935435
439,0.04535679866207607
440,0.05974773044099445
441,0.056470315511940136
442,0.04749321354267357
443,0.0603970322347078
444,0.07356552389851488
445,0.07170212717071946
446,0.034055112041321244
447,0.047009432853732026
448,0.0559287200564115
449,0.030128473090047122
450,0.023769986687937655
451,0.05460704511657577
452,0.04249694446214314
453,0.05620579663168311
454,0.05465964220422595
455,0.06564418278540037
456,0.043215401059730256
457,0.07739630965036191
458,0.05292133040516396
459,0.04949483952586662
460,0.04999995437193772
461,0.0450543731396072
462,0.05032323911652487
463,0.06839892604150374
464,0.03212922006041805
465,0.026209174525692252
466,0.04279949524155584
467,0.02870423687919081
468,0.023409900518480912
469,0.03934186403745845
470,0.02732138505960567
471,0.04300775601075505
472,0.04134285791185392
473,0.040732130904717834
474,0.04026623917418418
475,0.03711637129065571
476,0.04298012022860854
477,0.03731631884808886
478,0.035257651983856136
479,0.07628459140106565
480,0.03001876189809978
481,0.03996740160819369
482,0.038735394352792815
483,0.05546160100119297
484,0.06135311587380984
485,0.018913066528852693
486,0.027463468036110997
487,0.05796329183341881
488,0.04369276937234578
489,0.053431209914589155
490,0.057754314677669595
491,0.030931292186326346
492,0.08878552898794885
493,0.03322042968586203
494,0.04108266272441286
495,0.04144208860033811
496,0.02288188890817645
497,0.06074999020115223
498,0.029950057173132757
499,0.021556258597982755
500,0.035551131739002005
501,0.028254316258987444
502,0.025091481334842167
503,0.06532094132676475
504,0.04385738882985769
505,0.038551614708578916
506,0.078083555354676
507,0.06690772367873521
508,0.08385649613946435
509,0.0542781773773786
510,0.0415591168647143
511,0.07389629541203967
512,0.03285528678188492
513,0.03392403296629189
514,0.07781406497703995
515,0.022230385580959806
516,0.05669220263326994
517,0.040864937300678694
518,0.040604790066774504
519,0.042136008482595445
520,0.04114754914962442
521,0.055602638989328025
522,0.04543185319895079
523,0.029366185044387573
524,0.060013875385518806
525,0.0419022900094842
526,0.053826657612458396
527,0.035814749730879586
528,0.06479221146957123
529,0.06058139153702177
530,0.03849589510120662
531,0.08830253063689604
532,0.05293918971767991
533,0.042338237504587296
534,0.059889307359852685
535,0.03947748985812103
536,0.07550460456885492
537,0.03873091060051079
538,0.05048873861852376
539,0.05932640516991605
540,0.02458920761568877
541,0.02508251510353766
542,0.034458470640577214
543,0.06910666456215393
544,0.0615467941637628
545,0.037456432396608605
546,0.021211026275841822
547,0.029340248842514485
548,0.020766035749085286
549,0.02780483154236507
550,0.06426668276245846
551,0.017121150430344637
552,0.0791958239544153
553,0.05006600569929377
554,0.03697651148196066
555,0.048656915856656276
556,0.049755048009618386
557,0.06979501641306686
558,0.043905858245836565
559,0.0732434238768518
560,0.04135707951793782
561,0.03170241559377915
562,0.056036382567912324
563,0.030361882874209527
564,0.02539532634530949
565,0.03398559132526725
566,0.029822042403343643
567,0.05135383692219495
568,0.03447526178841161
569,0.0410687638993106
570,0.032136865610109304
571,0.04131012734164691
572,0.04022371037442696
573,0.020208178033733117
574,0.0571056056942894
575,0.020926540535260132
576,0.02967753604536822
577,0.02306134975500911
578,0.04828479849718943
579,0.02786850514864545
580,0.025389536114116002
581,0.06432210532831957
582,0.04275140080013963
583,0.035396533941504334
584,0.04284571224505597
585,0.06992234947677961
586,0.025887985127220015
587,0.03328861127344877
588,0.03598133912219416
589,0.046458541015793914
590,0.08594057174256595
591,0.026508542779615396
592,0.05686876188416768
593,0.05267634206324634
594,0.022178844459922523
595,0.02432804048297714
596,0.02973058136471543
597,0.02386657393216534
598,0.045602512353662465
599,0.021213759490119423
600,0.050470777723882
601,0.025130352359346433
602,0.058354831015671606
603,0.05614479213697995
604,0.05717544965790785
605,0.04821733218324725
606,0.020508717481437018
607,0.055705604274096564
608,0.03833155743702382
609,0.046947458988955304
610,0.023950660302887394
611,0.03928999217335492
612,0.06528071558706122
613,0.023817017729650787
614,0.08410956443395964
615,0.0443069270116703
616,0.055460483347142146
617,0.028643115143077495
618,0.023098459424083537
619,0.03286247448156907
620,0.055671609406723596
621,0.042323870866518835
622,0.041525191244837716
623,0.07122065215548509
624,0.024188034280881312
625,0.0346870457158012
626,0.0469297592413502
627,0.039271258967276824
628,0.08183417090907291
629,0.03630231692485125
630,0.037473526088128685
631,0.08186282924271839
632,0.023903605016797065
633,0.04487792616460774
634,0.025668706874043948
635,0.04003744782367978
636,0.03506047246847651
637,0.04049698258198462
638,0.03424643409965896
639,0.03634907482088597
640,0.06699760060342864
641,0.01870211562921153
642,0.06971029270870638
643,0.03007750795891865
644,0.019333666518266988
645,0.02972214990567595
646,0.024727140895623636
647,0.05221576811692391
648,0.03264917109463071
649,0.04165934671950335
650,0.03773015183127127
651,0.028377065581891712
652,0.019378613212402654
653,0.03584557355434378
654,0.01685917183094843
655,0.08912625034926619
656,0.0680289670705111
657,0.06967621353952108
658,0.026550242426564903
659,0.02191623934447572
660,0.033645159599059664
661,0.03124518296856951
662,0.03868429559600211
663,0.03478262449115251
664,0.03398842986802619
665,0.024278696399421876
666,0.017792436784640733
667,0.024795697808774695
668,0.015856538489602025
669,0.032295462822452166
670,0.035382116644900714
671,0.02673794669063824
672,0.04846226812130254
673,0.03149026255076944
674,0.03863003731683375
675,0.03258723131814808
676,0.07325764419724234
677,0.01567584686603403
678,0.07001569995322597
679,0.04432630268803946
680,0.043831108177664176
681,0.0243610472989242
682,0.025130631200880202
683,0.0751236832229194
684,0.043068233775685937
685,0.03536833143452465
686,0.07470573393785944
687,0.04520841196569282
688,0.060411979691590525
689,0.04719189633312198
690,0.036341319622159696
691,0.03502574011428818
692,0.02911484430225795
693,0.035812061235114614
694,0.04885981165769089
695,0.07493758471855283
696,0.03402085795961283
697,0.04608787710300726
698,0.05256655813927521
699,0.036730354564567476
700,0.03232733933304846
701,0.018863030120932187
702,0.0679423359338213
703,0.0206208446408354
704,0.05437694842973658
705,0.02204159839731952
706,0.038755384296813356
707,0.047994659718181676
708,0.02276671636331695
709,0.050580945395884015
710,0.031585972441645994
711,0.05071962938073423
712,0.03521742695075443
713,0.07670131701085837
714,0.03921231983283657
715,0.07075036153415729
716,0.0936666487918635
717,0.023733068286141645
718,0.06527785446467532
719,0.09137724845629021
720,0.02637927978945726
721,0.04544067250811852
722,0.027810589002505937
723,0.029762434105725072
724,0.06228041589880214
725,0.01951422889629131
726,0.038239827385028756
727,0.03278995999878931
728,0.028997877611342426
729,0.024551017444752795
730,0.02701653728679041
731,0.04069000847815127
732,0.05069526879407737
733,0.028469384631414147
734,0.03846850224870575
735,0.01790092464700213
736,0.020609149318076628
737,0.05154290451133583
738,0.017386840237895346
739,0.046018500328224056
740,0.04736949422815073
741,0.02178982460082306
742,0.05024892512540547
743,0.05731449975956043
744,0.026325386705192404
745,0.03476270048176821
746,0.01677746663005027
747,0.06503773706117763
748,0.03830830924275897
749,0.021153804540883305
750,0.02519620936958302
751,0.018099839697707933
752,0.0437228057877846
753,0.05159649094847623
754,0.03415045865266442
755,0.03433497510172988
756,0.031040372668213398
757,0.0258999084654174
758,0.03791996364046122
759,0.03781606712321362
760,0.030488149824048218
761,0.0513558882233416
762,0.1105564557045926
763,0.04408724709788293
764,0.03609494682497501
765,0.0803408119261132
766,0.025997561299296933
767,0.03131334243264138
768,0.04386926866406846
769,0.04861335030599503
770,0.08227194838001177
771,0.026909270438159126
772,0.03948241912247534
773,0.13348603592938857
774,0.037051934446276115
775,0.047068616876519816
776,0.04006985397185684
777,0.057370782563966216
778,0.019453615985216634
779,0.062437403971491494
780,0.032953601150924626
781,0.030210154758070602
782,0.06730806571980692
783,0.03232761222327075
784,0.03284116528589502
785,0.03931963101471792
786,0.038740021386890436
787,0.046985693201194945
788,0.0321586379300331
789,0.018987775274105157
790,0.047590297064569825
791,0.06774298482182331
792,0.038132019902428226
793,0.04814800007138481
794,0.05461114855751796
795,0.06253244266101506
796,0.03299906353497551
797,0.07831698641174353
798,0.025325609708160675
799,0.044994377309689346
800,0.055425943169923414
801,0.028394199880525436
802,0.03583604033995227
803,0.0295363708573634
804,0.033606575753138364
805,0.03375779362681204
806,0.03157466932842369
807,0.04993709438284119
808,0.04145290655609339
809,0.03581313014388401
810,0.05451756596709191
811,0.037904925477215315
812,0.02525521936589697
813,0.0693875718266902
814,0.07347415163249198
815,0.03402306618412937
816,0.03994018883284661
817,0.028914196512563092
818,0.08302631224104659
819,0.04310815845453513
820,0.05553224545899341
821,0.0685902809612981
822,0.04030245122849051
823,0.043318916056674366
824,0.024765464515170584
825,0.061888366071019676
826,0.03031154418154084
827,0.05142340028056346
828,0.03751592250143909
829,0.02392706558480556
830,0.02111663640559907
831,0.07010807400546379
832,0.031160171314879397
833,0.05750879727077428
834,0.04498720605608839
835,0.041641617247114376
836,0.06800234679125655
837,0.06316423338791871
838,0.09136485293717658
839,0.07911840167876136
840,0.04140678449742095
841,0.10416875163184718
842,0.03488064907742541
843,0.06629031691665682
844,0.053997422531779
845,0.0577244362545503
846,0.06007389314038759
847,0.036037618585879526
848,0.04500806912384926
849,0.0827939854972865
850,0.07513638254592322
851,0.059754371418168806
852,0.038925001497385626
853,0.03534547122167822
854,0.04861557696773085
855,0.034287361952405906
856,0.06099060949311312
857,0.028923547209223886
858,0.041284961149155856
859,0.02861301603637559
860,0.04562775298115355
861,0.05674609659332689
862,0.03239628228543989
863,0.045547577096887545
864,0.0441281384817056
865,0.05157679680494101
866,0.049378014847792466
867,0.0614008277104091
868,0.03151622417460926
869,0.03617857078822092
870,0.046269819243694964
871,0.06837650904071971
872,0.028738310480779985
873,0.042615042843805455
874,0.05863039895629471
875,0.03828326739068553
876,0.04963390059558189
877,0.030310169666273545
878,0.039126563742222745
879,0.052774561886444124
880,0.06408617313575317
881,0.05653717124652032
882,0.03875307618363866
883,0.06253649132100543
884,0.04792749137321618
885,0.033213833545316804
886,0.04818312945443789
887,0.03798863706981372
888,0.1005425451245669
889,0.023247681257994326
890,0.038299709062633386
891,0.05595197783773551
892,0.02036529635230723
893,0.03875559604221659
894,0.03068608427255574
895,0.04363908146977451
896,0.06463266008930692
897,0.028792172979184166
898,0.048643237154644976
899,0.02978732997916016
900,0.021788271628013056
901,0.03196128245403135
902,0.052568922442860676
903,0.02405114492989904
904,0.0201139862747306
905,0.033541247676924534
906,0.031463189022331764
907,0.030516434327233197
908,0.02399619212232055
909,0.04332950275484967
910,0.027592620623035156
911,0.04066951493286638
912,0.024115732759265613
913,0.02370939700020691
914,0.02045353508021717
915,0.05376556244556134
916,0.02389346716756649
917,0.02712016523927677
918,0.044904894851470076
919,0.026412524418946128
920,0.04484983385915278
921,0.07948267038195403
922,0.038296487447728726
923,0.023330352225052035
924,0.0510398415202692
925,0.03323890706107099
926,0.0290562512011799
927,0.02077671971093768
928,0.05089234004333503
929,0.06014572670870621
930,0.02923519552619622
931,0.051322247869496004
932,0.04166291163477585
933,0.06652992896326737
934,0.08351585125286909
935,0.03938429664131371
936,0.06425131449630875
937,0.057987872047540294
938,0.02655799610750034
939,0.0644264543530019
940,0.0621011692907648
941,0.019489786512645598
942,0.03766456663285403
943,0.04330323970327728
944,0.01954365345852278
945,0.025397856918388594
946,0.030945886700319714
947,0.07161692452863128
948,0.02931142606099163
949,0.06664203315949513
950,0.07510974102136807
951,0.02360744698377888
952,0.07903059697511022
953,0.07420704880301804
954,0.05845591294348037
955,0.07000513690073919
956,0.03338824770620251
957,0.060717717039329044
958,0.03569759231319385
959,0.019649620000905362
960,0.09210671915019912
961,0.0312092312421253
962,0.02502704983787011
963,0.042435978038308335
964,0.031120841746131247
965,0.03452094009228336
966,0.02659762197797144
967,0.023104223563280853
968,0.059508488876285286
969,0.019061701966718577
970,0.052189215049631414
971,0.016679571111730736
972,0.0403312099861112
973,0.02801949837472642
974,0.04391128980470597
975,0.049111269689366945
976,0.021069599637620104
977,0.09928685501775339
978,0.020348180816397273
979,0.04657914960092689
980,0.06911119927437968
981,0.045944036040576154
982,0.04033167720895325
983,0.01928175194403223
984,0.026478584218571792
985,0.05700457863627636
986,0.08452067833544352
987,0.022028353451620093
988,0.038532209417587164
989,0.03059919941029542
990,0.031628010532926853
991,0.024971313657692683
992,0.012737587105023287
993,0.0452480880856929
994,0.01784654362096286
995,0.03890644192776353
996,0.10248303700206836
997,0.02760873193291982
998,0.0363692373600458
999,0.07637785656115804
1000,0.037876051231393
1001,0.043312283719754374
1002,0.010929090760791349
1003,0.023910872574531145
1004,0.03093828566702457
1005,0.08177276465382853
1006,0.021245472466742788
1007,0.03806917331989263
1008,0.042398517743928006
1009,0.012959689062946478
1010,0.03666894604340863
1011,0.03481578396597376
1012,0.06010370844051721
1013,0.06669237712045983
1014,0.03787030011736764
1015,0.07465728529975404
1016,0.07616010618513737
1017,0.07669782107993606
1018,0.05859569531962284
1019,0.04296577391238447
1020,0.05686214068122563
1021,0.02994257658131672
1022,0.033075630056856084
1023,0.031992773525468525
1024,0.058987526841818155
1025,0.01997632482036825
1026,0.03892395712631318
1027,0.026088586563038894
1028,0.029653785238019488
1029,0.10307028299827059
1030,0.017578082679630316
1031,0.06783591575842951
1032,0.01885172409974799
1033,0.03904172929220747
1034,0.03266793598905438
1035,0.023601093731062922
1036,0.012169190108427697
1037,0.024243500710546543
1038,0.011533921656362042
1039,0.041403694610849855
1040,0.021434116525894133
1041,0.012270118435936013
1042,0.042149051246741315
1043,0.04586398493590274
1044,0.026001943345305596
1045,0.023726244650061273
1046,0.057868235350104144
1047,0.06879626710986823
1048,0.014394671732241255
1049,0.027199374226240816
1050,0.026674999571864363
1051,0.041784398244297936
1052,0.012330869647035891
1053,0.013535530548465994
1054,0.09047794886535532
1055,0.03605340133508133
1056,0.025757686073491482
1057,0.018592174361744235
1058,0.023382363361516858
1059,0.021432748729602727
1060,0.01964732013641892
1061,0.014507101902332283
1062,0.03566107315480249
1063,0.04762281361216459
1064,0.03358564343056178
1065,0.03126384208443292
1066,0.05598210364768067
1067,0.024500473957854443
1068,0.020216109097734657
1069,0.017071667164439617
1070,0.013703621856952645
1071,0.03904824692744974
1072,0.08075816423097537
1073,0.03447976082903994
1074,0.015252530129949838
1075,0.09626549977057139
1076,0.033686705094588945
1077,0.03751824188899363
1078,0.02142398059685303
1079,0.04691985259397441
1080,0.05264561663516354
1081,0.04705396248619126
1082,0.03558584278241714
1083,0.04759634731564429
1084,0.022100369348648518
1085,0.03171655728176222
1086,0.05025551268529907
1087,0.023578613023352693
1088,0.035797205112468464
1089,0.043774009365396604
1090,0.022665310580914883
1091,0.02971207318090415
1092,0.04481122105432944
1093,0.019839730796507006
1094,0.0719605659027064
1095,0.01698376517883452
1096,0.036553254901219585
1097,0.017684745475845854
1098,0.044475335032752944
1099,0.06599884250787776
1100,0.03489335366241231
1101,0.08885372753098827
1102,0.020598955213424665
1103,0.031871306353129535
1104,0.05912923141590649
1105,0.012114062141508125
1106,0.02686618579064692
1107,0.029966789966774626
1108,0.022485351402309287
1109,0.01904813477607172
1110,0.025279270060477286
1111,0.025509843286344328
1112,0.029810559567525506
1113,0.012493166741153233
1114,0.014144547220281493
1115,0.05965012102794542
1116,0.039428914320810575
1117,0.025051817749898526
1118,0.038453900030446096
1119,0.027619967925192328
1120,0.07284730396872054
1121,0.08767508730926554
1122,0.026909662853660303
1123,0.05054711464139875
1124,0.015921953849198447
1125,0.0672896333220737
1126,0.0549727917889363
1127,0.01587424229368062
1128,0.05855918004574271
1129,0.037473887527890895
1130,0.02498244324710425
1131,0.03520535216125274
1132,0.057450557873943944
1133,0.012922215659664527
1134,0.024165304770774488
1135,0.023228017288578765
1136,0.030843305557652308
1137,0.017811339995984676
1138,0.0338505193496713
1139,0.039345334722127395
1140,0.03776400425177068
1141,0.015004536801059721
1142,0.024101520911362837
1143,0.04493892970912832
1144,0.02722330150063144
1145,0.014846879677236156
1146,0.015277980265555527
1147,0.015817144463169033
1148,0.03282600280014758
1149,0.02853717549735746
1150,0.03379793254021082
1151,0.04834857534058036
1152,0.0705797316789655
1153,0.06485149298104154
1154,0.06107582276167292
1155,0.046140235942512084
1156,0.010761297149394285
1157,0.01763728293235225
1158,0.08743849905628916
1159,0.01437460541151982
1160,0.029515419741115403
1161,0.08088359281954204
1162,0.030980057319175
1163,0.036725423957986905
1164,0.023086870573935436
1165,0.04479719853943724
1166,0.021726587788239028
1167,0.022157482192297864
1168,0.04310492406340937
1169,0.020878951420824046
1170,0.03360309094817897
1171,0.0944433272799441
1172,0.041494777488031806
1173,0.01697345196640261
1174,0.08031983003574338
1175,0.018786867978948952
1176,0.020436262149137137
1177,0.0077152379205853916
1178,0.03612008865977299
1179,0.031385400548915074
1180,0.02211644508277112
1181,0.03544460497575943
1182,0.03930592642886944
1183,0.0211577170958374
1184,0.02367447780393602
1185,0.02325995574213989
1186,0.01765823906472663
1187,0.02964374779984803
1188,0.007150762303263022
1189,0.00797380151499816
1190,0.018837060916720796
1191,0.012052658459283239
1192,0.055370072350194074
1193,0.03588469182376692
1194,0.02121912868167936
1195,0.0370141517761839
1196,0.04639953986656438
1197,0.023320171617970727
1198,0.07115448839540157
1199,0.031056852443448264
1200,0.016005983086457655
1201,0.04400151801168511
1202,0.030519673204745367
1203,0.0401506175306821
1204,0.04108444911090356
1205,0.02135044723137023
1206,0.0378794456446634
1207,0.03851599381240568
1208,0.01503378506498006
1209,0.014956367878927504
1210,0.022451324888054684
1211,0.01911936764847973
1212,0.01941920961310304
1213,0.012936189844998077
1214,0.010151753675507547
1215,0.015594068840695655
1216,0.02179866838663554
1217,0.011309652782813684
1218,0.01912383186580982
1219,0.023548587370392376
1220,0.04101000463626517
1221,0.028685477096245745
1222,0.06340657227962115
1223,0.028059738322139993
1224,0.03196822425271418
1225,0.017235383851606282
1226,0.012308393143425866
1227,0.03292345180982892
1228,0.052280731512552824
1229,0.030386713905028496
1230,0.06645583570072906
1231,0.025743790585320284
1232,0.04470249209579311
1233,0.027413162648286346
1234,0.012907304385802454
1235,0.008299448938105445
1236,0.020433519185077437
1237,0.05550254798486028
1238,0.009735232866826968
1239,0.019080128609399897
1240,0.01801355423766054
1241,0.03074482990333277
1242,0.0357529305234091
1243,0.07265723761052637
1244,0.05449344856123559
1245,0.03392394287545106
1246,0.09366014349010571
1247,0.07862576120293684
1248,0.013795646010429437
1249,0.022091714985101676
1250,0.008476792403776877
1251,0.048511935615030234
1252,0.050306665471486996
1253,0.01654524584702316
1254,0.0188457543248601
1255,0.011119431606976067
1256,0.03675828227946432
1257,0.039992356917529025
1258,0.057470484136098
1259,0.0569081574445827
1260,0.025735564035482588
1261,0.08755216009227647
1262,0.016636170882794996
1263,0.02428562426068101
1264,0.054548342169535205
1265,0.034465326652047414
1266,0.013485922203011518
1267,0.007097382823172265
1268,0.014375686232606473
1269,0.047384250449784796
1270,0.024477229251334498
1271,0.061292549559759234
1272,0.021031742127382843
1273,0.008739340906526281
1274,0.00890321751611694
1275,0.015205935208105722
1276,0.028315445835738
1277,0.019280078572350957
1278,0.03692665475690627
1279,0.010521749525900957
1280,0.008761826442712202
1281,0.03505484321419364
1282,0.014348490964071965
1283,0.01262220039908434
1284,0.01998070861369086
1285,0.015723120187729932
1286,0.03952490728673273
1287,0.022691757151583523
1288,0.03848062157345452
1289,0.061516733485574425
1290,0.017509904658203696
1291,0.023862506409183262
1292,0.021345298451836747
1293,0.013933352499258155
1294,0.04056016970722875
1295,0.04020973898337677
1296,0.012192856639914821
1297,0.04963878947363658
1298,0.057604636413737795
1299,0.03499606757604503
1300,0.007180789922658581
1301,0.020926347728658187
1302,0.07833841306581865
1303,0.021388650521694676
1304,0.015784538135416342
1305,0.01743688655649848
1306,0.03907601816916767
1307,0.019781211342851292
1308,0.012161976079337123
1309,0.04395234343150454
1310,0.0376386840886696
1311,0.029685439249659207
1312,0.07887464962392031
1313,0.029002560981654095
1314,0.03924697634286958
1315,0.030326028540113282
1316,0.01767125749502728
1317,0.015099647329171958
1318,0.03354033968936827
1319,0.026956750320681715
1320,0.04300194077569587
1321,0.03937632934861163
1322,0.019476248119339727
1323,0.027319275235653244
1324,0.04025421562799762
1325,0.06407434991853954
1326,0.022431148821622577
1327,0.028507200300515376
1328,0.014416616984227604
1329,0.03263826896549113
1330,0.018704296789828403
1331,0.02715658580774737
1332,0.029494976951035864
1333,0.03462971497402403
1334,0.010652852283418921
1335,0.015903770096588124
1336,0.05203761200748293
1337,0.056959179323043396
1338,0.027005798805326962
1339,0.03266600965966178
1340,0.09203693744668001
1341,0.06949985711302141
1342,0.036422219648468084
1343,0.016398742586432456
1344,0.026318207703222445
1345,0.011553927347808371
1346,0.07268868177436356
1347,0.03581064782312063
1348,0.0307260844808383
1349,0.011802099592178218
1350,0.03930035806640507
1351,0.046687100919315515
1352,0.03332700932730544
1353,0.02980349283303334
1354,0.040862145422303243
1355,0.043544856950302475
1356,0.05299587048584176
1357,0.015414485908973046
1358,0.01167637775934937
1359,0.06500493048836561
1360,0.07408890024921888
1361,0.039721427945841506
1362,0.02489024811723102
1363,0.039183254082292285
1364,0.047156237226362224
1365,0.021396605125001956
1366,0.03319950491195737
1367,0.05526116739920515
1368,0.056558631262898396
1369,0.05794952376150857
1370,0.010043134911332977
1371,0.05530099906254059
1372,0.05858200246394247
1373,0.03277485527892569
1374,0.03068739754220486
1375,0.03572878770293459
1376,0.06733280720213886
1377,0.012002844816292492
1378,0.02412456811201311
1379,0.03244853227996632
1380,0.03130620152608194
1381,0.03958284262375421
1382,0.04521267345191603
1383,0.0259775832921718
1384,0.042950200129257016
1385,0.027033190147255096
1386,0.0109107621104151
1387,0.07240598305215049
1388,0.030267810860054412
1389,0.03554858813915498
1390,0.0142370182093462
1391,0.09710091458897588
1392,0.014503492514747297
1393,0.015524975808702202
1394,0.03692654368006247
1395,0.09448017198069372
1396,0.04072533640780179
1397,0.024158580456194782
1398,0.09898909079782374
1399,0.046108166670113596
1400,0.011605591659363193
1401,0.09530558853279104
1402,0.06069399455677125
1403,0.050895528378199134
1404,0.04392431771485865
1405,0.024692128976979425
1406,0.05416053408771213
1407,0.02764223265131323
1408,0.05468116623044927
1409,0.035504116225336974
1410,0.08942980702346404
1411,0.08656900530944253
1412,0.01576216884406183
1413,0.09760090756373209
1414,0.056781109943897276
1415,0.028646964721698556
1416,0.04795097988806987
1417,0.01342736042809853
1418,0.05083212027327431
1419,0.03590837379108738
1420,0.030357774591871906
1421,0.07386707094062378
1422,0.059159029917136556
1423,0.017558356914282786
1424,0.01594057359481588
1425,0.054820440143444636
1426,0.025179006295942996
1427,0.02747133797031836
1428,0.0689479332264664
1429,0.0536440025693961
1430,0.09931891880371047
1431,0.034767896585156256
1432,0.05960369251333918
1433,0.12687526927902243
1434,0.046855458877292096
1435,0.04258565719220766
1436,0.049606672914638834
1437,0.07358855776657115
1438,0.070029669095313
1439,0.016440974519613964
1440,0.0792057458342162
1441,0.038106454586521475
1442,0.02426828753775391
1443,0.046066782867141935
1444,0.03922978762168122
1445,0.03485504253459185
1446,0.02591358209239058
1447,0.030030357283957403
1448,0.03242395740548843
1449,0.013217268013602058
1450,0.02699046750846634
1451,0.02618471421856076
1452,0.034018610656257324
1453,0.03024098321539433
1454,0.013867565530373605
1455,0.08872263938742156
1456,0.04022364132524393
1457,0.017477288906641863
1458,0.0785437195390215
1459,0.014865262279868523
1460,0.020019625945839028
1461,0.05877008928707528
1462,0.020193533165732414
1463,0.10250350789307222
1464,0.03417719020775813
1465,0.03691962043786036
1466,0.016342401376537603
1467,0.026231223646356404
1468,0.03933352726708099
1469,0.03666754441104222
1470,0.04261193657124862
1471,0.01677995255801925
1472,0.05318910512111524
1473,0.021052481118878325
1474,0.036794443621834684
1475,0.09539333926379132
1476,0.033174324834391984
1477,0.041183685553844177
1478,0.02204441711846102
1479,0.02039767365633988
1480,0.0472893685263336
1481,0.03890221841019405
1482,0.031924666553973566
1483,0.01425748041498454
1484,0.06145283775294256
1485,0.013693229599334547
1486,0.02414016116090591
1487,0.059449025414725895
1488,0.023585213412949793
1489,0.019775206173186167
1490,0.048013322553043546
1491,0.0913765645793703
1492,0.0108704950385356
1493,0.016102530618842294
1494,0.009827248606336254
1495,0.02769327185149064
1496,0.08856062480744785
1497,0.03164666421175988
1498,0.014171293407582402
1499,0.04879782799684616
0,0.05612711869623855
1,0.05772734602821624
2,0.057709279274553806
3,0.052227322395318104
4,0.11186523546335166
5,0.1274603606448525
6,0.17285935678930495
7,0.03726967037866475
8,0.05883856443354889
9,0.09730251543608982
10,0.25750769242758326
11,0.20863398654628826
12,0.0374834614994151
13,0.18732432439507452
14,0.21725458540683912
15,0.09186400625968041
16,0.06360742379796955
17,0.2891235892875114
18,0.1383661943176598
19,0.042436100989859914
20,0.0705589525912968
21,0.17760782510386508
22,0.20925557896346117
23,0.05146687282143897
24,0.03872444441155313
25,0.2441207463199453
26,0.0910613183400965
27,0.06629919481810134
28,0.08365081743125548
29,0.08302202515016469
30,0.21233415106872822
31,0.1148419166217813
32,0.05747817102305122
33,0.2785861448722525
34,0.10229640689521331
35,0.06862180360722893
36,0.08732757886844522
37,0.06798223404873738
38,0.0560402916018714
39,0.13150104162750947
40,0.10016208743044375
41,0.12585280387188982
42,0.06260431424931492
43,0.1834566915466465
44,0.13225373368967056
45,0.0867133139877389
46,0.06249884412064724
47,0.03787197096960024
48,0.15503736728418838
49,0.09120946872543788
50,0.07608411471456426
51,0.057812931168575166
52,0.08643489709093681
53,0.1103909409627641
54,0.06204412994485191
55,0.1635121650029883
56,0.09413098696091109
57,0.09323899383452763
58,0.042427704640166715
59,0.20717792912029853
60,0.09203216738770802
61,0.041894544940842264
62,0.0760986096170834
63,0.0796848391423579
64,0.09040900283426326
65,0.05769148906840569
66,0.18471052946508648
67,0.07536929153628787
68,0.10538416343943241
69,0.19923256838777478
70,0.06691079895981572
71,0.0389058558654804
72,0.08149997351234242
73,0.07937045130639704
74,0.04545565983171183
75,0.07331781852902218
76,0.089156073783088
77,0.059163354621397796
78,0.030737096639231874
79,0.03860313213521273
80,0.06749956422722028
81,0.0683279071643973
82,0.08385868448654758
83,0.07895825261787648
84,0.03527427154884697
85,0.04093842888365507
86,0.031766878078173716
87,0.12232152130457817
88,0.10919492458997676
89,0.03433127895446932
90,0.05153754554327871
91,0.1370928505070076
92,0.04852675039408241
93,0.1912920591368776
94,0.06007406574199662
95,0.031972362693639796
96,0.02884667848708739
97,0.0394242857663181
98,0.07420825065462168
99,0.18529456088308588
100,0.19299462183256985
101,0.031090670097164513
102,0.10426706998639279
103,0.1719233988617077
104,0.1087282651607658
105,0.03005952930570737
106,0.0882868055138511
107,0.10244989694709414
108,0.06023855729120685
109,0.06939969317633632
110,0.21593922884606828
111,0.18304842576644947
112,0.1438181005086911
113,0.1401051351929183
114,0.07971958626046485
115,0.05430705046673422
116,0.09693963160654986
117,0.12201095192966745
118,0.062360704438302376
119,0.029684747060288317
120,0.05224437615430629
121,0.15489968646694155
122,0.04909664151436931
123,0.04774045875635908
124,0.0809823730085825
125,0.04029777846435512
126,0.034931647258752266
127,0.13281625556560997
128,0.17747699255108956
129,0.03918118334666638
130,0.13261546946337316
131,0.11063908616664776
132,0.04391350115002658
133,0.030422745661362955
134,0.1176007452495652
135,0.028379068415664302
136,0.03772269526012257
137,0.13216514281517652
138,0.22026362163971985
139,0.0491358112813229
140,0.13575064894144576
141,0.16745566854506097
142,0.1728363536568326
143,0.12878160501007838
144,0.0640372961402209
145,0.13763496060058542
146,0.2006365719677036
147,0.04823487133566742
148,0.05005480811467099
149,0.16811738396140116
150,0.21190285802009476
151,0.028903779768636423
152,0.17993676052224636
153,0.1538421267748879
154,0.029110716152986788
155,0.2046902108339415
156,0.10379575026253195
157,0.06993117567703142
158,0.032423428756893545
159,0.017965605015759775
160,0.11637228343573368
161,0.07525504064714457
162,0.11519989739453707
163,0.031701106409102175
164,0.02077959714788475
165,0.018471302522984682
166,0.019902852802068143
167,0.11608718566780542
168,0.08173212342738613
169,0.13963400231531814
170,0.03167026809266589
171,0.1661164302024846
172,0.1831985193531929
173,0.0659717969424755
174,0.07188832077244876
175,0.17632404360298423
176,0.11650603236206848
177,0.04972276424822812
178,0.09769386418282254
179,0.14060723857533247
180,0.08902633489268227
181,0.020487619378417136
182,0.050829556438215344
183,0.01929130338375018
184,0.022070350260713818
185,0.014109731794513636
186,0.08111357749312609
187,0.09566519621027543
188,0.07895705294451559
189,0.10133251651474737
190,0.05124804944363359
191,0.15581109038873173
192,0.10324050526466394
193,0.09021420920278557
194,0.01796376466022822
195,0.21220834458785684
196,0.16310810990314087
197,0.03923380090636323
198,0.0643850329741143
199,0.07917934046468379
200,0.14754354614514328
201,0.1308270304034147
202,0.032816128453552446
203,0.22107458450688372
204,0.15806120603875648
205,0.039471821971535155
206,0.11022584432316652
207,0.15628853292340067
208,0.08702486578359157
209,0.01838465628800314
210,0.2108075620667143
211,0.15795166682089312
212,0.03442259520939385
213,0.2664818719678457
214,0.09396485051369464
215,0.05487528390018063
216,0.11289236157242902
217,0.04880472539740973
218,0.0307325241739595
219,0.04860588699989305
220,0.2132795483712228
221,0.11740056518889466
222,0.18717075105278955
223,0.16418741469710443
224,0.15811159990392923
225,0.03222124820234984
226,0.05599886882359866
227,0.2826489083397061
228,0.03263996332522641
229,0.0477686156759764
230,0.20407159039526063
231,0.14722073612467024
232,0.020465124931667262
233,0.31225393244350463
234,0.12097115461132212
235,0.03792526559676867
236,0.14949055248417836
237,0.07986036062107482
238,0.07520309917620882
239,0.05495238118520551
240,0.12332335541206439
241,0.11741677692143064
242,0.06708835305028207
243,0.02602470964503492
244,0.3525555122077537
245,0.13306839681852856
246,0.02540462712598964
247,0.10844994090175149
248,0.16424850255483883
249,0.038881888865688975
250,0.06848111673897925
251,0.009376656061199288
252,0.1985504870629588
253,0.12226683273206981
254,0.040528553494789656
255,0.11516843741805707
256,0.014784450964669411
257,0.060127745119066774
258,0.1278321959888498
259,0.04953838177568263
260,0.049032655587125544
261,0.10692994766744286
262,0.06293415290248067
263,0.089312165312705
264,0.1719519085271984
265,0.1701380807377976
266,0.026246930331816583
267,0.09245489612870844
268,0.055476075694943165
269,0.05825185058721795
270,0.026562382549150887
271,0.04599856989583203
272,0.10761605377007954
273,0.028863336747625454
274,0.048563318833511844
275,0.10548732149446044
276,0.04456535495177789
277,0.06413404667678022
278,0.053762481507780145
279,0.009977919339763256
280,0.04608851005988595
281,0.23336389224066248
282,0.027831390379618518
283,0.049256291491489586
284,0.03603018411710369
285,0.07766578666404599
286,0.14540450835980184
287,0.07385904653760605
288,0.05014975966121309
289,0.2388875525410981
290,0.15981426284188327
291,0.13230645927471552
292,0.07713605496350742
293,0.21647208905316037
294,0.0849292042394855
295,0.015132742490162639
296,0.08286832037423138
297,0.14273017288096063
298,0.013199592036090916
299,0.023130839711807696
300,0.019458226233710425
301,0.019403854800739688
302,0.04105559713998631
303,0.023738336275155366
304,0.008807356058689075
305,0.057938213371610245
306,0.013981586678590995
307,0.07153451471315853
308,0.08464979208422044
309,0.030348516161758095
310,0.0726271098713272
311,0.1439633863851903
312,0.05832641515994405
313,0.07062495341323236
314,0.24086101105013685
315,0.21145574547381643
316,0.04339090724895234
317,0.2258612015670256
318,0.16228652685422984
319,0.02074409253515341
320,0.1489426314725843
321,0.11415699123097227
322,0.018389193050345413
323,0.027648752414569454
324,0.08053929692383217
325,0.03508076555342543
326,0.00861103863877771
327,0.15889732685743738
328,0.11852909161040018
329,0.11825778802207733
330,0.09154327673349945
331,0.14242919101898224
332,0.0999220869415397
333,0.08031863479842787
334,0.15620677838184324
335,0.1816026850878501
336,0.02416479626335135
337,0.1618879667238431
338,0.24213410832958943
339,0.09384403708453273
340,0.2207003717972314
341,0.08437272812368705
342,0.04899214545001128
343,0.11220143479394522
344,0.2620002144304538
345,0.013900419048891891
346,0.20571506979385157
347,0.26294179616948393
348,0.14530770156349046
349,0.21229741103126967
350,0.21615343169216203
351,0.14859203203611232
352,0.03914884158788272
353,0.36130392071123085
354,0.14279834799391775
355,0.09726547135504521
356,0.2828197818961538
357,0.11948788883124264
358,0.10687392145517778
359,0.494841372345096
360,0.08194527278722981
361,0.03438937429445904
362,0.37055907930103865
363,0.12744312338794772
364,0.09429130307189168
365,0.18348329704600802
366,0.14708483410256737
367,0.014480221946628194
368,0.11123485540072016
369,0.09452256030693859
370,0.23785652538724786
371,0.035846090707337325
372,0.22281064461918268
373,0.1898924277114006
374,0.023121495463725175
375,0.040775561878651626
376,0.056655588466730765
377,0.12763397685089276
378,0.3071926897682275
379,0.019290206203309172
380,0.250605386906049
381,0.23603938919003195
382,0.11764568878411903
383,0.08989173275976307
384,0.2579425348037258
385,0.2857792712583529
386,0.026870431568617015
387,0.3002863518765908
388,0.1861604028568138
389,0.007987345576800843
390,0.20808326520080944
391,0.16632025239793724
392,0.07044579708394731
393,0.048138649130341465
394,0.2863565149466627
395,0.1545549520019706
396,0.011919204020955875
397,0.15996923249592382
398,0.23374444509612322
399,0.05996599994593358
400,0.17599794873621474
401,0.18872384441981616
402,0.03232171146213103
403,0.021078556381802966
404,0.4139560644936206
405,0.0702513353698526
406,0.11174560295843439
407,0.34090446067225266
408,0.08940911964498918
409,0.0902042149619429
410,0.21897675173919115
411,0.0967363470375963
412,0.12919987940839928
413,0.013191609120709569
414,0.3432609836274122
415,0.15632136702139657
416,0.019067073176384643
417,0.0678585403864611
418,0.09726990476017237
419,0.03631562728530795
420,0.05611447563771335
421,0.017559039847340745
422,0.015122751503394585
423,0.13907632765768443
424,0.18010737365507187
425,0.07091456350912895
426,0.03890437234847812
427,0.21420816775349893
428,0.1258308989832652
429,0.09664353752426312
430,0.029179747871191073
431,0.1397189564174465
432,0.13800220318081743
433,0.10412382796741454
434,0.018757570012640355
435,0.11480155789498171
436,0.01907231248749339
437,0.010361718984626376
438,0.04408620092858017
439,0.018044408611479806
440,0.10348573169104788
441,0.21019272668576314
442,0.029822919192568412
443,0.05170666543477024
444,0.08530691438622431
445,0.16107937968293828
446,0.13311362662674772
447,0.011499758004598565
448,0.11726125034516899
449,0.15370777992313828
450,0.05568610998461343
451,0.029664050738668044
452,0.07456396222292631
453,0.13677582128034652
454,0.18871549456884995
455,0.02113249583256698
456,0.16734101799493808
457,0.2305638149280253
458,0.036342424432996116
459,0.04770882625127819
460,0.13695907721617975
461,0.09738614071473169
462,0.052430222642229594
463,0.0702694922216706
464,0.18329034931956972
465,0.09292468950522996
466,0.02232359886362612
467,0.036135631071179744
468,0.08383195349452338
469,0.07158543082324807
470,0.04346841108017705
471,0.038103069651166
472,0.041264035380167034
473,0.09126006577375186
474,0.0427089292868277
475,0.01052004587382669
476,0.060959902894104086
477,0.1523080460171827
478,0.023698842258497735
479,0.024263764077721784
480,0.15452883107722173
481,0.1554378088994002
482,0.08567299510146886
483,0.046537467651890776
484,0.24176903205248865
485,0.12934390496537562
486,0.1098478492822843
487,0.058833906705194866
488,0.16083072772138315
489,0.183044531814973
490,0.06710742578019571
491,0.017542299376035533
492,0.3629015669921084
493,0.11270661969636665
494,0.03965703641554905
495,0.14466030071339364
496,0.13210466182472613
497,0.12289466829361902
498,0.01905901109784157
499,0.017396952343211786
500,0.05209914892636248
501,0.28812436059838537
502,0.09975110692472346
503,0.00987938781338348
504,0.14214699269487782
505,0.12765646003308592
506,0.14534673592040825
507,0.053688285938977856
508,0.08067117705879363
509,0.1265919206862764
510,0.019910880845468937
511,0.15493235276002798
512,0.1643426930043334
513,0.11685050081386211
514,0.041645917258852604
515,0.20235329553671338
516,0.11119804361766086
517,0.009506698470876023
518,0.17086354619511077
519,0.11321938532715083
520,0.0784230411856331
521,0.08753614918618882
522,0.12606127476275436
523,0.06796342493774166
524,0.039334940750288205
525,0.0687370119524499
526,0.09308709566853236
527,0.05843765271979653
528,0.0367202263877928
529,0.07266036708640143
530,0.06537828827698447
531,0.027904553329786204
532,0.1499285478443793
533,0.09102066853363115
534,0.11307609511400188
535,0.04875487853773102
536,0.11251431947278347
537,0.18792291551940016
538,0.22506661813171436
539,0.010842894596681462
540,0.21860820106005835
541,0.14367568599763528
542,0.1401853103846503
543,0.04959381401161788
544,0.13972499464262628
545,0.1609406456744251
546,0.07875875540375411
547,0.030423284322633953
548,0.05283997580290828
549,0.08765512004726489
550,0.07448483000494674
551,0.04117836758879108
552,0.18461468262378913
553,0.1754633104871054
554,0.07936812601363478
555,0.054483985843404595
556,0.15386869656619714
557,0.12815568381897932
558,0.05752635784256463
559,0.28782135868302056
560,0.11633364800797803
561,0.018240683298605734
562,0.24182462644190345
563,0.1635504610749975
564,0.009012458069451048
565,0.08929955173200683
566,0.16105894737965296
567,0.06960126005468104
568,0.0429124755088514
569,0.07844519082617404
570,0.1884196526567246
571,0.03699996322087569
572,0.01550211194718965
573,0.1516795230609284
574,0.17140003017271047
575,0.008620000936381832
576,0.08851562463156241
577,0.20635225842074775
578,0.020144066078285307
579,0.1576379039615137
580,0.15750484817375096
581,0.0933823919886063
582,0.29698032407304487
583,0.24454120536046176
584,0.10344070029935255
585,0.038131452211991254
586,0.31110900360965704
587,0.14939324559032088
588,0.028633674084482686
589,0.1891366466091586
590,0.12276531423328901
591,0.058230131745425275
592,0.1781256969490223
593,0.04498445280388359
594,0.04468956219151968
595,0.022189641560643656
596,0.010140296550189385
597,0.13823027206368677
598,0.02306418334212227
599,0.015010442822074092
600,0.2527204256164389
601,0.039925550848217896
602,0.009134320239051115
603,0.09552574892235059
604,0.20133364334460327
605,0.019714826944426552
606,0.06598664741987634
607,0.24480953153432064
608,0.052101985890126136
609,0.07634690552492622
610,0.21812343589272304
611,0.16627618019227206
612,0.027550107750312837
613,0.1623272299645639
614,0.20708235372028347
615,0.04714969517693881
616,0.15002829837857218
617,0.19142479740256618
618,0.05566183348382524
619,0.020627193077865532
620,0.2464049119654397
621,0.09333352774111252
622,0.015133547606475688
623,0.060541033812691714
624,0.07747298626075334
625,0.11722424116441432
626,0.015860178425389754
627,0.1649766026171605
628,0.19136031174490278
629,0.01819322495856424
630,0.2433808835843677
631,0.20771167328881215
632,0.03724398056802094
633,0.1328277233117421
634,0.18820860682590745
635,0.09318157768559639
636,0.11526180672561809
637,0.1280185285246455
638,0.11018773980926108
639,0.20784987604213148
640,0.05478917617705007
641,0.1265467016480216
642,0.19514379956742703
643,0.20861127736381596
644,0.02331760725886834
645,0.1873853374160221
646,0.12530712274931743
647,0.09383940075341844
648,0.05136970486975676
649,0.06400939989001042
650,0.24606979870750412
651,0.1177606539120499
652,0.02298606368929285
653,0.23221217957790904
654,0.13882862960786063
655,0.10721094286139078
656,0.19932322782520484
657,0.09465897787720419
658,0.04431134469189494
659,0.07555704178392042
660,0.08518224236715458
661,0.07955134644271065
662,0.06228469282912945
663,0.02016965874600949
664,0.19790281192235706
665,0.13215021369225874
666,0.05501455103215501
667,0.026972683304544047
668,0.15663777894726005
669,0.1461087824038889
670,0.008952510543137388
671,0.07844693459901618
672,0.17191443915518556
673,0.031174156182701362
674,0.08039118602300786
675,0.15783074498948974
676,0.08085223591365147
677,0.0523129481136506
678,0.3051466561639585
679,0.10158179842520357
680,0.09478242050684611
681,0.04973664461047382
682,0.10944526194824905
683,0.19829134629900264
684,0.007894291228366766
685,0.03870515555622079
686,0.299286881353183
687,0.043698060276828
688,0.1791164455242425
689,0.15852434184178427
690,0.013281616366075468
691,0.08275550977738907
692,0.1948031808126423
693,0.024835815555781238
694,0.08678871536768183
695,0.09968987801749829
696,0.08880570644516454
697,0.08211827094466569
698,0.047254681223233036
699,0.16694911731085782
700,0.15779805133583635
701,0.15138439112294444
702,0.21540476234279618
703,0.09240633417439197
704,0.07091007832820241
705,0.029845203981392194
706,0.23148200494638874
707,0.11487326994338577
708,0.09555578466370804
709,0.13870942949551213
710,0.08710742218344189
711,0.01126423556260483
712,0.01202804668483317
713,0.14020827500915703
714,0.16852499651021352
715,0.04035228284216322
716,0.2751143938922462
717,0.13675863028365054
718,0.030940704353436148
719,0.32912206095951135
720,0.13518886821842457
721,0.039050975545771506
722,0.040005754457133
723,0.13575264051944788
724,0.16707898826888526
725,0.05228989448825635
726,0.022025715121350035
727,0.14020588389167526
728,0.10718743058509672
729,0.007652265439481334
730,0.1996084354330871
731,0.1232832370332554
732,0.05837935996630674
733,0.03568464070154193
734,0.15540162147534994
735,0.1295747666452883
736,0.02448425463281776
737,0.01797686221433265
738,0.2874123941902523
739,0.031011410849947612
740,0.10091126243349577
741,0.0161093686397873
742,0.10115886281857797
743,0.1213857504676426
744,0.08695358190491442
745,0.1378222913394124
746,0.06690667755712983
747,0.02155720275836267
748,0.0976026698573753
749,0.033115479463139016
750,0.09516790443245671
751,0.03043547518623974
752,0.01610535692662355
753,0.07968632146510764
754,0.08008966889650943
755,0.013779028545303154
756,0.1306102395442675
757,0.1077116770931456
758,0.02431191963417893
759,0.15261366315834696
760,0.11337409278357581
761,0.01635413679734276
762,0.23056825620835544
763,0.06288899496213017
764,0.029295725084946718
765,0.06498235060662093
766,0.1513312941713846
767,0.04641455579072512
768,0.04168635676649645
769,0.14607053638008238
770,0.06287566571941315
771,0.16253801858205993
772,0.04460425480659005
773,0.10137143069670883
774,0.22923984324852636
775,0.19500197992876084
776,0.03148788713041424
777,0.2771686619580953
778,0.05465012442223473
779,0.06548329125576759
780,0.036645193385939294
781,0.14372690880238673
782,0.09339603590652427
783,0.107998242749062
784,0.01723500281388567
785,0.23136590940660826
786,0.08626851973524181
787,0.0119307781168682
788,0.040739289724563366
789,0.17716097134694478
790,0.014990733953218012
791,0.025010068844850967
792,0.026533182836638428
793,0.06761089101008634
794,0.27534720076283886
795,0.0258876004681278
796,0.10271337683384145
797,0.15416253013138628
798,0.036789568703575914
799,0.20265213804355597
800,0.1067408514046584
801,0.017046077633149588
802,0.17107395911777942
803,0.11470794421233495
804,0.048154577028010855
805,0.017568026884602624
806,0.09738450115147637
807,0.07035992212884028
808,0.06572226391694534
809,0.03705032798748449
810,0.15798614014176882
811,0.1658514587282874
812,0.04906914577749931
813,0.04593972856346938
814,0.21399146597546073
815,0.10512929314875832
816,0.030478088830576757
817,0.1254986746577699
818,0.15020178061058967
819,0.1292216401599798
820,0.03981651887602735
821,0.113092440173746
822,0.19940525693249891
823,0.06818731212019156
824,0.024800958594279096
825,0.10752482043865223
826,0.14115825380634084
827,0.0664667150823906
828,0.08926809911098192
829,0.03417657280170748
830,0.06270894838566766
831,0.00980095619428687
832,0.029442028772783572
833,0.08589477479634094
834,0.02265912965725844
835,0.047680477327927545
836,0.015447891962620555
837,0.10587150860481424
838,0.16568443444640424
839,0.10765014394411196
840,0.02658359066662422
841,0.09859472689690013
842,0.13158990167162452
843,0.08576728591086814
844,0.03225374380800593
845,0.09410735673563851
846,0.17181705609977363
847,0.06327170228733953
848,0.01144524601750996
849,0.029184393345362172
850,0.04970050291114707
851,0.11731935463462152
852,0.029089827502210973
853,0.010263187823684586
854,0.1286850767133515
855,0.1378305808883125
856,0.09073418498647137
857,0.02154207985424908
858,0.19080962717266617
859,0.11029022899423525
860,0.07393948293370518
861,0.15824441776802106
862,0.10489903573752263
863,0.0763053144002492
864,0.02186253429812432
865,0.21528080412075778
866,0.06216240002998883
867,0.015628184030103614
868,0.23730708290881775
869,0.10787831723478249
870,0.013583874844889345
871,0.01921289380153271
872,0.16669204674651397
873,0.050887056524600294
874,0.04948776704941022
875,0.10338586098652458
876,0.14188898655455984
877,0.06940617753957488
878,0.03990416488602187
879,0.05984581463305472
880,0.10327271733769537
881,0.04144063657947217
882,0.027257675053461754
883,0.04428071718954264
884,0.13015488191234512
885,0.21540987960931443
886,0.05076385571161984
887,0.03981226493295749
888,0.14608256506492603
889,0.0828390723940258
890,0.018262846566800533
891,0.14307509321373865
892,0.09406575860085088
893,0.04945118585042234
894,0.029805776532349632
895,0.12558363223781532
896,0.1082849381918717
897,0.014535818206210336
898,0.058624937513906294
899,0.19011537256988711
900,0.09857515242493725
901,0.07100855738234298
902,0.09673364580977409
903,0.08697515719451153
904,0.05167701897689055
905,0.03230672909193281
906,0.13994845909187328
907,0.13852765466552544
908,0.013168804903516516
909,0.10303779249672275
910,0.13531235657349672
911,0.06432655479903177
912,0.023219868562556683
913,0.10311201390515921
914,0.06229777531476936
915,0.015100011157360902
916,0.024428452705588306
917,0.10506333147260993
918,0.0800335813194489
919,0.02544992312911025
920,0.060185554448612254
921,0.1230055704547834
922,0.2922060900845201
923,0.051748863331213556
924,0.12821789610993278
925,0.2258059459355064
926,0.07903312847211344
927,0.007216333275605971
928,0.2009941446674936
929,0.050416212627112995
930,0.043315842938622943
931,0.01783124341565682
932,0.07349565856964814
933,0.12131007536840042
934,0.11757993835741984
935,0.01729189248531292
936,0.05445264313326801
937,0.07810424609069669
938,0.04663532305463145
939,0.025103100893832556
940,0.14253342509378916
941,0.1974945498847301
942,0.05820566272202083
943,0.08191017666873181
944,0.12197503432888097
945,0.08963028304818503
946,0.07239898882536427
947,0.17582370523967944
948,0.16008172989599403
949,0.03737807613987128
950,0.2616377705588904
951,0.15753710053642914
952,0.012899143542258025
953,0.16500657219271575
954,0.16996533181100695
955,0.018245915961342854
956,0.04260836716395167
957,0.1957411410050906
958,0.0406949965662819
959,0.022128280784778114
960,0.045553191296373106
961,0.08892214060437004
962,0.21565608446819182
963,0.051383115266265086
964,0.023050454841678635
965,0.047872910362121504
966,0.18324183678395992
967,0.14225859906751154
968,0.06424913939730717
969,0.14490587040017766
970,0.08016813399111733
971,0.16830176405137554
972,0.033243130894462694
973,0.0518391105722353
974,0.3233543536725276
975,0.08919936484908081
976,0.06162919444038002
977,0.3973285341889294
978,0.041941936146518116
979,0.08937237497515108
980,0.06927082399615206
981,0.16248476216541927
982,0.12493940899619384
983,0.07177193072959753
984,0.05805396808451127
985,0.07284694842967283
986,0.12573807910069923
987,0.199179448941033
988,0.09236908488302581
989,0.09228811699914531
990,0.13688137581841667
991,0.09852005228196631
992,0.02948409629443505
993,0.025571462964265577
994,0.10688747593215726
995,0.02464468148313535
996,0.07769593538342526
997,0.011366982004627782
998,0.0540413805136066
999,0.27489349471612357
1000,0.09030300556003618
1001,0.03471771352076943
1002,0.2599918811745936
1003,0.08492420185166526
1004,0.04951826326466726
1005,0.15408781959534465
1006,0.10766051491927751
1007,0.1328508729659661
1008,0.1455639310602093
1009,0.019353109349587738
1010,0.08821232394115845
1011,0.1637159590509182
1012,0.06451490828955496
1013,0.046488871054148055
1014,0.12061018293219511
1015,0.06546501813249543
1016,0.037321004734669455
1017,0.09629591338403505
1018,0.06289260526093735
1019,0.13887880654484733
1020,0.030147608355631496
1021,0.0628748889331116
1022,0.13617349841269893
1023,0.10246630440238558
1024,0.009895080142994383
1025,0.0656187430071945
1026,0.0697070460452899
1027,0.09604360984061154
1028,0.010669486233694627
1029,0.23942462487160118
1030,0.1208423268429182
1031,0.06519467854236836
1032,0.0309675765004833
1033,0.21561055237357032
1034,0.09410268477465733
1035,0.11585102890359526
1036,0.016201840710406923
1037,0.02832077164030346
1038,0.04178063176062249
1039,0.08569607321020073
1040,0.011416730247838021
1041,0.029943334335940687
1042,0.12676985054688059
1043,0.1101008430153325
1044,0.09892165512985639
1045,0.025260486797110186
1046,0.21637032526351768
1047,0.2224016931148787
1048,0.04353944968835877
1049,0.06960778811624106
1050,0.13726312160825285
1051,0.07243841172603452
1052,0.018131116476335064
1053,0.04850176712279469
1054,0.15237489328906564
1055,0.0492782413093149
1056,0.08666731562813315
1057,0.09407067362162914
1058,0.09266439746972444
1059,0.008183902762625199
1060,0.19637072527207336
1061,0.08051449661706045
1062,0.04702564877747478
1063,0.07320194304186844
1064,0.22519718238730357
1065,0.06581557618811026
1066,0.0765360826493066
1067,0.17253636813406978
1068,0.1218888280977446
1069,0.04310765329887584
1070,0.06473423165694317
1071,0.05364493140653192
1072,0.12246055431959044
1073,0.17635052717407917
1074,0.0638814522824729
1075,0.0583363924258502
1076,0.04800266976880238
1077,0.14054686845664366
1078,0.052496421990420504
1079,0.01877969779546232
1080,0.1528049342679521
1081,0.19300271989642176
1082,0.05133514317503726
1083,0.033935467326131355
1084,0.0870706998595382
1085,0.14649882931050942
1086,0.07739775981173383
1087,0.02510367267294098
1088,0.05931206784515339
1089,0.12914134654250534
1090,0.053074069976357816
1091,0.01663470987430498
1092,0.03276245764583019
1093,0.1656692505909542
1094,0.0817544508297655
1095,0.10896888566441214
1096,0.0331794992103813
1097,0.12520334138429426
1098,0.10211206651082548
1099,0.08251312139760626
1100,0.033788879228502634
1101,0.12458174221201984
1102,0.1605241310051888
1103,0.036803651470920046
1104,0.051971081660598044
1105,0.2678896892006803
1106,0.06418729914882587
1107,0.03157470613822795
1108,0.07619824097947651
1109,0.11458390146126457
1110,0.06073515759651874
1111,0.048916848022217865
1112,0.031180311334484116
1113,0.04450142123994354
1114,0.025938677357139454
1115,0.11106647067418239
1116,0.07345901911593986
1117,0.016545507473530084
1118,0.16519628293640493
1119,0.07563204926914255
1120,0.046521852665878105
1121,0.1677808419535832
1122,0.0876414945905809
1123,0.14858531084419438
1124,0.02609107937228458
1125,0.0599272002437526
1126,0.10290912843339395
1127,0.11442747324560061
1128,0.06381900702406808
1129,0.023001781985320983
1130,0.01544432699816959
1131,0.06542879105166109
1132,0.06721263548916133
1133,0.051486939748165025
1134,0.11044700089797675
1135,0.08783757074674203
1136,0.06392786904372885
1137,0.15558435086506867
1138,0.039883110630000294
1139,0.026427422949018047
1140,0.08177776166302725
1141,0.009178704741085066
1142,0.013118350261717808
1143,0.08066638247780432
1144,0.025735090521173152
1145,0.1644739590221141
1146,0.053530002244017806
1147,0.0315370511750682
1148,0.20278457828243293
1149,0.0749015441542699
1150,0.13229619067240156
1151,0.04939201784938996
1152,0.07991768186353772
1153,0.1496894986560883
1154,0.037431187899459706
1155,0.035274101157856584
1156,0.11966914332433652
1157,0.11293189085117465
1158,0.07754811649959302
1159,0.17899293925236012
1160,0.12918793945456414
1161,0.13115583056560157
1162,0.014428883390892213
1163,0.08349053928626744
1164,0.019991445624993
1165,0.042451226938157845
1166,0.031129904764934123
1167,0.10647992042331243
1168,0.05932604845086014
1169,0.015700037633588737
1170,0.036531783264340506
1171,0.19793302780729236
1172,0.1147755041049343
1173,0.016744713760377138
1174,0.20045289108066003
1175,0.08189487536644864
1176,0.14863348292460526
1177,0.05728588939963431
1178,0.08059529991886365
1179,0.11282578862076686
1180,0.07939680866366687
1181,0.04878906454964917
1182,0.278398246362244
1183,0.15599222106506394
1184,0.08645813659187362
1185,0.04398937531722992
1186,0.2755138565023965
1187,0.13431327180575323
1188,0.18614530908471077
1189,0.053490541232608095
1190,0.07235836969879045
1191,0.1050556614855122
1192,0.1129042288084775
1193,0.07354523937714263
1194,0.07768427660009553
1195,0.035553298096529656
1196,0.240790436492944
1197,0.08208737071686154
1198,0.07952413497612475
1199,0.10545366860977672
1200,0.07556191322101256
1201,0.1377743691986815
1202,0.11524276830709118
1203,0.123905930797577
1204,0.05517263926772527
1205,0.10365208410039463
1206,0.04157659031628446
1207,0.09363458463850868
1208,0.13725059234799242
1209,0.14378810397100641
1210,0.03729804784612053
1211,0.034961895890155435
1212,0.048535031677996505
1213,0.18009687462843846
1214,0.046020520743823165
1215,0.11532229365234105
1216,0.014214420316488367
1217,0.02011227389302685
1218,0.10709059937553789
1219,0.1098755391983623
1220,0.09248893970411663
1221,0.10310099244754993
1222,0.14030245424574747
1223,0.16851023083016833
1224,0.0999816260852011
1225,0.02525611903285335
1226,0.2768232341133474
1227,0.12297554011718498
1228,0.13596724793288617
1229,0.02370097910285039
1230,0.1621749111869194
1231,0.19362490582020697
1232,0.04498575619000609
1233,0.10760387864047861
1234,0.15848958212166828
1235,0.11334135941825528
1236,0.0644235968471728
1237,0.121827193510916
1238,0.1295944891449802
1239,0.13651342648636264
1240,0.1456798798119962
1241,0.15974845318559916
1242,0.05999323944693854
1243,0.125436464691925
1244,0.1488455950218742
1245,0.08800195883630997
1246,0.0393797547670397
1247,0.08595300693668077
1248,0.17366344795614372
1249,0.08941131208475654
1250,0.08035590159992784
1251,0.13394400017341962
1252,0.02177238863695105
1253,0.20917576650957925
1254,0.18026997573225345
1255,0.0573264848985449
1256,0.04938778938028586
1257,0.11225396684509514
1258,0.11528734214081118
1259,0.09760959695021545
1260,0.014862529388826618
1261,0.165266283561184
1262,0.03981365015222834
1263,0.06887642706987629
1264,0.04312360081693518
1265,0.14738784486092818
1266,0.07709156936827104
1267,0.08703598913187693
1268,0.02576164822518299
1269,0.048991207394847046
1270,0.17537961780313274
1271,0.0709080841102891
1272,0.04426227738588176
1273,0.06554455698875997
1274,0.035465686407436955
1275,0.09097477197127485
1276,0.09710774514506297
1277,0.08605162004029111
1278,0.11289122623510074
1279,0.014012702161546764
1280,0.032636449972353855
1281,0.19093906494481225
1282,0.04644945166589133
1283,0.01950688038413446
1284,0.14372034669856015
1285,0.11249216254241191
1286,0.07594924726385036
1287,0.025152971119414037
1288,0.15205739363783485
1289,0.09190435798033185
1290,0.11169744777067697
1291,0.0685899977184124
1292,0.01837874980910808
1293,0.2680976833041496
1294,0.14104784599237638
1295,0.01647123045474308
1296,0.035904021499976534
1297,0.12735595644368952
1298,0.13557342532904754
1299,0.0532381905926919
1300,0.022598852124310058
1301,0.08824207164366649
1302,0.15434523342621312
1303,0.06273750864087918
1304,0.04226998871802062
1305,0.06074600730392399
1306,0.13286262222912623
1307,0.18499046722647453
1308,0.03819344511103215
1309,0.1471720038475807
1310,0.23317292439727008
1311,0.1462473878730097
1312,0.04837621091098338
1313,0.12652380902414004
1314,0.11728289652403102
1315,0.08659784506581225
1316,0.0784328064632389
1317,0.01965142532470594
1318,0.05595175691824538
1319,0.12502739027133952
1320,0.02228028960835344
1321,0.145237604797005
1322,0.06490774291870707
1323,0.02730121393838666
1324,0.04804322669231646
1325,0.2110883522812335
1326,0.04554913423007373
1327,0.0464591752044238
1328,0.04844250710543005
1329,0.05892825379804326
1330,0.04615139595365814
1331,0.03205731788285977
1332,0.01987332635550927
1333,0.05292987482465787
1334,0.054503432825613575
1335,0.06815260819153253
1336,0.13934947560476613
1337,0.06169465790194588
1338,0.1545433468931717
1339,0.059425708650439876
1340,0.0781830884715137
1341,0.2407312500925542
1342,0.16340302503601425
1343,0.11766435951908011
1344,0.058925725809896926
1345,0.01623618259167191
1346,0.15962021289200035
1347,0.1280119044474779
1348,0.08624260952902536
1349,0.047927500344893466
1350,0.06517481286117527
1351,0.07078580507407192
1352,0.11961188142621372
1353,0.09706805604850072
1354,0.03866433030363557
1355,0.0428596664243048
1356,0.07260041197666954
1357,0.07190139089135851
1358,0.09422468574654438
1359,0.1413152509634407
1360,0.05451170400907759
1361,0.05355623783313633
1362,0.040377115877416256
1363,0.10735886439524932
1364,0.10635104311763034
1365,0.11482178393147016
1366,0.016894344899332954
1367,0.13438774454934296
1368,0.2036636993169824
1369,0.1911710582853659
1370,0.0420315396781965
1371,0.20987889153940836
1372,0.161426244776418
1373,0.035403984374489196
1374,0.06687963279641643
1375,0.07597822044613689
1376,0.033997377865929095
1377,0.01846081668374239
1378,0.07832226615354555
1379,0.09496656669908624
1380,0.04856757915796935
1381,0.03634557133532357
1382,0.31694249332928404
1383,0.07299257434764295
1384,0.1541279578345586
1385,0.07448074229119188
1386,0.034867499836957666
1387,0.09422339135214206
1388,0.058884991571495834
1389,0.25948837694901794
1390,0.02118171130645774
1391,0.09813807799293377
1392,0.04112694619459671
1393,0.024569461433953672
1394,0.057415383137605996
1395,0.1416913425177739
1396,0.09617001720290651
1397,0.0653286371443362
1398,0.20632002122673868
1399,0.10111139607386792
1400,0.12613565576108723
1401,0.08013205910476842
1402,0.11165486816299074
1403,0.14940591038542014
1404,0.14566665731048048
1405,0.06021101944968661
1406,0.19137117784855368
1407,0.04150804150693284
1408,0.11319762667316417
1409,0.20887610856103683
1410,0.04696774529071316
1411,0.16326774338850636
1412,0.09131559990776052
1413,0.09840350605477874
1414,0.06588395987590161
1415,0.06028790143077622
1416,0.15286725422545738
1417,0.06937263552148026
1418,0.14289801990240175
1419,0.04964393162070778
1420,0.030200119474761037
1421,0.14521915983900033
1422,0.07686911208288606
1423,0.055910609300265604
1424,0.11404377723018706
1425,0.06948722852513875
1426,0.036115257242464296
1427,0.10572816232108126
1428,0.22259677759610877
1429,0.09348302485303608
1430,0.12082681542047162
1431,0.03254636059611206
1432,0.14567764653038845
1433,0.1666778339813917
1434,0.2056329079134166
1435,0.032306565630898385
1436,0.05089730691297402
1437,0.13738362151248962
1438,0.17845931405659723
1439,0.13504186942175633
1440,0.05033224263979252
1441,0.24053013425036934
1442,0.1612488772247924
1443,0.15339085229071853
1444,0.0521624545310519
1445,0.17751787490896284
1446,0.11244082948090736
1447,0.11810207261219284
1448,0.06768811153321341
1449,0.1401444404477532
1450,0.1385813530136933
1451,0.2172160725243835
1452,0.10151963219515824
1453,0.07241854412628143
1454,0.2716537465084656
1455,0.10256570675253847
1456,0.16934018989409325
1457,0.07963650069969394
1458,0.10836280643999925
1459,0.06983066267243723
1460,0.21857577421706742
1461,0.2875260263455809
1462,0.10579800365586607
1463,0.019971514781448783
1464,0.08601418741849992
1465,0.10853155545126328
1466,0.06423001606367158
1467,0.060860784182890176
1468,0.02007272834863783
1469,0.061081318148976285
1470,0.07807008102928373
1471,0.0571612431262432
1472,0.0709231406911452
1473,0.07864469848230711
1474,0.10069856930692438
1475,0.02863152889894434
1476,0.06655529331560933
1477,0.0938648290931412
1478,0.15204337974769155
1479,0.05867760874196306
1480,0.05380871698561366
1481,0.2984450649645681
1482,0.09978864147817139
1483,0.061698657638564885
1484,0.08996106623446473
1485,0.018621218055184522
1486,0.22785737150839577
1487,0.10504359982405645
1488,0.11619615349899645
1489,0.11805160882044659
1490,0.10791158021089989
1491,0.11472487425036877
1492,0.17513782171864006
1493,0.09653185757708463
1494,0.17307689403200974
1495,0.07889155173419676
1496,0.09245390077342566
1497,0.1640371172630157
1498,0.10046974044836464
1499,0.05740016264714204
0,0.06918743939258903
1,0.039688449325138035
2,0.05275456750361436
3,0.03538937580022809
4,0.07322464336932932
5,0.062217900590108136
6,0.03731165869376759
7,0.16732291158225868
8,0.06210790733169204
9,0.04813496227058573
10,0.11816818387457247
11,0.059253798527280514
12,0.051802981910536956
13,0.07146955200435584
14,0.037783812158536816
15,0.12726188578076564
16,0.04868005359338281
17,0.10117877028954603
18,0.08086461351809211
19,0.07208605999889256
20,0.065769085436769
21,0.04834625876474013
22,0.07222597004753996
23,0.06185939911010795
24,0.09743483484162822
25,0.058740692357695
26,0.11888511051031646
27,0.07653098625373594
28,0.07638719421409207
29,0.08599108472586615
30,0.06345657722408148
31,0.06444877569869135
32,0.046574762164673184
33,0.0532727342777737
34,0.05482243662994763
35,0.0367673429285089
36,0.0612427009132515
37,0.08112461525159752
38,0.03985473442781464
39,0.04390584247163789
40,0.05750451362084764
41,0.09467623578867655
42,0.04784114657526318
43,0.10636573812173615
44,0.06954325939075996
45,0.06366090475130616
46,0.07260140273461231
47,0.061001489307821774
48,0.055466746589145306
49,0.08807436964336939
50,0.0819871030641654
51,0.05018481649356889
52,0.08037912056044735
53,0.08787034531656614
54,0.0390959465323863
55,0.08823119704363933
56,0.04598487300412168
57,0.09002689051698337
58,0.08098591566836393
59,0.04366703617607098
60,0.06762121444707302
61,0.09334550275225013
62,0.04665194438252208
63,0.04802182314791671
64,0.07541777352545176
65,0.09276522620366064
66,0.07987358344309771
67,0.13134452952726589
68,0.08426099522750342
69,0.09773481480836219
70,0.04810258807531045
71,0.06895341379747676
72,0.07439355154835281
73,0.05248111243916746
74,0.06753347897816263
75,0.0460752118809787
76,0.05337232446259895
77,0.10119834497060831
78,0.07568777862269435
79,0.04392377856217791
80,0.04951139632251645
81,0.10603746553152486
82,0.042381386752330635
83,0.05844328614131109
84,0.0892122862135273
85,0.049164249073648816
86,0.0410566039777946
87,0.05181835893930322
88,0.07149003350422321
89,0.06436079465445974
90,0.04687122979551052
91,0.0417183912733593
92,0.1213053228721778
93,0.05868963486041599
94,0.08841181308208877
95,0.08906512865052973
96,0.040763059891011366
97,0.07803110986428184
98,0.07191874812406412
99,0.04147389314896849
100,0.05512743824884187
101,0.06568239114251276
102,0.07902653705926459
103,0.0406009884881139
104,0.05062586187637473
105,0.050876024273788886
106,0.057040253400567474
107,0.0890357305357483
108,0.0875098857293774
109,0.06827430519666484
110,0.10757068649602397
111,0.09443205732465533
112,0.04105257281105994
113,0.04536943489733376
114,0.0382982289244538
115,0.06875655358506635
116,0.052287420507556547
117,0.044832492573803916
118,0.056374055929952316
119,0.060973878551096594
120,0.03912097474254539
121,0.08347481682074563
122,0.07743666907167203
123,0.06354943217039459
124,0.06440478354945064
125,0.09494818834874794
126,0.08733290950506635
127,0.0486492000053598
128,0.10289799978400811
129,0.10362530332678918
130,0.04422907289312693
131,0.08431193714909464
132,0.07126809631996318
133,0.0889764969960224
134,0.08823506550567435
135,0.06477933125418955
136,0.042171506195179266
137,0.12957518752408387
138,0.06221698670240014
139,0.06963422049580953
140,0.06883847136073362
141,0.06506742651990365
142,0.05868290080116778
143,0.06526603818087971
144,0.0814139498022309
145,0.038851821530649
146,0.07249682545744542
147,0.06710940483121483
148,0.049905118509791895
149,0.0686212376987644
150,0.04849546335486265
151,0.0895261306287572
152,0.03811823536739804
153,0.08446596717477536
154,0.11699599960795658
155,0.049989579678040276
156,0.08060675332381821
157,0.09528388260560185
158,0.06774016760647412
159,0.05216358392159221
160,0.057252989909173505
161,0.0647147938633585
162,0.04770937278997791
163,0.0468397161246746
164,0.039374283240736295
165,0.04007522527944367
166,0.040605369342445845
167,0.1335772657608758
168,0.052857696835686634
169,0.0561187341233141
170,0.059119073947947506
171,0.058137919895345294
172,0.07114225760236449
173,0.04033346338611535
174,0.0846650187932685
175,0.07082533736503506
176,0.044694095187964286
177,0.0405133811973398
178,0.08791440383383811
179,0.08038441145676933
180,0.03525167998232746
181,0.05921972992760593
182,0.0740290856235258
183,0.07025634179552791
184,0.0510128803186503
185,0.05488636879080827
186,0.06895976387060167
187,0.07284455660316144
188,0.038024891281349185
189,0.07904044488003766
190,0.04087437875670419
191,0.06972924702399946
192,0.052550232205442374
193,0.05440470406313444
194,0.08658689153046902
195,0.04374443302276363
196,0.055199257055649494
197,0.08066347063713579
198,0.04304216836270527
199,0.05005555024653929
200,0.03820142283235674
201,0.06350615914770531
202,0.05462086533038979
203,0.06280770271320832
204,0.06654138857318927
205,0.12487007251985464
206,0.07890198016360894
207,0.062336300629605296
208,0.07437797419021373
209,0.04811664090951021
210,0.03479923283184737
211,0.043759350465615375
212,0.039565943583703994
213,0.06356414067961157
214,0.03479414418067104
215,0.06459687180081197
216,0.0405945514465104
217,0.05501773558904913
218,0.05146271019865902
219,0.04635995965916662
220,0.043665820762025874
221,0.0317184212312989
222,0.09780875213858535
223,0.04471268666461764
224,0.055593170178492655
225,0.03912174533428986
226,0.06936161109696372
227,0.0875353281572519
228,0.06060485476832913
229,0.03780998844734553
230,0.03295017855595611
231,0.043790198828462905
232,0.05331675067525389
233,0.10393432234672238
234,0.03615634319478841
235,0.12281446286553134
236,0.07381788070252056
237,0.05358256499447555
238,0.08601350560274466
239,0.05649822049817578
240,0.08837899167447548
241,0.045905103360691715
242,0.08720524324120854
243,0.06004635120215637
244,0.08753067156044037
245,0.04317716026448391
246,0.038966424628773276
247,0.052198872430464054
248,0.059656332291250384
249,0.05550179589858567
250,0.06990181827909774
251,0.10581491656639583
252,0.04036705725984473
253,0.06551771602661324
254,0.0756770549364284
255,0.05628303960683688
256,0.09187027210184928
257,0.042027357360438854
258,0.06729330011271636
259,0.09592559784389078
260,0.06541022775007942
261,0.06270951198180424
262,0.07952490790630197
263,0.057537919878395176
264,0.0601242851609509
265,0.0905679163268692
266,0.06145266233381896
267,0.09950604074866119
268,0.07610166259465677
269,0.0684723098936334
270,0.11888624262958344
271,0.0816047663404898
272,0.04086446673980342
273,0.08932159462501381
274,0.1002128901580169
275,0.06763071461682021
276,0.08842063037136885
277,0.03051169783612579
278,0.031759692133430314
279,0.052378451456797155
280,0.05629032129688824
281,0.028680416398630337
282,0.03138321868376367
283,0.05164772693719799
284,0.04427059224449339
285,0.062194773475636796
286,0.04474418778411817
287,0.026821345099373083
288,0.03965260879863209
289,0.05109214530137688
290,0.054709246717063925
291,0.055255103695563114
292,0.03450320715832121
293,0.07464629775985565
294,0.049850813991911325
295,0.04654763100206563
296,0.031185803539802544
297,0.031953883518181854
298,0.06111616563733771
299,0.04052628402002282
300,0.06570928983567564
301,0.023562935857554264
302,0.0347742283119201
303,0.0488769525467847
304,0.029783923154870707
305,0.060002497543802144
306,0.025507440557014222
307,0.07820354080133822
308,0.04505797343379593
309,0.03784286460709617
310,0.114827825601927
311,0.08454043689700103
312,0.03378091082588496
313,0.059122909740434076
314,0.0679439078340182
315,0.056732017779396564
316,0.021777341610967945
317,0.0957067475228924
318,0.07361183861760982
319,0.05063433784866006
320,0.027212752680483045
321,0.042307360062053566
322,0.02940063575364843
323,0.02256558689070132
324,0.06973147211489117
325,0.03447490683784615
326,0.036719392739232984
327,0.056709546949741195
328,0.027032247083170705
329,0.022878175545507282
330,0.05399946735212327
331,0.039992997560685785
332,0.05232729603475546
333,0.03517771852837045
334,0.031616549369153826
335,0.04843555085676814
336,0.031835219555811256
337,0.0544738134199304
338,0.07608052715957012
339,0.10635228198097112
340,0.043392128794146265
341,0.10939029792354031
342,0.09761353621451306
343,0.03335389400585395
344,0.022364092810887713
345,0.022010136417668014
346,0.04409259950651523
347,0.0227956189620881
348,0.025016633698582175
349,0.07064343858656941
350,0.021317749975199272
351,0.029074099571975286
352,0.027432168191326593
353,0.022567521723591447
354,0.022541153714738017
355,0.06587024953267819
356,0.0809131016150378
357,0.030072310986647862
358,0.07934099741967036
359,0.035085285751936916
360,0.026313017352687994
361,0.04021877529110491
362,0.031279357153959346
363,0.018065170230601692
364,0.05318115775082134
365,0.019171908771637942
366,0.024167329954591258
367,0.020988748442110388
368,0.01927412491766568
369,0.02592754347575791
370,0.045745332020285634
371,0.026226588970325353
372,0.0271740564564584
373,0.03223444998883375
374,0.02194013857043879
375,0.019019084311547006
376,0.049137616566315476
377,0.02407097601631373
378,0.03198650134768384
379,0.03579084099057053
380,0.029150392150963586
381,0.04083139045070676
382,0.03067439595212522
383,0.024337720232045716
384,0.023903412885820288
385,0.03602448082577646
386,0.04011350185640205
387,0.06017302082926471
388,0.05034614548879236
389,0.07207376116619586
390,0.06858118673526815
391,0.02604938584266165
392,0.10003261227858246
393,0.02552076060155546
394,0.020631324080622612
395,0.03183804602358041
396,0.055489408162303154
397,0.023809833385042143
398,0.06321068798211131
399,0.0693909977829305
400,0.03301848064498489
401,0.03797768432830862
402,0.014198759452771586
403,0.016178168116832467
404,0.0939432967583988
405,0.0327784787226437
406,0.02582846657641236
407,0.1016607995883118
408,0.01886924559739869
409,0.06138718294131183
410,0.06811419368669606
411,0.03654712237055529
412,0.046008808194376895
413,0.03131132942986198
414,0.04645515975857001
415,0.024669133943954584
416,0.025262051181351698
417,0.02330884507944414
418,0.03714634855430521
419,0.08028724542654565
420,0.024719308535152463
421,0.044674705145383055
422,0.061305853915054866
423,0.05852913582208231
424,0.030055143855857454
425,0.05369857255442385
426,0.02249427556091779
427,0.033245470078731
428,0.05952169350489946
429,0.027163398918852714
430,0.05259896464563561
431,0.016195153336911728
432,0.0670694850372678
433,0.02512747086736816
434,0.025107463329730764
435,0.015746745735825567
436,0.0594161452994571
437,0.045225296199711294
438,0.020600555670425808
439,0.04565340589908641
440,0.06858407249830809
441,0.0356043987288923
442,0.04493493029933053
443,0.08838746374999693
444,0.05454133640491235
445,0.06371233834268919
446,0.02329295606892499
447,0.030519452452736153
448,0.025302253416578473
449,0.03551137384355374
450,0.04589797872293244
451,0.030749150521904585
452,0.045866365719404945
453,0.0347610687949551
454,0.06100237586486851
455,0.09045308278050232
456,0.01344375590133327
457,0.057005933932873926
458,0.03221811954670098
459,0.045609700278508344
460,0.06339396526756909
461,0.013050885798328554
462,0.01618701599197063
463,0.015433851438725874
464,0.02496900996031012
465,0.033628810759403924
466,0.039026535003918755
467,0.01598204738685629
468,0.02995298202231709
469,0.017496574510125176
470,0.01311289091145971
471,0.017329405835865112
472,0.06114221448118581
473,0.01724989459117522
474,0.027497427544122047
475,0.013278729051595132
476,0.09614321718557976
477,0.013607782358057312
478,0.06152216894308017
479,0.07418211205973364
480,0.012200478185615612
481,0.06691132992170397
482,0.0611815128970785
483,0.028735615799092916
484,0.051187633871673695
485,0.03519726625211218
486,0.035156642882168375
487,0.06077244367194592
488,0.025953620191962266
489,0.0715108056913242
490,0.0346843294922813
491,0.033592117964056374
492,0.019392487372740963
493,0.013821236335243054
494,0.06041403334408674
495,0.020339707954592893
496,0.011610547798863752
497,0.02794473526235374
498,0.034748031986932125
499,0.020205808582388657
500,0.06457067999597282
501,0.05275138398959775
502,0.01588700965063201
503,0.0387017768324025
504,0.03387567175574875
505,0.01832932057139822
506,0.019018901938762024
507,0.06688607283152317
508,0.021721148974435955
509,0.01995573507327433
510,0.04130543049020702
511,0.02527494054848326
512,0.0230142842838598
513,0.05034139930224824
514,0.04799733812862144
515,0.04116053048392907
516,0.03800656813244523
517,0.03470477264412288
518,0.011675974170109658
519,0.01642790609781036
520,0.03541203711416523
521,0.016979407266975995
522,0.03525018607466373
523,0.018184111586237155
524,0.03193791090903753
525,0.03960730342812787
526,0.07111402530214334
527,0.012979438973395083
528,0.05206202084587535
529,0.03480578347519979
530,0.02011717914187169
531,0.054776298363336626
532,0.009509387003028329
533,0.07006288502066849
534,0.0627187694123409
535,0.007838455957663018
536,0.011285257640866866
537,0.009498256012334191
538,0.06090393235448055
539,0.07504059374536093
540,0.02606022797018502
541,0.01319095824712477
542,0.016647878247884138
543,0.013786935521080372
544,0.1007676461171275
545,0.04020454399983438
546,0.05298126818362505
547,0.019642030328110936
548,0.014049566650878996
549,0.025713850546621633
550,0.0356504938295899
551,0.012815753819777157
552,0.021318018220427237
553,0.03182696139882195
554,0.07093957612061216
555,0.041822340040053925
556,0.02168483264542
557,0.029192555387265912
558,0.02482048286933526
559,0.08363435314008794
560,0.04017723786437631
561,0.08864067839902356
562,0.02557740537710284
563,0.01221469041012437
564,0.08405267838961562
565,0.014424639306279283
566,0.012414315499911911
567,0.016692693174833687
568,0.006746641640970328
569,0.04265497599620834
570,0.008462512912543968
571,0.036577906623930664
572,0.02423287620360602
573,0.044463471218140344
574,0.03174304923120597
575,0.012549906753646966
576,0.07501551105762912
577,0.0056771524775310975
578,0.00963929873319142
579,0.0385558332779043
580,0.0334001958928721
581,0.088682675139743
582,0.029057442506635084
583,0.0874024469760474
584,0.029429127827117374
585,0.13781880045576722
586,0.043069058676947165
587,0.0067964567065246185
588,0.11188469934755171
589,0.00981950545418653
590,0.08090816282777345
591,0.0709172257101913
592,0.06916195345990038
593,0.07705305675279753
594,0.04844944152696005
595,0.1435923078454458
596,0.028431029497802535
597,0.039935513359047436
598,0.014860236088825442
599,0.02550486687707941
600,0.02626557548639694
601,0.011747386077286063
602,0.03692708226303464
603,0.030765632606119322
604,0.0871156898895732
605,0.020394824121860146
606,0.01704360263191198
607,0.04063860660721106
608,0.07649230566739791
609,0.03569258725742059
610,0.03772412669355572
611,0.04840824571016234
612,0.09144393053009185
613,0.05054014130874179
614,0.02060424300636144
615,0.10501131521573334
616,0.029947639540355953
617,0.0077045663351561385
618,0.12608966807032862
619,0.0472994730503382
620,0.026722121837649604
621,0.044170655220906206
622,0.0065640828765116096
623,0.06760616734293348
624,0.06681477129583695
625,0.03853932683310792
626,0.02229834168363075
627,0.015086330980508154
628,0.05106271017553969
629,0.05836736097025058
630,0.015991491343958823
631,0.1008163633171665
632,0.01252558089008792
633,0.06512849480849016
634,0.04348684687728939
635,0.03574536286091018
636,0.086361828627882
637,0.015564713637002495
638,0.0356206397356732
639,0.010941860984348491
640,0.03396356567300009
641,0.04303870481679868
642,0.007737974170665277
643,0.02120881878727772
644,0.07552298472820965
645,0.010065422030989217
646,0.08863482629821266
647,0.04072873526231861
648,0.031628237913503374
649,0.027766825747765494
650,0.140836834219752
651,0.0247183060364585
652,0.009362000102030824
653,0.028796330301928248
654,0.04640576641495489
655,0.022326597144469277
656,0.16307764843319525
657,0.020316158188916106
658,0.023928181247000593
659,0.0972772697321644
660,0.028944964277590964
661,0.01231435622601329
662,0.020542535402341203
663,0.030286156839009017
664,0.008782180605868654
665,0.01991471019751192
666,0.0220003786124914
667,0.030847227061914055
668,0.03452800310791489
669,0.04619935163589946
670,0.017203022327443727
671,0.010309566818797397
672,0.03533026853286256
673,0.016333619311410297
674,0.053520458874848326
675,0.02984183804080644
676,0.01988621008050702
677,0.12880066370276308
678,0.06798686430388216
679,0.12649160796036313
680,0.05916179107999676
681,0.10045758142296408
682,0.10033584636550869
683,0.20728956380624142
684,0.04782217147263267
685,0.025507598019510646
686,0.1448760074311003
687,0.041360671628389425
688,0.16834301288717965
689,0.07986172131702374
690,0.06547336178157302
691,0.06228098558849138
692,0.07499415471458551
693,0.0197962133746417
694,0.10200444426105618
695,0.023745290742402204
696,0.014871097722617615
697,0.04020179718519591
698,0.03974825340543675
699,0.07722378008205744
700,0.010972153258102081
701,0.009073317601870311
702,0.12743769955685572
703,0.02548317545331316
704,0.13798865355023335
705,0.05298899306034532
706,0.06468102081247187
707,0.11482664132194406
708,0.049463070233438836
709,0.16050587119274595
710,0.029157185288405496
711,0.08001893323252766
712,0.09346288628881153
713,0.14387734248466907
714,0.03714905549094712
715,0.0686158585604659
716,0.10518001592628506
717,0.13418964892086696
718,0.053155071184902314
719,0.07317837565773462
720,0.0846926358045796
721,0.009783515818882918
722,0.14373277636528636
723,0.03215342581122861
724,0.20012015662721724
725,0.03859250291558232
726,0.02974454860957848
727,0.13931867188269537
728,0.01850561539792914
729,0.12599987600425017
730,0.0678391614314124
731,0.12159288908361705
732,0.04892154372337443
733,0.017914932872935087
734,0.0994931088218501
735,0.021438181957416924
736,0.06920423749057593
737,0.08466105838367385
738,0.15074555591016028
739,0.033990063905517266
740,0.08883062266654872
741,0.09924342364714647
742,0.029102400737879532
743,0.0327452382980814
744,0.06429993544121489
745,0.030799182223343484
746,0.12830390483365545
747,0.04774105131322064
748,0.038456304000694885
749,0.09614623259680186
750,0.19077683611415522
751,0.03226701290193484
752,0.009396209572946138
753,0.11166155514792021
754,0.03505773691710305
755,0.16661364167449436
756,0.03988003973025882
757,0.10332456240844845
758,0.07225009597020055
759,0.022579373391986603
760,0.1029563691608947
761,0.07623563724887371
762,0.06880529114097549
763,0.061114788903326396
764,0.0072210233559404004
765,0.10949923048766769
766,0.06749129890401896
767,0.05418396583242106
768,0.07078195195858308
769,0.09948436859905505
770,0.03772783164890867
771,0.11167004620679606
772,0.08279665448676318
773,0.04077837969443696
774,0.024178338848744305
775,0.05411478122876332
776,0.07873425891325399
777,0.017591110817655853
778,0.13330601060110017
779,0.041296110977387876
780,0.020191321632450836
781,0.0707741696942833
782,0.04066535623807367
783,0.06075181849668513
784,0.01899614980173044
785,0.06612024046260119
786,0.016698231383571526
787,0.044458293834750785
788,0.02228207641216652
789,0.019107511860346097
790,0.0787585496435721
791,0.013896716183914307
792,0.013615724900608518
793,0.02342649448733958
794,0.060327529372585766
795,0.09464937475062474
796,0.05193104825050136
797,0.13626728429765814
798,0.04657508366249333
799,0.02557503762614782
800,0.05000257121334713
801,0.06799858106898048
802,0.051955592023007306
803,0.08785078610998208
804,0.06231115009706091
805,0.04490707535137707
806,0.03829470465457143
807,0.03674837330963255
808,0.06304410927370262
809,0.0764001839952072
810,0.1887434052831352
811,0.0416589921964007
812,0.022553618856003915
813,0.11366708893084246
814,0.022774387911559585
815,0.07239731584223948
816,0.01799362020503134
817,0.12203297577240933
818,0.04857555656225808
819,0.1073303990690918
820,0.07899863343839042
821,0.03608033052597263
822,0.10574399091917017
823,0.06205318185664098
824,0.15367085986534906
825,0.05555740144834465
826,0.011844764746868673
827,0.039757927967229344
828,0.1567607213394925
829,0.010639951286206335
830,0.05466823739845335
831,0.02042660941937421
832,0.03991065987293759
833,0.025426841354959668
834,0.09713626071641256
835,0.01539472797875019
836,0.0904673986725904
837,0.01180205854814442
838,0.044064058349207284
839,0.1410872344873377
840,0.06528245167634379
841,0.017025747771670877
842,0.13704632042072337
843,0.02039741557248107
844,0.02368264342950402
845,0.07210120559355432
846,0.0651895370149114
847,0.042207204353548494
848,0.0762063287872142
849,0.028713154741696632
850,0.021354380941559645
851,0.09542278057727942
852,0.0423912562854014
853,0.08318535267786255
854,0.05011796472006735
855,0.08367772982238814
856,0.06285038948104792
857,0.013294996627345347
858,0.09980262178421016
859,0.017724097627441412
860,0.07533337655058057
861,0.05293206391174183
862,0.042792656567198835
863,0.015214064448220526
864,0.07628008085373339
865,0.08575326299016599
866,0.0992598055854289
867,0.042182668467579156
868,0.0934739332547923
869,0.008733985368191102
870,0.10404049902831602
871,0.05259959595735401
872,0.010307645007858107
873,0.08773174309544061
874,0.016592081661117402
875,0.012541315138103108
876,0.10410500780580045
877,0.03054113683794694
878,0.010751660890219079
879,0.1538181707582894
880,0.03803401224842489
881,0.1151429060657752
882,0.07013160491148313
883,0.0776329742176322
884,0.07855266271118652
885,0.04785266398534142
886,0.1567036148702759
887,0.04804263070699915
888,0.031683711055304695
889,0.09654952677375718
890,0.010584897020589927
891,0.09989248494343554
892,0.05030425040482918
893,0.02967612122616959
894,0.08086244007482375
895,0.008576432374717061
896,0.09439595008188306
897,0.018620684917446558
898,0.03396493157263626
899,0.09538749934735954
900,0.011658622561353003
901,0.1306427874031512
902,0.05583241624387998
903,0.013757383709693767
904,0.10697129541508063
905,0.04960390199589799
906,0.014445989139692
907,0.12174069990592325
908,0.05811743065437797
909,0.12970605624285061
910,0.05474800752339595
911,0.034542994153785506
912,0.056629435450174084
913,0.013873696755318509
914,0.09627491530735521
915,0.03988529149191278
916,0.012019046733225519
917,0.16704808407418745
918,0.04141658827629445
919,0.08107230748138532
920,0.06138127973127239
921,0.08597660594656886
922,0.061224829820757165
923,0.02292570081577378
924,0.04355468480790907
925,0.13526604684648708
926,0.05865337083316538
927,0.14891859921293174
928,0.04138628530241225
929,0.01034723922490279
930,0.15576874047089886
931,0.031659053313189967
932,0.10255111839593524
933,0.059698745541679296
934,0.039750756963179444
935,0.12476084102999511
936,0.029367142705325377
937,0.10040025389972654
938,0.02328032717051393
939,0.047695243623143216
940,0.023998284204307815
941,0.026747537630556775
942,0.013687388846372424
943,0.01817332073490889
944,0.025950748204418693
945,0.016093078636295926
946,0.09207769502652524
947,0.0228461860132429
948,0.05057694584272334
949,0.052639775482166126
950,0.07653981484633472
951,0.035211079731152575
952,0.1441646697663764
953,0.05330757589268635
954,0.04231027300217417
955,0.07180255054624882
956,0.023646545164419722
957,0.05096257569707606
958,0.13776602030030197
959,0.06816787239672158
960,0.015650908506688592
961,0.0997092557468015
962,0.1588391341262557
963,0.03484266596434638
964,0.015385251572923558
965,0.07717673751501519
966,0.04506583706810276
967,0.013254244175566211
968,0.024443896301187318
969,0.0579793994807878
970,0.01589864650477374
971,0.01261364100120413
972,0.03442631446855456
973,0.013541438268451802
974,0.05053695387002855
975,0.08819549546955065
976,0.06153594171615323
977,0.04001411842068152
978,0.10949283154621951
979,0.023377036232009322
980,0.06448805227933965
981,0.018979281784931697
982,0.09105680305983271
983,0.048950727893038344
984,0.020046242586856944
985,0.03720563098117184
986,0.05515626419533628
987,0.09145062940836719
988,0.02614486069368188
989,0.13972259046718583
990,0.025323812483394992
991,0.046598865354513866
992,0.029619515640378007
993,0.015842016098713333
994,0.021727851852881112
995,0.013063829468521587
996,0.057539696341126066
997,0.010977646876861872
998,0.05987076959935101
999,0.107571995160313
1000,0.03840475567662324
1001,0.058659244274376715
1002,0.036794534146452944
1003,0.03515442914377883
1004,0.08166943670446074
1005,0.06072263962924475
1006,0.01982344955591919
1007,0.016362944570777034
1008,0.020710410150525257
1009,0.08949159042461312
1010,0.052511930231260454
1011,0.009849624361015281
1012,0.0748426680784765
1013,0.0479316957252168
1014,0.08265844009420811
1015,0.10881456207155234
1016,0.01915896686113128
1017,0.09915332074732872
1018,0.08251152920353429
1019,0.07962156852034588
1020,0.048516301220558646
1021,0.060903108346269164
1022,0.07816562885157319
1023,0.05722683481639889
1024,0.16685039026702198
1025,0.0387499457373568
1026,0.05201664584547397
1027,0.06931508920935474
1028,0.05211261629203542
1029,0.03813197305720278
1030,0.014180391366075639
1031,0.025477085505761145
1032,0.018711818451044054
1033,0.07858912475958782
1034,0.0686802994978269
1035,0.022685358743277505
1036,0.05100795349209907
1037,0.04386449265451299
1038,0.021764164867062476
1039,0.02184972798973824
1040,0.016070286731849695
1041,0.05498355589964149
1042,0.014124731706624311
1043,0.03282374591101748
1044,0.05979563404340654
1045,0.046119613225446096
1046,0.04331853927549399
1047,0.09446415147458961
1048,0.10717458301102245
1049,0.05708864448151378
1050,0.022223071191476696
1051,0.007796450899757581
1052,0.013138418653381558
1053,0.044702788923604915
1054,0.05200231130608818
1055,0.15176457556956402
1056,0.03419503787443523
1057,0.04192872270511267
1058,0.08209492094673296
1059,0.01821493335220116
1060,0.010858678109512262
1061,0.009852778282556453
1062,0.030141115946090428
1063,0.010888995995979667
1064,0.02784379728833832
1065,0.19491528246574974
1066,0.027433727855341032
1067,0.07601278310068746
1068,0.12843706576794367
1069,0.015077513542490248
1070,0.08868975449437427
1071,0.014353898902408358
1072,0.09862035814480989
1073,0.051892017158883995
1074,0.026267437005254884
1075,0.030113810310206383
1076,0.1338273253729617
1077,0.05671196938817976
1078,0.05776141147236753
1079,0.08161261962690602
1080,0.029330125754391263
1081,0.14453881513411507
1082,0.0710788044202997
1083,0.03335764248644255
1084,0.013122642547262078
1085,0.06746726692407277
1086,0.015379074922406779
1087,0.02667715193394544
1088,0.10911242972943994
1089,0.020156329617960166
1090,0.11511212249296207
1091,0.06073809755721521
1092,0.01830765340464454
1093,0.14407650380681863
1094,0.07022235476621634
1095,0.03260295695459317
1096,0.09746367603375147
1097,0.0756351223868699
1098,0.11101122643548049
1099,0.04293463730587638
1100,0.013711303948176944
1101,0.0843837152898396
1102,0.03718694614163911
1103,0.08182038155475459
1104,0.08289086314755609
1105,0.13934460152065378
1106,0.03356039998260567
1107,0.03496211071861537
1108,0.03699661576889748
1109,0.08884835052790313
1110,0.02070008376534796
1111,0.014784600960652159
1112,0.12291706170146752
1113,0.050722087083724034
1114,0.01367512450563977
1115,0.0860975599653497
1116,0.025036713087502067
1117,0.010773581555063444
1118,0.00867903933412579
1119,0.09098830469222224
1120,0.04511636801855727
1121,0.028259697262508928
1122,0.12863779368460768
1123,0.03679784518221005
1124,0.08503497925953628
1125,0.08073278201472697
1126,0.01867927977123664
1127,0.10178720867384773
1128,0.04857694890203058
1129,0.05492533927173879
1130,0.01646208561669828
1131,0.06608437523219181
1132,0.07461087791575183
1133,0.05879092843372952
1134,0.07605238884598257
1135,0.05546329518108947
1136,0.014186949002862326
1137,0.05156913154353446
1138,0.10501716382163845
1139,0.02849221683071047
1140,0.07604386972379411
1141,0.07937247986394733
1142,0.015046997842473922
1143,0.10864021563778944
1144,0.06326393283343046
1145,0.02898334147947803
1146,0.034983221897087566
1147,0.0527185968919093
1148,0.101983095417683
1149,0.1039559602940473
1150,0.03978267878831956
1151,0.060309517493838415
1152,0.051403460392185775
1153,0.04537009558732397
1154,0.03755143211188734
1155,0.046608250535739214
1156,0.13019441816755328
1157,0.03026118346055054
1158,0.03016576021391303
1159,0.20608505597574012
1160,0.024428479604219924
1161,0.12480615139442436
1162,0.07030055274307202
1163,0.08385975983982187
1164,0.0578514488540777
1165,0.03303625177479295
1166,0.032395376578298204
1167,0.028598000092874765
1168,0.013156426759775396
1169,0.08515401963961586
1170,0.07462411282896585
1171,0.014140597522808586
1172,0.11425127401022349
1173,0.03789883036139225
1174,0.023289176052956686
1175,0.05640240499847384
1176,0.010624849588983128
1177,0.028842082979094744
1178,0.013163200500397347
1179,0.023279549480009588
1180,0.07123533214956852
1181,0.017716563342961514
1182,0.03168928229645337
1183,0.01465595554303505
1184,0.02929574663198145
1185,0.14953524133226462
1186,0.018646826682267425
1187,0.10652120208377709
1188,0.06411221941503183
1189,0.028490844969179988
1190,0.032532788478184145
1191,0.008491979274807483
1192,0.017769437768382402
1193,0.013091166660942693
1194,0.047189429485538906
1195,0.023211009859106825
1196,0.06555478863936318
1197,0.05480915208927986
1198,0.10515897617535093
1199,0.06733339962033796
1200,0.0862255059103587
1201,0.05630522267955688
1202,0.02947048069081038
1203,0.10300867983914655
1204,0.07782865283073527
1205,0.06524586857079875
1206,0.08425383137420892
1207,0.02304018995214272
1208,0.11411824283418263
1209,0.06677069866490914
1210,0.1096571067152312
1211,0.0447450802239411
1212,0.01995413953965546
1213,0.018977090474774583
1214,0.05374730099249366
1215,0.053363510160175896
1216,0.020110161409756383
1217,0.12777571507096935
1218,0.019499472790590236
1219,0.060907132790806943
1220,0.02689394994111163
1221,0.13661255114199802
1222,0.04638578267172972
1223,0.026314893976658288
1224,0.10904149271578026
1225,0.023589545204334372
1226,0.01655940804955545
1227,0.05287184821614013
1228,0.13022875813904242
1229,0.03067649764278108
1230,0.06593097392419214
1231,0.09655326387664209
1232,0.025625260268580002
1233,0.08944677491517668
1234,0.04757020370140926
1235,0.011516722039163957
1236,0.05162283731707559
1237,0.06186397171706919
1238,0.028552050621826298
1239,0.06574807417738336
1240,0.03521802517020618
1241,0.14145346174061724
1242,0.005540446246840504
1243,0.03220804230706375
1244,0.11829503042527595
1245,0.048894024946724346
1246,0.08455365086691263
1247,0.08320906971348423
1248,0.019635677854466935
1249,0.044968225755705665
1250,0.022681089838582788
1251,0.14662396583639922
1252,0.03792784822772224
1253,0.09295304222848003
1254,0.06261970992175994
1255,0.042225561846572855
1256,0.04591291096614796
1257,0.033569286895200584
1258,0.05489466781805636
1259,0.052563480031500714
1260,0.007487519765844736
1261,0.018925690901344126
1262,0.11717107356695956
1263,0.014847895519002646
1264,0.009307845239611607
1265,0.04401652165290722
1266,0.03587422457906088
1267,0.17555659855094216
1268,0.027472239378413747
1269,0.01470015572486447
1270,0.12221236287182119
1271,0.011663385350241515
1272,0.07659921340059092
1273,0.05094095870275825
1274,0.02266683730230664
1275,0.03030616334802396
1276,0.045380040464876155
1277,0.010141664001845907
1278,0.019889033346416184
1279,0.05700901366405428
1280,0.006990216828834057
1281,0.04162808614650578
1282,0.08703626372610751
1283,0.006550741862006902
1284,0.05882606688227675
1285,0.07135446723009806
1286,0.05220744048784141
1287,0.04993784115499376
1288,0.09411311092427192
1289,0.043940552767477416
1290,0.006302472525441337
1291,0.0952734421948119
1292,0.04881032291483615
1293,0.059731103807355496
1294,0.10805510428550658
1295,0.06794904495784733
1296,0.16300646919166084
1297,0.01970166779650268
1298,0.03920876976468116
1299,0.04686613277560134
1300,0.039198699812498586
1301,0.01233590620004917
1302,0.07814342673850028
1303,0.02592712871887418
1304,0.11408411271269545
1305,0.023494017844869916
1306,0.007760191248063339
1307,0.09967073831504214
1308,0.04969337817760106
1309,0.04090072189765904
1310,0.03960538304134372
1311,0.046180940979377486
1312,0.019507529715985735
1313,0.021620603595848685
1314,0.027709260597920417
1315,0.03785303171999391
1316,0.040271585110398175
1317,0.09127622025457904
1318,0.03315148422478906
1319,0.022658220697832496
1320,0.08353091887092187
1321,0.035058786761134525
1322,0.10536159682576522
1323,0.038145845818453
1324,0.09141161105095734
1325,0.047347494422892746
1326,0.019021352736690887
1327,0.031154552881900714
1328,0.0658942039381237
1329,0.041251605427019854
1330,0.013006279222050193
1331,0.04151910113011981
1332,0.010450021154097272
1333,0.0161634484702638
1334,0.03247245099247743
1335,0.06128648356721021
1336,0.09486120217914518
1337,0.02981434285588835
1338,0.008692150464750381
1339,0.0885788726669238
1340,0.04769396732069059
1341,0.007141778439300123
1342,0.008513318844603825
1343,0.04114993392307798
1344,0.01499302079678167
1345,0.013337599395973933
1346,0.013896875015101421
1347,0.016537201524885352
1348,0.00811315598477951
1349,0.06909188291038092
1350,0.03510048105090355
1351,0.04064998782057388
1352,0.06738205890621972
1353,0.006777112748319491
1354,0.07837299063373898
1355,0.006155335042828763
1356,0.09408111014667889
1357,0.005533164600647158
1358,0.08884368505463323
1359,0.03699624152404819
1360,0.11857115572655602
1361,0.018309375768024442
1362,0.06511588813635721
1363,0.011453552182946993
1364,0.04421516904534109
1365,0.039573760929737474
1366,0.03869624847173931
1367,0.06449362269130324
1368,0.023606255610776453
1369,0.03269815305654956
1370,0.10840986982580093
1371,0.009767914793728948
1372,0.06250008886932909
1373,0.07943504206917121
1374,0.10049239607920957
1375,0.025878187402165555
1376,0.034806909467452775
1377,0.10539004465669591
1378,0.028470771743736332
1379,0.007299244677073953
1380,0.0193821294649009
1381,0.007833731362739255
1382,0.0861346535678341
1383,0.05616770177988284
1384,0.0432445701844837
1385,0.01631649087606283
1386,0.059209891934702275
1387,0.022843931914478557
1388,0.012314000248105958
1389,0.10261395990333226
1390,0.0387409619835484
1391,0.03999433456478315
1392,0.01558511981024148
1393,0.07242132114720273
1394,0.05131292660187571
1395,0.09837991854842817
1396,0.048304816469585815
1397,0.01569749559642694
1398,0.05456547732808517
1399,0.11296607914980834
1400,0.02836905491573135
1401,0.032556957383765246
1402,0.10420445586452005
1403,0.03424564136036398
1404,0.10781186276279867
1405,0.021216852872100365
1406,0.01377551902701214
1407,0.1038170627336785
1408,0.016189539980145187
1409,0.07650250237533356
1410,0.07470219016975335
1411,0.04987410622357096
1412,0.07175965365885505
1413,0.04845419271354419
1414,0.014743848522898645
1415,0.11374190703092273
1416,0.03621761341379692
1417,0.061133980733091904
1418,0.060177706346048694
1419,0.014943698452371323
1420,0.033797857566830423
1421,0.06190920870671428
1422,0.038790261181833624
1423,0.02143240990343391
1424,0.06640201405557938
1425,0.04286540154504205
1426,0.007570657819336927
1427,0.08028403425832188
1428,0.03431168813448641
1429,0.05094610260119208
1430,0.06034714355467397
1431,0.008978738219324621
1432,0.10463372205838486
1433,0.05156288891621821
1434,0.06856764781077097
1435,0.04473887986464198
1436,0.016108041833125326
1437,0.03668327477078485
1438,0.03377658505062894
1439,0.03155615971910686
1440,0.01730922457471065
1441,0.012456341279830163
1442,0.05295443135639184
1443,0.017467909803641574
1444,0.04406472641453868
1445,0.06680564860937002
1446,0.033742271457858304
1447,0.18211274385431517
1448,0.0213106812305779
1449,0.07711079384401102
1450,0.07449220670974076
1451,0.028705555156710257
1452,0.05051582746931589
1453,0.07877403965328056
1454,0.05439878677103775
1455,0.12433448908487582
1456,0.041819588075301346
1457,0.13505677467369867
1458,0.050716403450983695
1459,0.07688583524785751
1460,0.04756872305686657
1461,0.06939131636436723
1462,0.0639098164973357
1463,0.033449374020964685
1464,0.16056418815649962
1465,0.0245664729892435
1466,0.02014487115815348
1467,0.08947432315604528
1468,0.01799248633111412
1469,0.08583679994386789
1470,0.031981235858505465
1471,0.030975847273283348
1472,0.06647543781997879
1473,0.010089817269032207
1474,0.06753676533263793
1475,0.07680336472616389
1476,0.00895169577149459
1477,0.10809447884044467
1478,0.02545555407922905
1479,0.0155853370113084
1480,0.10950995246752773
1481,0.010784648128453905
1482,0.03362561914714768
1483,0.01464580539903569
1484,0.013345496923585868
1485,0.06891842299120943
1486,0.04426306602701278
1487,0.03790668058707794
1488,0.021284227161280804
1489,0.011823878555260165
1490,0.03705747281775565
1491,0.022595558844167748
1492,0.11541925488297942
1493,0.01590752109710126
1494,0.051176671062190586
1495,0.05243907717368484
1496,0.008737451142159382
1497,0.021308644017076585
1498,0.05331254611484058
1499,0.054297640486038225
0,0.0552611503272993
1,0.053354145212469985
2,0.075976458676746
3,0.0822490393289748
4,0.17717377866873882
5,0.11176343403780391
6,0.03769699916930838
7,0.30137328661285356
8,0.10269906102579289
9,0.1457273568099249
10,0.10360502284024702
11,0.0924493601419224
12,0.20139062235976357
13,0.12509527409653995
14,0.042336670374087726
15,0.24468090962515734
16,0.07591068038723443
17,0.06297591920987668
18,0.3893601523938901
19,0.07576364342136356
20,0.2680118031522279
21,0.15769170917713812
22,0.12021712892448866
23,0.1347725937902123
24,0.17427836440780256
25,0.30175313580949076
26,0.05853092364225752
27,0.09179636476314121
28,0.23089325223876614
29,0.03541324807249279
30,0.1939250810452398
31,0.1274727780978338
32,0.04134917134420115
33,0.0789581968371202
34,0.19555085578045073
35,0.1319872547162314
36,0.11144152663525345
37,0.138550685803511
38,0.11453635251896944
39,0.10459175868040202
40,0.09205848217673493
41,0.0884588402519742
42,0.06628746913059136
43,0.11110252697697247
44,0.0946113990068283
45,0.07506329045920243
46,0.05743839522097912
47,0.18478527021821436
48,0.12786735053097445
49,0.1501428552523291
50,0.11893045871469998
51,0.06114460005935707
52,0.18837160745253606
53,0.0888278465129423
54,0.2295566485148857
55,0.09647373307474306
56,0.10067107531712251
57,0.08198890877735622
58,0.07298024910628595
59,0.037597829166684985
60,0.09510334443959255
61,0.08503969855126764
62,0.04222298080118478
63,0.06632453977529586
64,0.12182423825546178
65,0.0448221104736255
66,0.2088890446119563
67,0.07928414815782701
68,0.06476319763305527
69,0.05508784074685517
70,0.12713412109510075
71,0.10340981310925858
72,0.08293553685858601
73,0.07139624042709046
74,0.09500945659694453
75,0.11822077646278054
76,0.11919800205344172
77,0.1123197513934444
78,0.14095317402975396
79,0.13064287128630048
80,0.09267766633753517
81,0.09034967860918085
82,0.08250633784203915
83,0.1399008423455563
84,0.15946120937167096
85,0.04719686666843688
86,0.1811941629323186
87,0.0948338846403113
88,0.12393979704313787
89,0.12551504365272526
90,0.04810351478208099
91,0.09568463838188628
92,0.12157052472621303
93,0.11453318738156486
94,0.11987845551913738
95,0.10982441398388242
96,0.03868128529622102
97,0.12480454658425953
98,0.1113372919533422
99,0.08406908621508012
100,0.16005768601702533
101,0.06317492394218754
102,0.0645098016456416
103,0.11667630832585556
104,0.0638038167263722
105,0.047136856821141306
106,0.051738605153282186
107,0.15624701474667904
108,0.15207215299185267
109,0.10684505192650433
110,0.10625148636084959
111,0.043354782329659766
112,0.10598927081356208
113,0.06375880626145582
114,0.053954469360045255
115,0.09514798385360823
116,0.05406218121517355
117,0.10016900301121837
118,0.10265653804490976
119,0.08931875555731528
120,0.10621421803228273
121,0.07821360360303733
122,0.15033409417461352
123,0.05868377282927886
124,0.09326879444639015
125,0.07615233961401736
126,0.053579850710195207
127,0.06341377466374684
128,0.08317282386925849
129,0.06369284010116241
130,0.07150709469921741
131,0.05751132319832898
132,0.11133859171857198
133,0.13419713531794858
134,0.0660267460510032
135,0.1548664440717487
136,0.12746688845419843
137,0.044031542832575106
138,0.12081079413331768
139,0.16782941966267972
140,0.059826997457960496
141,0.1378901586869342
142,0.11902326135214103
143,0.16319283403317572
144,0.09331293710462378
145,0.06729014736673537
146,0.1403025892527371
147,0.06049660639749763
148,0.07099301561153082
149,0.04849105142703124
150,0.12157973007332946
151,0.08004632538417936
152,0.0931608917419017
153,0.15397809225948458
154,0.05388804215455109
155,0.14010408639523503
156,0.14302392722876406
157,0.11951449140871169
158,0.08056924592809375
159,0.09006484745484546
160,0.07926154912577245
161,0.13450283607764243
162,0.04871248329327543
163,0.10256222464775451
164,0.14588321709771895
165,0.06470762263369616
166,0.101064449786305
167,0.1592738125706204
168,0.10094514623531067
169,0.173178827993044
170,0.11842916602574928
171,0.08087309701679522
172,0.11065689355098864
173,0.06519520907056744
174,0.07513618229263566
175,0.07045159628876431
176,0.08990048136949538
177,0.10080648665758474
178,0.14010168991196942
179,0.22232681366557894
180,0.09073477758889001
181,0.0624316622939944
182,0.14687673445886712
183,0.07034360150951592
184,0.07363995395230948
185,0.1372974349206733
186,0.09098205836175621
187,0.0839458312984405
188,0.10220822777558838
189,0.050615473747386897
190,0.10823316233694186
191,0.06024007294029867
192,0.0593423325729337
193,0.057899294002532
194,0.0543832179813503
195,0.07095371930580009
196,0.05405231385563669
197,0.07129127182254258
198,0.07399109016546725
199,0.05480095800775881
200,0.09922326776858763
201,0.10639736581140359
202,0.1526393848706904
203,0.05488205965189983
204,0.06605659529090716
205,0.13990277430483242
206,0.16030752302046866
207,0.07387325481250992
208,0.10713530832806308
209,0.17313084195124087
210,0.15667550171742828
211,0.13335861502669624
212,0.1356047992446269
213,0.06563351630133596
214,0.08198881321916276
215,0.11647207158330969
216,0.1501716267639308
217,0.14425178103132485
218,0.10987515876566938
219,0.13886351231328864
220,0.14514161985387491
221,0.06476632557637647
222,0.0978475613589847
223,0.18513807714924366
224,0.15417357620210886
225,0.16167266368046018
226,0.14195504451089486
227,0.17136249926265668
228,0.06043674839800324
229,0.13619438769776285
230,0.12320609476999611
231,0.04854947944044184
232,0.07097717438543366
233,0.06060986886772507
234,0.11516595552382651
235,0.08247836772796996
236,0.16177268749925705
237,0.10860172465817136
238,0.17597624628155403
239,0.12997931674549093
240,0.07228959555331116
241,0.14095227158683837
242,0.11001027203517474
243,0.09141333551607127
244,0.17045017310627028
245,0.1246046309686363
246,0.13694090146561147
247,0.07809764289887246
248,0.067322194837081
249,0.17367484023063595
250,0.059880675088759085
251,0.11532139842686165
252,0.06813526709944408
253,0.07637137460218064
254,0.07126187865410609
255,0.09754256876267202
256,0.07327205496323091
257,0.06759395560693945
258,0.11950346496534749
259,0.0795236631847578
260,0.0512029142775167
261,0.07553971840272784
262,0.06381555371102338
263,0.05286329117767609
264,0.06212109836639129
265,0.08467081612885262
266,0.06041502538897306
267,0.052336947738334264
268,0.07080117545545786
269,0.07356735478632817
270,0.06483566806776773
271,0.09667850251137254
272,0.12691935727190373
273,0.06215028171827283
274,0.18352570315119118
275,0.11486799211605443
276,0.06705854443681296
277,0.13989832272964955
278,0.07288054895720054
279,0.1973277156685684
280,0.11472907633994389
281,0.09171075893941441
282,0.1255667963872823
283,0.13138406442462702
284,0.0742621260957955
285,0.13458819357487944
286,0.12276688441434958
287,0.04527468145377935
288,0.08915966347208373
289,0.12194253186219699
290,0.0642017958210924
291,0.12221123589285403
292,0.14106548580437114
293,0.04619473181848047
294,0.0839334037130184
295,0.08891492511858387
296,0.06728492773048836
297,0.0944613304739819
298,0.1313238624135246
299,0.08140564705217898
300,0.11858353461468008
301,0.12554914729791933
302,0.041089337793125444
303,0.1061291283395752
304,0.16570034685811522
305,0.11453678880568569
306,0.1816702693640006
307,0.17607279378197285
308,0.05577871575228137
309,0.13775802452683641
310,0.1394665974003333
311,0.04200742254498639
312,0.1802427241756316
313,0.09349175995393966
314,0.10600185823806418
315,0.10613246700174037
316,0.08308833046093182
317,0.07647329975692405
318,0.043346214415744974
319,0.07620022126114365
320,0.07493718665157448
321,0.0503506723989947
322,0.08175413766697226
323,0.04106300917293224
324,0.04267234345939819
325,0.08441572381780704
326,0.04273061931050216
327,0.04914546594499955
328,0.045877010058810196
329,0.04226764137062152
330,0.0407010358812673
331,0.08916416684293167
332,0.04528425627162562
333,0.05752089931534934
334,0.057665651813520666
335,0.05877583405839675
336,0.04623515136657505
337,0.05741599935046437
338,0.048864595409993127
339,0.06782890582897594
340,0.04631827224212171
341,0.08934183259808191
342,0.13176206919807196
343,0.06377622780294152
344,0.06996240374896912
345,0.16258220395232337
346,0.03690556902429889
347,0.03833794321372201
348,0.12679091921052196
349,0.09767328118778415
350,0.049544462075538954
351,0.11199837122732324
352,0.10214031383540317
353,0.04855728029566097
354,0.10714365243813093
355,0.05567057305721757
356,0.07713693202182596
357,0.04314975877895607
358,0.0749223078459139
359,0.18156564712298603
360,0.055819538722681944
361,0.06258674941914931
362,0.15496069583722458
363,0.045577451653394094
364,0.05456580912795181
365,0.0849248674348311
366,0.11948072388461235
367,0.07161453913597633
368,0.037255461250586305
369,0.07002195428437924
370,0.09214750680309457
371,0.03314356325208101
372,0.04222364087659869
373,0.15013644811157292
374,0.033056976653745115
375,0.030762256337924784
376,0.061310547462125144
377,0.048839918336560526
378,0.09392956286301346
379,0.05188816178431591
380,0.14081876116642672
381,0.05517794146762667
382,0.04898750979098063
383,0.18944486112700998
384,0.04345569067221247
385,0.0758548646290761
386,0.0800113216515609
387,0.04747150849921702
388,0.08809160620427915
389,0.04336910853932844
390,0.0411656804574592
391,0.08090257996651709
392,0.04295781340269448
393,0.08060541145439779
394,0.0569461864732678
395,0.15681026939137746
396,0.09161324238595607
397,0.044557154699456786
398,0.19267438720297558
399,0.06740540983215661
400,0.06906615193541828
401,0.13341617279625034
402,0.07432563158568663
403,0.036798742197293136
404,0.06552681390476485
405,0.10017285692880744
406,0.061041115240350635
407,0.11674580068934806
408,0.12102896048420343
409,0.04657737184361172
410,0.2313679571074778
411,0.15143697565924213
412,0.1221343775663684
413,0.1610274677812375
414,0.09731273746209618
415,0.15400856690400413
416,0.13555641487049105
417,0.10983860111876566
418,0.12294854980201617
419,0.09486681165471146
420,0.05025181439827476
421,0.06791277937505236
422,0.03180273318890765
423,0.04902859097331559
424,0.14019593605226702
425,0.06990327732799004
426,0.11686437694939945
427,0.09514395865643636
428,0.0448092114470783
429,0.10285348899422743
430,0.08338147521680035
431,0.04407757537465226
432,0.14018738145321044
433,0.06199818923795669
434,0.031667761741421475
435,0.05210599102542324
436,0.02863336050297536
437,0.04865823132581608
438,0.03007129698283555
439,0.029772883690340937
440,0.024061912118440533
441,0.11887028785524838
442,0.025671537307306563
443,0.04113653061001722
444,0.02524348278996749
445,0.09742482472756678
446,0.028734080891391813
447,0.07949305320763658
448,0.03357744167516024
449,0.05609866613509858
450,0.0675336892118869
451,0.045262481645367
452,0.10021670461404572
453,0.0673711918986005
454,0.13456119873346326
455,0.060567061655803375
456,0.030609757351886344
457,0.08539030046925644
458,0.09394793574932231
459,0.05267969989725236
460,0.0952870969763547
461,0.16452962850903588
462,0.03906587762888901
463,0.14191103519544576
464,0.08680223561360495
465,0.10993597840051693
466,0.08465348886362925
467,0.10087520536549648
468,0.02721499377310268
469,0.0632169309403981
470,0.03884130003423852
471,0.10060111836262338
472,0.06713367634740695
473,0.024764503093869617
474,0.05277029466753954
475,0.023616371213203365
476,0.037815376274621976
477,0.03663729549872307
478,0.04471317579305245
479,0.030897722060059994
480,0.043560863190381154
481,0.03961039525205274
482,0.07280706267887335
483,0.09066247274330423
484,0.028329571859679614
485,0.06306532697097154
486,0.03630236322237766
487,0.2199237952150066
488,0.05948382212618511
489,0.12062929050456193
490,0.19628985001139818
491,0.022045460148451063
492,0.17083836173046235
493,0.08942594862944198
494,0.19387160982479285
495,0.040562653829471364
496,0.03684123666831192
497,0.029743184435714293
498,0.03692699410994311
499,0.06747144129771646
500,0.07440862903929907
501,0.19904926275788715
502,0.05988411832037423
503,0.08044230717649496
504,0.03071583919546578
505,0.05817996532914674
506,0.09759876071164328
507,0.028402051018290898
508,0.12297743295160062
509,0.1119630934905887
510,0.08104408154662213
511,0.06259973773055554
512,0.13233262545990152
513,0.033779608032246326
514,0.18052178891005996
515,0.1151777383360876
516,0.0897038161022339
517,0.09374108456694685
518,0.03463128588057188
519,0.14157206025424543
520,0.1307419720502228
521,0.08408778873673803
522,0.10835357228442415
523,0.036822575063978874
524,0.021770351831062604
525,0.07523218092332329
526,0.050949190411270065
527,0.0936794276520504
528,0.05246093780922435
529,0.09678375525584895
530,0.04716738515120912
531,0.04997504526777596
532,0.08712445880144606
533,0.14922399410660475
534,0.20376019242668703
535,0.07214016839032752
536,0.19693427587861195
537,0.10265758206082062
538,0.054390513067938684
539,0.1579842886486636
540,0.0668413387920862
541,0.16735793402189725
542,0.0551816613421669
543,0.0607482657112843
544,0.01662557338515939
545,0.023385206320941945
546,0.07548211747324604
547,0.09853019603109156
548,0.02035736235163332
549,0.09918421074058574
550,0.09634580447184489
551,0.10499564496115722
552,0.06894239250860743
553,0.02040059201674373
554,0.11498565525541798
555,0.08483988343140979
556,0.12435718148875864
557,0.07713415830238303
558,0.0935100126583082
559,0.07077444492215741
560,0.08000569333036509
561,0.11074192018191575
562,0.03369322329780065
563,0.1042264065278697
564,0.034704518056384276
565,0.18202135325823468
566,0.04115160942353261
567,0.06705767713791883
568,0.14145859335644997
569,0.04548618289016394
570,0.22152808540781074
571,0.07165415351538848
572,0.018424094009359075
573,0.12106122122885203
574,0.06702129001224057
575,0.025955392354682028
576,0.04910813391644118
577,0.13981841281109028
578,0.20448658475801595
579,0.040743880518599944
580,0.10582096730544409
581,0.06484386426536334
582,0.05164902487494444
583,0.012672477279706416
584,0.12973727171614782
585,0.09451331874382138
586,0.030814307840913876
587,0.07415454104258486
588,0.08801963393885696
589,0.0412534210612337
590,0.0641520857654318
591,0.05480525293151603
592,0.011704799935555125
593,0.1217488123832692
594,0.034365642745166056
595,0.09470009570909804
596,0.11687472834874195
597,0.07544997786555564
598,0.05206883293196822
599,0.06615523708299317
600,0.2382335058761721
601,0.035413672683188596
602,0.020568605894540987
603,0.07751458287297028
604,0.04290805341742669
605,0.12299664396352464
606,0.02153907141551233
607,0.018875800926992974
608,0.0973180070579919
609,0.05366525423852902
610,0.08200826202721273
611,0.10397137230307293
612,0.061204651020626534
613,0.3363041579218349
614,0.07876585578453675
615,0.09392585927489784
616,0.1346597068412469
617,0.07638703862036392
618,0.07104852675205942
619,0.031778644113898545
620,0.03948160130140336
621,0.0816217722867319
622,0.01977602247672495
623,0.04498522216711957
624,0.13497511766015022
625,0.05791023289530715
626,0.18597175222076456
627,0.0615754929208871
628,0.0782359864579959
629,0.18219925017839864
630,0.014586363259169862
631,0.15694862410368252
632,0.09372737659556762
633,0.19504571276761834
634,0.06488569229069738
635,0.0483052715948421
636,0.16605099126541495
637,0.011373252296435439
638,0.05521123321539145
639,0.10683035585114703
640,0.009722832461269508
641,0.14245627863145188
642,0.03399239690582509
643,0.011844575043868783
644,0.07206617220899597
645,0.00750484786835045
646,0.09619330989144832
647,0.04610411035869378
648,0.08875071372159964
649,0.016003860687641706
650,0.11686861393474424
651,0.07556520824101565
652,0.02148481736973234
653,0.2070259935382894
654,0.058803464891406046
655,0.02118117866467715
656,0.16643413373905855
657,0.05377876344791009
658,0.008726021556223639
659,0.10153070313481498
660,0.08442967810392163
661,0.05591337398564019
662,0.04639622842845929
663,0.09924990591841369
664,0.06619584505511081
665,0.09122575631393998
666,0.08070518589533121
667,0.0651116392199281
668,0.009872620283563682
669,0.13594351916665567
670,0.0881376251886037
671,0.2401520135994288
672,0.04025485802505085
673,0.04077159362384639
674,0.012964062145074092
675,0.08010544636311515
676,0.03671529582218053
677,0.08654362608041276
678,0.11629086205144608
679,0.08434707757615201
680,0.1671380054170529
681,0.09640299431003116
682,0.06929795193012293
683,0.22160045772632211
684,0.050895051077277736
685,0.020494731326918977
686,0.2887453487631736
687,0.047310394250160516
688,0.12408021059804078
689,0.17116990251966646
690,0.05860881146050135
691,0.08217703903310329
692,0.1666077684198935
693,0.08964479704419731
694,0.040166040638596454
695,0.08516562746931651
696,0.09918959305840667
697,0.05133532840601189
698,0.1443805089035969
699,0.12324081695229006
700,0.12861498463127738
701,0.06956417134589356
702,0.19430220302990558
703,0.022569588421490573
704,0.1448721078016848
705,0.07703113808783307
706,0.07679094290031933
707,0.1171599983376264
708,0.09015559194779244
709,0.028530466917707633
710,0.16744851249170414
711,0.061005339629766786
712,0.22893269035242347
713,0.06997449750912829
714,0.13748457294203215
715,0.07123456210829177
716,0.019771601862661442
717,0.08813270727293653
718,0.1345748822903941
719,0.10496087612568163
720,0.045751520175299376
721,0.01564450823529965
722,0.016680676158330267
723,0.059730915902458596
724,0.10146791430520581
725,0.13101771311599256
726,0.07985308299101257
727,0.0571112459485197
728,0.08226487275860093
729,0.09315489662959249
730,0.05853009120665643
731,0.16729309504195863
732,0.04801523338161754
733,0.04522628335859299
734,0.11413208730297279
735,0.09651511827103956
736,0.01807247290323658
737,0.17332428796617305
738,0.05491288779660355
739,0.010156419179606198
740,0.19811976333233747
741,0.05164016819180112
742,0.04107991514819727
743,0.08629310473599153
744,0.022481200243863377
745,0.18678333113964832
746,0.03241425048843101
747,0.047371380725277405
748,0.08750064008773417
749,0.0198403122283461
750,0.02177285347057827
751,0.011234882716552699
752,0.008140544572767291
753,0.008555265168779616
754,0.07743663833665397
755,0.029995217095524874
756,0.058713214274465284
757,0.08848574116206712
758,0.04939380152641495
759,0.028443606122483898
760,0.07906387931574664
761,0.02414680423701671
762,0.0955660213647488
763,0.09443363571287987
764,0.023252999080356516
765,0.05464147640148544
766,0.05137331358523393
767,0.17033957810269376
768,0.013285402617723844
769,0.014557619143590531
770,0.04171719547065693
771,0.04716207233796333
772,0.04961061563980104
773,0.0793764676673595
774,0.011295650044514119
775,0.12957985060495594
776,0.04026567515308762
777,0.10061278832699873
778,0.011358809729029758
779,0.031588074818961226
780,0.02209360740431086
781,0.009361996281300463
782,0.11096279633528101
783,0.015116842638713665
784,0.02021654445373073
785,0.0346322906533198
786,0.09441105578584036
787,0.030509822915748355
788,0.08141670130053637
789,0.07405432480914964
790,0.05743650084941678
791,0.15898324703240355
792,0.03882771207819583
793,0.036199517018210135
794,0.1667265610504624
795,0.09369293320072195
796,0.10682869067097586
797,0.013964002517291681
798,0.19565123172177892
799,0.11108501241172883
800,0.05063188296326413
801,0.1726939346073799
802,0.08526347360166261
803,0.17466686602907125
804,0.07395706691006428
805,0.011719455790496764
806,0.011172033721921156
807,0.11531700874433114
808,0.019712895990136623
809,0.043810476006498615
810,0.053599019872543036
811,0.10481768313962062
812,0.06065238782839781
813,0.05178226493792199
814,0.1471868713586983
815,0.0593156989045527
816,0.053315358761161925
817,0.1587822448018741
818,0.05406362064206305
819,0.12278013774827022
820,0.09997641555506598
821,0.012103084368215165
822,0.18015885108145385
823,0.07729808727102774
824,0.009817006903685626
825,0.16798401874914892
826,0.09079700486996282
827,0.1911737025238232
828,0.08335604007626322
829,0.1564584656324099
830,0.10563646014071046
831,0.07161228412520629
832,0.12847730010702454
833,0.09580488074485935
834,0.13844535379281045
835,0.03951677895652108
836,0.04227638467549375
837,0.042477425775199175
838,0.12645620187760806
839,0.17448058834042485
840,0.046997394096177876
841,0.09442044523454136
842,0.09519923929101126
843,0.07482687585051674
844,0.09420526269129
845,0.1303154295795691
846,0.03166704486181408
847,0.19708366786803422
848,0.07507892981954123
849,0.061113467519433695
850,0.017225523986107966
851,0.10283422703346555
852,0.01790248692921161
853,0.02124951124965539
854,0.10438580245161082
855,0.09476467892579556
856,0.054440712695969264
857,0.02662357085278149
858,0.047236131627573966
859,0.047310884598537356
860,0.122380598018375
861,0.09680513187943211
862,0.07678572257418162
863,0.06758662013653878
864,0.1246482686757525
865,0.08879460052777406
866,0.01842935350140866
867,0.09734949113648905
868,0.1106208292212118
869,0.06216956586076665
870,0.13173740583307603
871,0.07534210850197508
872,0.013184556431720649
873,0.05406542163390843
874,0.03354428643059057
875,0.03915971895789145
876,0.033774523785863333
877,0.010584086121831105
878,0.027039486776276687
879,0.014949025623301316
880,0.10690428469062217
881,0.1003945941162715
882,0.06487107932310948
883,0.13469422618245175
884,0.08062389385136441
885,0.050541628938663985
886,0.1177818518101471
887,0.10687499861696609
888,0.08180161374713449
889,0.07693328330322717
890,0.09223075253080593
891,0.16787131676487924
892,0.045272685996192344
893,0.020067515080912885
894,0.05993137783992014
895,0.08535390244048251
896,0.02120364130788989
897,0.11032643628107983
898,0.010957821039465241
899,0.09530280409385329
900,0.11242438609661479
901,0.016947865079415488
902,0.11037702132318492
903,0.07770744321766926
904,0.024641214152396576
905,0.146737480609468
906,0.020798085578771712
907,0.07170867475621737
908,0.09070238061586505
909,0.12480021650023895
910,0.04900421836920739
911,0.08989536084804335
912,0.07755877395435444
913,0.02211906931995004
914,0.11248855123514598
915,0.10006559142830503
916,0.009689945728876381
917,0.16395776565383732
918,0.06496708485848746
919,0.04305507882925757
920,0.10838197298716343
921,0.03257770621343235
922,0.04726313839853313
923,0.219991375798664
924,0.053379235311905165
925,0.13603575759238273
926,0.07750563696046173
927,0.03712816981498327
928,0.018256244732341602
929,0.1703852505909789
930,0.022964273651448576
931,0.05800607421634929
932,0.10018375172763154
933,0.08886212676444502
934,0.14116814921042617
935,0.0310525852709655
936,0.035801274942122825
937,0.09779582542279058
938,0.09335366439161374
939,0.09071450443482795
940,0.060224140597845484
941,0.1678927214718815
942,0.05248499190778058
943,0.14050918758269887
944,0.09509753676260234
945,0.014781041653648526
946,0.15293664774832547
947,0.09257010870186255
948,0.03127072399559908
949,0.11845924358622731
950,0.086536966182619
951,0.012585142534068066
952,0.15062699362522228
953,0.09347776119500747
954,0.008378717142257753
955,0.12430264290592909
956,0.0315769847242574
957,0.06148714776590236
958,0.13899576530941185
959,0.04889192110332263
960,0.0625138759140836
961,0.10328414420726706
962,0.13210945663000592
963,0.08269856360906631
964,0.02264905384282418
965,0.08693511306135097
966,0.11235786433431834
967,0.05010626353616253
968,0.023392011022223165
969,0.1721403163147509
970,0.022894033911853403
971,0.03393900362294238
972,0.13433674051640726
973,0.03372575397534656
974,0.06267406495236874
975,0.1101853460704223
976,0.08037542601602865
977,0.043865773897397674
978,0.206153149464719
979,0.03304112804494518
980,0.011514246433677197
981,0.0238909463830388
982,0.01500510569309765
983,0.09830558451353524
984,0.03754253508376214
985,0.017217188814118687
986,0.02502869891979567
987,0.07269591724893537
988,0.10107474587648198
989,0.009692347129244725
990,0.07810702261934976
991,0.07456392730219291
992,0.01877870456007064
993,0.07530292578555331
994,0.10619805010981365
995,0.059339147818877856
996,0.09654182919865151
997,0.03385775176911622
998,0.0886024401730759
999,0.09078056051609265
1000,0.01107006419775039
1001,0.07590455496666683
1002,0.0895886639327287
1003,0.024754352247538164
1004,0.1007935771322144
1005,0.07791307025100314
1006,0.02088146828920706
1007,0.02558487092395001
1008,0.04200303140746026
1009,0.09485996794616872
1010,0.017379650231430763
1011,0.04485488919188914
1012,0.061989794288283724
1013,0.11518645730895612
1014,0.05017499666073963
1015,0.16158524053537776
1016,0.08327145014136403
1017,0.04776353802062131
1018,0.06175122491511172
1019,0.043955161324041925
1020,0.07928286669847552
1021,0.014014060770272238
1022,0.09620949149358463
1023,0.06762443919395524
1024,0.01188641063945391
1025,0.03878131278470451
1026,0.0495278338762383
1027,0.023365029427934787
1028,0.01583588324954791
1029,0.025923971716277163
1030,0.05826127083073409
1031,0.03974627391544694
1032,0.006899005219813064
1033,0.13205854606577447
1034,0.06062568194095767
1035,0.00818630105286718
1036,0.1310821473751952
1037,0.033422273066975844
1038,0.05281079586391651
1039,0.056445504043796564
1040,0.04138873472504756
1041,0.06814338308232014
1042,0.03525946157442447
1043,0.049192972212059746
1044,0.08488055296047686
1045,0.09408368013889042
1046,0.05326516556436946
1047,0.24790046594367196
1048,0.03049604534497235
1049,0.03395305908661195
1050,0.09466440900354375
1051,0.025445498883663327
1052,0.04463605394869808
1053,0.05055317077885765
1054,0.06485126754066395
1055,0.05731180330687976
1056,0.06537906165820877
1057,0.031268918375028834
1058,0.02025752669477608
1059,0.014242283836901959
1060,0.07510587005988467
1061,0.0854575307241593
1062,0.009074030185123675
1063,0.02681435625172259
1064,0.1679677777712793
1065,0.018913987900916966
1066,0.13955715302402188
1067,0.08529542377113868
1068,0.029062999007936196
1069,0.04176301106952047
1070,0.05581553167636459
1071,0.08533225450297274
1072,0.07948367880181627
1073,0.010757735396076601
1074,0.08061330920772942
1075,0.08513461248126927
1076,0.0149009310737869
1077,0.061941758559378675
1078,0.10625714946911569
1079,0.020630117360787098
1080,0.05461810775773111
1081,0.12600283389827274
1082,0.06797197474013633
1083,0.017442026508204925
1084,0.01096433198091775
1085,0.0183391761381427
1086,0.017598399393622323
1087,0.008419463850302759
1088,0.01694042073692754
1089,0.05258955059464139
1090,0.07551902671641862
1091,0.024830924546801567
1092,0.20960560314675225
1093,0.04595158543663486
1094,0.08296712794793726
1095,0.12836534409829295
1096,0.006739338654505858
1097,0.11342893046207461
1098,0.08652442259360994
1099,0.04392457114573906
1100,0.038229506422607105
1101,0.12452059604939011
1102,0.08831653833169306
1103,0.07029944574158538
1104,0.06390018098999954
1105,0.048101171865963646
1106,0.008622921584784086
1107,0.11788828354923464
1108,0.062987952515746
1109,0.006269565615779725
1110,0.14610495974500287
1111,0.03860757472322714
1112,0.024762850036525494
1113,0.1209753073313191
1114,0.021637366608365488
1115,0.06330771606918634
1116,0.10441290045698666
1117,0.0886662418639803
1118,0.1649673253667817
1119,0.05268484059518331
1120,0.023734946983526083
1121,0.10684551870276719
1122,0.09893545129448507
1123,0.15823315194576332
1124,0.020756360229088038
1125,0.14592913935499852
1126,0.03420701846387093
1127,0.03316288995194107
1129,0.07663249208353574
1130,0.1506348981403216
1131,0.0855339514009712
1132,0.04648671611906917
1133,0.06808592735977706
1134,0.011591307711649816
1135,0.10118252569486084
1136,0.0640949658989692
1137,0.05656598911566473
1138,0.013878001283276722
1139,0.12442640461068454
1140,0.03937137678510237
1141,0.14683614396340017
1142,0.05180549938202962
1143,0.011184381351760059
1144,0.01868313560460928
1145,0.10310571429355038
1146,0.03143597350097691
1147,0.05833267835372028
1148,0.11967773116556622
1149,0.027807644823648035
1150,0.040191508245233896
1151,0.14529392349443895
1152,0.039263768797931586
1153,0.022940153083011353
1154,0.2689503135626925
1155,0.015894247346825582
1156,0.034837162867565136
1157,0.16821673634490938
1158,0.0559197092352236
1159,0.02639781442634496
1160,0.16491023977153663
1161,0.0771051195180734
1162,0.03944043046780925
1163,0.14464075264188492
1164,0.10000273037037477
1165,0.027110937286045942
1166,0.051576936212219905
1167,0.042960995337236636
1168,0.014370883796916298
1169,0.04344249645641719
1170,0.14083546949051534
1171,0.07761824046332426
1172,0.07659284401425394
1173,0.09274660765493725
1174,0.03310064014316907
1175,0.11206197182136707
1176,0.051294964824664634
1177,0.021925894432432716
1178,0.04594753981242884
1179,0.05421363851020065
1180,0.05927920143128816
1181,0.010224273152275726
1182,0.016058401930200097
1183,0.030068992031540915
1184,0.10803424526203255
1185,0.08633361718124005
1186,0.05221851498411684
1187,0.09404316826250989
1188,0.07914135100918092
1189,0.03745337123207347
1190,0.061420968358348864
1191,0.13253654142043447
1192,0.04780913711079128
1193,0.07105395475690572
1194,0.11521738189935436
1195,0.04201148177942884
1196,0.014968403620704236
1197,0.027127632822223403
1198,0.03529264210544019
1199,0.1365072243780894
1200,0.058367243441976406
1201,0.0841084812821107
1202,0.015664429778995206
1203,0.09512804907901348
1204,0.07485085679115612
1205,0.019360721157385064
1206,0.15640683200515265
1207,0.091874276716673
1208,0.135730855822954
1209,0.07099502741484448
1210,0.016079579552307894
1211,0.006422373177007984
1212,0.04589243925798224
1213,0.12398715449275945
1214,0.00839911238457667
1215,0.11639804272243545
1216,0.09600989974103567
1217,0.045523676639372644
1218,0.04287614271373224
1219,0.022726091363839827
1220,0.012192234534959854
1221,0.03503963562259035
1222,0.09041473075264778
1223,0.09282529820001914
1224,0.04808406075363906
1225,0.15057705392792076
1226,0.08120874204215613
1227,0.02061183862104889
1228,0.03594727044442507
1229,0.15077888376198711
1230,0.08317357338791902
1231,0.14442352140487177
1232,0.09507729199427585
1233,0.011069693352167927
1234,0.12880660417610248
1235,0.08350734056978283
1236,0.017873026960140627
1237,0.13380972709157538
1238,0.05441388636255238
1239,0.03453415967556977
1240,0.1375140657256929
1241,0.0647146121657673
1242,0.0930225930341739
1243,0.09915815697478707
1244,0.04071103912077429
1245,0.11019401422715164
1246,0.07387753322301467
1247,0.024425516688482776
1248,0.09601424396377702
1249,0.08543277467029463
1250,0.012231048266302532
1251,0.16406913569659978
1252,0.09963527608913744
1253,0.04017056122730569
1254,0.13465584470924755
1255,0.06884269707616827
1256,0.03010644784182341
1257,0.1626266943111893
1258,0.045707850116810514
1259,0.05505061041037279
1260,0.11460026880138861
1261,0.05974998748521225
1262,0.027880638895782305
1263,0.09453286615585316
1264,0.10046820190231169
1265,0.021202973287568695
1266,0.09526450643102334
1267,0.015119246700172752
1268,0.09230488995607133
1269,0.12508994280963157
1270,0.021924857298974452
1271,0.09532758949564332
1272,0.10080220620631755
1273,0.01423307839371742
1274,0.08146426987811999
1275,0.12148381270746554
1276,0.08932911225967316
1277,0.10320889342008786
1278,0.047652716822670575
1279,0.0655662889814839
1280,0.10692521151479482
1281,0.09304910818525573
1282,0.16482506423961504
1283,0.050795209312114085
1284,0.019872333012506797
1285,0.19070618468435896
1286,0.036998928934093754
1287,0.04982142000083211
1288,0.026894052637643415
1289,0.12159977626969753
1290,0.03145048569060891
1291,0.11072190524691339
1292,0.08972897102080986
1293,0.015626067873025003
1294,0.2039107075386522
1295,0.07087923105425277
1296,0.017318303266409974
1297,0.1483687830775727
1298,0.09911036387062087
1299,0.029093609515247032
1300,0.01535236987798272
1301,0.07700614331899887
1302,0.04091523570637072
1303,0.13431455633278105
1304,0.09020952417160748
1305,0.015910080509381183
1306,0.1594848861483075
1307,0.09507145057653146
1308,0.04806411723053205
1309,0.1063550538991758
1310,0.1516030215997322
1311,0.042783690378893596
1312,0.10850911605067314
1313,0.08153632330230821
1314,0.03847703228071738
1315,0.07382661776839365
1316,0.07823273403682969
1317,0.06536625714550366
1318,0.030911154423357425
1319,0.10557169671299814
1320,0.0790673343637811
1321,0.0593517694054284
1322,0.2794353112150691
1323,0.0714695972034915
1324,0.13820008117968025
1325,0.0756068611018447
1326,0.06709034275848057
1327,0.028305599971406626
1328,0.10738265128020698
1329,0.05480988251812428
1330,0.019404691839132585
1331,0.12420774005481687
1332,0.0417664179676673
1333,0.0104005357860908
1334,0.15437956935115155
1335,0.07971093353699737
1336,0.17518074688281263
1337,0.05268955515782355
1338,0.12386157397541717
1339,0.017734807881538143
1340,0.13440508351283473
1341,0.1076178118074711
1342,0.09721785556825943
1343,0.1280290777367812
1344,0.03915664916812526
1345,0.0535265628194044
1346,0.07885558721339592
1347,0.038971102518395806
1348,0.07362920073152611
1349,0.10173119839887829
1350,0.026255727674781626
1351,0.06408144442308616
1352,0.12907551632569875
1353,0.025893791649434145
1354,0.09955720676215925
1355,0.07986817249390937
1356,0.11295915286933832
1357,0.029825517310416775
1358,0.012990105832585567
1359,0.0798026343219061
1360,0.03240708698810677
1361,0.17114146613057218
1362,0.040179527737581995
1363,0.15781612981135346
1364,0.08617145992292713
1365,0.10072865694483268
1366,0.07497346659672605
1367,0.09126584465382084
1368,0.0342677442151305
1369,0.01740840150485092
1370,0.24764893300892335
1371,0.06404779142087122
1372,0.12831586491075087
1373,0.09005740535974267
1374,0.029047327027148646
1375,0.10528818848860311
1376,0.10013758471856586
1377,0.022833384300836132
1378,0.10133930140710881
1379,0.07039189763169977
1380,0.023718007431027744
1381,0.020427013392934908
1382,0.06586020270235478
1383,0.1107019477775946
1384,0.015691304354732823
1385,0.13039318794847207
1386,0.07607460227437478
1387,0.03693684301079493
1388,0.13674197482282568
1389,0.1035212866345807
1390,0.07411325536810906
1391,0.0604056393118205
1392,0.030293816847834897
1393,0.06152561025144024
1394,0.09371990141051963
1395,0.041280586413941465
1396,0.05474959646282385
1397,0.0556537735364386
1398,0.024235999272798524
1399,0.2296670509130635
1400,0.0419361183364003
1401,0.04203707384185461
1402,0.20085190493551644
1403,0.054889697089018884
1404,0.10827483013233175
1405,0.035108541517439244
1406,0.03930158331269743
1407,0.07052530933635953
1408,0.08218775986684777
1409,0.06048888826869636
1410,0.09713460685601415
1411,0.09114688490977349
1412,0.06955428947922117
1413,0.09945138304047801
1414,0.15248183724056608
1415,0.02615839214613219
1416,0.13150066261223642
1417,0.0766237290380124
1418,0.014415632999881533
1419,0.14340726314563684
1420,0.05910437680438254
1421,0.017593819747129858
1422,0.09876839472311484
1423,0.08082724981657805
1424,0.03797630727390894
1425,0.0745069074618012
1426,0.11170343020836908
1427,0.050709853607930684
1428,0.03313729622071053
1429,0.17119637634722243
1430,0.06704887073513187
1431,0.03096479603543284
1432,0.08766397776542767
1433,0.01209560237440309
1434,0.13977340976147112
1435,0.06853806024974042
1436,0.027681322580232124
1437,0.13656668209372186
1438,0.09648340578325186
1439,0.01570315994868016
1440,0.16299817723195106
1441,0.06491532851626527
1442,0.10951741436165811
1443,0.017227371582913827
1444,0.11313891174104936
1445,0.0664844014742884
1446,0.045736924487738896
1447,0.10750039716324052
1448,0.10796529996362081
1449,0.013362631511625558
1450,0.09276699629191672
1451,0.011070810748651178
1452,0.11520859125474815
1453,0.09258761577820786
1454,0.2697337562197477
1455,0.045577203242324345
1456,0.021403643335230725
1457,0.019776583592881588
1458,0.013541273400190394
1459,0.11520102480496787
1460,0.0710445365127152
1461,0.015734896361967912
1462,0.2171396645445504
1463,0.0776094357970811
1464,0.08839699259804037
1465,0.07710272236788841
1466,0.04927839419209479
1467,0.02423603317404363
1468,0.11279064998271872
1469,0.03864219097598353
1470,0.059090373012931664
1471,0.01568974565678755
1472,0.09445612153815122
1473,0.08399960614468466
1474,0.06878303177530452
1475,0.11329350363801714
1476,0.025539858539730956
1477,0.12532476349790267
1478,0.023691882744819225
1479,0.008108057157259797
1480,0.13840399696405417
1481,0.008889366359104135
1482,0.04556350619034304
1483,0.07400176596763593
1484,0.08097662507154339
1485,0.03374768736115064
1486,0.08969365592252582
1487,0.016389606333687374
1488,0.10303113281060514
1489,0.010496457411206155
1490,0.0645331154831591
1491,0.04071492578865595
1492,0.09250335943206701
1493,0.07264588799438786
1494,0.058931812487338586
1495,0.010163379756928598
1496,0.09877634453991184
1497,0.015534308078627122
1498,0.05000988272512593
1499,0.08706960352103542
0,0.06152689242510344
1,0.042828588472992486
2,0.08167795351249167
3,0.05417825204223627
4,0.0918191588548598
5,0.07263118083814409
6,0.0854315778927283
7,0.12996089495570487
8,0.12103953987325881
9,0.1405865892322443
10,0.17728638559060106
11,0.07667150551222837
12,0.10860334125597676
13,0.09270291986902728
14,0.03746755179053094
15,0.16706841273733397
16,0.0809414937316446
17,0.036333465615780304
18,0.22129727849032566
19,0.07997951340961428
20,0.19692240748879686
21,0.08794248041367322
22,0.12603978195549423
23,0.1057371569664964
24,0.11587320745160068
25,0.18333157802991518
26,0.06506925481530625
27,0.07532739138135311
28,0.09359976675631934
29,0.05383492614090173
30,0.09148141355184065
31,0.16003565494514033
32,0.09896901581421373
33,0.15264613743527286
34,0.1610170078622265
35,0.06991805070571142
36,0.06662420961104394
37,0.17152505178360494
38,0.04906242382787448
39,0.04098335052275255
40,0.03593199544726494
41,0.12572988903890456
42,0.05967013340764613
43,0.036256098544637544
44,0.10334954356833266
45,0.10154242471489845
46,0.06174175512266634
47,0.0805861088214054
48,0.0661380696843453
49,0.06760022671724156
50,0.09600912249074342
51,0.0474428814463209
52,0.10922742454367398
53,0.10563871119775167
54,0.04189724596560807
55,0.11776457612235172
56,0.06446926901627703
57,0.10306218575161684
58,0.06261157731578099
59,0.16474302588712672
60,0.06735601445434156
61,0.03469739369705762
62,0.12226074258952457
63,0.06901731569554684
64,0.06275184109954474
65,0.069881076781324
66,0.045893823597992454
67,0.10260648469168172
68,0.04922174285237271
69,0.11706191603104699
70,0.04606505002983306
71,0.03830726847471353
72,0.1048564181144762
73,0.06762355629431724
74,0.044189603111622
75,0.0399311052704179
76,0.08633142144957287
77,0.06109568523488663
78,0.07272150338176027
79,0.08111512852766857
80,0.06225493473543845
81,0.08384823089372181
82,0.05939789403990603
83,0.08629202657845603
84,0.08053409775612276
85,0.07577276745340736
86,0.09510384164487243
87,0.05776213337269059
88,0.04849912770739225
89,0.1246894641115368
90,0.05128872766751231
91,0.05130466476026186
92,0.14538278357576973
93,0.08723616637321648
94,0.07080029501931256
95,0.06198144321168609
96,0.04555544457447057
97,0.044096861220169786
98,0.06375712019270426
99,0.09845161240986677
100,0.10288583277428333
101,0.07766071640481577
102,0.12002088053620769
103,0.10714656910567166
104,0.06729314597264759
105,0.075147096771145
106,0.11473847203663026
107,0.08803434244361832
108,0.10605796806319623
109,0.058835729549885855
110,0.0880970998196728
111,0.07947699758786404
112,0.12443886282905964
113,0.05870216017705263
114,0.045516613850043824
115,0.09457456644654373
116,0.053361173001906105
117,0.06745167494248953
118,0.08837112376820244
119,0.07959198340874135
120,0.050516674552813494
121,0.13766071780942524
122,0.0775245400063972
123,0.0967437557169178
124,0.089660007184573
125,0.06910984481828177
126,0.08589851405464262
127,0.06544346015172428
128,0.06737792041442836
129,0.08788812384873168
130,0.08276672731145679
131,0.04132183847126863
132,0.11404682732243655
133,0.09165718131471524
134,0.05610534018587305
135,0.12118319190630186
136,0.06848717533308576
137,0.0880142055813042
138,0.062489767350774196
139,0.11352043192486871
140,0.09418577554866704
141,0.08416048588086357
142,0.06441179553349352
143,0.10052228419073972
144,0.13854666081616396
145,0.05554144715626569
146,0.0524689487766958
147,0.09896813255155726
148,0.0787185779897005
149,0.05587864800402433
150,0.08945740080565667
151,0.09949893491507023
152,0.09131409933382918
153,0.05557287018167699
154,0.054638787097829336
155,0.19917127908372123
156,0.07100358817046956
157,0.11120395396757135
158,0.05294788517028424
159,0.14965526997471557
160,0.05619162860558399
161,0.103877777005235
162,0.07731355886062886
163,0.0684002591111827
164,0.059204976409429115
165,0.1366286212087659
166,0.06862221864485599
167,0.06752240657699894
168,0.19975358239081556
169,0.07903322709865503
170,0.07381542117044979
171,0.10892208887542479
172,0.09446405859326032
173,0.057553964991365884
174,0.08006727462899048
175,0.07844406388477958
176,0.05829318954909095
177,0.10480063713134916
178,0.0807818782290681
179,0.051879415749740074
180,0.06396491421085887
181,0.08326955783776187
182,0.0897248998088613
183,0.05499950074241117
184,0.0563105530294896
185,0.07897062077764241
186,0.058596847058098686
187,0.05458541606708704
188,0.07180159186135678
189,0.06817036868145988
190,0.06468512572029055
191,0.06494515353534264
192,0.09713198027464003
193,0.13663509210967414
194,0.05306346674347944
195,0.09438560612616229
196,0.12072270821609589
197,0.09595388254510248
198,0.06765409456259425
199,0.04240888735634293
200,0.05723508058516814
201,0.13088349877690447
202,0.057378151157731636
203,0.12402954711876953
204,0.06880359830184152
205,0.05692747635387616
206,0.1077783628114591
207,0.05904162018859933
208,0.06127779319143535
209,0.14801261220064874
210,0.055403341973070994
211,0.04413615764471099
212,0.06416740217079155
213,0.05347639521849295
214,0.05282622435284386
215,0.06809565995971907
216,0.06451033985733994
217,0.08803123793469594
218,0.044444870113247645
219,0.1232825458239999
220,0.053935873307265014
221,0.08920819503947901
222,0.05647159806327458
223,0.06940087704092524
224,0.1473125769972841
225,0.04760599072730782
226,0.07760989159523281
227,0.05184991266629799
228,0.04518136224616792
229,0.06869690606073298
230,0.05296255510299767
231,0.05359472081641334
232,0.06813580982083163
233,0.03874451631487794
234,0.07667419399404216
235,0.11534538805376282
236,0.05480343051481982
237,0.05578064260090738
238,0.11007859669002616
239,0.07608240167355367
240,0.09725558436447669
241,0.04634516843619627
242,0.12942126643509536
243,0.08917909632375323
244,0.09629915784396914
245,0.06480772713697103
246,0.042175591262489626
247,0.089355950084664
248,0.1085468536203291
249,0.06311550047629065
250,0.04446287592095505
251,0.10926249239787979
252,0.06666587913865468
253,0.06008483958610127
254,0.09645908546840894
255,0.08930566416151657
256,0.08150291430370518
257,0.0916895101609393
258,0.08024899124976455
259,0.05843339857827368
260,0.11586969590100346
261,0.09653106236746303
262,0.06608588334703686
263,0.06662894863244442
264,0.15748886113866664
265,0.11689463248814246
266,0.05118226056518496
267,0.09762461959254853
268,0.06093160162688631
269,0.1118724646363936
270,0.04766944041570225
271,0.04599642354650325
272,0.057371590629575316
273,0.07019081029915572
274,0.0475267451777644
275,0.14269127215762017
276,0.05621848353704761
277,0.050154280438866876
278,0.07401386995592105
279,0.046075689433918765
280,0.09824805916255788
281,0.04564760057936541
282,0.052338504969733614
283,0.07015875611074585
284,0.07857647481470498
285,0.11833904118757482
286,0.04756166222343725
287,0.09424586025575662
288,0.11665398343234469
289,0.06857920661879202
290,0.1328964862961139
291,0.048203254913432275
292,0.0659213588671284
293,0.03892581985495547
294,0.04404820326472666
295,0.055371443045023366
296,0.07554304016844562
297,0.04601959176453549
298,0.04911582286402483
299,0.06151993565751295
300,0.04828603080441124
301,0.03584649447952671
302,0.04516668505417549
303,0.05301221452750724
304,0.0520201921314084
305,0.07034613443387373
306,0.04012234156046871
307,0.09814996380681633
308,0.09593705181809924
309,0.08700285094700667
310,0.0784216349295558
311,0.041078712559261814
312,0.050607454848758816
313,0.09415499697941912
314,0.08314753781396014
315,0.03850023545466093
316,0.0335001507943885
317,0.06913282626923631
318,0.061287280385930135
319,0.07469953496722574
320,0.0387386043913464
321,0.04537981569611307
322,0.03859645444732077
323,0.03261628124280913
324,0.03436113289506508
325,0.04694308055651942
326,0.03173358441887471
327,0.03552936429000873
328,0.038556146671727264
329,0.03173219300864795
330,0.04555718872689543
331,0.03269251828210798
332,0.061699812994242986
333,0.07328360036175459
334,0.035634458981080766
335,0.07832221838017327
336,0.0381608824561818
337,0.036043323879702195
338,0.14538936891176774
339,0.047920613419824
340,0.08140784032188286
341,0.05215071884823533
342,0.029855165769396706
343,0.046536978730376266
344,0.05492529055959144
345,0.0761855069114886
346,0.03804377880026303
347,0.0374499343792233
348,0.03851259027906756
349,0.10198983652340324
350,0.049112542540622715
351,0.027003711028276096
352,0.05544751298052332
353,0.06969522582405621
354,0.03152871757936311
355,0.03371820814059109
356,0.09056428662906049
357,0.036068001796885116
358,0.03723895871901581
359,0.17837895616585261
360,0.04597139421357018
361,0.09235106621645318
362,0.05901817155637647
363,0.0393012780918956
364,0.07940313832558707
365,0.02336635661311381
366,0.04897608640660245
367,0.044193645914173484
368,0.027128390589352
369,0.09872264846273193
370,0.02731942978274275
371,0.03438616346425936
372,0.028711020214394433
373,0.025347069772072493
374,0.08845112779415198
375,0.035925107736528974
376,0.03846628803140766
377,0.09584776506430102
378,0.09479563209871861
379,0.03309809447031822
380,0.07556731666438486
381,0.09775182340929515
382,0.05858843857914731
383,0.10211143788717301
384,0.03507211847366595
385,0.05111321324768368
386,0.034645729606346355
387,0.06852249623228289
388,0.05723815594529454
389,0.06893390784392169
390,0.072992615473351
391,0.07339992107430306
392,0.09575209909098867
393,0.048140006989260894
394,0.02223151432091847
395,0.04298274818841128
396,0.05285145989114875
397,0.020680465477304188
398,0.0192996302716537
399,0.034495747816426184
400,0.032242092070793045
401,0.02692394718574551
402,0.05393677248685645
403,0.041744109950345866
404,0.08296841257540813
405,0.02172605066846112
406,0.08661571313324266
407,0.05039967282912742
408,0.06441521461044156
409,0.07132796002960748
410,0.042731208331352716
411,0.06336377931471501
412,0.02945272864540144
413,0.05110907839001707
414,0.020025553402966825
415,0.031120079049858487
416,0.051180467520516
417,0.13129106388910608
418,0.02523097600648607
419,0.021340818733787827
420,0.04279156442251444
421,0.020426920271315104
422,0.040826986535048446
423,0.07345256540292905
424,0.0652017289395319
425,0.06212007107172876
426,0.07627104222329403
427,0.053930957159028035
428,0.03703412921120548
429,0.03690959887962632
430,0.04866598505083714
431,0.023803101322401113
432,0.10472600595901523
433,0.060745578551998324
434,0.03030094218442455
435,0.0190011323494502
436,0.056474873204015966
437,0.03000155732109023
438,0.025003157878569306
439,0.04213947711396515
440,0.034768668115256966
441,0.06336626685991749
442,0.0683763738211381
443,0.037361080613751194
444,0.1121597179903984
445,0.04333136828579289
446,0.021794436025011306
447,0.024526730420561547
448,0.044535521456361804
449,0.028897384031108014
450,0.02679447902594584
451,0.06126347850732382
452,0.07378568575333842
453,0.10034378176875403
454,0.0425318945330786
455,0.04775310734135124
456,0.07478260290817583
457,0.03482176798888015
458,0.04590608802108611
459,0.052390446435676155
460,0.028346069003959327
461,0.02044352026793644
462,0.05327725145472991
463,0.03912471746869066
464,0.04893635209250811
465,0.0598895978101659
466,0.03143312138133756
467,0.02292345548830206
468,0.041386623525862136
469,0.028869057557443376
470,0.030420507916324675
471,0.030049393216229386
472,0.019407570003601875
473,0.02916322519620594
474,0.07388694456246936
475,0.038231391578585655
476,0.09013537895921919
477,0.08508993169497367
478,0.026717752537203647
479,0.11665706065941747
480,0.027459534782181983
481,0.06174739535491684
482,0.07975426391734054
483,0.03591067761707171
484,0.09561723957500137
485,0.03464715353183363
486,0.021284422795482982
487,0.09045591544339229
488,0.02670409190958652
489,0.02839490106087713
490,0.057141081677800944
491,0.03829731490149804
492,0.07037298319449949
493,0.026058393728028467
494,0.03873578624017441
495,0.03721471249915194
496,0.019245128075731914
497,0.05718498473767661
498,0.0393324480501665
499,0.019760875795618076
500,0.022164503069153935
501,0.13135610345920332
502,0.03720688982751711
503,0.05361389859374843
504,0.037612210395306905
505,0.03212930421984939
506,0.05114237602625791
507,0.06328975157919119
508,0.059035925624856614
509,0.07920891544251278
510,0.06348731990143519
511,0.033053979142798146
512,0.03527071185981206
513,0.02258749004412075
514,0.021119768855497056
515,0.03151622844123865
516,0.015218575775744026
517,0.051503119491309916
518,0.04303071958825663
519,0.05229995311233766
520,0.01874632486632884
521,0.0746050796881677
522,0.038704417234633345
523,0.027663915293971626
524,0.03034443694128276
525,0.07528057990867099
526,0.10048320453503023
527,0.023712451985974336
528,0.05559003291332633
529,0.05158386317388629
530,0.03122061739786875
531,0.04858381954885374
532,0.09733897455363602
533,0.053650078591365453
534,0.06031124245765641
535,0.0372200151521384
536,0.07768650489840083
537,0.08440494826641441
538,0.029292451980156505
539,0.09568301931692043
540,0.048727205192900726
541,0.02458168947262087
542,0.021976646249176435
543,0.02870728659673416
544,0.06352460062509835
545,0.05204916340641277
546,0.027204492267842887
547,0.03976315599031251
548,0.08691584161602822
549,0.016416778204069414
550,0.04445925160701007
551,0.03123285312112463
552,0.026530380739739654
553,0.058816060540244595
554,0.03858936861803101
555,0.02766119486835134
556,0.050585571592786184
557,0.03215330614617401
558,0.022287190281110706
559,0.04150155013144362
560,0.030955651043612448
561,0.024678313019926956
562,0.05753993746140137
563,0.033435722753586285
564,0.019953092122082093
565,0.01824422132498741
566,0.026598984786477133
567,0.0332626470322554
568,0.02921185095495563
569,0.04346979653713734
570,0.057540992240880016
571,0.03074141015312935
572,0.01682632642788014
573,0.04925423256055573
574,0.036054150828392195
575,0.01947127416769619
576,0.03731990055192242
577,0.03482344752927445
578,0.058997923007631195
579,0.026563976265304223
580,0.02642504911921418
581,0.03789348607330717
582,0.10610588100526172
583,0.08823499847620428
584,0.02976931259715228
585,0.04210704832886642
586,0.09222596393902431
587,0.021134697083065507
588,0.06336720527995313
589,0.0341128567020697
590,0.040105832594652155
591,0.09558088923815747
592,0.03463301835919551
593,0.1277347812176562
594,0.04042761488845435
595,0.08398758436970011
596,0.04587778656371612
597,0.023276187496845176
598,0.021680070171589738
599,0.08365102131656926
600,0.017930507489768564
601,0.02260130366189527
602,0.07566282740858543
603,0.054582660466786684
604,0.0258650808686431
605,0.0619129945193945
606,0.025259229737272373
607,0.04481418840199075
608,0.12256050780033075
609,0.041248152910807474
610,0.025233831293288923
611,0.0348518299761531
612,0.07206858323252491
613,0.03628625029231023
614,0.04772679849974158
615,0.06679657902946112
616,0.022850606721468016
617,0.033500186796231776
618,0.046570507379625585
619,0.018267881014087696
620,0.044443038288269454
621,0.01736207520635869
622,0.06501211592695594
623,0.04046577752108558
624,0.04746555771409156
625,0.05568312006911481
626,0.025073709056916225
627,0.028162746242232937
628,0.06829635956346519
629,0.024832640230740263
630,0.01672220607890346
631,0.05323779970757254
632,0.03063868027535056
633,0.021059856926221636
634,0.02237010859190309
635,0.032083166226963646
636,0.07858127638284387
637,0.03419404596620927
638,0.037234748490321795
639,0.05000459832861673
640,0.05262158316833244
641,0.04162563773495997
642,0.048413454297470855
643,0.026984220074826447
644,0.026621895230549343
645,0.02481621116568355
646,0.028135962812711295
647,0.08493320248257014
648,0.020308584030927126
649,0.05676418259530066
650,0.0784631978934136
651,0.03970547533196141
652,0.015318977390001215
653,0.06898247452576597
654,0.0558475011661375
655,0.045839134619246664
656,0.08773512342119281
657,0.028841899583532518
658,0.028276712024306448
659,0.053244474304714524
660,0.04948811763612457
661,0.02823133455205239
662,0.05093507149262596
663,0.028069335011585515
664,0.018317653447002327
665,0.06804216319573451
666,0.03600835282925758
667,0.024048978487801374
668,0.0259324131234165
669,0.018855632512319892
670,0.02384542980358342
671,0.031561294844647966
672,0.05092586567832368
673,0.019343014479526844
674,0.020015699273332768
675,0.0356452291482816
676,0.06699670162343355
677,0.04563512929671548
678,0.05432826049426442
679,0.05384129419489709
680,0.09226753399606251
681,0.031589452909726916
682,0.015196436702257609
683,0.0711484582119041
684,0.03985567018223424
685,0.052997591503762945
686,0.08511850915462953
687,0.03197201541937754
688,0.0246573543488155
689,0.017962482016869605
690,0.03369864688603003
691,0.025307458748501137
692,0.02478197332877401
693,0.09562749332300025
694,0.07614198934342928
695,0.09189295226856684
696,0.031566440921098726
697,0.03808407038976688
698,0.054123545888725616
699,0.029401958254445266
700,0.0490433933120507
701,0.06082326670364897
702,0.1010486442826899
703,0.030662696357320145
704,0.045273399939013234
705,0.03564923055500656
706,0.04696780610711734
707,0.03310441840583698
708,0.04766036198822759
709,0.04861892204885839
710,0.034212831607862655
711,0.014014353356430644
712,0.12885081743681198
713,0.08027635984706046
714,0.08892663256304036
715,0.058272829303087144
716,0.018542277159820163
717,0.031928879295041894
718,0.044339147703401735
719,0.04033466938983656
720,0.08907970518179245
721,0.04812466797636161
722,0.056594746283513096
723,0.04527536466497465
724,0.019603897863700735
725,0.016339943369758428
726,0.08433582725221657
727,0.09267101287518038
728,0.042607200205498075
729,0.03282438144344643
730,0.13900592781570978
731,0.05328806829888062
732,0.03887825025418422
733,0.09406546775904057
734,0.04163467211606471
735,0.03304291918925139
736,0.062031573781575346
737,0.03244639351227852
738,0.015602040096666357
739,0.10063729391245606
740,0.013411653759761862
741,0.02976598441475302
742,0.02566583763397037
743,0.02632669108434626
744,0.020168968988199254
745,0.040821812687825226
746,0.040174497139197886
747,0.029756495572703223
748,0.012798465438124757
749,0.09705873049362869
750,0.01412535433043904
751,0.03611410894011623
752,0.03965980976343132
753,0.019789388335890827
754,0.06454394326305854
755,0.04900285801680669
756,0.015847454777500367
757,0.054375633717462846
758,0.042509750339913284
759,0.029298931907328296
760,0.025210033145969382
761,0.03297189085055347
762,0.07808922639896754
763,0.0347001775927191
764,0.012978888484202906
765,0.06793578136669362
766,0.10852097285049196
767,0.02917446282344996
768,0.06436586723254345
769,0.014628689684741852
770,0.014292708902611563
771,0.173490669060969
772,0.025418035482654054
773,0.024974064240361634
774,0.06984365587108089
775,0.017144889530893544
776,0.057316742246005775
777,0.07642351691605825
778,0.0843570223313978
779,0.03415306936814619
780,0.012535373271016382
781,0.05399621307705298
782,0.06709161740837999
783,0.016459889505069863
784,0.050488208757126674
785,0.01922083781756089
786,0.03395594444283615
787,0.03275105109160101
788,0.009806318176738838
789,0.022332714329058815
790,0.03021374388244843
791,0.008274671317113309
792,0.016090170220961132
793,0.021673076925053544
794,0.02926287667525213
795,0.10025954748309751
796,0.027783288763711108
797,0.1096605740122631
798,0.04897958179366087
799,0.015830251275516485
800,0.05316776585802661
801,0.04072678624343696
802,0.054881887448995255
803,0.05900020601720328
804,0.060635203160828384
805,0.06306446607007091
806,0.013447261293092143
807,0.14015384743296408
808,0.03252143376631776
809,0.04170303270574856
810,0.03236008176701647
811,0.06341139670336536
812,0.031539628104079634
813,0.03061393928341982
814,0.18619850188898593
815,0.08492695341084364
816,0.04587749604597302
817,0.08122145747060541
818,0.03341068539594636
819,0.09224561872028574
820,0.05715168613359739
821,0.010267245190851098
822,0.029691190821531835
823,0.049011179175727164
824,0.04041235969393318
825,0.011488266571865654
826,0.012582190518390516
827,0.01483018316734794
828,0.1148311704639039
829,0.014974000555046118
830,0.05682737770068552
831,0.016475894554212216
832,0.028519580597551827
833,0.010105440582640617
834,0.05493014295505912
835,0.012852233360780587
836,0.1133200782988908
837,0.062103187236871416
838,0.04035944047358783
839,0.084811184602782
840,0.07529943862897781
841,0.04811732349844547
842,0.02013898433512496
843,0.021858383702607124
844,0.029579354719188995
845,0.0788902015016105
846,0.01820283814044986
847,0.024031888194306555
848,0.0712531721968265
849,0.07756510278527812
850,0.06736827436380263
851,0.12301426663819977
852,0.01624134603209074
853,0.046005878389346354
854,0.051547946697018086
855,0.05784631617527752
856,0.029018611959499636
857,0.010543070105669426
858,0.055743228115173044
859,0.017202682484428293
860,0.1247484201768135
861,0.023585948469274563
862,0.048642319211470705
863,0.020483926420329437
864,0.050316293326296384
865,0.13292683522790236
866,0.009978133496324391
867,0.06484609797180435
868,0.12498092884313879
869,0.02451342177807947
870,0.10284095296098296
871,0.07010767619513161
872,0.011842407567051967
873,0.04322248922886573
874,0.021235209881443996
875,0.0943590401116231
876,0.009855251240725437
877,0.049792036349384325
878,0.0696263242933822
879,0.022594827668615012
880,0.0422901214359171
881,0.013177801216705544
882,0.009925273627133246
883,0.09405352755802857
884,0.03411043563832017
885,0.04107388074311478
886,0.10689821886099947
887,0.020433795921665176
888,0.057433895842883956
889,0.035777932907060654
890,0.024788589437080448
891,0.07627373989618938
892,0.05998068728434449
893,0.0350384795678716
894,0.08348645607126182
895,0.05342994563060439
896,0.039831762534886295
897,0.08950761862144713
898,0.040818531885566924
899,0.09038053983848775
900,0.007725459522661992
901,0.009061530608266099
902,0.007996605213214736
903,0.015326612807149765
904,0.027451941355205026
905,0.00889282626616909
906,0.02478837727414642
907,0.012307728206235338
908,0.011798285497971123
909,0.1092716053230062
910,0.055155152740024735
911,0.02639866221836454
912,0.04707256871003226
913,0.055169636585526906
914,0.052561787303810226
915,0.01300865743063163
916,0.12027446245966449
917,0.040188509689715365
918,0.050363020024180145
919,0.06927524873888381
920,0.011766096932045894
921,0.02654948429989035
922,0.19783814244057413
923,0.031424518729323635
924,0.10053281976801626
925,0.05731395456795569
926,0.009892101209373477
927,0.06352287601596412
928,0.04699501856723367
929,0.01037249952366044
930,0.010448415712091038
931,0.00804807272281562
932,0.01809543695098468
933,0.05556464759756979
934,0.06390431805989515
935,0.0202830774856704
936,0.03795271953924189
937,0.08651802478635065
938,0.12774484240485912
939,0.04880744663943732
940,0.052760629226650556
941,0.0725253367622466
942,0.06849088234742835
943,0.11827605093214079
944,0.04150805390820699
945,0.06627886165328932
946,0.12051325069998918
947,0.06115770189200915
948,0.011513507775205536
949,0.09106655933058085
950,0.11247657801773599
951,0.024559502286977127
952,0.057455724608284096
953,0.05294946319578519
954,0.0344849178638992
955,0.05440744688064158
956,0.027871157438235077
957,0.05271560254957254
958,0.07385136322678762
959,0.010384686427365633
960,0.0697896178927665
961,0.09435674555207833
962,0.08168505306575123
963,0.0651644156538244
964,0.1551447209039325
965,0.026155271872382924
966,0.049265475144764176
967,0.07325091784571412
968,0.02612810891574701
969,0.10697641054005722
970,0.02854533103575087
971,0.027519353370100964
972,0.04406943773468236
973,0.03541368259650685
974,0.08176466440615583
975,0.012198863085212515
976,0.040281555983176835
977,0.14025921501165087
978,0.05901273167873628
979,0.026330636087218598
980,0.05143206732479357
981,0.056497560866258276
982,0.014030364560885118
983,0.0089486105233022
984,0.041042285702794376
985,0.028137337639320206
986,0.03938924186017578
987,0.03688270897466709
988,0.008923591072104635
989,0.07746935996317186
990,0.0197620240476316
991,0.019420160904469172
992,0.07205739102821719
993,0.02904435974490865
994,0.0054086116180878845
995,0.10464558515873708
996,0.04177187108573584
997,0.021530227341605212
998,0.11389842486684489
999,0.07373640156463028
1000,0.14135684808677576
1001,0.05339017517009529
1002,0.016421500273568774
1003,0.07184453055009737
1004,0.061456754423434665
1005,0.015346355152540415
1006,0.13316699875101634
1007,0.017690191781112644
1008,0.03443648144353957
1009,0.03791399239170918
1010,0.01049856623350337
1011,0.06743548656856785
1012,0.011859682117923128
1013,0.011359807137720323
1014,0.02632971133390571
1015,0.04155961092704861
1016,0.017494699081529796
1017,0.11259636773898367
1018,0.11719277284689697
1019,0.02501863986198044
1020,0.06238401005497014
1021,0.08069204290617736
1022,0.04384425833108749
1023,0.03463649340833596
1024,0.0674739361812878
1025,0.051683618033030086
1026,0.037784649366901124
1027,0.062308247356694366
1028,0.03245563751093837
1029,0.020120882921793988
1030,0.05994195238558634
1031,0.008678872188567853
1032,0.02735384502027688
1033,0.01836020625038006
1034,0.02165293882105237
1035,0.07058706144880125
1036,0.009504132551957057
1037,0.06653489641033988
1038,0.052605506477753465
1039,0.005031374124117908
1040,0.006219417309479789
1041,0.006238510218948042
1042,0.10717398408113199
1043,0.021046786229662284
1044,0.08705837032966612
1045,0.06625186124142199
1046,0.00896808435460438
1047,0.06174254296918078
1048,0.22192849032511786
1049,0.040481880786657334
1050,0.04037170720123748
1051,0.05021372626717812
1052,0.011758896609990339
1053,0.012771497344932844
1054,0.015384096720396678
1055,0.1186897210922642
1056,0.030738977879916564
1057,0.08770271196037138
1058,0.062488234067012594
1059,0.024354002131241843
1060,0.015972990821693036
1061,0.012631845074804382
1062,0.01852240174180708
1063,0.033687637583453105
1064,0.012830958833525847
1065,0.11297866941745482
1066,0.04562214334707808
1067,0.08784623569034188
1068,0.11367788766141688
1069,0.011983447901558733
1070,0.09173163472373141
1071,0.011743816460722277
1072,0.07529814106135992
1073,0.09124966910418296
1074,0.013520047710920673
1075,0.038331887774456126
1076,0.09908181567252825
1077,0.053453470398453044
1078,0.02280609093301926
1079,0.025291507497812404
1080,0.09459523954341098
1081,0.11696265668155456
1082,0.029514556202387007
1083,0.06441936742576886
1084,0.06467168950130839
1085,0.010510808411485639
1086,0.09265681150800696
1087,0.08653858842133177
1088,0.008194906257786627
1089,0.051099237910044885
1090,0.04459070653960995
1091,0.022073157847579204
1092,0.10658944793751043
1093,0.01984789871332248
1094,0.09238812521109405
1095,0.09258343883133274
1096,0.04749106270713129
1097,0.04479420445978531
1098,0.021802176020197465
1099,0.025263333967879373
1100,0.03292162836127132
1101,0.04695305098401505
1102,0.02045979237707988
1103,0.06120854546385128
1104,0.04114647706279933
1105,0.00919508707306324
1106,0.010230432661508637
1107,0.017909482567092686
1108,0.020630136881678363
1109,0.04317943887678291
1110,0.01199019568367519
1111,0.13177838685343352
1112,0.031500935233903314
1113,0.012074914303693564
1114,0.06557868617574703
1115,0.07105524264795751
1116,0.03817912329225488
1117,0.05343574359276411
1118,0.08252300675544381
1119,0.06962045562711537
1120,0.05106010240561195
1121,0.03790443165380722
1122,0.042813071679735235
1123,0.06020244401879713
1124,0.015184066861859108
1125,0.05331750496809955
1126,0.07668444446004134
1127,0.03327155466622253
1128,0.058890831754638225
1129,0.021583312359251917
1130,0.012913021958054265
1131,0.04113989033931253
1132,0.01093830025578028
1133,0.031126953693420386
1134,0.035597732747470454
1135,0.01629902903010775
1136,0.06989889798161782
1137,0.06646002374147265
1138,0.018047927445590823
1139,0.03833202006462988
1140,0.019036810816560796
1141,0.027456247153802592
1142,0.027962247843002767
1143,0.03872072322685769
1144,0.060536259097164216
1145,0.011706648794003056
1146,0.06035070006015299
1147,0.020569549306729214
1148,0.1114008666589027
1149,0.02305799701416329
1150,0.058809229793718144
1151,0.052248296347799476
1152,0.055334485914905064
1153,0.077223715802357
1154,0.04695993310313017
1155,0.044858417509566824
1156,0.04820930207361673
1157,0.014630912682351269
1158,0.06294898255498363
1159,0.05842741024871471
1160,0.01858072184923366
1161,0.0718632497391422
1162,0.08656276576348391
1163,0.009180959538915612
1164,0.1044914095002533
1165,0.027939911013892767
1166,0.0164796186241162
1167,0.03335791602143804
1168,0.058961348812884624
1169,0.01316975994149484
1170,0.09846487013896818
1171,0.06762451615588512
1172,0.046556301597831556
1173,0.055130023831044664
1174,0.07494844162452445
1175,0.016896549411869292
1176,0.03745152667095914
1177,0.05609370956459959
1178,0.04100975039383118
1179,0.1512481481277513
1180,0.06351903398436129
1181,0.015477716196670037
1182,0.033278612541620435
1183,0.06652765609881887
1184,0.03581125652779516
1185,0.037348703991838275
1186,0.06900810250164087
1187,0.025141937601905518
1188,0.05009153352308333
1189,0.011727087944645668
1190,0.018081404673148057
1191,0.023306272205131554
1192,0.0329639573075631
1193,0.0851522478218525
1194,0.05085918130401528
1195,0.019606233085305833
1196,0.10079376995643849
1197,0.05526804478643599
1198,0.025151082997871787
1199,0.11302487012196719
1200,0.005128049729954016
1201,0.043372916006753595
1202,0.06949493567490095
1203,0.034726138989224796
1204,0.028323642569456665
1205,0.06245615332856375
1206,0.08137267487110665
1207,0.0504262592276502
1208,0.017089490942805312
1209,0.18572268898306754
1210,0.036109151752249664
1211,0.012266498999061836
1212,0.09221724976243223
1213,0.06345542008567744
1214,0.05047074527483322
1215,0.027959221693393477
1216,0.03813042966495128
1217,0.13630473300526377
1218,0.006333306812838242
1219,0.03242650077858978
1220,0.038473709784397646
1221,0.02779915175053138
1222,0.08677735266420421
1223,0.07919636320385715
1224,0.046439143698356077
1225,0.09325102519034338
1226,0.05191363531088458
1227,0.0463344567962951
1228,0.009456021117191562
1229,0.03262825729294218
1230,0.023347810688202186
1231,0.009737314367414027
1232,0.052306116485756345
1233,0.03426460688714521
1234,0.012552285225962728
1235,0.06808018506317542
1236,0.0377925935983626
1237,0.06251742348527223
1238,0.03990075304743823
1239,0.03648017471850403
1240,0.014859274978883516
1241,0.11077729059855554
1242,0.031950373645750416
1243,0.12552990565744662
1244,0.03888001650964571
1245,0.033144967581805164
1246,0.04224452588757332
1247,0.01907824125698132
1248,0.032648528723209475
1249,0.022823160787466976
1250,0.06194943099854626
1251,0.09160965330841143
1252,0.03351568665650553
1253,0.08395836323147116
1254,0.09083152346257037
1255,0.007786096048975487
1256,0.11633523652531548
1257,0.06976438000553474
1258,0.009092770925347703
1259,0.13239218530016306
1260,0.018061810504924905
1261,0.026341654842607143
1262,0.09224774171197282
1263,0.028784101444069985
1264,0.0074146779336295605
1265,0.0481687896445581
1266,0.039625077921086896
1267,0.061042628429672105
1268,0.0400711025743144
1269,0.06592957840644434
1270,0.0748685833887521
1271,0.04827647854356124
1272,0.0074522560290247114
1273,0.08967281616387107
1274,0.04134177984575389
1275,0.08357985534797258
1276,0.019715437884202946
1277,0.01625908450559497
1278,0.027969945814689975
1279,0.021514211527780866
1280,0.015222732538234453
1281,0.021702837788131354
1282,0.13473185180198735
1283,0.02518386377018552
1284,0.03441902173073611
1285,0.0566785022753435
1286,0.0055375036177438925
1287,0.03497598698456493
1288,0.022560441106747913
1289,0.06974454202021854
1290,0.04054940725389965
1291,0.02715245764265099
1292,0.034218265957336326
1293,0.03751988224589652
1294,0.06718338661623488
1295,0.050195758369780165
1296,0.00873179613925433
1297,0.08565884585372817
1298,0.09308944910833855
1299,0.06150727410273582
1300,0.043518867659158196
1301,0.05532168625289367
1302,0.10708532054270331
1303,0.050312707097486996
1304,0.02187665419669097
1305,0.06431643009184966
1306,0.03392636719287644
1307,0.020213913216905122
1308,0.11101044494393233
1309,0.02971494075879866
1310,0.01944926365848983
1311,0.15144903902742687
1312,0.06319936601520051
1313,0.05450733938081351
1314,0.05492926716589132
1315,0.034138556934446875
1316,0.033197012476093184
1317,0.03129509745699626
1318,0.030426129617038174
1319,0.019922837939245396
1320,0.07261880074466494
1321,0.057327657485032685
1322,0.07199985198201925
1323,0.07620774487804778
1324,0.013556925157600944
1325,0.09386991788391066
1326,0.10083592807373927
1327,0.02367144131390849
1328,0.02253377546958483
1329,0.08753502660997724
1330,0.021739389917750512
1331,0.010113096283888888
1332,0.04846950264756565
1333,0.03585875134822688
1334,0.010837122416996392
1335,0.059595533716460876
1336,0.0260958460220417
1337,0.0400664670548329
1338,0.03326508054497497
1339,0.0275264804490382
1340,0.049809163264111916
1341,0.022933661055884243
1342,0.026519072729792047
1343,0.054075717247199985
1344,0.01914320036535467
1345,0.015448237346625357
1346,0.04280009925254787
1347,0.0994253678060334
1348,0.04269385947025971
1349,0.00895969125132571
1350,0.09624872108239363
1351,0.04128478048314466
1352,0.007588683475971017
1353,0.04750642368558275
1354,0.02616137994984632
1355,0.006905409504197055
1356,0.040534999003671815
1357,0.10273743697555887
1358,0.042375925743603486
1359,0.06458705649957519
1360,0.11967410848343885
1361,0.02202645770555163
1362,0.062001017480186604
1363,0.06284629260931568
1364,0.07304833954939965
1365,0.014412719662611616
1366,0.18103232178782008
1367,0.03345459992864067
1368,0.05939812366608801
1369,0.06221929510939108
1370,0.06334222798371351
1371,0.01997646355154254
1372,0.06841398598564229
1373,0.06552187176508144
1374,0.06618453797586014
1375,0.046090887198478515
1376,0.09076998693346464
1377,0.06131978022675174
1378,0.04448921488499813
1379,0.07472792244879838
1380,0.009788917865398115
1381,0.021631807421856934
1382,0.013010030838923884
1383,0.09850839817316924
1384,0.008272666505786692
1385,0.08590429442574705
1386,0.05459004300754202
1387,0.04651190558787398
1388,0.03932610350331617
1389,0.05329815789832833
1390,0.09974775063026205
1391,0.037212152102440735
1392,0.013218716867804372
1393,0.06639423380477741
1394,0.026676380558812128
1395,0.07566412439022342
1396,0.02684073052853738
1397,0.016620997981739685
1398,0.045230424070069275
1399,0.10812966852974953
1400,0.02308684787035038
1401,0.0340715355272989
1402,0.15686123293508955
1403,0.03328835053940957
1404,0.08303772162026571
1405,0.06632524385319405
1406,0.034458534213146
1407,0.08030375983978896
1408,0.05727023423021999
1409,0.053063699319939886
1410,0.08020039967435552
1411,0.07802305963075701
1412,0.027619255075216488
1413,0.09008249352036887
1414,0.09691029120729967
1415,0.03793501570109552
1416,0.05870999080022135
1417,0.08211890350906277
1418,0.03270548172202278
1419,0.06324657630859776
1420,0.04948831406978551
1421,0.07828685565714527
1422,0.06200929932408901
1423,0.06994091931658795
1424,0.008255796600021915
1425,0.07513782337878525
1426,0.03484720731799431
1427,0.08060717066381762
1428,0.06299720650412069
1429,0.02340638850715698
1430,0.028227861844748986
1431,0.07793941030875355
1432,0.018016330644361575
1433,0.08541292941385716
1434,0.052066872490584504
1435,0.10619797403472539
1436,0.031094171551094774
1437,0.02677388228093917
1438,0.02280072004385193
1439,0.05242977709137484
1440,0.059063209606345854
1441,0.011173203390544131
1442,0.0920673369257491
1443,0.054823974982232924
1444,0.009827304928410828
1445,0.045191122474953355
1446,0.0732681896182774
1447,0.008955756828786817
1448,0.012181490212269882
1449,0.011973270459698798
1450,0.08994981575683933
1451,0.05655420760870363
1452,0.014117260806953991
1453,0.11987596789181978
1454,0.059474583176166655
1455,0.03535315295247262
1456,0.07570923812127513
1457,0.05514586342285507
1458,0.08167957970795434
1459,0.03288776506021024
1460,0.06907861185235536
1461,0.06945637156358114
1462,0.13708926585249764
1463,0.04508642916249807
1464,0.06611058536316398
1465,0.06333694845773034
1466,0.010697544097227805
1467,0.11254319356947044
1468,0.04485641259616906
1469,0.018491076661261492
1470,0.020653876813035012
1471,0.0646673496257995
1472,0.03696540012395961
1473,0.047287290515813304
1474,0.08025503415349808
1475,0.011956039189401396
1476,0.041979928858548565
1477,0.03504019886535038
1478,0.01248498673001868
1479,0.08589369441819934
1480,0.027249530329537162
1481,0.030846982191081698
1482,0.1292891764054235
1483,0.02854279021882794
1484,0.06664628588586845
1485,0.04765409997036329
1486,0.10448886715009771
1487,0.0212985557815129
1488,0.04785555049398499
1489,0.10359132449253197
1490,0.016483782431742793
1491,0.15273854239390497
1492,0.05184481097433002
1493,0.014010891015387137
1494,0.025899661786366487
1495,0.022623712166353463
1496,0.042475980535226096
1497,0.06272733434815361
1498,0.03021478595135211
1499,0.11126675686554655
0,0.04043819770224654
1,0.07349502286939112
2,0.10106530199105465
3,0.7958481354720611
4,0.5958444141769167
5,0.03928985114519118
6,0.9622359403879127
7,0.5454826813887053
8,0.5095982448513346
9,0.24367767228085563
10,1.512604106380386
11,0.13051473074916703
12,0.4504110080227144
13,0.23178577168820622
14,0.109102047745878
15,0.5685280967098053
16,0.3017993845752193
17,0.28119909855281583
18,1.0745520948182927
19,0.11011042436418313
20,0.8497196713657966
21,0.13079377168454834
22,0.810032765049959
23,0.12776443334481383
24,0.046830588805279
25,0.6290180181344168
26,0.18412443850416424
27,0.10358748331927216
28,0.5217445824423026
29,0.27999092285530236
30,0.10394437817627229
31,0.4293358977679106
32,0.34119908902970775
33,0.6759788097294284
34,0.28044395043411835
35,0.4467187260576954
36,0.3329302032163396
37,0.4317393899083153
38,0.5926803906957621
39,0.1580836755877804
40,0.8970765133234408
41,0.1298106534251959
42,0.0899830608547086
43,0.08520841152239868
44,0.2628270163302334
45,0.36621190486531585
46,0.39517342176848597
47,0.179808206656452
48,0.3400413351809252
49,0.47411567841526364
50,0.3439207500361234
51,0.09284591401106687
52,0.5563427770745717
53,0.2859177324556876
54,0.5561334650321662
55,0.2874830105219389
56,0.32195558167916605
57,0.2889425404758434
58,0.3389410793102802
59,0.28642047877623805
60,0.5456032985243424
61,0.28900619173738434
62,0.26494739765912073
63,0.11117715308851218
64,0.443804416468113
65,0.29914093791645935
66,0.49861279491585775
67,0.25029684671103725
68,0.13069170042701472
69,0.6426074953313611
70,0.28582020393117313
71,0.5475122852504521
72,0.27033332683990574
73,0.1695030063466047
74,0.41735245053838355
75,0.3919943045559604
76,0.41583774838001575
77,0.39151362539916174
78,0.09021606983171525
79,0.48261074004099835
80,0.33519496045317876
81,0.482495448999951
82,0.21221055607749445
83,0.3799933487537602
84,0.0859432459758012
85,0.4200089585620377
86,0.3796166656988903
87,0.3467097523691516
88,0.24554978404452762
89,0.2930432355959548
90,0.5261703873037011
91,0.29522347185745695
92,0.11423251158756996
93,0.583928690378155
94,0.22661651274203617
95,0.6473988792019479
96,0.2292613087885021
97,0.3065091914251828
98,0.09044176053357095
99,0.4688006208731011
100,0.3424352823950425
101,0.47518564640016103
102,0.0898644262755669
103,0.4837631283929384
104,0.3360084646229026
105,0.4865945576357125
106,0.33500746895117584
107,0.48660085204989745
108,0.3327859695569146
109,0.4079892902946776
110,0.2018860565050815
111,0.31648698531521546
112,0.5133496231437884
113,0.3170782491371324
114,0.17383104773472463
115,0.08961437792860123
116,0.45690560818579107
117,0.2158965604834061
118,0.45307823116611945
119,0.11131172156552273
120,0.1493178835973422
121,0.44952620484152755
122,0.3352077221220783
123,0.06130056526826163
124,0.31931510915224515
125,0.35951066319423675
126,0.36340490508464685
127,0.13947713601775588
128,0.14525298230378816
129,0.5259845883259862
130,0.3436133812524207
131,0.20800616514858283
132,0.3566287047105617
133,0.5089529876900047
134,0.07731847096291453
135,0.6467320107084453
136,0.2485950921017325
137,0.780373596584979
138,0.2132774756693374
139,0.18876962283447093
140,0.8169313594872689
141,0.1242057295999891
142,0.8595547722487837
143,0.14483784894505053
144,0.8493603604834532
145,0.1480741884053457
146,0.21154478568027998
147,0.14094948917803768
148,0.33521031151569736
149,0.4668641385632691
150,0.33266426474177646
151,0.08530817624910433
152,0.46718360233164496
153,0.28649665884305786
154,0.08283073496247301
155,0.4767866872421675
156,0.29050159279843646
157,0.5318620917570194
158,0.23856727457425003
159,0.3397835996613152
160,0.30478781693456775
161,0.5172591440368494
162,0.1996215203296954
163,0.48830100988210334
164,0.2619341922936959
165,0.5850077814674991
166,0.2602630392202261
167,0.1372209167534347
168,0.45217953787791537
169,0.35226375507029123
170,0.45763816373634775
171,0.314587506865402
172,0.20533494597369623
173,0.3036300072219581
174,0.47193518793834427
175,0.08855229485142976
176,0.40899556150994776
177,0.3793145000737076
178,0.41843298503589393
179,0.32474647286271563
180,0.06201481418778131
181,0.4575471991327586
182,0.3151205996446443
183,0.42923868292876394
184,0.08623195649365732
185,0.5712580123749136
186,0.25026500865428936
187,0.08293398749366968
188,0.8126647320173707
189,0.17249827010181612
190,0.7433368468592542
191,0.1535057954673247
192,0.16264551565815333
193,0.48048883173285983
194,0.32048323794610994
195,0.1148618847628403
196,0.4868394368063822
197,0.23399013320571338
198,0.5948876059563142
199,0.21110163440722504
200,0.6787830216540829
201,0.20320523676985894
202,0.6589532133667729
203,0.20870105140857412
204,0.6164964907436394
205,0.12804224061305655
206,0.5370276067753773
207,0.2824251612651731
208,0.5368468786654182
209,0.19805919735793692
210,0.5943540128287512
211,0.21882481507372992
212,0.6401278458887065
213,0.2264639120769316
214,0.6320945630972783
215,0.23295655829757825
216,0.08692031575645771
217,0.6691384729835193
218,0.214779434266298
219,0.6671122878554681
220,0.21897715016472072
221,0.5006144288354981
222,0.25394301651251944
223,0.11889885918624636
224,0.4921591903753375
225,0.3217038338911698
226,0.4787723998366224
227,0.33008079887475245
228,0.11044657683521159
229,0.6547626424344563
230,0.22002579435565076
231,0.6654314403650212
232,0.21988817688711615
233,0.5446989236335824
234,0.2337322044900353
235,0.10151503140878675
236,0.676270881392873
237,0.20055793290923993
238,0.644029900635436
239,0.21391802907661991
240,0.5062654534162871
241,0.24964220997045722
242,0.5851434317552349
243,0.20226037930157276
244,0.5403442048931191
245,0.2560688420252355
246,0.5860699143978242
247,0.2587330859898611
248,0.4342356700093846
249,0.3068754818436918
250,0.08845566233718878
251,0.6457060701211472
252,0.22587083468860825
253,0.31381008509426495
254,0.07370353093308318
255,0.4104003793657777
256,0.38578308156434676
257,0.4082618384721987
258,0.21966748428265254
259,0.29718925406880964
260,0.3151318399645561
261,0.5111927108833957
262,0.31306605127129444
263,0.09088742297603167
264,0.7580984694262971
265,0.1807853220100894
266,0.7310205465950402
267,0.1776649094413026
268,0.2611728927304769
269,0.46388701922066655
270,0.16813351666564127
271,0.7205698689620742
272,0.1794046773799512
273,0.1157484739863819
274,0.7459365537293473
275,0.13958480258489922
276,0.8273073886965671
277,0.14442759321049642
278,0.7185144644226147
279,0.16590543142081268
280,0.34365075820082985
281,0.3588276910210928
282,0.3977120643391231
283,0.2949444324238181
284,0.8167932143654103
285,0.1395703874175904
286,0.8182077670885562
287,0.14915704257146076
288,0.6213335183019104
289,0.18332163668443646
290,0.30277423002881115
291,0.3667083662896575
292,0.41784357099452957
293,0.22815724348558092
294,0.45918419316394593
295,0.23426655568172355
296,0.6100793214193695
297,0.22808735948106268
298,0.05651793106518812
299,0.6408724774300315
300,0.21433904078161195
301,0.1955593833488276
302,0.25110577217588653
303,0.29549823547081383
304,0.5277187070894311
305,0.21727478316321613
306,0.9997131004113058
307,0.159081592940875
308,0.77728736343205
309,0.17390708039258113
310,0.7191049811947292
311,0.18323716697902373
312,0.14321025007039342
313,0.5132532963793497
314,0.3112539371365093
315,0.47997885509068927
316,0.15084697687764761
317,0.2961440241778746
318,0.48925944414558226
319,0.31270483538124877
320,0.49311031208827655
321,0.31017738302203335
322,0.07861378444385404
323,0.5321295282510978
324,0.29711740713220436
325,0.5259257467644135
326,0.2891462385410661
327,0.07175697624947097
328,0.5864518541846787
329,0.2531258356708212
330,0.5699828040501245
331,0.2553027427948925
332,0.07272700959701969
333,0.6794497481084719
334,0.21223039254886525
335,0.5863961699175186
336,0.23538325049773456
337,0.376231084124139
338,0.27764757468344153
339,0.5273410403353872
340,0.29131622274105595
341,0.52727838305626
342,0.19253515045618652
343,0.6297411589451349
344,0.2256873600769757
345,0.5695229677728268
346,0.24722752717828403
347,0.15242433112943132
348,0.46470906644541454
349,0.22210872028306616
350,0.6163538149090207
351,0.2401925440892125
352,0.23706376462679163
353,0.3793622479496673
354,0.3943489454247765
355,0.24127710599361163
356,0.16608937219327566
357,0.7725408045166003
358,0.15035629513811172
359,0.7943199547408866
360,0.15999857806488327
361,0.7707595277447504
362,0.09201381086600467
363,0.4334125628823267
364,0.3699430630530495
365,0.42808413940450046
366,0.3752585308546967
367,0.11639779815908391
368,0.5803327242829079
369,0.32684038618827477
370,0.4707169744904091
371,0.3300844489853255
372,0.4788241877939522
373,0.32845505961466015
374,0.3636157341520538
375,0.30918118642115044
376,0.3374344376045178
377,0.2511715548465299
378,0.5838919355057806
379,0.2524267500915981
380,0.10723013068097502
381,0.46400064074668546
382,0.32081436991483514
383,0.46860522228591744
384,0.3301761726941411
385,0.33174435071501834
386,0.08476125459653679
387,0.445218635801069
388,0.35485695718882254
389,0.44563806100538594
390,0.3060289295747316
391,0.06610145910673107
392,0.6199675668850347
393,0.2856979388548554
394,0.5669664211820561
395,0.18391425804734737
396,0.7175681516742338
397,0.19973918747626318
398,0.6846718345328254
399,0.19493810076520685
400,0.647564543033021
401,0.20488945788729088
402,0.11188841282074381
403,0.5221002763566465
404,0.29020393317192544
405,0.45741836443568373
406,0.08463176422373242
407,1.0631766010828634
408,0.21321628665769776
409,0.6975869578699405
410,0.23385116327379787
411,0.6604200648101609
412,0.23737371096539664
413,0.1338192536731831
414,0.9391393506525468
415,0.16597638954231528
416,0.8635321813158482
417,0.16476657267112618
418,0.8026439681556758
419,0.16939162593236642
420,0.20593743933705083
421,0.5209051456445378
422,0.18354859983036106
423,0.7473306944456043
424,0.1880097906629183
425,0.07082456687666087
426,0.7154801434824196
427,0.19317039807424674
428,0.6711671987691764
429,0.19750331156578863
430,0.3509028535673717
431,0.3357492509184278
432,0.47422927173651985
433,0.2007192020419813
434,0.730448301382666
435,0.18183114318750937
436,0.7193289742105934
437,0.1953999474549589
438,0.0817573354784686
439,0.42958406349341094
440,0.2670091203286672
441,0.12488486157642642
442,0.4267033432433163
443,0.3464596987529348
444,0.44682178987631144
445,0.3491090217691334
446,0.0858844371243144
447,0.4745984834612178
448,0.3306305591008205
449,0.6559719914057996
450,0.2725113554358394
451,0.2959010096141583
452,0.12905469465624225
453,0.36359412788607126
454,0.4197756167448064
455,0.37524941572714343
456,0.19777843029450048
457,0.32189247643085417
458,0.48045761461865877
459,0.31842510718620376
460,0.20852235465778168
461,0.3568571515954824
462,0.37047670777134434
463,0.403457746262247
464,0.2961890014980383
465,0.5624440000358533
466,0.19586759095466755
467,0.6631837385047085
468,0.21199067783632536
469,0.3555858926623981
470,0.08021108346468163
471,0.4078329239626102
472,0.3993745321091435
473,0.39304317142627304
474,0.0661311039377407
475,0.5857811152073006
476,0.2544382117743017
477,0.5355795147219686
478,0.2696544862299128
479,0.0942239630502127
480,0.7484630229090306
481,0.17202738550174035
482,0.7253294875808839
483,0.1839421485444114
484,0.07647020628636324
485,0.11702462941806847
486,0.5374506668306698
487,0.36563169938681844
488,0.284476871854965
489,0.34310257124138344
490,0.49701129754823103
491,0.3188077152832638
492,0.6313565023093952
493,0.18088277777561368
494,0.6853341391722372
495,0.06987043393564915
496,0.38053202157951543
497,0.419301995704103
498,0.3561650472339919
499,0.15562807181451183
500,0.7103330132010887
501,0.18551614675323236
502,0.7186329806108421
503,0.17620177538255302
504,0.7045843620390827
505,0.09079975582384964
506,0.4636935949170146
507,0.34855302996569587
508,0.44634701524962256
509,0.3592708144403215
510,0.3794641470666132
511,0.13920978158997535
512,0.36486949495278753
513,0.47498841295108757
514,0.34603912879698134
515,0.08131345923234108
516,0.5008876066241729
517,0.32193125963512526
518,0.4881078329671159
519,0.32482506779332015
520,0.07302958051120698
521,0.6537968448384006
522,0.251927662026984
523,0.6065644266322948
524,0.2588711322216818
525,0.07475239237037173
526,0.5683614910228939
527,0.32558776402243006
528,0.512410567387978
529,0.12978397875529055
530,0.6686420881336078
531,0.2400325803421457
532,0.6097120510959161
533,0.22278646846525585
534,0.19779180007459043
535,0.10585203042149001
536,0.4127424761272081
537,0.4084070370610941
538,0.08909934776711993
539,0.33402170130408715
540,0.36171447010017166
541,0.46126494154954617
542,0.3214391025926947
543,0.3275329323296676
544,0.29709527181649054
545,0.5496526015876785
546,0.26720656349599087
547,0.11529222128200328
548,0.6580606399542447
549,0.3123181741061514
550,0.415123689991544
551,0.12136228916593682
552,0.516150570158952
553,0.39019849210415253
554,0.35420100710055175
555,0.09585099696207341
556,0.6760092997796573
557,0.21549795081478593
558,0.6498755669302396
559,0.2207212762042931
560,0.08504247707445688
561,0.570713355122515
562,0.2620353254840174
563,0.5709025220769685
564,0.08849945664064184
565,0.5060806128386571
566,0.3008941296826723
567,0.5003411412662595
568,0.2978797057457389
569,0.5133166286939389
570,0.13968850389084533
571,0.3825989929401279
572,0.4752947133664408
573,0.4066121477971062
574,0.3915106786958496
575,0.4070576309227633
576,0.38456448540381216
577,0.12121134167128644
578,0.3925446440836721
579,0.38868821489065464
580,0.404654348023416
581,0.40070279310203644
582,0.38553651946609757
583,0.15960996436430214
584,0.6376060346582748
585,0.21204087474516572
586,0.6173209676854928
587,0.22800914540956854
588,0.1403514877932863
589,0.4156179388457793
590,0.24402057586787415
591,0.6073395107019691
592,0.244173082409492
593,0.5022746568397092
594,0.23096466510644706
595,0.46265941965037494
596,0.1446241139398079
597,0.5980171365246302
598,0.23908148256335562
599,0.5981079826428459
600,0.24892773889379524
601,0.6042246090718282
602,0.2441919942843073
603,0.5642764524874638
604,0.23197735220731053
605,0.2959201632452359
606,0.33217622789979334
607,0.4534680535224363
608,0.3381231691235344
609,0.4490747525483207
610,0.31855890447434226
611,0.15771605912529832
612,0.3768225007388543
613,0.41173644828423167
614,0.38776272073173257
615,0.40622551245524174
616,0.3946396082477485
617,0.11593634530477975
618,0.4015405217207194
619,0.3937726127097194
620,0.36287299765277586
621,0.4195538830140929
622,0.35763510573068186
623,0.37013133930577463
624,0.24967603585264492
625,0.6017747528066677
626,0.25141041815406573
627,0.18377714015813565
628,0.4156309399759702
629,0.39415449471786723
630,0.41195538385512664
631,0.39282777653683026
632,0.359757772914927
633,0.08662223263048267
634,0.45685374869531314
635,0.3427275224894739
636,0.4626552761148435
637,0.34272903572004587
638,0.45684263877480136
639,0.19181602042365678
640,0.2988705464664733
641,0.5115717033541578
642,0.2992840273862027
643,0.34092508262182153
644,0.19700366175334097
645,0.9892103589627627
646,0.17482414196134738
647,0.8120287006920891
648,0.170194011250658
649,0.0727812394619621
650,0.19611408050276385
651,0.40249722588165604
652,0.17637008797885662
653,0.41608224128594357
654,0.298283753997129
655,0.5497630288312203
656,0.2940461768663621
657,0.2872210134194898
658,0.328337147159413
659,0.5040827726935656
660,0.2631290713779685
661,0.34004347943715785
662,0.3041571850073524
663,0.49383881998996837
664,0.3193882854620786
665,0.23152703191538854
666,0.5670175904700295
667,0.20484615933307426
668,0.6824713467895267
669,0.20649018244973977
670,0.17762538613547338
671,0.06807948237180467
672,0.5357800545639655
673,0.2828513914038065
674,0.5199850266315139
675,0.23142896208181973
676,0.5354533326492288
677,0.23214492575809836
678,0.6018440269250301
679,0.2456399926469065
680,0.15719858681570167
681,0.4288132516946802
682,0.3626619310067058
683,0.3819673216578279
684,0.16519064143409112
685,0.6824370459596985
686,0.1885389310284371
687,0.6888602770490042
688,0.19441396434076863
689,0.08806224075085498
690,0.7652413769941704
691,0.1677335405222659
692,0.7752198865029061
693,0.16657239137445295
694,0.1329670697495619
695,0.5331999698304595
696,0.2825835833522402
697,0.534575870450337
698,0.15640086959383193
699,0.7043661313113349
700,0.22660866831851673
701,0.6513291513545606
702,0.23861000197533416
703,0.26148222417409195
704,0.38487351918143897
705,0.44983602044975723
706,0.37084728291507635
707,0.15933972492992476
708,0.3760252861060532
709,0.4330070735058969
710,0.38280083424844485
711,0.11560327725359493
712,0.4744160531205628
713,0.40066168870525803
714,0.3770559989042833
715,0.1788437273912369
716,0.3834947538726501
717,0.4701049368074264
718,0.369786009318762
719,0.14249741202451696
720,0.8184734744141691
721,0.18831707707601517
722,0.7474632541330749
723,0.18315544916780938
724,0.12303840914665291
725,0.5422291571084468
726,0.30645604108185437
727,0.49346661780994655
728,0.08376673729136838
729,0.5380974998142528
730,0.29556371401312453
731,0.5195843161054737
732,0.2847459617812333
733,0.26598532433155175
734,0.15374163470849989
735,0.36314235306577236
736,0.45785425466217894
737,0.3575161817542096
738,0.0844793013337237
739,0.4816107677620696
740,0.3203960882703595
741,0.49078941601809645
742,0.30542446841823323
743,0.4779008301174279
744,0.09980035872669546
745,0.38124571491365633
746,0.421157343069016
747,0.38464250649720777
748,0.43207565667611453
749,0.0910351373749262
750,0.4483589847400759
751,0.38650266611888856
752,0.23713822622054773
753,0.4043625729211518
754,0.28183505811668436
755,0.5909052434132349
756,0.2656603255219683
757,0.5046581766611659
758,0.24956803439238548
759,0.611778588638354
760,0.23019215150566552
761,0.17174105784422825
762,0.7048136491198367
763,0.16670167244602244
764,0.8095801906166226
765,0.15883380228306085
766,0.3308493385738067
767,0.44788628199162867
768,0.38628453043373023
769,0.28099020553993
770,0.34608993993556797
771,0.543611754593531
772,0.32057322759158685
773,0.11085372312764985
774,0.5432140866803559
775,0.38217748197176316
776,0.47662553154045734
777,0.09515841501566746
778,0.3736281059843705
779,0.4443918912302288
780,0.0875501150957236
781,0.6066820851601488
782,0.283149305669917
783,0.6059583840395704
784,0.2167006481023458
785,0.9122217273483039
786,0.20024188524265638
787,0.5994869430900426
788,0.24605479328790106
789,0.18800487591138126
790,0.4465779204055093
791,0.37924093965200323
792,0.428529365179862
793,0.09508553431734242
794,0.41450223780407996
795,0.3821455641131835
796,0.39982800171341437
797,0.14835975292945916
798,0.29161855415395865
799,0.34409161794990417
800,0.45125386189484634
801,0.08171849311785831
802,0.5656691341035174
803,0.2703698955263677
804,0.5492499519908941
805,0.272860920418919
806,0.5504070684189896
807,0.2715300213479257
808,0.07613860728787532
809,0.6156693274758613
810,0.2357438717920234
811,0.6316544151759261
812,0.23587069064523986
813,0.22909654130636736
814,0.3594297962196855
815,0.41306030723293397
816,0.3842719386147238
817,0.3639087770495205
818,0.14685377335396432
819,0.3618297696824246
820,0.4380879984841259
821,0.3562494716651954
822,0.42946926760910026
823,0.24494857447125287
824,0.39560872364214744
825,0.25961129296232743
826,0.5756857185516064
827,0.24701935222037574
828,0.5349529246788552
829,0.2082733720868639
830,0.3948777419651024
831,0.2870683419698621
832,0.5285997788637543
833,0.29183279900304654
834,0.5265342202486372
835,0.29097356158210264
836,0.5314964412120713
837,0.10542238270776998
838,0.5088646934797438
839,0.2875953997047576
840,0.5337403690179618
841,0.2851709708796833
842,0.512656842429618
843,0.218063701511353
844,0.5877357512653021
845,0.22542293510785644
846,0.6430931289054848
847,0.22692039875552555
848,0.6424110602281887
849,0.21842737184501898
850,0.4321644199203987
851,0.28607957157895253
852,0.5300404093781668
853,0.2895305433755757
854,0.11314986972857968
855,0.5543324699744405
856,0.22054617815858718
857,0.6465912931512074
858,0.2239344607045303
859,0.27482454762086556
860,0.08298411452097246
861,0.5296528734526773
862,0.3420140634126273
863,0.4936764276401207
864,0.33646515077172473
865,0.5513900147894351
866,0.2120950113116792
867,0.7205999011042661
868,0.21158963326158692
869,0.18947647687211622
870,0.38884547432246175
871,0.3949529645842328
872,0.6347955580472567
873,0.34515218089658384
874,1.7227815613967083
875,0.18951697715089907
876,1.255942603322995
877,0.15732351858723992
878,0.9494306426322124
879,0.1584903085845875
880,0.32655263884649377
881,0.45878528041143746
882,0.4172546202435388
883,0.4252211569804297
884,0.22943893790135053
885,0.5056976855893738
886,0.36514260226108647
887,0.4606635619905055
888,0.15267365567990346
889,0.4692557567868731
890,0.43421307813545557
891,0.3594919997488776
892,0.5293586594906816
893,0.23550907996453252
894,0.6395154325681113
895,0.2519965927533253
896,0.257610457233952
897,0.8806003530462283
898,0.1589760181223558
899,0.8170284210136788
900,0.16681612839260299
901,0.3918899698196973
902,0.3695425357149132
903,0.46308342888920545
904,0.3804160047513594
905,0.28071647794782245
906,0.6505445178121035
907,0.1823940922594591
908,0.7788201737859745
909,0.19000934582722642
910,0.5728053750594396
911,0.11347713186691094
912,0.5982357862849245
913,0.28907251658362243
914,0.530396618493234
915,0.3029992365541206
916,0.44708192779867334
917,0.27142112228712995
918,0.609819222039715
919,0.25455911491834415
920,0.14773631646415908
921,0.47041548986106035
922,0.3284087723850636
923,0.5182319270026953
924,0.18603758427516628
925,0.48991646695103774
926,0.4449442514463796
927,0.37578389610888946
928,0.4473199108628168
929,0.36054251123037984
930,0.31317935471224545
931,0.3201586844792279
932,0.2803765954526248
933,0.5470307389259459
934,0.2729423511484193
935,0.10445121289652456
936,0.4337212766978768
937,0.27828926399080184
938,0.4914334601374059
939,0.13162341649416645
940,0.750159270783654
941,0.273514319405654
942,0.6472206143739958
943,0.27162445296773335
944,0.16808673659898696
945,0.5968662522428234
946,0.3819173391152365
947,0.39030189969174345
948,0.18503904592492965
949,0.6573239992435403
950,0.2486509085685463
951,0.683412023800771
952,0.20644652855680343
953,0.17545312472152738
954,0.6275401812589712
955,0.18883609228230613
956,0.7480998767260935
957,0.20514539461657585
958,0.22440659834944404
959,0.7866311469790896
960,0.3493994571456808
961,0.5433116942583867
962,0.2763231926534626
963,0.5697043660501858
964,0.2677192149007154
965,0.5429003462784046
966,0.294857320260095
967,0.5229876546635487
968,0.2500434208632896
969,0.4943722121621249
970,0.24308156562242503
971,0.6043335786661289
972,0.23728975525186943
973,0.6201835806159108
974,0.08415084123847139
975,0.4263419714072628
976,0.3897850773903223
977,0.41632969339421544
978,0.3917064192777293
979,0.20830925344409174
980,0.3390788793761479
981,0.5149415731683031
982,0.35455869263225925
983,0.6948275694720248
984,0.2713502102959911
985,0.6030534629802754
986,0.26053305036053537
987,0.5914919645446081
988,0.21098648603086184
989,0.5514632518497372
990,0.25319389805029613
991,0.6068842488652975
992,0.24447666079697183
993,0.5761135202157025
994,0.15828613160387361
995,0.6628411396817062
996,0.24642918791055277
997,0.6364505607571809
998,0.23569754198338483
999,0.6335978687577439
1000,0.24057014917270197
1001,0.4462634624594024
1002,0.2763220866301566
1003,0.5380104717622616
1004,0.27794994729194383
1005,0.5503550556769563
1006,0.16396632445885292
1007,0.24347139313755134
1008,0.3872970667521308
1009,0.408735186116073
1010,0.39455338512969484
1011,0.1786839102702037
1012,0.5115107003743251
1013,0.23832701438568388
1014,0.6184831340134294
1015,0.14147516710442895
1016,0.4586355832761779
1017,0.29036315833804044
1018,0.5281782047670613
1019,0.2904131478550102
1020,0.5182332725847296
1021,0.2748607569699424
1022,0.09026882088153566
1023,0.5266163108435808
1024,0.29495921079494514
1025,0.5293169162261818
1026,0.2819743435995296
1027,0.15364996037961798
1028,0.4123067410204327
1029,0.3893189722678116
1030,0.3899911437349935
1031,0.28339445758148385
1032,0.28140087329504926
1033,0.5442092910272253
1034,0.24167421660498759
1035,0.7575854508563026
1036,0.18191128715435034
1037,0.7186574353843681
1038,0.19272028214727036
1039,0.5677943466757178
1040,0.1863050253995176
1041,0.4454518816636926
1042,0.26067935245917895
1043,0.5413089075312887
1044,0.26588466612867767
1045,0.3440142301351812
1046,0.28641937392238775
1047,0.49579818805935993
1048,0.31660747401900347
1049,0.18647326015464563
1050,0.691700891188588
1051,0.18045832054436695
1052,0.7225394190562701
1053,0.18524837704409913
1054,0.7365128614860216
1055,0.17963956077885532
1056,0.40323452781850894
1057,0.32091276778646854
1058,0.4705944745290074
1059,0.18170806862764785
1060,0.7060554009735153
1061,0.20488385444096877
1062,0.7124672055246486
1063,0.20365316540158204
1064,0.5883152610629467
1065,0.2317494383219425
1066,0.4611000336127011
1067,0.11409420116257764
1068,0.49767530074491895
1069,0.3834115994918674
1070,0.4127902807598333
1071,0.38667485331586204
1072,0.3435035159737
1073,0.08844354573899929
1074,0.6768711438477371
1075,0.2470920201904981
1076,0.6142612151117872
1077,0.2535410718906191
1078,0.5847133925665615
1079,0.24896792093524236
1080,0.6270911963586954
1081,0.24053160834792284
1082,0.5100449416305449
1083,0.259197344520844
1084,0.35123213937904063
1085,0.3193034752620465
1086,0.516214020098828
1087,0.3238258016961125
1088,0.33249725530964563
1089,0.17093135298660425
1090,0.37241022097923754
1091,0.4417421639911994
1092,0.38311646264781296
1093,0.3184979872337882
1094,0.43699768889538443
1095,0.2976093290700183
1096,0.7063393174002071
1097,0.2897198218786118
1098,0.09437821244632696
1099,0.7460895573059826
1100,0.2778690398350867
1101,0.17229703106792213
1102,1.0376031047171461
1103,0.16621869055265007
1104,0.9125028592441106
1105,0.1714940412770747
1106,0.3781796067123538
1107,0.4416022323950212
1108,0.44930882682970225
1109,0.09997183341691514
1110,0.6001158541929443
1111,0.3705042913108233
1112,0.48989558869480304
1113,0.3792025999305377
1114,0.4714731984029033
1115,0.2432941247429776
1116,0.6781239479798729
1117,0.21896653678079775
1118,0.1532197469968901
1119,0.5058394264358689
1120,0.3182463857256304
1121,0.3312927960946248
1122,0.44572452192281253
1123,0.5092744683657754
1124,0.11635494275879474
1125,0.6797961526220399
1126,0.2767200785655962
1127,0.6864719438277955
1128,0.24531022197903266
1129,0.2874277007410872
1130,0.45528556939794435
1131,0.4185328081347634
1132,0.103907595776486
1133,0.5102905763654648
1134,0.3480472945527205
1135,0.48845040757346214
1136,0.3480379645857745
1137,0.6110216791259336
1138,0.1924884404594503
1139,0.6815711659392578
1140,0.21425424608664997
1141,0.07977045754918881
1142,0.6659150471943133
1143,0.21855428770194507
1144,0.658773366379425
1145,0.22350393546194355
1146,0.3119486344320012
1147,0.1599298121977194
1148,0.3242193872417541
1149,0.4827071925213406
1150,0.327476073387755
1151,0.37790078736342436
1152,0.16608378038514418
1153,0.33350556237394036
1154,0.4618621964679733
1155,0.34073394588116035
1156,0.3150328039749425
1157,0.27408727918535924
1158,0.552874529782367
1159,0.2726126466365482
1160,0.5428868083406445
1161,0.2764309830605183
1162,0.12015553281813426
1163,0.7433323173920242
1164,0.18287745387159995
1165,0.7434266806799745
1166,0.18307283784274697
1167,0.7356717754214073
1168,0.18573139376822476
1169,0.580904471337103
1170,0.22006186196798272
1171,0.31860179772037256
1172,0.450546765709504
1173,0.1897996941737641
1174,0.7248571147195128
1175,0.18327926148366536
1176,0.6421625347159969
1177,0.14842127992249038
1178,0.5428504911337366
1179,0.2825617780473132
1180,0.5398331605444413
1181,0.2857237918494311
1182,0.11165605631524832
1183,0.47568028856845757
1184,0.32854596025482313
1185,0.48132160474194124
1186,0.12303281156329976
1187,0.5727297111009279
1188,0.25184869801881243
1189,0.5811560943942392
1190,0.2540985572296591
1191,0.5235237911546582
1192,0.23445016078993813
1193,0.40628999163678814
1194,0.28026219390890283
1195,0.5439117490902848
1196,0.278604941460244
1197,0.547327116810997
1198,0.13810024595534315
1199,0.5950716080141343
1200,0.24848206775955103
1201,0.5975899859377911
1202,0.24980372896901498
1203,0.16814485777092553
1204,0.601963138041111
1205,0.19561018381028092
1206,0.5661017586997071
1207,0.284350884939129
1208,0.7119170809640496
1209,0.29135083184234023
1210,0.7001349837736738
1211,0.29845760651254416
1212,0.13504369431327853
1213,1.327140147191964
1214,0.14857852926476744
1215,0.7352619527321239
1216,0.20790933766322095
1217,0.11944946515714346
1218,1.3377083865761037
1219,0.175983094750518
1220,1.2777356704394984
1221,0.18317505695155764
1222,0.4352160791345073
1223,0.5451233662518714
1224,0.4761292960357616
1225,0.3744771936205279
1226,1.5679075849928752
1227,0.14740082798080606
1228,1.355721447273916
1229,0.13967085514071684
1230,0.3561306603240778
1231,0.18732142788436335
1232,0.3784541591066818
1233,0.5769167322191784
1234,0.1548650554437895
1235,0.7109559773813863
1236,0.3241919839600195
1237,0.6521021086908629
1238,0.22023616119674752
1239,0.5196203365419171
1240,0.25065520496627225
1241,0.39129765222936935
1242,0.6209943447944225
1243,0.2777571031851489
1244,0.11069629989542303
1245,0.7527390077802024
1246,0.25402282711456947
1247,0.7214408340667476
1248,0.25248771458117364
1249,0.7235119700062805
1250,0.3899632515595523
1251,0.5405079791822633
1252,0.32122289284584044
1253,0.24770249304622236
1254,0.49122668476362985
1255,0.45871500710520413
1256,0.34489906786324415
1257,0.859684352358001
1258,0.20522837372286623
1259,0.8406430056440417
1260,0.1936962198720586
1261,0.2737253142210808
1262,0.4819436436924263
1263,0.4177636200398966
1264,0.2753465069624406
1265,0.34653920252971276
1266,0.5490832231751763
1267,0.28089498729297874
1268,0.08565191565301622
1269,0.5450835989350618
1270,0.2903746111080445
1271,0.5648244332827878
1272,0.27084328496375976
1273,0.40049884158451143
1274,0.3236181220032603
1275,0.2268260171726592
1276,0.6129652227635614
1277,0.2291323590667449
1278,0.6233681041209116
1279,0.23228329092601024
1280,0.19780086099308752
1281,0.44871208743273694
1282,0.21469184042302622
1283,0.6669331889361267
1284,0.2130985352805938
1285,0.36008247373485597
1286,0.32010959069963785
1287,0.4905214260259558
1288,0.31405764086502574
1289,0.34824821943920725
1290,0.25338862529904355
1291,0.5608908007910808
1292,0.2652426329227449
1293,0.1964614128749396
1294,0.5756135899300528
1295,0.32848591989059817
1296,0.087793763522408
1297,0.5985144402693559
1298,0.2366133057675517
1299,0.619858674854701
1300,0.23999054945608292
1301,0.08306698619031946
1302,0.6335571044324482
1303,0.34815938297184207
1304,0.5478440424524365
1305,0.2868708179454112
1306,0.49476712249524735
1307,0.2734794592456523
1308,0.6424367871107551
1309,0.27758338334689264
1310,0.1376407800523698
1311,0.5492631958433053
1312,0.3679137926102139
1313,0.0999427178603512
1314,0.8696826836349261
1315,0.31650314700017135
1316,0.7812352794872992
1317,0.13430510407839297
1318,0.6169129156582667
1319,0.33345238383264947
1320,0.531810075183471
1321,0.3277498433647942
1322,0.39762178822106026
1323,0.3573432271723853
1324,0.5927682136213436
1325,0.3400890001212233
1326,0.0943170553144224
1327,0.7480235054181983
1328,0.24498527663127606
1329,0.5633858259480284
1330,0.22322020045427762
1331,0.6006813034653308
1332,0.23216419402058558
1333,0.6330322414406024
1334,0.2283815671199849
1335,0.6126919996618022
1336,0.18532007703083436
1337,0.6311877018036818
1338,0.21867676003880973
1339,0.6102455568150125
1340,0.2391515740303962
1341,0.5379671639485599
1342,0.2596243220427548
1343,0.3079341565519303
1344,0.32054436188940383
1345,0.49282544026213254
1346,0.31995579196206597
1347,0.14769196688443104
1348,0.6200910003806335
1349,0.20109293808936662
1350,0.6739167709044608
1351,0.2038749706220902
1352,0.6847662204170745
1353,0.1941520595193129
1354,0.42002558544484475
1355,0.29851629069210855
1356,0.48640322462863095
1357,0.3178007351244756
1358,0.19622540862814994
1359,0.5501306366260756
1360,0.24399296154057584
1361,0.5500478876168478
1362,0.26539925956017285
1363,0.2959893229117985
1364,0.38897999751956414
1365,0.4736410039992814
1366,0.40194393663894196
1367,0.10710495971623318
1368,0.5534207013764944
1369,0.3238031955319932
1370,0.5371646408836025
1371,0.09860757407363883
1372,0.6428961420106204
1373,0.3943077377286083
1374,0.2873205674705058
1375,0.42778819718947525
1376,0.5399531871339639
1377,0.32533646954754036
1378,1.7997014539984069
1379,0.16170336302073263
1380,0.9792188980396168
1381,0.18145162976539495
1382,0.925732305765144
1383,0.1649507808052519
1384,0.5458783714372812
1385,0.3220504765340083
1386,0.5392399363789269
1387,0.2991853675388477
1388,0.7748000487263499
1389,0.2134175706750133
1390,0.8568828009932644
1391,0.20380022339353995
1392,0.6488942569950467
1393,0.2763896440694042
1394,0.6410236689898635
1395,0.2477324336147727
1396,0.5926918773670846
1397,0.1398659684486867
1398,0.6063158520871151
1399,0.2863995470316825
1400,0.5693925896353838
1401,0.2754431025434659
1402,0.16268632436730074
1403,0.5678514280762526
1404,0.24199983034933745
1405,0.7330403644420624
1406,0.2343465357885668
1407,0.46481560326189975
1408,0.3107987982481906
1409,0.5368400422199162
1410,0.2970766730856753
1411,0.5381255259127622
1412,0.25299048898594584
1413,0.2622816559975002
1414,0.6128990152811512
1415,0.24472294195455743
1416,0.3139565192651906
1417,0.1705233601099235
1418,0.3615005062782366
1419,0.48439835381147284
1420,0.36023176012485036
1421,0.4039320341751298
1422,0.08291189305980196
1423,0.552450829743995
1424,0.31759227912098303
1425,0.39616626056009496
1426,0.22855366264129662
1427,0.5273772608887295
1428,0.2645094483778421
1429,0.5239593396230404
1430,0.2714248053279181
1431,1.0334883618159532
1432,0.20784537101561495
1433,0.7937991762473678
1434,0.21424668076921563
1435,0.2625742230480471
1436,0.4416663627781272
1437,0.41711470808667117
1438,0.3321397967550653
1439,0.09404296121857081
1440,0.5174203039016351
1441,0.34040242197737386
1442,0.5033291535339169
1443,0.14555216598258158
1444,0.7062494376786091
1445,0.2434846618219043
1446,0.6554493718142438
1447,0.234951003657569
1448,0.090021263111197
1449,0.758560305575995
1450,0.19972136666599868
1451,0.23913790207169117
1452,0.30159415775665627
1453,0.27689849444918496
1454,0.5481809887988773
1455,0.2918722521982085
1456,0.6432796978416427
1457,0.21943898584091448
1458,0.7081800232142987
1459,0.20342307662563572
1460,0.44933912105748786
1461,0.2928912843373261
1462,1.0283814613072177
1463,0.15328476052595397
1464,0.7770841166226458
1465,0.18090275193385374
1466,0.498943336567382
1467,0.09765875860357208
1468,0.5018046497667371
1469,0.32600556470486186
1470,0.4925709300201076
1471,0.3061303590394406
1472,0.0876296369856707
1473,0.5238730667524356
1474,0.2917075274923297
1475,0.530797698213256
1476,0.28879727853382026
1477,0.16029439915468663
1478,0.33329525861323683
1479,0.335812163860195
1480,0.5276676415287688
1481,0.34027337161722565
1482,0.395514687212612
1483,0.3111961866480921
1484,0.5392581707331304
1485,0.29908859570934476
1486,0.5082258663532284
1487,0.25886740236071676
1488,0.08358663852005521
1489,0.6281773178467666
1490,0.2585392526479701
1491,0.15165466213032378
1492,0.14403720201609527
1493,0.43558170854925526
1494,0.3783434339687209
1495,0.4328426276669892
1496,0.11223596652493462
1497,0.438543759970743
1498,0.4024243395636428
1499,0.418564294299038
0,0.06918743939258903
1,0.039688449325138035
2,0.05275456750361436
3,0.03538937580022809
4,0.07322464336932932
5,0.062217900590108136
6,0.03731165869376759
7,0.16732291158225868
8,0.06210790733169204
9,0.04813496227058573
10,0.11816818387457247
11,0.059253798527280514
12,0.051802981910536956
13,0.07146955200435584
14,0.037783812158536816
15,0.12726188578076564
16,0.04868005359338281
17,0.10117877028954603
18,0.08086461351809211
19,0.07208605999889256
20,0.065769085436769
21,0.04834625876474013
22,0.07222597004753996
23,0.06185939911010795
24,0.09743483484162822
25,0.058740692357695
26,0.11888511051031646
27,0.07653098625373594
28,0.07638719421409207
29,0.08599108472586615
30,0.06345657722408148
31,0.06444877569869135
32,0.046574762164673184
33,0.0532727342777737
34,0.05482243662994763
35,0.0367673429285089
36,0.0612427009132515
37,0.08112461525159752
38,0.03985473442781464
39,0.04390584247163789
40,0.05750451362084764
41,0.09467623578867655
42,0.04784114657526318
43,0.10636573812173615
44,0.06954325939075996
45,0.06366090475130616
46,0.07260140273461231
47,0.061001489307821774
48,0.055466746589145306
49,0.08807436964336939
50,0.0819871030641654
51,0.05018481649356889
52,0.08037912056044735
53,0.08787034531656614
54,0.0390959465323863
55,0.08823119704363933
56,0.04598487300412168
57,0.09002689051698337
58,0.08098591566836393
59,0.04366703617607098
60,0.06762121444707302
61,0.09334550275225013
62,0.04665194438252208
63,0.04802182314791671
64,0.07541777352545176
65,0.09276522620366064
66,0.07987358344309771
67,0.13134452952726589
68,0.08426099522750342
69,0.09773481480836219
70,0.04810258807531045
71,0.06895341379747676
72,0.07439355154835281
73,0.05248111243916746
74,0.06753347897816263
75,0.0460752118809787
76,0.05337232446259895
77,0.10119834497060831
78,0.07568777862269435
79,0.04392377856217791
80,0.04951139632251645
81,0.10603746553152486
82,0.042381386752330635
83,0.05844328614131109
84,0.0892122862135273
85,0.049164249073648816
86,0.0410566039777946
87,0.05181835893930322
88,0.07149003350422321
89,0.06436079465445974
90,0.04687122979551052
91,0.0417183912733593
92,0.1213053228721778
93,0.05868963486041599
94,0.08841181308208877
95,0.08906512865052973
96,0.040763059891011366
97,0.07803110986428184
98,0.07191874812406412
99,0.04147389314896849
100,0.05512743824884187
101,0.06568239114251276
102,0.07902653705926459
103,0.0406009884881139
104,0.05062586187637473
105,0.050876024273788886
106,0.057040253400567474
107,0.0890357305357483
108,0.0875098857293774
109,0.06827430519666484
110,0.10757068649602397
111,0.09443205732465533
112,0.04105257281105994
113,0.04536943489733376
114,0.0382982289244538
115,0.06875655358506635
116,0.052287420507556547
117,0.044832492573803916
118,0.056374055929952316
119,0.060973878551096594
120,0.03912097474254539
121,0.08347481682074563
122,0.07743666907167203
123,0.06354943217039459
124,0.06440478354945064
125,0.09494818834874794
126,0.08733290950506635
127,0.0486492000053598
128,0.10289799978400811
129,0.10362530332678918
130,0.04422907289312693
131,0.08431193714909464
132,0.07126809631996318
133,0.0889764969960224
134,0.08823506550567435
135,0.06477933125418955
136,0.042171506195179266
137,0.12957518752408387
138,0.06221698670240014
139,0.06963422049580953
140,0.06883847136073362
141,0.06506742651990365
142,0.05868290080116778
143,0.06526603818087971
144,0.0814139498022309
145,0.038851821530649
146,0.07249682545744542
147,0.06710940483121483
148,0.049905118509791895
149,0.0686212376987644
150,0.04849546335486265
151,0.0895261306287572
152,0.03811823536739804
153,0.08446596717477536
154,0.11699599960795658
155,0.049989579678040276
156,0.08060675332381821
157,0.09528388260560185
158,0.06774016760647412
159,0.05216358392159221
160,0.057252989909173505
161,0.0647147938633585
162,0.04770937278997791
163,0.0468397161246746
164,0.039374283240736295
165,0.04007522527944367
166,0.040605369342445845
167,0.1335772657608758
168,0.052857696835686634
169,0.0561187341233141
170,0.059119073947947506
171,0.058137919895345294
172,0.07114225760236449
173,0.04033346338611535
174,0.0846650187932685
175,0.07082533736503506
176,0.044694095187964286
177,0.0405133811973398
178,0.08791440383383811
179,0.08038441145676933
180,0.03525167998232746
181,0.05921972992760593
182,0.0740290856235258
183,0.07025634179552791
184,0.0510128803186503
185,0.05488636879080827
186,0.06895976387060167
187,0.07284455660316144
188,0.038024891281349185
189,0.07904044488003766
190,0.04087437875670419
191,0.06972924702399946
192,0.052550232205442374
193,0.05440470406313444
194,0.08658689153046902
195,0.04374443302276363
196,0.055199257055649494
197,0.08066347063713579
198,0.04304216836270527
199,0.05005555024653929
200,0.03820142283235674
201,0.06350615914770531
202,0.05462086533038979
203,0.06280770271320832
204,0.06654138857318927
205,0.12487007251985464
206,0.07890198016360894
207,0.062336300629605296
208,0.07437797419021373
209,0.04811664090951021
210,0.03479923283184737
211,0.043759350465615375
212,0.039565943583703994
213,0.06356414067961157
214,0.03479414418067104
215,0.06459687180081197
216,0.0405945514465104
217,0.05501773558904913
218,0.05146271019865902
219,0.04635995965916662
220,0.043665820762025874
221,0.0317184212312989
222,0.09780875213858535
223,0.04471268666461764
224,0.055593170178492655
225,0.03912174533428986
226,0.06936161109696372
227,0.0875353281572519
228,0.06060485476832913
229,0.03780998844734553
230,0.03295017855595611
231,0.043790198828462905
232,0.05331675067525389
233,0.10393432234672238
234,0.03615634319478841
235,0.12281446286553134
236,0.07381788070252056
237,0.05358256499447555
238,0.08601350560274466
239,0.05649822049817578
240,0.08837899167447548
241,0.045905103360691715
242,0.08720524324120854
243,0.06004635120215637
244,0.08753067156044037
245,0.04317716026448391
246,0.038966424628773276
247,0.052198872430464054
248,0.059656332291250384
249,0.05550179589858567
250,0.06990181827909774
251,0.10581491656639583
252,0.04036705725984473
253,0.06551771602661324
254,0.0756770549364284
255,0.05628303960683688
256,0.09187027210184928
257,0.042027357360438854
258,0.06729330011271636
259,0.09592559784389078
260,0.06541022775007942
261,0.06270951198180424
262,0.07952490790630197
263,0.057537919878395176
264,0.0601242851609509
265,0.0905679163268692
266,0.06145266233381896
267,0.09950604074866119
268,0.07610166259465677
269,0.0684723098936334
270,0.11888624262958344
271,0.0816047663404898
272,0.04086446673980342
273,0.08932159462501381
274,0.1002128901580169
275,0.06763071461682021
276,0.08842063037136885
277,0.03051169783612579
278,0.031759692133430314
279,0.052378451456797155
280,0.05629032129688824
281,0.028680416398630337
282,0.03138321868376367
283,0.05164772693719799
284,0.04427059224449339
285,0.062194773475636796
286,0.04474418778411817
287,0.026821345099373083
288,0.03965260879863209
289,0.05109214530137688
290,0.054709246717063925
291,0.055255103695563114
292,0.03450320715832121
293,0.07464629775985565
294,0.049850813991911325
295,0.04654763100206563
296,0.031185803539802544
297,0.031953883518181854
298,0.06111616563733771
299,0.04052628402002282
300,0.06570928983567564
301,0.023562935857554264
302,0.0347742283119201
303,0.0488769525467847
304,0.029783923154870707
305,0.060002497543802144
306,0.025507440557014222
307,0.07820354080133822
308,0.04505797343379593
309,0.03784286460709617
310,0.114827825601927
311,0.08454043689700103
312,0.03378091082588496
313,0.059122909740434076
314,0.0679439078340182
315,0.056732017779396564
316,0.021777341610967945
317,0.0957067475228924
318,0.07361183861760982
319,0.05063433784866006
320,0.027212752680483045
321,0.042307360062053566
322,0.02940063575364843
323,0.02256558689070132
324,0.06973147211489117
325,0.03447490683784615
326,0.036719392739232984
327,0.056709546949741195
328,0.027032247083170705
329,0.022878175545507282
330,0.05399946735212327
331,0.039992997560685785
332,0.05232729603475546
333,0.03517771852837045
334,0.031616549369153826
335,0.04843555085676814
336,0.031835219555811256
337,0.0544738134199304
338,0.07608052715957012
339,0.10635228198097112
340,0.043392128794146265
341,0.10939029792354031
342,0.09761353621451306
343,0.03335389400585395
344,0.022364092810887713
345,0.022010136417668014
346,0.04409259950651523
347,0.0227956189620881
348,0.025016633698582175
349,0.07064343858656941
350,0.021317749975199272
351,0.029074099571975286
352,0.027432168191326593
353,0.022567521723591447
354,0.022541153714738017
355,0.06587024953267819
356,0.0809131016150378
357,0.030072310986647862
358,0.07934099741967036
359,0.035085285751936916
360,0.026313017352687994
361,0.04021877529110491
362,0.031279357153959346
363,0.018065170230601692
364,0.05318115775082134
365,0.019171908771637942
366,0.024167329954591258
367,0.020988748442110388
368,0.01927412491766568
369,0.02592754347575791
370,0.045745332020285634
371,0.026226588970325353
372,0.0271740564564584
373,0.03223444998883375
374,0.02194013857043879
375,0.019019084311547006
376,0.049137616566315476
377,0.02407097601631373
378,0.03198650134768384
379,0.03579084099057053
380,0.029150392150963586
381,0.04083139045070676
382,0.03067439595212522
383,0.024337720232045716
384,0.023903412885820288
385,0.03602448082577646
386,0.04011350185640205
387,0.06017302082926471
388,0.05034614548879236
389,0.07207376116619586
390,0.06858118673526815
391,0.02604938584266165
392,0.10003261227858246
393,0.02552076060155546
394,0.020631324080622612
395,0.03183804602358041
396,0.055489408162303154
397,0.023809833385042143
398,0.06321068798211131
399,0.0693909977829305
400,0.03301848064498489
401,0.03797768432830862
402,0.014198759452771586
403,0.016178168116832467
404,0.0939432967583988
405,0.0327784787226437
406,0.02582846657641236
407,0.1016607995883118
408,0.01886924559739869
409,0.06138718294131183
410,0.06811419368669606
411,0.03654712237055529
412,0.046008808194376895
413,0.03131132942986198
414,0.04645515975857001
415,0.024669133943954584
416,0.025262051181351698
417,0.02330884507944414
418,0.03714634855430521
419,0.08028724542654565
420,0.024719308535152463
421,0.044674705145383055
422,0.061305853915054866
423,0.05852913582208231
424,0.030055143855857454
425,0.05369857255442385
426,0.02249427556091779
427,0.033245470078731
428,0.05952169350489946
429,0.027163398918852714
430,0.05259896464563561
431,0.016195153336911728
432,0.0670694850372678
433,0.02512747086736816
434,0.025107463329730764
435,0.015746745735825567
436,0.0594161452994571
437,0.045225296199711294
438,0.020600555670425808
439,0.04565340589908641
440,0.06858407249830809
441,0.0356043987288923
442,0.04493493029933053
443,0.08838746374999693
444,0.05454133640491235
445,0.06371233834268919
446,0.02329295606892499
447,0.030519452452736153
448,0.025302253416578473
449,0.03551137384355374
450,0.04589797872293244
451,0.030749150521904585
452,0.045866365719404945
453,0.0347610687949551
454,0.06100237586486851
455,0.09045308278050232
456,0.01344375590133327
457,0.057005933932873926
458,0.03221811954670098
459,0.045609700278508344
460,0.06339396526756909
461,0.013050885798328554
462,0.01618701599197063
463,0.015433851438725874
464,0.02496900996031012
465,0.033628810759403924
466,0.039026535003918755
467,0.01598204738685629
468,0.02995298202231709
469,0.017496574510125176
470,0.01311289091145971
471,0.017329405835865112
472,0.06114221448118581
473,0.01724989459117522
474,0.027497427544122047
475,0.013278729051595132
476,0.09614321718557976
477,0.013607782358057312
478,0.06152216894308017
479,0.07418211205973364
480,0.012200478185615612
481,0.06691132992170397
482,0.0611815128970785
483,0.028735615799092916
484,0.051187633871673695
485,0.03519726625211218
486,0.035156642882168375
487,0.06077244367194592
488,0.025953620191962266
489,0.0715108056913242
490,0.0346843294922813
491,0.033592117964056374
492,0.019392487372740963
493,0.013821236335243054
494,0.06041403334408674
495,0.020339707954592893
496,0.011610547798863752
497,0.02794473526235374
498,0.034748031986932125
499,0.020205808582388657
500,0.06457067999597282
501,0.05275138398959775
502,0.01588700965063201
503,0.0387017768324025
504,0.03387567175574875
505,0.01832932057139822
506,0.019018901938762024
507,0.06688607283152317
508,0.021721148974435955
509,0.01995573507327433
510,0.04130543049020702
511,0.02527494054848326
512,0.0230142842838598
513,0.05034139930224824
514,0.04799733812862144
515,0.04116053048392907
516,0.03800656813244523
517,0.03470477264412288
518,0.011675974170109658
519,0.01642790609781036
520,0.03541203711416523
521,0.016979407266975995
522,0.03525018607466373
523,0.018184111586237155
524,0.03193791090903753
525,0.03960730342812787
526,0.07111402530214334
527,0.012979438973395083
528,0.05206202084587535
529,0.03480578347519979
530,0.02011717914187169
531,0.054776298363336626
532,0.009509387003028329
533,0.07006288502066849
534,0.0627187694123409
535,0.007838455957663018
536,0.011285257640866866
537,0.009498256012334191
538,0.06090393235448055
539,0.07504059374536093
540,0.02606022797018502
541,0.01319095824712477
542,0.016647878247884138
543,0.013786935521080372
544,0.1007676461171275
545,0.04020454399983438
546,0.05298126818362505
547,0.019642030328110936
548,0.014049566650878996
549,0.025713850546621633
550,0.0356504938295899
551,0.012815753819777157
552,0.021318018220427237
553,0.03182696139882195
554,0.07093957612061216
555,0.041822340040053925
556,0.02168483264542
557,0.029192555387265912
558,0.02482048286933526
559,0.08363435314008794
560,0.04017723786437631
561,0.08864067839902356
562,0.02557740537710284
563,0.01221469041012437
564,0.08405267838961562
565,0.014424639306279283
566,0.012414315499911911
567,0.016692693174833687
568,0.006746641640970328
569,0.04265497599620834
570,0.008462512912543968
571,0.036577906623930664
572,0.02423287620360602
573,0.044463471218140344
574,0.03174304923120597
575,0.012549906753646966
576,0.07501551105762912
577,0.0056771524775310975
578,0.00963929873319142
579,0.0385558332779043
580,0.0334001958928721
581,0.088682675139743
582,0.029057442506635084
583,0.0874024469760474
584,0.029429127827117374
585,0.13781880045576722
586,0.043069058676947165
587,0.0067964567065246185
588,0.11188469934755171
589,0.00981950545418653
590,0.08090816282777345
591,0.0709172257101913
592,0.06916195345990038
593,0.07705305675279753
594,0.04844944152696005
595,0.1435923078454458
596,0.028431029497802535
597,0.039935513359047436
598,0.014860236088825442
599,0.02550486687707941
600,0.02626557548639694
601,0.011747386077286063
602,0.03692708226303464
603,0.030765632606119322
604,0.0871156898895732
605,0.020394824121860146
606,0.01704360263191198
607,0.04063860660721106
608,0.07649230566739791
609,0.03569258725742059
610,0.03772412669355572
611,0.04840824571016234
612,0.09144393053009185
613,0.05054014130874179
614,0.02060424300636144
615,0.10501131521573334
616,0.029947639540355953
617,0.0077045663351561385
618,0.12608966807032862
619,0.0472994730503382
620,0.026722121837649604
621,0.044170655220906206
622,0.0065640828765116096
623,0.06760616734293348
624,0.06681477129583695
625,0.03853932683310792
626,0.02229834168363075
627,0.015086330980508154
628,0.05106271017553969
629,0.05836736097025058
630,0.015991491343958823
631,0.1008163633171665
632,0.01252558089008792
633,0.06512849480849016
634,0.04348684687728939
635,0.03574536286091018
636,0.086361828627882
637,0.015564713637002495
638,0.0356206397356732
639,0.010941860984348491
640,0.03396356567300009
641,0.04303870481679868
642,0.007737974170665277
643,0.02120881878727772
644,0.07552298472820965
645,0.010065422030989217
646,0.08863482629821266
647,0.04072873526231861
648,0.031628237913503374
649,0.027766825747765494
650,0.140836834219752
651,0.0247183060364585
652,0.009362000102030824
653,0.028796330301928248
654,0.04640576641495489
655,0.022326597144469277
656,0.16307764843319525
657,0.020316158188916106
658,0.023928181247000593
659,0.0972772697321644
660,0.028944964277590964
661,0.01231435622601329
662,0.020542535402341203
663,0.030286156839009017
664,0.008782180605868654
665,0.01991471019751192
666,0.0220003786124914
667,0.030847227061914055
668,0.03452800310791489
669,0.04619935163589946
670,0.017203022327443727
671,0.010309566818797397
672,0.03533026853286256
673,0.016333619311410297
674,0.053520458874848326
675,0.02984183804080644
676,0.01988621008050702
677,0.12880066370276308
678,0.06798686430388216
679,0.12649160796036313
680,0.05916179107999676
681,0.10045758142296408
682,0.10033584636550869
683,0.20728956380624142
684,0.04782217147263267
685,0.025507598019510646
686,0.1448760074311003
687,0.041360671628389425
688,0.16834301288717965
689,0.07986172131702374
690,0.06547336178157302
691,0.06228098558849138
692,0.07499415471458551
693,0.0197962133746417
694,0.10200444426105618
695,0.023745290742402204
696,0.014871097722617615
697,0.04020179718519591
698,0.03974825340543675
699,0.07722378008205744
700,0.010972153258102081
701,0.009073317601870311
702,0.12743769955685572
703,0.02548317545331316
704,0.13798865355023335
705,0.05298899306034532
706,0.06468102081247187
707,0.11482664132194406
708,0.049463070233438836
709,0.16050587119274595
710,0.029157185288405496
711,0.08001893323252766
712,0.09346288628881153
713,0.14387734248466907
714,0.03714905549094712
715,0.0686158585604659
716,0.10518001592628506
717,0.13418964892086696
718,0.053155071184902314
719,0.07317837565773462
720,0.0846926358045796
721,0.009783515818882918
722,0.14373277636528636
723,0.03215342581122861
724,0.20012015662721724
725,0.03859250291558232
726,0.02974454860957848
727,0.13931867188269537
728,0.01850561539792914
729,0.12599987600425017
730,0.0678391614314124
731,0.12159288908361705
732,0.04892154372337443
733,0.017914932872935087
734,0.0994931088218501
735,0.021438181957416924
736,0.06920423749057593
737,0.08466105838367385
738,0.15074555591016028
739,0.033990063905517266
740,0.08883062266654872
741,0.09924342364714647
742,0.029102400737879532
743,0.0327452382980814
744,0.06429993544121489
745,0.030799182223343484
746,0.12830390483365545
747,0.04774105131322064
748,0.038456304000694885
749,0.09614623259680186
750,0.19077683611415522
751,0.03226701290193484
752,0.009396209572946138
753,0.11166155514792021
754,0.03505773691710305
755,0.16661364167449436
756,0.03988003973025882
757,0.10332456240844845
758,0.07225009597020055
759,0.022579373391986603
760,0.1029563691608947
761,0.07623563724887371
762,0.06880529114097549
763,0.061114788903326396
764,0.0072210233559404004
765,0.10949923048766769
766,0.06749129890401896
767,0.05418396583242106
768,0.07078195195858308
769,0.09948436859905505
770,0.03772783164890867
771,0.11167004620679606
772,0.08279665448676318
773,0.04077837969443696
774,0.024178338848744305
775,0.05411478122876332
776,0.07873425891325399
777,0.017591110817655853
778,0.13330601060110017
779,0.041296110977387876
780,0.020191321632450836
781,0.0707741696942833
782,0.04066535623807367
783,0.06075181849668513
784,0.01899614980173044
785,0.06612024046260119
786,0.016698231383571526
787,0.044458293834750785
788,0.02228207641216652
789,0.019107511860346097
790,0.0787585496435721
791,0.013896716183914307
792,0.013615724900608518
793,0.02342649448733958
794,0.060327529372585766
795,0.09464937475062474
796,0.05193104825050136
797,0.13626728429765814
798,0.04657508366249333
799,0.02557503762614782
800,0.05000257121334713
801,0.06799858106898048
802,0.051955592023007306
803,0.08785078610998208
804,0.06231115009706091
805,0.04490707535137707
806,0.03829470465457143
807,0.03674837330963255
808,0.06304410927370262
809,0.0764001839952072
810,0.1887434052831352
811,0.0416589921964007
812,0.022553618856003915
813,0.11366708893084246
814,0.022774387911559585
815,0.07239731584223948
816,0.01799362020503134
817,0.12203297577240933
818,0.04857555656225808
819,0.1073303990690918
820,0.07899863343839042
821,0.03608033052597263
822,0.10574399091917017
823,0.06205318185664098
824,0.15367085986534906
825,0.05555740144834465
826,0.011844764746868673
827,0.039757927967229344
828,0.1567607213394925
829,0.010639951286206335
830,0.05466823739845335
831,0.02042660941937421
832,0.03991065987293759
833,0.025426841354959668
834,0.09713626071641256
835,0.01539472797875019
836,0.0904673986725904
837,0.01180205854814442
838,0.044064058349207284
839,0.1410872344873377
840,0.06528245167634379
841,0.017025747771670877
842,0.13704632042072337
843,0.02039741557248107
844,0.02368264342950402
845,0.07210120559355432
846,0.0651895370149114
847,0.042207204353548494
848,0.0762063287872142
849,0.028713154741696632
850,0.021354380941559645
851,0.09542278057727942
852,0.0423912562854014
853,0.08318535267786255
854,0.05011796472006735
855,0.08367772982238814
856,0.06285038948104792
857,0.013294996627345347
858,0.09980262178421016
859,0.017724097627441412
860,0.07533337655058057
861,0.05293206391174183
862,0.042792656567198835
863,0.015214064448220526
864,0.07628008085373339
865,0.08575326299016599
866,0.0992598055854289
867,0.042182668467579156
868,0.0934739332547923
869,0.008733985368191102
870,0.10404049902831602
871,0.05259959595735401
872,0.010307645007858107
873,0.08773174309544061
874,0.016592081661117402
875,0.012541315138103108
876,0.10410500780580045
877,0.03054113683794694
878,0.010751660890219079
879,0.1538181707582894
880,0.03803401224842489
881,0.1151429060657752
882,0.07013160491148313
883,0.0776329742176322
884,0.07855266271118652
885,0.04785266398534142
886,0.1567036148702759
887,0.04804263070699915
888,0.031683711055304695
889,0.09654952677375718
890,0.010584897020589927
891,0.09989248494343554
892,0.05030425040482918
893,0.02967612122616959
894,0.08086244007482375
895,0.008576432374717061
896,0.09439595008188306
897,0.018620684917446558
898,0.03396493157263626
899,0.09538749934735954
900,0.011658622561353003
901,0.1306427874031512
902,0.05583241624387998
903,0.013757383709693767
904,0.10697129541508063
905,0.04960390199589799
906,0.014445989139692
907,0.12174069990592325
908,0.05811743065437797
909,0.12970605624285061
910,0.05474800752339595
911,0.034542994153785506
912,0.056629435450174084
913,0.013873696755318509
914,0.09627491530735521
915,0.03988529149191278
916,0.012019046733225519
917,0.16704808407418745
918,0.04141658827629445
919,0.08107230748138532
920,0.06138127973127239
921,0.08597660594656886
922,0.061224829820757165
923,0.02292570081577378
924,0.04355468480790907
925,0.13526604684648708
926,0.05865337083316538
927,0.14891859921293174
928,0.04138628530241225
929,0.01034723922490279
930,0.15576874047089886
931,0.031659053313189967
932,0.10255111839593524
933,0.059698745541679296
934,0.039750756963179444
935,0.12476084102999511
936,0.029367142705325377
937,0.10040025389972654
938,0.02328032717051393
939,0.047695243623143216
940,0.023998284204307815
941,0.026747537630556775
942,0.013687388846372424
943,0.01817332073490889
944,0.025950748204418693
945,0.016093078636295926
946,0.09207769502652524
947,0.0228461860132429
948,0.05057694584272334
949,0.052639775482166126
950,0.07653981484633472
951,0.035211079731152575
952,0.1441646697663764
953,0.05330757589268635
954,0.04231027300217417
955,0.07180255054624882
956,0.023646545164419722
957,0.05096257569707606
958,0.13776602030030197
959,0.06816787239672158
960,0.015650908506688592
961,0.0997092557468015
962,0.1588391341262557
963,0.03484266596434638
964,0.015385251572923558
965,0.07717673751501519
966,0.04506583706810276
967,0.013254244175566211
968,0.024443896301187318
969,0.0579793994807878
970,0.01589864650477374
971,0.01261364100120413
972,0.03442631446855456
973,0.013541438268451802
974,0.05053695387002855
975,0.08819549546955065
976,0.06153594171615323
977,0.04001411842068152
978,0.10949283154621951
979,0.023377036232009322
980,0.06448805227933965
981,0.018979281784931697
982,0.09105680305983271
983,0.048950727893038344
984,0.020046242586856944
985,0.03720563098117184
986,0.05515626419533628
987,0.09145062940836719
988,0.02614486069368188
989,0.13972259046718583
990,0.025323812483394992
991,0.046598865354513866
992,0.029619515640378007
993,0.015842016098713333
994,0.021727851852881112
995,0.013063829468521587
996,0.057539696341126066
997,0.010977646876861872
998,0.05987076959935101
999,0.107571995160313
1000,0.03840475567662324
1001,0.058659244274376715
1002,0.036794534146452944
1003,0.03515442914377883
1004,0.08166943670446074
1005,0.06072263962924475
1006,0.01982344955591919
1007,0.016362944570777034
1008,0.020710410150525257
1009,0.08949159042461312
1010,0.052511930231260454
1011,0.009849624361015281
1012,0.0748426680784765
1013,0.0479316957252168
1014,0.08265844009420811
1015,0.10881456207155234
1016,0.01915896686113128
1017,0.09915332074732872
1018,0.08251152920353429
1019,0.07962156852034588
1020,0.048516301220558646
1021,0.060903108346269164
1022,0.07816562885157319
1023,0.05722683481639889
1024,0.16685039026702198
1025,0.0387499457373568
1026,0.05201664584547397
1027,0.06931508920935474
1028,0.05211261629203542
1029,0.03813197305720278
1030,0.014180391366075639
1031,0.025477085505761145
1032,0.018711818451044054
1033,0.07858912475958782
1034,0.0686802994978269
1035,0.022685358743277505
1036,0.05100795349209907
1037,0.04386449265451299
1038,0.021764164867062476
1039,0.02184972798973824
1040,0.016070286731849695
1041,0.05498355589964149
1042,0.014124731706624311
1043,0.03282374591101748
1044,0.05979563404340654
1045,0.046119613225446096
1046,0.04331853927549399
1047,0.09446415147458961
1048,0.10717458301102245
1049,0.05708864448151378
1050,0.022223071191476696
1051,0.007796450899757581
1052,0.013138418653381558
1053,0.044702788923604915
1054,0.05200231130608818
1055,0.15176457556956402
1056,0.03419503787443523
1057,0.04192872270511267
1058,0.08209492094673296
1059,0.01821493335220116
1060,0.010858678109512262
1061,0.009852778282556453
1062,0.030141115946090428
1063,0.010888995995979667
1064,0.02784379728833832
1065,0.19491528246574974
1066,0.027433727855341032
1067,0.07601278310068746
1068,0.12843706576794367
1069,0.015077513542490248
1070,0.08868975449437427
1071,0.014353898902408358
1072,0.09862035814480989
1073,0.051892017158883995
1074,0.026267437005254884
1075,0.030113810310206383
1076,0.1338273253729617
1077,0.05671196938817976
1078,0.05776141147236753
1079,0.08161261962690602
1080,0.029330125754391263
1081,0.14453881513411507
1082,0.0710788044202997
1083,0.03335764248644255
1084,0.013122642547262078
1085,0.06746726692407277
1086,0.015379074922406779
1087,0.02667715193394544
1088,0.10911242972943994
1089,0.020156329617960166
1090,0.11511212249296207
1091,0.06073809755721521
1092,0.01830765340464454
1093,0.14407650380681863
1094,0.07022235476621634
1095,0.03260295695459317
1096,0.09746367603375147
1097,0.0756351223868699
1098,0.11101122643548049
1099,0.04293463730587638
1100,0.013711303948176944
1101,0.0843837152898396
1102,0.03718694614163911
1103,0.08182038155475459
1104,0.08289086314755609
1105,0.13934460152065378
1106,0.03356039998260567
1107,0.03496211071861537
1108,0.03699661576889748
1109,0.08884835052790313
1110,0.02070008376534796
1111,0.014784600960652159
1112,0.12291706170146752
1113,0.050722087083724034
1114,0.01367512450563977
1115,0.0860975599653497
1116,0.025036713087502067
1117,0.010773581555063444
1118,0.00867903933412579
1119,0.09098830469222224
1120,0.04511636801855727
1121,0.028259697262508928
1122,0.12863779368460768
1123,0.03679784518221005
1124,0.08503497925953628
1125,0.08073278201472697
1126,0.01867927977123664
1127,0.10178720867384773
1128,0.04857694890203058
1129,0.05492533927173879
1130,0.01646208561669828
1131,0.06608437523219181
1132,0.07461087791575183
1133,0.05879092843372952
1134,0.07605238884598257
1135,0.05546329518108947
1136,0.014186949002862326
1137,0.05156913154353446
1138,0.10501716382163845
1139,0.02849221683071047
1140,0.07604386972379411
1141,0.07937247986394733
1142,0.015046997842473922
1143,0.10864021563778944
1144,0.06326393283343046
1145,0.02898334147947803
1146,0.034983221897087566
1147,0.0527185968919093
1148,0.101983095417683
1149,0.1039559602940473
1150,0.03978267878831956
1151,0.060309517493838415
1152,0.051403460392185775
1153,0.04537009558732397
1154,0.03755143211188734
1155,0.046608250535739214
1156,0.13019441816755328
1157,0.03026118346055054
1158,0.03016576021391303
1159,0.20608505597574012
1160,0.024428479604219924
1161,0.12480615139442436
1162,0.07030055274307202
1163,0.08385975983982187
1164,0.0578514488540777
1165,0.03303625177479295
1166,0.032395376578298204
1167,0.028598000092874765
1168,0.013156426759775396
1169,0.08515401963961586
1170,0.07462411282896585
1171,0.014140597522808586
1172,0.11425127401022349
1173,0.03789883036139225
1174,0.023289176052956686
1175,0.05640240499847384
1176,0.010624849588983128
1177,0.028842082979094744
1178,0.013163200500397347
1179,0.023279549480009588
1180,0.07123533214956852
1181,0.017716563342961514
1182,0.03168928229645337
1183,0.01465595554303505
1184,0.02929574663198145
1185,0.14953524133226462
1186,0.018646826682267425
1187,0.10652120208377709
1188,0.06411221941503183
1189,0.028490844969179988
1190,0.032532788478184145
1191,0.008491979274807483
1192,0.017769437768382402
1193,0.013091166660942693
1194,0.047189429485538906
1195,0.023211009859106825
1196,0.06555478863936318
1197,0.05480915208927986
1198,0.10515897617535093
1199,0.06733339962033796
1200,0.0862255059103587
1201,0.05630522267955688
1202,0.02947048069081038
1203,0.10300867983914655
1204,0.07782865283073527
1205,0.06524586857079875
1206,0.08425383137420892
1207,0.02304018995214272
1208,0.11411824283418263
1209,0.06677069866490914
1210,0.1096571067152312
1211,0.0447450802239411
1212,0.01995413953965546
1213,0.018977090474774583
1214,0.05374730099249366
1215,0.053363510160175896
1216,0.020110161409756383
1217,0.12777571507096935
1218,0.019499472790590236
1219,0.060907132790806943
1220,0.02689394994111163
1221,0.13661255114199802
1222,0.04638578267172972
1223,0.026314893976658288
1224,0.10904149271578026
1225,0.023589545204334372
1226,0.01655940804955545
1227,0.05287184821614013
1228,0.13022875813904242
1229,0.03067649764278108
1230,0.06593097392419214
1231,0.09655326387664209
1232,0.025625260268580002
1233,0.08944677491517668
1234,0.04757020370140926
1235,0.011516722039163957
1236,0.05162283731707559
1237,0.06186397171706919
1238,0.028552050621826298
1239,0.06574807417738336
1240,0.03521802517020618
1241,0.14145346174061724
1242,0.005540446246840504
1243,0.03220804230706375
1244,0.11829503042527595
1245,0.048894024946724346
1246,0.08455365086691263
1247,0.08320906971348423
1248,0.019635677854466935
1249,0.044968225755705665
1250,0.022681089838582788
1251,0.14662396583639922
1252,0.03792784822772224
1253,0.09295304222848003
1254,0.06261970992175994
1255,0.042225561846572855
1256,0.04591291096614796
1257,0.033569286895200584
1258,0.05489466781805636
1259,0.052563480031500714
1260,0.007487519765844736
1261,0.018925690901344126
1262,0.11717107356695956
1263,0.014847895519002646
1264,0.009307845239611607
1265,0.04401652165290722
1266,0.03587422457906088
1267,0.17555659855094216
1268,0.027472239378413747
1269,0.01470015572486447
1270,0.12221236287182119
1271,0.011663385350241515
1272,0.07659921340059092
1273,0.05094095870275825
1274,0.02266683730230664
1275,0.03030616334802396
1276,0.045380040464876155
1277,0.010141664001845907
1278,0.019889033346416184
1279,0.05700901366405428
1280,0.006990216828834057
1281,0.04162808614650578
1282,0.08703626372610751
1283,0.006550741862006902
1284,0.05882606688227675
1285,0.07135446723009806
1286,0.05220744048784141
1287,0.04993784115499376
1288,0.09411311092427192
1289,0.043940552767477416
1290,0.006302472525441337
1291,0.0952734421948119
1292,0.04881032291483615
1293,0.059731103807355496
1294,0.10805510428550658
1295,0.06794904495784733
1296,0.16300646919166084
1297,0.01970166779650268
1298,0.03920876976468116
1299,0.04686613277560134
1300,0.039198699812498586
1301,0.01233590620004917
1302,0.07814342673850028
1303,0.02592712871887418
1304,0.11408411271269545
1305,0.023494017844869916
1306,0.007760191248063339
1307,0.09967073831504214
1308,0.04969337817760106
1309,0.04090072189765904
1310,0.03960538304134372
1311,0.046180940979377486
1312,0.019507529715985735
1313,0.021620603595848685
1314,0.027709260597920417
1315,0.03785303171999391
1316,0.040271585110398175
1317,0.09127622025457904
1318,0.03315148422478906
1319,0.022658220697832496
1320,0.08353091887092187
1321,0.035058786761134525
1322,0.10536159682576522
1323,0.038145845818453
1324,0.09141161105095734
1325,0.047347494422892746
1326,0.019021352736690887
1327,0.031154552881900714
1328,0.0658942039381237
1329,0.041251605427019854
1330,0.013006279222050193
1331,0.04151910113011981
1332,0.010450021154097272
1333,0.0161634484702638
1334,0.03247245099247743
1335,0.06128648356721021
1336,0.09486120217914518
1337,0.02981434285588835
1338,0.008692150464750381
1339,0.0885788726669238
1340,0.04769396732069059
1341,0.007141778439300123
1342,0.008513318844603825
1343,0.04114993392307798
1344,0.01499302079678167
1345,0.013337599395973933
1346,0.013896875015101421
1347,0.016537201524885352
1348,0.00811315598477951
1349,0.06909188291038092
1350,0.03510048105090355
1351,0.04064998782057388
1352,0.06738205890621972
1353,0.006777112748319491
1354,0.07837299063373898
1355,0.006155335042828763
1356,0.09408111014667889
1357,0.005533164600647158
1358,0.08884368505463323
1359,0.03699624152404819
1360,0.11857115572655602
1361,0.018309375768024442
1362,0.06511588813635721
1363,0.011453552182946993
1364,0.04421516904534109
1365,0.039573760929737474
1366,0.03869624847173931
1367,0.06449362269130324
1368,0.023606255610776453
1369,0.03269815305654956
1370,0.10840986982580093
1371,0.009767914793728948
1372,0.06250008886932909
1373,0.07943504206917121
1374,0.10049239607920957
1375,0.025878187402165555
1376,0.034806909467452775
1377,0.10539004465669591
1378,0.028470771743736332
1379,0.007299244677073953
1380,0.0193821294649009
1381,0.007833731362739255
1382,0.0861346535678341
1383,0.05616770177988284
1384,0.0432445701844837
1385,0.01631649087606283
1386,0.059209891934702275
1387,0.022843931914478557
1388,0.012314000248105958
1389,0.10261395990333226
1390,0.0387409619835484
1391,0.03999433456478315
1392,0.01558511981024148
1393,0.07242132114720273
1394,0.05131292660187571
1395,0.09837991854842817
1396,0.048304816469585815
1397,0.01569749559642694
1398,0.05456547732808517
1399,0.11296607914980834
1400,0.02836905491573135
1401,0.032556957383765246
1402,0.10420445586452005
1403,0.03424564136036398
1404,0.10781186276279867
1405,0.021216852872100365
1406,0.01377551902701214
1407,0.1038170627336785
1408,0.016189539980145187
1409,0.07650250237533356
1410,0.07470219016975335
1411,0.04987410622357096
1412,0.07175965365885505
1413,0.04845419271354419
1414,0.014743848522898645
1415,0.11374190703092273
1416,0.03621761341379692
1417,0.061133980733091904
1418,0.060177706346048694
1419,0.014943698452371323
1420,0.033797857566830423
1421,0.06190920870671428
1422,0.038790261181833624
1423,0.02143240990343391
1424,0.06640201405557938
1425,0.04286540154504205
1426,0.007570657819336927
1427,0.08028403425832188
1428,0.03431168813448641
1429,0.05094610260119208
1430,0.06034714355467397
1431,0.008978738219324621
1432,0.10463372205838486
1433,0.05156288891621821
1434,0.06856764781077097
1435,0.04473887986464198
1436,0.016108041833125326
1437,0.03668327477078485
1438,0.03377658505062894
1439,0.03155615971910686
1440,0.01730922457471065
1441,0.012456341279830163
1442,0.05295443135639184
1443,0.017467909803641574
1444,0.04406472641453868
1445,0.06680564860937002
1446,0.033742271457858304
1447,0.18211274385431517
1448,0.0213106812305779
1449,0.07711079384401102
1450,0.07449220670974076
1451,0.028705555156710257
1452,0.05051582746931589
1453,0.07877403965328056
1454,0.05439878677103775
1455,0.12433448908487582
1456,0.041819588075301346
1457,0.13505677467369867
1458,0.050716403450983695
1459,0.07688583524785751
1460,0.04756872305686657
1461,0.06939131636436723
1462,0.0639098164973357
1463,0.033449374020964685
1464,0.16056418815649962
1465,0.0245664729892435
1466,0.02014487115815348
1467,0.08947432315604528
1468,0.01799248633111412
1469,0.08583679994386789
1470,0.031981235858505465
1471,0.030975847273283348
1472,0.06647543781997879
1473,0.010089817269032207
1474,0.06753676533263793
1475,0.07680336472616389
1476,0.00895169577149459
1477,0.10809447884044467
1478,0.02545555407922905
1479,0.0155853370113084
1480,0.10950995246752773
1481,0.010784648128453905
1482,0.03362561914714768
1483,0.01464580539903569
1484,0.013345496923585868
1485,0.06891842299120943
1486,0.04426306602701278
1487,0.03790668058707794
1488,0.021284227161280804
1489,0.011823878555260165
1490,0.03705747281775565
1491,0.022595558844167748
1492,0.11541925488297942
1493,0.01590752109710126
1494,0.051176671062190586
1495,0.05243907717368484
1496,0.008737451142159382
1497,0.021308644017076585
1498,0.05331254611484058
1499,0.054297640486038225
0,0.06918743939258906
1,0.039688449325138056
2,0.05275456750361436
3,0.03538937580022809
4,0.07322464336932932
5,0.062217900590108136
6,0.03731165869376758
7,0.1673229115822587
8,0.062107907331692004
9,0.04813496227058575
10,0.11816818387457254
11,0.05925379852728055
12,0.051802981910536915
13,0.07146955200435579
14,0.03778381215853679
15,0.1272618857807655
16,0.048680053593382865
17,0.10117877028954601
18,0.0808646135180922
19,0.07208605999889257
20,0.0657690854367691
21,0.048346258764740135
22,0.07222597004753989
23,0.06185939911010801
24,0.09743483484162853
25,0.05874069235769498
26,0.11888511051031621
27,0.07653098625373589
28,0.0763871942140923
29,0.08599108472586603
30,0.06345657722408146
31,0.06444877569869131
32,0.04657476216467326
33,0.0532727342777742
34,0.05482243662994751
35,0.03676734292850866
36,0.06124270091325145
37,0.08112461525159753
38,0.039854734427814245
39,0.043905842471637944
40,0.05750451362084573
41,0.09467623578867769
42,0.04784114657526346
43,0.10636573812173548
44,0.06954325939075984
45,0.06366090475130598
46,0.07260140273461274
47,0.061001489307821864
48,0.055466746589145126
49,0.08807436964336969
50,0.08198710306416532
51,0.05018481649356894
52,0.08037912056044767
53,0.08787034531656619
54,0.039095946532386454
55,0.08823119704363928
56,0.04598487300412174
57,0.09002689051698341
58,0.08098591566836401
59,0.043667036176070914
60,0.06762121444707304
61,0.09334550275225018
62,0.046651944382522084
63,0.048021823147916504
64,0.07541777352545172
65,0.09276522620366046
66,0.07987358344309782
67,0.1313445295272657
68,0.08426099522750348
69,0.09670211407355275
70,0.049483443390493466
71,0.06767868768063467
72,0.0744430335252849
73,0.04677335327089918
74,0.07308704534689432
75,0.040106844408939205
76,0.06777291538997124
77,0.09696586593763241
78,0.08452285268662622
79,0.04013699782532337
80,0.05281358655316107
81,0.09795952594069476
82,0.037620662884865985
83,0.05752871659650966
84,0.046810209561599876
85,0.05428935103553879
86,0.08392449387440543
87,0.06290418418757565
88,0.04851989808041755
89,0.06286592780192683
90,0.08110425925948607
91,0.053096485233505755
92,0.12179019470773961
93,0.06047359595411144
94,0.060933488216075374
95,0.07148693183603734
96,0.05264936521535567
97,0.0450309037160082
98,0.0486288560843571
99,0.09749443729186863
100,0.07663275252942067
101,0.039809848919645695
102,0.11666857026404363
103,0.07496803250602545
104,0.07242379263591592
105,0.05149308741416348
106,0.05211275118743278
107,0.043219316821060914
108,0.11018478404400611
109,0.04834748376046974
110,0.03929377927999831
111,0.0888564632884306
112,0.05284682131122527
113,0.040072781789205196
114,0.0660668323620398
115,0.0945003902534234
116,0.05930721643949127
117,0.07136942522553207
118,0.08478504106222057
119,0.042009557339318465
120,0.06068953338689554
121,0.04600104725439898
122,0.0464975068007871
123,0.04430755337099443
124,0.11466314421456107
125,0.0604373673095978
126,0.05006301905509371
127,0.0851099187668678
128,0.05833649857370858
129,0.052135176038691576
130,0.062750864640011
131,0.0488488653900458
132,0.05061958545731717
133,0.05348706683722868
134,0.04417407389464194
135,0.05389563906850866
136,0.04964327825699898
137,0.0420956118980998
138,0.07569816528408226
139,0.06017523081388216
140,0.09115738631093286
141,0.04369429718391517
142,0.10418384933414503
143,0.11802314962008209
144,0.04472054739915718
145,0.04636251001216499
146,0.13571707195684352
147,0.06665616898897099
148,0.038764468299440004
149,0.05663762179587626
150,0.08759655171059264
151,0.05970036094990683
152,0.06819472812477577
153,0.04138743115894699
154,0.055719435143865334
155,0.08095805208745394
156,0.06711571310875976
157,0.11323226943949835
158,0.041939403312473214
159,0.04257082122060106
160,0.0596878405754599
161,0.040562765012342274
162,0.08368209790562019
163,0.04371847550869152
164,0.05647268943064428
165,0.04668384217045633
166,0.046742312441954766
167,0.10903584996349122
168,0.05632412130874792
169,0.11619316000929618
170,0.040571471874158875
171,0.08468375296486524
172,0.09800822537288804
173,0.040986033936945
174,0.07594408558728574
175,0.053511201496948976
176,0.04494309021760632
177,0.08012450597903477
178,0.0411220178023037
179,0.041546684709692985
180,0.0423991610872582
181,0.05136434764244521
182,0.05136783822706766
183,0.10570092058679952
184,0.06948770875671136
185,0.05015727786395337
186,0.05846453514687215
187,0.05433144371194256
188,0.047618337464213185
189,0.0432590360020314
190,0.06064297963287507
191,0.10831505307727197
192,0.0752164784698069
193,0.09001711125750529
194,0.05504921021234617
195,0.08055881129966594
196,0.06545272900507171
197,0.09256541136784341
198,0.05910894694513711
199,0.06331749386916045
200,0.05921711347424398
201,0.06090860572186773
202,0.05308216765534763
203,0.07726688108960275
204,0.06994107185782773
205,0.10048604734269373
206,0.08830808179918331
207,0.07330738236853684
208,0.1073425093257652
209,0.09163117329296631
210,0.04689863461956769
211,0.04138953889773655
212,0.05767997899366153
213,0.043148101050515524
214,0.05386325224302882
215,0.0590656406862021
216,0.04276556286429276
217,0.07585795494626682
218,0.04703020317009142
219,0.06020295224318836
220,0.04344202425297908
221,0.04599343576979288
222,0.14330735763865604
223,0.04479844558728429
224,0.04119394893129908
225,0.08400790619736152
226,0.04378546930660687
227,0.08556784181798431
228,0.038504409597398544
229,0.038415759713423515
230,0.0538338132617939
231,0.07599982517989717
232,0.04676461526629036
233,0.05000273258881764
234,0.08133259154268181
235,0.06836182552362229
236,0.07093440504937713
237,0.138010856337365
238,0.06063503461328361
239,0.06446894171469798
240,0.1257166133976886
241,0.04011425837997332
242,0.053530416850515045
243,0.05193020993894343
244,0.1505586465674454
245,0.060917767097097224
246,0.0441697116561066
247,0.07971140499853274
248,0.06195717807363219
249,0.11133436117215938
250,0.04884659201275781
251,0.07841023514740542
252,0.0567840518005014
253,0.061636602788051366
254,0.05131182286305126
255,0.08027451394976191
256,0.053688295840971775
257,0.04822627307224919
258,0.05085864706254165
259,0.05030830002850554
260,0.04296588518769056
261,0.05419124025349497
262,0.06056055101147788
263,0.04785096879852078
264,0.11471187684602291
265,0.10470440829263157
266,0.040370019091988396
267,0.08134521789581509
268,0.04812511556412058
269,0.08322794018613129
270,0.08423620295662801
271,0.04235201960195788
272,0.05414203134428127
273,0.10767828429424676
274,0.04162447460235853
275,0.08717814444008076
276,0.15284614057248078
277,0.06617401568789012
278,0.05363380322685427
279,0.04948274546576423
280,0.03747221329700939
281,0.055834023894041185
282,0.041236688243764044
283,0.086797160352739
284,0.057932706794655155
285,0.05814036643864954
286,0.0445131400314396
287,0.064561219518685
288,0.07435398790139913
289,0.061424284649011875
290,0.08967011180258497
291,0.06765258892105959
292,0.047039786832181574
293,0.05501683341119335
294,0.05747330163574285
295,0.05919025343856366
296,0.041535370279098066
297,0.056570859131223804
298,0.039823436585975217
299,0.07607560074945785
300,0.039468707338495744
301,0.08044604974540659
302,0.048912355976313486
303,0.05944772602962557
304,0.0630192196615579
305,0.08225642104916303
306,0.12075652467570469
307,0.0987487148358114
308,0.045419071591111755
309,0.09586887099759622
310,0.10597766989385618
311,0.04305330854476133
312,0.10558493237566813
313,0.06647467022521594
314,0.036381645253030635
315,0.0502638290374721
316,0.0483068255998818
317,0.05142949038140359
318,0.07015549573938315
319,0.04623150583722721
320,0.06533094531344348
321,0.03480566490139855
322,0.048597745972214106
323,0.03667857721883547
324,0.04825510009733797
325,0.05079411649404263
326,0.05920844911766717
327,0.06275951192884145
328,0.03932305100111698
329,0.03777512355351729
330,0.07757563276171217
331,0.034984561970061764
332,0.05299420892103021
333,0.07979690618669046
334,0.05059073012199351
335,0.06200504761774242
336,0.04030078440293407
337,0.056369366430162424
338,0.10272221238392897
339,0.06719001348954277
340,0.06109455924558623
341,0.10852669071902722
342,0.07289127152378705
343,0.045320539746513136
344,0.058437118944382554
345,0.03511058513157101
346,0.04800263557948363
347,0.041687225138302156
348,0.07653649231694283
349,0.055607983367864586
350,0.05279875656995425
351,0.03495423423018285
352,0.03422368275272936
353,0.03214671118889295
354,0.03242426508995638
355,0.07396188550929524
356,0.04694782604529797
357,0.03167511339121496
358,0.07728302821475051
359,0.06802393089088948
360,0.038550054296203555
361,0.05428320521878007
362,0.07859821629414396
363,0.03563528579157373
364,0.04113705132187378
365,0.0522766829210869
366,0.06018458859408447
367,0.03414369815751886
368,0.028431160505749727
369,0.028345998580586142
370,0.0534755137188251
371,0.036575433682711336
372,0.02877426441231513
373,0.04655244966514172
374,0.040536170155265165
375,0.05815900765418569
376,0.04936924731165967
377,0.04040584034936179
378,0.08859221806919211
379,0.028565729123710092
380,0.050273181654642306
381,0.053154625965043695
382,0.03139055444655911
383,0.0420881974772616
384,0.03219907992196363
385,0.042368674917338436
386,0.04138431116710566
387,0.07177599855089266
388,0.06042976311691576
389,0.0529458450402989
390,0.1199704987851258
391,0.04088414146688682
392,0.047608115747571865
393,0.030865855874921556
394,0.05771580920616917
395,0.03344156799835329
396,0.03942539348477525
397,0.03790445220547721
398,0.03208056260014097
399,0.04841534595723938
400,0.0606157276880446
401,0.03656250951233469
402,0.04250819613323337
403,0.03993253132200584
404,0.053343438475014354
405,0.053544171300635254
406,0.04774358725196956
407,0.04746961741856685
408,0.07911478902831806
409,0.031989572450229355
410,0.044400372734437414
411,0.04780590771687433
412,0.03316985027892906
413,0.04210170044845686
414,0.07836510964500304
415,0.035619783597668306
416,0.030110221875499495
417,0.038108804330349126
418,0.028985574300549113
419,0.039267728283780536
420,0.0627386825690529
421,0.039123989738933385
422,0.0373821136590047
423,0.057395446240835965
424,0.03139684644808607
425,0.027516550317299784
426,0.02913836452363044
427,0.03158777097699135
428,0.04246790292435327
429,0.040956833300359236
430,0.07720241945920753
431,0.06326488232960178
432,0.03036120372458039
433,0.03599048016914547
434,0.03964251730643881
435,0.028634730863773352
436,0.03937191674616698
437,0.04519250047277646
438,0.043508854443683666
439,0.032561783019852894
440,0.06287216496527141
441,0.065106782927324
442,0.030617358853231122
443,0.026531648301773646
444,0.07673167872445885
445,0.04851822886951214
446,0.025408158276896874
447,0.03348969943233707
448,0.02697130279900149
449,0.02789721358012238
450,0.021898480129972454
451,0.035404318395944406
452,0.03127937152552618
453,0.033217092352100006
454,0.06847096641347238
455,0.07244463589465304
456,0.035781419496523005
457,0.03570037926495763
458,0.042182618807939415
459,0.0336756541785099
460,0.022822240831128465
461,0.050761667284592506
462,0.03422505482587863
463,0.07214906372293234
464,0.07003683146705873
465,0.03181090859411257
466,0.03429646647166471
467,0.06072289793511934
468,0.0590253643570579
469,0.030789120992914656
470,0.02883161958332634
471,0.034680529324902475
472,0.03200989126745309
473,0.030030640048908368
474,0.03808835269675378
475,0.02160925064397241
476,0.07686530362606701
477,0.022151861618825378
478,0.02381083801521871
479,0.02495437625952992
480,0.02915861107500292
481,0.027095631983602424
482,0.05275819909827828
483,0.026935890066638046
484,0.06951900573467742
485,0.03169331003066495
486,0.023165122383817044
487,0.03694348159926846
488,0.025243319037827047
489,0.031336017365471654
490,0.06137766507733145
491,0.053221271031809556
492,0.0259554043740978
493,0.06785076842759043
494,0.05833501467848063
495,0.020802871534104497
496,0.019439232721601606
497,0.05864983695580161
498,0.0204554845805322
499,0.03330083554363071
500,0.020593517724035393
501,0.0648366286778891
502,0.018228230266246242
503,0.039048949612532115
504,0.04741122686617363
505,0.020155347307633353
506,0.03247481890282843
507,0.03367953755365449
508,0.03246236603025767
509,0.0541512463671535
510,0.059319456965118124
511,0.027959516393276488
512,0.03313319564410982
513,0.03256897960751295
514,0.04386007457574198
515,0.0632620540124004
516,0.03733559725521345
517,0.03465309852380904
518,0.051768385675809256
519,0.02455543883390427
520,0.02038465774049109
521,0.048852037544045185
522,0.027997630050021347
523,0.054920033853068914
524,0.034721065805502487
525,0.038121239661328805
526,0.0649076180169986
527,0.03411042443120932
528,0.03641642188947739
529,0.05062250683492114
530,0.046597587519635726
531,0.05722679111845382
532,0.09194504881838968
533,0.038988023673326634
534,0.024342214516226444
535,0.11647510509257714
536,0.028170270313297142
537,0.029640387137125548
538,0.05558440924660119
539,0.10217431945951622
540,0.022023722121581137
541,0.06292698233613217
542,0.026779316480802874
543,0.0190294781644783
544,0.028382894480249367
545,0.01836008371276244
546,0.05905386645147722
547,0.021857106022276206
548,0.04025014344928918
549,0.02104829255254445
550,0.03621818193386034
551,0.021833511935234213
552,0.040033003466331596
553,0.08647071606968668
554,0.03452485585347934
555,0.021845100631462024
556,0.016507619295121772
557,0.03812715691496205
558,0.037320476435303715
559,0.06938395290725712
560,0.034744494162915494
561,0.03869299312633604
562,0.07572898447710018
563,0.027103784870643938
564,0.07948197523130894
565,0.016854424432387827
566,0.016221618635948034
567,0.016776448206978465
568,0.026830674485316935
569,0.030668616095150848
570,0.040303067931329706
571,0.023171908979688183
572,0.03466793481136267
573,0.01978362602619703
574,0.020128753314495887
575,0.02271913352824323
576,0.03846275114514152
577,0.017378171353269044
578,0.048155024010141684
579,0.013836313025789363
580,0.03552364176763446
581,0.013935925406388886
582,0.021275592683538656
583,0.01996985892919307
584,0.011883950090887939
585,0.09231200311335988
586,0.03457663971549217
587,0.01388427713970334
588,0.08188505533058144
589,0.017483855698168942
590,0.04925813620408778
591,0.0515481580995273
592,0.044586864434738256
593,0.07107298536011013
594,0.08086043065534748
595,0.06128192085925821
596,0.016105008115425843
597,0.036308700820973164
598,0.015608449756326673
599,0.014870981291926898
600,0.09585052060542071
601,0.015454460810604653
602,0.010578902232446603
603,0.03417537682000419
604,0.010581387958744339
605,0.045620419064919954
606,0.03043588284896537
607,0.024880759807961
608,0.03803649702695342
609,0.0557355890994554
610,0.015796407285830726
611,0.043112956318736316
612,0.01850163567160444
613,0.03965443701466242
614,0.053027535546302955
615,0.03706839945004287
616,0.06528227053182466
617,0.10684003227677122
618,0.05140778470488126
619,0.026072372398736603
620,0.04163626934341094
621,0.04110306639559444
622,0.04752568405537132
623,0.0659347908735219
624,0.016833834625274078
625,0.07613574511607916
626,0.00951496846860486
627,0.030936175605136736
628,0.02509686226815263
629,0.011689938121022323
630,0.046418750451245785
631,0.018102545618677232
632,0.009680215848811662
633,0.06768936003368375
634,0.013333135568594492
635,0.06539942982635946
636,0.044410537592065674
637,0.03529447283239079
638,0.06878608867387863
639,0.07775505991554281
640,0.08332090389237096
641,0.037868498118219435
642,0.044448502139292315
643,0.034266364714257924
644,0.029096081447351447
645,0.07767432069795864
646,0.018273382737835905
647,0.05851126328620765
648,0.019062622071018564
649,0.00937089676644388
650,0.09890466613836967
651,0.009292295409106126
652,0.01913135031458822
653,0.06407897416859072
654,0.03243643551304312
655,0.014229676538651896
656,0.08332541482973707
657,0.011278255269930332
658,0.07285060636444177
659,0.05108419880155433
660,0.009895130198442601
661,0.07432932599110659
662,0.009753399632443108
663,0.03114062439111044
664,0.012392615287943066
665,0.02233710263199772
666,0.03849430030282331
667,0.00972036477550826
668,0.03436087249523239
669,0.013283278153814686
670,0.018170168947425076
671,0.012380058705596551
672,0.028126164092781063
673,0.027254296038483308
674,0.008686057961660595
675,0.034506348121882954
676,0.007614671080554514
677,0.010044951537886792
678,0.024552489514354608
679,0.014053200361298576
680,0.05784260066245731
681,0.020325079427178174
682,0.026012151336153738
683,0.09291364027435205
684,0.11643704474484425
685,0.026174330179681026
686,0.01025903056173714
687,0.09884305734488817
688,0.0606168816253067
689,0.06600628988988401
690,0.07593858131788142
691,0.016220450857762535
692,0.01748627110880077
693,0.05620499822885395
694,0.04302545445997629
695,0.18305792934213386
696,0.01806213748168635
697,0.05946162609678914
698,0.054712543973854576
699,0.01037889097227745
700,0.07942902607215546
701,0.059708942432012115
702,0.208971457812063
703,0.020319477759578243
704,0.06371256535752835
705,0.03806490260394586
706,0.06008982613194229
707,0.01365310386227705
708,0.09186108002786937
709,0.014789411092199495
710,0.03999463062860791
711,0.0525730065227506
712,0.18098411211488363
713,0.031334588677882275
714,0.030128969009967546
715,0.04352639533431317
716,0.022574136220390714
717,0.030947141902934162
718,0.10023387383049545
719,0.016654004309362664
720,0.03782474703377895
721,0.01448880543943406
722,0.0356687019138152
723,0.037576975248174535
724,0.05830423623222017
725,0.11379490948892271
726,0.020305819253644674
727,0.04218140887921446
728,0.013020299202820535
729,0.05436209849252934
730,0.06912039928147176
731,0.03278919752340729
732,0.034091918074507115
733,0.017042978737130312
734,0.03393680108691353
735,0.038986351914427946
736,0.028111158182285014
737,0.12407941486972077
738,0.019086504097983004
739,0.01899161741954187
740,0.20144030546472708
741,0.01849160375688999
742,0.049139487392250956
743,0.053879751267348
744,0.013453182497018662
745,0.08338797983354593
746,0.028543239636478437
747,0.06523713243110459
748,0.02983156229241206
749,0.07656769060669369
750,0.04123837814173943
751,0.06453216640487706
752,0.012810907402275229
753,0.0667424423978242
754,0.047920140088276164
755,0.1085940876598076
756,0.03599368144588752
757,0.07934683288308779
758,0.06389405881223127
759,0.020004600482195566
760,0.08973389615809961
761,0.07167331469144662
762,0.02104925575299071
763,0.07378209076037338
764,0.02539330805314242
765,0.06608569999371573
766,0.06845266302871705
767,0.01630953656870565
768,0.07843032387878177
769,0.018296752397741395
770,0.022077585598725216
771,0.11630151029370693
772,0.010015771907542353
773,0.045973778046694856
774,0.05925903624985635
775,0.036952487356611434
776,0.06339016463975952
777,0.024436152033177883
778,0.07369024792572573
779,0.03196803918738432
780,0.005845458927058808
781,0.04672840366842622
782,0.022847781510570157
783,0.03371590508138427
784,0.05426324709814123
785,0.06090966635406693
786,0.008039978131587449
787,0.019909302973387936
788,0.03085858842397813
789,0.02624224710975535
790,0.05622429781308515
791,0.09464384897342436
792,0.0172368872078994
793,0.023997265736378736
794,0.027246050664467295
795,0.07971770524284535
796,0.04659692789503015
797,0.1111583589764451
798,0.04070299114309489
799,0.013748564057878642
800,0.08173861578766774
801,0.03627633824739977
802,0.1081042880088685
803,0.04377018799081386
804,0.02437311499409629
805,0.10836837001902304
806,0.019802095026222447
807,0.04464740339342886
808,0.07982559641227807
809,0.011336775041680326
810,0.10519300080461928
811,0.040915330503395055
812,0.06299067040688715
813,0.0688655685767546
814,0.027564633493494983
815,0.07155051190698741
816,0.017729887462813416
817,0.08585082829275333
818,0.020525913380064605
819,0.09889271211154453
820,0.05189320612570873
821,0.08538200379226824
822,0.07997692271113249
823,0.018918524801460918
824,0.08860660621000689
825,0.013726695375745968
826,0.06818119572341015
827,0.009010079434029653
828,0.08573421627284848
829,0.013192314925763737
830,0.03977783518253945
831,0.06224352099114262
832,0.01800319810925841
833,0.027918696888142476
834,0.03141699460823819
835,0.09287880331445103
836,0.03796353757463811
837,0.09607058117584737
838,0.03688797673010303
839,0.034307081432117796
840,0.02978434221433837
841,0.09383821109664629
842,0.044645813049239515
843,0.03807938664820134
844,0.04090900679442348
845,0.02821450348161008
846,0.03519954703947659
847,0.017815111262506855
848,0.010580831208645024
849,0.08309165212973282
850,0.006884012278956979
851,0.0441839527450745
852,0.03160740416519458
853,0.017519807526750687
854,0.046821307914415716
855,0.04853327037066954
856,0.03920189742866732
857,0.05414054084756186
858,0.07960364852057024
859,0.04204793285469841
860,0.03702913615446193
861,0.10890478950523153
862,0.016128626658362247
863,0.04573318780905132
864,0.04596093404516813
865,0.022705049863493098
866,0.10672763549776186
867,0.03805041460316017
868,0.011175977726199094
869,0.00926344716141475
870,0.02104882140108877
871,0.02296085863935905
872,0.01377338862112681
873,0.03661429501020009
874,0.07572332249150643
875,0.03040410596236018
876,0.05935253080448311
877,0.01843188107886039
878,0.050704723528323864
879,0.018914628364754146
880,0.019428392984411305
881,0.013785195057791787
882,0.0876719739730136
883,0.0096049850328649
884,0.042513902778588235
885,0.10544520230577961
886,0.019629426821346187
887,0.06060131807009027
888,0.0427683730315592
889,0.02677932428480817
890,0.02562802069722563
891,0.010281297316774655
892,0.012123582024778748
893,0.017235454771302762
894,0.02964907299844715
895,0.04694257008155813
896,0.017508835350294703
897,0.13495555574531687
898,0.006434089248754492
899,0.019463109494550296
900,0.028129296199033756
901,0.06123491969790207
902,0.011082371791343991
903,0.052924561536353755
904,0.044152725358306395
905,0.03682052922261835
906,0.02947221062621253
907,0.006463233296061699
908,0.02884791446277977
909,0.07831598474978274
910,0.02594059446899422
911,0.05616486715882519
912,0.009702498742840796
913,0.006154234780665028
914,0.005466506587667293
915,0.02171760925284727
916,0.06419590734344792
917,0.033137545086879376
918,0.06197923239926047
919,0.011048533813585747
920,0.05579835463269567
921,0.05132980302449158
922,0.04112347728056734
923,0.09648188327270159
924,0.04956262678855482
925,0.1340233181156706
926,0.04350356019072365
927,0.05654311353731835
928,0.020819157124579768
929,0.022591864840451576
930,0.16879994739657453
931,0.0231154292682681
932,0.08951467177307962
933,0.03751410084168409
934,0.04866682297461523
935,0.11212241150994014
936,0.025020898503937395
937,0.15200667225159578
938,0.024831031834774014
939,0.05945139207536424
940,0.019800739055465453
941,0.044360821513670025
942,0.08233785831888721
943,0.03845612150447265
944,0.04234657165173813
945,0.010671283611461947
946,0.09354295842608816
947,0.03022853640593779
948,0.03823392341340765
949,0.02600681760917711
950,0.0297266280414806
951,0.031153028685453978
952,0.08891470499292695
953,0.01551634451038567
954,0.10044948328603326
955,0.06129602988739925
956,0.041022643250172484
957,0.03200310618625081
958,0.09541725390105542
959,0.01987288121563222
960,0.05295908908633218
961,0.012041770281995485
962,0.1402145523063162
963,0.037621672744051
964,0.01283383115113667
965,0.10928220239471212
966,0.0357718076980144
967,0.04619575637802466
968,0.01781935570051928
969,0.0626823011525992
970,0.010791257676771639
971,0.02517374937712065
972,0.02613140358772356
973,0.02614863495539395
974,0.0378556595096775
975,0.05248659930090153
976,0.027368666158048633
977,0.02208673952679269
978,0.14966114015601611
979,0.006717994282502808
980,0.046186061777992754
981,0.02633569647492934
982,0.09798298299719788
983,0.05971779208136419
984,0.02462896171577696
985,0.06900720446144301
986,0.05324066755019767
987,0.06692273733657776
988,0.02484273512066887
989,0.05017801497787764
990,0.02629542398789765
991,0.0581298002369555
992,0.04922836567113558
993,0.005190572466921077
994,0.07089614228734627
995,0.004589015675346293
996,0.07941295051833938
997,0.04260144045112196
998,0.05002027555151154
999,0.06530615137578706
1000,0.16550234457747248
1001,0.016782881481693015
1002,0.062116611748539434
1003,0.07845300520898563
1004,0.05114044065460411
1005,0.011372701524906761
1006,0.10147157052320421
1007,0.015633956383067357
1008,0.0575077660370072
1009,0.005547462590730847
1010,0.023304749978670714
1011,0.05056276856300131
1012,0.05128844735338653
1013,0.060369697949772545
1014,0.0229628694165902
1015,0.1313608158819093
1016,0.03667498078186179
1017,0.11929462666138638
1018,0.06900578704618397
1019,0.1049667235173943
1020,0.016376083158626244
1021,0.06760603602489097
1022,0.05097920579982451
1023,0.020540441332296724
1024,0.08794666053753779
1025,0.014381264299373515
1026,0.051287865843923544
1027,0.02242253565687127
1028,0.03553428479436243
1029,0.012128364213839515
1030,0.011705980852828849
1031,0.012496986869396374
1032,0.010111859890602438
1033,0.11364970495293374
1034,0.03541922960987252
1035,0.010111868483465321
1036,0.05192262927138733
1037,0.037783497293834956
1038,0.04547731064713495
1039,0.006141715175191398
1040,0.010262727721110303
1041,0.03831185864617631
1042,0.033372072662650056
1043,0.04231546645911576
1044,0.021606322643323607
1045,0.10309060419211163
1046,0.08359187667870063
1047,0.05467029144409401
1048,0.16371147496339894
1049,0.048187185628548505
1050,0.1058895655677844
1051,0.027163272901994866
1052,0.06424160277493537
1053,0.015153900006116968
1054,0.07087899815359924
1055,0.01568236797558298
1056,0.024351339718928673
1057,0.013106384106669398
1058,0.05030819057234613
1059,0.005802028745962885
1060,0.008394544609896012
1061,0.005873778819510693
1062,0.00860381014983518
1063,0.011482803690874776
1064,0.01951359959767388
1065,0.14416464813154
1066,0.02457738233131442
1067,0.110863610646964
1068,0.077293125428545
1069,0.07339477574885031
1070,0.046023764441483164
1071,0.1329211772661181
1072,0.039738939401291376
1073,0.01662299121470051
1074,0.047282882030267995
1075,0.03557574838106923
1076,0.055946601459925124
1077,0.010874093442682378
1078,0.07675589242164918
1079,0.05631721752899339
1080,0.06383998141277877
1081,0.056306690976525305
1082,0.013877276806835828
1083,0.06685909289454176
1084,0.013865624976713778
1085,0.024721909505358075
1086,0.014633870419435426
1087,0.030517289979120885
1088,0.015921420402453017
1089,0.03862571479086954
1090,0.08740479807448158
1091,0.015755318465603376
1092,0.08311649621017227
1093,0.020755208086135526
1094,0.10556367700762394
1095,0.07559979457902759
1096,0.1199027857320189
1097,0.04274199783817279
1098,0.07158129114930877
1099,0.04881839391144738
1100,0.031904333380050845
1101,0.045344188314806036
1102,0.02285466678176075
1103,0.013214353227024191
1104,0.14677831039134004
1105,0.05640706629481378
1106,0.05101082320658003
1107,0.04094366154434162
1108,0.03801023417142401
1109,0.07902669678908637
1110,0.055566691000897936
1111,0.011398022171419159
1112,0.11503280305538378
1113,0.0493446102699005
1114,0.04630108814416832
1115,0.05934233016381199
1116,0.023750016077119743
1117,0.11325723609543238
1118,0.005618650897744964
1119,0.00609544740433879
1120,0.022440648702114516
1121,0.03951384369221519
1122,0.013320015558443293
1123,0.015280280416189992
1124,0.006034589880562473
1125,0.012121983796210087
1126,0.045432046279754654
1127,0.014865044428690473
1128,0.03330084410404019
1129,0.0143615539800484
1130,0.09974555977549228
1131,0.012445694455535084
1132,0.04792157002487764
1133,0.006770656034085751
1134,0.012886050116225
1135,0.0366633373986058
1136,0.06124448525131495
1137,0.054278794525347146
1138,0.024846841326908172
1139,0.052797108140539194
1140,0.029572924791296005
1141,0.07725970800847431
1142,0.015891982106410792
1143,0.12459612552584108
1144,0.03425853772053743
1145,0.005084386627263884
1146,0.09159025149881925
1147,0.028330004723338686
1148,0.0287743724912732
1149,0.10146732148069766
1150,0.028203679863938465
1151,0.06924290915471794
1152,0.0703768750092806
1153,0.02201232808261923
1154,0.01816678741381912
1155,0.03811315356348131
1156,0.07847057816463379
1157,0.036718424509663776
1158,0.004844083014357461
1159,0.13629923744187467
1160,0.008651245038542758
1161,0.07684408830645109
1162,0.04833027558860788
1163,0.053750093670329374
1164,0.06017047802743606
1165,0.027402656458571796
1166,0.07584138318371422
1167,0.027563342938685856
1168,0.017960947337089608
1169,0.06487817281334123
1170,0.0810591910673093
1171,0.009174760034720399
1172,0.08249201618770313
1173,0.04860041806337994
1174,0.015008093386858417
1175,0.07113673552613871
1176,0.02272026087245064
1177,0.059224246750991166
1178,0.012256446786067483
1179,0.015978143407702775
1180,0.015226887579400206
1181,0.05048404782649371
1182,0.059114809152017826
1183,0.012900198095505777
1184,0.10133057172904224
1185,0.013873671477162413
1186,0.09521910808728588
1187,0.04082301702468781
1188,0.014697476566393147
1189,0.011932005646541378
1190,0.007953506009611073
1191,0.015346572263002765
1192,0.007284094595608653
1193,0.027998199077449062
1194,0.012293245901067248
1195,0.06026963523735142
1196,0.05724915271500896
1197,0.009359746191772827
1198,0.10502450971011208
1199,0.04701887203334238
1200,0.1288542425648449
1201,0.03114946342460363
1202,0.0807258585972428
1203,0.05528801213132127
1204,0.025004010061571824
1205,0.06362501704402714
1206,0.05869971300318623
1207,0.07555622191374932
1208,0.045495729963455064
1209,0.021499241799887166
1210,0.12327506475789753
1211,0.03584231230249069
1212,0.023258402727404832
1213,0.00590815350935181
1214,0.024888844239050786
1215,0.0074933906391961725
1216,0.008225170367558375
1217,0.08322450319835376
1218,0.06124866860606046
1219,0.030632406948955374
1220,0.006514527653497892
1221,0.11314656753275326
1222,0.04209790998223337
1223,0.05579925081971003
1224,0.06369862701296752
1225,0.06552392750365912
1226,0.029347179803586733
1227,0.012792457259542436
1228,0.10569011667177222
1229,0.007144126152863036
1230,0.07181999158341061
1231,0.03535737104977383
1232,0.15123106609215012
1233,0.024808087868717393
1234,0.07008515719649988
1235,0.057617817271932006
1236,0.01568325438660848
1237,0.07681079986120215
1238,0.01327078282964874
1239,0.027143742422008784
1240,0.06619531201906562
1241,0.03370838857596968
1242,0.1559310445122722
1243,0.03661689870960527
1244,0.07994683224183488
1245,0.042032608842359404
1246,0.01672442759615895
1247,0.03886977509247523
1248,0.025478528240349373
1249,0.08759750254699679
1250,0.07213783659639449
1251,0.008037147628175843
1252,0.08324088042694833
1253,0.05396595985939366
1254,0.011467551404130485
1255,0.09556340091681753
1256,0.03373990534529067
1257,0.00897545185635802
1258,0.09185655965441977
1259,0.040199846939896394
1260,0.037879169596091104
1261,0.035828465193210465
1262,0.05646665401426876
1263,0.011709495106613583
1264,0.011786657649867948
1265,0.011848789751515463
1266,0.011499137385547422
1267,0.08670444411354061
1268,0.011188124546325215
1269,0.041154096512084674
1270,0.08572320891214989
1271,0.0437528587776942
1272,0.04923988183887139
1273,0.00990278566326877
1274,0.010707356659209542
1275,0.065209347110333
1276,0.04448836702381203
1277,0.01893904168119949
1278,0.018273222716308716
1279,0.07251768395091865
1280,0.020016200336689088
1281,0.01657234472950806
1282,0.09629540682789817
1283,0.01206080058680342
1284,0.049256054308425536
1285,0.0657068243508938
1286,0.036320014356091994
1287,0.0397986447362993
1288,0.03488316639725232
1289,0.0574448148612988
1290,0.015065663708238487
1291,0.06000455644884751
1292,0.048281619983263885
1293,0.04705495102932648
1294,0.08337679690777484
1295,0.04565050860036927
1296,0.0989880239789395
1297,0.03195228585356888
1298,0.03755974707035161
1299,0.08286719327371347
1300,0.03178599788915239
1301,0.023234650184975544
1302,0.0728473386828552
1303,0.023147045232212032
1304,0.09355245603778135
1305,0.019962477196321535
1306,0.017229650189686963
1307,0.1087712901984665
1308,0.031237425672338146
1309,0.09850225916160552
1310,0.03343789005359363
1311,0.015012922572665996
1312,0.015296458434742078
1313,0.010287568506395442
1314,0.05491269113464712
1315,0.03964329278355076
1316,0.04423284449085753
1317,0.05022384644394103
1318,0.013644571049877999
1319,0.07121976371273703
1320,0.05285940458387915
1321,0.07671167759235582
1322,0.0577105323745659
1323,0.01580058138128093
1324,0.09823138864897189
1325,0.03322539348624981
1326,0.011161891372000764
1327,0.05038158563953027
1328,0.03972282045573604
1329,0.013202152420968357
1330,0.03383279575455015
1331,0.027705284027947148
1332,0.01850720747271823
1333,0.014339264819549842
1334,0.015051321906070893
1335,0.01249717855530375
1336,0.0798353843640773
1337,0.013033042234903695
1338,0.04189671696599282
1339,0.042620132622391706
1340,0.04077889973885622
1341,0.036505058896262134
1342,0.020475800857517733
1343,0.01682065248994949
1344,0.01562068809285731
1345,0.03194986750409256
1346,0.06411577321253313
1347,0.03280279430564987
1348,0.01672699751443469
1349,0.026180743518327592
1350,0.01964427791417114
1351,0.018996899571371448
1352,0.041534475283307726
1353,0.03670251627544192
1354,0.02582156613067105
1355,0.05601928049996046
1356,0.07788762280121594
1357,0.12490485079123942
1358,0.024775063790562653
1359,0.0822295299635233
1360,0.07505439600439358
1361,0.09637503894584015
1362,0.028840707786747008
1363,0.08311930198322641
1364,0.05045132696789848
1365,0.015512357994179445
1366,0.09884193983245015
1367,0.030709630693959857
1368,0.05481079773791222
1369,0.0451254964499275
1370,0.06258381309745849
1371,0.030478149099682206
1372,0.048868646624244866
1373,0.052780620855887
1374,0.048388433631341154
1375,0.04272728393354198
1376,0.04028549800680016
1377,0.06830127183561159
1378,0.04464571871830118
1379,0.02065337580399943
1380,0.02468802975132707
1381,0.023711840458782375
1382,0.02135090282241645
1383,0.1070893423026584
1384,0.026435548159495316
1385,0.07123277090383835
1386,0.052198846036287105
1387,0.03000809276993648
1388,0.03295106590960909
1389,0.0781585972252676
1390,0.09706989039041371
1391,0.02580225603091336
1392,0.048821877999649946
1393,0.049585862047796685
1394,0.02688580529794581
1395,0.10285415611271896
1396,0.04088773459613492
1397,0.054345371262718115
1398,0.04015889378510152
1399,0.09646544229085019
1400,0.039733507017347326
1401,0.05225994689084148
1402,0.07929423649347647
1403,0.022810245742923473
1404,0.056226703859147235
1405,0.01915275833211271
1406,0.020614376140139064
1407,0.042025552284014715
1408,0.03756795263619779
1409,0.056341367705293695
1410,0.05941635839123739
1411,0.056784421942918856
1412,0.06729413802545728
1413,0.04169356681297951
1414,0.021754904038701697
1415,0.09311953063076944
1416,0.03978358791369528
1417,0.04738382377308637
1418,0.060836839883370235
1419,0.021043471363192342
1420,0.038578113432685315
1421,0.028154152066612256
1422,0.04412747592301214
1423,0.01883468018146877
1424,0.034235800132263024
1425,0.04871057287883544
1426,0.034225509580169844
1427,0.06857345026763075
1428,0.025344802300325906
1429,0.02986971932249471
1430,0.041086901617646596
1431,0.02135629545673815
1432,0.08338306705164507
1433,0.051167748057286466
1434,0.042425343753695395
1435,0.062282001218945164
1436,0.02757257876801959
1437,0.03913762586825053
1438,0.049144021359737146
1439,0.031313839912007015
1440,0.029433654438751723
1441,0.01998815931949022
1442,0.05999024541739405
1443,0.032968078354423266
1444,0.043682898446799255
1445,0.039978591720243255
1446,0.07269920311709588
1447,0.042761431894194936
1448,0.021538612096813358
1449,0.01998361518975943
1450,0.07371553298515285
1451,0.05928766011909283
1452,0.02449176813654077
1453,0.11054823295039502
1454,0.048901675017304025
1455,0.06162128159076417
1456,0.06896540551748363
1457,0.10568181952236545
1458,0.03753758601169529
1459,0.0484057007598191
1460,0.07717848347903002
1461,0.031164924745015685
1462,0.07668801858656112
1463,0.06573731185397824
1464,0.11003396491458498
1465,0.02866352888091556
1466,0.018469405312643024
1467,0.0918650870291974
1468,0.030070336499325084
1469,0.037823125765161295
1470,0.047108656921857874
1471,0.02612665592635829
1472,0.05119645988555483
1473,0.03974579574792772
1474,0.0827856545005267
1475,0.07152697513078711
1476,0.03307469006121733
1477,0.13307921746845436
1478,0.030133935426907392
1479,0.0205966123734083
1480,0.09881912255947073
1481,0.01963696341766124
1482,0.030232348381223243
1483,0.025329350432069776
1484,0.0659181146670109
1485,0.0201873512184779
1486,0.07719495286895649
1487,0.027033589212564876
1488,0.03821846760270963
1489,0.05461631638565202
1490,0.02003438963726258
1491,0.09097316428635199
1492,0.04183178853802907
1493,0.024123021628055453
1494,0.025990095036883258
1495,0.01872650998721879
1496,0.022189476768214665
1497,0.07971186153462577
1498,0.019040095130491295
1499,0.06812468183733242
