Round,MSE
0,0.10007144505688496
1,0.10046321626193669
2,0.10103369190768939
3,0.10097635960335893
4,0.10131397485530301
5,0.10119406403644184
6,0.10146736338965515
7,0.10173826010251961
8,0.10136833930738623
9,0.10148090005159643
10,0.10112139320676938
11,0.10101707843065574
12,0.10070606079960251
13,0.10032080944125848
14,0.09957126683558155
15,0.09902958747819156
16,0.09843254319661007
17,0.0980582934287518
18,0.0974556853103513
19,0.09637307830842855
20,0.09598095696824517
21,0.09530870827799957
22,0.09445835191260203
23,0.0939164171527128
24,0.0931468322815669
25,0.09221993490444062
26,0.0916275752420574
27,0.09046830705809639
28,0.0895319686010135
29,0.08839307721248563
30,0.0869550043234085
31,0.08622319518312599
32,0.0848865619968548
33,0.08432196981235607
34,0.08311741084879115
35,0.08124488580101703
36,0.08061558314095178
37,0.07979269636266122
38,0.07902713686566804
39,0.07807403745954729
40,0.07633297312432698
41,0.07570030905875222
42,0.07475419762580435
43,0.07375378446437036
44,0.07241987365195916
45,0.07128212055814126
46,0.07062726415547901
47,0.06965428349902111
48,0.06866584420140985
49,0.06778314284539785
50,0.0669028400787372
51,0.06598988528945748
52,0.06525236366799728
53,0.06424084803187037
54,0.06320982510770026
55,0.06239795806240634
56,0.061292583876930255
57,0.06030739776254724
58,0.058954676386099074
59,0.05844322963566375
60,0.057849596803220674
61,0.05717000432526372
62,0.0554282376762475
63,0.05491225307903971
64,0.05442584270966899
65,0.05387730619558437
66,0.053207524107706704
67,0.0524872291415616
68,0.051927780484303354
69,0.04765023411883895
70,0.04887450900699187
71,0.048337259968267134
72,0.04777185253509183
73,0.04730330213961106
74,0.04684041201362738
75,0.046124459084952114
76,0.045789471004739846
77,0.045396220458193616
78,0.044777310429433274
79,0.044501344918573923
80,0.04397061162306766
81,0.04359784288834705
82,0.04318452825430176
83,0.042821520548533214
84,0.042486637266606474
85,0.042110822483842944
86,0.04161208474086879
87,0.041373160422353894
88,0.04097621752883689
89,0.04066869922852858
90,0.04021658378040083
91,0.04009605215537125
92,0.03982455012091637
93,0.03963294269050612
94,0.03933926059588649
95,0.03905900150256219
96,0.03888350187737196
97,0.03870660551644313
98,0.038566819400519745
99,0.03830655816627709
100,0.03813164254437345
101,0.03799592805383607
102,0.03734531646440634
103,0.0374269973021705
104,0.03728037794939035
105,0.037240179991428965
106,0.037217068361627824
107,0.037137184771976965
108,0.03709032361557695
109,0.0370900428691073
110,0.03708584190367738
111,0.03708134235804074
112,0.03706174764765493
113,0.03711616075955583
114,0.037103263100331595
115,0.03713768690768485
116,0.037194737220022235
117,0.03716112407489772
118,0.03725784898403384
119,0.03734616164863485
120,0.037382409869733874
121,0.037459776748374085
122,0.03753299338420223
123,0.03756937748510246
124,0.03768186885442161
125,0.03779947832547779
126,0.03787048847540409
127,0.037933181535780014
128,0.03797412676285044
129,0.03813557162414952
130,0.03818084576969878
131,0.038278610824333745
132,0.03832176503396015
133,0.03846614410545439
134,0.03853761601290456
135,0.03860446971080177
136,0.03878048862226453
137,0.039458786277039644
138,0.03918399421198987
139,0.03927921016810763
140,0.03937117702626392
141,0.03942607582326029
142,0.039545176141169314
143,0.039599848511883265
144,0.039663993245627444
145,0.03974385387960738
146,0.03982155637667864
147,0.03988116975262119
148,0.03998077745789924
149,0.04001462016188254
150,0.04010324214438873
151,0.04014703352794892
152,0.040183238347776276
153,0.04023700501510882
154,0.0402653406403036
155,0.04025198817450502
156,0.04026853293036752
157,0.040307902488700566
158,0.040334415774662395
159,0.040420018688386315
160,0.040412641524670063
161,0.040420433057140506
162,0.04043528037949424
163,0.04042492385311301
164,0.04041602772231779
165,0.04043162927801886
166,0.04041417148252449
167,0.040381966615638205
168,0.04032314140059823
169,0.040330905163125985
170,0.040312292903252604
171,0.04033212282854966
172,0.04024155981362275
173,0.04018129833276579
174,0.040124580796367215
175,0.04008078410573705
176,0.040071004845249884
177,0.040001399719556276
178,0.039956164435126486
179,0.03988276880030679
180,0.039857837158111725
181,0.03974379374653065
182,0.03966359052915193
183,0.039636972947799734
184,0.03956514742172239
185,0.03948521751241055
186,0.03941106752863642
187,0.039308084124317084
188,0.039294174455900194
189,0.03925274079367244
190,0.03914255949506535
191,0.03904161716023813
192,0.038933191128962506
193,0.03891663684078013
194,0.03881703079338928
195,0.038782151236960126
196,0.0386618091404337
197,0.03857939155350353
198,0.03847712853450443
199,0.0384376466105593
200,0.03837094710877668
201,0.03827838881864597
202,0.038139123190199076
203,0.03812689421739158
204,0.0379041319508557
205,0.03785434699893074
206,0.03774214558488965
207,0.037699925194884326
208,0.03752343812223338
209,0.03749426345945563
210,0.03731586726168467
211,0.037225103549475606
212,0.03713300212520366
213,0.03702307304313478
214,0.036862175399333855
215,0.036816057295350514
216,0.03676779719176743
217,0.036653069258075585
218,0.03656230797703807
219,0.036433211833060974
220,0.036350682615928706
221,0.036332339064536485
222,0.036215983536689984
223,0.03613620917548166
224,0.036029011820078255
225,0.03594308184289585
226,0.03587314953780103
227,0.035803771669046094
228,0.035759375520070316
229,0.03569024578415343
230,0.0356261645276383
231,0.03557242649552858
232,0.03550062094657006
233,0.035444301737148534
234,0.03542940187390713
235,0.03538030867415559
236,0.03535601908635907
237,0.035330244290268556
238,0.0353068586477731
239,0.035296938469105456
240,0.035285165413106584
241,0.035280030306952016
242,0.035248587314907695
243,0.03527697386288331
244,0.035299419833584506
245,0.03529912769818565
246,0.03530484521259521
247,0.035333084578999585
248,0.035352742823106326
249,0.03537966815595354
250,0.03540591854937952
251,0.03550650906802744
252,0.035500051999557865
253,0.03562935642904933
254,0.03566091737465239
255,0.03570151358993785
256,0.03576843656556066
257,0.03588006352678091
258,0.03591565015390894
259,0.03606025777978215
260,0.03619103056787319
261,0.03627559522802906
262,0.03635560696335989
263,0.03646251024829412
264,0.03658298367709192
265,0.03666316041784262
266,0.03683744922607508
267,0.03692603925536572
268,0.03718022303940752
269,0.03721884130301471
270,0.03743542151961849
271,0.037610495022161246
272,0.037748598855933096
273,0.03799025483763887
274,0.0380552664705519
275,0.03832131350477783
276,0.038688296806186476
277,0.03866288934558544
278,0.03891159623893521
279,0.039211746684141874
280,0.039349507715758965
281,0.039523990742657264
282,0.03972965049128498
283,0.03991363245887706
284,0.040125581047029936
285,0.04032107425665546
286,0.040345607401757924
287,0.04055065535256433
288,0.0408481881857659
289,0.04108782687984964
290,0.041143528747527
291,0.04131758536117136
292,0.04149413350710679
293,0.041665178317119377
294,0.04194656277044546
295,0.041999512953022504
296,0.042241664290967346
297,0.04244846022156867
298,0.04266408266452792
299,0.04279063119788398
300,0.042976308012722016
301,0.043049662719313
302,0.043247233088170356
303,0.04337419391997062
304,0.04357821876141027
305,0.04369545492233228
306,0.04379137143075544
307,0.04404408181705368
308,0.044213660211378
309,0.04434173328419346
310,0.044620468571289186
311,0.04462273278850133
312,0.0447093348437883
313,0.044727448540911666
314,0.04483117213495009
315,0.044950713734716506
316,0.04498623019108746
317,0.04505504080998095
318,0.04518709484110974
319,0.04524408578931614
320,0.0452249492775752
321,0.045322441682196055
322,0.04540980823537749
323,0.04539413019167057
324,0.04541296837105161
325,0.04541444460076407
326,0.045384860491552735
327,0.045417063329064214
328,0.04547738620908149
329,0.0454952014571946
330,0.045506934570922156
331,0.045551440692232215
332,0.04553881744661545
333,0.045471252606958355
334,0.04543000660521169
335,0.0453422799289499
336,0.04537405189821577
337,0.04535696728166922
338,0.04529206735906531
339,0.04532110790811487
340,0.04523097758121147
341,0.045075705621525165
342,0.04494271565956406
343,0.04498201774902901
344,0.04492007928886904
345,0.044891358402396865
346,0.044804816507784236
347,0.044701805983826816
348,0.04470700384151021
349,0.04454414072173706
350,0.04442067643669591
351,0.044209988833437026
352,0.04406881667719193
353,0.044092089608194246
354,0.04391321825198609
355,0.04381779087545259
356,0.04370519049822233
357,0.043595796249792054
358,0.043471307805752486
359,0.0433931916444495
360,0.04326217099533844
361,0.04314861418618054
362,0.0430268810746231
363,0.0428931924440758
364,0.04282488358308298
365,0.04265741908076273
366,0.042468956410498165
367,0.04238162233597599
368,0.04153910410728963
369,0.04169320055254621
370,0.041651169254486094
371,0.04150450284294311
372,0.04138372484852507
373,0.04126559262804279
374,0.041248616135181784
375,0.04110846519606034
376,0.041032994668997146
377,0.04087703516308003
378,0.040825859585246975
379,0.040665759384248795
380,0.04061062190078757
381,0.040505348695164776
382,0.04036058333783219
383,0.04030339501971823
384,0.04017779009918725
385,0.04014803920840646
386,0.039941083770661946
387,0.03978393134458511
388,0.0397494559154408
389,0.03962148698499843
390,0.03958989171694183
391,0.039496637631490056
392,0.03933036303830993
393,0.039124117086116655
394,0.03906805980453537
395,0.038918924473617535
396,0.0388805841638481
397,0.03871418416594846
398,0.038680243845410536
399,0.03860929321847417
400,0.038513017341317
401,0.038487228557429816
402,0.03846611957475303
403,0.03828692240235548
404,0.03820744035069264
405,0.03821169724563286
406,0.038112601323156824
407,0.037688345353500116
408,0.03784845214058172
409,0.0377472905838049
410,0.037744275112478076
411,0.037657772163544344
412,0.03761704370313596
413,0.0375939670397752
414,0.03753395390685969
415,0.037513563984831834
416,0.03749358747603269
417,0.03746400658603452
418,0.03745036741893886
419,0.037417733321023175
420,0.03738263833287153
421,0.03732677587284635
422,0.037297901671625014
423,0.03729478258055742
424,0.037253441927779025
425,0.03720645190333857
426,0.03720013731667397
427,0.037166058363759115
428,0.037177139431628994
429,0.03714033764404795
430,0.037117166534333605
431,0.037104176457777624
432,0.03708602621269978
433,0.037052918609868764
434,0.03703727283138272
435,0.03704225620239295
436,0.03701151264579232
437,0.037005935710973964
438,0.036957835377947626
439,0.036976809401191565
440,0.036950394299653605
441,0.036942507080978876
442,0.03689940256222385
443,0.03689815858462983
444,0.036899953007800065
445,0.03689098629193095
446,0.03687546318313344
447,0.03685300009411983
448,0.03686320381716935
449,0.036742182269631045
450,0.03678058505690608
451,0.03676254669141412
452,0.03674946599536161
453,0.036753393484063035
454,0.03674962540011909
455,0.03672638057249947
456,0.03669924404119184
457,0.03667653073705117
458,0.03669112124294137
459,0.036662357227737814
460,0.03665291204711409
461,0.03660902285620768
462,0.036598996525847916
463,0.03658460905682009
464,0.03657195716581667
465,0.036545413743031954
466,0.036526838681889794
467,0.03651485929049852
468,0.036478629514577664
469,0.03646192979033818
470,0.03645346528623692
471,0.036408748627621244
472,0.03638852419008664
473,0.036366069165309836
474,0.03634518244970291
475,0.03632293658664421
476,0.03632381582444578
477,0.036286134717125905
478,0.03625172707875554
479,0.03617113192019161
480,0.03618258435127229
481,0.0361614120330169
482,0.03612427575143232
483,0.03610861487964615
484,0.03607911461945262
485,0.036035965822081545
486,0.03601492588411053
487,0.03599529231835404
488,0.03596954875540389
489,0.03595559992083125
490,0.035929785863082785
491,0.03590558791557073
492,0.03587981360647641
493,0.035869275319721894
494,0.035846889368173485
495,0.03582888867029361
496,0.035795587994467436
497,0.03575376058018527
498,0.03574781341101141
499,0.03571671980809598
0,0.10007176701286466
1,0.10054636292663531
2,0.1009945201712538
3,0.10094515576707677
4,0.10111977603529317
5,0.1010866919600228
6,0.10133988407569787
7,0.10157520635535568
8,0.10114922235519132
9,0.10121151179345526
10,0.10100025964857849
11,0.10088993734788718
12,0.10056492156560366
13,0.10012304817267006
14,0.09942673860956515
15,0.09877940086606907
16,0.09835243676703047
17,0.09789705614551852
18,0.0973004483359165
19,0.096123508619628
20,0.09577574201358069
21,0.09510143242738808
22,0.09422229812439625
23,0.09369863870074667
24,0.0929255996207329
25,0.09200576896269878
26,0.09140597271680459
27,0.09019778672652465
28,0.08891440849708473
29,0.0879409252032843
30,0.08668063065484588
31,0.08588489117098327
32,0.08454173951177148
33,0.08397347780663171
34,0.0829902746301653
35,0.0810240812039809
36,0.08038545512771834
37,0.0795731716926524
38,0.07881188182741976
39,0.07785794462038034
40,0.07610870954095868
41,0.07546498910641394
42,0.07452616822914952
43,0.07352666738298651
44,0.07216724660190416
45,0.07111461149119239
46,0.07043813023584655
47,0.06945650398292176
48,0.06847107171047984
49,0.06759106970893454
50,0.0667103942310402
51,0.06580004092988934
52,0.06506216260287306
53,0.06405368394712543
54,0.06303418295765432
55,0.062212423831656816
56,0.06110331189573127
57,0.060143887658040684
58,0.058666313829202385
59,0.058173217971581356
60,0.05759227617061852
61,0.056901851309604845
62,0.05512065538455404
63,0.054644222826348655
64,0.054159667913635204
65,0.053612752720370194
66,0.05294663347455647
67,0.05223658487177429
68,0.051670328033261194
69,0.04745681267716147
70,0.04864934412345576
71,0.04811818096761482
72,0.047562606626206
73,0.047091001284925056
74,0.0466311939957785
75,0.04595583510380356
76,0.045604755568089975
77,0.04521461366044773
78,0.04460124372176074
79,0.044326137293955375
80,0.04386148447846849
81,0.04346062569238654
82,0.0430482159880307
83,0.04268907563371289
84,0.04235609597844957
85,0.0419839481632676
86,0.04149184381260022
87,0.041254545531439854
88,0.0408622159548985
89,0.04057262572127458
90,0.04015019372581843
91,0.040015662752908
92,0.03974873630013704
93,0.03956013041061947
94,0.03926676155656799
95,0.03902089031238004
96,0.038848833864966584
97,0.038670902773080926
98,0.03853325598030849
99,0.03827924768768291
100,0.038103401312057965
101,0.03797338627668818
102,0.0373584287957943
103,0.037431693241462644
104,0.03727022669399938
105,0.03723475691699675
106,0.037216688928916754
107,0.03714124902825452
108,0.03710571935502673
109,0.03710518804962307
110,0.037095317730978725
111,0.037098625191915736
112,0.0370655756329621
113,0.03713179627247188
114,0.03712825243077723
115,0.037163563394386805
116,0.03722353173208086
117,0.03724095262303853
118,0.037315362051298054
119,0.03740745031610252
120,0.03744702014584241
121,0.037526042763778786
122,0.03759263470684051
123,0.03763306113183411
124,0.037741995809999006
125,0.03786329469238837
126,0.037934768683057056
127,0.0379989177559815
128,0.038039480427624006
129,0.03820245995587132
130,0.038247546476156254
131,0.03834681305953876
132,0.03838787266290102
133,0.03853451422781754
134,0.038606783756659616
135,0.03866898297536204
136,0.038877003070286485
137,0.0394681455227447
138,0.03922424490095532
139,0.03931475769734318
140,0.039402255683311044
141,0.03945222884695675
142,0.039564973352375174
143,0.03961699695365807
144,0.03967356756842882
145,0.039749310824092006
146,0.03981434656516879
147,0.03986738306161204
148,0.039957358510027165
149,0.03996830035571144
150,0.04004849629373983
151,0.04008243592191569
152,0.04011007636009599
153,0.040151060528567095
154,0.040165100102230476
155,0.04013850953718759
156,0.04014223254380545
157,0.04016838579399794
158,0.04018281543715077
159,0.040246367180252665
160,0.040231874635862926
161,0.04023550844212355
162,0.04023251822372683
163,0.0402121081572011
164,0.04020282775631379
165,0.04021134131914522
166,0.04018686504394665
167,0.040146530152084414
168,0.040081323746972895
169,0.04008327399326186
170,0.04006081290515406
171,0.04004329746703005
172,0.03994739995789535
173,0.039882860300987956
174,0.039816102677857894
175,0.03977379255145186
176,0.039756917933825194
177,0.03968022226545827
178,0.03962953257154684
179,0.039549517822742575
180,0.039520573549623544
181,0.03940267735206385
182,0.03931749254874402
183,0.039285795120269355
184,0.03920375395624393
185,0.03912078949360291
186,0.03904652217415772
187,0.03894061030815742
188,0.03892212891551673
189,0.03887686950574255
190,0.038765836527046564
191,0.038662384778128035
192,0.03854757629694938
193,0.0385292987925926
194,0.038429421455784984
195,0.03838648034515972
196,0.03825983141519574
197,0.03817521906702017
198,0.03805588647719359
199,0.03803161320732517
200,0.037962868046475376
201,0.037872494572609425
202,0.03773897354739887
203,0.0377260505926872
204,0.03753483103109128
205,0.03746809265980752
206,0.037364302286186396
207,0.03732042664665616
208,0.037154276554002476
209,0.037123519671475105
210,0.0369593372965646
211,0.036869083677324686
212,0.03678213680790037
213,0.0366777001872277
214,0.03653506836764949
215,0.036487623688802207
216,0.03644212357219858
217,0.03633724431468022
218,0.036252188923423787
219,0.03614520606332952
220,0.036061214593454974
221,0.03604449009712607
222,0.035948368306408664
223,0.035888836202938985
224,0.035808352716619585
225,0.03574650314102459
226,0.035705418432497756
227,0.03565023141103644
228,0.03562281801810093
229,0.035577330370137494
230,0.03552635211282471
231,0.035488154722565585
232,0.03544936346154426
233,0.0354183299367224
234,0.03541243959612174
235,0.03538657333120681
236,0.03537665152732145
237,0.035360021166610855
238,0.0353516664292723
239,0.03535313616619948
240,0.03535570745676228
241,0.035369888145589445
242,0.03535390414527682
243,0.03539467050638445
244,0.03543485340232459
245,0.03545710390207769
246,0.03548619665070963
247,0.03552876007139196
248,0.03556617451237913
249,0.03560720389521122
250,0.035647389767890864
251,0.03575430108075289
252,0.035764664459487006
253,0.035927700238851557
254,0.03597236139374596
255,0.03602572416459545
256,0.036113679451420556
257,0.0362527331904237
258,0.03629075443371863
259,0.03646978584631856
260,0.03663046645128991
261,0.036720190126203055
262,0.03680788950407162
263,0.03692879289458759
264,0.037076671102992294
265,0.03715311291619244
266,0.03731260426187051
267,0.037423616034713156
268,0.037684746508596746
269,0.03774181211823303
270,0.03798196765235403
271,0.038215482728360214
272,0.038347511319052896
273,0.03863822811298084
274,0.038690566513583026
275,0.03898092902662037
276,0.03937346819637872
277,0.03933211213532272
278,0.039596240095985266
279,0.039958034936017815
280,0.040073880668619145
281,0.040253026761457034
282,0.040463034294723255
283,0.04065396772610176
284,0.040869903198067575
285,0.04104861349434228
286,0.04106425808224473
287,0.04126190910032692
288,0.04149312777255627
289,0.041769742635680174
290,0.04181226699995593
291,0.04197740209565645
292,0.042148761731043684
293,0.0422907242388767
294,0.042516797049186775
295,0.04259198437495039
296,0.04283739407964962
297,0.04300686947452717
298,0.043216444438469004
299,0.04332942627226859
300,0.043496314299849
301,0.043553342535858124
302,0.04372990640144261
303,0.04375300748204826
304,0.04396927438340049
305,0.044085438153439634
306,0.044147640579281756
307,0.04437302427800308
308,0.044583695335615514
309,0.04453862375909369
310,0.044807316070061415
311,0.04481866242769572
312,0.04487695555304044
313,0.044872216065511714
314,0.04495988058205862
315,0.04505332689956032
316,0.04506784850149833
317,0.045126276257640145
318,0.0452361847605975
319,0.045268182662181695
320,0.04524309590067113
321,0.04532205005593933
322,0.04539213288736862
323,0.04536197606044056
324,0.04534387395840978
325,0.04536440342447416
326,0.045320052731996324
327,0.045347435586992176
328,0.04541687848159024
329,0.04541338586545321
330,0.04542490650396711
331,0.045461533649761014
332,0.04543707835372294
333,0.045351677660961515
334,0.045308241757532286
335,0.0452196902078926
336,0.04523820371048553
337,0.045216800020193196
338,0.045149814574678794
339,0.04517071885469573
340,0.045083991719891595
341,0.044974287517662526
342,0.04488826506229211
343,0.04489176047982085
344,0.04482790927162859
345,0.04479312007958183
346,0.044697733331244646
347,0.0445970251765158
348,0.04452608147760632
349,0.044385267004008994
350,0.04427752055243144
351,0.044043413353319225
352,0.04385280043241285
353,0.04387892161931925
354,0.04369877357408435
355,0.04360426395685986
356,0.04346133713975777
357,0.0433430635158519
358,0.04318326171270557
359,0.04311679468025033
360,0.04293876209166884
361,0.042835834343679505
362,0.042709842008285544
363,0.042571586040916626
364,0.042501827624547954
365,0.042339104590222734
366,0.0421275453465383
367,0.042047341772402325
368,0.0412379287578753
369,0.041372550523056
370,0.04132976136436055
371,0.041182134333655224
372,0.04106588117198275
373,0.0409592861714202
374,0.04093385521447933
375,0.04079568829742004
376,0.040729712981385016
377,0.040571495023270364
378,0.04052359194976182
379,0.04037265700382939
380,0.040324527969552625
381,0.04022958549821176
382,0.040081541272630465
383,0.04003983647360178
384,0.03990526982828961
385,0.039895837532058116
386,0.03970199383257228
387,0.03957853920616316
388,0.03954913607315764
389,0.03944129624691433
390,0.039416492526267465
391,0.03933240368045256
392,0.03918591407863347
393,0.03899017357208655
394,0.03898666916435329
395,0.038859254230650515
396,0.03882617084900649
397,0.03869728997613281
398,0.038674762785038994
399,0.03861596407217437
400,0.038550276700448374
401,0.03852906334039558
402,0.03849201956572089
403,0.03835246178905763
404,0.038287094970807206
405,0.038299576474736925
406,0.03825694784455345
407,0.03792142137699259
408,0.03804317489950907
409,0.03796698197776409
410,0.03797089464679769
411,0.037916899747550005
412,0.037882441156255046
413,0.03786930732997958
414,0.03785676480212353
415,0.0378264374426993
416,0.03781491645162569
417,0.03779309897577235
418,0.03778415133395754
419,0.03775657329120509
420,0.03773261286908296
421,0.03768953642834598
422,0.03767135075748266
423,0.037666641258980185
424,0.03764119827020267
425,0.03761085174760393
426,0.037606438730968715
427,0.03758255304224998
428,0.0376034167956197
429,0.037579697818932174
430,0.037566348412584306
431,0.037561692828881325
432,0.03755408513447518
433,0.03753260890801722
434,0.03752109362050947
435,0.03753025872679041
436,0.03751582406296074
437,0.03751414540762347
438,0.03747989807572168
439,0.03749669928690052
440,0.0374797320961993
441,0.037477645383969825
442,0.0374490724411809
443,0.03744769453000042
444,0.0374538939064573
445,0.03745161848873397
446,0.0374426759750243
447,0.037425373351333766
448,0.037429750636780716
449,0.037337593637739974
450,0.037368490638424
451,0.037353989604568115
452,0.03734615800397076
453,0.0373488137340166
454,0.037347725930853254
455,0.037317948100939906
456,0.03730573117150382
457,0.037280965499259654
458,0.037289489554183895
459,0.037251983282809716
460,0.03724150814069316
461,0.037209946279586854
462,0.03719469356443996
463,0.03717280678660286
464,0.037157462744860675
465,0.037126752043998956
466,0.037109331743899576
467,0.037093363235505106
468,0.0370586707592513
469,0.0370372828757168
470,0.037025631942610514
471,0.036978277876790255
472,0.036955709703443196
473,0.036932003118133515
474,0.036903988213829224
475,0.03688242086523899
476,0.03687806063759133
477,0.036842227201788036
478,0.03679958456840057
479,0.03673558490192774
480,0.03672877333147253
481,0.036703241833267716
482,0.036658078090226316
483,0.036639539121660014
484,0.036608529909187074
485,0.03655238330386252
486,0.036528117545528496
487,0.03649774457908446
488,0.03647101378648982
489,0.036444500755291404
490,0.03641226334726917
491,0.036382969949829695
492,0.03634331631866209
493,0.0363341461724956
494,0.03628947836883779
495,0.036273008589662606
496,0.03622024808236171
497,0.03616725200126772
498,0.03615989906435001
499,0.03611793424546967
0,0.10041159911680095
1,0.10080196914207999
2,0.10137569674902724
3,0.10077620028886528
4,0.10095248120592569
5,0.100342562234147
6,0.10006878664262586
7,0.09982427810542607
8,0.09848883941721479
9,0.09783409716300664
10,0.09644035701126374
11,0.0954265210324949
12,0.09388606521339925
13,0.09258405711794945
14,0.0909653353836555
15,0.08897796655917808
16,0.08735776540945549
17,0.0856648624337964
18,0.0845500621262132
19,0.08184404168847488
20,0.08005756626987479
21,0.07800377026719768
22,0.07633166687535538
23,0.07468043169861567
24,0.07278241932817653
25,0.07109163747405484
26,0.06946023816370946
27,0.06760832213348228
28,0.0656520829239237
29,0.0639986812626928
30,0.062333632931931775
31,0.06051613975982816
32,0.05885882638754117
33,0.05749994568994653
34,0.05610449275204563
35,0.05464781583595236
36,0.053273656649276975
37,0.05231862909891481
38,0.05141249154434276
39,0.05020455596368776
40,0.04911834725713184
41,0.04809105664135222
42,0.04723805607498048
43,0.04627820366411055
44,0.045362119790693704
45,0.04455051488310239
46,0.043839313191354236
47,0.04302024499539784
48,0.042308713928951205
49,0.0416809927539615
50,0.0410419244105081
51,0.040514943270269575
52,0.040012612021377
53,0.03951550389874937
54,0.039139917203460314
55,0.038680586996198404
56,0.03838675495197515
57,0.038062836871028925
58,0.037787575423991374
59,0.0376069619604166
60,0.037393546859638284
61,0.0371935426768663
62,0.036953065592338075
63,0.03689875417906516
64,0.036803254675376
65,0.03679871666256023
66,0.03673701494612352
67,0.03669423311670303
68,0.03667078358326117
69,0.03675152186336217
70,0.03675982720104434
71,0.03686066218346819
72,0.03688927733629291
73,0.03702794679793328
74,0.03718528469662409
75,0.03726827655355456
76,0.037452082833669006
77,0.03763558114707328
78,0.03775771593797372
79,0.03789794729055244
80,0.03810652256585761
81,0.03821438170133058
82,0.038363090922557005
83,0.038505975406321634
84,0.03862135593115639
85,0.038760413499594776
86,0.038851624578376084
87,0.03903059244781332
88,0.039084092444198235
89,0.039102657371308296
90,0.039189167318321914
91,0.039227273128950614
92,0.03914425565583752
93,0.03914341482794452
94,0.03913799352687386
95,0.03919564363112916
96,0.03913644281698353
97,0.03908831247673397
98,0.03915000675635802
99,0.0390761765715219
100,0.03902637759857835
101,0.03904379288919562
102,0.039037276720133164
103,0.03908396509597016
104,0.03904541593672795
105,0.03901307149791428
106,0.03893061917745474
107,0.038933411205511276
108,0.03872389103699886
109,0.03859588446519692
110,0.03838581570090383
111,0.03826842563826607
112,0.038237858385532536
113,0.03811112844846919
114,0.037992718232728324
115,0.037928748983796605
116,0.037729880799960064
117,0.03767007122876467
118,0.03752571247728355
119,0.037287280415230516
120,0.037217370319689136
121,0.037024363251671376
122,0.036900713674369576
123,0.036802613324425394
124,0.036634034798551485
125,0.03650731295082062
126,0.0363957740272479
127,0.03626371644072875
128,0.036181669503682845
129,0.03602036559900923
130,0.03597795710851159
131,0.035856588822627405
132,0.03578105832019333
133,0.03572170674940498
134,0.03564527583080625
135,0.035636756120106534
136,0.035589617377407956
137,0.03555565523936786
138,0.03555514884218299
139,0.03553644046637672
140,0.035536757240003644
141,0.035550470107204635
142,0.035611382408505136
143,0.035617531982004264
144,0.03564824639270607
145,0.03568972522404671
146,0.03574788513293855
147,0.035789310962445774
148,0.035863892454333884
149,0.035937782553351325
150,0.035976926524017114
151,0.03607892531675709
152,0.036138986473899314
153,0.03629755090066368
154,0.03651960913255039
155,0.03676528522263393
156,0.03700873532800184
157,0.037070203540144855
158,0.03721633194033096
159,0.03731153214120136
160,0.037557485150230274
161,0.03771161210963901
162,0.03784486294821402
163,0.03799705758963451
164,0.038089303028216545
165,0.038155916673288756
166,0.038335528857048905
167,0.038552983005760655
168,0.03873280473097272
169,0.03883881467540978
170,0.03897044662711829
171,0.03903725458624036
172,0.03927816191184665
173,0.03940428204890432
174,0.039500434528448335
175,0.03958360749872684
176,0.03963190151128642
177,0.039811727488892654
178,0.039886346321666086
179,0.03999018329686614
180,0.04000166503196745
181,0.04016948810186769
182,0.040148343233147615
183,0.04013902166253182
184,0.040078017124119764
185,0.04006680344447794
186,0.04011759953863489
187,0.04006050006509005
188,0.03995892951774429
189,0.039762240393852115
190,0.039717352823378016
191,0.03970746971333571
192,0.039678662279773826
193,0.039664125058572634
194,0.03962379574515107
195,0.03949589519584481
196,0.03927555433174704
197,0.03918637858426863
198,0.039120360031554474
199,0.03903144584183079
200,0.03885032941371724
201,0.03875327649613933
202,0.038674224758838395
203,0.038645153028611774
204,0.038469987404759265
205,0.038366837839629894
206,0.03839311574072289
207,0.03828594624022709
208,0.03818555151865532
209,0.03817440094271117
210,0.03804767454085125
211,0.03798768014143109
212,0.037851819029318085
213,0.03777107986927457
214,0.03763994341076377
215,0.03759088913226883
216,0.03749155384899445
217,0.037454692898012516
218,0.0373591274498862
219,0.037236704504967584
220,0.03717860364169889
221,0.03707880247074147
222,0.0371116988076109
223,0.03705517688670336
224,0.03702245119466359
225,0.03698761099384398
226,0.03695999576210323
227,0.03696866051046781
228,0.036943499916725776
229,0.036857185485685326
230,0.03686829372879521
231,0.03680313393372826
232,0.036848138124568365
233,0.03680545708714182
234,0.036758227105356964
235,0.0367962809664358
236,0.036789552747936945
237,0.03675896257041259
238,0.03673024937996528
239,0.03675839181738636
240,0.036791694815280156
241,0.03680534534109087
242,0.03675812327115923
243,0.03680019157095645
244,0.03693564898317442
245,0.03687739331777583
246,0.03689962232104836
247,0.03694166668702916
248,0.03698282360536763
249,0.03699841235069539
250,0.03698947951467749
251,0.037114146561684734
252,0.03715837693524979
253,0.03715596157925379
254,0.03711901597981498
255,0.03718221796795396
256,0.03729932261528778
257,0.03730457497399916
258,0.037301591244868954
259,0.037358758159109
260,0.03735571970940043
261,0.03732155091296161
262,0.037423640886668545
263,0.037373912470203045
264,0.03742597505772648
265,0.03743392644814495
266,0.037466109395876634
267,0.037408701002032876
268,0.03748474692403706
269,0.037518898395407584
270,0.037504825080114816
271,0.037640643614164235
272,0.03765901133219115
273,0.03762191782932792
274,0.03773928221606949
275,0.03790912696572496
276,0.03798459562379399
277,0.038011997014035376
278,0.03809807879432635
279,0.038149274514604786
280,0.038231702080770535
281,0.038209251688745206
282,0.038290121471523844
283,0.03831913081972513
284,0.03835876079531913
285,0.0384371415936065
286,0.03838284858410742
287,0.0383617743726463
288,0.03832504012972841
289,0.03828254510659108
290,0.03827611387852033
291,0.03816536051248582
292,0.03816233386636459
293,0.038115255710136964
294,0.03814187626612451
295,0.038146578090919106
296,0.038093443414731455
297,0.038098045234125216
298,0.038071014369679676
299,0.038020392591193906
300,0.03801783105040702
301,0.03788044351244927
302,0.03786001846720526
303,0.037814503418742575
304,0.03780180710885506
305,0.03775525956138048
306,0.03763385121291334
307,0.03768936709486497
308,0.03757498305083127
309,0.03754980435919466
310,0.03749227947903631
311,0.03745818754421906
312,0.03733476368618298
313,0.03730142615407933
314,0.03725880529460935
315,0.037192627172514134
316,0.03707872519131891
317,0.03697850487814236
318,0.03690921366741269
319,0.036859887895139255
320,0.03688368482681889
321,0.036860641526036325
322,0.03684367329180557
323,0.036754142440792587
324,0.036615971618901504
325,0.03662491678593533
326,0.03642822319194239
327,0.03638342777188824
328,0.036377339200079295
329,0.03634753812405842
330,0.03632103578543951
331,0.03622820868210237
332,0.036207142880982965
333,0.036109749939293966
334,0.03600304983453977
335,0.035949787017346316
336,0.03589443030219735
337,0.035860180303128604
338,0.03581954780501482
339,0.03584691084967951
340,0.03577012540851131
341,0.035712164474643864
342,0.03552869793330907
343,0.03559062765745272
344,0.03560359228988996
345,0.03558508752912068
346,0.03557051653154214
347,0.03546204601541374
348,0.03549547102279355
349,0.035379516841134474
350,0.035369880772837925
351,0.03528732760545551
352,0.035132630612089814
353,0.035168435430505345
354,0.03509803374140959
355,0.03511593467335245
356,0.03503408905942191
357,0.0349831443819307
358,0.03497706050127561
359,0.03501070224360796
360,0.03494662233044245
361,0.03494737553867724
362,0.03495158681919776
363,0.034914577817782316
364,0.034934748101107846
365,0.034917662760619285
366,0.034779467201957515
367,0.034763313451415055
368,0.03477667624898236
369,0.034734073617280925
370,0.03475854202955513
371,0.03474853402828504
372,0.03470868385015596
373,0.03471260497210882
374,0.03475130758794703
375,0.034763282288412474
376,0.03474193083397472
377,0.034723109384714
378,0.034755160240219796
379,0.03471783855856332
380,0.03474973022399251
381,0.034777243751954935
382,0.034783203453958134
383,0.03476664554565054
384,0.03475875351318686
385,0.0347623933717274
386,0.034687568127178554
387,0.034693345923380504
388,0.034756127964255645
389,0.03468140778859976
390,0.03467926035777185
391,0.03468484942667254
392,0.03454596022160341
393,0.034476308676961984
394,0.03457003797250916
395,0.03449910974856724
396,0.03455568691560601
397,0.03441864636823171
398,0.03440747527246363
399,0.0344538163552042
400,0.03440430877206844
401,0.03438671141618974
402,0.034397996512497954
403,0.03432924022258642
404,0.03429992947443197
405,0.034394937688713094
406,0.034403038574462814
407,0.034298685418171965
408,0.03436202132891213
409,0.03428470317583832
410,0.03428381528802989
411,0.034286858774447274
412,0.03425893643700752
413,0.03427364120099344
414,0.034253104510612406
415,0.034276678277889265
416,0.03431771964047109
417,0.0343093900826494
418,0.034332563020873424
419,0.034407409365110324
420,0.03446519727190289
421,0.0342687878921746
422,0.0343636619409918
423,0.03442382596537734
424,0.03436122153247278
425,0.03426486374630369
426,0.03430499739378189
427,0.03424170416743819
428,0.034291671155948264
429,0.03420149322806035
430,0.03414060785716319
431,0.03410824728238526
432,0.03406693081043472
433,0.034046805233224335
434,0.03397361096788505
435,0.03396665760125686
436,0.03382273712076022
437,0.033786091165855056
438,0.03365139855648171
439,0.03375045578016917
440,0.033642377704677026
441,0.03365680436207427
442,0.033494440750865724
443,0.033504180981234824
444,0.033491249867879436
445,0.03342661793229984
446,0.0333663256101722
447,0.03329016029017201
448,0.03335261686992077
449,0.03324742625467493
450,0.033218727583237934
451,0.03317306380565061
452,0.03316872586289329
453,0.03314366854210131
454,0.03312424463088806
455,0.033139824461438004
456,0.03306959682248631
457,0.033059614212938015
458,0.03306404038582667
459,0.0330502563141044
460,0.03303087593169579
461,0.03300847068224002
462,0.03300187394334239
463,0.03302275880314944
464,0.03301944336395531
465,0.032967665234473635
466,0.032941876521166924
467,0.0329293347955764
468,0.03285684600807562
469,0.03285948600813248
470,0.03284576573952616
471,0.03281148038507747
472,0.032787112493162705
473,0.032741838958399105
474,0.032745816924902374
475,0.03271271079082264
476,0.0327316380337229
477,0.03266651686241188
478,0.03266779485826925
479,0.032652919646566976
480,0.03262671146201936
481,0.032602788172909083
482,0.032566965995657664
483,0.032546216139532076
484,0.03249954176722248
485,0.03250536428628679
486,0.03246667502451283
487,0.03246913848813227
488,0.03244422118477651
489,0.03246181518532952
490,0.03243990671709964
491,0.0324285270109086
492,0.032431624910597805
493,0.03241460515786805
494,0.032432452217144477
495,0.03243111822854897
496,0.03246713416148794
497,0.03244466393609197
498,0.03245099063981344
499,0.03246661491749841
0,0.09973203807922817
1,0.09988794494829288
2,0.1001676157405068
3,0.1002578169286006
4,0.10042738338510669
5,0.10050431974850531
6,0.10075602964620144
7,0.10095178171147781
8,0.10102492319074308
9,0.10126306630714303
10,0.10126907364457646
11,0.10143884290099488
12,0.10154159941038382
13,0.10169869874847966
14,0.10171827365982226
15,0.1017820647314257
16,0.10184458834791531
17,0.10197622981618792
18,0.10205170300988134
19,0.10198762527594817
20,0.10208084126151035
21,0.10215973581693277
22,0.10224767071933359
23,0.1022534849155811
24,0.10224656776847153
25,0.10216729381479922
26,0.10231537561757248
27,0.10224264896746417
28,0.102255263815375
29,0.10227100957728581
30,0.10224220185226918
31,0.10215784103017224
32,0.10208577051328231
33,0.10210308333945366
34,0.10206685047894072
35,0.1019932670751662
36,0.10184613725405689
37,0.10179292493272961
38,0.10172560887834017
39,0.10166365273310943
40,0.10155533628864359
41,0.10151727310748933
42,0.10138482732790385
43,0.1011666255602396
44,0.10105668285162908
45,0.10100448785701997
46,0.10092306217371386
47,0.10075229427237394
48,0.10059192896430699
49,0.10039104360513885
50,0.10027187188617158
51,0.10004211907539652
52,0.09993122487298638
53,0.09968196649352136
54,0.0995364714268816
55,0.0992892536715642
56,0.09916641987238929
57,0.09882129963623633
58,0.09867634234334587
59,0.09853065775734493
60,0.09821748114993133
61,0.09803467722103586
62,0.09772949457945422
63,0.09743787911512948
64,0.09716179774572913
65,0.0968944748276286
66,0.09665781991654873
67,0.09628074095225313
68,0.0960426385747661
69,0.09564947809542797
70,0.09539498375829533
71,0.0950057321348156
72,0.09470222849677741
73,0.09439106022849657
74,0.0940464059696107
75,0.09371351528437484
76,0.09333710031102777
77,0.09294561780691425
78,0.09262350188445477
79,0.09240467639084325
80,0.09197584421537436
81,0.09161289654363276
82,0.09124110037180555
83,0.09095192962430196
84,0.09060144324277677
85,0.0901968694593209
86,0.0899145578427757
87,0.08944213384459847
88,0.08917761090336496
89,0.08879789671983465
90,0.0883997763133095
91,0.08798301066665755
92,0.08760123169880692
93,0.08725909611114152
94,0.08688979939219174
95,0.08647520723082726
96,0.0861802102366064
97,0.08571282736439775
98,0.0853451569114618
99,0.08488499691814719
100,0.08457934222075292
101,0.08416311426249562
102,0.08356431539917487
103,0.08334915905908492
104,0.08286864462983531
105,0.08238721803259766
106,0.08204553562366196
107,0.08156787056261092
108,0.08115530558242633
109,0.08079273371478123
110,0.08031965737404326
111,0.07990107413770198
112,0.07959809648979879
113,0.07909452780446662
114,0.0787476642413511
115,0.07830762826605765
116,0.07789355054003513
117,0.0775006109243418
118,0.07712528472592994
119,0.07665868127941103
120,0.07627022095267877
121,0.07584798762998521
122,0.07547216833751154
123,0.07500416871098978
124,0.07469207251729144
125,0.07429685285198491
126,0.07392713071837556
127,0.07354707586291058
128,0.07315632384639437
129,0.07281042688906864
130,0.07246120434563524
131,0.07200877772419689
132,0.07164147716257152
133,0.07123584411050346
134,0.07094631615936012
135,0.0705973221667206
136,0.07012845749615067
137,0.06961771376080296
138,0.0693147498700232
139,0.06895033760769226
140,0.06858436797185165
141,0.06823864260156894
142,0.06783337093304186
143,0.06749717731683323
144,0.06711011808288743
145,0.0667367022611305
146,0.06635194382884217
147,0.06601850783634729
148,0.06563524775026675
149,0.06526968405998228
150,0.06494923170787374
151,0.0646038436244261
152,0.06423339435704907
153,0.06387585110769166
154,0.06353770545686761
155,0.06320183059429041
156,0.0628393063728763
157,0.06253166984342447
158,0.06215980622108796
159,0.061881386846712044
160,0.061529670431837345
161,0.06119686482968355
162,0.060835276919937314
163,0.06050804499974424
164,0.06020286566398414
165,0.059887629003452764
166,0.05963503311008294
167,0.05926319707513329
168,0.05899648890282865
169,0.05872089279845689
170,0.058425188109305984
171,0.058134744666535
172,0.05783689720000164
173,0.057594231879414044
174,0.05724253532517003
175,0.05699464355787987
176,0.05668321324553258
177,0.05640996953493727
178,0.05608999696537094
179,0.05586908419082896
180,0.055590786830106154
181,0.05528862375155054
182,0.055017133498386966
183,0.054731599347803715
184,0.054440303084127166
185,0.05417394813181617
186,0.05397906032941321
187,0.05368324257440699
188,0.053415288226290374
189,0.05314540210220256
190,0.052890377633030165
191,0.05262169134064038
192,0.05239604733131905
193,0.05216384978745967
194,0.05192573687567373
195,0.05170158774922717
196,0.051424628996751244
197,0.05119799876408406
198,0.05098444250095033
199,0.05075848032960558
200,0.05053667703316353
201,0.050329118783567744
202,0.050075873485108564
203,0.04989243084717391
204,0.049661019124260415
205,0.049436206902320694
206,0.04922506036483897
207,0.049058719961248234
208,0.048861743189249955
209,0.048647997335913865
210,0.04844440939482482
211,0.048251903744625214
212,0.04809347267713038
213,0.0478785099746805
214,0.047693433453426526
215,0.04751474074794687
216,0.047321316984804386
217,0.04716789243001085
218,0.04694652049573848
219,0.04676300887771884
220,0.04658715621585003
221,0.04640984984969398
222,0.04623162242819103
223,0.046056654691192335
224,0.045882067835654586
225,0.045718647799711166
226,0.045566697391438954
227,0.045396899307775476
228,0.045250424951127605
229,0.04508969531340588
230,0.04490383880008538
231,0.04474756637885235
232,0.04459779346022728
233,0.044438797074004756
234,0.04426167084040279
235,0.044095991320364805
236,0.04392962725668334
237,0.043828039697035304
238,0.04368253268809274
239,0.04352889830281588
240,0.04338296490234559
241,0.04322877826950558
242,0.04312150181575778
243,0.04299457224848183
244,0.042856226820052176
245,0.042711719076212754
246,0.042573383557351484
247,0.04245304890156506
248,0.04231746475181224
249,0.0421811745184516
250,0.04204319073067582
251,0.041935171145436115
252,0.04182057245958203
253,0.04168157883946816
254,0.041546651439479367
255,0.04145875717791532
256,0.041353200725244066
257,0.04121915269132321
258,0.04109243546264619
259,0.041010803317682164
260,0.04092295319081047
261,0.04080452283835418
262,0.040681412738847414
263,0.04058073844894758
264,0.04046237055033851
265,0.040365635599116614
266,0.0402654429905399
267,0.040186563164328046
268,0.04008234218061297
269,0.039979122249752023
270,0.039888523600064306
271,0.0398005812307099
272,0.03970773026562043
273,0.03961414729151013
274,0.0395256934567222
275,0.03943862990019779
276,0.03935676884592023
277,0.03926325200302247
278,0.039184490057940204
279,0.03912141580790969
280,0.03902407284677524
281,0.03894641637539976
282,0.038892289087933476
283,0.03879259669783492
284,0.03872866589834407
285,0.03865974325351391
286,0.03857821507077183
287,0.03851718506115528
288,0.03844079980058499
289,0.03839427313626659
290,0.038323004947143365
291,0.03826939287057949
292,0.038201856790674386
293,0.03814357952043673
294,0.03811126884194609
295,0.03805754962042139
296,0.037990348309767843
297,0.03793070798148134
298,0.03790205201796259
299,0.03783705096597752
300,0.037807329896051525
301,0.037762543802364254
302,0.03771875984591062
303,0.037682949200972767
304,0.037639697302891226
305,0.0375775714410367
306,0.037542368883338874
307,0.037507574943113915
308,0.037468437268617386
309,0.037434773095478546
310,0.03741388852603356
311,0.03737084854956646
312,0.03734839396048749
313,0.037304367729653225
314,0.03728093866926257
315,0.0372505955868477
316,0.03723475549386529
317,0.03720086459077512
318,0.0371793285818341
319,0.03715357096809976
320,0.037129469827551824
321,0.03712165291165321
322,0.03710644154606532
323,0.03708444490901825
324,0.03707767598312937
325,0.03705124397684509
326,0.03702612475224863
327,0.037021196550915327
328,0.0370101924966214
329,0.03700307726873187
330,0.03698865897279545
331,0.03697850910437766
332,0.03696875267479736
333,0.03694469641886884
334,0.0369490067271207
335,0.03692767675166846
336,0.036938967700578786
337,0.03691966529530017
338,0.03691046116575972
339,0.03691261126121112
340,0.03690185632006233
341,0.03690478856302858
342,0.03690559620733969
343,0.03689508503887603
344,0.03689453040232816
345,0.036893753680779934
346,0.03690330887299432
347,0.03690788224983709
348,0.036902025762814594
349,0.036901350374923335
350,0.03690028871927071
351,0.03690950390686146
352,0.036915909944021476
353,0.03691223596097242
354,0.03690686723204377
355,0.03692563120578476
356,0.0369433082874158
357,0.03694634132219112
358,0.03696588815261964
359,0.0369656388931092
360,0.036975606664710656
361,0.03699728639941247
362,0.037010792573929543
363,0.03701692756542301
364,0.03702952219933469
365,0.03703945118673946
366,0.037061548027009124
367,0.03706790085602231
368,0.03709225923946511
369,0.03710306995811952
370,0.03711998182708953
371,0.03713581190969338
372,0.037151346545177155
373,0.03715452418375391
374,0.0371696881196199
375,0.03718484477572266
376,0.037189855353793586
377,0.037211213841260964
378,0.03722657109343571
379,0.03724270734961774
380,0.0372540812965425
381,0.03726688120737779
382,0.03728221673955932
383,0.037294724481435365
384,0.037315995735850586
385,0.03731453715216165
386,0.037344122221271474
387,0.0373614933977135
388,0.03737036616429685
389,0.03738080674289208
390,0.03739225719853272
391,0.03741369436646985
392,0.03743653636175627
393,0.03745545277102562
394,0.03746492077344152
395,0.03748300194316521
396,0.03749653966414485
397,0.037519690554854754
398,0.03752731351504392
399,0.03753856713870765
400,0.03755582898375797
401,0.0375678389895041
402,0.03758311303639101
403,0.03760471889497783
404,0.03761674031800565
405,0.03762941044887529
406,0.03765026501929911
407,0.03766678534757259
408,0.0376822707260845
409,0.03769504635610966
410,0.03770425141274881
411,0.03771884339202107
412,0.037733610874124635
413,0.037739238003202495
414,0.03775995973557404
415,0.03776038287039124
416,0.0377754201716707
417,0.03778593315923813
418,0.03779246684866153
419,0.03780243772023697
420,0.03781214476111239
421,0.03781465212338748
422,0.03783167638748785
423,0.03784000215575753
424,0.03785024167874322
425,0.03785517257943862
426,0.03786400189628048
427,0.03786491147598443
428,0.037871597021777476
429,0.03788838382477061
430,0.03789140209029033
431,0.037894433119271514
432,0.03790342710521927
433,0.03790750337279493
434,0.03791435302520446
435,0.037922538324387696
436,0.037928996517257875
437,0.03794319002500437
438,0.037945409829280775
439,0.03795010758401355
440,0.037959327616404616
441,0.03796670120438117
442,0.03796119265143833
443,0.037972547387498355
444,0.037984919143880615
445,0.03797967608194784
446,0.03798684509714543
447,0.03797904573394017
448,0.03799442572831873
449,0.0379946834390461
450,0.03798913399034024
451,0.037995264384043985
452,0.03800732904234917
453,0.0380050074587691
454,0.03801032733623078
455,0.038006305270799706
456,0.03800524004182174
457,0.03800314432677556
458,0.03801306378165068
459,0.03800636818542033
460,0.03800513316271976
461,0.03801036343193173
462,0.03799539045574173
463,0.037992255007937833
464,0.038002515745166617
465,0.03799404361331778
466,0.037991322474623924
467,0.03798174546513452
468,0.03798800245246479
469,0.03798544268624741
470,0.03797094885114858
471,0.0379691675192903
472,0.03796836044270288
473,0.03796275522236915
474,0.0379559157725581
475,0.037951263182968056
476,0.03795482212731204
477,0.03794378616694896
478,0.037941496723846564
479,0.03793657704588686
480,0.03793763820991852
481,0.037926288810832695
482,0.037914075142759254
483,0.037903245823658845
484,0.03787836903765004
485,0.03787319849234676
486,0.03787505003256956
487,0.0378695536497098
488,0.03785377366456337
489,0.03784222297908166
490,0.03782615684737844
491,0.03779721221026633
492,0.03778441638057692
493,0.03776859138626083
494,0.037760829933608644
495,0.03772738596297304
496,0.03770219862272629
497,0.03770293638501041
498,0.0376822663258862
499,0.03767234859620689
500,0.03767366139976846
501,0.03764933705343751
502,0.03764630336150528
503,0.037613294582682436
504,0.0375896169025827
505,0.037558835116049606
506,0.037549183782249675
507,0.0375096944374089
508,0.037495550251194894
509,0.037474793920578384
510,0.037448914389756206
511,0.037409663139235896
512,0.037388941057025726
513,0.03736138513293232
514,0.03736669405261886
515,0.03731961599019084
516,0.03730927004015089
517,0.03728827682658627
518,0.03727132812769932
519,0.037255040304829935
520,0.0372418785236966
521,0.03721671818159396
522,0.03718912612705865
523,0.037178488373912764
524,0.03715526755110646
525,0.037121545832345094
526,0.037123515839897564
527,0.03709028878667603
528,0.037063433846568114
529,0.03704744742191603
530,0.03702110963338343
531,0.0369975473903979
532,0.036975529577145304
533,0.03695191582795025
534,0.036926340111178686
535,0.03690587190472564
536,0.03688181038998892
537,0.03684742428537808
538,0.03683253238826218
539,0.03679771171052917
540,0.03677257651917341
541,0.03674026040303937
542,0.03672449871741256
543,0.036677434939831166
544,0.03667251381254266
545,0.036638449026686046
546,0.0366342537726335
547,0.03660565587900268
548,0.0365577120677415
549,0.03654395489453311
550,0.03651552601244476
551,0.036501343828859396
552,0.036477507806434065
553,0.03645624600401109
554,0.036435766046133994
555,0.03640055137136589
556,0.03637526881214793
557,0.036354609026522364
558,0.03632394379550935
559,0.036305612012419865
560,0.036267469489691256
561,0.03625566491305511
562,0.03622703034246567
563,0.036201763480304724
564,0.0361725275944726
565,0.036148287688415354
566,0.03612967270764828
567,0.036101928149516675
568,0.036078932099546865
569,0.03604913116649257
570,0.036047980113957996
571,0.036007824095192965
572,0.035989631340067677
573,0.0359573145755064
574,0.03594064486692979
575,0.035929609397637945
576,0.0358974413079008
577,0.035886135474391366
578,0.035852325265940836
579,0.0358082824111938
580,0.0358043189975262
581,0.035792789162870375
582,0.03577422724456083
583,0.03573448408522174
584,0.03572100115509784
585,0.03569893668341163
586,0.03566788190474786
587,0.03564322657504066
588,0.035629057219208816
589,0.035611304972906245
590,0.035595664403928785
591,0.03557576012275736
592,0.0355626544611388
593,0.03552589971389872
594,0.03550518846565768
595,0.03548883318352339
596,0.03547032269228913
597,0.03544954419500758
598,0.03543461371555784
599,0.03541043553839004
600,0.035399562293479236
601,0.03538774887092019
602,0.035370305206523595
603,0.035352036784641154
604,0.035338483857676906
605,0.03531562305695002
606,0.03531279862543712
607,0.03529872205983124
608,0.03528417880587887
609,0.03526665909211065
610,0.03525528386893469
611,0.035236945452843504
612,0.03522855537788506
613,0.0352076292382078
614,0.03519839344263869
615,0.03518428290931347
616,0.03517709959547166
617,0.03516427420376317
618,0.035158620434275194
619,0.03513773305949628
620,0.03513316597453751
621,0.03512410488950176
622,0.03511756200289504
623,0.03510521898427834
624,0.03510593744970567
625,0.03510367846928161
626,0.03510350711908203
627,0.03510134479294932
628,0.03509902753283843
629,0.03509109125090946
630,0.03509626647604865
631,0.03509715571394381
632,0.03509454332479502
633,0.03509835874217364
634,0.03509536896088125
635,0.03510331226268987
636,0.03511525989803172
637,0.03510749408267677
638,0.03510921542930991
639,0.03512188642856567
640,0.035121011564304264
641,0.03513570492337936
642,0.035138084642044244
643,0.0351408374854937
644,0.03514811454200352
645,0.03514698788362714
646,0.035173191679295265
647,0.03517074103168832
648,0.0351809902220769
649,0.03519435441965221
650,0.03520547190407641
651,0.035212176193392765
652,0.035230954616125194
653,0.0352398712768413
654,0.035255458095833685
655,0.03526758356477183
656,0.035284729582696246
657,0.035302002571110304
658,0.03529972037623537
659,0.035318636644405266
660,0.035333488654003146
661,0.035356622561063034
662,0.03536207395203727
663,0.035383328991919503
664,0.035407088500875296
665,0.03542439398724637
666,0.03543604633395487
667,0.03545813077635593
668,0.03547389272812831
669,0.03549456622866067
670,0.035517259279457813
671,0.03554142669031852
672,0.03555580033915903
673,0.03557668893682285
674,0.03558848368950436
675,0.03560399133004618
676,0.03562136736658133
677,0.03565205651517409
678,0.03567832936889592
679,0.03570863716353583
680,0.03573341036154197
681,0.03575858728104173
682,0.03577391587601031
683,0.03580679102478748
684,0.035845744046096924
685,0.035871013425090595
686,0.0359173552510407
687,0.03594219657709215
688,0.035956254731115515
689,0.035999389153408654
690,0.036013730145638384
691,0.036068412588774516
692,0.03609965991053763
693,0.036130683617238264
694,0.036161401360971374
695,0.03619948378371553
696,0.03624827853895682
697,0.03630174511367653
698,0.036334457609768396
699,0.0363524842106827
700,0.03640839069480241
701,0.03640665661823754
702,0.036459032652515565
703,0.03648297171798833
704,0.036522154769964094
705,0.03656125518514369
706,0.03659068346861047
707,0.03662684226395105
708,0.03665443965552957
709,0.036688979236374444
710,0.03676032245595963
711,0.03678245643786022
712,0.03680513063205197
713,0.036861539999180265
714,0.03689535293644022
715,0.036935931204670494
716,0.036990268379903546
717,0.03701662029650803
718,0.037043310289944995
719,0.03707606423736428
720,0.037111481498660975
721,0.03716658529555407
722,0.037213991060690406
723,0.03724447495007736
724,0.03729658268183387
725,0.03733042122047082
726,0.03738464894999955
727,0.03743886477467413
728,0.037453641005230895
729,0.03752073338602144
730,0.03756709051014652
731,0.03760291299176147
732,0.03764620434568701
733,0.03768901333734341
734,0.03772258809224184
735,0.03776784696455494
736,0.03780791379413023
737,0.03782089804346936
738,0.037870568493544476
739,0.0379016003976674
740,0.037941297154923156
741,0.03798160625646902
742,0.03806623042611875
743,0.03808232780769559
744,0.038166252794978914
745,0.038172800391097966
746,0.038245667394139336
747,0.03829311723723429
748,0.038329703195003687
749,0.03837426088922217
750,0.03842513190990459
751,0.038445658293042716
752,0.03848596835874602
753,0.03854586421452158
754,0.038565327536337374
755,0.038637666096242335
756,0.03868013408569626
757,0.03870915651438157
758,0.038762525601287914
759,0.038813242502909726
760,0.03886377690483372
761,0.038913849402980455
762,0.038981843800616395
763,0.039010594706588124
764,0.03905385363376508
765,0.039086763002334254
766,0.039142585054459104
767,0.03916489734379306
768,0.039188857919688846
769,0.039277871176140775
770,0.03933267678274668
771,0.039353323576180016
772,0.03939359979450254
773,0.039433589404893124
774,0.03948168367902523
775,0.03952992527855439
776,0.03958275711520995
777,0.03959862307958371
778,0.03965213049821625
779,0.03968347662861035
780,0.039721750429979476
781,0.03975415107820009
782,0.0397996826231698
783,0.03983310786800077
784,0.0398673921483735
785,0.03989698359003451
786,0.039924369763918104
787,0.03996672504597452
788,0.039998653658856874
789,0.04003887648060653
790,0.04008752669943392
791,0.040138407574811005
792,0.0401287606662793
793,0.04017299178134777
794,0.040218391789535346
795,0.040248073083952216
796,0.04028513705121296
797,0.0403726378705993
798,0.04039689464301825
799,0.040406851671432674
800,0.04045456151864583
801,0.040487912350265935
802,0.04052674820934241
803,0.04055258426703836
804,0.04055221907862048
805,0.04060365955102275
806,0.04064002221139211
807,0.040664534038497964
808,0.04069844863266799
809,0.0407474271585954
810,0.04074153511839641
811,0.040776875970028575
812,0.04080161402605058
813,0.04081677271101826
814,0.04087987213928263
815,0.04088044023702329
816,0.04094617241198863
817,0.04097805952089273
818,0.04100012696371589
819,0.04103271645004648
820,0.0410594898734681
821,0.04107419348659195
822,0.04109083025834664
823,0.041127470262838244
824,0.0411368310548284
825,0.041162679475250666
826,0.04120101681441888
827,0.04121211327743158
828,0.04123384376914358
829,0.041260477489233734
830,0.04129875744056546
831,0.04133001952447457
832,0.041349671031436344
833,0.04137883571081022
834,0.04140587716854895
835,0.04145179299880158
836,0.04146967385149226
837,0.041496113897335214
838,0.04153115301548889
839,0.04156602106766481
840,0.04158601817817302
841,0.04160832516165992
842,0.04161668964178662
843,0.041640114421302374
844,0.041639477063031276
845,0.04165935241151539
846,0.04168928745210195
847,0.04169768244198336
848,0.041740518442415574
849,0.04175244559962202
850,0.041776845768832296
851,0.041781315876818395
852,0.041817865029340796
853,0.04183623425329488
854,0.04186567715640613
855,0.041860559474946775
856,0.04190555780815277
857,0.041904313566468974
858,0.04190383220443938
859,0.0419142796822892
860,0.04192541486245249
861,0.04193302153332304
862,0.041939729992009844
863,0.041981773206557216
864,0.041952636247521005
865,0.04197620205255805
866,0.04200350972823462
867,0.042023620529166965
868,0.04203759951173018
869,0.04203801289227241
870,0.04204154289419384
871,0.04206033647775658
872,0.04207108638733294
873,0.04206777792580586
874,0.04207996821080102
875,0.042089257713963796
876,0.04207515041923774
877,0.04209767662941751
878,0.042109790807372136
879,0.0421143561608262
880,0.04209961611745215
881,0.04211532929996451
882,0.04211308596647803
883,0.042120167252995125
884,0.04211356276096976
885,0.04210559850193165
886,0.04208502659641206
887,0.042099280181288175
888,0.04210478966319041
889,0.04209871562134588
890,0.04207134470082933
891,0.042069394339218094
892,0.04207872299514397
893,0.04209674255947879
894,0.042070042498372505
895,0.04207782203498283
896,0.04207713788979206
897,0.04206083873153118
898,0.04204283065062149
899,0.04204358514248087
900,0.04201242239615456
901,0.042004055411882374
902,0.041984958391032404
903,0.04199081054526592
904,0.041958535224373004
905,0.0419716295429248
906,0.04196137750540304
907,0.041934526590018006
908,0.04191546990820915
909,0.04188046577533857
910,0.04187283221092529
911,0.04187235978237006
912,0.04184191411982552
913,0.04182676590553967
914,0.041802090423729725
915,0.0418159872336178
916,0.0417593505143863
917,0.04174678628721913
918,0.041716227330290824
919,0.04173307215353453
920,0.041717519038187836
921,0.041701144475029664
922,0.04169664487615803
923,0.0416605142218339
924,0.041648461394013715
925,0.04161838614061905
926,0.041619089419046296
927,0.041574403506117415
928,0.04157199158715574
929,0.041576785650246986
930,0.04155136862667829
931,0.04155020738128348
932,0.04153396283651893
933,0.04151776472312049
934,0.041508021490087595
935,0.04148225400249034
936,0.04144439168942665
937,0.04145186926014096
938,0.041400514372910195
939,0.0413956434689171
940,0.04136198086835111
941,0.04135638849497954
942,0.04132732025192988
943,0.04132018036752311
944,0.041313587155863564
945,0.04128840002052196
946,0.04128672313854889
947,0.04125828494441557
948,0.04125880504814512
949,0.04120904448181693
950,0.041186630709751856
951,0.04116059832636509
952,0.04115018110293758
953,0.041148633491716956
954,0.04111967869601781
955,0.041106153075350496
956,0.04106122240844713
957,0.041042838007654826
958,0.041017392453671336
959,0.04098911818121152
960,0.04096772704577483
961,0.04095651589632055
962,0.04090915751413552
963,0.04087885205816822
964,0.04089916478346672
965,0.040846672860566036
966,0.04085290202217738
967,0.040795092151115944
968,0.0407916577227844
969,0.040743110715002716
970,0.04073811170052232
971,0.04069640408654009
972,0.04067164048723711
973,0.040660250376919074
974,0.040616556748582264
975,0.040584205554857165
976,0.04058297982366299
977,0.040568823867243774
978,0.040546811345875095
979,0.04049580157287321
980,0.04049529473534335
981,0.04045294886370234
982,0.04043134746716901
983,0.04040357637554382
984,0.04037763513074473
985,0.040345424598515624
986,0.04032306761017667
987,0.040303219182815805
988,0.04029606396617075
989,0.040259746129528304
990,0.040226785947212844
991,0.040193608998113924
992,0.04017806538695672
993,0.04015400187555491
994,0.040137978609123603
995,0.040114676746366214
996,0.04008807047789172
997,0.04007513155835018
998,0.04002614567238317
999,0.040029615792047994
1000,0.039994586293755685
1001,0.03995956538677161
1002,0.039948063348576625
1003,0.0399035877403701
1004,0.03989673821661868
1005,0.03988824083987803
1006,0.039838611773146064
1007,0.039838810706028537
1008,0.03982011194155174
1009,0.039796231856500795
1010,0.03975446360229519
1011,0.0397420005144779
1012,0.03973269119718996
1013,0.03970576295596882
1014,0.0396938885697617
1015,0.03968938165067655
1016,0.039666638569108945
1017,0.0396306747690709
1018,0.039614474143703546
1019,0.039615249927217565
1020,0.039611327270123016
1021,0.03954840624471202
1022,0.03955323591726728
1023,0.03954041766992911
1024,0.03953323040444703
1025,0.03951659656022635
1026,0.03948158590067361
1027,0.039475891267055786
1028,0.03943478215804283
1029,0.03942375471061999
1030,0.039397479368449714
1031,0.03938541265152222
1032,0.039373917095450656
1033,0.039335905441750335
1034,0.039335769750180646
1035,0.039302144528600216
1036,0.03928123170224108
1037,0.03926558921394511
1038,0.039231476736951265
1039,0.039230885478313486
1040,0.03922171523949503
1041,0.03919149842066733
1042,0.03916424958374861
1043,0.03917052442014617
1044,0.03915987362613525
1045,0.0391493318917968
1046,0.03912661275835389
1047,0.039116011234988105
1048,0.039097673433549494
1049,0.039095180353216595
1050,0.03908213050344138
1051,0.0390791725445265
1052,0.03904773588996671
1053,0.03902701730256293
1054,0.03900756658881211
1055,0.039003291369689545
1056,0.03897850128987646
1057,0.03895342425270098
1058,0.038947035789946655
1059,0.0389435043546507
1060,0.038932139165523696
1061,0.038917532304334125
1062,0.03890698527520014
1063,0.03888884544363832
1064,0.03888462386962974
1065,0.03885999626526227
1066,0.03884294623976552
1067,0.03884096494184652
1068,0.038796539368875824
1069,0.03880951921099737
1070,0.038792226371081
1071,0.03876375271580557
1072,0.03876272094103553
1073,0.03874519959947096
1074,0.03871229981733518
1075,0.038721508550227976
1076,0.03868252685535726
1077,0.03868096947664499
1078,0.038666125622128976
1079,0.038657856160592745
1080,0.038648938364223666
1081,0.03862974869668232
1082,0.03862044654476218
1083,0.03860871892740014
1084,0.03860163298742197
1085,0.038581026215544996
1086,0.038592660576827455
1087,0.03856434273195769
1088,0.03856723888087594
1089,0.038561132818635074
1090,0.038545511896369115
1091,0.03855577445836796
1092,0.03852533383430204
1093,0.03852638191792804
1094,0.0384998166730735
1095,0.03848251634471732
1096,0.03846824152787028
1097,0.038447169109650355
1098,0.038422663523369684
1099,0.038417296870616416
1100,0.038399265016201584
1101,0.03840984392396974
1102,0.03838281466954656
1103,0.03838183421880751
1104,0.03836988225632008
1105,0.038350084219125884
1106,0.03832530779966007
1107,0.03832907950668172
1108,0.03830574090290991
1109,0.03828606790346848
1110,0.03829670742665816
1111,0.038292840174772184
1112,0.0382744035295143
1113,0.03827417521559288
1114,0.03826995936717508
1115,0.03826211505506837
1116,0.03823959522404128
1117,0.03824079708500481
1118,0.038227955762498315
1119,0.03821482040884296
1120,0.0381990320649281
1121,0.03820013817839762
1122,0.03818520605144472
1123,0.038187590878855676
1124,0.038171100951682475
1125,0.038159647138174636
1126,0.03815745905513887
1127,0.03813870624758434
1128,0.03813626490624075
1129,0.03813744744397744
1130,0.03812700606842983
1131,0.03810848922056345
1132,0.03811062899258955
1133,0.03809497833922581
1134,0.038074715083427045
1135,0.038058251998925714
1136,0.038072267946330396
1137,0.03806376904227321
1138,0.038064877949425285
1139,0.038043578606457115
1140,0.0380217318666043
1141,0.0380258430949321
1142,0.038018114014772016
1143,0.038002793990472815
1144,0.037982378410141966
1145,0.03797552937496625
1146,0.037945198445178144
1147,0.03795218242624558
1148,0.037955807644863275
1149,0.03793332210513405
1150,0.03793327711941284
1151,0.03792655945045496
1152,0.03792171295495909
1153,0.037897989175895326
1154,0.03790120742457952
1155,0.03788198965696859
1156,0.03788599918311025
1157,0.0378622752172844
1158,0.037850876255985745
1159,0.03783788214818706
1160,0.037829289242375545
1161,0.037821362486176006
1162,0.037803961577219956
1163,0.03779211978806267
1164,0.03779695235934802
1165,0.037788316261277245
1166,0.03778519758617855
1167,0.037777029059467504
1168,0.03776495904507631
1169,0.03776452042287072
1170,0.03774563943533301
1171,0.03773385347516779
1172,0.03773531748060448
1173,0.037718660759304926
1174,0.037718067358626116
1175,0.037719182381526446
1176,0.037705358731695976
1177,0.037688912659008096
1178,0.037692654776613335
1179,0.037689171172725425
1180,0.03768968890087738
1181,0.03767981033428108
1182,0.037676356575516046
1183,0.037673026985523404
1184,0.03766987125769153
1185,0.037659989249882335
1186,0.037650699990284316
1187,0.037648519842459205
1188,0.037640570924033785
1189,0.0376281660282733
1190,0.03762024794904354
1191,0.03760694694463141
1192,0.03761096693227323
1193,0.037608690992874554
1194,0.037592314737772005
1195,0.03759472826271255
1196,0.03758116187199633
1197,0.0375778323726187
1198,0.03757235393652695
1199,0.037568001494187604
1200,0.03755114702176396
1201,0.03756191791247557
1202,0.0375548678368101
1203,0.03755803733371298
1204,0.03754434681213358
1205,0.037532494457514255
1206,0.03752386174978674
1207,0.03752572220162699
1208,0.037505542347414655
1209,0.037487034529253296
1210,0.03748707248066879
1211,0.037484495373816484
1212,0.03747926800812576
1213,0.03747467319068031
1214,0.037470379974077955
1215,0.03746472421255495
1216,0.037455692952964435
1217,0.0374507800013307
1218,0.037445216044476204
1219,0.03742836085182766
1220,0.037444257995391944
1221,0.03741912679738982
1222,0.037421184897523975
1223,0.03740691436002792
1224,0.03738963595327284
1225,0.037396577501252894
1226,0.03739178259908607
1227,0.037384066458504096
1228,0.03738099668846374
1229,0.037365224725714775
1230,0.037361066805417405
1231,0.037354608093842875
1232,0.03734831212009296
1233,0.03735117725405912
1234,0.03732726047970396
1235,0.0373267579494104
1236,0.03732194349263403
1237,0.03731944236168173
1238,0.03731659228357314
1239,0.037296663492931134
1240,0.03729561275583979
1241,0.037290382498410546
1242,0.03727436711260457
1243,0.03727684722766145
1244,0.03725916406618792
1245,0.03725230802021808
1246,0.03725268818467875
1247,0.037253006854754134
1248,0.03724279031868966
1249,0.03724288230101587
1250,0.03722360605647524
1251,0.03722121388163198
1252,0.03721177797429546
1253,0.03719981046126491
1254,0.03719773364273527
1255,0.037196320800501344
1256,0.0371848269525912
1257,0.03718290044314889
1258,0.037177484285113034
1259,0.03717551170035488
1260,0.03716475345623448
1261,0.03716132642490874
1262,0.03714344259892045
1263,0.03714074097861616
1264,0.037140933146317966
1265,0.037125932680323
1266,0.03711635790770903
1267,0.03711595215191212
1268,0.03709810096321627
1269,0.03709832434035072
1270,0.0370932823583519
1271,0.037096232343403826
1272,0.03707811830679427
1273,0.03707658984899484
1274,0.03706675575774584
1275,0.037074878411372934
1276,0.0370706339721704
1277,0.03704915087756129
1278,0.03705499584664051
1279,0.037048334654952414
1280,0.03704962761199451
1281,0.0370423707564305
1282,0.037030014223976046
1283,0.03702998706099454
1284,0.03701613402580364
1285,0.03700592422976329
1286,0.03699707086370372
1287,0.036997547458503505
1288,0.03698032048799797
1289,0.03697063933521172
1290,0.036969409599385966
1291,0.03696280966819976
1292,0.03695054733355811
1293,0.036937715115108495
1294,0.03693623133221018
1295,0.036943169043845515
1296,0.036929567197094795
1297,0.03692698541884063
1298,0.03691527993726846
1299,0.036909803018341285
1300,0.03689715304334727
1301,0.03689823661993324
1302,0.036895401648610535
1303,0.036885000272054914
1304,0.036880629161334784
1305,0.0368717304725443
1306,0.03686792159803078
1307,0.03685562155189662
1308,0.036856145325050625
1309,0.03685092433963203
1310,0.03685169910132996
1311,0.03683750440357825
1312,0.036842737645736146
1313,0.03682809397821041
1314,0.03681705960705387
1315,0.03681440897717904
1316,0.03680913422769908
1317,0.03681270114844258
1318,0.03681247010483605
1319,0.03679275178700451
1320,0.03678357343041553
1321,0.03677419755209536
1322,0.036769461188440725
1323,0.03675519977152525
1324,0.03674803834570573
1325,0.03674136647944929
1326,0.03673927069964541
1327,0.036729452467733084
1328,0.03672169892645255
1329,0.03672935579278192
1330,0.0367162835415453
1331,0.036712522910630686
1332,0.036712612085984475
1333,0.03668731901274201
1334,0.03669069556647322
1335,0.03667944307169378
1336,0.03666979033791339
1337,0.0366646966348594
1338,0.036660524909985205
1339,0.036657910953535426
1340,0.03665598359772765
1341,0.036654712658709725
1342,0.03664286539626804
1343,0.03663555827124203
1344,0.03663051607298266
1345,0.036622448174389845
1346,0.03662271514150087
1347,0.03661013541514078
1348,0.03660324207000681
1349,0.036589486842087106
1350,0.03658427937587301
1351,0.036588053972679495
1352,0.03657960581664838
1353,0.036575871019433645
1354,0.03657322590560184
1355,0.03656435248416011
1356,0.0365652404395885
1357,0.03656157011517738
1358,0.036543363971058326
1359,0.036538653445605515
1360,0.03654289694320264
1361,0.036533959571149806
1362,0.03652951723053269
1363,0.036529464445445026
1364,0.036523768523946155
1365,0.03651147113846076
1366,0.03650349416265405
1367,0.036493517401063665
1368,0.03650063384714641
1369,0.036496455515828204
1370,0.036493087978540346
1371,0.036481950707883924
1372,0.03647997656117074
1373,0.03647571718730232
1374,0.03646778440831585
1375,0.036464320006823744
1376,0.036468585853286425
1377,0.03645111763248815
1378,0.03645195431137987
1379,0.03644933409732896
1380,0.03645069535341233
1381,0.03644725019481686
1382,0.03643145111035779
1383,0.03643083209266778
1384,0.03642110382702726
1385,0.036407669020544896
1386,0.03641190154597484
1387,0.03640985895482452
1388,0.036387274189039025
1389,0.036392073298792134
1390,0.03638310792799001
1391,0.03637668184067633
1392,0.03636151172706983
1393,0.0363670589701404
1394,0.036364457655827964
1395,0.0363590208777084
1396,0.03635368572744622
1397,0.03633150227017335
1398,0.03632306766602801
1399,0.03632231435446763
1400,0.0363256875168976
1401,0.03631722056684815
1402,0.03631165177642121
1403,0.03630807057375357
1404,0.036301710571776155
1405,0.0362983362348327
1406,0.03629174802451225
1407,0.03628571257836361
1408,0.0362853520223987
1409,0.03627367626691952
1410,0.03627928894965883
1411,0.036271613408401154
1412,0.03627087101499209
1413,0.03626973086136889
1414,0.03627224570452994
1415,0.036265507780835315
1416,0.03625784301627712
1417,0.036253874926794945
1418,0.03624719667597035
1419,0.03624816872049792
1420,0.03624698155727859
1421,0.036232645774379395
1422,0.03623015925067387
1423,0.0362216517784953
1424,0.03621434388501491
1425,0.03621712986722141
1426,0.03621366224886565
1427,0.03622149041268018
1428,0.03621373368235345
1429,0.03621195891700672
1430,0.0362040352975023
1431,0.03620164717359212
1432,0.03619644809228332
1433,0.03619993550385268
1434,0.0361970718210342
1435,0.03619289026776098
1436,0.036175177856351055
1437,0.03618502492881811
0,0.09954732528316593
1,0.09955603330926313
2,0.09957195877127602
3,0.09957905610587771
4,0.09958916775110718
5,0.099595409048703
6,0.0996117975356009
7,0.09962467872093139
8,0.09963284158820734
9,0.09964960005522167
10,0.09965383564918313
11,0.09966734076589562
12,0.09967791263090714
13,0.09969211315836424
14,0.09969844813737025
15,0.09970965221280048
16,0.09971920672635541
17,0.09973385694403075
18,0.09974306002304838
19,0.09975021430537871
20,0.09976244327488726
21,0.09977642029595846
22,0.09979021169753972
23,0.09979834860429238
24,0.0998075405158723
25,0.09981492905780526
26,0.0998339238264021
27,0.09983947353424756
28,0.09985309614981283
29,0.09986575803192904
30,0.09987886705981965
31,0.09988616991376607
32,0.09989635501495973
33,0.09990908768531909
34,0.09992063694968119
35,0.09993177202694851
36,0.09993785681231122
37,0.0999477827093008
38,0.09995909943697188
39,0.09997076643662635
40,0.09998250435528555
41,0.09999886368174636
42,0.10000531338381925
43,0.10000898490975853
44,0.10002248099242632
45,0.10003531127092848
46,0.10004924311923521
47,0.10006054173772613
48,0.1000736667541251
49,0.1000782858349413
50,0.10009249149296426
51,0.10010307983397745
52,0.10011044063111968
53,0.1001203572310463
54,0.10013138326059534
55,0.10014095410978144
56,0.10015815429271137
57,0.10016095813173412
58,0.10017432074627479
59,0.10017907989445961
60,0.10019309564324405
61,0.10020016796721877
62,0.10021384277424648
63,0.10022296058535021
64,0.1002313702528007
65,0.1002410077702224
66,0.10025156228059011
67,0.10026822301537386
68,0.10027684224030878
69,0.100286956525593
70,0.10029154765449204
71,0.10030255117664373
72,0.10030957512390505
73,0.10032306292335925
74,0.10032551344412104
75,0.10033241770095644
76,0.10034106501848933
77,0.10035944808208665
78,0.10037240012448774
79,0.10037905201679628
80,0.10039032746694959
81,0.10039559779743289
82,0.10040664236731502
83,0.10041835624632522
84,0.1004267468873222
85,0.10045049335888737
86,0.10045040906051039
87,0.10046132775502765
88,0.10047016964164744
89,0.10048149146195241
90,0.10049307155231751
91,0.10050217274821983
92,0.10051175763470346
93,0.10052130693563567
94,0.10053304790336932
95,0.10053883807474778
96,0.10055249154254639
97,0.10055912864897103
98,0.10057002589424201
99,0.10058323300627393
100,0.10059032555743219
101,0.10059807558851558
102,0.10061007394507882
103,0.10061834554960566
104,0.10062589816608988
105,0.10063533518400246
106,0.10064680406308311
107,0.10065267068176217
108,0.10066597408837703
109,0.10067366972317542
110,0.10068337259424745
111,0.10069252760859858
112,0.10070680570016423
113,0.10071556745050503
114,0.10073295671754802
115,0.10073783607369756
116,0.10074953377542799
117,0.1007537940509405
118,0.10076345518663035
119,0.10077338677038883
120,0.10078354500612285
121,0.10079364908677331
122,0.10080021158415471
123,0.10081382006996037
124,0.1008223514164329
125,0.10083110961063607
126,0.10084085756225546
127,0.10085454536068174
128,0.10086185420225278
129,0.100871179890295
130,0.10087756045164882
131,0.10088760612760052
132,0.10088958603436847
133,0.10089956937735904
134,0.10090737553356513
135,0.10091745156069525
136,0.10092480416331964
137,0.10093580504525437
138,0.10094062942617878
139,0.10094914955657747
140,0.10096095888590557
141,0.10097220687415984
142,0.1009811413221043
143,0.10098543330327486
144,0.10099225851006516
145,0.1010028364071826
146,0.10100734955629269
147,0.10101368164435785
148,0.10102219024154628
149,0.10102792599605039
150,0.10103958836607119
151,0.10104454576652931
152,0.10105666905615665
153,0.10106865801068116
154,0.10107601673378198
155,0.10108727792541086
156,0.10110116961302512
157,0.10110192341206789
158,0.10110569355876209
159,0.10111562657769885
160,0.10112604076423534
161,0.10113407431238998
162,0.10114152286835823
163,0.10114718988980857
164,0.10115911133723948
165,0.10116418925314238
166,0.10117274007528981
167,0.10117853654420038
168,0.10118920957876255
169,0.10119389098573658
170,0.10120432982655335
171,0.10120896945205753
172,0.10121429869097251
173,0.10121923634029698
174,0.1012311177855369
175,0.10123665435868107
176,0.10124519548055962
177,0.10125087350404226
178,0.10125722637670262
179,0.10126177758825697
180,0.10126945833849924
181,0.10127793505543234
182,0.10128053522668791
183,0.10129145838359518
184,0.10129711273639184
185,0.10130710783484231
186,0.10131326356225724
187,0.10132022066858666
188,0.10132884878618878
189,0.10133783363836181
190,0.10134968863147957
191,0.10135286392607144
192,0.10136152943581435
193,0.10136519516374448
194,0.10137227711045547
195,0.10137835135196502
196,0.10138968303627803
197,0.10140222782757961
198,0.10140947742682177
199,0.10141262004079127
200,0.10142239689095932
201,0.10142716711981009
202,0.10143221618013919
203,0.10144288910648842
204,0.10144738489965689
205,0.10146070168388434
206,0.10145996286356682
207,0.10147355337083377
208,0.10147905276394348
209,0.10148114342767121
210,0.10148953047681956
211,0.10149430364568525
212,0.10150367220889148
213,0.10151545149480615
214,0.10152287840635697
215,0.10152874304925745
216,0.1015319777593036
217,0.10153933058211669
218,0.10154917999023871
219,0.1015569291873305
220,0.10156123893722703
221,0.10157411419351284
222,0.10157554025907234
223,0.10158744738169377
224,0.10158995351803186
225,0.10159975846937293
226,0.10160613953773946
227,0.1016106632306343
228,0.1016167395009236
229,0.10162338452457864
230,0.10162938596181806
231,0.10163693554402223
232,0.10163627752856565
233,0.10164400469695506
234,0.10165548151550902
235,0.10165927323070525
236,0.10166584993189004
237,0.1016742956258219
238,0.10168466766204226
239,0.10169131733830782
240,0.10169560158365765
241,0.10170139852906468
242,0.10170560423525787
243,0.10171595553455802
244,0.10172141499479942
245,0.10173118332309969
246,0.10173518928912383
247,0.10174096258368874
248,0.10174624938597739
249,0.10175320506683923
250,0.10175677277188803
251,0.1017628516535004
252,0.10176211701162709
253,0.10177210947562147
254,0.10178085596113111
255,0.1017857239942601
256,0.10179107194201484
257,0.10179570492188761
258,0.10180437780535806
259,0.10180894383557346
260,0.10181563731760991
261,0.10182237061677214
262,0.10183104578459268
263,0.10183954098482799
264,0.10184160229842965
265,0.10184629307420943
266,0.10185220915531747
267,0.10185822034406919
268,0.1018650898255686
269,0.10187198887753643
270,0.10188286492832646
271,0.10188741840198724
272,0.10189558319567316
273,0.10190225210820156
274,0.10190681420767099
275,0.1019169660006268
276,0.10192414256670226
277,0.10192646045009915
278,0.10193449077946341
279,0.10194075320885859
280,0.1019462207939651
281,0.10195405144595329
282,0.10195243174323032
283,0.10196037485803422
284,0.10196573722212697
285,0.10197120468301843
286,0.10197598585661884
287,0.10198094385475072
288,0.10198755070003543
289,0.1019969327166175
290,0.10200881239481345
291,0.1020132678073504
292,0.10202065970697471
293,0.10202304363637422
294,0.10202551711679966
295,0.10203299436409388
296,0.10203685211594894
297,0.1020388917319211
298,0.1020434829120908
299,0.10205134665897371
300,0.10205581699722832
301,0.10206695230352279
302,0.10207050973133816
303,0.10207219705882366
304,0.10207430788679835
305,0.10208518914536649
306,0.10209049442845751
307,0.10209110693792267
308,0.1020958952970795
309,0.10209976612080045
310,0.10210834017468946
311,0.10211161583130202
312,0.10212028294444925
313,0.1021243961637445
314,0.10212792664951749
315,0.10213361646055892
316,0.1021412620897903
317,0.1021455877171582
318,0.10215372316274066
319,0.10215572028150965
320,0.10215426887608532
321,0.1021618938828814
322,0.10216518603648107
323,0.10217106842923368
324,0.10217538143630384
325,0.10218119963055554
326,0.10218762748217425
327,0.10219953927341664
328,0.10219648616931187
329,0.10220334760330914
330,0.10220400764261521
331,0.10221023091165435
332,0.10221476940840973
333,0.10222014338513183
334,0.10222454231921645
335,0.10223074190246907
336,0.10223329211209185
337,0.10223752660986617
338,0.10224610802591842
339,0.10224683395868533
340,0.10225101442392553
341,0.10225330164742237
342,0.1022648203295687
343,0.10226602706857602
344,0.1022709413748825
345,0.1022734554834752
346,0.10227958746663357
347,0.1022876245550228
348,0.10228632407839117
349,0.10229116818216491
350,0.10229607931465244
351,0.1023013283208303
352,0.10230838311566584
353,0.1023094516758981
354,0.10231514445923946
355,0.10231672648784917
356,0.10232317985693296
357,0.10232724013524387
358,0.10233389967585296
359,0.10233572272830117
360,0.10234116561376794
361,0.10234266597612865
362,0.10234894136115605
363,0.10235426523218466
364,0.10235486088935533
365,0.10235802691622996
366,0.1023682607231535
367,0.10236944788020069
368,0.10237472980012681
369,0.10237780757735496
370,0.10238434691790012
371,0.10238640593355441
372,0.10238839554670202
373,0.10239411225153133
374,0.10239811443963628
375,0.10240107197770124
376,0.10240597999018954
377,0.10240707477701322
378,0.10241054226356638
379,0.10241934623687043
380,0.10242062650201762
381,0.1024251761297751
382,0.10242846812394646
383,0.10243330007314798
384,0.10243311064455002
385,0.10243735386225007
386,0.10244384468075272
387,0.10244769323970611
388,0.1024485705454066
389,0.10245607280713041
390,0.102454787909813
391,0.10246109042782882
392,0.1024633761754872
393,0.10247407769128927
394,0.10247181070085164
395,0.10247777642295645
396,0.1024818435117631
397,0.1024843666395782
398,0.10248607986727026
399,0.102495690120994
400,0.10249369157123278
401,0.10249847624913552
402,0.10249831029387531
403,0.10250320400736514
404,0.10250808730625795
405,0.10250998234381747
406,0.10250772973645773
407,0.10251854947657002
408,0.10251347983195576
409,0.10251965123843038
410,0.1025243025995966
411,0.1025243816590753
412,0.10252675642513857
413,0.10253168358203647
414,0.10253014088632324
415,0.10253293029248421
416,0.10253504002987564
417,0.10253853948453814
418,0.10254235443416387
419,0.10253964161818171
420,0.10254350923624854
421,0.10254752577186978
422,0.10255022351434505
423,0.10255609175849964
424,0.10255891615331234
425,0.1025639317894623
426,0.10256464326458359
427,0.1025714042084985
428,0.10256743520763618
429,0.10256753570128489
430,0.10256959018788116
431,0.10257295717300118
432,0.10257539209064925
433,0.10258137358923498
434,0.10258440007151333
435,0.10258391002570948
436,0.10259240417794672
437,0.102589470638897
438,0.10259557720168047
439,0.10259163900837288
440,0.1025981919004083
441,0.10259976151098922
442,0.10260668294130221
443,0.10260992860735287
444,0.10260790643392681
445,0.10260968557551903
446,0.10261354547923834
447,0.10261077292530645
448,0.10261039464067255
449,0.10261568217278827
450,0.1026193381586562
451,0.10261650876031159
452,0.10261933040013137
453,0.10261910092958554
454,0.10261941296205009
455,0.10262256412488782
456,0.10262706986815578
457,0.10263098412491643
458,0.10263146620166408
459,0.10262997044549534
460,0.10263202376753301
461,0.10263450880821752
462,0.10262924962579986
463,0.10262902231397764
464,0.10263395300751334
465,0.10263537609360887
466,0.10264047229830293
467,0.1026379422174141
468,0.10264230263300705
469,0.10264406825889853
470,0.1026437344321198
471,0.10264699607726131
472,0.102648799259364
473,0.10265158528305822
474,0.10265336403729977
475,0.1026548878542832
476,0.102654527603655
477,0.10265807815027643
478,0.10266364473430922
479,0.10266069188579884
480,0.1026649408503147
481,0.10266455232001656
482,0.10267159541257001
483,0.10266905311705155
484,0.10266887976278126
485,0.10267150773861952
486,0.10267049388291741
487,0.10267554063637221
488,0.10267576917273163
489,0.1026757986048682
490,0.10267601281230838
491,0.1026780179386361
492,0.10267943975816515
493,0.10268193732405566
494,0.10268137032570808
495,0.10268136283143099
496,0.10267897046554102
497,0.10268862863309236
498,0.10268512582667735
499,0.1026844681543127
500,0.10268733442342809
501,0.10268938536292357
502,0.1026885433749501
503,0.10269077195986849
504,0.10268912679147879
505,0.10268816954422309
506,0.10269372347728385
507,0.10269264829680046
508,0.10269226287318961
509,0.1026940839442539
510,0.10269736525640857
511,0.10269856963463635
512,0.1026985925933797
513,0.10269733220468856
514,0.10270044596451837
515,0.1026976653422159
516,0.10269947651385314
517,0.10270400819343271
518,0.10270416326213216
519,0.10270310046435914
520,0.10270482000287103
521,0.10270990756120095
522,0.10271196968484865
523,0.10270842027120439
524,0.10271118442186584
525,0.10271076323228917
526,0.10271214090580447
527,0.10271228757397557
528,0.10270802653756522
529,0.10271221224641165
530,0.10271438679346463
531,0.10271202978317685
532,0.10271495805994105
533,0.10271473472073728
534,0.10271639623125825
535,0.10271784859912575
536,0.10271487593318536
537,0.10271305283974919
538,0.10271417082817225
539,0.10271102482512438
540,0.10271279731171055
541,0.1027109507077112
542,0.1027138152561456
543,0.10271478815636784
544,0.10271530353418207
545,0.10271681676742424
546,0.10271307370951552
547,0.10271492774497779
548,0.10271510064472515
549,0.10271395090382139
550,0.10271241882240563
551,0.10271415626659036
552,0.10271523226007014
553,0.10272066241751866
554,0.10271572864766632
555,0.10271418602282252
556,0.1027160683829914
557,0.10271433763903169
558,0.1027154194217781
559,0.10271365964553968
560,0.10271097690908254
561,0.10271541012964945
562,0.10271158373924781
563,0.10271015354491476
564,0.10270680909698138
565,0.10270830693730479
566,0.10270912534339732
567,0.10270914481243644
568,0.10270514622064779
569,0.10270558562378512
570,0.10270801855931065
571,0.10270681083363574
572,0.10270585975092718
573,0.10270261015315857
574,0.10270138993688566
575,0.10269969729075147
576,0.10270068362113086
577,0.10270244817445891
578,0.10270102283028514
579,0.10269738349374392
580,0.10269997613924006
581,0.10269984663513505
582,0.10270209506234677
583,0.1026983296212728
584,0.1026943316685558
585,0.10269455911070965
586,0.10269524603264438
587,0.10269328657363426
588,0.1026931188180908
589,0.10269425858135471
590,0.10269217090764965
591,0.10268982909431902
592,0.10269457773733175
593,0.10269134911250927
594,0.10268911612298341
595,0.10269155078834492
596,0.10269076175309771
597,0.10268624060899179
598,0.10268772582570336
599,0.10268643424873207
600,0.1026894513464097
601,0.1026917381396122
602,0.10268543822822983
603,0.10268918123941674
604,0.10268135756645956
605,0.10268497522304121
606,0.10268302928991206
607,0.10267772498357133
608,0.10268073710348319
609,0.10267921720788743
610,0.10267983010241977
611,0.10267901947175871
612,0.1026775062187935
613,0.10267361496505616
614,0.10267210097173515
615,0.10266638258442144
616,0.10266976606914632
617,0.10266818919398821
618,0.10267008666488141
619,0.10266953633318808
620,0.10266632507874345
621,0.10266338016547591
622,0.10266108085294982
623,0.10266125538215821
624,0.10266030847973659
625,0.10265621924177255
626,0.10266113263672633
627,0.10265997361361469
628,0.10265359782106291
629,0.10264989051495957
630,0.10265086779230455
631,0.10265061560424164
632,0.10264639913108488
633,0.10264609945463804
634,0.10264247294271889
635,0.10264165955084437
636,0.1026420243087875
637,0.10263739890480014
638,0.10263689153066939
639,0.10263525484861719
640,0.1026313794081152
641,0.1026272032571906
642,0.1026291091548381
643,0.10262929340144761
644,0.10262522925426038
645,0.10262513227622667
646,0.10262336203781312
647,0.10262215092308404
648,0.10262795651791433
649,0.10261980496154388
650,0.1026182221468568
651,0.1026148928356521
652,0.10261479929399922
653,0.10261088686251714
654,0.10261058702689896
655,0.10260737575849355
656,0.10260753023309076
657,0.10260513393594096
658,0.10260037150873706
659,0.10259831472385252
660,0.10259614559634583
661,0.10259766989875768
662,0.10259123485011605
663,0.10259309644044604
664,0.10259062225919477
665,0.10258834980211178
666,0.1025903758673046
667,0.10258439986319552
668,0.10257758814386382
669,0.10257905668650692
670,0.10257259873313918
671,0.10257513856519714
672,0.10257087138508321
673,0.1025670713690089
674,0.10256646741699033
675,0.10256372060449792
676,0.10256106990693145
677,0.10256102743473923
678,0.10255438642532891
679,0.10255492173374621
680,0.10255398265293261
681,0.10255274410345398
682,0.10254846040892349
683,0.10254868426416565
684,0.10254679511695038
685,0.1025417128908874
686,0.10254396354168697
687,0.10254020604977886
688,0.10254092728612134
689,0.10253329869946565
690,0.10253124816804855
691,0.1025294155353718
692,0.10252431438172471
693,0.10252114482157476
694,0.10252047056116625
695,0.1025157359390397
696,0.10251201041828685
697,0.10251090423557614
698,0.10250958166450758
699,0.1025062612555184
700,0.1025034486520434
701,0.10250148198530964
702,0.10249788668319675
703,0.10249516633633034
704,0.10249252422896345
705,0.1024884054289839
706,0.10248727738233797
707,0.10248819652753942
708,0.10248319769702804
709,0.10247733659957076
710,0.10247476717676968
711,0.10247544200409316
712,0.10247306292182232
713,0.10247265399854232
714,0.10246948372412858
715,0.10246302897472115
716,0.10246485887404669
717,0.10246011666046638
718,0.1024575525716715
719,0.10245554456538122
720,0.10245094404824044
721,0.10244385009251923
722,0.10244006837500665
723,0.1024400483778707
724,0.1024336223926032
725,0.10242927023022319
726,0.10242542843633903
727,0.10241779764755686
728,0.10241984716634274
729,0.10241333425566344
730,0.10240989237168496
731,0.102405808595368
732,0.10240684467019956
733,0.1024033744273416
734,0.10239888202869109
735,0.10239700107105794
736,0.10239211122731559
737,0.10238899307310763
738,0.10239052781051014
739,0.10238485851388646
740,0.10238160366499342
741,0.10237759090075138
742,0.10237222035547044
743,0.10236642178722848
744,0.1023656624058639
745,0.10236071110339663
746,0.10235787992774463
747,0.1023516016015703
748,0.10234595427620818
749,0.10233838136076093
750,0.1023375643986333
751,0.10233165541747871
752,0.10232796139645783
753,0.1023265500586097
754,0.10232257769279027
755,0.10231906199649039
756,0.10231688149470407
757,0.1023123603546491
758,0.1023102245047198
759,0.1023038966825977
760,0.1022956632664084
761,0.10229269759733091
762,0.10228732074825958
763,0.10228474604255093
764,0.10227602899036028
765,0.10227568172660971
766,0.10227046898725609
767,0.10226810046178794
768,0.1022620200368178
769,0.10225624057819176
770,0.1022481790940621
771,0.10224611436166604
772,0.10223827132161578
773,0.10223600101832124
774,0.10223008853249123
775,0.10222542001155267
776,0.10222484319591937
777,0.10221847151390237
778,0.1022117926604522
779,0.10220738881075979
780,0.10220423583349086
781,0.10219852421973026
782,0.10219546302701772
783,0.10218900536424975
784,0.10218308186998237
785,0.10217856144508501
786,0.10217385790921524
787,0.10217205898850332
788,0.10216395567522903
789,0.10215939272912844
790,0.10215620387082723
791,0.10214986471443396
792,0.10214797868072734
793,0.1021415381953342
794,0.10213541781718143
795,0.10213228305437616
796,0.10212437254890422
797,0.10211751820396488
798,0.10211360461320018
799,0.10211211280364045
800,0.10211108969586528
801,0.10210081628180663
802,0.10209873624213524
803,0.10209245187264884
804,0.10209192631538717
805,0.10208528195986333
806,0.10207923330633865
807,0.10207358295274371
808,0.1020708139155946
809,0.10205793341649913
810,0.10206270638880216
811,0.10205701374605804
812,0.10205149497803939
813,0.10204374247318768
814,0.10204015405185617
815,0.10203830693614505
816,0.1020301731114058
817,0.10202313229791454
818,0.10201921394803438
819,0.10201062409484654
820,0.10201303786269517
821,0.10200531972000768
822,0.10200039891250125
823,0.10199297997816682
824,0.10199258921875894
825,0.1019864991874668
826,0.10198137194321075
827,0.10198159772756878
828,0.10197946319651942
829,0.10197194616509608
830,0.10196441517735198
831,0.10195653743817314
832,0.10195196086326358
833,0.10194442141567994
834,0.10193971503584899
835,0.10193265515509695
836,0.10193031927432435
837,0.10192111793798846
838,0.10191451216816659
839,0.10190589002998379
840,0.1019033496997034
841,0.1018969665144695
842,0.10188942008093989
843,0.1018867923756409
844,0.10187783723594636
845,0.10187161909253002
846,0.1018643835251241
847,0.10185656553632318
848,0.1018537610895231
849,0.10184636363991403
850,0.10183802808093396
851,0.10183357542284419
852,0.10182578999910485
853,0.10182338856655074
854,0.10181586572395984
855,0.10181456425529409
856,0.10180746436061679
857,0.10180239284782115
858,0.10179484075549404
859,0.10179022241232297
860,0.10178011188588729
861,0.10177497404285657
862,0.10176750155840023
863,0.10176054127084264
864,0.10175832994380653
865,0.10175177187131601
866,0.10174478846879798
867,0.10173771845530552
868,0.10173264977923506
869,0.10173186140547145
870,0.10172261393403839
871,0.1017158931598019
872,0.10170822695698355
873,0.10170475815620976
874,0.1016965742451639
875,0.10169062728964712
876,0.10168514708992786
877,0.10167843370513292
878,0.10167072985278709
879,0.10166322284515598
880,0.1016587044702074
881,0.10164848952239892
882,0.10164452598365835
883,0.1016393557991931
884,0.10163323874550431
885,0.10162830067570282
886,0.1016225964908213
887,0.10161233892782709
888,0.10160455412558554
889,0.10159647941153901
890,0.10159462536433803
891,0.10158773390515263
892,0.1015811158542466
893,0.10157195206429856
894,0.10156876800395497
895,0.10155987373146308
896,0.10155411224993208
897,0.10154925772053879
898,0.10154181775776386
899,0.10153446280567856
900,0.1015297942715232
901,0.10152550982177214
902,0.10152030815431441
903,0.10151297052363778
904,0.10150474822483793
905,0.10149874793195254
906,0.10149128339815716
907,0.10148186959848966
908,0.10147400917943299
909,0.10146962399460258
910,0.10146316025670711
911,0.10145240588604515
912,0.10144689939186721
913,0.1014401818949512
914,0.10143655853869643
915,0.10142310287502897
916,0.10141941852651552
917,0.10141101894905259
918,0.10140469753916836
919,0.1013987742170625
920,0.1013904074185655
921,0.10138432843879727
922,0.10137550133486684
923,0.1013638462078693
924,0.10136299832188268
925,0.10134860996025331
926,0.1013468609742775
927,0.1013396402930417
928,0.10133326446338521
929,0.10132214366359446
930,0.10131895433476393
931,0.10130853635106955
932,0.10129908743103991
933,0.10129722894679044
934,0.10128532457868282
935,0.10127677353423137
936,0.101274445893966
937,0.10126142236949032
938,0.10125788772880558
939,0.1012461723650558
940,0.10123816033478072
941,0.10122988265757352
942,0.10122707128880716
943,0.10121860520161141
944,0.10120807303119725
945,0.10120109344217028
946,0.10119396156502171
947,0.10118851251317668
948,0.10118484133535952
949,0.10117078275100364
950,0.10116289585187835
951,0.10115682525685835
952,0.10114789267529921
953,0.10114042247135849
954,0.10113164145058762
955,0.10112394467919532
956,0.10111200572761896
957,0.10110831124774414
958,0.10109968592451325
959,0.10108699637002586
960,0.10108801452858067
961,0.10108267152961994
962,0.1010743029697205
963,0.10107081845408795
964,0.10105855935904019
965,0.10105092234086678
966,0.10104603824090726
967,0.10103683605491676
968,0.10103006611983598
969,0.10102031485957
970,0.10101681711349302
971,0.10100823984168136
972,0.1010007990831356
973,0.1009943452110588
974,0.1009872408572298
975,0.10097705791299211
976,0.10097230798566494
977,0.1009633491264049
978,0.10095691109996396
979,0.10094761014616242
980,0.1009384983740361
981,0.1009275547045103
982,0.10092184716181365
983,0.10091356372473695
984,0.10090170082710556
985,0.10088902486219765
986,0.10088260641250206
987,0.10087341288896665
988,0.10086828816474745
989,0.1008609453167212
990,0.10085737901213558
991,0.10084293218249608
992,0.10083612874781922
993,0.10082746561887332
994,0.1008219344888259
995,0.10081263112422703
996,0.10080401030934279
997,0.10079924344587649
998,0.10078982766788293
999,0.10078012163463479
1000,0.10077458231719806
0,0.10000540231631191
1,0.10032263165750531
2,0.10086735321969673
3,0.10088915695457468
4,0.10118528396932785
5,0.10118578549204381
6,0.10151479762204452
7,0.1017641223697495
8,0.10159639994375734
9,0.10181165745830088
10,0.10152154894859922
11,0.10155666610814819
12,0.10135905145921781
13,0.10129122437716157
14,0.10094093179813303
15,0.10051986257976785
16,0.10020556766102064
17,0.09993975383144832
18,0.09974291151203882
19,0.09886072438608265
20,0.09854406577940915
21,0.09803995195408707
22,0.09760207323533436
23,0.09709260472650723
24,0.0964456221032901
25,0.09561671852223017
26,0.09517121664732274
27,0.09442058262633919
28,0.0936347318187205
29,0.09296101387573953
30,0.09209631419081518
31,0.09120054015955373
32,0.09024076248366636
33,0.08961086568106548
34,0.08880074704165852
35,0.08781667276538635
36,0.08679452384069297
37,0.08605556870878989
38,0.08529129519834125
39,0.08441324767510072
40,0.0834072393800826
41,0.08251858785073506
42,0.0815836882770318
43,0.08051110486861612
44,0.07957426398038683
45,0.07868135331559498
46,0.07780136921758925
47,0.07674869540128129
48,0.07568076628150093
49,0.07477997095223396
50,0.07382760369093708
51,0.07279704563828916
52,0.07204253212812496
53,0.07091187862398403
54,0.07010305727244008
55,0.06903440916499151
56,0.06818579283564793
57,0.06725596962570231
58,0.06640218544990487
59,0.06574188380056982
60,0.06484090734523949
61,0.06403480278339291
62,0.06304498620517238
63,0.062225286067349644
64,0.061436134329130664
65,0.06077232735855332
66,0.05991455390038087
67,0.059018142185998025
68,0.058299713011941916
69,0.05724384248147917
70,0.056636338317159286
71,0.05587731519170352
72,0.055087071720403
73,0.05442228129622077
74,0.053781598714867096
75,0.05316606609019613
76,0.05249284002167164
77,0.05191759472835097
78,0.05129150583612834
79,0.05079553500962973
80,0.050175736666543756
81,0.04959905998782463
82,0.04900709481843798
83,0.04848040568923387
84,0.047998021699167476
85,0.04744583584074452
86,0.04705673135660496
87,0.046511602653792394
88,0.046090429578795895
89,0.04571250382160879
90,0.04524125925384241
91,0.04485078605569384
92,0.044424339868435275
93,0.0440896227014056
94,0.04371203466376568
95,0.043335198485199566
96,0.04303954089405348
97,0.04264883498562933
98,0.04234778232782505
99,0.041998133793238544
100,0.041715482421841636
101,0.041389164131402936
102,0.04098906120657995
103,0.04075191568211981
104,0.04045571318154324
105,0.04018893781426943
106,0.03997583578095299
107,0.03969013924296667
108,0.03947578860023534
109,0.03927472341907614
110,0.03903176877968145
111,0.038854730591349744
112,0.03866632687320537
113,0.038505792924464474
114,0.03831747142496788
115,0.03816074292688211
116,0.0380380358934985
117,0.03788492810184207
118,0.03780337963289415
119,0.037709658413675864
120,0.0375986414690361
121,0.03750666442327695
122,0.03744001479695053
123,0.037304051506604444
124,0.037299754724654834
125,0.03724968852472817
126,0.03723465384921861
127,0.037185891952028136
128,0.03711777576848255
129,0.03718358580405646
130,0.037131641088960866
131,0.03715237450073112
132,0.037103612707631455
133,0.03717107029480315
134,0.037157063192969964
135,0.03716150212236111
136,0.03720724140464717
137,0.03723830146619971
138,0.037281355528795544
139,0.03730337071290898
140,0.0373503880876026
141,0.037375908221298056
142,0.03747867664097926
143,0.037504411183340296
144,0.03757128448015989
145,0.037647898059517876
146,0.037719557246657064
147,0.0378038542033514
148,0.03786167661692912
149,0.03793444569361829
150,0.038000627887950326
151,0.038083710928404756
152,0.03811710957755546
153,0.03822150964231098
154,0.03834120037731717
155,0.03840236889075072
156,0.0384882172914991
157,0.038531247372042395
158,0.038631778569233506
159,0.03875365484507238
160,0.0388432772896043
161,0.03894170508604575
162,0.038986008884016994
163,0.03909100741654995
164,0.0391613276882388
165,0.03923019456357773
166,0.03933885520223791
167,0.03938510044414346
168,0.039435025171356795
169,0.039506654691888354
170,0.03956117955149604
171,0.03964626140682835
172,0.03968158681583522
173,0.0397064487394949
174,0.03977437229003799
175,0.039804341376741215
176,0.0398656488829966
177,0.03989376649262984
178,0.03993516990169432
179,0.03996246527410803
180,0.03999338232029073
181,0.04001963802187804
182,0.040044801203840415
183,0.0400779613125846
184,0.0401156470267792
185,0.040124186007768854
186,0.04011969520238943
187,0.04012623246179227
188,0.04017019299478803
189,0.04022266052177883
190,0.04019589542144555
191,0.0402072795803111
192,0.0401971393024197
193,0.04022192820001376
194,0.04020050784826451
195,0.04025509362421667
196,0.04024234889409549
197,0.04020620511120071
198,0.04018913154813261
199,0.04019387918924067
200,0.04018548736861064
201,0.04016397966635216
202,0.040092065407192935
203,0.04011604003412262
204,0.04010194060251978
205,0.040021512462367625
206,0.03995521577611326
207,0.03995583567463401
208,0.039826134342523016
209,0.039833291688230146
210,0.03972763461889014
211,0.03969915355486221
212,0.039615662783301836
213,0.03952423862161904
214,0.03936597085968696
215,0.0393500042020839
216,0.039322668715101795
217,0.039213483324709385
218,0.03912327563123757
219,0.03898829299243283
220,0.03897675999133961
221,0.03894020820309805
222,0.038806363410143624
223,0.03869988261155178
224,0.038621456139327486
225,0.03852740587863592
226,0.03840701818878403
227,0.03831560206591607
228,0.03824970457413783
229,0.03813210185625874
230,0.0380651421417257
231,0.03794949335656898
232,0.037780556361323
233,0.037645446056079224
234,0.037531279508411924
235,0.037448590684289414
236,0.037371786274551184
237,0.03722041174203156
238,0.037111596653939365
239,0.037033163623476625
240,0.03690482394874838
241,0.03679711161720844
242,0.036703598392652
243,0.03659725514102449
244,0.03643826086630294
245,0.03634275136768616
246,0.03626565732950488
247,0.03613904847275377
248,0.03606766762133143
249,0.035989531239927056
250,0.0359295706545939
251,0.03582873307990949
252,0.035782604872932465
253,0.035698800338285534
254,0.035646496716580434
255,0.03558958853015041
256,0.03551814983763329
257,0.035485712596812616
258,0.035471784657749694
259,0.03539295139824241
260,0.03536614348209712
261,0.035360286222708245
262,0.03533452240885456
263,0.03533318026058354
264,0.035323180830542686
265,0.035322632402228576
266,0.03531446565981594
267,0.03532827390814281
268,0.03534395205331303
269,0.03534528238479574
270,0.0353835212474619
271,0.03538929430851897
272,0.03542512538578576
273,0.035471857688598465
274,0.03548307559501023
275,0.0355643105501382
276,0.03564591945890687
277,0.03562457515414527
278,0.03571638296460122
279,0.03580589602678387
280,0.035876587834575945
281,0.035953975540807995
282,0.03602860709682788
283,0.03614402735991064
284,0.03625229107163221
285,0.036329749010128455
286,0.03637413053851926
287,0.036453099194423216
288,0.0365450057691162
289,0.03674635890823597
290,0.036801564675774105
291,0.036954124180712096
292,0.0370850027406594
293,0.03717481973009032
294,0.03732432538060141
295,0.0373956369083016
296,0.03756673817156327
297,0.037611995880363576
298,0.03787191133142223
299,0.03795820448802275
300,0.03815447186567187
301,0.03827268788666441
302,0.038475924958938874
303,0.03856675768770195
304,0.038788231161268484
305,0.03891958220731486
306,0.039102747670917
307,0.03935731138821315
308,0.03951644057674479
309,0.039600170024186546
310,0.03993421169239528
311,0.040047203652868485
312,0.04024211329110136
313,0.040339440369750436
314,0.040519535829990634
315,0.04073342496842854
316,0.04084390014529372
317,0.04102584544715844
318,0.04129957068270842
319,0.04147670919737716
320,0.041506514057524806
321,0.04170730014607822
322,0.04192261486748568
323,0.042027624486270905
324,0.04220406590137545
325,0.042325988700719734
326,0.0424992516340036
327,0.04269067270894514
328,0.04298149962160584
329,0.04310009849182748
330,0.04326274631803695
331,0.04354970784392188
332,0.04367580957089761
333,0.043759594051860654
334,0.043920980471000376
335,0.043991484163151184
336,0.04426646525254957
337,0.044413271344777294
338,0.04457184116332441
339,0.04471414323979456
340,0.04481974026550945
341,0.04487479086328749
342,0.04504771753778729
343,0.04518431507762858
344,0.04530203003524458
345,0.045520214335945164
346,0.0456710306351477
347,0.0457381279658205
348,0.04583613973577934
349,0.04586963170603013
350,0.045933673218049344
351,0.04600353214028754
352,0.04601466038790235
353,0.04610432737855502
354,0.0460198389659666
355,0.046156992299556145
356,0.046155463456435016
357,0.04614731643562237
358,0.04624105116775464
359,0.046291228456426185
360,0.04629571754654961
361,0.04633572890525345
362,0.04635515001371204
363,0.04635275983417516
364,0.04639956884612659
365,0.046375400368432705
366,0.046321919940356476
367,0.04624821405752623
368,0.046343078698032655
369,0.046250892198444526
370,0.04632129065970872
371,0.04627522624155434
372,0.046153377097626
373,0.0461702472468277
374,0.04619207391180128
375,0.046190570715157274
376,0.0461083974579789
377,0.04609708650226346
378,0.04608451091406331
379,0.0459961234153232
380,0.04593179711972782
381,0.04585795434566435
382,0.04584347789743367
383,0.0457325532795489
384,0.0456217494265057
385,0.045602556084795284
386,0.04539967945220046
387,0.04526809869496298
388,0.04525310640196298
389,0.04510146389935071
390,0.04502185208783776
391,0.04492997447712916
392,0.04469520036173064
393,0.04448865465725211
394,0.04447296652885328
395,0.04426898893630341
396,0.04419619875976673
397,0.04393112700758636
398,0.0438384813731294
399,0.043749942507536485
400,0.0436314095357063
401,0.043536090447034353
402,0.04345265199931373
403,0.04323114772068712
404,0.04309007526757197
405,0.043044263410474265
406,0.04293394023192018
407,0.042693122006765116
408,0.04262143844691761
409,0.04242767878930439
410,0.04237375136806904
411,0.04223360474002531
412,0.04206837341049071
413,0.04198635821646094
414,0.04186583715935426
415,0.04176574753804869
416,0.041657810044004234
417,0.04155514968493299
418,0.04149486110006387
419,0.04139260610256515
420,0.041261246617045694
421,0.041081712791861014
422,0.04103680301289473
423,0.04096276843574944
424,0.04080627737172619
425,0.0406494375375631
426,0.040577401297404427
427,0.040466081110285074
428,0.040454686547125314
429,0.040278841968960664
430,0.04015237582854081
431,0.040055569134062115
432,0.03997593957192135
433,0.039874042246097224
434,0.03974900716663164
435,0.03969897187415352
436,0.03951971784921356
437,0.039443754381476
438,0.03926583592937837
439,0.03928875108621046
440,0.039135455350313035
441,0.039069797145312134
442,0.038888096211866244
443,0.03887285100185349
444,0.0388351046990959
445,0.038754224049015684
446,0.03867034434752926
447,0.03856915118084141
448,0.03857454210719048
449,0.03846955676411228
450,0.03842740362498367
451,0.038342682196146456
452,0.0383081812976026
453,0.03825908039217238
454,0.038213283890755484
455,0.03819564627972436
456,0.03808220100345867
457,0.038071514692573555
458,0.03807446364612141
459,0.03804299187287979
460,0.03799367891995113
461,0.03797203421626599
462,0.03791046209068573
463,0.03790809444183104
464,0.03790207241994683
465,0.037844724164967036
466,0.037823970230811764
467,0.03779807479548414
468,0.037742223827396656
469,0.03772796985808574
470,0.037723146918931624
471,0.03766703104369006
472,0.03764336051196049
473,0.03761355788445245
474,0.03761551800374255
475,0.03757270559744008
476,0.0376084611454105
477,0.03754632623262454
478,0.037533137799900584
479,0.037527126022702396
480,0.03749715195979921
481,0.03748159565888477
482,0.037456510631052306
483,0.037431579180089845
484,0.03737988792144559
485,0.03739123854436537
486,0.037356770292867394
487,0.03736642158621242
488,0.037333918567033254
489,0.037351731147235306
490,0.03733206890121982
491,0.037307623899324016
492,0.03730902515999586
493,0.0372949553767997
494,0.037294184579472554
495,0.03726933485157836
496,0.037249531858974415
497,0.03723850906502229
498,0.037231963086597854
499,0.037212276019854364
500,0.037196152966319736
501,0.03718698503907442
502,0.037175601861536095
503,0.037154698028029065
504,0.037137022235203494
505,0.037121762931853805
506,0.037098165245426376
507,0.03710191563527187
508,0.0370817336729986
509,0.03704953119052217
510,0.0370340916911733
511,0.037011717399471504
512,0.0369920878965919
513,0.03697103685756937
514,0.03695514447590598
515,0.03695332770794033
516,0.03692968116088547
517,0.03690423462446389
518,0.03688225821167534
519,0.03685614213637117
520,0.03683812075628003
521,0.03681737606910816
522,0.036796952468987766
523,0.036772379900054615
524,0.03676016345611739
525,0.03672391932346432
526,0.036713077809383536
527,0.0367134895017555
528,0.03667884125802046
529,0.036656473903120476
530,0.03662248390046029
531,0.03660957956448289
532,0.036592711882927315
533,0.03658826891339356
534,0.03655608869884079
535,0.036525549659744465
536,0.036518485555023836
537,0.036491145290768155
538,0.03646594667826017
539,0.03645187879314672
540,0.03643286513385845
541,0.03639667438295844
542,0.036387745266642596
543,0.03636446556885952
544,0.03633203882198822
545,0.03631056070790475
546,0.03628775832271378
547,0.036275718468147956
548,0.03623729144562392
549,0.0362255580263245
550,0.03619188249528395
551,0.03618031843300717
552,0.036155568695472685
553,0.03611585026860027
554,0.03609965934188152
555,0.0360958913511095
556,0.036066609218585365
557,0.03607076250006445
558,0.03604797346542151
559,0.03603163287960064
560,0.03602077890371527
561,0.03598823733707867
562,0.035976483641052846
563,0.03596090881443701
564,0.03594392108167554
565,0.0359250156183203
566,0.03589140194334816
567,0.03587606021307983
568,0.03587136955980372
569,0.03585763937674995
570,0.03582792858147245
571,0.035805574136595485
572,0.035782816913765406
573,0.03577620639526282
574,0.035767709553567985
575,0.03573576551926047
576,0.035739878584951965
577,0.03570501254026433
578,0.035702333949577995
579,0.03570325325932648
580,0.03567615964853315
581,0.0356669286008677
582,0.035645426785012604
583,0.03564682126408614
584,0.03563011938420967
585,0.03563092608038546
586,0.03561665803052434
587,0.03560579097985532
588,0.03558740691648132
589,0.03557082808378015
590,0.035565300740976344
591,0.03556342110424265
592,0.03554553535322742
593,0.03555289509420456
594,0.035555777064790746
595,0.03551671407711925
596,0.03551500429857113
597,0.03552032491587659
598,0.03550520366499156
599,0.03550256595041882
600,0.03547854353959964
601,0.03546961891352671
602,0.03549150466314636
603,0.03547313787525558
604,0.03549765145452853
605,0.035461153710696774
606,0.035474932640536624
607,0.035479308946653056
608,0.03548017995289465
609,0.03547630564639942
610,0.035462238932407644
611,0.035469264156502166
612,0.03548878111961386
613,0.03550220469737746
614,0.03552631155793709
615,0.03557770012425216
616,0.03555717322209507
617,0.03555706594527753
618,0.03554827241800426
619,0.03557042743569341
620,0.03559742218747187
621,0.03561742647440645
622,0.035643175762786326
623,0.0356353367300227
624,0.0356289142002218
625,0.03564195739892691
626,0.03560585653209579
627,0.03561380878425714
628,0.03563471456774073
629,0.03565641964712905
630,0.03563277084479657
631,0.035635797946415006
632,0.035673326136178345
633,0.035693723628103025
634,0.03569595329961197
635,0.03571415346526988
636,0.0356957136618737
637,0.03571480650186498
638,0.03575328243218376
639,0.035766418659756015
640,0.0358133804007567
641,0.03577962585386131
642,0.03578598456873523
643,0.03579094410443367
644,0.035819731942813925
645,0.0358280619809152
646,0.03583627446030855
647,0.03584158904128383
648,0.03583427936746971
649,0.0358202894704053
650,0.03584039515751925
651,0.035878360798976806
652,0.035872121599089236
653,0.03588145558388898
654,0.03586486172416979
655,0.03590453281127555
656,0.03591127654545721
657,0.035938403527814106
658,0.035978815457406714
659,0.03598062641472387
660,0.03599297846039508
661,0.03594951101397447
662,0.036018779622432544
663,0.03598366758990062
664,0.03601131881335054
665,0.03603860176322385
666,0.036052417561172195
667,0.03604121072266485
668,0.03602727712896657
669,0.03601007969333207
670,0.03605939727409779
671,0.03603148694198673
672,0.03605913075919586
673,0.03609523394829198
674,0.036072153429540815
675,0.0360959948559274
676,0.036116364854816015
677,0.036107463306579914
678,0.036121701282568586
679,0.03614519705704094
680,0.03615185679062792
681,0.03614637278553198
682,0.03618025465141853
683,0.036169726578351706
684,0.03622891530877864
685,0.03625992431226996
686,0.03623223758969547
687,0.036286032713832905
688,0.03629570296325752
689,0.03633226517476802
690,0.03632955635052329
691,0.03635775960728554
692,0.03639195443771352
693,0.036381240392786035
694,0.036385408673779825
695,0.03644349546879552
696,0.03646490073971431
697,0.03651904474737767
698,0.03653352472742046
699,0.03652802370425861
700,0.03654727251908741
701,0.03654943252765821
702,0.036547229581811544
703,0.036507587578515036
704,0.036499039066805156
705,0.03652495434090964
706,0.036498403403641314
707,0.036484290900678944
708,0.03648231257175476
709,0.03648165404722638
710,0.036382607351603466
711,0.03637049099987476
712,0.03633493465442447
713,0.03627542516282641
714,0.03626482633383971
715,0.036258841167930794
716,0.03618739646452136
717,0.036232837663545285
718,0.03619697570960546
719,0.036216830925759454
720,0.03615648717340815
721,0.03614287734888282
722,0.03614007792552708
723,0.0361023903215566
724,0.036075789706232236
725,0.0360309080566293
726,0.03600578812816355
727,0.03601591170426637
728,0.03598291456569479
729,0.03595876549773462
730,0.035885539706837416
731,0.03584330196614561
732,0.03579262062505653
733,0.035720593833870905
734,0.03569928496263969
735,0.03561514197770627
736,0.03558951097046994
737,0.035543082449979536
738,0.03542975531316057
739,0.03542072649075915
740,0.035349458763009566
741,0.035319436228950264
742,0.035261075695800205
743,0.035289366968369325
744,0.035080906063326735
745,0.03507865735416683
746,0.034967555256115765
747,0.034962977602389055
748,0.03489718916054095
749,0.0348811958922114
750,0.03480494908010876
751,0.03479647321712726
752,0.03472718492937551
753,0.034686007107235045
754,0.03464120245157408
755,0.03458552014100629
756,0.03450078697354161
757,0.03448389898795246
758,0.034404291163683834
759,0.0343545382484337
760,0.03434774271995931
761,0.03430950173270374
762,0.03430425549308518
763,0.034264953103262476
764,0.034228346851933565
765,0.03421326293548333
766,0.03415550288465949
767,0.03414498030947636
768,0.03412271513163216
769,0.03405169384586185
770,0.03404382489348907
771,0.0340133897174142
772,0.0339620962369204
773,0.03395046264743401
774,0.03389992681492248
775,0.03386488936283812
776,0.03384890439683863
777,0.03383861766049128
778,0.033811419749456194
779,0.03379444453737787
780,0.03375601502519304
781,0.03374167768129589
782,0.03370865401070561
783,0.033707685758426434
784,0.03368914291890479
785,0.033664578105898894
786,0.03363861030036357
787,0.033618552784745445
788,0.03361878455309007
789,0.0336043806994047
790,0.03359088598617411
791,0.03357789493299554
792,0.033580827502895115
793,0.033565806974932444
794,0.03354655410711782
795,0.03355054847737571
796,0.03353686291686093
797,0.03351046865023602
798,0.03350418824107158
799,0.0334769339410411
800,0.03346239359228331
801,0.033468920492663506
802,0.03344883864915396
803,0.03344636782499723
804,0.03344414336294832
805,0.033445002834324916
806,0.03343454612408318
807,0.03343051135160652
808,0.03341603585619218
809,0.03341529422634416
810,0.03340774189664157
811,0.03339714031460155
812,0.03339342422964639
813,0.03338397716434618
814,0.033385216788200535
815,0.03337235053211323
816,0.033362953049928076
817,0.03336389563522942
818,0.03334728988734584
819,0.033352283622345394
820,0.033345798952053744
821,0.033340880926565716
822,0.03333337215265907
823,0.03333452169834965
824,0.03332089431093296
825,0.033324473205540536
826,0.033322661181589906
827,0.03330773877733021
828,0.033307582701289105
829,0.033301314232650966
830,0.033296495551791795
831,0.03328789478713486
832,0.03328306254101313
833,0.03328309806442633
834,0.03327148593852658
835,0.03327903506781301
836,0.033265812809856674
837,0.0332580537395957
838,0.03325546568214702
839,0.03325297370724348
840,0.033244288587506415
841,0.03324285970397247
842,0.033234285320159325
843,0.03323886934755408
844,0.03322508313508299
845,0.033222872216967174
846,0.033220128145722644
847,0.03320741841414723
848,0.03320611171474465
849,0.03320704631006073
850,0.033195200200960354
851,0.033193413043865354
852,0.033193680271720157
853,0.03318644328328431
854,0.033185535225959434
855,0.0331742522445655
856,0.03317970607387156
857,0.03317828701181203
858,0.0331634684428401
859,0.033159559808703276
860,0.03315850795289079
861,0.03315074296055536
862,0.033145967846866936
863,0.03314947569758649
864,0.03313669599356852
865,0.033134465099068595
866,0.03313449535213394
867,0.03313269464776705
868,0.033135506123851306
869,0.03312366659504148
870,0.03312354055008371
871,0.033128473336983065
872,0.033125429970775264
873,0.033116959200052705
874,0.03312069308114342
875,0.033121253024792116
876,0.03310443529017863
877,0.033113673992660624
878,0.03311352134709292
879,0.033109987088633934
880,0.033102135147251466
881,0.03311083148235832
882,0.03311020481128508
883,0.03309931069656465
884,0.03310434068717837
885,0.03309211633626597
886,0.03308119007565861
887,0.03309219309314306
888,0.033090508533958334
889,0.03308916541464141
890,0.033073042681639346
891,0.03306893921348972
892,0.03307993114391261
893,0.03308487541369219
894,0.03307349001828832
895,0.033078015381148844
896,0.03307555169827618
897,0.03306800655446765
898,0.03305390990111892
899,0.03305989475464162
900,0.03303893114333219
901,0.033034789481297414
902,0.03302468057818318
903,0.03303780847014297
904,0.03301498315442558
905,0.03302624491473982
906,0.03302623738313367
907,0.03301368455173309
908,0.033015745491187534
909,0.032999360718166074
910,0.032999102266529884
911,0.033005765997799585
912,0.03299150256694131
913,0.03298696187254503
914,0.03297335869789299
915,0.03300066055669038
916,0.032974865495970514
917,0.032973117196278455
918,0.03296632652299104
919,0.03298653119406061
920,0.03297751135747615
921,0.03298608125707413
922,0.0329947533415983
923,0.032980850267578056
924,0.03297473923919978
925,0.032972097226038076
926,0.032980326356955574
927,0.03297299495394268
928,0.03298324632533576
929,0.03300781966802479
930,0.03299313747639026
931,0.03301368051121322
932,0.03301279309988609
933,0.03301342812407654
934,0.03301751622247446
935,0.03301631571285527
936,0.033008555151337673
937,0.03303899736066099
938,0.03301892690161263
939,0.03303494936301728
940,0.03302158805369544
941,0.03304677641105022
942,0.03302615249817723
943,0.033031068343268286
944,0.033049878839943314
945,0.03305096643962391
946,0.0330662046247184
947,0.033061636059215825
948,0.03306941003382525
949,0.033063685413305496
950,0.03306885179828726
951,0.03306766514838081
952,0.03308593975202872
953,0.03311009441956097
954,0.033097598700566576
955,0.033107368771627003
956,0.03309978749228275
957,0.033093835071470325
958,0.03308710859642149
959,0.03308846046111466
960,0.03307764822302843
961,0.033090303346950845
962,0.03305674338565043
963,0.033049503926436484
964,0.03308766488266649
965,0.0330590633553526
966,0.03307185911683225
967,0.033042213526947646
968,0.033062277996453
969,0.03303571475001249
970,0.033039812677230815
971,0.0330226468489785
972,0.03302799093575376
973,0.03303776630152802
974,0.0330270356385796
975,0.033018072938902535
976,0.033032811422645976
977,0.0330519872901398
978,0.0330494021722438
979,0.03302788549086548
980,0.03306266501528167
981,0.03306071394180476
982,0.033049253780791536
983,0.03304451142262361
984,0.033062820771336376
985,0.03307166847710115
986,0.03308558919264277
987,0.03308341954354057
988,0.03309637160346838
989,0.03308222297480719
990,0.033051939698726385
991,0.033076691410930184
992,0.0330702541418041
993,0.03307137610144834
994,0.033067776197206786
995,0.033067360205765714
996,0.03309250020401522
997,0.03308447142079845
998,0.03306056431109398
999,0.03309934694453913
1000,0.03309118468539662
1001,0.03308518682566901
1002,0.03310280529031905
1003,0.03308273406138697
1004,0.033096222513026456
1005,0.03310534297866952
1006,0.03310783824951102
1007,0.03313828625134097
1008,0.033121846794595886
1009,0.03312281559461216
1010,0.0331022597129745
1011,0.033111362705730535
1012,0.03311534367532014
1013,0.03311665557898525
1014,0.03314020470297032
1015,0.03315043023564036
1016,0.03317205572553091
1017,0.03318955716285396
1018,0.03319099607671526
1019,0.03322176197757233
1020,0.033225242754689625
1021,0.03318845180825354
1022,0.033230763500118984
1023,0.03323794688037366
1024,0.033254578316921794
1025,0.033269366738555316
1026,0.033245892532228837
1027,0.03326330470080957
1028,0.033245118993538304
1029,0.033251487869237824
1030,0.03323742965923792
1031,0.03325211829911774
1032,0.03327105146944087
1033,0.03324744171638749
1034,0.033261912930270456
1035,0.033241017307941476
1036,0.03323766677599456
1037,0.0332278436155402
1038,0.03322035099658924
1039,0.033240723337487656
1040,0.03327072125448984
1041,0.03324646209498602
1042,0.033249832329489235
1043,0.03329652735681596
1044,0.03329921266185224
1045,0.03330651586918519
1046,0.03330626520942443
1047,0.03334913891947134
1048,0.03335327091642961
1049,0.033358641949707675
1050,0.03339703377447969
1051,0.0334148998956713
1052,0.033389871500102336
1053,0.03339288491775009
1054,0.03337366398590888
1055,0.03337141693708295
1056,0.03336124295421265
1057,0.03334186068362703
1058,0.03335448047179278
1059,0.03336065811081042
1060,0.03338683866810627
1061,0.03335444031459949
1062,0.03340633415759828
1063,0.033384289092956126
1064,0.03341986171468
1065,0.0333830703076528
1066,0.033389071420319535
1067,0.033384468551904016
1068,0.033359036293301725
1069,0.033410619177634555
1070,0.03338716856415347
1071,0.03336820186795465
1072,0.03339263339158294
1073,0.03337641523094509
1074,0.033350200736865655
1075,0.03338219176616824
1076,0.033319088772753594
1077,0.03334110750728555
1078,0.03334202187247454
1079,0.03335020697116212
1080,0.03334625132947438
1081,0.03333639312519277
1082,0.03333481357734323
1083,0.033332136703343444
1084,0.03334505657492393
1085,0.03331730921373319
1086,0.033379643349608336
1087,0.033317767627990214
1088,0.03335056528008569
1089,0.03336299563622417
1090,0.03334956959170115
1091,0.03339792763348189
1092,0.033342424944497046
1093,0.033364629100198454
1094,0.03331753613382821
1095,0.03331529013561649
1096,0.03329859159319456
1097,0.033272003289948976
1098,0.03324260882220557
1099,0.0332379155961626
1100,0.033231263093376956
1101,0.033269346657395525
1102,0.033217772782084994
1103,0.03324038649260364
1104,0.03322657343528912
1105,0.0332039618778842
1106,0.033163729184868
1107,0.03317394379541792
1108,0.033139377300329446
1109,0.033112647320241606
1110,0.033150100390214786
1111,0.03316574478116602
1112,0.033139746423269674
1113,0.03314583019046072
1114,0.03315881960962295
1115,0.0331691649421796
1116,0.03311811834537956
1117,0.03314398942960503
1118,0.03310417471858419
1119,0.03309871048506988
1120,0.03308578448145265
1121,0.033112147523743675
1122,0.033100540846054446
1123,0.03310792814910453
1124,0.033073910768542054
1125,0.033049572104658594
1126,0.033067923010587766
1127,0.03302972720663077
1128,0.03304312986575066
1129,0.03303681653781622
1130,0.03302913512791365
1131,0.03299277927805017
1132,0.033003084736991255
1133,0.032970656393065935
1134,0.03293934012800834
1135,0.0329074809173903
1136,0.0329490260080482
1137,0.032936714834223564
1138,0.03294044789981233
1139,0.032900029476093835
1140,0.03285829721978643
1141,0.032860537892096094
1142,0.032864022950885786
1143,0.03283980568328494
1144,0.03278909800718844
1145,0.03278526515409364
1146,0.03271452572497869
1147,0.0327360158124901
1148,0.032759032415326225
1149,0.03270955259769885
1150,0.03272730250281866
1151,0.032724146005441594
1152,0.03271870992384718
1153,0.03267194840118453
1154,0.03270014767896434
1155,0.03265833805961577
1156,0.03267556978539035
1157,0.03262839676322871
1158,0.032622413121914426
1159,0.0325959823104975
1160,0.03258216639123858
1161,0.03256774293926907
1162,0.03254489683323935
1163,0.032514976937186524
1164,0.03253666202128329
1165,0.03252448920211823
1166,0.032523528598557234
1167,0.03251428526473582
1168,0.03249802453720828
1169,0.03249489500228957
1170,0.03246270112758096
1171,0.03244353176537104
1172,0.03245770191046496
1173,0.03242676002867193
1174,0.03242971141381251
1175,0.03244389941592956
1176,0.03241045924007775
1177,0.03237742368781529
1178,0.03239199528811242
1179,0.03239192218428784
1180,0.03240246266075903
1181,0.032388587222284125
1182,0.032396973066657335
1183,0.032383962949734044
1184,0.03238336186085104
1185,0.032364924011355115
1186,0.03234957980764754
1187,0.03235055920369745
1188,0.03233779621676107
1189,0.0323129557631845
1190,0.032292498654957535
1191,0.03226868566507929
1192,0.032283519093374645
1193,0.03228479882788534
1194,0.03225900834081383
1195,0.03226314711765328
1196,0.03223846785092111
1197,0.03224233125256187
1198,0.032238484065204125
1199,0.032233390829825494
1200,0.032202941280586705
1201,0.032239716306759376
1202,0.03223252521502895
1203,0.03224419313162975
1204,0.03222488146903874
1205,0.03219991074096851
1206,0.03218942555903168
1207,0.03221415547079099
1208,0.03217647014944933
1209,0.03214252097567488
1210,0.03215540916077515
1211,0.03215886545924206
1212,0.032154060475786
1213,0.03214752997603887
1214,0.032141827061887424
1215,0.03214033926634056
1216,0.03213292641945615
1217,0.032124405463648316
1218,0.0321139971078543
1219,0.032085446746739396
1220,0.03212769057491277
1221,0.03207975036805366
1222,0.0320887325058354
1223,0.0320671273871919
1224,0.03203611818033739
1225,0.0320541918211426
1226,0.03205310528951569
1227,0.032043694905458185
1228,0.03204459059764018
1229,0.03201528399083262
1230,0.032007267990840305
1231,0.032004247761173346
1232,0.031990684449557355
1233,0.03201006135422615
1234,0.031959360209686316
1235,0.03196200027208141
1236,0.031950590937791186
1237,0.03195814037978262
1238,0.0319546493100347
1239,0.03191746475457104
1240,0.03191940194855506
1241,0.03191708234563553
1242,0.03188169495601078
1243,0.03189467194877676
1244,0.031860447509204054
1245,0.03185973640614298
1246,0.031861803902712246
1247,0.031875989889769245
1248,0.031859319837720994
1249,0.031871902850293704
1250,0.031830159298483186
1251,0.03183257060223472
1252,0.031816674134624835
1253,0.031800248132015124
1254,0.03180575709688377
1255,0.031812399596919054
1256,0.03179095355525445
1257,0.03179440372321015
1258,0.03178436472158812
1259,0.03178858658553549
1260,0.03176738327366493
1261,0.03176333894693096
1262,0.031730043231872535
1263,0.03173121731561832
1264,0.03174093909513713
1265,0.03171480745514182
1266,0.031698737231089714
1267,0.031703688523828794
1268,0.03166736688240399
1269,0.03167695285517279
1270,0.031669609455345166
1271,0.03168550385609842
1272,0.031653012092035214
1273,0.03165149313239942
1274,0.03164069741660836
1275,0.031661715530488015
1276,0.03166492639736873
1277,0.03162111362435298
1278,0.0316455625284097
1279,0.03163462935747227
1280,0.03164458958457058
1281,0.03162979367254793
1282,0.03161261083036501
1283,0.03161926203035163
1284,0.031597970167312875
1285,0.031584768932148816
1286,0.03156671627677921
1287,0.03157590757691564
1288,0.03154636729350304
1289,0.03153622224912013
1290,0.03154373729294962
1291,0.03153915960225772
1292,0.031513129879635324
1293,0.03150285954946739
1294,0.031510627373949
1295,0.03152611630348883
1296,0.03150727233364233
1297,0.03150843146869825
1298,0.03148933295694874
1299,0.03149043304145837
1300,0.031464226157814426
1301,0.031480145308921695
1302,0.0314850835417916
1303,0.03147280049848175
1304,0.03147328527885862
1305,0.03145942365925737
1306,0.031461384933124975
1307,0.03144245040347023
1308,0.03145831416057333
1309,0.03144827593552259
1310,0.03147105373547754
1311,0.03144822474099925
1312,0.03146240065402862
1313,0.03144271737247562
1314,0.031428268201351445
1315,0.03143383054910129
1316,0.03142958219468428
1317,0.03144182685561059
1318,0.03145632206010204
1319,0.03141744231514761
1320,0.03141289014057832
1321,0.03140511526389428
1322,0.03140329743941617
1323,0.0313795183590453
1324,0.03137709552636902
1325,0.03137115981102385
1326,0.031376022100413785
1327,0.031366162959306505
1328,0.03136882356946817
1329,0.031390306601683855
1330,0.031361718639689375
1331,0.03136659955158223
1332,0.03137944570145795
1333,0.03133336920592092
1334,0.03134655775520871
1335,0.03132538067758096
1336,0.03131423808221184
1337,0.03130859561929857
1338,0.031304227505184364
1339,0.03130301205568721
1340,0.03130691621066079
1341,0.03131359135575992
1342,0.031290968234481784
1343,0.03128006211266777
1344,0.03126659202035291
1345,0.03125661223607596
1346,0.031265980423111156
1347,0.03124501039485222
1348,0.031243623610494844
1349,0.03120697852212884
1350,0.03120944284207691
1351,0.031224326296896778
1352,0.031209160747951933
1353,0.031211767177505435
1354,0.031211697332425643
1355,0.031197683303142595
1356,0.031200937040937713
1357,0.031207078102008488
1358,0.031171936729998292
1359,0.03117436972272971
1360,0.03117939553440326
1361,0.03117062256013112
1362,0.03117389774636246
1363,0.031176720526090742
1364,0.031173529926526056
1365,0.03115695184206082
1366,0.031153206192352234
1367,0.031138633010231634
1368,0.03115279599364416
1369,0.031149218430178496
1370,0.03114959290579825
1371,0.031130035756816873
1372,0.03112097049362585
1373,0.031122206376033294
1374,0.031111601073942053
1375,0.031108289952587232
1376,0.03112163774755623
1377,0.031093567427766027
1378,0.031100598184865578
1379,0.031103934699475196
1380,0.031110035168559733
1381,0.031098281096024787
1382,0.03107737493037311
1383,0.03107502547255749
1384,0.031062354711902437
1385,0.03104323644329352
1386,0.031050336169620038
1387,0.03104701699846355
1388,0.031015635890795545
1389,0.031018041785767524
1390,0.03101357263411847
1391,0.030998595501295727
1392,0.030979212092007036
1393,0.030999344644589696
1394,0.030986952264065015
1395,0.030985518141386705
1396,0.03098582905365722
1397,0.030948885475655375
1398,0.03093707886845714
1399,0.0309393030085985
1400,0.030943858675719242
1401,0.030937354639041074
1402,0.030933643516038875
1403,0.030931817878269836
1404,0.030922899000070912
1405,0.030928080865853143
1406,0.03091767589820133
1407,0.030914462048044582
1408,0.030924974808546023
1409,0.030906796964653177
1410,0.03092445779634097
1411,0.030913848285486115
1412,0.03091700496267735
1413,0.030921349773123497
1414,0.030928700200752966
1415,0.03092208931222429
1416,0.030909702526825747
1417,0.03090670747182584
1418,0.030903645615413724
1419,0.030905641310239262
1420,0.030906511866326605
1421,0.030889201743629052
1422,0.030889272847814266
1423,0.03088139366194461
1424,0.030871048998067387
1425,0.030880435342671844
1426,0.03087530173956689
1427,0.030895893607468895
1428,0.030885384449164246
1429,0.030887638752901195
1430,0.030875913063658028
1431,0.03087121896023525
1432,0.030866929570638343
1433,0.030882914096434445
1434,0.03088014236027674
1435,0.030872136678229724
1436,0.030840219106118092
1437,0.03087007199840138
1438,0.03084192407926904
1439,0.030842548240980608
1440,0.030828533120609167
1441,0.030829400182984263
1442,0.030841903483856417
1443,0.03083406322930775
1444,0.03085687753565255
1445,0.03085370431894832
1446,0.030848655308462064
1447,0.030853402311301306
1448,0.030838253002637633
1449,0.03084109468631134
1450,0.030833028446693254
1451,0.03084072497817057
1452,0.030830759855138935
1453,0.030852204743291832
1454,0.030871391557194965
1455,0.030862047142785242
1456,0.030849314665023907
1457,0.030877272131124414
1458,0.0308785417805554
1459,0.03086390399051195
1460,0.030867847567195975
1461,0.03089413429216989
1462,0.030880993825757104
1463,0.030875309084863405
1464,0.030851873797808498
1465,0.030885058553317645
1466,0.030858640365821772
1467,0.03087305181582363
1468,0.03087324023737118
1469,0.030867527229334342
1470,0.030886268763973674
1471,0.030838595891553213
1472,0.030859982568474494
1473,0.03089566995509665
1474,0.03084958989283614
1475,0.030878061509235534
1476,0.030884826712272242
1477,0.03084905736622953
1478,0.0308583127088947
1479,0.030858464758796795
1480,0.03081899253243972
1481,0.03084485384930373
1482,0.030802754355041206
1483,0.030807043139691008
1484,0.03081979352933789
1485,0.03079897928562745
1486,0.030766466863501925
1487,0.03075603425940327
1488,0.030743167498864785
1489,0.030724402727551194
1490,0.030713357537131447
1491,0.030707756369472445
1492,0.03066691698323317
1493,0.03065040865490456
1494,0.030648599004109097
1495,0.03064917249404581
1496,0.030638400124951323
1497,0.03063616083785841
1498,0.030622714972547857
1499,0.030605574850459026
0,0.10015362187506913
1,0.10052946522556347
2,0.1011541506939036
3,0.10104073915444338
4,0.10134072495928292
5,0.10121342233339635
6,0.10144073798797083
7,0.10160126989286962
8,0.10114176094130557
9,0.10118330755768924
10,0.10060440628441907
11,0.10038199104033384
12,0.09982725150069358
13,0.09944843960524331
14,0.09873225631181785
15,0.09783511859427158
16,0.09712591531194176
17,0.09642562279343324
18,0.09595249128140279
19,0.09441014693504592
20,0.09367270575902023
21,0.09262226559620643
22,0.09174041782311199
23,0.09078975808062084
24,0.08963644611091538
25,0.0883846480593849
26,0.08746943303017939
27,0.08619429353421419
28,0.0848329480743222
29,0.08368422819714996
30,0.0823926920775418
31,0.08094234453694492
32,0.07952193629628895
33,0.07851153116354624
34,0.07724890390606323
35,0.07583755324467502
36,0.07442942858880718
37,0.07335326035898063
38,0.07238549893093378
39,0.0711073251304656
40,0.06976529430674482
41,0.06857220413243115
42,0.06740821369275377
43,0.06617638114913348
44,0.06494329749252915
45,0.06382834897693664
46,0.06280830731890466
47,0.06161575243586617
48,0.06048187593574335
49,0.05945475213398113
50,0.05843895571848632
51,0.05743504935524288
52,0.05658523519145623
53,0.0555213077063514
54,0.05472580328943743
55,0.05372614071469907
56,0.052932112372358266
57,0.052121180928816895
58,0.051358146958745236
59,0.05082087134303269
60,0.05004542695969515
61,0.04941708682122801
62,0.048580432283420655
63,0.047936784156141776
64,0.047328878766648506
65,0.04682964270916882
66,0.04618594861538233
67,0.045509701278677935
68,0.04497624484263137
69,0.0442270625966385
70,0.04377970916389674
71,0.04325896331297332
72,0.042711892454833124
73,0.04225198642418776
74,0.04183450242667923
75,0.04143159816853073
76,0.04100690282740236
77,0.040669809910422634
78,0.040280944911754865
79,0.039984219641308286
80,0.039645809618220514
81,0.039274650700269934
82,0.03894432460145456
83,0.03867978298613281
84,0.038443698631312404
85,0.038178849238939085
86,0.038038360157631755
87,0.037808117345897764
88,0.037659355519552164
89,0.03755546943787668
90,0.037383086604980575
91,0.037301221037636084
92,0.03717695574338623
93,0.037113431349269525
94,0.0370627921511559
95,0.037004534346928006
96,0.03699070825198502
97,0.03694730276626763
98,0.03697142255851345
99,0.03696039319119631
100,0.03694408379119796
101,0.03692686525132378
102,0.0370186184841799
103,0.036981491081169916
104,0.03705104883542889
105,0.03715540608679778
106,0.03721386777870336
107,0.03727293252659698
108,0.037403640900113715
109,0.037465202488561666
110,0.037558665564423166
111,0.03765679679788435
112,0.037730928871403197
113,0.03792093317040048
114,0.037984436537858074
115,0.03813378880599934
116,0.038271564043396336
117,0.03835665504228745
118,0.038517085209182275
119,0.03866513093277756
120,0.038780605557532564
121,0.03890814979134042
122,0.039007941597048894
123,0.039127196346285635
124,0.03922342278120777
125,0.03934960231547724
126,0.039461028331292496
127,0.03952913671425034
128,0.039599410933975586
129,0.039737731556030866
130,0.039822973306171114
131,0.03988854666217204
132,0.03994273921053029
133,0.04006163225194097
134,0.04010200166730216
135,0.04019244170317575
136,0.04028880874641926
137,0.04037133232389837
138,0.04040454895607404
139,0.0404700501170989
140,0.04053484201477435
141,0.04054043235371341
142,0.04059254126941025
143,0.04063396322072089
144,0.04059840765157107
145,0.0406166949865558
146,0.040601151531055334
147,0.040609024532977364
148,0.04061058578099206
149,0.040516517817804694
150,0.04059934840221937
151,0.04054249916754557
152,0.04051550190033009
153,0.04044355583894629
154,0.04030485160452592
155,0.04012842783745253
156,0.039991709619963615
157,0.039944137329685936
158,0.03984779801149144
159,0.039804820422744504
160,0.03961880343923148
161,0.0394838097194317
162,0.039407410648176766
163,0.03927736105929351
164,0.03917637773786911
165,0.03910405157163839
166,0.03895065653712363
167,0.03878866342490012
168,0.03861527659216085
169,0.03853343616687377
170,0.0384138043228465
171,0.038313154290023306
172,0.03813761916888597
173,0.037954430713912905
174,0.037793395069788856
175,0.03769531387332678
176,0.03759330391734368
177,0.03742974381638033
178,0.037311014404908485
179,0.037198734720782195
180,0.03712337552763712
181,0.036931215045195434
182,0.03679388006266335
183,0.03673298299972824
184,0.03663048101707947
185,0.036506307137149814
186,0.03642031986280042
187,0.03628701349945339
188,0.03624816741224979
189,0.036182812909377894
190,0.0360934745608775
191,0.03599622034815179
192,0.035907625487655886
193,0.035866295606001075
194,0.03578790457557765
195,0.0357677038567656
196,0.03569322221585733
197,0.035636186013835246
198,0.035580969216305595
199,0.03554176386157192
200,0.03551343976268046
201,0.0354752152169692
202,0.03544890257013132
203,0.03543352613895253
204,0.03542460480031133
205,0.03542912357868044
206,0.035430076009011116
207,0.035414340334677774
208,0.035457412668027155
209,0.03543700286709526
210,0.035469182552877655
211,0.03548460900411966
212,0.03553377187524748
213,0.03559621316073059
214,0.035699083820724224
215,0.03569440134820273
216,0.03573230690880116
217,0.035791931938057533
218,0.03589548558462492
219,0.03600209384465484
220,0.036031513746524364
221,0.03610109268091645
222,0.03624034301755174
223,0.036370139036325175
224,0.03646084454366448
225,0.03657915386020311
226,0.036740070501451554
227,0.03686715265687831
228,0.03697044026060519
229,0.03711885343936612
230,0.03721184956417791
231,0.03738547614716593
232,0.03763868050611965
233,0.03785790182271511
234,0.03806099709766953
235,0.03821118030118111
236,0.0383687218263589
237,0.038618495689479816
238,0.038798042990303795
239,0.03898977404900301
240,0.03927023091151616
241,0.039477330950479055
242,0.039594053854162904
243,0.03990500146829074
244,0.04037737468753935
245,0.040501459218151764
246,0.040665571578999346
247,0.04099416412646587
248,0.04117924214344404
249,0.04135710557140473
250,0.041520913797576074
251,0.04200158410155283
252,0.042090848492418044
253,0.042387840437587546
254,0.042565309599785134
255,0.04278052322264509
256,0.04305152713107465
257,0.04323699573801972
258,0.0433343628530065
259,0.04374971132109821
260,0.04376015392707134
261,0.04397896570515266
262,0.04414993419262199
263,0.044338345450094394
264,0.04445672405698241
265,0.04451934646362452
266,0.04470879618518777
267,0.04480177472636838
268,0.04502083180154774
269,0.04507472650784093
270,0.045241789401020804
271,0.04543686137240024
272,0.04555081412026848
273,0.04560621505621374
274,0.04570663400398265
275,0.04597785759459574
276,0.046122386436211055
277,0.04606824166637425
278,0.04624227763237266
279,0.04633401392830742
280,0.046442866979607166
281,0.0464257658827755
282,0.04650462303001093
283,0.04650256906261299
284,0.04657580063741527
285,0.046587573718391465
286,0.046472276068030505
287,0.046433191381011554
288,0.046330300191696774
289,0.04633669076564868
290,0.046223592224995044
291,0.04607384443064742
292,0.04600346027288589
293,0.04589487720684278
294,0.045891273369383694
295,0.04584710976458594
296,0.0457281116933961
297,0.04563852351820396
298,0.04556262403124021
299,0.04544506092110567
300,0.04537602988225124
301,0.04517767810046742
302,0.04508320270771458
303,0.044950319685430215
304,0.044861334913361785
305,0.0447191898062091
306,0.04447884270056084
307,0.04445043568440712
308,0.044255110948630445
309,0.04413451286398641
310,0.04396310086991403
311,0.04386106296094846
312,0.04362212789791365
313,0.043444953411836636
314,0.04334149201588344
315,0.04318739253762626
316,0.04297426410713806
317,0.042795661162512655
318,0.042593238943063945
319,0.04244060408794266
320,0.04239309208584128
321,0.04227623062342427
322,0.04214503152403354
323,0.04197585490351654
324,0.041764980574596135
325,0.04172994996190986
326,0.04143655960786293
327,0.04129967408074787
328,0.041218059972759596
329,0.04110962160194138
330,0.04101708724875265
331,0.040832441736862735
332,0.04075167596442005
333,0.04060232098643752
334,0.0404199788124022
335,0.04029838953324879
336,0.04014212446035457
337,0.040056526451462
338,0.039905242036909594
339,0.03988206304642824
340,0.03976507650048884
341,0.03966482208875675
342,0.03941389998984906
343,0.03943129334366215
344,0.039391277511666996
345,0.03930366632457415
346,0.03919621863467955
347,0.03905029275448688
348,0.039050266207466905
349,0.038903768755003634
350,0.03888260639406753
351,0.03877731180980202
352,0.038577656162361015
353,0.038615680020162725
354,0.03853060129226485
355,0.03848022833637702
356,0.03836690387225185
357,0.03829233178755204
358,0.03822050013509982
359,0.038211656982141746
360,0.03812260738184132
361,0.038088206513440505
362,0.038014560002612524
363,0.037952593169632454
364,0.03794640011238732
365,0.037919550311254775
366,0.03779768583567497
367,0.037761509357830896
368,0.03772020146427107
369,0.03765394799535545
370,0.03762975937964631
371,0.03759195379820078
372,0.037538582785186826
373,0.037515723775907506
374,0.03750261300803951
375,0.037461987287328295
376,0.0374301170837678
377,0.0373646026500645
378,0.037351128629255555
379,0.037307849454808785
380,0.03728276259925432
381,0.037244653439365935
382,0.037245894326899634
383,0.037207482691443215
384,0.03717319781021303
385,0.037165889292788766
386,0.037074686477895066
387,0.03705405779324363
388,0.03707406484568783
389,0.03700625929504504
390,0.03698351177743827
391,0.03697606071179486
392,0.0369115012656007
393,0.03685118091207977
394,0.036857932808503586
395,0.03680866044252324
396,0.03679497583751681
397,0.03673772148930863
398,0.03671638946490593
399,0.03669000533006876
400,0.03666930318731662
401,0.03665447507888914
402,0.03662901096216824
403,0.036579591545783975
404,0.03655004633235266
405,0.03654345433258168
406,0.0365208794137149
407,0.036467671261519785
408,0.03646816760335689
409,0.036437405458970645
410,0.0364150445234629
411,0.03639961288216953
412,0.036360652064198244
413,0.03634445857465475
414,0.03632081255432917
415,0.03634520040065223
416,0.036333786160500835
417,0.036295725285056646
418,0.036278061809634735
419,0.036285440116516444
420,0.03628112965784977
421,0.03622392779959995
422,0.0362044299988539
423,0.036200315053965045
424,0.036158069407878926
425,0.0361171145323341
426,0.03612567813748301
427,0.03610093270473498
428,0.03611804403856612
429,0.03605766423890304
430,0.03606778935882667
431,0.03605411160693072
432,0.03603788244194178
433,0.03601549214756071
434,0.035998056832033436
435,0.03599517877168479
436,0.035935560435944605
437,0.03593514740242563
438,0.03586040909391634
439,0.035894400946393054
440,0.035857453454508324
441,0.03585693807106269
442,0.03579922741147773
443,0.035794758168246614
444,0.03578468653175149
445,0.03577520468262204
446,0.035736594483577376
447,0.03571286407625513
448,0.0357470659036115
449,0.035694650952360664
450,0.035689552591727104
451,0.03567761412144116
452,0.03565858966080346
453,0.03566593935657275
454,0.03566431075079155
455,0.035674613190266935
456,0.03562609529443334
457,0.03562163266446308
458,0.03563636805840046
459,0.03562771553149565
460,0.035620225712959766
461,0.03559573519556559
462,0.035615508402773555
463,0.03563518608136816
464,0.035621590434894095
465,0.03558995382316887
466,0.035561979647275976
467,0.03557625235463638
468,0.03549827330787534
469,0.03550230171034267
470,0.035512226388279104
471,0.035484567741419046
472,0.03546081852239455
473,0.035415165042070325
474,0.0354323847961601
475,0.03538652445948061
476,0.03541136551393009
477,0.03532970455902994
478,0.03532139920209104
479,0.035312511728772616
480,0.03526332181244257
481,0.035241574704372586
482,0.03520152153292021
483,0.0351699365094764
484,0.03510358466158704
485,0.03511628317851879
486,0.03505938805316157
487,0.03506963846544116
488,0.03500568815795524
489,0.03504907424417083
490,0.03503041529664807
491,0.03500253825036023
492,0.035041960951390345
493,0.034985622859798546
494,0.035024722110661405
495,0.0350017790051631
496,0.0350431016688733
497,0.03502595724787041
498,0.03500733445473002
499,0.0350219261576097
500,0.03500191606249878
501,0.03499962787637827
502,0.03497821190053808
503,0.03496800382622954
504,0.0350246824030141
505,0.0350039704532284
506,0.034980271157568875
507,0.035007641742874955
508,0.03505447093488277
509,0.03503638244738041
510,0.03501326842058431
511,0.035001968826639744
512,0.03498746397130744
513,0.03499281196145272
514,0.03504374553009733
515,0.035051586521818674
516,0.035003512856368865
517,0.035009683648729854
518,0.03495186814298715
519,0.034945251717975634
520,0.03494124464206883
521,0.03485659137798043
522,0.03484281036376198
523,0.03488730445794502
524,0.03484162679894631
525,0.034805332152741085
526,0.03480980508661183
527,0.03478549318851994
528,0.03485429586538484
529,0.034817501475874556
530,0.0347698227859877
531,0.034750809567972246
532,0.034776435748236724
533,0.03478367771240478
534,0.034742187888342824
535,0.03470206204083594
536,0.034707660808538834
537,0.03472265221903794
538,0.034741633902462016
539,0.03476060617170994
540,0.03472551441133727
541,0.034755296554602445
542,0.034700687343211196
543,0.03468826637112212
544,0.03472568584351859
545,0.03467445983649276
546,0.034700404250866033
547,0.03468468380166889
548,0.034615542859606954
549,0.03462665628693965
550,0.03462957028564861
551,0.03461883334362389
552,0.03457090484409131
553,0.03452767003239018
554,0.03453939741128427
555,0.034542322484046255
556,0.034481240840422034
557,0.03450383594719244
558,0.03450357134619314
559,0.03451114881210737
560,0.03445807737457542
561,0.03444269460586766
562,0.03445272555804988
563,0.03446623750026702
564,0.034465944245445516
565,0.03442474562836158
566,0.03443123374121867
567,0.034405326008257374
568,0.034400610222458404
569,0.034377732041797754
570,0.03436208163922279
571,0.0343096776631799
572,0.034272516924762915
573,0.03427160090064688
574,0.03429150561175794
575,0.034250085996311214
576,0.03426034523883669
577,0.034212652576702
578,0.0342026384278917
579,0.034185252984860276
580,0.03416828033492997
581,0.03417512788424868
582,0.03411257842292781
583,0.03410444356017802
584,0.03407379164290845
585,0.03405919959393374
586,0.034041114307636774
587,0.03396142248050034
588,0.03393271158776991
589,0.03389168978858091
590,0.03387854467175607
591,0.03387273899643493
592,0.033830891752527625
593,0.03381379972168179
594,0.03383170624748999
595,0.033740535790243414
596,0.03372604876949205
597,0.033713350047114315
598,0.03371154883269536
599,0.03364855039857287
600,0.033635608948884725
601,0.03363863948716932
602,0.03364109043455829
603,0.03360211553159208
604,0.03362679422706967
605,0.03355079029516966
606,0.03356903852959764
607,0.03355354625790505
608,0.033546518788742194
609,0.033536266675468
610,0.03347964027029525
611,0.03349536843962588
612,0.03349900503859912
613,0.03349531565297267
614,0.03350816037489388
615,0.033541438049883354
616,0.03352041283121203
617,0.03351710643376158
618,0.033508368996657996
619,0.033510598382476255
620,0.033503626651046246
621,0.03352536861764219
622,0.03352349783396898
623,0.03349070618112355
624,0.03348013717817594
625,0.0334748671778159
626,0.0334163264832755
627,0.03339951367507728
628,0.03340615396657238
629,0.0334164275902833
630,0.033378696229723406
631,0.03336748597076603
632,0.03339016369199897
633,0.0333972929964982
634,0.033386174573808526
635,0.033388680124936385
636,0.03335531112052406
637,0.03337379227322283
638,0.03338829746990049
639,0.033368248020464106
640,0.03340460023424216
641,0.033364997382869716
642,0.03336376092288692
643,0.03336117138867095
644,0.03336787954129175
645,0.03335693187397726
646,0.0333429867033373
647,0.03334043881134429
648,0.03332543198144415
649,0.03331367479366104
650,0.033319002023137104
651,0.033340522028850635
652,0.033316530328604745
653,0.03331754217412676
654,0.033294828691009526
655,0.03332278819763665
656,0.033333503499131646
657,0.03334570674827199
658,0.033370511301082026
659,0.03336008346957073
660,0.033371729885892494
661,0.03332162996331061
662,0.03337206540410031
663,0.033341165871956034
664,0.03337339387136856
665,0.03338453667902533
666,0.03337963232753012
667,0.03337471065582553
668,0.03335773337708804
669,0.03334092373489043
670,0.03337082973374948
671,0.03336138338901097
672,0.03339519598417695
673,0.03342562759784378
674,0.03339928256635128
675,0.033428805458655154
676,0.033451997890088396
677,0.03342528434449738
678,0.03345375142402839
679,0.03346818185894246
680,0.0334910004716104
681,0.033476205854682736
682,0.03350645435735336
683,0.03352118515551491
684,0.03358005434778196
685,0.033605248534225696
686,0.03360047888475582
687,0.033678282992120945
688,0.03366626704415499
689,0.033705445036468405
690,0.03372700238339157
691,0.03376139467359241
692,0.03382261489522339
693,0.03379933388987105
694,0.033841577936976466
695,0.03391529010732993
696,0.03395544956839236
697,0.034028790811700696
698,0.03404574346589111
699,0.034052633563487394
700,0.03410168907060898
701,0.03407961906589816
702,0.034082021539988835
703,0.034058364028372395
704,0.03406784796860657
705,0.0340996383820545
706,0.03408575572374472
707,0.03407283337088555
708,0.034095387742973014
709,0.0340737404240339
710,0.03401326659519833
711,0.03398953358091805
712,0.03397468214066526
713,0.03391977601775269
714,0.03391554996158971
715,0.033922073991739896
716,0.03388682516074967
717,0.0339043390003622
718,0.033870327190034674
719,0.03389176074730378
720,0.0338406437831209
721,0.033839004983022475
722,0.03384187492699873
723,0.03381113541400789
724,0.03377296701120778
725,0.033733937500793905
726,0.0336976997265102
727,0.03370974411176259
728,0.03367705790273069
729,0.033662641785056256
730,0.03359057609084716
731,0.033548936825712146
732,0.03348822974583593
733,0.033422646200352554
734,0.03338732439636813
735,0.03331434416206631
736,0.03327804616968591
737,0.03322972948207576
738,0.033121722990031195
739,0.03311546027480492
740,0.03305564183071961
741,0.03302951393362108
742,0.0329716058936162
743,0.03300538859166355
744,0.03280967752957857
745,0.03282101491888883
746,0.032735190723551764
747,0.032730432138394744
748,0.032694595501452026
749,0.03268925164804556
750,0.032637038540764045
751,0.03263767137751536
752,0.032597431030444345
753,0.032574870174368456
754,0.03254407145010438
755,0.03251528905478067
756,0.03246882648756443
757,0.03246625552822452
758,0.032407165573806206
759,0.03239671596568426
760,0.03239758688801779
761,0.03238667382050747
762,0.032403707491395525
763,0.03239337583365824
764,0.032373591976017156
765,0.032384321272536626
766,0.03236666300792667
767,0.03236110136965682
768,0.03236374741604614
769,0.03232594138073556
770,0.03234157933950454
771,0.03234018486360012
772,0.032328317138441906
773,0.032337015141755576
774,0.03232696556134157
775,0.0323008461175141
776,0.03231480994542218
777,0.03231795360759974
778,0.032316915821563874
779,0.03233230413021298
780,0.03232633257793182
781,0.0323297563059667
782,0.032336057793033536
783,0.03234906459871988
784,0.032333722949327674
785,0.032352503166024726
786,0.032357937230924956
787,0.03234343891043052
788,0.03234966160676347
789,0.032345871495006256
790,0.03235068792885726
791,0.03235450494007058
792,0.032355428499781604
793,0.0323577654646669
794,0.03236978066361919
795,0.03236713874188855
796,0.03234905548100608
797,0.03235273503886843
798,0.03233310163167357
799,0.03234177933608431
800,0.03233733985915974
801,0.03233621985925011
802,0.032325046953720585
803,0.03232101919995892
804,0.03231469183926639
805,0.03231503250402474
806,0.03230562675398495
807,0.03229420947221804
808,0.032280285042978835
809,0.03227132287768885
810,0.03228926383850446
811,0.032271942528516215
812,0.0322617466757538
813,0.0322658180930678
814,0.03226546097608371
815,0.03224103818164639
816,0.03222792810447261
817,0.03222458283025686
818,0.032211724328098254
819,0.03221493696252545
820,0.03221278001218904
821,0.032204232403188156
822,0.032193283403930295
823,0.03219535107894748
824,0.03217594883882975
825,0.03220106424587994
826,0.03220558395303957
827,0.03218371516113943
828,0.03218637389348537
829,0.03217935206787632
830,0.032177119587121314
831,0.032169433092527074
832,0.03215874220584843
833,0.03218200267875069
834,0.03216061598865789
835,0.032188951463417055
836,0.03216586203780055
837,0.03216732543863679
838,0.032169572244097645
839,0.03220581540309054
840,0.03219233024614371
841,0.03220789224070506
842,0.03220276748565714
843,0.032241915145884675
844,0.03222530752341684
845,0.032248310420394895
846,0.03225772876180713
847,0.03227463908469733
848,0.032293135112327835
849,0.03232555511805291
850,0.03230960306309294
851,0.03232848908580244
852,0.03240124922950878
853,0.03237826148376254
854,0.0324215141323814
855,0.03242269008133632
856,0.03247888355503497
857,0.032488284415652956
858,0.03250532727458019
859,0.032499960830601166
860,0.03251041314214055
861,0.0325366007823563
862,0.03253221980587965
863,0.03261846680683983
864,0.032578776068718285
865,0.032621969844535886
866,0.032636957605240824
867,0.032657225820644474
868,0.03272316916884189
869,0.03270905969807348
870,0.03273294290831781
871,0.03277489231239845
872,0.032793764157853574
873,0.03274616042986218
874,0.03277209077886488
875,0.032807029984786504
876,0.032783444756073386
877,0.03279363127130926
878,0.03282413836668476
879,0.0327910961828618
880,0.03277294025616134
881,0.03278644683096183
882,0.03281697872616382
883,0.03274586083406538
884,0.03277928806041596
885,0.03273938462776716
886,0.03268773091407637
887,0.032734310748182116
888,0.0327231466317513
889,0.03271276396373014
890,0.032673754521457245
891,0.03262936633487657
892,0.032686200599311314
893,0.03268871475790375
894,0.032625171179532717
895,0.03261820061066361
896,0.03264452447925935
897,0.03259031344738914
898,0.032493608826063565
899,0.03253153063167856
900,0.03245932900508675
901,0.03243741176833892
902,0.0323960910810834
903,0.032426319677051174
904,0.03235488614545159
905,0.03234765716309397
906,0.03232342341427627
907,0.03225970770149536
908,0.03222856259130463
909,0.03216025109322406
910,0.032134606334687774
911,0.032145392206740335
912,0.03210075821853175
913,0.03209651359286493
914,0.0320451239514962
915,0.0320327445354694
916,0.03198348768592605
917,0.03196620602027895
918,0.031933530353203274
919,0.031972440730121295
920,0.03192394683063511
921,0.031909543755864585
922,0.03192796593277286
923,0.031885879428422914
924,0.03187006822653907
925,0.031818154753634476
926,0.03184139399932193
927,0.031812555823582306
928,0.031824613753415686
929,0.03182985057237861
930,0.03178860564018638
931,0.03180069452867082
932,0.03177390494669591
933,0.03177236131715598
934,0.03177625043367367
935,0.031752200999511954
936,0.03173926404252722
937,0.03173366552929405
938,0.03169339703586101
939,0.031682244451716565
940,0.0316555580148486
941,0.03166743417819843
942,0.031625327973904986
943,0.03162667907039038
944,0.03164955903922764
945,0.03162920635784867
946,0.03163468564085539
947,0.03160608841782688
948,0.03162682696948663
949,0.03158318939883978
950,0.03156552758171342
951,0.031561155998399974
952,0.031558136864021334
953,0.03157113018721342
954,0.03156472605479238
955,0.03156493034259432
956,0.0315339518163208
957,0.031554947547407015
958,0.03153812949387173
959,0.03150111317690202
960,0.03151103530317833
961,0.03153948902777013
962,0.03148791644282813
963,0.03148158776967404
964,0.031505322057997956
965,0.031474031643797896
966,0.0314835938413166
967,0.031431874217161884
968,0.031446867336193896
969,0.03141849467155678
970,0.031426230291661424
971,0.03140077458440734
972,0.031390939507507674
973,0.03140037946029762
974,0.031383070516219205
975,0.03137948694001654
976,0.03138350949167791
977,0.031384986604323775
978,0.031363136688911324
979,0.03132390638047777
980,0.03134947669317832
981,0.03132929615831553
982,0.03132369281692855
983,0.03131871631969264
984,0.03130975188523589
985,0.03128011268275253
986,0.03129450744113052
987,0.03127842106871417
988,0.03128198376429309
989,0.03126690739118208
990,0.031240848904817677
991,0.031257364027918164
992,0.031237539072361233
993,0.031220109651846194
994,0.031202298551207854
995,0.031188814490224877
996,0.031197698548633194
997,0.03117650740247836
998,0.03115053988890846
999,0.03117009254364662
1000,0.031157337569843367
1001,0.03113697798828127
1002,0.031134488477742684
1003,0.031113055507669067
1004,0.031111479379652873
1005,0.031103474461276516
1006,0.0310841441170302
1007,0.03110428136608441
1008,0.031084759769141563
1009,0.031080693142900667
1010,0.03105599863955324
1011,0.031050499433264656
1012,0.03104354128077909
1013,0.031027916015602102
1014,0.0310474098071232
1015,0.031048335467796017
1016,0.031069499246839143
1017,0.03106749813178744
1018,0.031066442514683327
1019,0.03109367879223026
1020,0.031095720270177686
1021,0.031047007075732404
1022,0.031080427728468522
1023,0.0310895323412394
1024,0.031100612693906043
1025,0.03110854263700694
1026,0.031064526750673054
1027,0.03108858398627552
1028,0.03105854806960216
1029,0.03107039729304535
1030,0.031053444662721374
1031,0.031059268677721623
1032,0.03106400029900768
1033,0.031045392242009473
1034,0.03105415317914945
1035,0.031024080581575447
1036,0.031019143658627145
1037,0.031007523381769205
1038,0.030998270941463228
1039,0.031007547027157807
1040,0.031033777706347312
1041,0.031003018306594358
1042,0.030997869953551884
1043,0.03104438348225948
1044,0.031041120209622467
1045,0.03105346391620762
1046,0.031056769790820227
1047,0.031098195058057884
1048,0.031107082178478993
1049,0.031111969480923568
1050,0.031152960822167914
1051,0.031167078110668437
1052,0.031136980466510738
1053,0.031137210453013545
1054,0.03112148475559411
1055,0.031112525855530485
1056,0.031104818261707537
1057,0.031078356389635256
1058,0.0310877504705653
1059,0.031096280203442916
1060,0.031118355197662914
1061,0.031084784708289227
1062,0.031131490691480475
1063,0.031117490738249164
1064,0.031159827727968895
1065,0.03110796693878599
1066,0.031118336402627626
1067,0.03110781568236028
1068,0.03107446253421445
1069,0.03114017516435939
1070,0.0311113941224916
1071,0.031077517002680462
1072,0.031105100911958523
1073,0.031087979139668546
1074,0.03106340242909736
1075,0.031100142107635564
1076,0.031015814307564754
1077,0.031042289645609844
1078,0.031043272546391665
1079,0.03104990278557407
1080,0.031047065125571947
1081,0.031049678757993263
1082,0.031041609549088734
1083,0.03104082798650274
1084,0.031047377420318857
1085,0.031006784297080595
1086,0.031089028507434825
1087,0.03100900091337744
1088,0.03103176902645705
1089,0.03103807527901722
1090,0.03101459618036118
1091,0.031068798929609398
1092,0.03099807403480254
1093,0.03101748149256492
1094,0.030958202374081957
1095,0.030953018619789874
1096,0.030930343500112322
1097,0.030884208412209898
1098,0.030842630395338876
1099,0.03084172830489758
1100,0.03082695836153659
1101,0.030866642221824902
1102,0.030802408651000906
1103,0.030820775781134166
1104,0.030792871286333436
1105,0.03076349181527345
1106,0.03071457339178238
1107,0.03072398764745746
1108,0.03067615551375402
1109,0.030634239369267947
1110,0.03068385647805784
1111,0.030684744789066718
1112,0.030654639915928907
1113,0.0306598114283056
1114,0.030668126872899926
1115,0.030671160709442154
1116,0.030617803276991543
1117,0.03064280281218695
1118,0.03058943209193934
1119,0.03057708519268896
1120,0.030553858108965506
1121,0.030579644031337352
1122,0.03056177658457984
1123,0.030568269097019686
1124,0.030527545814466782
1125,0.030497292161484075
1126,0.030507953073708675
1127,0.030461906493928246
1128,0.030463507861762537
1129,0.030460728072328833
1130,0.03044413684639893
1131,0.030397877891294597
1132,0.030402457865800432
1133,0.030363186462033082
1134,0.030324844257103745
1135,0.030284749391926026
1136,0.030330472091274555
1137,0.030305711091555814
1138,0.03031449786641184
1139,0.030259537212237994
1140,0.030227674007589127
1141,0.03022219573600752
1142,0.030217439952613365
1143,0.030197325631751176
1144,0.03015275377598332
1145,0.030143564001249325
1146,0.030073303102735236
1147,0.030088458543609625
1148,0.030101480416739934
1149,0.030061720089704407
1150,0.03007518012801966
1151,0.030068598804024
1152,0.030060034842838753
1153,0.030022024302447756
1154,0.030046862769629184
1155,0.030014172805840487
1156,0.030025506433637234
1157,0.029981970605415204
1158,0.029979737272450024
1159,0.02995478539016789
1160,0.029945507722959223
1161,0.02993388208426342
1162,0.029918417048624316
1163,0.029894865352807103
1164,0.029907819379352617
1165,0.029896109646358297
1166,0.02989653943500555
1167,0.02988894079056709
1168,0.029879610734955497
1169,0.029873667411508632
1170,0.029844078231920586
1171,0.029831416062610923
1172,0.029844855254417137
1173,0.029813620948941456
1174,0.02982067940724637
1175,0.02982723195725497
1176,0.029802252699720408
1177,0.029770191218907366
1178,0.029787051842722668
1179,0.02978616849451412
1180,0.029795535142757797
1181,0.029783801978255343
1182,0.029792183322377618
1183,0.029784435091479555
1184,0.02978650998318108
1185,0.029771435869475737
1186,0.029760418901141422
1187,0.029762674572525634
1188,0.029755160614039097
1189,0.029731518635281066
1190,0.029713680943684886
1191,0.02969740230393503
1192,0.029717894577879274
1193,0.029718522382432666
1194,0.02970398396732313
1195,0.02970673475230597
1196,0.02969081821365386
1197,0.029696425516117092
1198,0.029697784866416936
1199,0.029693458105910515
1200,0.029672288767198456
1201,0.029710859698425632
1202,0.02970866383055868
1203,0.029719453323290047
1204,0.02971019359701936
1205,0.02969353167487026
1206,0.029686005281391727
1207,0.0297235134379584
1208,0.02970240716203325
1209,0.02968281343151076
1210,0.02970416217014118
1211,0.029712250956558727
1212,0.029727451565633698
1213,0.029720066171937537
1214,0.029714814178589153
1215,0.029726125209140895
1216,0.029743854917659587
1217,0.02973022615841957
1218,0.029725069687173516
1219,0.02970890867380247
1220,0.029751495306424215
1221,0.029716739776867312
1222,0.029732310956703964
1223,0.029715372188230345
1224,0.029692677080989313
1225,0.02971704709107783
1226,0.029727346348293146
1227,0.02972921552139909
1228,0.02973381988986339
1229,0.029709936680271075
1230,0.029700325718229056
1231,0.02971159458829089
1232,0.02969331948977891
1233,0.029719481687260747
1234,0.02966213068890737
1235,0.029679562011866414
1236,0.029669493388436264
1237,0.029691527536908888
1238,0.029686527873761186
1239,0.029650964738228855
1240,0.029660627450763206
1241,0.029659790528507698
1242,0.029617165120839763
1243,0.029635530293901376
1244,0.029603226086547953
1245,0.029614901831913978
1246,0.029618931633527346
1247,0.029638460358152593
1248,0.029631455824622923
1249,0.029649463332409788
1250,0.029606773786711272
1251,0.029614570094213293
1252,0.029598936334848867
1253,0.02959398510229663
1254,0.029605668030718367
1255,0.029620134235718854
1256,0.02960225020280738
1257,0.029608398332161046
1258,0.02959003835002954
1259,0.02960395009218247
1260,0.02958295387494698
1261,0.02957903739058598
1262,0.029543362869156976
1263,0.029549672361473694
1264,0.02957237284764614
1265,0.029542275427009417
1266,0.029530660794102426
1267,0.029539374929893784
1268,0.029504516824271174
1269,0.029518481108889955
1270,0.02951268596340351
1271,0.029531369061967593
1272,0.02949876272244324
1273,0.02950216523355447
1274,0.029498954613665876
1275,0.02951761071482692
1276,0.02953065657350637
1277,0.02948878795698145
1278,0.029526906919913318
1279,0.02951806108800447
1280,0.029535319712704046
1281,0.02952236544566611
1282,0.02951740026928699
1283,0.029528354849195488
1284,0.029513138057596897
1285,0.029503725572030227
1286,0.029489848288766597
1287,0.02950604110314146
1288,0.029482391336399957
1289,0.029481076619669193
1290,0.029498720552605818
1291,0.029500637087864708
1292,0.029480752267628828
1293,0.029482410757294953
1294,0.029498342195292588
1295,0.029518912490050182
1296,0.029506723977726558
1297,0.029519277749475083
1298,0.029503977728831
1299,0.029512666337585074
1300,0.02949087037479974
1301,0.02951909457622086
1302,0.029528928227625966
1303,0.029531378653211267
1304,0.029535461270218773
1305,0.029528590190241847
1306,0.029541484944501123
1307,0.029526957016346302
1308,0.029554343968274152
1309,0.029550183767712884
1310,0.029587974284536182
1311,0.029573732623219065
1312,0.029594410333522114
1313,0.02958240451822687
1314,0.02957683870825423
1315,0.029591274740900075
1316,0.029596301713811113
1317,0.029614844467193324
1318,0.02964071481603586
1319,0.02961053792801872
1320,0.029615859811913833
1321,0.02962066716452123
1322,0.029628561408514123
1323,0.029609542752433635
1324,0.029619260753707778
1325,0.02962544965370024
1326,0.029630580093902383
1327,0.02963484872178247
1328,0.029651343644064514
1329,0.029683213967662526
1330,0.029655742540825043
1331,0.029665543775723415
1332,0.02968643775144063
1333,0.029648145931111543
1334,0.029670383985906632
1335,0.029657631367748495
1336,0.02965692785510307
1337,0.02965350787044697
1338,0.029671766986928718
1339,0.02966892797232242
1340,0.02968203027763941
1341,0.02969933395132411
1342,0.029683993881234806
1343,0.029677861409056414
1344,0.029666827942334016
1345,0.029663307294074365
1346,0.029685062678294093
1347,0.029674925825653453
1348,0.029684015377805496
1349,0.029655736189927864
1350,0.029671346019363023
1351,0.029697906224794225
1352,0.029692240604059544
1353,0.02970736460152599
1354,0.029714183872186585
1355,0.029711421292626612
1356,0.02971399087202242
1357,0.029729277480849105
1358,0.029715433935486386
1359,0.02973963343984717
1360,0.02974497766893457
1361,0.029734775385442964
1362,0.029755208014069556
1363,0.02977154182767757
1364,0.029775494420991196
1365,0.0297726900879224
1366,0.029793022886716432
1367,0.02978122370286606
1368,0.029798139080945907
1369,0.029803080000583407
1370,0.029809385599780233
1371,0.029795995578330667
1372,0.02980331953578188
1373,0.0298082410250347
1374,0.02979974162643339
1375,0.029801011841251942
1376,0.029823214542111065
1377,0.029804206957383395
1378,0.029814010579390798
1379,0.029819976256715744
1380,0.029834772564243012
1381,0.02982584321600555
1382,0.029812598287910844
1383,0.029814877811240183
1384,0.029809605083016028
1385,0.02979506127289883
1386,0.029806859937961217
1387,0.02980352429635551
1388,0.029779927038576574
1389,0.029790205595727474
1390,0.02980630520276759
1391,0.02978652780271415
1392,0.02978519966130862
1393,0.029808072193728056
1394,0.029800673469147772
1395,0.029803643036354212
1396,0.029805054392305987
1397,0.029771506333431903
1398,0.029771524132904723
1399,0.029768146581653707
1400,0.029772304368005105
1401,0.02977995770741419
1402,0.029782423369669096
1403,0.029791548234717084
1404,0.02978309421070536
1405,0.029798604955626473
1406,0.029794053523002538
1407,0.029805092948919514
1408,0.02982162001873524
1409,0.029807575214174663
1410,0.029830726127271213
1411,0.029828647229986335
1412,0.029830802704267353
1413,0.02984102077479356
1414,0.029858014066655107
1415,0.029858077060096605
1416,0.02984870566529479
1417,0.029853467859374087
1418,0.02985980936368153
1419,0.02986398858374612
1420,0.029859056635921047
1421,0.029851212559225904
1422,0.02986815584038099
1423,0.029858830728182885
1424,0.029857220316258214
1425,0.02987915284966289
1426,0.02987778512444305
1427,0.029917927983574805
1428,0.029916044896394038
1429,0.029926365198763343
1430,0.029919024056223008
1431,0.029915017916124133
1432,0.029912840961320603
1433,0.029945056515391356
1434,0.029946907282847393
1435,0.029938706481777645
1436,0.029895421499550844
1437,0.02994608301510684
1438,0.029907208965439757
1439,0.029918028019119147
1440,0.029896060555159896
1441,0.02990073222129419
1442,0.029920013723872093
1443,0.029916924393774757
1444,0.02995491764952276
1445,0.029953696889728418
1446,0.029951053570445772
1447,0.029963045784417306
1448,0.02993817456290293
1449,0.02994788064950751
1450,0.029937440252780282
1451,0.02995324451733144
1452,0.02993136979412633
1453,0.029971396516450022
1454,0.0300022910405926
1455,0.02999834582689888
1456,0.02998303855353661
1457,0.030019993798302516
1458,0.030029361371963603
1459,0.03000737702299514
1460,0.030008866862688183
1461,0.030055163689334564
1462,0.030036588692712748
1463,0.030032259974850047
1464,0.029984112598358127
1465,0.030041176265628917
1466,0.029991990286284517
1467,0.030010784350330118
1468,0.030009404527708092
1469,0.029993050317486405
1470,0.03002354051362497
1471,0.0299537998226109
1472,0.029987022553433593
1473,0.030027089516904346
1474,0.02995747484399995
1475,0.029996543216294275
1476,0.030014804928208554
1477,0.029946224268415613
1478,0.029950829217503264
1479,0.02994295463259324
1480,0.029869079774365564
1481,0.029907415186304843
1482,0.0298392421964289
1483,0.029824686683795835
1484,0.029829220031903247
1485,0.02980125694385723
1486,0.029753010926978924
1487,0.029732416920956597
1488,0.029706749253399056
1489,0.02967800951580806
1490,0.029658201364993534
1491,0.029656203614878553
1492,0.029606111891318176
1493,0.029589663973646894
1494,0.029577368982275924
1495,0.02957955729077103
1496,0.029568911102780766
1497,0.029564755572778625
1498,0.029552300493401372
1499,0.029533548937127965
0,0.10108995897846391
1,0.10097378402378504
2,0.10025153994350867
3,0.0968194660248135
4,0.09596044443368465
5,0.09275919285825396
6,0.08938074564085954
7,0.08706696037111818
8,0.08258474258380524
9,0.07938089505374628
10,0.07536394352160135
11,0.07202010297263756
12,0.0683081385892486
13,0.06461957548631476
14,0.06115185539586159
15,0.05816046659193539
16,0.055504439330130495
17,0.053244826811853566
18,0.05174300105456466
19,0.04887268181429571
20,0.04687787046965225
21,0.04507227612437306
22,0.04372293698660452
23,0.04257788358443317
24,0.04142301754162201
25,0.04063278809065572
26,0.039919438798148035
27,0.038918683658387326
28,0.038141658212286905
29,0.03789351237184086
30,0.03746277024704431
31,0.0369303563566472
32,0.0366551187642764
33,0.03641404978086103
34,0.03633751918986498
35,0.03615972562663044
36,0.03604230413164121
37,0.036032951259097945
38,0.03601827982433687
39,0.035904948902804996
40,0.035923934886423
41,0.03571775778719262
42,0.035665641643310333
43,0.035712649787074384
44,0.035723106905576216
45,0.035736996751782685
46,0.03564266354139492
47,0.03575180122448145
48,0.035794257087357444
49,0.03571140381477119
50,0.03570426485944728
51,0.03567650235517455
52,0.0357604448683046
53,0.035648922986409516
54,0.03573214122008743
55,0.035757377966038756
56,0.035697269223529796
57,0.03564016313520982
58,0.03565866856336347
59,0.035688935125657795
60,0.03576608138778148
61,0.03577511638090886
62,0.03585866202756622
63,0.03593632699538574
64,0.03595874877595173
65,0.035983448234576866
66,0.03603666816062455
67,0.036199972193122855
68,0.03626101962851617
69,0.03629509403231258
70,0.036345421288675635
71,0.036497715070804404
72,0.03659452654073329
73,0.036741630411074526
74,0.036789705600680636
75,0.03684193512859199
76,0.036974844119939974
77,0.03713533131988451
78,0.037274467303694186
79,0.03724001234844763
80,0.03725052097260436
81,0.03740490259847731
82,0.037528251661399406
83,0.037627865459084434
84,0.03775307155763837
85,0.038041866959775815
86,0.03802716339460891
87,0.038064759999814644
88,0.038101659012203234
89,0.03825048399174976
90,0.03834967971270688
91,0.03843876655617435
92,0.038834448291233295
93,0.03890046649314762
94,0.03895333211236229
95,0.038925740314994996
96,0.03904461005291023
97,0.03905385868249965
98,0.03875234007954403
99,0.038567800936617096
100,0.038664180471006566
101,0.038476397736282
102,0.03790251323446553
103,0.037855895507573095
104,0.03768727328003614
105,0.037353539492982486
106,0.03722458184504225
107,0.03711864757663619
108,0.03691965742799387
109,0.03690897866590664
110,0.03684433854831126
111,0.0367355273596899
112,0.036551566503667844
113,0.036422725815773674
114,0.03628020503707613
115,0.03627757338960867
116,0.036140007320649474
117,0.0360658281962924
118,0.035939341261086784
119,0.03584021605581721
120,0.03580232589450073
121,0.03568346284436349
122,0.03560864406255894
123,0.03551796296258588
124,0.035477197137809474
125,0.03543871319972923
126,0.035350570918024155
127,0.03536676517390224
128,0.03533401836208339
129,0.03527848506239144
130,0.03529123808969489
131,0.03526461300561099
132,0.03523693401508628
133,0.0352133839092473
134,0.03525506781147343
135,0.0351741216380308
136,0.035124243682481245
137,0.03505826806668386
138,0.035085125588483146
139,0.03514724347188982
140,0.03505302493933164
141,0.03506130021857104
142,0.034941265410255336
143,0.03502653904392042
144,0.03510429732653505
145,0.035000352238499996
146,0.03503065393544707
147,0.03506164267360754
148,0.03509807531707497
149,0.035214232451810004
150,0.03512897006710761
151,0.03513307589665381
152,0.03518835664878223
153,0.035166685252171204
154,0.03524627525017411
155,0.03535648008474524
156,0.03550469540336585
157,0.035551825397085256
158,0.035423500487107434
159,0.035287607506110076
160,0.03535370392756597
161,0.035328123053937656
162,0.03547521699980055
163,0.035320385830903536
164,0.035256581348639605
165,0.03526156968172116
166,0.035087603759026205
167,0.03536782168496832
168,0.03519803811994464
169,0.03537078462071023
170,0.03552372748597553
171,0.035461511476836786
172,0.03570112808618071
173,0.03574518370306254
174,0.03553162391162933
175,0.03571153056793199
176,0.03564056668535344
177,0.03581322305134605
178,0.035897936534920495
179,0.03591931869311671
180,0.0357653446450564
181,0.0357930388972859
182,0.03556857398200191
183,0.03527601545734247
184,0.03500887227413014
185,0.03479884867468885
186,0.03486626093094269
187,0.03469238885180683
188,0.034530877356277676
189,0.034277091021807954
190,0.03414853220816707
191,0.034169376281383765
192,0.034160469808143766
193,0.0341781227548095
194,0.034123107369977944
195,0.03403486389699292
196,0.033901468244195994
197,0.03391035933224799
198,0.03393530105845202
199,0.03385187104074352
200,0.03378787124027789
201,0.033810255519438726
202,0.0338518836520132
203,0.03389011928732879
204,0.0338504651742714
205,0.033952872976602044
206,0.03405144548954139
207,0.034036767112463784
208,0.03415363344555213
209,0.03421749984261919
210,0.0342260729144449
211,0.0342830024272454
212,0.034291166331143534
213,0.034456039059950115
214,0.03449941719532401
215,0.03446723786828752
216,0.03442790868303227
217,0.0344875058800678
218,0.03453597636656714
219,0.03461120846202887
220,0.03455137945872818
221,0.0345288259413602
222,0.03479759344093658
223,0.03486327535301798
224,0.03497507112615703
225,0.0350367798223639
226,0.035314564343763996
227,0.03555585185473965
228,0.03560962031134153
229,0.03557085136273261
230,0.03568376696475987
231,0.03576473132554064
232,0.03645152107797779
233,0.036567180069722656
234,0.0366647343656296
235,0.03715714077377404
236,0.03726996478561871
237,0.03759088593286265
238,0.03780524978926392
239,0.03833979138961141
240,0.039072310357256154
241,0.0392601676352175
242,0.03897864980688372
243,0.03930955938164918
244,0.04056731611573943
245,0.04038636451209139
246,0.04040094728422901
247,0.040491144494225514
248,0.04063377112894508
249,0.040500187428404354
250,0.040019260975175004
251,0.04050955718168616
252,0.04105629685694662
253,0.04014994310524028
254,0.0395277577832001
255,0.03933590926861815
256,0.03973425192198736
257,0.03929869484523719
258,0.03897739023976778
259,0.03861476615260432
260,0.038263271894080214
261,0.03723029723760755
262,0.037465435025422066
263,0.03682577729619666
264,0.03675048267552346
265,0.03648327555340403
266,0.036239054852440694
267,0.035674817946122095
268,0.035592476485620195
269,0.035613450072382105
270,0.035229117841505835
271,0.03543606147393325
272,0.03526188742343347
273,0.03493912014170796
274,0.035192554089481694
275,0.03533816085323357
276,0.03550314247861666
277,0.03549884123333274
278,0.035501567857119366
279,0.03546025613566862
280,0.035421883203884216
281,0.03523167378807381
282,0.03522636003430235
283,0.03502424461815509
284,0.03513914547183947
285,0.035128719705902006
286,0.034991904969670154
287,0.03484709747925139
288,0.03470993917446615
289,0.034513589788035266
290,0.03452966766966935
291,0.03427102963074186
292,0.03428422640052192
293,0.03413215898560354
294,0.034090267147043364
295,0.034092719357412815
296,0.033914032048362845
297,0.03395912787713579
298,0.03378920577232453
299,0.03372015113404112
300,0.033706833680841056
301,0.03346808110926014
302,0.03341512698754832
303,0.03337057159106531
304,0.03325618286971092
305,0.03328188164526776
306,0.03314213010845942
307,0.03323925822750561
308,0.033118803822576544
309,0.03314167726082088
310,0.03310478942482024
311,0.03307424218548209
312,0.03291150436147151
313,0.03297186325094163
314,0.03293931028879579
315,0.03285608871744951
316,0.03278996191414814
317,0.032602499041011056
318,0.03261440560670567
319,0.03263269896494465
320,0.032692685702308016
321,0.032676476456312595
322,0.032742519847320864
323,0.032670250797876874
324,0.03249464946838273
325,0.03250277629478921
326,0.032277385314798644
327,0.032284548446692325
328,0.03230323898603846
329,0.03231306373113837
330,0.03236346688087712
331,0.032319481819038924
332,0.03233197668393655
333,0.032164832148362174
334,0.03205716807578797
335,0.032076797747862984
336,0.032071296909758074
337,0.03207318278000514
338,0.03217763372880437
339,0.032378953453288346
340,0.0322988301420418
341,0.032147311119562955
342,0.031884306976033415
343,0.03210635706058679
344,0.032196543428124565
345,0.03238427081767267
346,0.03250417391739899
347,0.032320983928988196
348,0.032468862205720456
349,0.0321798759742291
350,0.03215446796739253
351,0.03197972213145949
352,0.03162641954616018
353,0.031740084188809886
354,0.03159875024264541
355,0.03173654179873501
356,0.03161496137077327
357,0.03154186766259486
358,0.03163746512223259
359,0.03192393813070193
360,0.031851714143362915
361,0.03181749616757527
362,0.03209930687249591
363,0.032149995393648
364,0.032289354548057134
365,0.0321507694825162
366,0.031595316389032554
367,0.03167416897916769
368,0.03167119112007922
369,0.03163414292253487
370,0.031744861030215656
371,0.031609998175464366
372,0.03150032006023678
373,0.031638139232246065
374,0.03174462134454077
375,0.03188305190603761
376,0.03186174326593254
377,0.03176808361820582
378,0.03200547672420247
379,0.031756677897495
380,0.031796836238201585
381,0.03200651133240297
382,0.03175014984258404
383,0.03166838756622686
384,0.0314796569584514
385,0.03150861677975538
386,0.031205336748526304
387,0.031130125157776786
388,0.03125733175364749
389,0.03103684387406704
390,0.030993116149210152
391,0.030800805160394462
392,0.03056468114577491
393,0.030458794000759275
394,0.03054800673422378
395,0.030427640427110787
396,0.030502537757246585
397,0.030346610154014513
398,0.030343081294984232
399,0.030387834053447214
400,0.030340195546433087
401,0.030333103696751174
402,0.030325426089793557
403,0.030272992139207186
404,0.03027505555599074
405,0.03037866985941062
406,0.03037455874583029
407,0.030354026983924167
408,0.03042716411242575
409,0.030479626743974166
410,0.03051533329766918
411,0.030539824289129387
412,0.030620398772690523
413,0.030700793204131993
414,0.03070231950880317
415,0.03081794375442336
416,0.030975434918092355
417,0.031070439832283928
418,0.03116746711957004
419,0.031459617580809326
420,0.0317869609679632
421,0.031358344791722025
422,0.03157307758154277
423,0.031855720223047286
424,0.031812367735700994
425,0.03160655205688023
426,0.03184362303138157
427,0.03177846702512957
428,0.03191231182834514
429,0.03171991837515988
430,0.031650165545195987
431,0.03156695485080776
432,0.03150070977877955
433,0.03150069072038071
434,0.03147832285335752
435,0.031497631619643196
436,0.031359782796947275
437,0.031327775380230106
438,0.03112333651189495
439,0.031216504027699786
440,0.03118388262930904
441,0.03123847463034888
442,0.03106075160059355
443,0.031172209397651245
444,0.03123134002764955
445,0.031273946252738126
446,0.031265964104984174
447,0.03122855597736559
448,0.03130951185842887
449,0.031180340477498247
450,0.031229270330687814
451,0.03123157428540252
452,0.031227432947643786
453,0.03127604286365602
454,0.03127573593536229
455,0.031153822037816418
456,0.031050070146156607
457,0.031026131835154753
458,0.031092347536508663
459,0.031008063511916078
460,0.03099665650453712
461,0.03098684782054417
462,0.03101256953958221
463,0.031093496598632975
464,0.031122312287267903
465,0.030943819210265122
466,0.030830469964685834
467,0.03076118159357651
468,0.030458057477989662
469,0.030481372478957065
470,0.0304360958270599
471,0.030224962884503638
472,0.030145186261777552
473,0.03000622557749404
474,0.029993506052405236
475,0.029886226596393648
476,0.02986881003982579
477,0.0297631943689565
478,0.02974068910783376
479,0.029726458246418792
480,0.029605924627451093
481,0.029543412720597014
482,0.029538577612911638
483,0.02947688106070069
484,0.02938452490002701
485,0.029342546439147844
486,0.029286242387980582
487,0.029254238191547353
488,0.02924360442706556
489,0.02927477298551853
490,0.029250205458489727
491,0.029240904021028927
492,0.029345372144298006
493,0.029301625278581264
494,0.029474904989166738
495,0.029687129738916927
496,0.02994053917855404
497,0.029811422257508186
498,0.029854768837123062
499,0.02997982108277233
500,0.029978315920039047
501,0.02984721683421102
502,0.029751438437762887
503,0.029998339998504663
504,0.030443426351076584
505,0.03032217040515335
506,0.030261439670639503
507,0.03053429015270401
508,0.030653608264340642
509,0.030663742285833285
510,0.030157165778944055
511,0.03014901465274634
512,0.030072643086186155
513,0.029964003922983862
514,0.030097081214443603
515,0.029874639811846005
516,0.029639864602523578
517,0.029535710486698313
518,0.029212733180416194
519,0.029130809316132586
520,0.029084591236903577
521,0.02902303560540079
522,0.02904585641500894
523,0.029025558379847303
524,0.02914942412046878
525,0.029158755703682863
526,0.029281159139313787
527,0.029341105263469443
528,0.0293186612562866
529,0.029346858683742306
530,0.0293616496677919
531,0.02951152814187257
532,0.029562729537488928
533,0.029652555620611837
534,0.029737406672089968
535,0.02988758612636367
536,0.029796343569155788
537,0.029711491886014324
538,0.029748217322452097
539,0.029816077038929256
540,0.02975864002435235
541,0.029805091369258928
542,0.02978318732866731
543,0.02986118246070801
544,0.030010054358947845
545,0.030045903861452145
546,0.03003332719061358
547,0.030087316142394696
548,0.02999286281036018
549,0.03010239683293003
550,0.03022188283960331
551,0.030207380015504742
552,0.030201112338580895
553,0.030312199791387398
554,0.030315057582196808
555,0.030377531625416242
556,0.030424660774509414
557,0.03047414538074388
558,0.030482429844176345
559,0.030599484289216855
560,0.030502010993871953
561,0.03058109476191982
562,0.030613370313914156
563,0.030676962359297965
564,0.030682339173522758
565,0.030580021859051846
566,0.030596022192517273
567,0.03051792320719782
568,0.03060197603963771
569,0.030510080911934356
570,0.03056882006696536
571,0.03043682401346118
572,0.030516637773517295
573,0.030391983600783375
574,0.030382502837181788
575,0.03028131162390933
576,0.0302226666617324
577,0.03012944617313501
578,0.03012808269170015
579,0.03015997212993055
580,0.030072732762878324
581,0.03012707789974408
582,0.030148514662988617
583,0.030054892936628393
584,0.029989405639762975
585,0.03001661208810014
586,0.02991956831904478
587,0.029899745036113815
588,0.029940243702995063
589,0.029974332901239093
590,0.029969088672481718
591,0.03012098990459688
592,0.030197698283134844
593,0.030041930959525974
594,0.029903941030279026
595,0.030066755862664128
596,0.03002365256472567
597,0.029925438743246848
598,0.029748152022469374
599,0.029693655276061163
600,0.029539193080581286
601,0.029384986100569648
602,0.029267351500147244
603,0.029224522734167282
604,0.029122359983462194
605,0.02912355094226758
606,0.029152717915392486
607,0.029079526140777027
608,0.029134606527947166
609,0.029160160348387393
610,0.02909054129502689
611,0.02921329489379104
612,0.029285042092876176
613,0.029428794553593842
614,0.02965029435554295
615,0.03009802612711429
616,0.030148066206221846
617,0.030465046433448644
618,0.030366480958175426
619,0.030472623174250025
620,0.030809562745324814
621,0.0310575503246629
622,0.03104466129080615
623,0.030531744738538612
624,0.03033449383973801
625,0.030420632627914876
626,0.03018947599314306
627,0.030155510861135475
628,0.0300610462899518
629,0.03008657903225619
630,0.029927725090582794
631,0.02987773280425405
632,0.029964181555334188
633,0.030060880204217665
634,0.02999719802082044
635,0.02985934971423513
636,0.029684891775403822
637,0.029829818267220035
638,0.02990041167728572
639,0.02992558743354408
640,0.030109427876801594
641,0.029739553750569234
642,0.02988474283734644
643,0.030044347832935057
644,0.029867756392366822
645,0.029968356054018295
646,0.029869674787831025
647,0.029971093569529473
648,0.030112028345920885
649,0.030073687388837853
650,0.029962191496125307
651,0.029919851964347332
652,0.029926851985755638
653,0.029785873616920196
654,0.029803641067131615
655,0.02981274336608992
656,0.02964457568126641
657,0.029846818469642687
658,0.029769784712629633
659,0.029660140186329592
660,0.029665189665268828
661,0.029553042089355632
662,0.029711631193800075
663,0.0296223838439234
664,0.029779337662600505
665,0.02983647454838763
666,0.029791191095185156
667,0.02957394481553898
668,0.029278296730846136
669,0.029211659227929614
670,0.029233775284888668
671,0.029210611951637076
672,0.02932141177973913
673,0.02940198193686797
674,0.029341893457414676
675,0.029372403587060888
676,0.02948700459850794
677,0.02925548931942211
678,0.02941113512459757
679,0.02953026133547363
680,0.029658783421289796
681,0.029478927819254312
682,0.029538187789362253
683,0.029662050723557706
684,0.029998724387752015
685,0.030242488489395408
686,0.030311656628572336
687,0.030734105750965596
688,0.030713177216704246
689,0.0308341929196524
690,0.030911483742098914
691,0.031142550846495618
692,0.031080215788185633
693,0.03097825931285654
694,0.03089944628917384
695,0.031004626366629214
696,0.03107156525300435
697,0.03137506998451437
698,0.03116939433572718
699,0.030839813319039844
700,0.030681957569932354
701,0.030393810478571943
702,0.029738300607991777
703,0.029392116737096147
704,0.02926472153868245
705,0.029115461730740533
706,0.029124734517453964
707,0.029074038416229086
708,0.029033788829581193
709,0.02902832541757838
710,0.029054904853515005
711,0.029152496249054412
712,0.029254542949639757
713,0.029566901794703192
714,0.029700687879367194
715,0.029745995574695223
716,0.029975118483654136
717,0.03022945278165587
718,0.030307814444686623
719,0.03044579098486447
720,0.03081064956112434
721,0.030860543507181825
722,0.030389051016078826
723,0.0303786925826317
724,0.030531826668627672
725,0.030724172827080922
726,0.030923266355698736
727,0.03097757103518494
728,0.030837889714134144
729,0.030787398454820147
730,0.030801959578444445
731,0.030969501643169237
732,0.031372005918047924
733,0.03149637722423988
734,0.031563582695352255
735,0.03164903941968674
736,0.03161068947050887
737,0.03190785085919779
738,0.032583587622196146
739,0.03252901105314294
740,0.032777107833443245
741,0.03282180232689609
742,0.033112334848757606
743,0.032770378408593
744,0.032989501187886
745,0.03251045670387982
746,0.032284372830901374
747,0.03195291050848415
748,0.03193839602308894
749,0.03142686993204874
750,0.030871837605363682
751,0.03066728957001603
752,0.030442374674583095
753,0.03015233431770473
754,0.029951494974405652
755,0.02970912916067638
756,0.029663011165995123
757,0.029481020977517848
758,0.029414985780200915
759,0.02929437476937086
760,0.0293427378744772
761,0.029235239892737713
762,0.029419970602899276
763,0.029451485868499907
764,0.029384303900955182
765,0.02952062474433244
766,0.029502179038166567
767,0.029435085371198107
768,0.029361478687069557
769,0.029138144006567297
770,0.029264431802155138
771,0.029228387178017134
772,0.029154890759582355
773,0.02920634187066099
774,0.02919853806300705
775,0.029164487774854166
776,0.029150256674103373
777,0.029128029291860383
778,0.029057833362380717
779,0.029102524019611952
780,0.02917303527954625
781,0.02918638975307436
782,0.029209094570440176
783,0.0291964083925959
784,0.0291653128753285
785,0.029177912465019
786,0.029223119238606307
787,0.029202468815001686
788,0.0291551135472983
789,0.02915265188867113
790,0.029064781365605682
791,0.029014941147902196
792,0.029039357516137516
793,0.02904833422173565
794,0.029099901004261533
795,0.02918359736067206
796,0.029192459269178208
797,0.029182813619821103
798,0.029371767125466897
799,0.02915857597870204
800,0.02928807773631868
801,0.029304025601354852
802,0.029438528308403322
803,0.02957547803752192
804,0.029596879829954015
805,0.029627101889987382
806,0.02969976935808305
807,0.029611454907544084
808,0.02981181044808546
809,0.030077407179988403
810,0.029582726104621183
811,0.029497376037609196
812,0.029463320699342013
813,0.02915472149449954
814,0.029342872446522807
815,0.029256198542638515
816,0.029186627102198288
817,0.02924379177412189
818,0.029043692247592144
819,0.029215244533215758
820,0.02915163653234698
821,0.029062725232248097
822,0.02897535166588919
823,0.029000964337781987
824,0.028820666115530594
825,0.028923616239816034
826,0.028814645215631644
827,0.028892807119838937
828,0.028856185636450458
829,0.02882177175540812
830,0.028819282724080294
831,0.028701683464592793
832,0.028636195165942933
833,0.028643545598267685
834,0.028631407800847206
835,0.028703188033921676
836,0.02871947736993346
837,0.028720576024074445
838,0.02886229720868501
839,0.029031116063640696
840,0.029205149281811765
841,0.029219470451476128
842,0.029197068587606456
843,0.02931661742477621
844,0.029367800190710527
845,0.02949022174476441
846,0.029521161930649634
847,0.029562410021542623
848,0.029802358958070853
849,0.02973423283678013
850,0.029960364963819
851,0.029979488087202424
852,0.0302300060837057
853,0.030046906390580348
854,0.030539574610100532
855,0.03039649477451336
856,0.03068539600304694
857,0.030707787909206048
858,0.03034462353631984
859,0.030015498513494394
860,0.029826317220621287
861,0.029829987802344714
862,0.029659885388190595
863,0.029827142393578275
864,0.029585472542393642
865,0.02970256365450343
866,0.029731985472517396
867,0.029691009131622405
868,0.0299027873815438
869,0.029609040296797586
870,0.02960165347890353
871,0.029626695316121436
872,0.02962478460371045
873,0.029360537598220663
874,0.029289949213979462
875,0.029416878481275013
876,0.029379528594749946
877,0.029410143838130568
878,0.029490751415983788
879,0.02971764724985315
880,0.029871916194078085
881,0.02981142649532686
882,0.029841705152482897
883,0.029810715424821665
884,0.02995152370490424
885,0.030109497168301174
886,0.03009548238799174
887,0.02981462631367123
888,0.030057088049985317
889,0.03006931459341473
890,0.030170381788253427
891,0.030185205172304563
892,0.03005238115284223
893,0.03014105170070543
894,0.03021653136773921
895,0.029783979020551146
896,0.029726679736693757
897,0.029909676717482223
898,0.030275939595728243
899,0.030069673336529764
900,0.029866530437067423
901,0.02974235384652386
902,0.029631738424296464
903,0.02950091672736711
904,0.029343510120115872
905,0.029344613480224165
906,0.029105327461388195
907,0.02910310817039616
908,0.029203143549642332
909,0.02936398401964979
910,0.02935995909281529
911,0.02904807386499841
912,0.02899190679878276
913,0.028798360133026057
914,0.028725163653921977
915,0.028692620512647888
916,0.028549879032013684
917,0.028390256019700206
918,0.02839482491515695
919,0.02829984411365816
920,0.028294834233582002
921,0.028243294888761216
922,0.02837424372772853
923,0.028436593541817434
924,0.028363814366960286
925,0.028379146922719103
926,0.028526376217824435
927,0.028521917670875394
928,0.028796034335891705
929,0.029301707887821698
930,0.029361465091107628
931,0.029506476409460424
932,0.02966342263314724
933,0.02937467794791969
934,0.02945158411582723
935,0.0292733917960384
936,0.028994515189573553
937,0.029314127998462988
938,0.029246890271864983
939,0.029025490788381614
940,0.028954538909717678
941,0.029075213152796868
942,0.028920143043197073
943,0.02869731983789818
944,0.028661121503253967
945,0.028529586294788408
946,0.028417872197093498
947,0.028526253735251618
948,0.02855056359427557
949,0.02854465034061282
950,0.0287514784632941
951,0.029007388286037945
952,0.028999338603886024
953,0.029284533026395797
954,0.029484509426197826
955,0.029715551386227945
956,0.029601338231408165
957,0.030116658994068915
958,0.030187943038402238
959,0.03022449888937125
960,0.030466373326065627
961,0.030783291459688906
962,0.031032329348352046
963,0.031017693504145814
964,0.03143138599673038
965,0.03140506854895857
966,0.03140089178008301
967,0.03182932827529077
968,0.031612524004989366
969,0.03144356766645053
970,0.031140556767219173
971,0.031036398271092367
972,0.030792209977842235
973,0.030873689135181733
974,0.030637389141906134
975,0.030590152630685295
976,0.030494611609229515
977,0.030394931609452776
978,0.030359799704024283
979,0.03014659479915956
980,0.03027102521752433
981,0.030563088844410145
982,0.030399513754056386
983,0.030179733816522718
984,0.030513818051447164
985,0.030435525362806436
986,0.030353161507388624
987,0.03060972630495896
988,0.030280091157819232
989,0.030024118539493657
990,0.030003377519079073
991,0.029750816632687423
992,0.029618314604924256
993,0.02938998447996545
994,0.029320287709938327
995,0.029016186802097697
996,0.028848931836852488
997,0.02895970130465139
998,0.02866064003387289
999,0.028828559695064336
1000,0.02869423452254116
1001,0.028646745862972403
1002,0.028439289619186958
1003,0.028337753366292132
1004,0.028181735987526407
1005,0.028408439884574706
1006,0.028381269451929963
1007,0.028646285602238412
1008,0.0283643549311788
1009,0.02832249133331495
1010,0.02824550194018547
1011,0.0282483625092007
1012,0.02820694627682698
1013,0.028261315532312745
1014,0.028424671961218523
1015,0.02836192378136998
1016,0.02846230748706596
1017,0.028661750949316455
1018,0.02866034287196004
1019,0.02878116576450126
1020,0.028753704604426087
1021,0.028684261065170642
1022,0.02904343283305966
1023,0.028957395511134642
1024,0.028934698556385637
1025,0.028831949102370705
1026,0.028678083322395912
1027,0.028785109118581585
1028,0.028605991957756156
1029,0.028759665677772727
1030,0.028765672746771144
1031,0.02873534686608899
1032,0.028727359617926492
1033,0.02876125213186383
1034,0.028780930247982183
1035,0.028882102043410907
1036,0.02888349031294717
1037,0.02906401786988946
1038,0.02899020911526685
1039,0.029014691101407204
1040,0.028885161721766008
1041,0.028993892877332235
1042,0.02885820583242349
1043,0.028951970935398908
1044,0.029107253373240202
1045,0.02920032734168982
1046,0.029328852819813154
1047,0.029817132494132103
1048,0.030048507720824704
1049,0.03007047554293689
1050,0.030271057670463602
1051,0.030251969888113343
1052,0.030293824812594204
1053,0.02987615487361881
1054,0.0298415838059889
1055,0.029700183296968077
1056,0.029348847929557643
1057,0.029403797644670857
1058,0.029461550695421227
1059,0.02942312998715081
1060,0.029337310365277165
1061,0.029189626115774116
1062,0.029220078171059594
1063,0.029345524521042228
1064,0.029246546622321075
1065,0.02908204800548607
1066,0.029022482891530286
1067,0.028983293537805713
1068,0.02876548585541878
1069,0.02887283828789143
1070,0.028663872506486478
1071,0.028614064604180048
1072,0.02882017229565173
1073,0.02863460841740337
1074,0.02859682557019371
1075,0.02877154621567446
1076,0.028549658732013126
1077,0.028459436257761598
1078,0.02849796357352417
1079,0.028475863401163162
1080,0.028579118350894397
1081,0.028714118931049883
1082,0.028572413085248605
1083,0.028539880361193287
1084,0.02841126678514907
1085,0.028262572774095825
1086,0.028445791768520832
1087,0.028289234730426573
1088,0.028295854504574374
1089,0.028287798823703077
1090,0.028289943438783466
1091,0.028336553227389618
1092,0.02820629399140184
1093,0.0282302042838642
1094,0.02812861796888381
1095,0.028184817856354613
1096,0.02817815037900026
1097,0.02817941121680176
1098,0.02810908282833495
1099,0.028107739964362128
1100,0.02807103526392922
1101,0.02821097442419899
1102,0.027992273957525033
1103,0.0279979852471518
1104,0.027963864582894588
1105,0.02800722132418774
1106,0.027972967116856363
1107,0.027881808948650614
1108,0.027935948944015996
1109,0.027886624551791056
1110,0.027875509346516607
1111,0.027891517314045104
1112,0.027871321857392866
1113,0.02791014354435422
1114,0.027852550274869783
1115,0.027965295759522075
1116,0.027898892931017723
1117,0.02797442727790289
1118,0.02785381594185317
1119,0.02785080735749111
1120,0.02790194824744999
1121,0.028080028324669024
1122,0.02811792612025361
1123,0.028199300292276824
1124,0.028091517513133907
1125,0.028127703520576232
1126,0.028208055113265885
1127,0.028259750523630243
1128,0.02824310506576602
1129,0.028453076229347722
1130,0.028511212309661808
1131,0.02876731141172919
1132,0.02878514601800799
1133,0.028557188160239912
1134,0.02871557692089481
1135,0.028540946653125083
1136,0.02863952073370143
1137,0.028719549106702685
1138,0.028743857892201515
1139,0.02868871261955529
1140,0.028679537648280358
1141,0.028833134721481652
1142,0.028948050563515796
1143,0.028826760532831362
1144,0.028698929458163294
1145,0.028566063634591847
1146,0.028474484081662706
1147,0.028695220649600735
1148,0.02839408709997789
1149,0.02824923105373396
1150,0.028464500157057603
1151,0.028502941276864247
1152,0.028446456448407525
1153,0.02846405504965478
1154,0.028698828439821546
1155,0.028799119818770567
1156,0.029004041506700776
1157,0.02863550763392008
1158,0.02934669579124152
1159,0.029514212025758116
1160,0.029979307355885942
1161,0.030174875860833773
1162,0.030164526901390598
1163,0.03015171506088875
1164,0.029782865045824735
1165,0.02983871706380952
1166,0.029915239160288206
1167,0.029669897100374192
1168,0.029497878695525493
1169,0.02925553599477081
1170,0.028398833230794413
1171,0.028583759235248148
1172,0.02872319772565728
1173,0.028198383274996745
1174,0.02828232989023405
1175,0.028242239171206704
1176,0.028153281375857694
1177,0.027756377097794466
1178,0.027792053766513107
1179,0.027838466089823318
1180,0.027801022493425104
1181,0.02770998620919573
1182,0.027889377592490126
1183,0.027743999338681328
1184,0.027754576793114893
1185,0.027731011598398254
1186,0.027736513214288515
1187,0.027720324000920154
1188,0.02767855441560274
1189,0.027597421656416817
1190,0.027551698774270914
1191,0.027520712693688925
1192,0.027521838685318357
1193,0.027500666919032107
1194,0.027504217964589104
1195,0.02750284471605073
1196,0.02752541668395762
1197,0.027479130113095017
1198,0.027593583437109874
1199,0.027671130672179713
1200,0.027842377129685958
1201,0.028082309102342662
1202,0.027909033192635394
1203,0.027862435666331
1204,0.02800304685113065
1205,0.028119140584534342
1206,0.02858836259631259
1207,0.029184234566325917
1208,0.02953660427912696
1209,0.02968272648112395
1210,0.0303339628429419
1211,0.030726297248132528
1212,0.03139074463899304
1213,0.030390536260302366
1214,0.0298688826682451
1215,0.029901719200136147
1216,0.029476763429005813
1217,0.02878557239574523
1218,0.02844363734648084
1219,0.028411728351565
1220,0.028690472220505626
1221,0.02815265557615631
1222,0.0283763534272894
1223,0.02820812155868447
1224,0.028117101120267
1225,0.028175537456897142
1226,0.028049888703851285
1227,0.028132061602297972
1228,0.028290236700328462
1229,0.028342011390368616
1230,0.028572131635162146
1231,0.02859885205222771
1232,0.02868053964975494
1233,0.02859290571962781
1234,0.028636242594196365
1235,0.028567507381668543
1236,0.028595397692778524
1237,0.028402211586048783
1238,0.028397238519010024
1239,0.028344335961674516
1240,0.028156157148776537
1241,0.02825813076107291
1242,0.02859802892034591
1243,0.028624320838719092
1244,0.028467172196323418
1245,0.028568000969992242
1246,0.028620268619276988
1247,0.028856370691884327
1248,0.028811443143873208
1249,0.028944643345138094
1250,0.028849739779995894
1251,0.029082255735687425
1252,0.029160261513522072
1253,0.029374107034078212
1254,0.029413793673294934
1255,0.029382745381873836
1256,0.02961039292523873
1257,0.029853460734047554
1258,0.029779969951714304
1259,0.02970157018387303
1260,0.029567833741251104
1261,0.029496576240820742
1262,0.029260636329076908
1263,0.02930405119813329
1264,0.029183480466026316
1265,0.02909583969596322
1266,0.028847845456303565
1267,0.028926782190379884
1268,0.028843232715957068
1269,0.02889048688398442
1270,0.028918524123632564
1271,0.029282102157180554
1272,0.02923022157476178
1273,0.028930253522994654
1274,0.02879403590075716
1275,0.028925861003165885
1276,0.028571177851337747
1277,0.02874527194856455
1278,0.028759810120113576
1279,0.02858499881664824
1280,0.028612905075479308
1281,0.02843051576516533
1282,0.028331344826189275
1283,0.028161606496288544
1284,0.028037484430413293
1285,0.027892451389845394
1286,0.02801811157747617
1287,0.02801340905327519
1288,0.027532088881150735
1289,0.027745314481072394
1290,0.02789277746039877
1291,0.027831542647848755
1292,0.02747153985722971
1293,0.027636679791705376
1294,0.027513695881134767
1295,0.027716006169356204
1296,0.027604811123026606
1297,0.02737015518740934
1298,0.027505799082267492
1299,0.027740116732718673
1300,0.027251951357424035
1301,0.027550635347510052
1302,0.027825924055771015
1303,0.02795848469948198
1304,0.027664092142194913
1305,0.02720260797981848
1306,0.02718851470989846
1307,0.02712526175011517
1308,0.027269942056156765
1309,0.02742614493904912
1310,0.027826314038822766
1311,0.027777922832129782
1312,0.0276968305071223
1313,0.027679772781254275
1314,0.02750147384748602
1315,0.02783331016889218
1316,0.027532551393971847
1317,0.027441907569699362
1318,0.027476270995578603
1319,0.027501039615315786
1320,0.027338138128329
1321,0.027479953607815417
1322,0.027657309373772726
1323,0.02770649785159526
1324,0.027751320269846575
1325,0.027910100931144457
1326,0.02791951165163935
1327,0.02813540732594269
1328,0.028453031235479626
1329,0.02849258912109983
1330,0.028395861080520637
1331,0.02858960884905996
1332,0.028707191543782772
1333,0.02866761458689906
1334,0.02882598265629083
1335,0.02870867132494923
1336,0.02929726594293412
1337,0.029340569359267443
1338,0.02940626123996634
1339,0.029556847653410195
1340,0.029188807467074526
1341,0.02938215421978316
1342,0.02870251385197013
1343,0.028685961284704173
1344,0.028651525497232183
1345,0.028495079558092964
1346,0.02842652502877617
1347,0.028290967762494013
1348,0.02827413053597364
1349,0.028136804409896625
1350,0.027963535109312404
1351,0.02781309236277968
1352,0.027688719147268864
1353,0.027686942408373272
1354,0.02758420419132724
1355,0.02733991469419102
1356,0.0271596111137766
1357,0.026961612481292627
1358,0.026775090343001916
1359,0.026950128313137544
1360,0.02702863696193972
1361,0.0270427522239601
1362,0.02709832282930917
1363,0.026947032048868357
1364,0.027143379582543013
1365,0.027203718212179182
1366,0.026965071148685536
1367,0.02707316517850723
1368,0.02709458839743842
1369,0.027183131437604282
1370,0.02763559152566255
1371,0.02714720711455699
1372,0.026976575290401515
1373,0.02734998480942728
1374,0.027129601251679396
1375,0.026926305556296874
1376,0.027290466670141823
1377,0.027314452948575207
1378,0.027196489888631464
1379,0.027085155172390626
1380,0.026867889747207777
1381,0.02691804708784964
1382,0.02664685562489602
1383,0.026397993632235012
1384,0.026162613647024643
1385,0.026140042076396013
1386,0.026015957213826924
1387,0.026049666647774063
1388,0.026002731613033576
1389,0.0260114133882284
1390,0.026137575249733324
1391,0.026103844255340198
1392,0.026105210562043523
1393,0.0260281377703128
1394,0.02602844689350315
1395,0.025918678128836383
1396,0.02593919184224137
1397,0.025874393454686468
1398,0.025950701765423877
1399,0.026185967366255898
1400,0.02665018430950629
1401,0.02695300604699196
1402,0.027235915716456803
1403,0.02782262734455039
1404,0.02788364762141799
1405,0.027420969792146876
1406,0.027476708820310267
1407,0.027308190127417448
1408,0.02733023566895655
1409,0.027580587535187193
1410,0.027783559444850395
1411,0.02788738299558994
1412,0.027877879847354962
1413,0.027632045493138288
1414,0.027848034227356624
1415,0.028203587116261582
1416,0.028179239341771984
1417,0.028251845168031087
1418,0.028227206359647067
1419,0.028269370375260092
1420,0.02750396628338494
1421,0.027723762354370827
1422,0.02774734779774217
1423,0.027454557995030722
1424,0.02752325624452145
1425,0.027299997952628843
1426,0.027115034906217483
1427,0.02720413514236174
1428,0.027184702095630776
1429,0.027134885401909458
1430,0.02692396983336872
1431,0.026892848259730477
1432,0.02662605602897338
1433,0.026845161143074826
1434,0.026767696447078555
1435,0.026626727462385726
1436,0.026474604149588594
1437,0.026569346384418473
1438,0.02641406433003927
1439,0.026378192276652737
1440,0.026490648565913783
1441,0.026377336025071828
1442,0.026398242701545196
1443,0.026525038031484847
1444,0.02658627426289077
1445,0.02674179139240613
1446,0.026775187215540903
1447,0.02685294746951189
1448,0.026781943111537736
1449,0.02681799613286865
1450,0.026889467446387216
1451,0.026965769046865273
1452,0.026888269543608175
1453,0.027065866549093532
1454,0.0271948821513673
1455,0.027478975854375785
1456,0.0275691288883432
1457,0.027539278478879457
1458,0.027882651828164642
1459,0.02813696204216704
1460,0.02812442117945802
1461,0.028360636777865055
1462,0.028187294590870004
1463,0.027850474294192896
1464,0.027419013960495797
1465,0.027859248911842896
1466,0.027757909727162074
1467,0.027694012934757366
1468,0.02761346859345399
1469,0.027430421339698155
1470,0.027682125177680462
1471,0.027439590113721515
1472,0.027652513391156545
1473,0.027787485504645555
1474,0.027620762559033687
1475,0.027914153540223124
1476,0.027886077383190405
1477,0.027488491015954856
1478,0.027460108386732962
1479,0.02736567007483544
1480,0.02736310021838105
1481,0.027786777728880985
1482,0.0281002443311545
1483,0.028079928973793345
1484,0.02788688347925941
1485,0.027943091854034117
1486,0.028809332094822105
1487,0.02878369020475805
1488,0.029371949806877053
1489,0.02926685681366526
1490,0.029385779851285893
1491,0.02865878370019523
1492,0.02845959537199043
1493,0.028345411996058528
1494,0.028167309297043596
1495,0.027825052244663067
1496,0.027557351695558657
1497,0.02732494309971512
1498,0.02702550425660627
1499,0.026951489422408083
0,0.10142111199803236
1,0.10121485281502642
2,0.10013270557331501
3,0.09587614275103372
4,0.09482863491171209
5,0.09081326016720184
6,0.08675786894332914
7,0.08406843540868317
8,0.07880238877326612
9,0.07515556916405808
10,0.07054510167813897
11,0.06694544106703829
12,0.06290178617460626
13,0.059040284889431936
14,0.055715744776656445
15,0.05269964429533045
16,0.0502765154784202
17,0.048275328682483874
18,0.04713336334612006
19,0.044359216655750586
20,0.0425811711918116
21,0.04116942888267756
22,0.040118608846284085
23,0.03941729733199202
24,0.03853810588146902
25,0.038150331782059656
26,0.03778555280911174
27,0.03715476503188878
28,0.0367484067214298
29,0.03674447964538302
30,0.03660324104549576
31,0.036317756168048713
32,0.0363265530721729
33,0.03619362859746045
34,0.03615793604206884
35,0.03606508956249729
36,0.03610707372964142
37,0.03594617347629574
38,0.03588513827515202
39,0.035827339704898646
40,0.035811630759558774
41,0.035688306268263525
42,0.035638763326053
43,0.03567539713337287
44,0.03568348489543187
45,0.03572109449687258
46,0.03567941612274642
47,0.03576434553784399
48,0.03580505077466214
49,0.035753612023890914
50,0.035829514864390614
51,0.03584342904952637
52,0.03589607606638021
53,0.03592739121561789
54,0.0359984184977291
55,0.03610504215440186
56,0.03622891453886725
57,0.0363837319990646
58,0.0365071411664616
59,0.03651690141469846
60,0.03667168911875535
61,0.0366967958428571
62,0.03680797028907666
63,0.03694604369613855
64,0.037069402951784104
65,0.037147074467166474
66,0.03720306190483262
67,0.037418201466187566
68,0.03760088447158002
69,0.0375831031968945
70,0.037637358177717746
71,0.03781220023455255
72,0.03792696288971707
73,0.038066658501303516
74,0.038084011432628836
75,0.03813491350381443
76,0.03826012766847609
77,0.03834640442176843
78,0.03844772208646895
79,0.03835792332767126
80,0.03824355836275731
81,0.03838762956995081
82,0.03844080769425832
83,0.03848730138250663
84,0.03853546568960459
85,0.038670280804345945
86,0.0386088578034563
87,0.03853726168074378
88,0.0384721678274209
89,0.03848854008892311
90,0.03846031289569947
91,0.03842502763279531
92,0.038695608260425965
93,0.038667042619781315
94,0.03862868169608179
95,0.038504623501995024
96,0.038535110831559985
97,0.03848846412078451
98,0.03811547320081102
99,0.03784798983937186
100,0.03794401810759994
101,0.037694970035303456
102,0.03710734624935068
103,0.037040663919133375
104,0.036877461703295034
105,0.036616543536322696
106,0.0364783683852425
107,0.03633614151842155
108,0.03616411500193905
109,0.03612606934351588
110,0.03604685813970195
111,0.03595912905315116
112,0.03580544292005281
113,0.03572459849823827
114,0.03559270344474322
115,0.035594125302243165
116,0.035499952489248573
117,0.03542157306192146
118,0.03533124034101065
119,0.03529019988273235
120,0.03527040038250344
121,0.03518752114628126
122,0.03515192782918743
123,0.03511480958635344
124,0.03509751987021747
125,0.03509073389294533
126,0.035052258086341034
127,0.03513754118082554
128,0.03515187636896534
129,0.03513334622945805
130,0.03523751068041023
131,0.035256329679272065
132,0.035295623966207154
133,0.03526315241278844
134,0.035405008414501185
135,0.03530250389162197
136,0.0353110227228013
137,0.03527540583344289
138,0.03533045223984731
139,0.03546723863731922
140,0.035288777129232306
141,0.03530256534813451
142,0.03511863734644671
143,0.03523886702757471
144,0.035355984504309705
145,0.03523723046192986
146,0.03526707344428373
147,0.03531862721533212
148,0.03536479689964242
149,0.03552403535484666
150,0.0353545592013746
151,0.03532558636660179
152,0.035411443234231704
153,0.03536168471005901
154,0.035454770297106586
155,0.035615103256606474
156,0.03577256213624854
157,0.035796442403169475
158,0.03559703884582069
159,0.03540867469893095
160,0.03546126461626323
161,0.03543912297386621
162,0.035558100971099516
163,0.03536593798659176
164,0.03527021303033907
165,0.03523106219207553
166,0.03506206911389322
167,0.03536485340928255
168,0.03514362991761689
169,0.03531962940314126
170,0.03547410148917488
171,0.03538185694349467
172,0.035670047911893855
173,0.035684231869582105
174,0.035435602787072765
175,0.03559707490247146
176,0.0354996890888016
177,0.03567966619774515
178,0.035753351296557885
179,0.03574970242775329
180,0.03553447636964274
181,0.035565864700781824
182,0.035289552161866196
183,0.034939915522108615
184,0.03466424040468703
185,0.034458217514996406
186,0.03451817662640054
187,0.03434832635369045
188,0.0342036918920267
189,0.03401167102781623
190,0.03394177378976744
191,0.03397579456709041
192,0.033967959639838625
193,0.03400374411010853
194,0.033985903642778814
195,0.03397150231643012
196,0.033925859531563234
197,0.03397048505218359
198,0.03398799658400941
199,0.0339582624165468
200,0.0339811231137687
201,0.034013464424994644
202,0.03405278312791121
203,0.03418245809651013
204,0.034206102823114745
205,0.03438736481475913
206,0.03452001627688294
207,0.03450644150980762
208,0.03472300488015638
209,0.03481238033962174
210,0.03484788218363671
211,0.034984110069943335
212,0.0349976475265846
213,0.03529036165296219
214,0.03534945362617591
215,0.03529782559718912
216,0.035227679059196826
217,0.03532586511215642
218,0.03540046574308949
219,0.03549408647585818
220,0.03539195718182932
221,0.035321138920569
222,0.035761340251612365
223,0.0358234979162071
224,0.035954512405518176
225,0.03600135195000857
226,0.036380174311184336
227,0.036669998738108514
228,0.03668361558321667
229,0.036502138025187494
230,0.03663211521494387
231,0.036646205926510904
232,0.03747227454923801
233,0.03744467519924639
234,0.037468738647938885
235,0.038045633782761545
236,0.03805718869773106
237,0.0383606217333884
238,0.0384810612628711
239,0.039100659943873614
240,0.0399060996093867
241,0.03991891820404615
242,0.03937405405346374
243,0.03955841400660798
244,0.04089634373430201
245,0.04053589445794497
246,0.04037274764212276
247,0.04024754205804365
248,0.04031101372333708
249,0.03998984581683594
250,0.03928527459677929
251,0.03965920081046808
252,0.04029685839930761
253,0.039033029399785917
254,0.03821901806954285
255,0.03795447007326199
256,0.03835254047063583
257,0.03780421159015103
258,0.03743871092336674
259,0.03694226072461989
260,0.03658324148054395
261,0.03548656733766088
262,0.035762947430542966
263,0.03511504875440219
264,0.03505220327381184
265,0.03482244042540271
266,0.034577911951296496
267,0.034076793231178015
268,0.03400028674772435
269,0.03403315219157684
270,0.0337212340595309
271,0.03394271676067845
272,0.03379369843657236
273,0.0335196047385806
274,0.033780182194850294
275,0.034034677295219314
276,0.03426831689841781
277,0.03425029102723404
278,0.0343004541968097
279,0.03431416426131273
280,0.03431291317968925
281,0.0341097926738291
282,0.03412292803052861
283,0.03393967817674706
284,0.034130159352801503
285,0.03410147990723829
286,0.03392532994265155
287,0.03376288753087797
288,0.03361476406379724
289,0.033438869974451696
290,0.03347991203720585
291,0.03317328124627497
292,0.03321413209879421
293,0.03304358409845993
294,0.03301685590891763
295,0.03303147156787083
296,0.032825144706018716
297,0.032882250335640975
298,0.032718076273013944
299,0.03268178875088353
300,0.032685124088073544
301,0.0324523824835399
302,0.0324007588441434
303,0.032363664088361006
304,0.03227523176744469
305,0.032322107139980114
306,0.032181466263454514
307,0.03230780939027871
308,0.03218449892376576
309,0.03220796141798959
310,0.03221601591058468
311,0.03218916695825634
312,0.03200550558906137
313,0.032095496534701604
314,0.03207000977533677
315,0.031988540854938054
316,0.031919051039291
317,0.03172650225575178
318,0.03175613598362216
319,0.031785142254640894
320,0.0318447027433931
321,0.031828050186890326
322,0.031906356006850004
323,0.03184853623942874
324,0.0316588797550306
325,0.03166120432151332
326,0.03144150109352787
327,0.03147554786584243
328,0.031501607770580746
329,0.03152427388426405
330,0.031585297837198996
331,0.03157500272653811
332,0.031587913122394756
333,0.031416380208165236
334,0.03131932665851219
335,0.03136956174012855
336,0.03137814115481405
337,0.03139935374229933
338,0.031571639495672606
339,0.031817281290786995
340,0.031746070790474076
341,0.031570598446680906
342,0.03130427947959554
343,0.03159173147087046
344,0.03171175363274984
345,0.03199440982950482
346,0.03216506123796315
347,0.031932074227447
348,0.032123781808742174
349,0.03176675160203272
350,0.03175462087467689
351,0.03154631406006569
352,0.031139167265846878
353,0.03128223119819575
354,0.031139050400118436
355,0.03130620918163587
356,0.031157789175102216
357,0.03104416029381798
358,0.031199204089262314
359,0.03155410826248175
360,0.03145842276972852
361,0.03142130389370691
362,0.03180025288145356
363,0.03188694546291454
364,0.032040573274652
365,0.031825459433507376
366,0.03112205822768257
367,0.03121093520896669
368,0.03123606938463904
369,0.03120768888439975
370,0.031353326290293804
371,0.031175962852062564
372,0.031026582055977445
373,0.03122620003708805
374,0.03136746889524096
375,0.03155691141640349
376,0.031512829667793986
377,0.0314064820060164
378,0.03170129220108541
379,0.031357406944444756
380,0.03141089398775789
381,0.03167059749296507
382,0.031319518065202494
383,0.031187409123099474
384,0.030930499499288253
385,0.030994094221009884
386,0.030619865296353813
387,0.030541270809648302
388,0.030690658184636867
389,0.03044277530080876
390,0.030391428861553448
391,0.030174233363555233
392,0.029964765160340294
393,0.029887934519105364
394,0.029983772948340374
395,0.029902757717599662
396,0.029980553328584347
397,0.029845307391264668
398,0.029885277332787286
399,0.02993489554902783
400,0.02989614110135663
401,0.029935055123779166
402,0.029900429855369212
403,0.02987571662847447
404,0.029884463001021506
405,0.02999587204891521
406,0.03000633297630552
407,0.030030808234139523
408,0.030127568774291517
409,0.030232196400453142
410,0.030295264286287937
411,0.030342822875547244
412,0.03048472577307109
413,0.030612218977153178
414,0.030599008681448315
415,0.030802562364812183
416,0.031044334422721975
417,0.03119604434265135
418,0.031365639345067475
419,0.03180075287528453
420,0.03228070618766346
421,0.031593590192490084
422,0.03190080606889997
423,0.03230814076013661
424,0.03219462546603574
425,0.03183226144769955
426,0.03209664691981549
427,0.03197550068719812
428,0.032092088738400214
429,0.03178077103756853
430,0.03163720852482902
431,0.031503226948532276
432,0.03139516105048302
433,0.031388777050233914
434,0.03132793898613661
435,0.03135402141138533
436,0.03123942887218447
437,0.031212160753031112
438,0.030977198897466952
439,0.030996276405518695
440,0.03100275252991927
441,0.031010228344420517
442,0.030860949698701137
443,0.030941062334819514
444,0.03102359319563052
445,0.031127570687573974
446,0.031089565190366965
447,0.031101929256472215
448,0.031100189012283976
449,0.030960528125730594
450,0.03101753573070211
451,0.03105801504462946
452,0.030965137057884066
453,0.031014969908035112
454,0.030934833463966624
455,0.030744000540447507
456,0.030628380915838953
457,0.030589273169938952
458,0.030620370041650916
459,0.0305346545345197
460,0.03051881482482137
461,0.0304967580282051
462,0.03057597763984424
463,0.03071261767055115
464,0.03073817406842454
465,0.030496656449804597
466,0.030375019174546217
467,0.0302836480455149
468,0.029908706427519825
469,0.029933355420882754
470,0.02986603256560499
471,0.029633532588757026
472,0.029569321524555745
473,0.029425973113191704
474,0.029441645080424825
475,0.029320551528143106
476,0.029303761622192063
477,0.02921837568534719
478,0.029211398675484144
479,0.029209790851239155
480,0.029112545306757477
481,0.029076882046641696
482,0.029098694749492768
483,0.029080345441470076
484,0.02897720843711054
485,0.02893972176519069
486,0.028909884885652173
487,0.028879043023411613
488,0.028883056306892446
489,0.028935770814948983
490,0.02891808520666816
491,0.028932478451917903
492,0.029095675963963747
493,0.029072648312071937
494,0.029340880077895395
495,0.029711486167107542
496,0.030086154820027813
497,0.02983353545959734
498,0.029888213187910424
499,0.03007870659628964
500,0.030018140092006023
501,0.029764639284015307
502,0.029629599136018345
503,0.029997180885188858
504,0.030570107888755912
505,0.03034769817587843
506,0.030236958702511318
507,0.030580501238409045
508,0.030656765556055347
509,0.030639640152156204
510,0.029972511021253048
511,0.02995046672870012
512,0.029842598869010185
513,0.02972032637648946
514,0.0298609299316705
515,0.02961345498243029
516,0.02935684051640405
517,0.02927076043695242
518,0.028986458498470802
519,0.02894822309316912
520,0.02902970928226555
521,0.02907541236061257
522,0.029217063637255354
523,0.02915289287742565
524,0.029485117477419203
525,0.029518762078832958
526,0.029771293671874595
527,0.029847730904498753
528,0.029803175081446115
529,0.02983285035905838
530,0.029842445764441925
531,0.030047257144023762
532,0.030129019175876216
533,0.030244156386092597
534,0.030354901592642314
535,0.030569120470908706
536,0.03044119258441891
537,0.030371205031553227
538,0.030507554607748955
539,0.03071415909635666
540,0.03062225214128589
541,0.030701779262463823
542,0.030626473303705562
543,0.0308533625174455
544,0.031106175804639282
545,0.031164256981583673
546,0.03113071904415591
547,0.03117329655341418
548,0.030979251315379246
549,0.031125224868241007
550,0.03132076242310029
551,0.03125307061927352
552,0.031188003435582992
0,0.0997330518753058
1,0.09989287912599905
2,0.10018091457200544
3,0.10028211137595451
4,0.100458747100192
5,0.10054591208017384
6,0.10081401079036671
7,0.10102293329938353
8,0.1011151676116833
9,0.10137416842030482
10,0.1013966333539817
11,0.10158791603396923
12,0.10171578624373054
13,0.10189879347442447
14,0.1019407656961225
15,0.10203807570454829
16,0.10212765831598103
17,0.10229347821446587
18,0.10239181291776434
19,0.10237020881079739
20,0.10249506578437481
21,0.1026157738925346
22,0.10274320634606124
23,0.10278049870300053
24,0.10281259373518133
25,0.10277854207100333
26,0.10297572967707419
27,0.10293965810205634
28,0.10300568728035116
29,0.10306970952695295
30,0.10310000901838391
31,0.10306063036153669
32,0.10304403324898069
33,0.10310837689112486
34,0.10312533246810153
35,0.10311082186312763
36,0.10301515009042185
37,0.1030110658896765
38,0.103001113655618
39,0.10299670881783372
40,0.10295543811687569
41,0.10298907100996946
42,0.1029064320926024
43,0.10274295702387237
44,0.10270604075879922
45,0.1027136724604992
46,0.10270494955395111
47,0.10260636995212298
48,0.10252454836931997
49,0.10237623095108819
50,0.10233330617592373
51,0.10218404034345867
52,0.10212129222055942
53,0.10195236799849945
54,0.10187283077150157
55,0.10170343004927056
56,0.10166776955142347
57,0.10137459365411354
58,0.10130910012419456
59,0.10120639381105255
60,0.10099302081598757
61,0.10086673015185636
62,0.10065918498142179
63,0.10044712622075974
64,0.10024585082108037
65,0.10005488094534418
66,0.09989269647455774
67,0.09963512023726612
68,0.09945435461898962
69,0.09916132887344403
70,0.09896270317475851
71,0.09867106091137375
72,0.09843756826741393
73,0.09820235871520248
74,0.09792433612398675
75,0.09765291249132328
76,0.097350660841606
77,0.09708238861449932
78,0.09681753841371207
79,0.09666875788892407
80,0.0963296345505629
81,0.09603043661431263
82,0.09575200683509685
83,0.09553925385469596
84,0.09526288880399618
85,0.09498040878158936
86,0.09473644336335829
87,0.09434020579173473
88,0.094149354754991
89,0.09384714345624678
90,0.0935080295117333
91,0.09314485489430005
92,0.09284273452108494
93,0.09255381461138175
94,0.09226575024773674
95,0.09187738687485532
96,0.09166050964599581
97,0.09124083796971158
98,0.09093054818839238
99,0.09050400073438954
100,0.09025701142336982
101,0.0899190682249042
102,0.08940206448993102
103,0.08923002837132109
104,0.08882354396056755
105,0.08839334209867408
106,0.08811766782690161
107,0.08768349281521548
108,0.08727029429595569
109,0.08698206401813238
110,0.08651634491771588
111,0.0861718688775348
112,0.0858989201234342
113,0.0854147290862087
114,0.08513163149018697
115,0.08471810417953202
116,0.08429548652381498
117,0.08396876343618491
118,0.08357625258114423
119,0.0831164224814356
120,0.08277535347620833
121,0.08231142401253365
122,0.0819747522347355
123,0.08152037874751838
124,0.08125305398102045
125,0.08085666225243637
126,0.08050107455294225
127,0.08015788864549327
128,0.07979260490036126
129,0.0794263654669946
130,0.07910086557005944
131,0.07865706798166193
132,0.07831183663206137
133,0.07787050851057409
134,0.07762493041264784
135,0.07730301434495997
136,0.07678720559798222
137,0.07629148871343232
138,0.0759752488910033
139,0.0756305605320447
140,0.07526064185547839
141,0.07491709235898256
142,0.07446185338432988
143,0.07416947422508864
144,0.0737699907781896
145,0.0733961749226199
146,0.07297046776537107
147,0.072654148614138
148,0.07225539484314672
149,0.07187508917412473
150,0.07157745554094885
151,0.07121278300503756
152,0.07087176314803616
153,0.07049345495031635
154,0.07010852922969386
155,0.0697748864199579
156,0.06937522503393431
157,0.06907262675165018
158,0.06866875842618374
159,0.06837693880502349
160,0.06796836306489026
161,0.067603006079297
162,0.06723441134018251
163,0.06685464542972587
164,0.06655033164620927
165,0.06623449744496342
166,0.06593249221391957
167,0.06553446708170033
168,0.0652468858765671
169,0.06494297494796389
170,0.06465147165174051
171,0.06432158945110239
172,0.06399460166910614
173,0.06373149483826841
174,0.063331567774096
175,0.06304947939328527
176,0.06272153699711268
177,0.06241687418707029
178,0.062056258971229315
179,0.0618117566729738
180,0.06151163082124589
181,0.06115030421262822
182,0.06083743906071253
183,0.06052221468190453
184,0.06016880858919501
185,0.059858904247152483
186,0.059651129196989804
187,0.059295801025316744
188,0.05899274564431653
189,0.05867251588329714
190,0.058377454206440894
191,0.058046842217311795
192,0.05778212332333868
193,0.057505042714722024
194,0.057226704664250325
195,0.05696070094607739
196,0.05660178780383201
197,0.05632099056021042
198,0.05608128769909932
199,0.055804924723327896
200,0.055536803676092344
201,0.05527915178633643
202,0.054954565866566545
203,0.05473892464975595
204,0.05445296156635691
205,0.054174680565339556
206,0.05390502131763413
207,0.05372547849369487
208,0.053466344307034626
209,0.05321752113779606
210,0.05296822763885622
211,0.0527380972755495
212,0.05254283629490008
213,0.052277343149580165
214,0.05204106629587047
215,0.05184296748564102
216,0.05161309672553412
217,0.0514422543110441
218,0.051169389219725955
219,0.05094349097659349
220,0.05074144919026088
221,0.05053285282013271
222,0.050312335200256936
223,0.050109105109256626
224,0.04989913004294467
225,0.049712082077592416
226,0.049531565425858945
227,0.04932796880420152
228,0.04916373222482377
229,0.048964949009009516
230,0.048750137337289445
231,0.048559701329452934
232,0.04837311398310384
233,0.048174795656870495
234,0.04796781668677313
235,0.047777434145435775
236,0.047578685471958974
237,0.04745661201227046
238,0.04728197083919687
239,0.04710323742377053
240,0.04692547202059265
241,0.04673792208109013
242,0.04660725083489356
243,0.04645304580452821
244,0.04627960382674058
245,0.0461089439412413
246,0.0459420819890589
247,0.045793553501554576
248,0.04562713923096996
249,0.04546237128555809
250,0.04529558496845412
251,0.04515094657816251
252,0.04501483204385487
253,0.04483618135515237
254,0.044669850195944334
255,0.044562128512305614
256,0.04442781919340377
257,0.04426034558633512
258,0.04411192096749962
259,0.043987528986133666
260,0.043880549479395486
261,0.043723672217329285
262,0.043572907206576666
263,0.043445601298010846
264,0.04329387739000452
265,0.04317073435452292
266,0.04303996457817378
267,0.04292733586064432
268,0.04279040216804755
269,0.04265671849665122
270,0.04253226819382265
271,0.04241530828893094
272,0.042292156301845525
273,0.04216561189290351
274,0.042047960914300415
275,0.04192689143498676
276,0.04180609621346563
277,0.041695715337191665
278,0.04158459771423598
279,0.04148627844185992
280,0.041357232080145655
281,0.041244592308704975
282,0.041158339831794614
283,0.04102024065503413
284,0.04092777281201628
285,0.04082855472137794
286,0.04072065197470198
287,0.04062943296491214
288,0.040520339683358185
289,0.04044005491139032
290,0.04034243239476403
291,0.040254091582352526
292,0.04015390502682863
293,0.040063995882538506
294,0.040003730013070046
295,0.039926116775089955
296,0.039819352181428486
297,0.03973383807621224
298,0.03966839170501538
299,0.0395755990638433
300,0.03951729124983384
301,0.03944612059290037
302,0.03936815978601862
303,0.039303260185202575
304,0.03922758130624912
305,0.03913525299531714
306,0.03906652491975238
307,0.03899627486352808
308,0.038925599213744985
309,0.03886669127749155
310,0.03881150459055102
311,0.03874090396348681
312,0.038689886570213355
313,0.03861256425900909
314,0.03856529771434874
315,0.038501670777860375
316,0.03846077317746868
317,0.03839535582284778
318,0.038344793687848454
319,0.03828544185319972
320,0.038237409890318506
321,0.03820537582114493
322,0.03816178501294759
323,0.03811405890922964
324,0.03807942793397822
325,0.03803055560306985
326,0.03797377122069415
327,0.037945702607999586
328,0.037902822474073186
329,0.037874680329989766
330,0.03783441736103219
331,0.0377980601903924
332,0.03776315712165608
333,0.03771095972173751
334,0.037690184488856616
335,0.03764254245196323
336,0.037626867851314215
337,0.037583778304373074
338,0.03754726094417292
339,0.037530319774204415
340,0.037493371266451685
341,0.03747577123621925
342,0.03744964285816577
343,0.037418062502026894
344,0.03740021873287405
345,0.0373756518636656
346,0.03736450617234785
347,0.03734724828248859
348,0.03731988088107087
349,0.037293732002602914
350,0.037275956466501246
351,0.03726786375969971
352,0.03724638189460995
353,0.037227074308824847
354,0.037196228774764424
355,0.03720244511831462
356,0.03720597830212334
357,0.03718574344959472
358,0.037192161721432186
359,0.03717411298618826
360,0.037169054952648536
361,0.037179263538747453
362,0.037178033942400296
363,0.03716750212344621
364,0.03716660765518688
365,0.037162791462647525
366,0.03717355023451525
367,0.03716352595614351
368,0.03717813771428323
369,0.03717383793319244
370,0.03718584082086935
371,0.03718713049765071
372,0.037188760304451444
373,0.037182125507615106
374,0.03719100874985653
375,0.0371974137947592
376,0.03718911197896171
377,0.03720452728267683
378,0.03721698354344974
379,0.03722774600696248
380,0.03722775131227606
381,0.03723143935155575
382,0.0372456093959793
383,0.03724877409993381
384,0.03726426653453871
385,0.03725322422110239
386,0.03728210771329679
387,0.0372937751849046
388,0.037299395670170425
389,0.037303059904043555
390,0.03730584004957924
391,0.03733096322152431
392,0.03735212446776429
393,0.03737079398351062
394,0.03737264063017899
395,0.03739391363982275
396,0.0374050772095213
397,0.03743069958457422
398,0.03742875701225719
399,0.037442246221142866
400,0.03745292706266796
401,0.03746907642503076
402,0.037483271815722634
403,0.03751138714379762
404,0.037531129220830475
405,0.03754146837190684
406,0.03757100939388778
407,0.03759225949221808
408,0.037604316926420585
409,0.03762338982407937
410,0.03763434841666671
411,0.03765879031014656
412,0.037676941560912426
413,0.037689821473528166
414,0.037707051669785926
415,0.037732477576794224
416,0.03775161376771324
417,0.037765005243151975
418,0.037778952026502964
419,0.03780626813965232
420,0.03782393419747414
421,0.03783620603662357
422,0.0378543659364324
423,0.0378734951943899
424,0.03788861164351428
425,0.03790698902054329
426,0.03792706435970186
427,0.03793792741967921
428,0.03795386837605952
429,0.03797553894770462
430,0.03800103442080055
431,0.03801377523221509
432,0.038032569836381695
433,0.038044920653827384
434,0.03806642700399834
435,0.03808255432639569
436,0.03810016276164937
437,0.03812777337908152
438,0.03814658725431258
439,0.03815768840114709
440,0.03818112511272929
441,0.038199254618815584
442,0.03821898158183285
443,0.03823361386461475
444,0.038254705634105164
445,0.03826722798574354
446,0.03828526925505165
447,0.038301080072380735
448,0.03832412081166378
449,0.03834275844015264
450,0.03835174794567899
451,0.03837929805909976
452,0.0383964226004374
453,0.03841367640296474
454,0.03843240884353999
455,0.03844392547942828
456,0.038465151703250974
457,0.038472996270289536
458,0.03849350245622901
459,0.038503930755787445
460,0.03852031011114023
461,0.03853594718428018
462,0.038551979335048565
463,0.038563581573886674
464,0.038580476271900616
465,0.0385930409657406
466,0.03860080480453219
467,0.03861551372504821
468,0.03863173613972652
469,0.03864628211558321
470,0.03865499337887062
471,0.038672484913093136
472,0.038685116609597205
473,0.038695984389025724
474,0.03870338303306831
475,0.03871993524131149
476,0.03873097624811643
477,0.038741634715553405
478,0.03875730932848292
479,0.038769172015627476
480,0.03878565290638921
481,0.03879583680358761
482,0.03879813566986609
483,0.03881090084283343
484,0.03881821412775261
485,0.03882548173266741
486,0.03884217772266715
487,0.03885159521200311
488,0.03885908533632085
489,0.03886531149718009
490,0.03887016352858282
491,0.038866959520679444
492,0.03887039743192531
493,0.03887831070699221
494,0.03888356890932624
495,0.03888011568052342
496,0.03887847758613926
497,0.03888460227715675
498,0.03888783069251838
499,0.03889591558110898
500,0.038909493548077025
501,0.03890699282196813
502,0.03891862953341155
503,0.038909193900842624
504,0.038905484008477036
505,0.038898240710304156
506,0.038902272762649286
507,0.038887128361969794
508,0.03889043236169822
509,0.03888256325744542
510,0.03887775339321226
511,0.03886047888834565
512,0.03885541730163027
513,0.038848024051755616
514,0.03886100623846175
515,0.03883994832232611
516,0.03884167348405386
517,0.03883207314158997
518,0.03883162973536483
519,0.03883415726920334
520,0.03883272390608791
521,0.038822425844081646
522,0.03881057311088957
523,0.03881442314645373
524,0.03880816866575396
525,0.03878933798894641
526,0.0388030931476404
527,0.03878727402890473
528,0.03877602267868399
529,0.038773463838857755
530,0.03876364756752231
531,0.038752635980550995
532,0.038741907561332424
533,0.03873231276072497
534,0.03871714120408369
535,0.038710557523587937
536,0.038699378211251106
537,0.03867849491258384
538,0.03867643864816003
539,0.03865703469094258
540,0.03863949551660376
541,0.03862168559807544
542,0.038613508691612515
543,0.03857510574266238
544,0.03857828205087588
545,0.038554918513264286
546,0.03856053557985268
547,0.038539934887293445
548,0.03849816175439417
549,0.03849543988310418
550,0.03847629005585193
551,0.038467701627870846
552,0.03845282083609227
553,0.038437088174180734
554,0.038427547691019505
555,0.03839844688945112
556,0.03837981898410358
557,0.03836564208139585
558,0.038338479481398985
559,0.038326859397768705
560,0.038294391850055724
561,0.03828778321440369
562,0.03826562218014575
563,0.03824503589275791
564,0.03822127899354895
565,0.03819860888875423
566,0.03818404820666497
567,0.03815635323465178
568,0.038138224849990146
569,0.03810945654407722
570,0.03811510535575662
571,0.038074920569750974
572,0.03806161458665507
573,0.03802932690098838
574,0.03801630810882743
575,0.03800814255101746
576,0.03797288351445461
577,0.03796522567908974
578,0.03792375855968045
579,0.03787013116358561
580,0.037872954966845576
581,0.03786604659080388
582,0.03784179669789031
583,0.03779803484340033
584,0.037782480281736544
585,0.03775699566328021
586,0.03771808546225921
587,0.037685456900943916
588,0.03767160618010723
589,0.03764397076088219
590,0.03762759789492214
591,0.03760268077402389
592,0.03758723405507206
593,0.03753239707669251
594,0.037508972828321566
595,0.037477473498146625
596,0.037453878314298396
597,0.037424156016880476
598,0.037409017875329825
599,0.03735699736740757
600,0.037343689790007184
601,0.03732921800513303
602,0.03729732474427224
603,0.037263340811811346
604,0.03724200504279663
605,0.03720237054213537
606,0.03719485612691974
607,0.037171883769962576
608,0.037144702012889684
609,0.03711183580806028
610,0.03707638710852806
611,0.037046796525251356
612,0.03702624648876012
613,0.03697562330249379
614,0.036952769747576164
615,0.03691597136186746
616,0.03690570056374462
617,0.03687464384922215
618,0.03685156036772874
619,0.0367993272462623
620,0.03676102370267992
621,0.03674127628072697
622,0.03670270543637894
623,0.03666417778154028
624,0.03665548642891503
625,0.036616511911133444
626,0.03658465760009026
627,0.03656337547219937
628,0.036525057145980214
629,0.036499476003931025
630,0.036464077616752494
631,0.036433064786567805
632,0.03641907187864929
633,0.03639302585932863
634,0.03637723894735421
635,0.03635066347553972
636,0.03629918088237087
637,0.0362836031984767
638,0.03627721173566205
639,0.03622910184429672
640,0.03620526340208438
641,0.03616272767112115
642,0.036144826647038664
643,0.03612346500722912
644,0.03609183849699149
645,0.036076889819123326
646,0.03603949475498976
647,0.03602184360051319
648,0.036002268438562295
649,0.035967577403469876
650,0.0359492421796962
651,0.03592908664448851
652,0.035904001170796
653,0.03587168754196788
654,0.035852833371440546
655,0.035830830410944245
656,0.03581150898137448
657,0.03578269228457945
658,0.03577107672065575
659,0.03574856927989328
660,0.03572860193177635
661,0.0357082811095876
662,0.03569314386497234
663,0.035671576285197605
664,0.035654950348252876
665,0.0356398696557122
666,0.03563015576981028
667,0.035602298856263044
668,0.035598998521944245
669,0.035586731813347525
670,0.0355690925093425
671,0.035552176373460614
672,0.03554441612067672
673,0.03552824147904024
674,0.035523695305782144
675,0.03551435902653884
676,0.035505435752066515
677,0.03549703644941184
678,0.035486925462426676
679,0.035478513203166466
680,0.03546508858458463
681,0.035458957556780524
682,0.03545084606149963
683,0.0354481835302198
684,0.03543355074666505
685,0.03542267182851408
686,0.03542008760562844
687,0.03541511137311487
688,0.03540365761439807
689,0.03539793352084854
690,0.035395344596865164
691,0.035386022093224154
692,0.0353783329913317
693,0.035378245580492
694,0.0353750258126347
695,0.03536584193838632
696,0.03536739740295519
697,0.035362427730881454
698,0.03536250904256913
699,0.03536145727527199
700,0.03536075430083104
701,0.035353576257625204
702,0.035356007286952734
703,0.035359021240812465
704,0.03535489077354057
705,0.03536070195672493
706,0.03536311577901018
707,0.035364822650181225
708,0.035363592972944315
709,0.03536406209314832
710,0.035375126600428616
711,0.035376382969457346
712,0.035378484224808576
713,0.0353863498344379
714,0.03539313982792204
715,0.03539969195805743
716,0.03540997381987109
717,0.03541056509449922
718,0.03541536123988292
719,0.03542026700206736
720,0.035425419791700954
721,0.035437615585935354
722,0.03544653453179887
723,0.035455854951310255
724,0.0354673425351493
725,0.03547817660832738
726,0.03548919245382851
727,0.03550198418726364
728,0.035503700751978694
729,0.035523433172023416
730,0.03553780674257686
731,0.03554843503129806
732,0.035561074908072546
733,0.03557645340136286
734,0.035588014242360536
735,0.03560728335671997
736,0.03561921526308975
737,0.03562412137157903
738,0.0356433933730124
739,0.035654455322612334
740,0.03567296035614165
741,0.035686505219371216
742,0.0357197416630428
743,0.03572346506630372
744,0.03576988980333706
745,0.03577059510518967
746,0.03580230054319268
747,0.03582479249574202
748,0.03584454741521256
749,0.035863294157384325
750,0.03589384205240604
751,0.03590246533397474
752,0.03592612449602384
753,0.035954081150702116
754,0.03596806260196839
755,0.036008959049352154
756,0.03603563087337154
757,0.0360507385739764
758,0.03608857874723309
759,0.03612204457028827
760,0.03614665595186387
761,0.03617772082122498
762,0.036218972203448024
763,0.03623747226627394
764,0.03626770289880435
765,0.03629043805470705
766,0.03633212289801726
767,0.036345612736939314
768,0.03635958659387186
769,0.0364233746833733
770,0.03646163939904085
771,0.03648002830049639
772,0.036513366785813246
773,0.036542857578087146
774,0.03658580551753083
775,0.036626518044844576
776,0.0366642683081772
777,0.03667915044943258
778,0.03672333025741061
779,0.036751202948451876
780,0.0367892810296809
781,0.036819675792906924
782,0.03686374161542125
783,0.03688839580803035
784,0.036920580276595255
785,0.03695229825630275
786,0.03698499703395899
787,0.037021894630282125
788,0.03705075762803121
789,0.037089320520645584
790,0.037137016629083336
791,0.037187862266010174
792,0.03717710312929661
793,0.03721576270843323
794,0.03726922944931971
795,0.03729543887089846
796,0.03733439498569394
797,0.03741418545642892
798,0.037448532044401295
799,0.03748028913975662
800,0.03753695783626154
801,0.03756895822013411
802,0.03761924512044894
803,0.03765106913669526
804,0.03764979454303057
805,0.03770349543018916
806,0.03775081312591038
807,0.03778364229711578
808,0.03782901786484822
809,0.03788123561060385
810,0.03789311585527994
811,0.03794330313660753
812,0.03797680772994125
813,0.03801087148441037
814,0.03807902421297472
815,0.03809480654511575
816,0.03817997952395546
817,0.03821545090436011
818,0.03825950007563938
819,0.03830132701762065
820,0.038343523688065664
821,0.03837476055207463
822,0.03841476926006783
823,0.03845274889887657
824,0.038497775454100595
825,0.03852817541473852
826,0.038591774204485285
827,0.03862820758043309
828,0.038668224949873035
829,0.03869946638480692
830,0.038764143291949264
831,0.03881368073992644
832,0.038854172078135296
833,0.038900705364832394
834,0.038963808746982
835,0.03901420740510999
836,0.03905966115739346
837,0.03913305274426735
838,0.039196053860357176
839,0.039252470320086455
840,0.039294966143392215
841,0.039347448774932674
842,0.039384543663149404
843,0.039426794667320436
844,0.03947893347849706
845,0.03951573406291125
846,0.03958307086871631
847,0.039618049662089594
848,0.03968956882110941
849,0.0397216699099269
850,0.03977568068944523
851,0.03982677419505301
852,0.039883729161448875
853,0.039943976709781136
854,0.03999398740544581
855,0.04001245465403133
856,0.04009506656794862
857,0.04010812599396918
858,0.040144781012268274
859,0.04020272767035056
860,0.04024278895987852
861,0.04027358546869235
862,0.04032666715842644
863,0.04038532511632711
864,0.040415566461220326
865,0.04045576976526514
866,0.040526475737884766
867,0.04059016962993633
868,0.04061952354963252
869,0.04065549933566618
870,0.04068843199498098
871,0.04073894212149733
872,0.04077922696036705
873,0.04082505471676336
874,0.04087050124429512
875,0.04091148269531926
876,0.04095767871821253
877,0.04101712196333119
878,0.041064573959429244
879,0.04110004379537629
880,0.04114615492543455
881,0.04120086307649384
882,0.04120397561128071
883,0.041289845342237355
884,0.04130341327105495
885,0.04133345337212443
886,0.04136056108707048
887,0.04140102248624452
888,0.041448870709283644
889,0.04148260372591868
890,0.041481868704278425
891,0.04153149155388783
892,0.04154707370350788
893,0.04160342307618205
894,0.04163381943223014
895,0.04168834072386593
896,0.04170468262214901
897,0.041736856108240246
898,0.04178429823714886
899,0.041807518106930126
900,0.04183016126788045
901,0.04184993510316273
902,0.04187445616067946
903,0.041910080776386874
904,0.041936752651085485
905,0.04198299488480278
906,0.0420226480338609
907,0.042052241707895795
908,0.0420789744100234
909,0.04209247439110063
910,0.04212431796693094
911,0.042156106983646906
912,0.042166839604944086
913,0.042171879160996135
914,0.042198460224565
915,0.042281301146299494
916,0.042258305493170716
917,0.04228508366971133
918,0.04230158326926947
919,0.04233021210503248
920,0.04237271156373584
921,0.04240893488148762
922,0.0424338728794264
923,0.04244874452896954
924,0.04246446987459748
925,0.04250513454102218
926,0.04251289951481214
927,0.04252151262792866
928,0.04253999971313003
929,0.04259483836301867
930,0.04259903695365546
931,0.042630629437039776
932,0.04265770718948369
933,0.042667694038379854
934,0.042677667067603835
935,0.04269286983456604
936,0.04269237413372348
937,0.04276347650868223
938,0.04274576510952154
939,0.04280065463958018
940,0.042793530971818663
941,0.04283452689409738
942,0.042837993092885183
943,0.04285935132913494
944,0.04286520929550436
945,0.042883823203839225
946,0.042912700287751515
947,0.042930553689158636
948,0.04292598220662271
949,0.04293934694612752
950,0.042970305296245945
951,0.04296738066987244
952,0.043000839560418946
953,0.04302908471720946
954,0.04301465028918081
955,0.04302885688160062
956,0.04303446320633626
957,0.04301590082591894
958,0.043020145733236696
959,0.04304173427055802
960,0.04302862307777114
961,0.043030893113006695
962,0.04303017849962604
963,0.043015751290772536
964,0.04304786115960817
965,0.04302754419944747
966,0.04303264823381461
967,0.04302878559599296
968,0.04304689530769775
969,0.043021055407412995
970,0.043023836864959766
971,0.043018391311558254
972,0.04303091682299158
973,0.04302265902009517
974,0.04302717585490956
975,0.04300715848831112
976,0.043020015183071615
977,0.04303784357188666
978,0.04304551285653406
979,0.0430237454182113
980,0.04303968298170488
981,0.04304316139027806
982,0.04301026037456151
983,0.04300608989036324
984,0.04301823633764829
985,0.04302853456487817
986,0.04303082994706348
987,0.043015248585115864
988,0.04303069358507844
989,0.04301622966738685
990,0.04298901850970909
991,0.04298441534573553
992,0.042975098168664405
993,0.042984051601752366
994,0.04297298330398952
995,0.04296372401466781
996,0.04297356414350977
997,0.0429633080988772
998,0.04293476323655454
999,0.04295433319503344
1000,0.04293542444067963
1001,0.04291772660724926
1002,0.04292744479787874
1003,0.04288763665022487
1004,0.04289544462274043
1005,0.04288983962353048
1006,0.0428794509753168
1007,0.04287906729953731
1008,0.04286925635127854
1009,0.04284847091836587
1010,0.04282755186912597
1011,0.04281556119366554
1012,0.04281511280900052
1013,0.04280181724334517
1014,0.04279982750319053
1015,0.04279954656664283
1016,0.042787672959727685
1017,0.04278038367898148
1018,0.04276710317027588
1019,0.0427668729251243
1020,0.042760394811691325
1021,0.04271701327580377
1022,0.042730409811109225
1023,0.0427152123667395
1024,0.04271653744521333
1025,0.042702740880517356
1026,0.042683779222153405
1027,0.042677794025444644
1028,0.04264516431411575
1029,0.04263151916617591
1030,0.04261510927895594
1031,0.042600388852643514
1032,0.0426010426992862
1033,0.0425572242299526
1034,0.04255770906155457
1035,0.04253047051219598
1036,0.04251033910598928
1037,0.0424934318777018
1038,0.04246148519784059
1039,0.04246341962413041
1040,0.042453239290693515
1041,0.04242623954283678
1042,0.04240211342952686
1043,0.04240963532692289
1044,0.04240004681562188
1045,0.04238856805380269
1046,0.04236023578496388
1047,0.042356585311286866
1048,0.042339360988382514
1049,0.042332021869277627
1050,0.04231996213309372
1051,0.042317303379898495
1052,0.04228352801075012
1053,0.04225497380758627
1054,0.0422297753733012
1055,0.04222379353616009
1056,0.04218967950457735
1057,0.042165752080362204
1058,0.04215744460165234
1059,0.04214435872463618
1060,0.042128770536120234
1061,0.04211008167589182
1062,0.04210052352344897
1063,0.042070667398047525
1064,0.04206769113949681
1065,0.042035950009556414
1066,0.04201096356625834
1067,0.04200214941336191
1068,0.04194996441970924
1069,0.04195805414745343
1070,0.04193368733130903
1071,0.041892903287959214
1072,0.041890478781511094
1073,0.041868115952052476
1074,0.04181411601931585
1075,0.0418228611373175
1076,0.04177155239985822
1077,0.041761846250491695
1078,0.04174044688936077
1079,0.04172142017152279
1080,0.04170611817345474
1081,0.04167140263216997
1082,0.04165441184119823
1083,0.0416347044364069
1084,0.04162226356670002
1085,0.041584627358408795
1086,0.04159597570869278
1087,0.04155314386564976
1088,0.04155192479176541
1089,0.041535256931296
1090,0.041506569500224716
1091,0.04151787657621553
1092,0.04147021264229651
1093,0.04146472394991938
1094,0.04141885107358786
1095,0.04139090900778715
1096,0.04136442913154363
1097,0.041327265415861916
1098,0.04128568712033436
1099,0.04127585671367359
1100,0.04123819985731849
1101,0.041246271685387935
1102,0.04119877374337507
1103,0.041191994638911336
1104,0.041168466232240096
1105,0.04113116413108907
1106,0.04108715358119298
1107,0.04108478697425222
1108,0.04104346348632469
1109,0.040999120429535525
1110,0.041006752243693725
1111,0.040995089405160626
1112,0.0409568555421719
1113,0.040949346378621444
1114,0.040935241297050985
1115,0.04091640729606093
1116,0.04087257337944067
1117,0.04087268394507969
1118,0.04084353500655067
1119,0.04081910269199153
1120,0.04078459156907685
1121,0.04077795381826398
1122,0.040749389660413644
1123,0.040745781755043196
1124,0.040708575591081785
1125,0.040685954071678784
1126,0.040671686361700723
1127,0.04063790744755925
1128,0.04062446679083288
1129,0.040617634800145484
1130,0.04059815144906094
1131,0.04056129378048513
1132,0.04055436302307748
1133,0.04052079784136783
1134,0.04047930045281506
1135,0.040441051692648784
1136,0.040457208680389975
1137,0.04043171995253087
1138,0.04042469746816555
1139,0.04038091571900724
1140,0.040331108446109966
1141,0.04033739726821706
1142,0.040318659292308295
1143,0.040280018669659634
1144,0.040237535839974206
1145,0.04021692289077404
1146,0.040162099224281066
1147,0.040166434981224415
1148,0.0401670803935882
1149,0.04011336834338787
1150,0.04010591020875956
1151,0.04008839596122081
1152,0.040075939112975814
1153,0.04002316468773071
1154,0.040025775412755385
1155,0.03997996711643929
1156,0.039974487604388875
1157,0.039931060347313675
1158,0.039906256974202324
1159,0.03988446814292803
1160,0.03985688954370619
1161,0.03983826130081777
1162,0.039801058879332815
1163,0.039781488986249974
1164,0.03977582147808624
1165,0.039759042619208866
1166,0.03975002143774308
1167,0.039725087227397385
1168,0.03969862640891793
1169,0.0397004717042754
1170,0.03965089864037445
1171,0.03962389153244298
1172,0.03962012143335043
1173,0.03959090084283405
1174,0.03958198740322979
1175,0.03957203258262603
1176,0.0395456432145011
1177,0.03950956455605751
1178,0.03951190629067988
1179,0.03950101472246671
1180,0.03949184214420654
1181,0.03947255741864819
1182,0.039463731428209664
1183,0.03944657017232382
1184,0.0394365746534257
1185,0.03941806106345947
1186,0.039389134731825814
1187,0.03938483258980478
1188,0.03936771179987648
1189,0.03933668032254458
1190,0.03932085124958574
1191,0.03929288483631562
1192,0.039285375798731266
1193,0.039280102870783776
1194,0.03924524427616952
1195,0.0392475360580974
1196,0.039219160451932224
1197,0.03921023477421227
1198,0.03919387093844573
1199,0.0391893561132067
1200,0.03915247236759125
1201,0.039166407284562964
1202,0.039151865264157086
1203,0.0391454016952231
1204,0.03911613884455984
1205,0.03910066756809453
1206,0.039081225742869194
1207,0.039076207243390705
1208,0.03903452820872161
1209,0.039001945043415524
1210,0.03900268970122483
1211,0.03899615117751766
1212,0.038986641442465046
1213,0.03898078504881885
1214,0.03896471248231377
1215,0.03894893772858913
1216,0.03893462535568961
1217,0.03892942067197525
1218,0.03891674827023319
1219,0.03887765114161185
1220,0.03890349811984343
1221,0.038860005987812606
1222,0.038865352703255016
1223,0.03884456772124518
1224,0.038813536849687975
1225,0.038822454345332776
1226,0.03880945132737386
1227,0.03880145786440365
1228,0.03879674725510871
1229,0.03876647364593228
1230,0.03875866894865828
1231,0.038748184476633946
1232,0.03873802316899963
1233,0.03873568684408162
1234,0.03870158468376915
1235,0.0387029656397762
1236,0.03868787179748483
1237,0.0386786630140159
1238,0.038675740293614536
1239,0.03864112774470549
1240,0.038635536026438856
1241,0.038638313507919915
1242,0.03860842868506673
1243,0.038607355093694236
1244,0.03857576239476415
1245,0.03856348002867621
1246,0.03857064077351373
1247,0.03856100796503389
1248,0.038554464402932406
1249,0.03854474843602374
1250,0.038513436567418215
1251,0.03851432656669889
1252,0.03849478885970749
1253,0.03848047394947268
1254,0.038482928380067526
1255,0.03847258744179036
1256,0.038457743740284794
1257,0.038462073368928415
1258,0.03844457380515173
1259,0.03844327247367635
1260,0.03842758128264424
1261,0.03841635627447853
1262,0.03839493633791061
1263,0.03838888338999397
1264,0.03838824616829771
1265,0.038366876294489066
1266,0.03835352406088802
1267,0.03835632427203339
1268,0.03833174225641885
1269,0.03833453561536291
1270,0.038329911474062825
1271,0.03833289702378338
1272,0.038305954657069936
1273,0.03830571496382672
1274,0.03829915099824738
1275,0.0383032834617883
1276,0.03830224123950515
1277,0.03827349490671269
1278,0.03828137434866709
1279,0.0382736642953466
1280,0.03827106787914004
1281,0.0382589896595122
1282,0.0382431230369246
1283,0.03824583085503963
1284,0.038229878952362274
1285,0.03821760111792836
1286,0.03819877638669759
1287,0.03820530281412414
1288,0.038183586985295816
1289,0.03817028833339224
1290,0.038166116387135934
1291,0.03816489641156458
1292,0.038148617504798164
1293,0.03813767044237628
1294,0.0381347262135969
1295,0.03814300380017582
1296,0.03812964824100926
1297,0.03812202845584624
1298,0.03810857203520505
1299,0.03810421118578972
1300,0.03808743730039118
1301,0.03809015952125933
1302,0.038083325840112474
1303,0.03807644641110179
1304,0.03807108087335069
1305,0.03806065923980121
1306,0.03805349050152996
1307,0.03804150946617262
1308,0.0380452626453623
1309,0.03803290555311824
1310,0.03803263561294828
1311,0.03801996561490712
1312,0.03802291182392689
1313,0.038009069479434845
1314,0.037997821978147286
1315,0.03799508077733907
1316,0.03799010494206004
1317,0.037996491181476875
1318,0.03799259456237831
1319,0.03797232480410436
1320,0.037963238738069255
1321,0.03795121240120986
1322,0.037946798601913495
1323,0.03793146872527421
1324,0.03792110097791931
1325,0.03791855569291833
1326,0.03791621183433657
1327,0.037906370328650976
1328,0.0378988151930756
1329,0.037909109218578374
1330,0.03789675547470369
1331,0.03789272941374193
1332,0.03788930961715215
1333,0.03786560722911401
1334,0.03786537738804127
1335,0.037856921546049783
1336,0.03785018390711997
1337,0.037842296163937694
1338,0.03784281472210575
1339,0.03783718575667201
1340,0.03783328806011972
1341,0.037830922660959374
1342,0.03782222699065785
1343,0.03781557556974717
1344,0.037810479390539
1345,0.03780464658241598
1346,0.03780650102720697
1347,0.03779251045993608
1348,0.037784989168312924
1349,0.03777390119564496
1350,0.03776730915853871
1351,0.037770945774283235
1352,0.03776229642107134
1353,0.03775494236784682
1354,0.037754934436262724
1355,0.03774510112318422
1356,0.03773973726367666
1357,0.03773974945425373
1358,0.03772258640005895
1359,0.03771592687606342
1360,0.037716398936544215
1361,0.03770924258003248
1362,0.03770528789324377
1363,0.0377039951209821
1364,0.0376963418761261
1365,0.037685603552150886
1366,0.03767847068000382
1367,0.0376646896918172
1368,0.03767057158683463
1369,0.03766524755434251
1370,0.037659102431867084
1371,0.03764985830426989
1372,0.03764551512135472
1373,0.037634648133968156
1374,0.03763016763852233
1375,0.03761996860779081
1376,0.03762096341798475
1377,0.03760564622264633
1378,0.037604694559755444
1379,0.03760073227789378
1380,0.03759564449622942
1381,0.037591120849238824
1382,0.037579856102706956
1383,0.03757842466579349
1384,0.037567258883066064
1385,0.037556842821310624
1386,0.03755478771643269
1387,0.03755026231067919
1388,0.03752705821271896
1389,0.03753091409538775
1390,0.0375245950286288
1391,0.037519601630808384
1392,0.03750562125805348
1393,0.03750817178206724
1394,0.03749937849055309
1395,0.03749390968654655
1396,0.03748581997239888
1397,0.037463013834416574
1398,0.0374586541540504
1399,0.037450596713837894
1400,0.037449069523040245
1401,0.03744003202885565
1402,0.037433401048672155
1403,0.037424552574163064
1404,0.037412601456207784
1405,0.03740823980220229
1406,0.037397098149148066
1407,0.037393028292971815
1408,0.03738796864954658
1409,0.03737729679036942
1410,0.037380118435300515
1411,0.037369552552814614
1412,0.03735902354776966
1413,0.03735395001716131
1414,0.0373505551573619
1415,0.03734255648504237
1416,0.037329806611817805
1417,0.03732115956667948
1418,0.0373119148655855
1419,0.03730776114387862
1420,0.03730396440168195
1421,0.0372860297151862
1422,0.037279016098509546
1423,0.03727098219505052
1424,0.037264111563272445
1425,0.03725925785082816
1426,0.037253789112405095
1427,0.03725171275087834
1428,0.03723921652115447
1429,0.037234172227977494
1430,0.03721949204290717
1431,0.037214999249529215
1432,0.037201583060785984
1433,0.03719907615170138
1434,0.0371903749419937
1435,0.03718301977017827
1436,0.03716429964520465
1437,0.037162795001604874
1438,0.03714745859884345
1439,0.03713521203950377
1440,0.037128740640842615
1441,0.03712088677897542
1442,0.03711586822925054
1443,0.03710795109318439
1444,0.037099439679063054
1445,0.037092811145916976
1446,0.037080970329584115
1447,0.03707062171990212
1448,0.03705868572405369
1449,0.03705203124677315
1450,0.03704476639678405
1451,0.03703259981127195
1452,0.03702449756777981
1453,0.037020895696608214
1454,0.03701963219618875
1455,0.03700665532149803
1456,0.03699660561354193
1457,0.03699498491747916
1458,0.03698824672361627
1459,0.036974782258060064
1460,0.036966700162146995
1461,0.03696085576117439
1462,0.036948467689924845
1463,0.03693985785952489
1464,0.036928345048062645
1465,0.03692119017969477
1466,0.036913248475247164
1467,0.036909062940442536
1468,0.0369026237247758
1469,0.03689589855284275
1470,0.03688725650901429
1471,0.03686742140741736
1472,0.0368620973697512
1473,0.036866318052743555
1474,0.036845144175799024
1475,0.0368442731171551
1476,0.036834498475975155
1477,0.03682339808683363
1478,0.03681811899287493
1479,0.03681119847066325
1480,0.036796830668188694
1481,0.03679299771365967
1482,0.036780855987193786
1483,0.03678153462602232
1484,0.0367828536802276
1485,0.03676297561112828
1486,0.03675556776811682
1487,0.036748672136802385
1488,0.03674179888622983
1489,0.03672974561443343
1490,0.036722295134017376
1491,0.03671748754635477
1492,0.036698088053373566
1493,0.036689656164792285
1494,0.0366846118231355
1495,0.03667874160954463
1496,0.036673182980540696
1497,0.03666421516367344
1498,0.03665187351833168
1499,0.03664194631103983
0,0.10164990095803632
1,0.1008584839050134
2,0.09840839604930768
3,0.09232999251739277
4,0.09066373689047506
5,0.08503391503510019
6,0.07963383382694282
7,0.07615167671794172
8,0.07034296980159192
9,0.06615658251038646
10,0.06137341124984048
11,0.05767682594227032
12,0.0539532695228203
13,0.050470456070440435
14,0.047881654886576676
15,0.04550643840888735
16,0.043499620546276443
17,0.04228169749013652
18,0.041526026108738345
19,0.03942156371244714
20,0.03830195323337711
21,0.037626875703653584
22,0.037155899315870496
23,0.03687819112807654
24,0.03653300775750336
25,0.03650679223779079
26,0.03634735427257486
27,0.03618471247993326
28,0.03607974126926251
29,0.03603505431886003
30,0.03601709880536877
31,0.03586830348594293
32,0.03598856399270838
33,0.03583928190125539
34,0.03570980652776365
35,0.03563080723099566
36,0.03573777260780523
37,0.03556590797657238
38,0.035652928588233455
39,0.03564721907323624
40,0.03572781912496559
41,0.03611113578775766
42,0.03619673949760666
43,0.03619931301460892
44,0.03626819393465006
45,0.036404106063318606
46,0.03678144966121996
47,0.036699625455059184
48,0.036855101385316995
49,0.03702808899885997
50,0.03745012913062454
51,0.03757980666898792
52,0.037575633104995336
53,0.03792915703520923
54,0.037929872452768756
55,0.03810321251359542
56,0.03848941538016294
57,0.038920359696801354
58,0.03903022606338252
59,0.03898917679613852
60,0.038790148288641926
61,0.038790164547961255
62,0.038612369446054264
63,0.03862711976331807
64,0.038720921461898185
65,0.03862503705212775
66,0.03866481677979735
67,0.03877812803224605
68,0.038773720870103806
69,0.03869197891217496
70,0.03869369958798098
71,0.038746627005721374
72,0.03876017639251778
73,0.03895148808507863
74,0.0389429578923791
75,0.03871647642543921
76,0.03882252233401488
77,0.038776303446682446
78,0.03872359208278198
79,0.03854089321672867
80,0.03821261104126086
81,0.03819561291212193
82,0.03806170962847431
83,0.03800465181056359
84,0.03786615411429938
85,0.03784514172223248
86,0.03769411966493814
87,0.03754265966967953
88,0.037350883690429416
89,0.03728436946957179
90,0.037221547860590565
91,0.03715969193173121
92,0.03766076976973801
93,0.037588979082679455
94,0.0375225318193028
95,0.037426864132103485
96,0.037576986255828504
97,0.037577922673117145
98,0.036972050135658525
99,0.03662910594764187
100,0.03679101939116809
101,0.036467295570511864
102,0.03578381204272763
103,0.03576349551598251
104,0.035564322294858175
105,0.035339968739111285
106,0.035275073323947734
107,0.035208892723326654
108,0.035104661866669995
109,0.0350942737269192
110,0.03511483458398779
111,0.0350710508233624
112,0.03502528334161618
113,0.03502066233738717
114,0.03495715366452016
115,0.034996354964223306
116,0.034962470758309175
117,0.03491879093048085
118,0.03488111969461718
119,0.03491559543455797
120,0.03492932548319259
121,0.03492482483133176
122,0.034952414954959
123,0.03495523511614029
124,0.034982698780460154
125,0.035036798402805144
126,0.03503920394764732
127,0.03528666712823963
128,0.03528224405427586
129,0.03537016831902995
130,0.03558177752400487
131,0.03565392468448897
132,0.03566108361730404
133,0.03563439650063984
134,0.03580914912117244
135,0.035538581734627164
136,0.035514654059861206
137,0.03532523928830687
138,0.03541087608798006
139,0.035607550665263304
140,0.03516797638479968
141,0.035083817500839796
142,0.03478811652993754
143,0.03494178070636351
144,0.03509870285627008
145,0.03488399944332075
146,0.03488722391138101
147,0.03494060868421691
148,0.0349794491416068
149,0.035233494853217126
150,0.03490849739418965
151,0.03488814293863049
152,0.03492983936571913
153,0.03484549842061282
154,0.03500820125951453
155,0.035332687654657545
156,0.03567130991262097
157,0.03569257302462115
158,0.035325943718751536
159,0.03505005218224556
160,0.035126216550357345
161,0.03506878955127355
162,0.03524731219902558
163,0.0349563439675902
164,0.0347910210211435
165,0.03477454448248634
166,0.03450533951016676
167,0.034873375175027435
168,0.03465767593490208
169,0.034892972611704196
170,0.03510697647749645
171,0.03500453936324046
172,0.03544053266806157
173,0.03539616886999935
174,0.03494218765152179
175,0.03519026202964212
176,0.035083961828396265
177,0.03533500030562987
178,0.03543758618152118
179,0.03537082426502054
180,0.0350619573583632
181,0.035037165923326265
182,0.03471961460076586
183,0.03435793407595129
184,0.03405572669745891
185,0.03386587599902458
186,0.03392687214194391
187,0.03376993675229939
188,0.03375436060158003
189,0.03367746854481533
190,0.0336768662106113
191,0.03370584139543801
192,0.03369905186745797
193,0.03377575142179345
194,0.03378884636540484
195,0.033866673286420436
196,0.033853011950612466
197,0.033944053409611936
198,0.03393357935239396
199,0.033907896394201886
200,0.033940459629758224
201,0.03399714235886704
202,0.03407832049579219
203,0.03433161363276427
204,0.03434027117085516
205,0.034759640137847596
206,0.03508647310075322
207,0.03506841252534331
208,0.03546122944254323
209,0.03573209352553679
210,0.035591687757956986
211,0.03570064182415684
212,0.03566092951398536
213,0.036048025024666835
214,0.035931437182367784
215,0.03574326904223543
216,0.03544506015709576
217,0.035495197772032736
218,0.03538696679414287
219,0.035310696855308445
220,0.035108106823084545
221,0.034843189152114894
222,0.03533191103944794
223,0.0352737226726301
224,0.03531220527196307
225,0.035235516213271194
226,0.035633639659684024
227,0.035917837590824515
228,0.03580784212170009
229,0.03535019036415949
230,0.03540248616115187
231,0.03527213779252536
232,0.036124592063186696
233,0.035953338662889654
234,0.03584325438922385
235,0.03659322103925905
236,0.0363867526079444
237,0.03678405304634378
238,0.03698395227186164
239,0.03781744999243574
240,0.03880859729823594
241,0.03855808051396107
242,0.03744570199934073
243,0.0373759067726151
244,0.03893205220915353
245,0.03847777692078173
246,0.03792007189201491
247,0.037509378968673
248,0.03745138444729191
249,0.03693727975001254
250,0.03584526329810273
251,0.03628249226294552
252,0.03723829403643862
253,0.03551739780225354
254,0.0346186940072419
255,0.034363189954105935
256,0.034734226643808125
257,0.03422583147225027
258,0.03393460585242502
259,0.03359543049849175
260,0.033284773868970496
261,0.03249741403363652
262,0.03285553702488202
263,0.03249690996629813
264,0.032549164646207
265,0.03252992319813841
266,0.032383197621709874
267,0.032130067321458136
268,0.03213841607262808
269,0.03222670156456879
270,0.03220019705663887
271,0.03251173615399414
272,0.03247415306969748
273,0.03229955373741854
274,0.032735246714304674
275,0.03340429916431302
276,0.03424607337977686
277,0.03408038269260582
278,0.03435712093437747
279,0.034646014457800446
280,0.03459441781219402
281,0.03424976322981242
282,0.03418913929464731
283,0.03388658909221957
284,0.03444676412465896
285,0.034157381165976
286,0.03383438260130347
287,0.033577789766998774
288,0.03334530874622416
289,0.03315897037020635
290,0.033249703106157734
291,0.03279962958333386
292,0.032901821702435156
293,0.03266919960804537
294,0.032608356079273856
295,0.03271240395441145
296,0.032465346005554355
297,0.032567230568504024
298,0.03228462855335313
299,0.032194154577870525
300,0.03222631800770774
301,0.03186400837098429
302,0.03180564930513074
303,0.031738438145138555
304,0.031575092644190485
305,0.03165254051361674
306,0.031488580289900696
307,0.03162385334050008
308,0.0315107439337101
309,0.031534141224277
310,0.03154613090134907
311,0.03153254096063809
312,0.03129812259529618
313,0.03139797525278658
314,0.031396790422314656
315,0.031290692806983315
316,0.03123662891191778
317,0.031065801241976766
318,0.031121474398921357
319,0.031138763733318957
320,0.031242927173632334
321,0.03116538650193078
322,0.03125828502357952
323,0.031204267369005056
324,0.030956199191120613
325,0.030907038837636555
326,0.030674043854848322
327,0.030739744488719935
328,0.030765155549956454
329,0.030796014525932003
330,0.030930383590987095
331,0.030937136637790717
332,0.030931197200251177
333,0.030662438161223896
334,0.03055982973923601
335,0.03065842884790581
336,0.030640195344421316
337,0.03068760775380057
338,0.030965223034669254
339,0.03136113286454513
340,0.031237164825279315
341,0.030946005417929218
342,0.03061405263406965
343,0.03103377305195677
344,0.03117985116600123
345,0.03163445090302783
346,0.03185577085564148
347,0.031484647462068825
348,0.03173427553530189
349,0.03120668022022232
350,0.031175543105922885
351,0.030899017726868226
352,0.030420788631532265
353,0.030555933106073987
354,0.030437078203565743
355,0.030602608850618947
356,0.03041449780706591
357,0.0302673022972082
358,0.03047563166311151
359,0.031024366858392875
360,0.03085987191295114
361,0.030767060660225592
362,0.03147819452708511
363,0.0316398092583887
364,0.03182030133248055
365,0.03133981099383307
366,0.030333852459545778
367,0.03045035453463662
368,0.030425931211540098
369,0.030424120986315768
370,0.030605428822174787
371,0.030264819900292582
372,0.030122122324458458
373,0.030402459228455803
374,0.030584910634891087
375,0.030921924466261713
376,0.03082202413100924
377,0.030664720838571007
378,0.03113305901543613
379,0.030611601706217118
380,0.030546059061373636
381,0.03096009656890401
382,0.030390887201926
383,0.03021134443460981
384,0.029924061492861052
385,0.030020309542637305
386,0.029745359834580633
387,0.02970537010928328
388,0.0298322033138638
389,0.029694734337083036
390,0.02968537978280739
391,0.029643744149861043
392,0.029689408820123414
393,0.029707146316432967
394,0.029791265022492974
395,0.029834006233880144
396,0.029845821978247058
397,0.02978854728904074
398,0.029921988131598312
399,0.02996064457785568
400,0.029919549450367778
401,0.030082280324582922
402,0.029963201876299916
403,0.029991258550628397
404,0.030014197623979517
405,0.03025905414286949
406,0.030329175942828544
407,0.030472275121005782
408,0.030646931569690082
409,0.030902169829147192
410,0.0310843895311112
411,0.031200674280002512
412,0.03162437034598092
413,0.03182630517415246
414,0.03168317203971865
415,0.03199152058274758
416,0.032386652454868804
417,0.0326818794117391
418,0.032879757435609835
419,0.03347094546826612
420,0.034224718764383835
421,0.03260517179632178
422,0.03298122763066001
423,0.03347289875489393
424,0.03314254948395772
425,0.03233485463243094
426,0.03267737694985349
427,0.03235215970469335
428,0.032354955509865
429,0.03194040232252506
430,0.03175022284423663
431,0.03152903363192903
432,0.03147580769766496
433,0.03139927954072228
434,0.03129863407754913
435,0.03138063394795823
436,0.031504684921221326
437,0.031675776117463736
438,0.03126322062704266
439,0.030806094037785597
440,0.030931735298389787
441,0.03066915629560225
442,0.03057396484243656
443,0.030451242181944657
444,0.030518584499459014
445,0.030707300488534046
446,0.030532975370200444
447,0.030614356817047588
448,0.03044665103478788
449,0.030228091256667033
450,0.030257689823059257
451,0.03038390899094898
452,0.030103813627111363
453,0.030134300332451937
454,0.029986392816066722
455,0.029920744556169096
456,0.029784971642327598
457,0.029804135037386312
458,0.02987698078583608
459,0.0299685923052789
460,0.029890929286061817
461,0.029841939368761974
462,0.03007528098644027
463,0.030467129605270826
464,0.03043324087059945
465,0.02996862820477321
466,0.02983462606630597
467,0.029647501848589605
468,0.029196326081403073
469,0.029221801125438217
470,0.02915145502635162
471,0.029021261691076217
472,0.028984164037103705
473,0.02894002649491348
474,0.028933366055918692
475,0.0289370223704652
476,0.028952077863217324
477,0.028942587852306394
478,0.029010823862957034
479,0.029088015896866302
480,0.02897102794085026
481,0.028975544969254554
482,0.029140201286644792
483,0.029072887068063585
484,0.028865515164494617
485,0.028827231055057325
486,0.02884594977004552
487,0.028798513578871053
488,0.028814497941457507
489,0.029065761656932188
490,0.02898272959219044
491,0.029025901249158135
492,0.029372254347149327
493,0.029347462254838474
494,0.029867237948133618
495,0.03067086971500578
496,0.031220017554065636
497,0.0304441805725547
498,0.030501803226886306
499,0.030576944143146902
500,0.03035909111058419
501,0.02984400083763935
502,0.029604689338754656
503,0.03025412347728112
504,0.031109124929651955
505,0.030701978725531678
506,0.030613414654710222
507,0.03106670983181997
508,0.031073217539821642
509,0.031020896255834436
510,0.03033235343992054
511,0.03026317855057374
512,0.030168862549395693
513,0.03012964643921994
514,0.03045200491851248
515,0.030177429692490567
516,0.02991768852641344
517,0.029937416905027537
518,0.029871020413148233
519,0.0300238543207514
520,0.030514426158186007
521,0.030638877147020814
522,0.031124776089076243
523,0.030654244233545073
524,0.0314450301738208
525,0.03124776900310284
526,0.03172188476773129
527,0.03159872465521726
528,0.03131260257343007
529,0.031025378432891
530,0.030912360328289413
531,0.031164100495302802
532,0.03130705456916347
533,0.03150246919133748
534,0.03151614834360272
535,0.03175507119838772
536,0.03171338876552253
537,0.03182258768999575
538,0.032420746980576884
539,0.033356902436219894
540,0.032887955623552116
541,0.03264741768308428
542,0.032187680428580015
543,0.03261480816613432
544,0.033145869609448174
545,0.032843435211623
546,0.03254049963844625
547,0.03220801073365702
548,0.0315750927759787
549,0.03154842497199642
550,0.03173983764283944
551,0.03144094540256441
552,0.031187754466703244
553,0.03133755215819515
554,0.031192187324600832
555,0.03114279356092561
556,0.03117542940789158
557,0.03109805606875062
558,0.030978230492605178
559,0.03098759198923151
560,0.030774143344219247
561,0.03077996579256249
562,0.030833624885503206
563,0.030805254485001852
564,0.03064976333904474
565,0.030379338861055483
566,0.03032697259266714
567,0.030144712392619847
568,0.03015931329619017
569,0.030001940527562432
570,0.03005128649880298
571,0.029889093798882452
572,0.03009722501705379
573,0.02987161351132388
574,0.029749198325857925
575,0.029654518294568413
576,0.029473604686274905
577,0.029287326781428105
578,0.02937024175544792
579,0.029398599750954792
580,0.02926590759440178
581,0.02927686570511716
582,0.029412012680518143
583,0.029278592185194987
584,0.02920619229826915
585,0.02926332399185152
586,0.02915777122445926
587,0.029252234406447922
588,0.029369072306046178
589,0.029449621132997574
590,0.02941602531411662
591,0.02983650781894096
592,0.029955864164687374
593,0.02948877435982028
594,0.029307950063942604
595,0.02969069356914947
596,0.02956007497146614
597,0.029366969952236536
598,0.02908770182174128
599,0.02901982155657824
600,0.028880567060168862
601,0.0287921941066731
602,0.028826135070260068
603,0.028831008183046982
604,0.028972662603996183
605,0.028740188301957955
606,0.02880361994635807
607,0.02892282600766616
608,0.029067416105122278
609,0.029175550580710995
610,0.029043256421218314
611,0.029518099822427847
612,0.02984005785884802
613,0.030169185941042405
614,0.030680642313173537
615,0.03176568100122927
616,0.03188914285363991
617,0.032499454146425265
618,0.031739829446495824
619,0.031363118073156115
620,0.03189602314507687
621,0.03215129555901166
622,0.03161852514445259
623,0.03063982038450306
624,0.030325561572727547
625,0.03035761156021658
626,0.030142555148625717
627,0.030208511851643943
628,0.030291736785723982
629,0.030334699038974303
630,0.03015859266696226
631,0.030522210885779468
632,0.030623423615481215
633,0.030863944894515792
634,0.030733819483875574
635,0.030856602648601624
636,0.030688720736346733
637,0.031168270941608112
638,0.03111677769908623
639,0.031145144936329222
640,0.03157340506181625
641,0.031035952419728154
642,0.031419599822913674
643,0.03178901592866847
644,0.03117184613221991
645,0.03162369978004863
646,0.031346865338754026
647,0.031502693019627236
648,0.03165271786460037
649,0.031560431302192764
650,0.03088263341657588
651,0.030518708171376353
652,0.030371847900829196
653,0.029904239062510742
654,0.02988295677157569
655,0.030050384229626935
656,0.030063235786105723
657,0.030922864386522343
658,0.03070044392560285
659,0.030311381325789158
660,0.029946607827878547
661,0.029624380140177698
662,0.030038622230395582
663,0.02965183632397169
664,0.029751675903418918
665,0.03009431152231341
666,0.029788971520491453
667,0.028965947725830655
668,0.028561222163621055
669,0.028466027633471926
670,0.028405350649578692
671,0.028439181885036163
672,0.028831100237817195
673,0.02896189915915889
674,0.028935062769120577
675,0.028731066843080043
676,0.029028727056158696
677,0.028582988171450587
678,0.028879315701181945
679,0.02904213787881481
680,0.02932389173329499
681,0.028923359256871083
682,0.029017636515995298
683,0.029363668676734494
684,0.030178925699259094
685,0.030572060072960483
686,0.030834513759204048
687,0.031544946530100364
688,0.031279444913574504
689,0.03142929549985816
690,0.031423815056715744
691,0.03190871185340576
692,0.03123144226368402
693,0.030938330802104945
694,0.030443738031372628
695,0.030580902242841244
696,0.030702999414623924
697,0.03113954895624872
698,0.030676089386383647
699,0.030022348040419245
700,0.029823800646699795
701,0.029389102579877376
702,0.029009882343899715
703,0.028881949294729196
704,0.029003816243180148
705,0.02927017348075904
706,0.02927130124940802
707,0.029467633667675602
708,0.029734229319238636
709,0.029955543630880096
710,0.03056953217853653
711,0.030489169098176762
712,0.03086506055967569
713,0.03182245492941479
714,0.03171303450147637
715,0.031213936766937404
716,0.031576592481792794
717,0.031987256179157306
718,0.0316976235929003
719,0.03174780400958321
720,0.03240123193396905
721,0.03207604530564083
722,0.03127045919612225
723,0.030919283046080607
724,0.031088481829412797
725,0.031338622976198986
726,0.03147756195236039
727,0.0316102492532938
728,0.03138069770137033
729,0.031167181974101607
730,0.031047023566509416
731,0.03119381519852238
732,0.03165921230494782
733,0.031659799950006236
734,0.03160136373882125
735,0.03161628857043573
736,0.03146688254579269
737,0.031841884465125904
738,0.032990767674990366
739,0.032496721049628266
740,0.03294044559539927
741,0.032691342484701985
742,0.032696073869829353
743,0.031920920538093284
744,0.03224902723860239
745,0.030886710252234308
746,0.030282958033976366
747,0.029863361802805424
748,0.029849712955044846
749,0.02913031932556694
750,0.02855558612808305
751,0.028556167802058156
752,0.028311375647348945
753,0.028358817219372275
754,0.028191699327854123
755,0.028196676517192588
756,0.028090313493414475
757,0.028280907784098752
758,0.028153698481766333
759,0.028113026561203812
760,0.028365377632112568
761,0.02820186951531138
762,0.02893488336386233
763,0.028943252876171586
764,0.028665082599723873
765,0.029008114629946385
766,0.02874747671514948
767,0.028353044446633162
768,0.028190317604542433
769,0.027910963899848526
770,0.028090003003346874
771,0.028065783859373035
772,0.028149403943510173
773,0.028491835230908737
774,0.028548030559432426
775,0.028675311165009106
776,0.028381741718827208
777,0.028563090622095343
778,0.02895993275562319
779,0.0289101408534624
780,0.029225527649632772
781,0.02924594076232704
782,0.02921157289955481
783,0.029101453847928123
784,0.02905546994762051
785,0.029153449168004254
786,0.029159781277411683
787,0.02915158865769751
788,0.029275485530821776
789,0.02921861766292402
790,0.028931497693455266
791,0.029252235221462895
792,0.029259542770975304
793,0.02914114640402788
794,0.029419570391745496
795,0.030387006874753927
796,0.02993664348584625
797,0.029848660431914045
798,0.030891904559818637
799,0.029729829061159126
800,0.02981656309768462
801,0.02974346953214527
802,0.0301324933998175
803,0.030254315508036405
804,0.03024854789763211
805,0.03001103096610051
806,0.029828215693044467
807,0.029413673769726312
808,0.029816575729069626
809,0.03007175275803621
810,0.02873469014241442
811,0.02858803905839236
812,0.028380550785411657
813,0.02785997409535081
814,0.028295825692161544
815,0.02815673509195829
816,0.028070508528371375
817,0.02812472598576427
818,0.027914132565357467
819,0.028250631596693842
820,0.02813511744688264
821,0.028083751240077698
822,0.028022108250308476
823,0.028122867383802992
824,0.027977264300089656
825,0.0281328174782676
826,0.02802364684280475
827,0.02807700863475744
828,0.028195581476628796
829,0.028238514069378544
830,0.02848259500001115
831,0.02771724132290911
832,0.02757407944499714
833,0.02758410650353479
834,0.027637161597751304
835,0.02817367198187119
836,0.028503031118672938
837,0.02848512601814071
838,0.029018393034642872
839,0.02946268499955347
840,0.03024083223021833
841,0.029795333538787723
842,0.029617106875299386
843,0.029926099779974992
844,0.029910285039382548
845,0.030071207919806393
846,0.029798262915228996
847,0.02975217110448749
848,0.03016956182494364
849,0.02989612326089927
850,0.03032657572880512
851,0.030299780428390852
852,0.030584893542783764
853,0.03007132704598783
854,0.031029444199200815
855,0.030601334173323193
856,0.03110277920920077
857,0.031092627858609126
858,0.03026665350349769
859,0.029687084907644466
860,0.029529835530987925
861,0.02993530475294005
862,0.029913813928426385
863,0.029823036925626923
864,0.029679558571588497
865,0.0296109220148308
866,0.029579793243595952
867,0.029620529545691995
868,0.029871239576142888
869,0.029191699244825644
870,0.029167409415237513
871,0.029230047087060177
872,0.02918616587574316
873,0.02857393489401488
874,0.028407344875872115
875,0.02867490021662519
876,0.028464443762769066
877,0.028465092740765408
878,0.028590143109348935
879,0.029044292198965194
880,0.029146404330125813
881,0.028965985321552465
882,0.028925566492187017
883,0.02870574761156989
884,0.02895274612950614
885,0.029069748715302962
886,0.02875079238007869
887,0.028388898213029843
888,0.02888970070405627
889,0.028813628387718258
890,0.028788584112926823
891,0.028900170852407644
892,0.028485904930379995
893,0.028792242401925655
894,0.028612229047408125
895,0.028305869597689173
896,0.02849325621361818
897,0.028373527647391778
898,0.02865164356672226
899,0.028406195921338296
900,0.027923372892088877
901,0.027825582221285863
902,0.027653372131067624
903,0.02758773418390379
904,0.027402624273538328
905,0.027412360828225162
906,0.027393402410948772
907,0.027299609718011788
908,0.02738857166498662
909,0.027765178072360966
910,0.02775784836096238
911,0.0273325156580801
912,0.02728741900726068
913,0.027219575939505733
914,0.02721140873645671
915,0.027293008471821055
916,0.027192788015149346
917,0.027235788284827117
918,0.027210031669279364
919,0.027351545927273003
920,0.027184375261728268
921,0.02759478213202815
922,0.028571293057607045
923,0.02848632270968697
924,0.028150331827725292
925,0.027866959897944615
926,0.028386126162758457
927,0.0281911302682822
928,0.02891953510088241
929,0.03001768891973204
930,0.029805318926658397
931,0.029443989447128206
932,0.029467120249531263
933,0.028545569735221373
934,0.028590695662346975
935,0.028111347925820457
936,0.027787232771796653
937,0.028347194966109147
938,0.028399554779261933
939,0.028155494709735603
940,0.028377141610596755
941,0.028707199696202997
942,0.028614680433277122
943,0.028886888708777606
944,0.028999551711957974
945,0.029554885141167404
946,0.02954045548936182
947,0.030151395919589884
948,0.03031011855687601
949,0.03014984915954757
950,0.030808269261591893
951,0.03190426217952968
952,0.03198119011156534
953,0.03260512313791899
954,0.033394710539300015
955,0.03404911324844554
956,0.03335293019718416
957,0.03483898659808061
958,0.03465008950917573
959,0.03407161142610644
960,0.033828363781315034
961,0.033878115738789794
962,0.033719477341531585
963,0.033116297465345876
964,0.03309575591780127
965,0.032474262728599726
966,0.031938551769773706
967,0.0321747635045006
968,0.03109513159755822
969,0.029915430230426445
970,0.029231159148246776
971,0.02861675235325385
972,0.028409718703612884
973,0.02845537927097604
974,0.028261764276933807
975,0.028311607743205694
976,0.028379951670010693
977,0.0284684758368091
978,0.02903985217777277
979,0.029040247066144484
980,0.029855520943120877
981,0.029367337913342954
982,0.02965584117148005
983,0.028679285255605657
984,0.029108555080252542
985,0.0283996739889311
986,0.028196316006817535
987,0.028854245372504677
988,0.027858496697886516
989,0.02746037072084756
990,0.027450354413738217
991,0.027064951281202787
992,0.027049457118930354
993,0.026893941159334144
994,0.026906652965683918
995,0.026954304823195992
996,0.026829248305425237
997,0.02691383452030954
998,0.026827158549264613
999,0.02707419145637973
1000,0.027048804535451318
1001,0.02711800472567715
1002,0.026857221886920194
1003,0.02700794000138378
1004,0.026773609127252473
1005,0.02739429774708638
1006,0.02772202835874313
1007,0.02837247472012109
1008,0.027498835274823445
1009,0.027399698143370687
1010,0.02738148047199056
1011,0.027376629329928487
1012,0.027379618336409107
1013,0.027619471710387717
1014,0.028326540503043857
1015,0.028145462038216804
1016,0.028639796834690607
1017,0.029466326530432248
1018,0.02950505186296847
1019,0.02996899891484108
1020,0.030231147295177653
1021,0.03005277760467693
1022,0.031096226956576233
1023,0.030909848062931438
1024,0.030711446913397073
1025,0.03038178790653933
1026,0.030085976268533307
1027,0.030394717286977454
1028,0.030057100873140598
1029,0.030211928390605228
1030,0.030196895303534945
1031,0.02994774683456787
1032,0.02960192687294318
1033,0.029705967575747654
1034,0.02943387152263314
1035,0.02977745195404418
1036,0.02925781687833389
1037,0.029527664912098406
1038,0.028990509453862365
1039,0.02888317854978221
1040,0.028547155503836495
1041,0.028669267702462416
1042,0.02869418952296025
1043,0.02920536254983611
1044,0.02979067336881542
1045,0.030021341892399498
1046,0.030802619336573453
1047,0.032788832969099124
1048,0.03280254902118381
1049,0.0322115165405046
1050,0.03197795498095847
1051,0.03156108019972296
1052,0.031020426537532154
1053,0.029574557944108584
1054,0.028854580950612614
1055,0.02852827672305765
1056,0.02786664174372603
1057,0.027840880688418248
1058,0.027982991353176938
1059,0.02788068896386983
1060,0.027934998290510465
1061,0.027572645930969735
1062,0.02755559019985043
1063,0.027815544333778405
1064,0.027632133232553747
1065,0.027415044444491606
1066,0.027318840957064675
1067,0.027282133995415177
1068,0.027049299614476684
1069,0.02744181338875768
1070,0.02701564203521168
1071,0.02706236341764654
1072,0.027537479348836165
1073,0.027156089324598544
1074,0.02733815883893884
1075,0.027677943810262506
1076,0.02729664445462695
1077,0.02716383597513821
1078,0.027401387125894672
1079,0.0273695285347556
1080,0.027706404269531897
1081,0.028386443653359912
1082,0.027933737168189147
1083,0.02771457197587956
1084,0.027408923862200885
1085,0.027209758615856935
1086,0.027702982156287446
1087,0.027424791932505504
1088,0.027569667985384877
1089,0.02758240704019347
1090,0.027638083028283994
1091,0.027719551272050648
1092,0.02738590251671285
1093,0.02745204508255095
1094,0.02731096097658629
1095,0.02749462601348052
1096,0.02762551485865772
1097,0.02754499114619064
1098,0.027267661575353958
1099,0.027365435164252994
1100,0.027267999561250724
1101,0.02767783313945693
1102,0.027055324933441604
1103,0.02704307134010744
1104,0.027032157775446552
1105,0.027228277830403512
1106,0.027180340120622315
1107,0.02702524824455475
1108,0.02713132125823254
1109,0.026934905497367066
1110,0.026960873668773824
1111,0.027119536099198125
1112,0.027377329609850638
1113,0.027325956677521468
1114,0.027227016910454233
1115,0.027608495758023502
1116,0.02739408967668823
1117,0.027540551711851675
1118,0.02709939521722405
1119,0.027095133489129883
1120,0.02726816194688049
1121,0.027741605556227036
1122,0.0277406098740358
1123,0.02815039271954412
1124,0.02793292065947746
1125,0.02809715899966822
1126,0.028229119655158876
1127,0.028461741952495383
1128,0.02835117249254614
1129,0.028934093513329963
1130,0.02921366465633014
1131,0.029836914736382714
1132,0.029471725893942546
1133,0.028309900183661512
1134,0.02847426229589587
1135,0.028169270218121677
1136,0.028325644425482317
1137,0.02831635321530258
1138,0.0281502437585228
1139,0.027917539700492534
1140,0.02810432489215429
1141,0.0281104672255502
1142,0.028329379166360302
1143,0.028248531881305616
1144,0.028122561049757234
1145,0.027809674190694147
1146,0.02727990240548421
1147,0.027470762606152676
1148,0.02713742778285174
1149,0.02686750291392147
1150,0.027456629796656484
1151,0.027469076098910205
1152,0.027163959126165486
1153,0.027370205094409572
1154,0.028138939496762827
1155,0.028320163914591485
1156,0.02883743159445611
1157,0.02755520243606279
1158,0.029614383444526732
1159,0.029759544035946772
1160,0.03059594788969941
1161,0.03055185670488776
1162,0.029772194746180695
1163,0.029395318467576523
1164,0.028018111760363763
1165,0.028213141197866595
1166,0.027997118768040185
1167,0.027479063855024445
1168,0.027284271532309792
1169,0.026930480680805873
1170,0.02641013929553084
1171,0.026755617244457904
1172,0.02717313301046829
1173,0.026498265255837587
1174,0.02675636206132036
1175,0.026823766444602107
1176,0.026750505210350592
1177,0.026212893528200044
1178,0.02629867335788066
1179,0.026518310070714125
1180,0.026461368273883026
1181,0.026381397331085417
1182,0.026951265602737418
1183,0.02664328407238995
1184,0.02665702872410334
1185,0.026645284779969712
1186,0.026919490581636337
1187,0.026990416006263195
1188,0.026821330612409645
1189,0.026480649625774715
1190,0.026369726766020028
1191,0.026317437862160363
1192,0.026542811369598997
1193,0.026557320818838888
1194,0.02669815205416474
1195,0.026846563241935177
1196,0.026931567140451865
1197,0.02661101623362079
1198,0.02732011937683384
1199,0.027487536779430582
1200,0.02813562670141198
1201,0.02872778391697034
1202,0.027700689092061647
1203,0.027504701653540777
1204,0.027852949248763043
1205,0.027966904158515247
1206,0.029385397171815448
1207,0.030801544758630627
1208,0.031203098863092287
1209,0.03102567134911491
1210,0.03264711172589446
1211,0.03344603319064596
1212,0.034459713449400076
1213,0.030852579929986364
1214,0.029666335902095217
1215,0.029366340765047586
1216,0.028483107682692452
1217,0.027749447308707875
1218,0.02742217193157819
1219,0.027472300394592617
1220,0.027725095094501533
1221,0.0273810209841101
1222,0.027397190468278574
1223,0.02745213923002633
1224,0.027700777738597446
1225,0.027698996850880245
1226,0.027575750854408398
1227,0.027714808096013416
1228,0.028287953586604454
1229,0.028627236497124914
1230,0.028698732678005188
1231,0.028466340588742884
1232,0.028520144696565445
1233,0.027994448502691175
1234,0.02782614384990327
1235,0.027672265166638624
1236,0.027266236043831226
1237,0.027026117781750212
1238,0.027028534784048337
1239,0.02670476487950455
1240,0.026813465783109666
1241,0.026676202599678567
1242,0.027013867757823995
1243,0.02730546588692648
1244,0.02752067321961066
1245,0.028190363549803168
1246,0.028103067502456953
1247,0.028812060586444102
1248,0.02906045945867646
1249,0.028954798153678248
1250,0.02877752517569675
1251,0.02919046200822939
1252,0.029696262490008115
1253,0.03007152062518501
1254,0.030022509503247828
1255,0.0298080608005849
1256,0.030327553955810764
1257,0.030876944862300127
1258,0.030429867894704313
1259,0.030015000064785153
1260,0.029471734358300382
1261,0.029210898003038933
1262,0.02858677564693151
1263,0.02848143655596246
1264,0.028220182221191464
1265,0.027787553411398387
1266,0.027095760137879107
1267,0.02742660248945557
1268,0.02716945640910243
1269,0.027261389722617234
1270,0.02738867533441726
1271,0.02791389299039968
1272,0.027937604318470612
1273,0.027231912119900375
1274,0.026875723822262904
1275,0.02718072402585644
1276,0.02640576688371362
1277,0.02677667360287281
1278,0.0268778342829138
1279,0.02669635269770804
1280,0.02660787291305761
1281,0.026558959202463303
1282,0.02690864925179842
1283,0.02669434532994762
1284,0.026583411092882397
1285,0.026388472201539444
1286,0.026780714454126563
1287,0.026831876503640432
1288,0.02560492263930722
1289,0.026404464433156766
1290,0.026449114933856065
1291,0.026434482579903756
1292,0.0259809065421838
1293,0.02628568802393648
1294,0.02584145918350698
1295,0.026279812963891105
1296,0.026056911369226544
1297,0.025684862839342293
1298,0.02620144618169668
1299,0.026634852216166172
1300,0.025663366333522685
1301,0.026146976001274583
1302,0.026859269797337937
1303,0.026855920342952356
1304,0.026274002714418827
1305,0.025727440383464504
1306,0.025958168850209084
1307,0.026084925703119228
1308,0.02647776145135132
1309,0.026962381447130576
1310,0.02786674029351214
1311,0.028331596941143625
1312,0.027886539200691948
1313,0.028113220269530257
1314,0.02796787164772511
1315,0.02889988226570997
1316,0.027914909243349852
1317,0.02793898148381975
1318,0.02822184832154617
1319,0.0285179761400987
1320,0.028326540123855545
1321,0.029061443574065447
1322,0.029484351196840633
1323,0.02953988545043626
1324,0.029735292436418773
1325,0.03013189065892856
1326,0.030174810046037573
1327,0.030490524206285095
1328,0.03116747189021054
1329,0.031162478879347703
1330,0.03020377019796238
1331,0.030645802270487535
1332,0.030532387199787864
1333,0.02983076117912224
1334,0.029787824643847806
1335,0.02894971577975421
1336,0.030057206333543026
1337,0.02961143776236168
1338,0.029219192360661294
1339,0.029076110741733056
1340,0.02811407717241624
1341,0.028218262155605585
1342,0.026941987151669962
1343,0.02666202981397907
1344,0.0264414220670877
1345,0.02605320315566367
1346,0.026010791115414385
1347,0.025876422084159502
1348,0.025888882957304588
1349,0.0256167356024396
1350,0.02542965869791061
1351,0.025342281615795135
1352,0.02529239235902441
1353,0.025381006726951517
1354,0.02531840181265221
1355,0.025135241839004972
1356,0.025596882948837735
1357,0.025830596161149282
1358,0.025088046798382852
1359,0.025438680137118388
1360,0.026438967217900608
1361,0.027305165505543266
1362,0.02674852670352355
1363,0.0257203602252688
1364,0.026270791950199622
1365,0.0264288288099341
1366,0.025664621824908147
1367,0.02597011094780473
1368,0.026154930970574766
1369,0.02648984956573779
1370,0.027442485857977816
1371,0.025939914143790013
1372,0.02579320226688768
1373,0.02650259277972903
1374,0.025884723912898585
1375,0.025638867925728646
1376,0.02637209936161137
1377,0.026618493494989768
1378,0.025976324662519323
1379,0.02574178667913237
1380,0.025411785755509196
1381,0.025624214498905798
1382,0.02521194546590549
1383,0.024934256091650977
1384,0.024811684695640726
1385,0.024719498324863743
1386,0.02466659928739474
1387,0.024701881187624043
1388,0.024771440417930005
1389,0.025074705421632346
1390,0.025531761790139374
1391,0.025250581866729304
1392,0.024979310059610755
1393,0.02478060561078488
1394,0.024769037437231488
1395,0.0249312387512424
1396,0.02541233986219176
1397,0.02495867652591949
1398,0.0257087245731433
1399,0.02698619303667731
1400,0.02886325153413436
1401,0.029690285244589363
1402,0.03015073142549163
1403,0.031162619896694013
1404,0.03000965986126699
1405,0.028184209938181215
1406,0.02757120889049631
1407,0.02718429925108403
1408,0.026991107001928447
1409,0.027657152949218743
1410,0.02798134033047527
1411,0.028163335735929725
1412,0.027686956691091665
1413,0.026985983048378136
1414,0.027655688755806932
1415,0.028252538215055863
1416,0.027945793959359366
1417,0.028023534975771498
1418,0.02811486996746479
1419,0.027905665224073162
1420,0.026261325405748603
1421,0.02711774190467633
1422,0.027380712416917162
1423,0.02670919243643024
1424,0.02678247219919188
1425,0.026355191737296262
1426,0.026230875452184336
1427,0.026278339131196003
1428,0.026523989666090358
1429,0.026237577495361694
1430,0.025928859627656578
1431,0.02576223727306788
1432,0.025585206066235464
1433,0.025773796052925964
1434,0.025542480370860664
1435,0.02527507328455723
1436,0.025063792760669105
1437,0.025129315836330754
1438,0.024903964092553223
1439,0.024798495697325125
1440,0.025048538747828565
1441,0.024806883703313187
1442,0.024929939968211478
1443,0.025217616315999503
1444,0.025569781410220656
1445,0.02582707718433454
1446,0.02595259292531016
1447,0.02624381498724672
1448,0.025860358200187943
1449,0.026060685232598826
1450,0.0261823461784613
1451,0.026326950202922257
1452,0.026266169019521817
1453,0.02681939039583033
1454,0.027247148810246164
1455,0.028121755897852166
1456,0.028451179878246375
1457,0.027796364201366566
1458,0.02861636225708461
1459,0.0292785045102033
1460,0.028535805793905814
1461,0.028575502955845444
1462,0.027848687930616428
1463,0.02715753434518208
1464,0.026869929567610997
1465,0.027316130173365958
1466,0.02706260989667892
1467,0.02714599325985906
1468,0.026749088270701167
1469,0.026199245359819837
1470,0.026602765305462323
1471,0.026255546291088415
1472,0.026782556170888473
1473,0.02681899181252635
1474,0.02667334373706841
1475,0.0274130931949289
1476,0.026973891101836126
1477,0.026337875308080117
1478,0.026331625138054007
1479,0.02613646646002893
1480,0.0267206972488128
1481,0.02773695210632942
1482,0.028316350387135127
1483,0.027505450487465652
1484,0.026724983237461537
1485,0.02644311047521745
1486,0.028701550473408416
1487,0.02805736928591042
1488,0.028984707337544557
1489,0.028057378823954218
1490,0.027865678217943862
1491,0.026466927683264304
1492,0.026444977264310512
1493,0.0262306460329189
1494,0.025851585894682734
1495,0.025653503018650742
1496,0.025779133989797913
1497,0.026571020591887838
1498,0.026750667954556617
1499,0.025335992357753998
0,0.10272096291568442
1,0.09979271579747834
2,0.09270713329146553
3,0.08042257377288808
4,0.0770570858905674
5,0.06820843938980323
6,0.06059853614554011
7,0.05627889535907774
8,0.05091202237118278
9,0.04814764163953068
10,0.04428645749255531
11,0.04223729397575905
12,0.040767666452116526
13,0.038959908557109936
14,0.03799836728814382
15,0.03742340306842843
16,0.03700992611772969
17,0.03729466546061583
18,0.03687108044829664
19,0.03656816723973041
20,0.036733750731286485
21,0.036924479988262655
22,0.03656572149974865
23,0.03623412040322038
24,0.03610287342072979
25,0.03582989173589024
26,0.03593951102231557
27,0.03586015043393631
28,0.036026287591487405
29,0.03631740445170006
30,0.036466799392349335
31,0.03692182219658159
32,0.03696999292784603
33,0.037586922760375875
34,0.03870300479920377
35,0.03920452850521652
36,0.03889349313595552
37,0.04096647263674555
38,0.04236876330490352
39,0.042406689982405155
40,0.04178041370559623
41,0.04373265086619662
42,0.04318465328554173
43,0.041968060122739154
44,0.04056268475655905
45,0.040117175817448274
46,0.04016966962551362
47,0.039443386091057506
48,0.03915620211947312
49,0.03921003015259175
50,0.0396356241571601
51,0.039447965939844724
52,0.03931670068899661
53,0.03914846515965424
54,0.0392688683104373
55,0.039154948553618146
56,0.03865896295459367
57,0.03835830807921772
58,0.03810443105808019
59,0.03821973910696646
60,0.03776756955339926
61,0.03746424508957936
62,0.037452769221897796
63,0.03776607252572451
64,0.03727199404820923
65,0.036925700280999875
66,0.03683193025548676
67,0.03697297705385087
68,0.03600907501674754
69,0.03580157373836698
70,0.035599785049931984
71,0.03554885477695416
72,0.03527294399798552
73,0.03536704336887932
74,0.03536760047294972
75,0.03508381177071067
76,0.03507514567446343
77,0.03501869085439371
78,0.03499310430779926
79,0.03490872944763421
80,0.034997139266813374
81,0.035045685704433706
82,0.03510751756515893
83,0.03502747126589479
84,0.03534575525057982
85,0.035735269687663836
86,0.03578296999942244
87,0.03514988040827956
88,0.03546612100691565
89,0.03578907564420365
90,0.036088256395262266
91,0.03598665968935757
92,0.038107847286598745
93,0.03751983979000163
94,0.03707033288375181
95,0.03661461376066553
96,0.036744110451673306
97,0.0365720313114115
98,0.03519296864201989
99,0.03487652152805404
100,0.03482703726433655
101,0.0345274903677391
102,0.034558047941577345
103,0.03458117503920923
104,0.03495017787632841
105,0.03571603446247944
106,0.03575007101295938
107,0.035378932591226264
108,0.035061272963683165
109,0.03456836786579114
110,0.03431818588919862
111,0.03428514010408525
112,0.0344609515007786
113,0.034405228616623706
114,0.03422514517383256
115,0.03418809954907151
116,0.03414080919799255
117,0.03404594365138431
118,0.03395205965805235
119,0.033961994547308555
120,0.033971911257259305
121,0.034271547663704
122,0.03468300133859827
123,0.03436943383966535
124,0.035047315254469774
125,0.034909426730484645
126,0.03448492269955315
127,0.035335518757708316
128,0.03517116824249594
129,0.03507186676885552
130,0.03548880780943139
131,0.0351996658694184
132,0.03494043418683182
133,0.034592166379984496
134,0.03489899038993853
135,0.03416945526069566
136,0.03380085029948565
137,0.03364819805884194
138,0.03368935922442579
139,0.033845162093257684
140,0.033869429954112705
141,0.03390081615108104
142,0.03424284875038805
143,0.03415664429315239
144,0.03428680524176691
145,0.03395057185849091
146,0.03403822472863466
147,0.03400647832464557
148,0.03399191597714236
149,0.03451373175919547
150,0.03394843486927782
151,0.03410669616157574
152,0.033890225968325936
153,0.033551305534180675
154,0.03365775631153034
155,0.033969698216350444
156,0.034675937657497415
157,0.03486233395558779
158,0.033828724931490466
159,0.03318917237464266
160,0.033194901912702884
161,0.03290429050160627
162,0.03314879104655353
163,0.03254766144326083
164,0.03229656607827024
165,0.03234940871674581
166,0.032170567288747544
167,0.0322445302652353
168,0.03201194351677176
169,0.032144965897332095
170,0.03274965071346713
171,0.03230914770472827
172,0.03333443207185259
173,0.03313272573894144
174,0.03196845450863481
175,0.032689877902015295
176,0.032349777626236274
177,0.03267604975111761
178,0.033130869955549085
179,0.03265421128183232
180,0.03207642404282487
181,0.03180113112460565
182,0.03143273401001884
183,0.03124925426549189
184,0.03185296299059418
185,0.031929181055802926
186,0.03152822504342345
187,0.03162170165075894
188,0.03196662148595281
189,0.032798091856537585
190,0.032798657099395834
191,0.03169540117125195
192,0.03132417678041385
193,0.03118170775205843
194,0.031125685307095575
195,0.031319783898957294
196,0.031538197452949314
197,0.03148793991129171
198,0.031576258363391715
199,0.0315287210226244
200,0.03172228106392796
201,0.03188096108833634
202,0.03227336256335825
203,0.03301538083376907
204,0.03304733910393626
205,0.03446355436686556
206,0.03576379354414267
207,0.036019228573938245
208,0.036281291980875624
209,0.03748202839256453
210,0.036231395827954746
211,0.036069956474480205
212,0.03535843282826772
213,0.035789179857081105
214,0.03500706323568608
215,0.03477301614271361
216,0.03405926678043238
217,0.03421443619206206
218,0.03355408946745861
219,0.03359085286371963
220,0.03398468271691673
221,0.0335163312705851
222,0.032487422349130476
223,0.03252994128670601
224,0.03241529716602938
225,0.03202684495873225
226,0.03284994730205296
227,0.03367483661813821
228,0.03349504084116187
229,0.03243246412979219
230,0.03232697132506098
231,0.03216760200842015
232,0.03378201963308234
233,0.03381249572331791
234,0.03348924160746144
235,0.03559494511402177
236,0.03391528181618954
237,0.03538930558287985
238,0.03638037050152328
239,0.03778969326642826
240,0.03927044993040952
241,0.03805093002769422
242,0.03465284251020822
243,0.033017260528492784
244,0.035358964123207645
245,0.035180431543764566
246,0.033269518748618054
247,0.03209056079930609
248,0.032032629889938054
249,0.03159512769805931
250,0.030486820637721557
251,0.030839987824748817
252,0.032294562495023604
253,0.03046257877021286
254,0.03030183774133356
255,0.030468408325176416
256,0.030542523189575798
257,0.030606583516977582
258,0.030989073176082616
259,0.031046843605468735
260,0.030974804088746487
261,0.03092513659620498
262,0.031249747243285195
263,0.03153823108876775
264,0.031567800988622316
265,0.03211710583211574
266,0.03160310807224085
267,0.03142598446837169
268,0.03154154925656609
269,0.03200532208228946
270,0.03226571835542283
271,0.0334561413187663
272,0.03337799200867444
273,0.032681650135283784
274,0.034288401748325294
275,0.03559947789203009
276,0.03973580287886631
277,0.038185228274342405
278,0.037846178520486384
279,0.03753832569876368
280,0.0355260481128629
281,0.03405878589213955
282,0.0330764207692612
283,0.03206666830969795
284,0.03302342547767546
285,0.03233257179189209
286,0.032117056502705216
287,0.03173949134340716
288,0.03182353037012745
289,0.03150376158779687
290,0.03140329824254327
291,0.03132189850725882
292,0.03137196187650382
293,0.0311809429839621
294,0.031047665329516097
295,0.031083268148743706
296,0.03093995857165427
297,0.030970328212093716
298,0.030403262171351503
299,0.029937680073606067
300,0.030173703076870003
301,0.0298083845523832
302,0.029805373217755806
303,0.029804064033960832
304,0.02972408812095715
305,0.03024630346224004
306,0.029679755757168046
307,0.03057440450172047
308,0.03009969510814336
309,0.029989865308493496
310,0.030501332529525475
311,0.0306135852261578
312,0.029589487311279136
313,0.029847576164064457
314,0.02985136846152784
315,0.02971530090509651
316,0.029655122717864513
317,0.030073422285953427
318,0.029849517225221892
319,0.029854210727488062
320,0.030106830690521575
321,0.029852232876311415
322,0.030068057724504934
323,0.02999431458302211
324,0.029815625642958678
325,0.029490928673489736
326,0.02931446703244118
327,0.029439999469069368
328,0.029520138295394044
329,0.02976858597424207
330,0.03025356367112763
331,0.03024730206194619
332,0.030390334042895876
333,0.029685547456437842
334,0.02959167866002097
335,0.030021000752276733
336,0.030016749717098366
337,0.030243851757761786
338,0.031039885310399563
339,0.03262076994253738
340,0.03212596473433016
341,0.031357280740003976
342,0.030471884545145916
343,0.03156358711576641
344,0.03189313231437166
345,0.03315837477721623
346,0.03350960524864976
347,0.03225314379054463
348,0.03261540978860408
349,0.031182138577874618
350,0.031084349077967657
351,0.030573259299946698
352,0.029695750498595918
353,0.029578566104544003
354,0.029516327623671363
355,0.029669331271253797
356,0.029508701925104783
357,0.029161659525888093
358,0.029644162850435248
359,0.03208816373802215
360,0.03189767558649417
361,0.030162415474538847
362,0.0333761299518721
363,0.033573757392397076
364,0.03348497688223612
365,0.031114946686629577
366,0.0290299719241355
367,0.029109943128010282
368,0.028871414112938466
369,0.029021201771424195
370,0.0292860726774278
371,0.028791204335543143
372,0.02879044807497902
373,0.029294177761688717
374,0.02946141035328185
375,0.030536906898579987
376,0.030401146351993463
377,0.029749752774821645
378,0.03150628843246055
379,0.030156809316804912
380,0.029393830111846243
381,0.030867260399122087
382,0.029051752461776333
383,0.02897282531821369
384,0.02869485411641916
385,0.028876014625942158
386,0.02880502355134711
387,0.029115387675915917
388,0.029530952680081633
389,0.029519149575438188
390,0.029701312333220233
391,0.03010170634282024
392,0.030605636391401004
393,0.03072479973349558
394,0.03100655886231518
395,0.031181489116682816
396,0.03172902813125428
397,0.031207604877027673
398,0.031250825815596385
399,0.03213269937218689
400,0.0314488372165815
401,0.03141419128680917
402,0.03129994072281684
403,0.031109781293801656
404,0.03149729621242362
405,0.03276788383715809
406,0.032190363320415
407,0.03250713881180472
408,0.03264655497737684
409,0.032571964451031235
410,0.033112062079294693
411,0.03277088116285526
412,0.03402493046235961
413,0.034262113553661835
414,0.032606172640277285
415,0.032376785616948726
416,0.03272222645931974
417,0.03370703871340235
418,0.033262350031477525
419,0.0333161956929163
420,0.0356446812480548
421,0.03091881046934093
422,0.03118430948441889
423,0.03161617928221535
424,0.031325956894628894
425,0.029779675485353516
426,0.030544303514978423
427,0.030014153549112323
428,0.03014137266849101
429,0.030220232851321988
430,0.030510166864982438
431,0.03022866986827948
432,0.030466912681596455
433,0.029954980698410304
434,0.029702393657204784
435,0.029747166724607
436,0.030160715208047667
437,0.030967125903009082
438,0.02964234436359038
439,0.029011818458696444
440,0.02908147389764631
441,0.029603644780703122
442,0.028974003128219367
443,0.02941273967170319
444,0.02935316860917716
445,0.029120108006941304
446,0.029288769297095063
447,0.029289342655487154
448,0.029517704144248477
449,0.029094604876571374
450,0.028932695726317365
451,0.029665111044657355
452,0.02901404540906417
453,0.029135459345078787
454,0.029313533826620084
455,0.030151865414112536
456,0.029466134509036755
457,0.029607331978945415
458,0.02996272139442076
459,0.03033531598988161
460,0.02955349785620897
461,0.029313325669327026
462,0.02972425293910369
463,0.03103650505005963
464,0.030492111068547656
465,0.029248377834442063
466,0.028939054211385165
467,0.028661810945140392
468,0.0283637405314775
469,0.028589453111060745
470,0.028466291179245037
471,0.02881990694973494
472,0.02837536936831363
473,0.02845852270305561
474,0.028240632470929502
475,0.028433654942549992
476,0.028596909318693343
477,0.028476831287833577
478,0.028487653246745362
479,0.02894085964409527
480,0.028345997357687433
481,0.028352199060501904
482,0.02870104741241945
483,0.028333690247637412
484,0.028663692643075934
485,0.029112315072095912
486,0.028460274506217013
487,0.02942684054758364
488,0.029510942612442113
489,0.0316007895811958
490,0.03019708856834087
491,0.02947182443776437
492,0.03092801245616941
493,0.030340892657778177
494,0.03140674061619783
495,0.033227641345418515
496,0.034390686951604854
497,0.03151772190120744
498,0.03093322051882026
499,0.030429561262759346
500,0.030357406238258954
501,0.030264220690431894
502,0.029909188138440793
503,0.030219587284501272
504,0.032429468865152855
505,0.03131646907888491
506,0.03147170857574196
507,0.032490169382419866
508,0.03215450725453006
509,0.0320140800283021
510,0.03179611581764511
511,0.03155378979376534
512,0.03134562357985826
513,0.03054191675721854
514,0.03107423658042005
515,0.030639756658400706
516,0.030050078199495175
517,0.029548662076150544
518,0.03017370946608441
519,0.02977053947090107
520,0.03038593224401095
521,0.030079982740344915
522,0.031102450668376993
523,0.0290587184035225
524,0.030074642107556167
525,0.02898123386466382
526,0.029630350656493373
527,0.029220990968615256
528,0.028927252057595047
529,0.029043476677043878
530,0.029106280034403454
531,0.029478859209338144
532,0.0310648055814238
533,0.03141764214463761
534,0.03087942604867319
535,0.030974198879694843
536,0.03182829104950715
537,0.03277021993848497
538,0.03478266247535052
539,0.03793517080482493
540,0.034083091573809725
541,0.031867647090146625
542,0.03056553263602367
543,0.03084977881825313
544,0.03217072374736678
545,0.030920532969535487
546,0.030129398688717304
547,0.02948067391174431
548,0.028958725840234376
549,0.028730870858007376
550,0.029198812006128456
551,0.028803202469287664
552,0.029017564208179483
553,0.030209325405278088
554,0.029393874232824396
555,0.029353298030547325
556,0.029156934463241316
557,0.02913768821896148
558,0.028924846604469576
559,0.02921804935771197
560,0.029093128747848824
561,0.02979467980071617
562,0.029091922510140308
563,0.02935710201699194
564,0.02926589940657203
565,0.028772777466080868
566,0.02894217131567293
567,0.028347597022623825
568,0.028689708739902897
569,0.028304219643495367
570,0.02847005547600279
571,0.02853285707379398
572,0.02965618440136933
573,0.028582995478747767
574,0.0283724091905796
575,0.028209199360740338
576,0.027823666104475484
577,0.027679924057251275
578,0.029130779827357185
579,0.028258078765216976
580,0.02816692336316747
581,0.02794482612020074
582,0.028511787977728097
583,0.028459654301350768
584,0.028029422126558075
585,0.028285320070732735
586,0.02818701485636483
587,0.028691496599104686
588,0.029341318801113812
589,0.029357039058810534
590,0.028902106747055272
591,0.030437049105872593
592,0.030718396167882276
593,0.02903200287310532
594,0.02882610908249792
595,0.02898451363046072
596,0.028353653888780816
597,0.027938675007304268
598,0.02764690550113624
599,0.02733513328308061
600,0.027833038035034757
601,0.02795908765924496
602,0.02867661981035802
603,0.028024267627867562
604,0.02925739299205205
605,0.027211604223981976
606,0.027202726705618897
607,0.027416027471308706
608,0.02787938427348003
609,0.02835327898574062
610,0.027925179653357588
611,0.02901469919695412
612,0.030351301466522523
613,0.030228462419952893
614,0.031501753579343296
615,0.03462388495732759
616,0.03415263988361355
617,0.034810042596538256
618,0.0312142901567782
619,0.03022653218363647
620,0.030675726000930582
621,0.03127795805992876
622,0.030258569331815307
623,0.03014860245053818
624,0.03057034791639439
625,0.029403010844524857
626,0.02970499156274866
627,0.02982307482918659
628,0.030643755933111458
629,0.03076538823222678
630,0.029880897637839257
631,0.031002209891427168
632,0.03094525580035621
633,0.03145567994650197
634,0.03105003206806068
635,0.030157349288866986
636,0.02965958437009911
637,0.030349170903733777
638,0.03024574438535899
639,0.029929908935981853
640,0.03205797961287946
641,0.028775435533721788
642,0.029570207801313548
643,0.02975868233333681
644,0.02858032954250518
645,0.02991689324882051
646,0.028923644538178042
647,0.028660881934275177
648,0.029160441756161403
649,0.028878223754026534
650,0.027481314086993763
651,0.027324084445178164
652,0.026880933419478323
653,0.02697860856720298
654,0.026778795204307277
0,0.10393922156882825
1,0.10712628865156566
2,0.11272489367790095
3,0.11323919596885426
4,0.11624449774020104
5,0.11659570194568417
6,0.120158442708152
7,0.12284001435631171
8,0.12118811541028089
9,0.1235795734649324
10,0.12074946943685591
11,0.12116600846788089
12,0.11916512330365793
13,0.11879963859489519
14,0.11538130046580339
15,0.11136015736700487
16,0.1085513901903282
17,0.10628624719609575
18,0.10466230654558913
19,0.0972503955503682
20,0.09481072190399682
21,0.09126114949289038
22,0.08814121395827945
23,0.08458813991997345
24,0.08046670971639817
25,0.07529166175082831
26,0.07346699685494719
27,0.06927126371310527
28,0.0654392097400746
29,0.06293951630939632
30,0.059595135572259095
31,0.05622392284460716
32,0.053336409568173544
33,0.05162258680126156
34,0.04996551318946458
35,0.04785633864668073
36,0.045640572716950045
37,0.04492629840924383
38,0.0440405425400319
39,0.04280163202583446
40,0.04216692842420602
41,0.04108409349841185
42,0.04057680543506361
43,0.040116295628122786
44,0.03962455845765806
45,0.039497558198356646
46,0.039499259759789455
47,0.039412294657065715
48,0.03979167797967114
49,0.03995909730171372
50,0.04021445474827067
51,0.0410236210727065
52,0.04142830261073861
53,0.04198774326536656
54,0.0426360622333707
55,0.043467485505382916
56,0.04372579669391647
57,0.0447163609144321
58,0.04515310880255629
59,0.04574609754954787
60,0.04670405368439951
61,0.047449053086097
62,0.048308477788286515
63,0.04916359349363187
64,0.049758798989286854
65,0.05026272860965578
66,0.05078917782928811
67,0.051134495391205244
68,0.0511999785736924
69,0.051969428817985816
70,0.05258222849891594
71,0.052711691489892916
72,0.05310136303602196
73,0.05325182665910179
74,0.053672509239706304
75,0.053861364823189276
76,0.05384989205991717
77,0.05210415274205107
78,0.05114339138088639
79,0.051043376500089915
80,0.050250617271209976
81,0.05025001242451999
82,0.04934374542556089
83,0.048432194942391586
84,0.047503597083524494
85,0.044987381712802574
86,0.04479141621177667
87,0.04387517797151252
88,0.04309833854608296
89,0.04160982850522186
90,0.040685496499651294
91,0.039761795063021244
92,0.03895325419023324
93,0.03836637372045157
94,0.03786532251196138
95,0.0376930724816593
96,0.037422875351832294
97,0.03743943895447947
98,0.03750419358264949
99,0.03788829471927762
100,0.03806069137230408
101,0.03833782859348165
102,0.03897275949044777
103,0.03905121529666309
104,0.0395205497557325
105,0.04027497047605368
106,0.04098002279043687
107,0.04137600483903492
108,0.042972991259272064
109,0.043545479309235226
110,0.044589991294067204
111,0.045451132847314855
112,0.046119694486585705
113,0.047122107287710685
114,0.04876883919672224
115,0.04865952635560277
116,0.04994825057170388
117,0.049707679569332724
118,0.050212330920655066
119,0.05105622238075555
120,0.05135592502791404
121,0.05181879932612055
122,0.05184482627356185
123,0.05270914473887574
124,0.05250260135983883
125,0.05259287612732835
126,0.052204796535599715
127,0.052706955825862385
128,0.052431969473586935
129,0.051673144780564215
130,0.051324316728166335
131,0.051181686047381054
132,0.05079455491484675
133,0.04971055413501914
134,0.04952063015931223
135,0.049090847922401926
136,0.048023284509714395
137,0.04705842330506338
138,0.046314204766082556
139,0.04570883637694696
140,0.04505198173797563
141,0.04481673083955034
142,0.04343286515005548
143,0.04327006165817063
144,0.04275572583347566
145,0.04219652235157481
146,0.041604473603528085
147,0.04111701925355572
148,0.040804897903957804
149,0.04056831985938266
150,0.04012788834718084
151,0.03994119763513426
152,0.0397617477909459
153,0.039537008038052206
154,0.03918267019656149
155,0.03916839683495306
156,0.039135718312593167
157,0.03911707375109572
158,0.03909144022223566
159,0.039029614004458715
160,0.039036106750787954
161,0.039035992973568384
162,0.03901286705884991
163,0.03921671612360966
164,0.039189961010951596
165,0.03928843614889657
166,0.03940002948778303
167,0.03938017981100499
168,0.03931487009948608
169,0.03926658538265962
170,0.03915580124225619
171,0.03929967499961508
172,0.03921154849646726
173,0.0391095511932925
174,0.03909382323646665
175,0.03887396522513477
176,0.0388890550111228
177,0.03873665094722318
178,0.03862527468814383
179,0.03846037954571276
180,0.0383752354393824
181,0.038247243496942904
182,0.03824594645683393
183,0.038155598628266445
184,0.03818156252620481
185,0.03806591320428055
186,0.037946392221456626
187,0.037882976298895296
188,0.03786678437715622
189,0.037919532760966435
190,0.03786978393490317
191,0.037844679627007154
192,0.03783262278675953
193,0.037851808714474966
194,0.037849666395759284
195,0.03786742452998074
196,0.03793392838595047
197,0.03798819815808568
198,0.038121340792506564
199,0.03817731278352027
200,0.038268385119641854
201,0.0382977945788847
202,0.03853058811193673
203,0.038714806672488306
204,0.03869843775247289
205,0.038830497276104575
206,0.03906451908180228
207,0.03933539045293483
208,0.03955460074782903
209,0.03962346700450773
210,0.039854771854407195
211,0.03982245392695395
212,0.0401582254707119
213,0.04049829859457351
214,0.04077067466818372
215,0.040854429631669666
216,0.040877842994849575
217,0.04120028488599468
218,0.04143481308134048
219,0.04153537359775786
220,0.041451426557721854
221,0.041695254248181206
222,0.0421727091724899
223,0.04227601336062207
224,0.042381354698446935
225,0.0426553169726783
226,0.04288029224726397
227,0.04328326178451803
228,0.04342773624606334
229,0.043344922318217995
230,0.04372522363087119
231,0.043553159613763555
232,0.043946836251643334
233,0.044196389098128695
234,0.04422240422344038
235,0.04453177985749031
236,0.044604709681546034
237,0.04500236756459068
238,0.04538923464894518
239,0.0457481061079058
240,0.04609607724824738
241,0.04616993727607038
242,0.04609201650990571
243,0.0465455867309848
244,0.04686113952448182
245,0.046928440459179904
246,0.046883181122302615
247,0.04701459751392866
248,0.047036494524492455
249,0.04666299043142526
250,0.04614841439133089
251,0.04676852823973609
252,0.04671536795855481
253,0.04660683119935264
254,0.046197679406385056
255,0.04586893072669876
256,0.04636488975424424
257,0.04593087082831653
258,0.04544797328028006
259,0.04546739331977954
260,0.045281969345563215
261,0.04419123427760895
262,0.0439222713718464
263,0.043384769498080115
264,0.042956405833234804
265,0.042221318692750205
266,0.04218041380377714
267,0.04156599344929488
268,0.04135965601135281
269,0.0410884193138185
270,0.0406710536058994
271,0.04075426212171173
272,0.04048779203329183
273,0.039914816595278645
274,0.03993979409304571
275,0.039829007670053804
276,0.039759916593253786
277,0.03959360682207347
278,0.03951957627292519
279,0.039415823168589485
280,0.03935561637445966
281,0.03914288723011178
282,0.03905542629201577
283,0.03883158478478901
284,0.03881531056742986
285,0.038844477313876566
286,0.03860799405480466
287,0.03851836222468254
288,0.038398274447978636
289,0.03837695532150105
290,0.038331237255912996
291,0.03816699933240295
292,0.03822835222397885
293,0.0381987824820893
294,0.03826085880987286
295,0.03832246943274759
296,0.03833331411792307
297,0.038394170596871766
298,0.03836421359302726
299,0.03834495707552626
300,0.03837971433976451
301,0.03826197087092811
302,0.03828241990774414
303,0.038275956350876245
304,0.038319031004343744
305,0.03837778349767044
306,0.038296583336646865
307,0.03841303826557935
308,0.038447500262327204
309,0.03845587989272606
310,0.03856226417697898
311,0.03850453583212973
312,0.03850648291727333
313,0.03848849159794798
314,0.038587134106375695
315,0.03856519928814902
316,0.038527928902012266
317,0.03856485142541837
318,0.03867590550544349
319,0.03867788895160931
320,0.038758213519861785
321,0.03880547739725269
322,0.03884928511008412
323,0.038814519709932514
324,0.03877775721274104
325,0.03881763577207949
326,0.038721972945494385
327,0.03879410741845565
328,0.03907326549875767
329,0.0390495532277239
330,0.03909403727933992
331,0.03934623717368241
332,0.03939879779485545
333,0.03936948786947495
334,0.03933671400205975
335,0.039308515043879215
336,0.039549983045938396
337,0.03960745341206563
338,0.03981107437135707
339,0.03997751156279891
340,0.03994367162843906
341,0.039964650368691776
342,0.0396674358935568
343,0.0400923193525764
344,0.04037709846506101
345,0.0405989849231714
346,0.040849135611912335
347,0.0405576648839697
348,0.04087136670312259
349,0.04063944699176342
350,0.04080699367140917
351,0.04062473121972375
352,0.04017110383076905
353,0.04048062461530236
354,0.04012792280875275
355,0.04033852872662415
356,0.0400613669242363
357,0.03983005255308239
358,0.039901180891460046
359,0.04003980467917946
360,0.03982598560395436
361,0.03987870154299878
362,0.03984141452298424
363,0.03958598436523734
364,0.03962296283642808
365,0.03965682080360943
366,0.03906411702045044
367,0.03878607377377529
368,0.038983995603589554
369,0.038522768804664875
370,0.03876033501035193
371,0.038621001751851194
372,0.03827069318982217
373,0.03832651817570387
374,0.03849372805088593
375,0.03844357473776594
376,0.0382507895979103
377,0.03795590137855926
378,0.0380704771757594
379,0.03779865246946427
380,0.03776885962324242
381,0.03765922157418037
382,0.037705298094207716
383,0.03748097179143233
384,0.03731134923446324
385,0.03729345814462698
386,0.036729505085310414
387,0.03660245960346946
388,0.03672523551355577
389,0.03634927804321428
390,0.03625774924276076
391,0.03627413411241539
392,0.035646535946158325
393,0.03531814980817915
394,0.0355109392804689
395,0.03516959220996203
396,0.03524229116018
397,0.034819381597909184
398,0.03473382779749765
399,0.034753078741870114
400,0.034608691544887785
401,0.03461647715591566
402,0.034586833405695315
403,0.034302809014776295
404,0.03424394710787364
405,0.034364619086268075
406,0.034385933557642565
407,0.03414958164231113
408,0.03420187443818005
409,0.0340409904928079
410,0.034052144308716344
411,0.03401408853199083
412,0.03394246364161092
413,0.033976048575509205
414,0.0339280991432244
415,0.03399121033423778
416,0.03403845555365833
417,0.03401508280960698
418,0.034036801970953386
419,0.03418702085885601
420,0.03420032249702218
421,0.033944986809667455
422,0.03408895178347202
423,0.03420328422321082
424,0.03409063992279881
425,0.03397718758971591
426,0.03407194147234704
427,0.034006372293673474
428,0.03410360142175082
429,0.03396837835856427
430,0.033918408707338164
431,0.03390641922548801
432,0.03387597459360039
433,0.033893775851464414
434,0.03374686114806395
435,0.033776117391275735
436,0.03357927444607948
437,0.03357419453533116
438,0.03340389151764134
439,0.03350082071527503
440,0.03338271155196014
441,0.03337631563081129
442,0.03327608133092175
443,0.03324670034224537
444,0.033226313760076384
445,0.03318887430538048
446,0.03307343943574101
447,0.03312811641708933
448,0.03318506206452799
449,0.033090197427338215
450,0.03305358619340975
451,0.03301697412756174
452,0.0329750553380781
453,0.03295311682261173
454,0.032862842406417465
455,0.03292319570868523
456,0.03284278692064397
457,0.03283610590576536
458,0.032768342622044214
459,0.03279496522284415
460,0.03277411688707246
461,0.032695943444639296
462,0.03279602218811441
463,0.03283207642931133
464,0.03276489599290379
465,0.0327362027944724
466,0.03264934371002963
467,0.03268787583102204
468,0.03251421339615821
469,0.03250337577501802
470,0.03251750966347977
471,0.03249424045016026
472,0.03245314849047492
473,0.03234796851689246
474,0.03236533569057094
475,0.03229106864293684
476,0.032287711782487405
477,0.032132568169994255
478,0.03218874849861677
479,0.03212317418758196
480,0.03203682274734022
481,0.031994794358660456
482,0.03195351234595519
483,0.03192935657515371
484,0.03185736707127755
485,0.0318568660524737
486,0.031782363027329036
487,0.031802642497888396
488,0.031737743446635554
489,0.031750041800469586
490,0.031718580025490405
491,0.0317207048855814
492,0.03174746271839126
493,0.03169660791438998
494,0.03176394278999146
495,0.03181054114350444
496,0.032038884239229244
497,0.032004047841579966
498,0.032003499830616934
499,0.03210364494472747
500,0.032028729686495616
501,0.03212452876857255
502,0.03203838269291507
503,0.032090035384206135
504,0.03245430788697094
505,0.03252840511398874
506,0.032403530327653925
507,0.03270112893092125
508,0.03304885789850603
509,0.03307496064120859
510,0.033075108119159924
511,0.03323182283214139
512,0.03325814068782684
513,0.0333456837630364
514,0.03360685952457529
515,0.033816851360177404
516,0.03348108715315916
517,0.03357943311064357
518,0.03317561392159872
519,0.03314151745805647
520,0.033073677452191835
521,0.03263450748246399
522,0.03257107922365425
523,0.03280675794484198
524,0.032497064015560614
525,0.03233095881425387
526,0.03226264011495405
527,0.032128760012188944
528,0.0325380759496187
529,0.03226026155796439
530,0.03200762572301365
531,0.03189022675113738
532,0.03200174102644207
533,0.0320503258777156
534,0.031872707309062824
535,0.03164242600129252
536,0.03167128298576398
537,0.031766359078063425
538,0.03179525645363567
539,0.03184802906445335
540,0.03170330688268744
541,0.03187214451538618
542,0.03162440837003571
543,0.03164345028872061
544,0.03179084768707294
545,0.03160909511697845
546,0.03169777960825885
547,0.031703097752297196
548,0.03146425998288979
549,0.031557668617930294
550,0.031543628912295445
551,0.03154591364538459
552,0.0314598576191285
553,0.031397146706384806
554,0.03140897356250228
555,0.03158282458472731
556,0.03144508324920579
557,0.03159718562084601
558,0.031627223161956534
559,0.031766195938241655
560,0.031662292656058084
561,0.03168316870937127
562,0.031741875514794446
563,0.03179281924130942
564,0.03184980899732793
565,0.031779922269800295
566,0.03176194891292169
567,0.03177558205934677
568,0.031888865109059396
569,0.03187016992881669
570,0.03194961277673925
571,0.03191612007354426
572,0.031973733627984606
573,0.03196098324855469
574,0.032053559763163375
575,0.03188952636598553
576,0.03201095984006529
577,0.031937162270148964
578,0.031916386065201446
579,0.031900832425839805
580,0.03192607170277541
581,0.03206862775755401
582,0.03197522881997016
583,0.03201720712749427
584,0.03198440950317735
585,0.032047115768259075
586,0.03197006747488782
587,0.031993415367287434
588,0.03203009488542263
589,0.03196103992483327
590,0.03211479367851354
591,0.03215314310474787
592,0.032196270681820585
593,0.03218980015129537
594,0.03219631804850901
595,0.032058433206847495
596,0.03210634156844747
597,0.03212663053919121
598,0.032090257337363315
599,0.031911127732170495
600,0.031921880149987064
601,0.031800903954550916
602,0.031892400821531816
603,0.031810377867353794
604,0.03180994283489333
605,0.03175785094102565
606,0.031802765720591264
607,0.03178506232561515
608,0.03183379094154368
609,0.03173062200142056
610,0.031704029804831856
611,0.03171660091106773
612,0.03177992221259365
613,0.03173596476200166
614,0.031859766923794566
615,0.03218469157476396
616,0.032047254324302867
617,0.03204222801330657
618,0.03203020387131796
619,0.03214385516658006
620,0.032243631990336225
621,0.03243276890141678
622,0.03264623147432856
623,0.03241869066235048
624,0.03238165386218363
625,0.03242021777557764
626,0.03208956426992671
627,0.032053208113703206
628,0.03212218006217966
629,0.032281480962661216
630,0.03191074765601709
631,0.031984274573576825
632,0.03227573473634653
633,0.032376328829204784
634,0.03230628938325859
635,0.032454736593596024
636,0.0321628295033684
637,0.03241071208470547
638,0.03261681782821982
639,0.03246001021206198
640,0.03292591820669696
641,0.03223310675584526
642,0.032299224029554895
643,0.03228022194171353
644,0.032460876613004404
645,0.03236507568151536
646,0.032001537163316364
647,0.03205668872195388
648,0.03191158889332239
649,0.03159966238523038
650,0.0315325784618555
651,0.03169037164999992
652,0.03145277395928678
653,0.031329421283818625
654,0.031087019640797263
655,0.03119119278801823
656,0.031103657070622518
657,0.031112440922903568
658,0.031363367698753426
659,0.031132081751152327
660,0.03103768763489024
661,0.030588674226422773
662,0.030923618761810122
663,0.030592520552615604
664,0.030573767423489488
665,0.03059647501758935
666,0.030600532493438318
667,0.03035793533030661
668,0.03013409504397971
669,0.029868826541689878
670,0.02992776843360854
671,0.029776267915825105
672,0.029816534780002592
673,0.029908007709079424
674,0.029739397146952704
675,0.029786319117700317
676,0.029786230312642516
677,0.029605330245468225
678,0.029556536767159924
679,0.029596852094481197
680,0.029554850265651248
681,0.029440670438782682
682,0.029551038289824492
683,0.0294471703502807
684,0.029569520354134137
685,0.02960790012204484
686,0.029454199199284926
687,0.029687039757581395
688,0.02963321592518532
689,0.029681279954129013
690,0.029666370049075352
691,0.029719382564217547
692,0.02984353356710822
693,0.02972081259753294
694,0.029720262083950594
695,0.02995511283583858
696,0.0299806867375492
697,0.030242173820315646
698,0.030265576844091265
699,0.03018606855593778
700,0.030256404189800332
701,0.030232485935954595
702,0.030073384224321858
703,0.029851985464129517
704,0.029867158509461637
705,0.029843007411673762
706,0.029771777926874035
707,0.02972727868745865
708,0.029681596916116798
709,0.02964584447531086
710,0.029296804965698118
711,0.029287005228033042
712,0.029209463785869166
713,0.02905708015586488
714,0.02905345893909081
715,0.02903015953209026
716,0.028983795326042908
717,0.029044610210513692
718,0.02901469447935264
719,0.02904876200017718
720,0.029011097978769242
721,0.029021279483281738
722,0.029024819164195855
723,0.029071440447989438
724,0.02909339083687654
725,0.0291593840460127
726,0.02918892029337217
727,0.029189245451260178
728,0.029218728830919496
729,0.02927334809788772
730,0.0293820291122757
731,0.029495535657638242
732,0.029638548615936178
733,0.029812648476242078
734,0.029913835363903064
735,0.030143011677579903
736,0.030192862545005836
737,0.030476270164772206
738,0.031012044123281533
739,0.031063102247428833
740,0.03141520754602799
741,0.03155474499916918
742,0.031774322558849516
743,0.031461840240035614
744,0.032513782128523946
745,0.032471357307677744
746,0.032855284509507095
747,0.03261117767964501
748,0.03279761587743377
749,0.032678099524200206
750,0.03297908883010175
751,0.03275879327412126
752,0.033018410768890005
753,0.032865482255916435
754,0.03297851755533526
755,0.03280342095645936
756,0.03316135201277468
757,0.03301218123279703
758,0.03307322925917581
759,0.033076395586514276
760,0.032543359395315954
761,0.032485572557197404
762,0.03197260164619669
763,0.03197361243724872
764,0.03173706587861132
765,0.03160483691284362
766,0.031516211782134755
767,0.031385507600540506
768,0.031236355291699987
769,0.03121687512942169
770,0.0309510904652271
771,0.030995031900691798
772,0.031019307354740476
773,0.030923857721215427
774,0.030925844977022433
775,0.03083632551991998
776,0.030764329271481917
777,0.030750227017373344
778,0.030694986058815685
779,0.030797063518601373
780,0.030808750954760045
781,0.030780701993201775
782,0.030841931643963743
783,0.030874299803523967
784,0.030885368515447976
785,0.030978237228017548
786,0.03098261193302572
787,0.031001456715944977
788,0.031101292380580913
789,0.031149829527679872
790,0.031195438174089707
791,0.03137661036308351
792,0.031470601365470675
793,0.03157990686003348
794,0.03166814845753625
795,0.03195703014177955
796,0.03211876175482084
797,0.0322403606914655
798,0.03241942782589713
799,0.03228700636087339
800,0.03236239628397085
801,0.032708964819294827
802,0.032755338735782666
803,0.03307526940832402
804,0.03322904000651038
805,0.03361016350324431
806,0.03367889726151066
807,0.03377257756740844
808,0.03395552329022597
809,0.034378344991100686
810,0.03403893243595783
811,0.03401397231628428
812,0.03414228732536422
813,0.03411326661697662
814,0.034497883425067766
815,0.03428249121108878
816,0.03426117478467502
817,0.034763456477408874
818,0.0345290920099588
819,0.03476482898268514
820,0.03475165479706681
821,0.03474848630218541
822,0.03453976711736266
823,0.034877940203500254
824,0.03429080364239376
825,0.03469490459390919
826,0.03442754698512918
827,0.034459240864658736
828,0.034284691876028096
829,0.0344529002072439
830,0.034290262731873015
831,0.03439459493616843
832,0.034291478042414156
833,0.034487583175858365
834,0.034181119132682056
835,0.03458686344979203
836,0.03441694216161916
837,0.03417943305808182
838,0.034161776114048074
839,0.0344046242874982
840,0.034376679584655255
841,0.03435955499227135
842,0.034215551101807504
843,0.0343844415746976
844,0.034209161441634446
845,0.034270479605189336
846,0.034243598468833986
847,0.03421299098424968
848,0.03441656957058081
849,0.034496363256217924
850,0.03445633347370595
851,0.03451936628689213
852,0.034763645015784696
853,0.034612927911767497
854,0.034755666201567365
855,0.03479465653386906
856,0.034917151410016584
857,0.035007263463829465
858,0.03506527526194544
859,0.03498842662807152
860,0.03506240950905202
861,0.03514137695251301
862,0.03513760105276683
863,0.035293963144513205
864,0.03521891682129396
865,0.03528743256974223
866,0.035280839060320555
867,0.035328008610938925
868,0.03550891026195201
869,0.03551375598729982
870,0.03547289237213715
871,0.03554681275305466
872,0.035564655511656953
873,0.035621029625706235
874,0.035565287179511434
875,0.03568883886483035
876,0.035724289003536414
877,0.03576780596160767
878,0.03580104315288547
879,0.03577094274249953
880,0.036015883254054866
881,0.036000118436035324
882,0.036054860987357676
883,0.03613353513258818
884,0.03632207437211143
885,0.0363951833558591
886,0.03646225799993573
887,0.036415636087946214
888,0.036609540113267953
889,0.03655248987515851
890,0.0368007157104047
891,0.0367679899059482
892,0.03684761547463517
893,0.036878634137323604
894,0.037026206470448825
895,0.03694428631544449
896,0.03695894562480024
897,0.03718485458727832
898,0.03732661960272931
899,0.037195649844904734
900,0.03744230035713696
901,0.03738210188393728
902,0.037474207069116076
903,0.037363360410301256
904,0.03749453918760296
905,0.03742424712500161
906,0.03731140766128554
907,0.03729590949461433
908,0.03735334710752645
909,0.03772225698666273
910,0.037739452815252025
911,0.03755060213455576
912,0.03761640892911182
913,0.03755003526071416
914,0.03759203345591485
915,0.03746174224013382
916,0.03760303720664802
917,0.03745308917272015
918,0.03749937321457221
919,0.03713829455135587
920,0.03713788659728803
921,0.03694653452849235
922,0.03677770903456488
923,0.036608369965000026
924,0.036476909583105614
925,0.03636312601486483
926,0.03630082535918772
927,0.03618220081573992
928,0.03605228760706542
929,0.03603023276497225
930,0.03594922559926755
931,0.035865743152059405
932,0.03588229378797975
933,0.03587262439610459
934,0.03595535683635243
935,0.036000100572240165
936,0.03594740181326214
937,0.036181131122426324
938,0.03607013090553647
939,0.03630727134492196
940,0.036338874129143134
941,0.03657124739007184
942,0.03654512121115238
943,0.03668306141998493
944,0.03688392770698049
945,0.036893669510782594
946,0.037189215497624446
947,0.03719570560269871
948,0.03732659056082941
949,0.03730860281451348
950,0.03747069929971227
951,0.037508577780008205
952,0.03760993985212616
953,0.037931195153929925
954,0.03800824605801423
955,0.038145214531120006
956,0.037969961551546104
957,0.037972301570950974
958,0.03798661089945696
959,0.03795693751737516
960,0.03781449744622773
961,0.037873683160109674
962,0.03763517272865531
963,0.03760431225918886
964,0.03787733468924097
965,0.03761007190876959
966,0.037742303017954906
967,0.03744350519630258
968,0.03755198305586922
969,0.03743022832610115
970,0.03749369293346131
971,0.037447760810972695
972,0.03746943300726016
973,0.037595494407568694
974,0.03754220145515625
975,0.03762329677401304
976,0.037669650080507426
977,0.03776740424172906
978,0.03777025072804552
979,0.03766509778349107
980,0.0377788636364374
981,0.0378155181646452
982,0.03786929797630886
983,0.03790915349780415
984,0.03789104408823056
985,0.03788750608527619
986,0.03799046857967097
987,0.03796760085855688
988,0.03807011232149342
989,0.03809764692019672
990,0.03817824439579607
991,0.038259587907441904
992,0.03823754844954504
993,0.038287040403427626
994,0.038365308295201246
995,0.0383305865073846
996,0.03836598085483863
997,0.03838671157717315
998,0.03847974672764625
999,0.038452204113529495
1000,0.038510156286464994
1001,0.03846929020485427
1002,0.038477200801601635
1003,0.038489702915432245
1004,0.03853294554965097
1005,0.03855239184444589
1006,0.038452817167456584
1007,0.03853632216327032
1008,0.03857376770933938
1009,0.038585104038948166
1010,0.038563404450320825
1011,0.03858013335630214
1012,0.03864062203096239
1013,0.03867754985892551
1014,0.03869670163732172
1015,0.038711080571936625
1016,0.03881751231709551
1017,0.03887582096328921
1018,0.03895693394324424
1019,0.03909300819532729
1020,0.03914488024002048
1021,0.03906371577190544
1022,0.03921788993772279
1023,0.03924911303468169
1024,0.03931558661586803
1025,0.039342677019756425
1026,0.03926588515692471
1027,0.03943053308841505
1028,0.0393525330905417
1029,0.039457330727049524
1030,0.03949369721915018
1031,0.03949010176358529
1032,0.039567184008098284
1033,0.03957006832471747
1034,0.03967470941575476
1035,0.03960172108683997
1036,0.03968882797458098
1037,0.039712362375740544
1038,0.039672524190962705
1039,0.03978071801636141
1040,0.03978982781912574
1041,0.039813290334539
1042,0.03982635937895804
1043,0.03992593608558594
1044,0.04003376865472586
1045,0.04012801485425668
1046,0.04014635678165966
1047,0.04019947359306401
1048,0.040287611785049415
1049,0.04033845570953049
1050,0.04047325832791671
1051,0.04049569466797578
1052,0.040447792969339515
1053,0.040403709270971734
1054,0.04041862316252243
1055,0.040478415560362774
1056,0.04033247837250761
1057,0.040374077313854534
1058,0.04043066660047452
1059,0.04051821289409018
1060,0.04047379649795689
1061,0.04044876867793113
1062,0.04044412476952378
1063,0.040480391860387106
1064,0.040569762194417616
1065,0.04042691541623946
1066,0.04050214765867471
1067,0.040455273882420574
1068,0.04040296827749318
1069,0.04042211181154459
1070,0.04043053874558756
1071,0.04044167106711757
1072,0.04040675518015879
1073,0.04039261633445191
1074,0.04039403941031347
1075,0.040553325626169465
1076,0.04043569295233084
1077,0.04044230186229524
1078,0.04043826311856268
1079,0.04041759445222951
1080,0.04046086489434944
1081,0.04043180594082906
1082,0.04037377273797899
1083,0.04047836387426008
1084,0.04037104266732281
1085,0.040331953070123286
1086,0.040481018646295726
1087,0.04037562705710396
1088,0.040415751009160485
1089,0.04041986573887423
1090,0.04040580289443538
1091,0.04051759197206394
1092,0.04046392913882987
1093,0.04049037450442196
1094,0.040446511485565904
1095,0.040441363244357875
1096,0.040422959115195944
1097,0.040348599311998565
1098,0.04036540794216449
1099,0.040337791009848495
1100,0.04035539242428102
1101,0.04037851678862052
1102,0.04032857092742939
1103,0.04030533548610487
1104,0.040318870900669435
1105,0.04032750291134307
1106,0.040328803174409004
1107,0.040210722561557076
1108,0.04025328452802661
1109,0.040279619711743875
1110,0.04024065989021919
1111,0.04022187905319216
1112,0.04010893483274623
1113,0.040147319607024404
1114,0.04008467977980565
1115,0.04012717577711648
1116,0.040118312590079495
1117,0.04004792958349332
1118,0.04001116564276453
1119,0.040040559291525765
1120,0.04003559740382851
1121,0.04006396808089111
1122,0.04005971560823345
1123,0.04016578886847981
1124,0.04009493816227453
1125,0.04007638801524326
1126,0.04009049128161803
1127,0.04014204729916232
1128,0.040047268953423296
1129,0.04008885083642303
1130,0.04011985852381088
1131,0.04019986418613353
1132,0.040166777821701284
1133,0.040104957637468644
1134,0.04018144332986435
1135,0.040098974294221046
1136,0.04016295126404522
1137,0.04013857100397444
1138,0.040159698190531716
1139,0.040116736947256044
1140,0.04014573296286203
1141,0.040131892261033704
1142,0.040107772745150365
1143,0.04014160766079788
1144,0.04015452437773054
1145,0.0401043652795076
1146,0.04023736664864242
1147,0.04032799691630584
1148,0.040177379667812395
1149,0.040200029458251116
1150,0.04021791535197332
1151,0.04013118697192255
1152,0.040157906782909134
1153,0.04018668897773949
1154,0.04015574629582416
1155,0.04016222925562507
1156,0.04012425315703531
1157,0.04013168303764464
1158,0.04013023024743055
1159,0.04015183337054856
1160,0.0401290056890227
1161,0.04012099969412592
1162,0.04013264754098292
1163,0.04012197912882025
1164,0.04007572344007741
1165,0.04013068786619823
1166,0.04025896637940227
1167,0.04018981007829567
1168,0.04024037288698981
1169,0.04025004283371972
1170,0.04018745054667642
1171,0.040199413667197294
1172,0.04037346026722675
1173,0.04028142952045214
1174,0.040339621567477585
1175,0.040417824095684056
1176,0.04038342476007399
1177,0.0402320527711778
1178,0.040257989681349714
1179,0.04037260076039311
1180,0.04034320003869052
1181,0.04042808938732944
1182,0.040503872241108574
1183,0.040425836017963346
1184,0.04050091691149471
1185,0.040396717137868715
1186,0.0403701777553658
1187,0.04039741920113271
1188,0.04037988720742408
1189,0.04037849669609255
1190,0.040253161402491876
1191,0.040188168004181055
1192,0.04023751282979169
1193,0.040242047551888115
1194,0.04020320362231272
1195,0.040155325975273146
1196,0.0401634331780934
1197,0.040177606727950135
1198,0.040151583431869656
1199,0.040261627802917255
1200,0.040214928025819496
1201,0.040280175580167284
1202,0.040267476771677184
1203,0.040217047075715655
1204,0.04017098484844008
1205,0.04015402890798546
1206,0.04013449611833655
1207,0.040237345271896534
1208,0.04020044437155009
1209,0.040176544823634384
1210,0.04032075908675168
1211,0.040289786900344245
1212,0.04038945211590283
1213,0.04034984927067976
1214,0.040329228459801324
1215,0.04033122276301357
1216,0.040359459447395954
1217,0.040304322745640636
1218,0.04029953902596219
1219,0.04027809315425658
1220,0.04033309998706739
1221,0.040209933839860254
1222,0.04025415964438081
1223,0.04022535692575651
1224,0.040247641185878605
1225,0.0402771464321999
1226,0.04024029326621346
1227,0.04030920774838221
1228,0.040344789069214265
1229,0.04024368063620912
1230,0.04029270138210997
1231,0.040306722784770294
1232,0.04031599642315883
1233,0.04035707545059471
1234,0.04036883570593154
1235,0.040337412663628225
1236,0.040326713350433356
1237,0.04037812525975014
1238,0.04037042166536539
1239,0.040371492800920845
1240,0.0404131862112142
1241,0.040526893038879234
1242,0.04053503872633008
1243,0.04067083685863316
1244,0.04070593806517049
1245,0.040719788473190306
1246,0.04076315506659078
1247,0.04087648729136279
1248,0.04090179683806591
1249,0.04103770417701716
1250,0.041027848669176595
1251,0.041162815362331615
1252,0.04121009292118236
1253,0.04146405871834994
1254,0.04139998118573758
1255,0.04125403840945048
1256,0.04154827443895493
1257,0.04173401975180295
1258,0.04184817931783936
1259,0.04182506672637661
1260,0.04182640368346145
1261,0.041816714461777135
1262,0.04178910753913053
1263,0.04171543931919357
1264,0.04167877972271734
1265,0.04173535878878524
1266,0.04173225297733669
1267,0.041782748442266746
1268,0.04206914682940872
1269,0.041971096232692205
1270,0.04208871904468718
1271,0.04232243932062979
1272,0.04237944451733764
1273,0.04213176284301166
1274,0.04228277765330198
1275,0.04222375133073647
1276,0.04222339494362472
1277,0.0423883272896077
1278,0.04238499755141686
1279,0.04224791242894964
1280,0.04228253878367869
1281,0.042061579796402085
1282,0.04192679220391692
1283,0.04186258609107034
1284,0.04179799599036699
1285,0.04167932482211477
1286,0.04160966802743843
1287,0.04150109017740585
1288,0.04138949702977054
1289,0.04125188285724494
1290,0.04126534313342792
1291,0.0412092356940428
1292,0.04088650926966586
1293,0.04081844325289003
1294,0.040818989228595705
1295,0.0405633702099555
1296,0.04043191393587251
1297,0.0402431748050044
1298,0.040338145141087085
1299,0.04036221576367349
1300,0.04028826052402277
1301,0.04041852618905146
1302,0.04029270936405394
1303,0.040334279426838274
1304,0.040477889671884544
1305,0.040435620517723814
1306,0.040740616129989464
1307,0.040495180921201156
1308,0.040357863151981095
1309,0.040549090812354624
1310,0.0409658432313258
1311,0.04074637639845048
1312,0.0408290514154069
1313,0.04058404886695447
1314,0.040526090196555106
1315,0.04078059556624908
1316,0.04083462446966746
1317,0.04079032518638921
1318,0.04075163664529889
1319,0.040570278221525244
1320,0.0403851935342453
1321,0.040329113994249086
1322,0.040384881958168355
1323,0.040414721604146706
1324,0.04032188082060533
1325,0.040247930973944974
1326,0.039913966000203534
1327,0.03999157062501255
1328,0.040027796832473636
1329,0.03995843261691317
1330,0.03957108669282095
1331,0.03956841803508292
1332,0.03948619069586697
1333,0.039235289120278814
1334,0.0393015808129867
1335,0.03876193987370423
1336,0.03899626513515254
1337,0.03888715626242423
1338,0.038861595026196946
1339,0.03886070580774769
1340,0.038697883339831096
1341,0.03887599174315947
1342,0.038578894277760664
1343,0.03870957968361465
1344,0.0385500200393142
1345,0.03849484749062358
1346,0.03848472405959586
1347,0.03833612403160864
1348,0.03849219869088749
1349,0.03835594732809418
1350,0.03846981444555913
1351,0.038478152512508905
1352,0.038589731877189525
1353,0.03880259245453669
1354,0.03880092060821086
1355,0.03864945355425034
1356,0.038525606664205965
1357,0.038492143677127964
1358,0.03845290205083169
1359,0.039040675549555336
1360,0.038398460482974045
1361,0.038229945966675026
1362,0.03810154517672356
1363,0.03812318912337399
1364,0.038256761182450916
1365,0.03813198751932333
1366,0.03824730180169331
1367,0.03826827883761247
1368,0.037877221190640534
1369,0.03773183818079756
1370,0.03757597818654219
1371,0.03751800359584904
1372,0.03724877053005069
1373,0.03712535598475847
1374,0.03661777768940658
1375,0.03674827966260555
1376,0.036372820806809016
1377,0.036199536700820795
1378,0.035844191438675226
1379,0.03560547468791422
1380,0.0354024371872179
1381,0.035176952087590856
1382,0.03494645920330365
1383,0.03481378205200161
1384,0.03468083720674522
1385,0.034534760113083714
1386,0.03439839226200455
1387,0.034309344642008986
1388,0.03437567952783586
1389,0.03421507311852347
1390,0.03417065202694995
1391,0.03398536732721396
1392,0.03395741973024678
1393,0.03378053135617081
1394,0.033845220968703724
1395,0.03368793222783502
1396,0.033570621402180645
1397,0.033468883187947225
1398,0.03343928725305675
1399,0.03344499696072176
1400,0.03343743372429104
1401,0.03345775489183194
1402,0.033440275414892556
1403,0.03344772601396723
1404,0.03357743707916659
1405,0.033499796640727504
1406,0.033572656033864175
1407,0.03344473998878866
1408,0.0334033377424834
1409,0.03344072926309908
1410,0.033523141683512
1411,0.03352518767761711
1412,0.03367100213239036
1413,0.03368181631662418
1414,0.03376267663376317
1415,0.033886626104718466
1416,0.033899943233143666
1417,0.0340888015452601
1418,0.03397895293000671
1419,0.03415286268248173
1420,0.03415885573550661
1421,0.03439614147168644
1422,0.034164218445092896
1423,0.034310977189398136
1424,0.034192277833501955
1425,0.034293757082959155
1426,0.03420245224731257
1427,0.03442511308313693
1428,0.03429780245098751
1429,0.034357624375281594
1430,0.03422529404477756
1431,0.034380586049851385
1432,0.03402325481841489
1433,0.03418275195210668
1434,0.034029508211459183
1435,0.03379971319971158
1436,0.03359387395078913
1437,0.03362522074178075
1438,0.03338714837921566
1439,0.03323422382272774
1440,0.032979289121521836
1441,0.03295728672184963
1442,0.033003148158976855
1443,0.032843592049573496
1444,0.03271796259490628
1445,0.032557161120274486
1446,0.0324682133500905
1447,0.03241735783896572
1448,0.03217739113958432
1449,0.03209847230489813
1450,0.03199274584803087
1451,0.03201246625873678
1452,0.03190485515996623
1453,0.03186554751141465
1454,0.03190612931876588
1455,0.03173193895843908
1456,0.03173972097594081
1457,0.031682849890673354
1458,0.03159689592301634
1459,0.03160408472677961
1460,0.03153389577167927
1461,0.03159054357826807
1462,0.03159699969801936
1463,0.03160226416542376
1464,0.031687588379357146
1465,0.0317811657224329
1466,0.03176591162929806
1467,0.031794595994808585
1468,0.03194233653614314
1469,0.03188637389185652
1470,0.03201708230109043
1471,0.03215545381484341
1472,0.0321797449018376
1473,0.032192889014491965
1474,0.03232636922894323
1475,0.032276638170743784
1476,0.03252941768677236
1477,0.03258000788186811
1478,0.032643483081560454
1479,0.03268165085071823
1480,0.03289225662186931
1481,0.033259746237900414
1482,0.033518124457139406
1483,0.03354218792258192
1484,0.03352807237430012
1485,0.033889068903362934
1486,0.03434644602837615
1487,0.034505805111945946
1488,0.03513955854134904
1489,0.03516958339692633
1490,0.03523312164250696
1491,0.035335465620124115
1492,0.03581709229531843
1493,0.0359347188776504
1494,0.035855028015011114
1495,0.03584338447988293
1496,0.035877532278651085
1497,0.03572032998407342
1498,0.0358046071339562
1499,0.035937097738617106
0,0.13193947288640542
1,0.06083961122604511
2,0.047448770505502696
3,0.040795690538774736
4,0.12090759627849625
5,0.04175226861800582
6,0.07441961516493881
7,0.042961190085471355
8,0.1358710837872067
9,0.0373341887734068
10,0.09041288306309622
11,0.03921354620148231
12,0.13158369640863965
13,0.0451911923485654
14,0.12645840247412202
15,0.04439480904754278
16,0.09378735569162937
17,0.05052592598873156
18,0.04956120331735001
19,0.04357059261297106
20,0.07540762458299355
21,0.05172597199417298
22,0.1410666894204338
23,0.12385336253123821
24,0.07508021907865936
25,0.05980846583485035
26,0.12816467501488868
27,0.04452719056256821
28,0.1333111367124669
29,0.04317499902787083
30,0.17776707579598078
31,0.04168140488783263
32,0.11875898225501705
33,0.08042413824749772
34,0.2502724292126025
35,0.04581688569184057
36,0.13189989575847613
37,0.055048467599935876
38,0.20207337743194118
39,0.04168304955549726
40,0.12811330836388865
41,0.04533968122710354
42,0.09924302526148893
43,0.05296005006913355
44,0.15975646803729
45,0.036686680409372015
46,0.096844196045032
47,0.060941816395982416
48,0.12343109458127378
49,0.06413381921030879
50,0.13597560885078175
51,0.0696598496737279
52,0.07243879356742573
53,0.05566094471069041
54,0.04612737616295804
55,0.06690926207215947
56,0.035036756305249904
57,0.15351807045709387
58,0.044620644986034526
59,0.08566317015784902
60,0.1037998909020494
61,0.03297180869490344
62,0.04483706859415367
63,0.09305945750470954
64,0.03493654714075631
65,0.08951675472360283
66,0.049830239927780545
67,0.12103455803699845
68,0.06648738297982455
69,0.09088985545909527
70,0.0983196653001942
71,0.09888316762361228
72,0.04729320952662294
73,0.04417981358975176
74,0.08686570891055852
75,0.03296776437774476
76,0.061570316468704166
77,0.0436147804998189
78,0.08044344013518706
79,0.0332307808239926
80,0.09176673840784619
81,0.03461280363045477
82,0.09011855953788465
83,0.038998091112300105
84,0.13229110100725539
85,0.03940994070016386
86,0.09767688202066152
87,0.05056134137563323
88,0.1394808189166482
89,0.08469542510573153
90,0.07517809623041444
91,0.058523113554264046
92,0.14789796350749515
93,0.06960024482011201
94,0.10854468520308115
95,0.08150435245995792
96,0.06203679087224163
97,0.08568499861794884
98,0.15569798355317138
99,0.12443131466629916
100,0.04673326132603228
101,0.0423749914701732
102,0.16617430985225523
103,0.06283361824662088
104,0.041496035672434484
105,0.03695515913648007
106,0.041059076598178014
107,0.06113841709206176
108,0.12617508605107686
109,0.07842303412177977
110,0.10884691136344818
111,0.06759282625855152
112,0.040540274548822
113,0.09851601386695906
114,0.03774543256801667
115,0.06952580756426964
116,0.06177760770093434
117,0.09335505002214077
118,0.07285433923318577
119,0.11477342356385038
120,0.07609925860112639
121,0.06284264184149464
122,0.1371558850881096
123,0.039682628959295946
124,0.08674487490986693
125,0.03895614852775448
126,0.07040666099483267
127,0.04644744703567711
128,0.08368900067762909
129,0.04678281583740992
130,0.09159056248225772
131,0.0370965955369897
132,0.09299983471211348
133,0.039179928344242436
134,0.1160135959841411
135,0.04772851021138204
136,0.0845926552767768
137,0.08518810351330623
138,0.15061824501924748
139,0.054318144127561814
140,0.19504843839293196
141,0.04506081588087267
142,0.12782478691372734
143,0.07381443068029121
144,0.08078158291406722
145,0.060405186814369495
146,0.06096223798016679
147,0.08532914488934024
148,0.0399729804656302
149,0.2110870638437713
150,0.05224579473000879
151,0.11740615942619616
152,0.10145063060364387
153,0.11501675466762051
154,0.09176850675638958
155,0.0366993129265665
156,0.17119591155024588
157,0.05421867921488193
158,0.19077323322244594
159,0.1155446939623302
160,0.09983496725745515
161,0.12340830418833848
162,0.10083299856798308
163,0.11997947926286351
164,0.08696609229044387
165,0.10695954084744667
166,0.11407904413088946
167,0.052362354764218334
168,0.13719012323156562
169,0.0343326439787737
170,0.046596957386615075
171,0.034939042529437574
172,0.141740610432358
173,0.03450074952242341
174,0.17333410891777165
175,0.05970961455555721
176,0.11292784154580106
177,0.043516217795792664
178,0.04077677188398019
179,0.04232420252294798
180,0.03409664848160489
181,0.04391761251100048
182,0.04214299757860752
183,0.0712312740970419
184,0.0749146293077323
185,0.0674022188241311
186,0.11233828274948121
187,0.10490520979402493
188,0.10272397315015266
189,0.04942546539620211
190,0.053263153161646065
191,0.03611356036404681
192,0.03912598251319663
193,0.056642624451171686
194,0.04667013240970342
195,0.0666351030134862
196,0.05570567402254799
197,0.20548611274504
198,0.18349758854274004
199,0.07158893198218505
200,0.15241391183064149
201,0.10452394093414313
202,0.29743909699843235
203,0.06421010629607643
204,0.20583885631953727
205,0.10359386935972249
206,0.3017844998274936
207,0.07301559563314543
208,0.2336497557243394
209,0.07768863887010612
210,0.1962195663781041
211,0.08200641136491718
212,0.1464147117450042
213,0.08128629918367636
214,0.18204786600243236
215,0.09242707204948654
216,0.23171557262577422
217,0.04302036243797249
218,0.07018353408981015
219,0.0378528917076095
220,0.1690053103223138
221,0.06137237294970671
222,0.13244312121190094
223,0.1475137156106486
224,0.07759716163531759
225,0.10406677031650934
226,0.08877963466070692
227,0.22457322546550887
228,0.05488965358114775
229,0.1697730200432208
230,0.044110001827978786
231,0.16720888720381877
232,0.06231556736107129
233,0.17461915471719658
234,0.05898516362943769
235,0.2344203193700447
236,0.08762684655014531
237,0.14935931535977315
238,0.09296729911598828
239,0.2082840658512972
240,0.0708121407173053
241,0.1466172158507584
242,0.06195442640354722
243,0.2038390722787247
244,0.05731272712615871
245,0.050664940675406646
246,0.15417238500193595
247,0.03464140701584905
248,0.1477029180597122
249,0.06060231618340479
250,0.13317948229044876
251,0.06453034954924017
252,0.045080567211708555
253,0.0487129508388397
254,0.11704316198139034
255,0.12200876606347436
256,0.08973564000229707
257,0.10547237159060123
258,0.13278878165516134
259,0.057425389646394674
260,0.10020742008423625
261,0.07431060695122468
262,0.08479299169403999
263,0.061220996474331955
264,0.14885597437796938
265,0.08520209921362429
266,0.0851471845333604
267,0.11488327315017113
268,0.24938759791991053
269,0.06736715668268611
270,0.16904885613905776
271,0.10657129599302145
272,0.2219735050971729
273,0.07344613934484213
274,0.15611695654644903
275,0.11383304361070164
276,0.3708264731073479
277,0.05031860817795236
278,0.18298885117621647
279,0.07493849695906844
280,0.3134420008913723
281,0.06971790172105209
282,0.22636892969681713
283,0.03410489385820038
284,0.163012040937407
285,0.043113969535823554
286,0.2139319655529
287,0.04831796531613902
288,0.1895010227014769
289,0.07064128705479623
290,0.12117985112355709
291,0.07728176482347719
292,0.2822294463148659
293,0.06625478798820877
294,0.1947560443044239
295,0.03676280853367331
296,0.08405789452686774
297,0.10984948948303806
298,0.05025491236396318
299,0.14724211615900262
300,0.05506225097193605
301,0.06588135953957099
302,0.0349128741148665
303,0.11475437427268141
304,0.03184912922817671
305,0.07023524405416727
306,0.04471685907024966
307,0.2553389708932583
308,0.059285636052701964
309,0.21613410826011664
310,0.07723641390376776
311,0.27871039541101483
312,0.07257993144166446
313,0.18522900821989907
314,0.07388352344967135
315,0.13924312008770193
316,0.11129857161354273
317,0.276810874102876
318,0.05811375105130039
319,0.21781044346738618
320,0.09478987609391065
321,0.11971984259336275
322,0.10078118431951927
323,0.08955112245138007
324,0.0918939926745853
325,0.0956072162227348
326,0.08540404733849205
327,0.10806227995796487
328,0.06303328442014733
329,0.05821013687724485
330,0.1318166641440844
331,0.07735368171774801
332,0.1241692586139505
333,0.09810648933592554
334,0.09598018664457156
335,0.1219582348188608
336,0.07989000709805366
337,0.06533567303148367
338,0.1594558741341249
339,0.24658079367598015
340,0.07012427782051693
341,0.20440172744323695
342,0.07264011281740577
343,0.306117433157727
344,0.05831791564129213
345,0.1631151733344005
346,0.11509679439608135
347,0.22402092847133617
348,0.0474042762194996
349,0.19778894045871945
350,0.040035292470143626
351,0.1342358596890288
352,0.12957302029833312
353,0.13435258263654093
354,0.06568575443520694
355,0.14600448692498275
356,0.03189310600690991
357,0.07288839254359293
358,0.14467723498880383
359,0.4227293404634059
360,0.04488791533630667
361,0.17059616675077818
362,0.12858261632027349
363,0.3718382114552946
364,0.049073059301549406
365,0.1880009202143487
366,0.0765381134314284
367,0.21730177796513098
368,0.10630742709428027
369,0.1508724491966821
370,0.08226192229387472
371,0.0882052966985645
372,0.12113775409142567
373,0.030155591066596845
374,0.14466041578606934
375,0.08717634747826969
376,0.07581872767019443
377,0.14765356629363321
378,0.11226942774198582
379,0.29223523751875835
380,0.07039574319621772
381,0.16338648640604123
382,0.06229088656542246
383,0.08467390491590869
384,0.1353086616141555
385,0.06821716841954531
386,0.1217675393339814
387,0.049645750191855756
388,0.12488119318752974
389,0.03119581829994769
390,0.1533072476564617
391,0.09818639629265392
392,0.2527246740298522
393,0.06768655402539363
394,0.23448810859934996
395,0.0767867470325407
396,0.23250540792198607
397,0.10107016733910858
398,0.2613160473765525
399,0.06381080004315767
400,0.16814150828056007
401,0.0657204394444636
402,0.16577499390475978
403,0.08434852450019434
404,0.04210656002173811
405,0.20366363059276274
406,0.049738674829303726
407,0.25509973644765627
408,0.10293977369928181
409,0.24653204247393506
410,0.08609804757201892
411,0.14961160086097638
412,0.10865250161534805
413,0.25816722691815874
414,0.07528929923863686
415,0.22551958995479782
416,0.07675156289960178
417,0.26684606262418525
418,0.07391887679731313
419,0.220640653432209
420,0.06330041778809685
421,0.12248424999575927
422,0.09174791086147778
423,0.08087447237102345
424,0.1325604937277955
425,0.03132060623985564
426,0.19249853306814138
427,0.09073587313295856
428,0.17807531492007528
429,0.08915736514082712
430,0.2615669314955307
431,0.07456642866598653
432,0.25295876078400886
433,0.07014336699401978
434,0.20711693126854203
435,0.026242660781712415
436,0.03603003079212842
437,0.16527394856721675
438,0.04004306963422066
439,0.15021040657377613
440,0.030243855243087217
441,0.10747832782401766
442,0.09171781841094065
443,0.23659984226508887
444,0.0714877757146523
445,0.23201841631413017
446,0.07425230219984334
447,0.2533073283527065
448,0.07071570765661721
449,0.11797803872681192
450,0.11436912107647063
451,0.034254194477873784
452,0.1106996356935191
453,0.02829141747098346
454,0.21765257542322153
455,0.10248385117561211
456,0.07292471097359293
457,0.03441805681818777
458,0.07012530006773354
459,0.05432775804416842
460,0.11845627169215338
461,0.06762771558588831
462,0.10536789178025688
463,0.17857176281840562
464,0.0851508369053901
465,0.19408579927518707
466,0.06056687509846164
467,0.06736136433279918
468,0.1436579321290155
469,0.12609802798777156
470,0.06504970397068055
471,0.0598051753456686
472,0.12377977338715454
473,0.04208901285702306
474,0.15241510431260366
475,0.0897428802238866
476,0.260165759302878
477,0.04111559043742618
478,0.20103892602365728
479,0.0937108396246957
480,0.2087805374004416
481,0.06227761392080474
482,0.08139042955458589
483,0.12402396166700509
484,0.04192822746224655
485,0.24713705817684173
486,0.05582039429693021
487,0.0980558953825237
488,0.1336599194339913
489,0.36605750191682357
490,0.04223590516684289
491,0.1577404332577301
492,0.11289361240880937
493,0.12924498025812362
494,0.06439942204159689
495,0.028408773652681032
496,0.15607998557717953
497,0.09548775207280966
498,0.2086885766061835
499,0.053705401582095476
500,0.15249790772945288
501,0.10313143986958496
502,0.22039733831006583
503,0.05548277856955695
504,0.21431851040612276
505,0.04546342276492679
506,0.15379745831749037
507,0.1086719092250858
508,0.1390296722250624
509,0.037038567356475614
510,0.19601347070046418
511,0.062388063033516586
512,0.10694438283747452
513,0.09162913760922219
514,0.1760941295355749
515,0.03749018114118623
516,0.13367003712093398
517,0.06675488350112731
518,0.17463030223942302
519,0.06079157823622397
520,0.08539151160414364
521,0.1296247657427344
522,0.23511943485423867
523,0.046093658769818566
524,0.09058035492530048
525,0.1119558893094478
526,0.24912573004546149
527,0.0641408910561122
528,0.12979999996198516
529,0.046089303492891046
530,0.04433842444933021
531,0.10352856750721647
532,0.12953974053125744
533,0.1400502014521433
534,0.11066865154802766
535,0.0828085064467634
536,0.24159092563068224
537,0.05252512615674252
538,0.1608466341330002
539,0.09723730379693842
540,0.1383390448614369
541,0.07550004478032644
542,0.12875254452209262
543,0.0882872945453116
544,0.16666234238374683
545,0.07659279619524452
546,0.14516611629874124
547,0.03240127238459306
548,0.11404170363627052
549,0.061457633331667066
550,0.11643719598965253
551,0.09842861876847937
552,0.04741040441739922
553,0.14437042700936373
554,0.03486061264992526
555,0.12677197396343065
556,0.024092861439814102
557,0.09601378894928485
558,0.08155554212461448
559,0.22037846970008673
560,0.050633937000813964
561,0.05776812661643387
562,0.0630941688948027
563,0.04403897160396144
564,0.08599050915033594
565,0.04465473565064713
566,0.1558907321878026
567,0.04030193613076407
568,0.08668737063388508
569,0.09666993409771256
570,0.05697578017673336
571,0.18287036484299637
572,0.2410318789334538
573,0.07352994437987856
574,0.22560582756121625
575,0.02283388972200841
576,0.0763092948419812
577,0.15442229279232955
578,0.2865732930026283
579,0.03799135155003249
580,0.14079922996430172
581,0.02900924401532109
582,0.02098462583928403
583,0.03788592299293066
584,0.023575053522566714
585,0.025765553821780737
586,0.025444251697544662
587,0.08007676961858991
588,0.036928250692324624
589,0.04303268673999835
590,0.06458686375147654
591,0.14389836195127914
592,0.069553384201949
593,0.1249345745592104
594,0.2786153120629373
595,0.0378092535579825
596,0.12122444563005691
597,0.10929202221602209
598,0.2783132750756852
599,0.04327721871087504
600,0.06569296640509563
601,0.1764007675073948
602,0.10486221681033078
603,0.06293905455683636
604,0.0308350295316116
605,0.09463538642699368
606,0.13464444994806274
607,0.09371732532943156
608,0.10133739310728572
609,0.09401775513343001
610,0.09297292310923211
611,0.040444876098859696
612,0.14828350894387293
613,0.02150254368893766
614,0.07190042530549415
615,0.1233194891889797
616,0.111325139935848
617,0.0672122293387728
618,0.2279288112550139
619,0.05917404582502211
620,0.18082689176971056
621,0.04980845251849662
622,0.14304064531860444
623,0.05798961209842098
624,0.028955962033860926
625,0.09655139937097114
626,0.04340967079628614
627,0.190951683874656
628,0.091112180736765
629,0.2303790578569773
630,0.06785515533491533
631,0.23256503871509357
632,0.03100672777510872
633,0.12216130098127828
634,0.10718536299530254
635,0.03697502838261836
636,0.11697137710998029
637,0.04712160248698304
638,0.14828982762743145
639,0.02589531605445555
640,0.13608760341277495
641,0.06269536475897937
642,0.12417127748485987
643,0.11061941741885034
644,0.2459513909268461
645,0.040218084668191705
646,0.12346983934621691
647,0.06713138353765365
648,0.14692329232665188
649,0.07149369896377404
650,0.20280687680117912
651,0.05338449061681099
652,0.12773350975130338
653,0.14984395233952072
654,0.1063578777076345
655,0.0635948283415319
656,0.10780856637399115
657,0.3024680701204988
658,0.03560379466836978
659,0.1331084999468664
660,0.04886032822896021
0,0.06944352735951718
1,0.046203021247873684
2,0.042108117963464024
3,0.05249709273522542
4,0.04853192104785828
5,0.06923396931159347
6,0.07982891064866217
7,0.04190913615931021
8,0.04991718704629366
9,0.15237703534623598
10,0.07506560767031017
11,0.13617746290455568
12,0.03628878795688767
13,0.09703243777166136
14,0.11390971496754039
15,0.04805233208325707
16,0.05630345892240471
17,0.12586038770252198
18,0.06281820605651796
19,0.05890387978938524
20,0.04864452946313647
21,0.042144525215537056
22,0.11964385566497562
23,0.08222637800464505
24,0.07421418850870153
25,0.06992429703414807
26,0.04927208088663096
27,0.08307886475529122
28,0.05381190593387371
29,0.050412157116052785
30,0.04387055835938057
31,0.06981626105567935
32,0.04523880521099244
33,0.10568946253239289
34,0.060967748462154046
35,0.036852800907356
36,0.07821154115707
37,0.0529021925084853
38,0.04118449141549838
39,0.06601887285960752
40,0.05164735271557993
41,0.07754311396010255
42,0.08227827160047772
43,0.04592762966514772
44,0.042893026300558176
45,0.09063496350256223
46,0.052926638585777175
47,0.0936075110446859
48,0.11506904773146234
49,0.07876657764057754
50,0.10235859186513564
51,0.04219269998321425
52,0.07307835321802131
53,0.0563867889446864
54,0.07378101596926694
55,0.09372448737082414
56,0.040378405455366195
57,0.06394540315416193
58,0.08702065633731003
59,0.049942270930231576
60,0.04846576516402675
61,0.06848659619830974
62,0.04071072912667132
63,0.06552484409401599
64,0.08877809191310149
65,0.04846948862409669
66,0.09129290563276497
67,0.07277706013059478
68,0.06695523415674604
69,0.0484859453877911
70,0.08276679577307425
71,0.10434691739679611
72,0.05562095527628959
73,0.1167758841973779
74,0.05866736890617331
75,0.07099286661557777
76,0.093533456060133
77,0.05258147070781629
78,0.07340183640611554
79,0.04464975409966861
80,0.044130449926929514
81,0.1359784401797573
82,0.040094629250540414
83,0.07794405333756046
84,0.06622278968795842
85,0.05463921264280025
86,0.04329420249335559
87,0.08728309511039817
88,0.08012779245105149
89,0.06920109142515567
90,0.057160272968913815
91,0.05113101074958451
92,0.09740575374668271
93,0.11215653596816007
94,0.05169866730085502
95,0.06188778638358594
96,0.04891673135197755
97,0.04753172526397042
98,0.08998763652398907
99,0.05433945228504174
100,0.05899150808435943
101,0.04127412657633934
102,0.05573920427542513
103,0.046940598937348546
104,0.10015613109922114
105,0.05104927478403505
106,0.06388983571471321
107,0.0699962718623349
108,0.07142199023056556
109,0.063384205843909
110,0.07050549507160157
111,0.1261650768544117
112,0.05076237854691113
113,0.04573614675387008
114,0.05658191396154949
115,0.06544556171289258
116,0.05546883284319212
117,0.058254514480343564
118,0.043438009248671576
119,0.04714906757826736
120,0.06227138240795116
121,0.055645027266944064
122,0.06438842296505097
123,0.0457418605230736
124,0.07045278069512978
125,0.04286564664645858
126,0.05855577107303867
127,0.13309782393186798
128,0.046872609263776364
129,0.08274804727841129
130,0.07008622509121355
131,0.0470013694436951
132,0.09474596021424998
133,0.05476910618845249
134,0.07360260195998647
135,0.07660123308556983
136,0.05967068749602818
137,0.11301711103439886
138,0.11519535182002541
139,0.10573298835895546
140,0.1164249597283168
141,0.051947692626923586
142,0.14274574174707522
143,0.10140937534864682
144,0.05917410978744333
145,0.049492367488556684
146,0.10322438938671703
147,0.04277144760313285
148,0.08507319073991035
149,0.049299221285646316
150,0.06316847386565996
151,0.07744111405563021
152,0.05296610553134633
153,0.08258392384573533
154,0.06929743121075507
155,0.08249787259607982
156,0.0735305295051062
157,0.062306393902212355
158,0.04651192901514891
159,0.07152149741842792
160,0.04291593994547075
161,0.0853652568006121
162,0.04974230480324116
163,0.07020926227011842
164,0.04101715886073028
165,0.06219673716540374
166,0.05319181245163153
167,0.07368975885328809
168,0.08100229332791706
169,0.11468180079145515
170,0.09593618212355684
171,0.0760066598450874
172,0.0721614391927795
173,0.09983205731529088
174,0.043327517351792744
175,0.06797480251599683
176,0.0649157324759696
177,0.0863921457957674
178,0.07251706454519247
179,0.05002945918467431
180,0.04672138792595014
181,0.0694843762205186
182,0.06353823163883543
183,0.0580877032192438
184,0.05131004187009101
185,0.04674629943287731
186,0.09915448273996016
187,0.07379931998428835
188,0.0691101817813415
189,0.10492088676576429
190,0.06922477085901059
191,0.09260300999765565
192,0.09422476448974879
193,0.144361707921897
194,0.059381023936575766
195,0.051837291954310694
196,0.05861413615117135
197,0.06672430839276149
198,0.06349686763675828
199,0.049558454458461805
200,0.08880040936908552
201,0.0628893106164776
202,0.07516708897744938
203,0.0852876063955202
204,0.06140752428407072
205,0.14043401103935352
206,0.057318092423148344
207,0.07361428649042608
208,0.06248563967395499
209,0.05453154156121504
210,0.09525082791509056
211,0.06593153290544768
212,0.0786296890135121
213,0.06314112710103831
214,0.04678104108013093
215,0.08011874396764858
216,0.09409887533887289
217,0.08484858349429676
218,0.046981163477920564
219,0.12285867325515007
220,0.061400066903607976
221,0.058736456332384716
222,0.1017681194573895
223,0.04668563866979025
224,0.056139150925376954
225,0.10242087959328255
226,0.09593655983104772
227,0.038868963826774613
228,0.10866446789650867
229,0.05133487700794626
230,0.07096294766142014
231,0.08169989064872019
232,0.03809186289698942
233,0.06946384229131243
234,0.0919909224462404
235,0.11350418820940167
236,0.07489096605165492
237,0.061212308282102286
238,0.07938955694536612
239,0.08134831557132038
240,0.11027127102659696
241,0.04590931496012576
242,0.1264901770735125
243,0.07578099919709945
244,0.10827574945875547
245,0.0670237581392061
246,0.04778962959621249
247,0.13766584945913024
248,0.07651556794255565
249,0.046785451767817995
250,0.0653872702555084
251,0.13427167624714184
252,0.05579696015641494
253,0.05520630579760231
254,0.12919626327586367
255,0.048176645027622915
256,0.10730288988423121
257,0.09813434254448634
258,0.08411812469197105
259,0.07539551550338218
260,0.06495930325927506
261,0.08597429868184119
262,0.11289324140992363
263,0.06422722356283844
264,0.12434223796553796
265,0.040673132317040374
266,0.04610917323213297
267,0.14404213477368047
268,0.06207485537226695
269,0.11990127055083676
270,0.06913397144708033
271,0.06278888406206647
272,0.08728810990159067
273,0.09860368035276329
274,0.07432263554990556
275,0.1579658768180967
276,0.07227140783867847
277,0.06975192560965943
278,0.08947248994161909
279,0.050788146933456436
280,0.030704719180297605
281,0.1157702462444533
282,0.03171906737108142
283,0.0805499234910188
284,0.06335426011224247
285,0.0317750045161032
286,0.07330426346020621
287,0.05020616219191684
288,0.061223532441516716
289,0.04726431303138729
290,0.06057887571303853
291,0.05413727187500341
292,0.047109877961204
293,0.035359409838473355
294,0.09470796680970923
295,0.06733646546193384
296,0.053396981672909884
297,0.059900169584499556
298,0.03701170048659662
299,0.08452124662876072
300,0.05035993496486889
301,0.02928000894737425
302,0.09153895698690938
303,0.04663609999550362
304,0.05308051876083149
305,0.0836575212848001
306,0.05731704034005883
307,0.08300424729820603
308,0.041024074975949704
309,0.044636810470591544
310,0.07701258709079638
311,0.032718208126811706
312,0.05067791928096871
313,0.07904138061448882
314,0.08086505254531237
315,0.05708815919054388
316,0.05735925354927126
317,0.05936690804224954
318,0.15849293692208952
319,0.09725709529505723
320,0.04745443722000058
321,0.04333944303840741
322,0.08158496156380997
323,0.08825940644576145
324,0.028400034858028993
325,0.08002035617671936
326,0.07833465186982065
327,0.07023666368796933
328,0.036254192571574057
329,0.05852383634204883
330,0.05770450795942387
331,0.06810768171092156
332,0.06726051207229913
333,0.06981242234781418
334,0.07213255403430643
335,0.11367114512515764
336,0.047418044959591954
337,0.05550308957456227
338,0.12806718639557355
339,0.08550686247474355
340,0.033814856220667516
341,0.09587202503960852
342,0.04417151881459363
343,0.09693675138913702
344,0.04926943247000772
345,0.027840009329035725
346,0.08975752018934592
347,0.03309533811199606
348,0.09423356295339883
349,0.04931786230576703
350,0.038720302326780504
351,0.05197430486149808
352,0.04180338518177316
353,0.08100510465443116
354,0.05421703834335637
355,0.06293425337177846
356,0.058035855617085075
357,0.03927807969510575
358,0.13842485310649244
359,0.03484841481860321
360,0.051254233890934336
361,0.06593866842311011
362,0.027302307097818078
363,0.09317806072574643
364,0.04587438210337175
365,0.033396618516343304
366,0.08978624232059175
367,0.05898943958126513
368,0.04521085046182711
369,0.08538883129599882
370,0.03422536854663331
371,0.05194737598463878
372,0.0738676663230283
373,0.031642828506968104
374,0.032514547942435
375,0.13758327897045847
376,0.047896267447824215
377,0.04320099913997825
378,0.108517297031901
379,0.05247573195432249
380,0.045658630774686994
381,0.035303965070212856
382,0.06052365910645843
383,0.0549250078004688
384,0.06967920113201412
385,0.03161228206286206
386,0.04322716310725794
387,0.07666156902332746
388,0.04228182746637502
389,0.03751063035725811
390,0.04299801052165873
391,0.09838260878022541
392,0.056077666643195696
393,0.07655804725980399
394,0.06816527502566021
395,0.05778249202485314
396,0.06695544323955202
397,0.028563141021524005
398,0.1262279866512863
399,0.04474910116129028
400,0.026176443031297236
401,0.0723026505722198
402,0.031112978140521788
403,0.06825341524161244
404,0.11695619155689388
405,0.044470980511370745
406,0.06286348540957981
407,0.07738943958090688
408,0.14022407368546963
409,0.08996848814540649
410,0.07419903825577737
411,0.06094630391934022
412,0.05375715062593217
413,0.06340385100840644
414,0.09992213354424587
415,0.09886637930495784
416,0.045925047848069854
417,0.11835720486841922
418,0.04148067125538489
419,0.05302278420001769
420,0.11913811700225167
421,0.03842497191255897
422,0.04265101293250788
423,0.10205341958151208
424,0.03389236002261234
425,0.13438490405619838
426,0.03788160878748765
427,0.02334350451928951
428,0.15567724412236772
429,0.030706698405215276
430,0.07917126904233149
431,0.028488570909955695
432,0.07127083207332327
433,0.049656100783940234
434,0.030996426842081246
435,0.04696975704375866
436,0.031707958148209536
437,0.07323520079839792
438,0.09634354723748866
439,0.10453875758883321
440,0.08215164786626325
441,0.06829966119414675
442,0.07947563433666435
443,0.10017773487144696
444,0.1808845316455554
445,0.056872236238418576
446,0.03578679178864225
447,0.04652157171071119
448,0.08104448393342303
449,0.02668281365126645
450,0.06325558334095055
451,0.09255495342007113
452,0.05301374788524638
453,0.0426377603276702
454,0.1106019844353921
455,0.11004892220787904
456,0.031361985260476004
457,0.1505032740353642
458,0.08117919044465013
459,0.06966930538830311
460,0.08149564206473196
461,0.027650568911680183
462,0.037884153841841364
463,0.1007670345287148
464,0.026744269986894546
465,0.02801578996605155
466,0.10589364282715696
467,0.02904649503871432
468,0.04445036130572566
469,0.06940149266690414
470,0.034721969553365005
471,0.08759294926393714
472,0.03238498685741657
473,0.045003846267651894
474,0.05447304155732803
475,0.02880854752539245
476,0.15204342320024447
477,0.02281898149701742
478,0.1341300848579153
479,0.110716552211321
480,0.046608560611492336
481,0.09729815262957726
482,0.029927444740559916
483,0.08238490258678355
484,0.09147483811750472
485,0.03789259276744241
486,0.037777895978447086
487,0.08145893423094679
488,0.049149152784098475
489,0.055230346585304485
490,0.0664443767147058
491,0.026369353870218458
492,0.13781702013674674
493,0.022047104004659934
494,0.0506505935570716
495,0.04386121182856
496,0.0314992822624924
497,0.11036511488126238
498,0.02215769975433865
499,0.039868636317772675
500,0.06335772830984424
501,0.023358686058434344
502,0.024377781113636244
503,0.0838155662034511
504,0.05384163318800896
505,0.047906557822808365
506,0.10401822714259906
507,0.10081294008202653
508,0.11198794467452074
509,0.08398761628659177
510,0.04318799677362535
511,0.13848574078629705
512,0.0838406042842259
513,0.025510190100042532
514,0.22839600389297549
515,0.02587334409431191
516,0.026554464085239083
517,0.1052316270765044
518,0.027740601141692012
519,0.07153554006074572
520,0.0590580402889664
521,0.04533839200188548
522,0.0701846770569837
523,0.0307041513553968
524,0.05653466229673438
525,0.0941338492246858
526,0.021955782896979328
527,0.03358774935941941
528,0.09846413647055913
529,0.08314345105569519
530,0.0577192801012898
531,0.11786621904230156
532,0.055382469333347534
533,0.0706834689758209
534,0.09457246323577462
535,0.051141588695521524
536,0.11819617759785135
537,0.037198752755135595
538,0.051170686897908844
539,0.09631513231457105
540,0.024694202115166212
541,0.055022753425336544
542,0.048920130534152124
543,0.07635296860050801
544,0.06017611031607182
545,0.028212825069671044
546,0.040951270654920824
547,0.033550388950204714
548,0.03460126947866753
549,0.04399238898352838
550,0.09185258699072955
551,0.046898882729302246
552,0.06657368042698794
553,0.10414634461649862
554,0.042530333403866236
555,0.047801541740996274
556,0.05777127687388795
557,0.0638914531965318
558,0.04026485421570366
559,0.08413821937643144
560,0.06492504110531515
561,0.053499323573879314
562,0.04486553357885182
563,0.06976192445501134
564,0.03484828451837266
565,0.03748410287966704
566,0.06004007326516453
567,0.04349171467269336
568,0.0779024620570033
569,0.03582408643081511
570,0.04337270295684928
571,0.1497598403150049
572,0.09033675353328406
573,0.04046221994680575
574,0.0948510875882265
575,0.019696557610331577
576,0.025828545329802586
577,0.08488020619631709
578,0.039660397593027225
579,0.04149505703468074
580,0.0488290783819235
581,0.1843783462017026
582,0.08034509559074099
583,0.026150233317042342
584,0.14637413024453869
585,0.029528596502217407
586,0.032797126097308664
587,0.08393850195320524
588,0.03888002827099049
589,0.11090120796614258
590,0.08534969628913638
591,0.033009825928033795
592,0.05919031239385168
593,0.054366436418712895
594,0.02627504414694005
595,0.0507539723918355
596,0.03679652477488419
597,0.028105246691176033
598,0.054162048376838016
599,0.03474570708473666
600,0.03256532313976104
601,0.048822276059446404
602,0.04278779908693189
603,0.1547865806782542
604,0.057170168768244524
605,0.06514294313179268
606,0.06316384332499539
607,0.06909934788587385
608,0.03578518419275688
609,0.07081356883284343
610,0.016494782311192786
611,0.054485186179463505
612,0.06453748475275985
613,0.03672265535630387
614,0.12648305492449802
615,0.02807029413257664
616,0.057284897762270894
617,0.020878261156380994
618,0.04065791115035268
619,0.0737401475218961
620,0.10489801619039017
621,0.025922294817579315
622,0.037036497488563296
623,0.14807821729709528
624,0.02545842015221747
625,0.03185028432859168
626,0.15801890465378582
627,0.01917013001035821
628,0.14424101139174178
629,0.03227026546718207
630,0.07110726471968731
631,0.12734054037639161
632,0.0264551266148434
633,0.0717286025726086
634,0.052390385828315414
635,0.045400319252513276
636,0.052894550454955086
637,0.04277264314395444
638,0.04505345730169161
639,0.0552040192788795
640,0.0962823613890327
641,0.05115746216354345
642,0.1076931751160612
643,0.024957321792300636
644,0.02700477714830113
645,0.059228708172864845
646,0.026747886586281442
647,0.12605456614403143
648,0.03495125768474136
649,0.06341112186421802
650,0.04112848255167901
651,0.05012259469561044
652,0.052057278872288816
653,0.05499457706634596
654,0.01948367275957687
655,0.17873976644894612
656,0.047076305688595374
657,0.14140148235092795
658,0.07329354452833656
659,0.04524486464236858
660,0.06595624163204172
661,0.040041672004163524
662,0.07981435352822396
663,0.02411491385663881
664,0.11590564977611284
665,0.04308062314140857
666,0.02194686225678529
667,0.1101783079859194
668,0.03154582172777818
669,0.07091122151430457
670,0.03766869415096578
671,0.033027240670423126
672,0.09574245264975156
673,0.041175109819570455
674,0.07376062240840854
675,0.054499491392215056
676,0.1043232009202034
677,0.033644281315264445
678,0.0885497181280115
679,0.10801721277425781
680,0.11206633169022634
681,0.05491085622729167
682,0.06538441947289932
683,0.12428534335484479
684,0.17050905445660824
685,0.0897285092186979
686,0.11338625131587837
687,0.0762754909782781
688,0.0875088196748437
689,0.04293608044979276
690,0.07685171601613115
691,0.021046130090455663
692,0.056508002387248735
693,0.060760170911605973
694,0.13929450465778975
695,0.0947131830139197
696,0.06049064286675352
697,0.07271524647309391
698,0.023685520385166456
699,0.04757678043955612
700,0.01966258344644124
701,0.10139406674981839
702,0.03291124256180656
703,0.05586697167887622
704,0.17986220777860745
705,0.026040872560849835
706,0.1331340557604669
707,0.12504282852430496
708,0.07696436404642518
709,0.09019940964792343
710,0.036108863793093075
711,0.03325711208246271
712,0.2174372128824104
713,0.07565723288753524
714,0.05156704897829957
715,0.09667886444140426
716,0.10690133691018115
717,0.07293310187891389
718,0.027621001377956863
719,0.18787815620299078
720,0.029377340826414716
721,0.027316902925095577
722,0.061756193027362155
723,0.0483644264218584
724,0.04038090225097858
725,0.02670127830059531
726,0.08206939145753694
727,0.04848608508070527
728,0.028510652299792962
729,0.027000112229112035
730,0.0525041948655405
731,0.05102328497337045
732,0.03307989003537611
733,0.02525318670750471
734,0.03645352095669708
735,0.05793420020592657
736,0.03910049230659727
737,0.05492385720640852
738,0.023140099114202554
739,0.05879596206439071
740,0.05297336914680414
741,0.020380696043194185
742,0.14861619594805492
743,0.058577527671184466
744,0.024438484503467098
745,0.06999966635703472
746,0.04563330501522308
747,0.07218567812349751
748,0.2039203404841451
749,0.02383011658477116
750,0.04554996976123511
751,0.035257403110311246
752,0.056961921018757335
753,0.10958652086245146
754,0.0390214308201487
755,0.06529530156244644
756,0.05135716728257478
757,0.03382482353112823
758,0.026479206099917475
759,0.041117509682590925
760,0.044613742529129204
761,0.03615025843221603
762,0.16199321214226908
763,0.02431173483858451
764,0.0641634740098779
765,0.06710909424405676
766,0.04643431846850916
767,0.031019963181500056
768,0.06129940866861098
769,0.08640801379897523
770,0.08296420539436089
771,0.030425088125130433
772,0.06941998575733863
773,0.26833713375358126
774,0.03568880514960038
775,0.058019947522812254
776,0.017520344417618093
777,0.058959281112652556
778,0.01854032469261243
779,0.06419948375254161
780,0.05311406667077754
781,0.05390804182161055
782,0.04399474105467789
783,0.028644235568949607
784,0.10410934610941294
785,0.018338552430126623
786,0.07552460875772321
787,0.03579307570381265
788,0.01634460361200821
789,0.036834808681825384
790,0.03636583911177555
791,0.07065012190504034
792,0.10789214641207909
793,0.04994626427600562
794,0.03570119732256796
795,0.042623427942482535
796,0.10835669327188041
797,0.033704465878528274
798,0.04957668616831585
799,0.17908771973419696
800,0.06812403433838149
801,0.1343497104661841
802,0.04212885956452224
803,0.05600086516224032
804,0.036705466383489906
805,0.024242303056093005
806,0.07068478071435774
807,0.0384763609070313
808,0.0869407917948241
809,0.035955265121855935
810,0.06961320332763041
811,0.11488293739509053
812,0.05709266634589905
813,0.10199915902543787
814,0.13049090827346932
815,0.1593370226471816
816,0.05887778461685324
817,0.07641584453933098
818,0.12911747335600654
819,0.14264889742494033
820,0.20880740585104268
821,0.10729500065054176
822,0.09526740117193554
823,0.02512928143003026
824,0.056006569058529555
825,0.11587072024935642
826,0.08498437599092526
827,0.12184529601897078
828,0.027159164498763686
829,0.024911057525840205
830,0.04270715228412159
831,0.08895351461546995
832,0.13378903601378422
833,0.07571902586304277
834,0.04137579994967844
835,0.06527304940366394
836,0.05541142819879005
837,0.14963267535189143
838,0.08361629788999726
839,0.05531491760445497
840,0.05242844688460366
841,0.12834696419244046
842,0.1314772623572039
843,0.05829192073536966
844,0.043239799719295646
845,0.045157770952191846
846,0.09275903933324282
847,0.1212392266653957
848,0.11041478518600727
849,0.09832825443147979
850,0.12404335713015087
851,0.046536801527891476
852,0.0414590836862784
853,0.07023541172850811
854,0.03954591482863277
855,0.04321810860521494
856,0.05960308519645611
857,0.022243111126851532
858,0.03162734660527716
859,0.03932949062953896
860,0.03621236680187127
861,0.0516131280242514
862,0.024821002059739316
863,0.037598045447396054
864,0.10219404915873213
865,0.07703971724567774
866,0.08304479043054948
867,0.14168405484816982
868,0.03603462054609455
869,0.0269529720932454
870,0.08861324461289384
871,0.02780792917686257
872,0.03702249571841391
873,0.06832149047848382
874,0.053064784933342754
875,0.04919046562750063
876,0.09081495147788199
877,0.0644809446353671
878,0.06960546207481566
879,0.054673777506831014
880,0.1322079838833965
881,0.024329553252880092
882,0.1203637091428717
883,0.07064825351138126
884,0.1045901430806153
885,0.06832010670623331
886,0.07690498798688049
887,0.19649872029051202
888,0.20893432198554482
889,0.0647851881833706
890,0.026173626788114513
891,0.07968908709587053
892,0.02910066152450846
893,0.11261901957603296
894,0.02958678341526406
895,0.03807456638544468
896,0.18031384515719667
897,0.01977332909983892
898,0.10928734649787535
899,0.026871620946253744
900,0.030833761653105113
901,0.06510428445769435
902,0.028620577837099644
903,0.12317236753570776
904,0.04893035564601931
905,0.03725643365910928
906,0.08760223647609444
907,0.08363707258620463
908,0.13403271705745998
909,0.04085933556062721
910,0.035535928067453246
911,0.15522767225297854
912,0.026090674540682972
913,0.03820924044080103
914,0.055377711773414294
915,0.11949469769921689
916,0.031112674332513978
917,0.1184866501969919
918,0.18498203656742437
919,0.13764415238320463
920,0.08325580197588574
921,0.13428489663026152
922,0.033426125862895006
923,0.052033583079583084
924,0.2628929887993097
925,0.12392791489810816
926,0.14727515336663455
927,0.03177293753023351
928,0.14056657102009487
929,0.10086942041101926
930,0.10547519050084365
931,0.13136475304729175
932,0.042143356626034384
933,0.2419286640632841
934,0.12376177670837181
935,0.021690149518500373
936,0.20206973287878213
937,0.13396029749410548
938,0.05280996119310926
939,0.1889887970992742
940,0.16033031369168022
941,0.09946032502576407
942,0.10072409794140329
943,0.05395498680650983
944,0.02865065943612517
945,0.17054976825860735
946,0.10661978438286761
947,0.09531347144569285
948,0.024020039993553517
949,0.13965616040432158
950,0.07042309196546317
951,0.08541585240320722
952,0.14968230367853544
953,0.060856896538886825
954,0.04205249930126518
955,0.14216745842736778
956,0.05541834716131474
957,0.08298746154360749
958,0.02018837775177994
959,0.054867723719994516
960,0.11739269785083883
961,0.019498708087308324
962,0.16954381196966445
963,0.07503992210650812
964,0.06899693405968985
965,0.1058915264762836
966,0.07431881482667589
967,0.1029848233436355
968,0.14095358470933117
969,0.033511153126803396
970,0.03601606643210568
971,0.03940629708916773
972,0.06896755300825522
973,0.06466616209258876
974,0.11062357486598808
975,0.08046911827931533
976,0.04352467588179428
977,0.04700098018009369
978,0.02684502930526179
979,0.08461709660459273
980,0.05498045083704434
981,0.0939726804235397
982,0.07126413288729493
983,0.06612662927203383
984,0.055952963512432015
985,0.18178340895913744
986,0.08803431105791369
987,0.042449091460953166
988,0.08826294516689882
989,0.11650840781168158
990,0.18371163604794274
991,0.06981859622170032
992,0.09862654111722047
993,0.12791993842392077
994,0.09850174631634274
995,0.07221979232309006
996,0.18608512294288357
997,0.03938733228419934
998,0.2006191678417836
999,0.2190562991546436
1000,0.11264921473290114
1001,0.08774883480871384
1002,0.09922255381032963
1003,0.19546066052513011
1004,0.12459460475892692
1005,0.03955849663571122
1006,0.09476531462544838
1007,0.14069378716265762
1008,0.11235785127317012
1009,0.09778530490878429
1010,0.07479029357922379
1011,0.057178885199607364
1012,0.18190754046888782
1013,0.22409736533920221
1014,0.05704397837791015
1015,0.11241193326657765
1016,0.14360181026129742
1017,0.12071140391324461
1018,0.05604847792631253
1019,0.07729128751352567
1020,0.14823703777425237
1021,0.07002943335010231
1022,0.2150891632118015
1023,0.04944784395793239
1024,0.06194001674785121
1025,0.12408116038042362
1026,0.09513843095105971
1027,0.02515132147894841
1028,0.1828229720919228
1029,0.1188500193910349
1030,0.03662431582962639
1031,0.1442676486165943
1032,0.03816327989419846
1033,0.22064109876691246
1034,0.1287820104068387
1035,0.05557796228742198
1036,0.02142631642501579
1037,0.07388386980698934
1038,0.07773162415985015
1039,0.07177514077196798
1040,0.0425420847019524
1041,0.06470298419095866
1042,0.09601869788101192
1043,0.13008222570952924
1044,0.07716859836483442
1045,0.05486267014374695
1046,0.29421204926489924
1047,0.1976860653291273
1048,0.05047977227715721
1049,0.1552659591212118
1050,0.028117900921405373
1051,0.0682487758015074
1052,0.030074239223312572
1053,0.06142473020497325
1054,0.355362876832981
1055,0.0627545202279427
1056,0.06572508558040603
1057,0.12030806500102185
1058,0.09419842083656693
1059,0.21614326960626304
1060,0.047167055398875606
1061,0.04363713089163984
1062,0.16632330454801417
1063,0.05365332208400082
1064,0.033482188026221764
1065,0.09005853045083131
1066,0.04238011362584073
1067,0.028032347920638016
1068,0.059752323366099355
1069,0.03986972992028154
1070,0.1430119296570861
1071,0.074721832366032
1072,0.15910662084872315
1073,0.06956681116074767
1074,0.050400163637679234
1075,0.16818984141484095
1076,0.04859374929001392
1077,0.058896941222953386
1078,0.09471368666739693
1079,0.03872060960579106
1080,0.1194043573493532
1081,0.043971854563825095
1082,0.055909267071065825
1083,0.10628182341440481
1084,0.024357593486122802
1085,0.061349339562261934
1086,0.18276600913336208
1087,0.07340397293247211
1088,0.07806454450826979
1089,0.11913854535244998
1090,0.0391859647573515
1091,0.17060751845167202
1092,0.13946264036644485
1093,0.15274474588707568
1094,0.17828915653448002
1095,0.12627596168849659
1096,0.1913296629757854
1097,0.07349988608156983
1098,0.09804487719916627
1099,0.03960197900575166
1100,0.07756010509321183
1101,0.11687716145950049
1102,0.02890513587502567
1103,0.07357302872346151
1104,0.19432058951277892
1105,0.13002588042073177
1106,0.11989491533495054
1107,0.04466193962104928
1108,0.022378518154183288
1109,0.02576727319086346
1110,0.06318336896444891
1111,0.024112356808526355
1112,0.07354843783238071
1113,0.13019499682767097
1114,0.07451384655497417
1115,0.11759305933849114
1116,0.1269666558073331
1117,0.15335519878731718
1118,0.037805960988532276
1119,0.03493691893866171
1120,0.175860080520672
1121,0.01472497403153728
1122,0.10216209285286759
1123,0.09280148030433542
1124,0.024594711257311653
1125,0.11019185280768433
1126,0.019947921384095256
1127,0.027973939231333914
1128,0.14002806944147533
1129,0.047300130551836565
1130,0.03634301419611213
1131,0.05040301604316186
1132,0.08193788088664633
1133,0.024741876181950083
1134,0.06936943434727966
1135,0.042405845748609644
1136,0.05381987217671522
1137,0.12511525316615452
1138,0.1478834502116307
1139,0.08689519728362181
1140,0.03647368243857586
1141,0.05577602131744147
1142,0.05860253086954548
1143,0.12859046681636063
1144,0.017750861979000068
1145,0.07148324248689726
1146,0.05869501780912185
1147,0.04356841781809153
1148,0.12835798835272222
1149,0.030648620704390474
1150,0.16607524099300153
1151,0.11769653381060839
1152,0.11917277938650091
1153,0.08660981976417165
1154,0.09135660782693607
1155,0.017080144590462545
1156,0.12545098212315486
1157,0.2790799437457787
1158,0.13408606455405242
1159,0.0572550355402204
1160,0.170926396615515
1161,0.179483254579695
1162,0.10014227396824997
1163,0.0292980095703766
1164,0.09975437136277347
1165,0.03408157563892162
1166,0.023163347770002587
1167,0.025098228025309838
1168,0.08012145082686868
1169,0.060596231057488105
1170,0.03166389440585243
1171,0.25918681667085036
1172,0.1628223813437582
1173,0.04475401510993736
1174,0.28364897237591424
1175,0.050300533125888704
1176,0.025556975648492245
1177,0.08567830635955961
1178,0.14007837928428996
1179,0.07091398282657911
1180,0.05399469980862498
1181,0.07231448565578918
1182,0.044558290327855514
1183,0.04405540211416685
1184,0.09510729785040326
1185,0.06998995435840644
1186,0.06191992447350007
1187,0.10577364208555327
1188,0.043324424175797856
1189,0.10453952087228979
1190,0.05170278309413864
1191,0.22337689934592522
1192,0.06631663408229516
1193,0.09607811380735022
1194,0.07184740252913316
1195,0.16989262656875445
1196,0.2656847208041388
1197,0.10311456871919558
1198,0.06002084006910023
1199,0.11177657292317437
1200,0.15453779139082338
1201,0.19207469690781648
1202,0.030078946741736366
1203,0.0753088922055891
1204,0.2521761352721326
1205,0.05450447456354664
1206,0.29538206165577097
1207,0.07022004819897988
1208,0.17209636952525947
1209,0.11510537162317987
1210,0.05668357007578229
1211,0.08455842100357876
1212,0.14300959461057566
1213,0.08677195119431538
1214,0.027203394894522143
1215,0.10369310610886387
1216,0.03074468523998749
1217,0.1292601105058301
1218,0.09898332302671135
1219,0.050459825342118333
1220,0.11301691476992201
1221,0.0634512066290931
1222,0.09726656231817583
1223,0.35715964799139327
1224,0.09941364968266071
1225,0.07401477436747904
1226,0.11621158420609552
1227,0.04476423942779235
1228,0.07543128781548107
1229,0.06580260929211351
1230,0.21537210997122988
1231,0.10238955390483327
1232,0.06562055524656994
1233,0.07360420279519667
1234,0.11348188707183825
1235,0.18110388490905385
1236,0.08201304993635448
1237,0.10268033067340016
1238,0.03295477122137436
1239,0.021171289479154434
1240,0.154820672369349
1241,0.10955928493098668
1242,0.024980470822627877
1243,0.23503717662686305
1244,0.03805717028794798
1245,0.018308224136955084
1246,0.16266090367431424
1247,0.034939384741144296
1248,0.043489388789652327
1249,0.06702820903647472
1250,0.04246238305312994
1251,0.03646589131153881
1252,0.057386376974451
1253,0.02859667844908168
1254,0.043099411460892925
1255,0.055900282936025426
1256,0.09742141367414668
1257,0.08941150871348322
1258,0.07059305470128595
1259,0.049824935182999165
1260,0.030069553234467843
1261,0.18927191018498146
1262,0.06113699313716239
1263,0.06605287897429052
1264,0.034254153478656284
1265,0.020683770000986458
1266,0.08221095334324287
1267,0.13301615866783548
1268,0.03456582324197246
1269,0.19637771350137026
1270,0.07194034451545797
1271,0.21526790759237546
1272,0.019738931448992136
1273,0.03400299190993909
1274,0.28999536712193114
1275,0.09800538275979372
1276,0.07453484318201176
1277,0.22616607979826195
1278,0.21274085480660693
1279,0.061610080914889974
1280,0.1413029573348643
1281,0.03392858814355936
1282,0.03923293314782363
1283,0.22725883410191244
1284,0.2521664733404773
1285,0.09118623446135185
1286,0.11016734974605172
1287,0.06548692183409133
1288,0.1350424668682699
1289,0.16587214219189156
1290,0.06340001504581828
1291,0.06943502582060854
1292,0.03120379154743805
1293,0.08554134398551863
1294,0.1699473279498781
1295,0.16589621826882547
1296,0.051673766575647054
1297,0.11585973628047277
1298,0.10681560958796744
1299,0.03026598096264995
1300,0.10561952461415662
1301,0.20783744559651823
1302,0.11412204567114388
1303,0.11425199357656811
1304,0.034082853801474314
1305,0.0865100011242527
1306,0.03810990938813781
1307,0.029151386568942297
1308,0.19975609475967407
1309,0.02854878895525495
1310,0.21457879996505763
1311,0.09137749630614675
1312,0.11515227111829543
1313,0.057591820143012645
1314,0.0663453035952878
1315,0.037198101918205384
1316,0.08477617659570731
1317,0.033755769904670586
1318,0.11661749477274143
1319,0.2077730434896023
1320,0.10947177280978419
1321,0.23381500489712298
1322,0.1401137056792492
1323,0.04523141920194623
1324,0.2178805420730302
1325,0.14358498410723602
1326,0.030846347686207434
1327,0.14616025830691987
1328,0.09694265495303567
1329,0.033993621937054797
1330,0.04623306762868495
1331,0.11166631252438643
1332,0.08571470472512148
1333,0.08274548681516651
1334,0.07537114168994564
1335,0.1239488670814814
1336,0.2660396919444001
1337,0.032317674516256945
1338,0.035451523436463364
1339,0.23573523501818608
1340,0.10580775849398287
1341,0.19788550029456356
1342,0.12051940173975272
1343,0.041692109425186585
1344,0.04595584274416642
1345,0.036879566654672506
1346,0.2658756081762574
1347,0.13929088330527725
1348,0.031342673909213775
1349,0.17704409094994297
1350,0.17675405187165633
1351,0.2180149504338914
1352,0.11761701689889996
1353,0.11336658664976224
1354,0.1363813952661593
1355,0.17302732884778788
1356,0.17761236911637404
1357,0.07334507391399914
1358,0.1810188611457065
1359,0.08911635228408639
1360,0.07022583777664114
1361,0.061007766935692584
1362,0.038576548953780175
1363,0.053073435176156473
1364,0.2123884159142195
1365,0.27539766004369987
1366,0.05901349595749434
1367,0.13639675090195355
1368,0.2219943291131036
1369,0.12154343359334316
1370,0.0690567754128877
1371,0.10309804058890866
1372,0.19467597100132397
1373,0.09497775338920916
1374,0.038625534708921744
1375,0.11018321176150757
1376,0.071501718690896
1377,0.08236591706798552
1378,0.07821465520819178
1379,0.02445806466345871
1380,0.06711377002515109
1381,0.1505880944585374
1382,0.3201292189880844
1383,0.0404608459635165
1384,0.023039259174743226
1385,0.1907177866415139
1386,0.10397166989632847
1387,0.0870355065451621
1388,0.1137498167224446
1389,0.02390795438253201
1390,0.19020967274654874
1391,0.17566372828839716
1392,0.130278551732715
1393,0.050503304780959504
1394,0.0397770535124194
1395,0.10867587227726044
1396,0.05196498352030673
1397,0.17985550440560205
1398,0.15498021263389108
1399,0.16967573785658308
1400,0.09735657885884545
1401,0.06248578102841808
1402,0.24106868472149637
1403,0.21513456545124546
1404,0.1493964630171688
1405,0.061859863091775956
1406,0.22609509086394272
1407,0.21838646087091243
1408,0.09636269107213541
1409,0.18036203686411095
1410,0.1825461124950287
1411,0.24945665761492347
1412,0.11126816722302181
1413,0.04267145166492946
1414,0.2745506595521908
1415,0.11113253828263273
1416,0.08825627538167137
1417,0.10970709802244843
1418,0.07982047923310685
1419,0.04477030698407358
1420,0.11572102619465406
1421,0.04394936286380849
1422,0.13155479103788054
1423,0.09953213771221704
1424,0.06845872134000082
1425,0.12716636674840986
1426,0.1154695881300711
1427,0.10484986727851188
1428,0.20273325839638115
1429,0.07539200029015466
1430,0.13766084220524452
1431,0.19073549222296052
1432,0.21330275989499733
1433,0.18977572226556452
1434,0.09265542284318835
1435,0.09386661832197296
1436,0.15702250559830305
1437,0.3314873210265354
1438,0.07697756641968415
1439,0.189089860966293
1440,0.16945111842916
1441,0.21114850005363336
1442,0.3007087535761003
1443,0.04381072661106292
1444,0.1508071518445587
1445,0.330330793066033
1446,0.07779660865212691
1447,0.1230035566103664
1448,0.1106268407206304
1449,0.09897571391287874
1450,0.16747534351242058
1451,0.049782150535631856
1452,0.045425782819409816
1453,0.16007003326457078
1454,0.11684009349163593
1455,0.08172398512602526
1456,0.08522525099831137
1457,0.026073175682110206
1458,0.16941085904713782
1459,0.06079302601548015
1460,0.09950820335833971
1461,0.12274853644948246
1462,0.08340504913288473
1463,0.20967332496402433
1464,0.08518781609956691
1465,0.08384771988771092
1466,0.03457277498330345
1467,0.04223349561773928
1468,0.13887579853164317
1469,0.02368169321847034
1470,0.0572871155708086
1471,0.08159154480702167
1472,0.2061267100589443
1473,0.1602789265088585
1474,0.022449857686742007
1475,0.3930806463579474
1476,0.291555591751577
1477,0.12500922395469122
1478,0.0490300560690839
1479,0.11922173395980415
1480,0.05662152936680027
1481,0.2851130768172722
1482,0.06285493988671532
1483,0.04333301553287929
1484,0.051618933248736086
1485,0.03906039056509275
1486,0.1456538748288228
1487,0.04273042942615145
1488,0.03936011755342993
1489,0.04585626020054268
1490,0.16001656322368057
1491,0.24888128491375341
1492,0.07220435986020649
1493,0.07426047863834496
1494,0.042635570201891244
1495,0.2680534268433344
1496,0.10199604008346129
1497,0.06873926944318588
1498,0.15125904610420943
1499,0.09914888999081362
