Round,MSE
0,0.07227163982746775
1,0.04270800121511671
2,0.0408673861882084
3,0.05640987325133475
4,0.04681381009691935
5,0.06733973788530809
6,0.074958039103029
7,0.05208019233637037
8,0.04564758518792592
9,0.1482948308031575
10,0.06860116851131827
11,0.054507382782983595
12,0.12427406852753402
13,0.06344961709587421
14,0.11069120305217434
15,0.03982130189829567
16,0.061035090407699076
17,0.12423710346522639
18,0.05096481098624748
19,0.05344101663013654
20,0.0759434394694499
21,0.06944993216837429
22,0.09809673577023996
23,0.06593919362235104
24,0.06239586784189446
25,0.06879600012712433
26,0.0467536867895551
27,0.07726332708294813
28,0.07137129934298841
29,0.038285640834839624
30,0.1200601272887569
31,0.05939468875668945
32,0.040666715394685346
33,0.15338386335678375
34,0.05904714563860859
35,0.05081530549186274
36,0.08728667070087906
37,0.09933575850094771
38,0.03867309947252277
39,0.07789963669059964
40,0.05200014071431563
41,0.0993509088604566
42,0.06722494081823441
43,0.05118774689994599
44,0.04213574333029797
45,0.07801041336035444
46,0.0410780903893527
47,0.0590032932941231
48,0.12088982313835532
49,0.055550631257733366
50,0.06990636313742862
51,0.03641407438694186
52,0.06248773409765595
53,0.053266255313838544
54,0.07544936957960144
55,0.07989725026483434
56,0.03611488178114953
57,0.07887873367296806
58,0.07682112470703122
59,0.04564052518616589
60,0.03975923509800165
61,0.08375336195528985
62,0.03816017640110056
63,0.06235830483471073
64,0.07847266310236693
65,0.05907769986490478
66,0.04866685136049444
67,0.07914905799530904
68,0.05053832100338957
69,0.04450381902538054
70,0.05923120568307611
71,0.09599173127350251
72,0.043539984329960146
73,0.11029709922139916
74,0.06021110542348627
75,0.06116931500191786
76,0.08293709212815807
77,0.06740248057231059
78,0.05229766726439477
79,0.07692819501654444
80,0.05491698896204375
81,0.11422595907516589
82,0.037181535972883435
83,0.08466901564248225
84,0.04967405134984183
85,0.0689589477594794
86,0.03950686334701317
87,0.050396179554750196
88,0.07565381439682538
89,0.049811474660893654
90,0.05823557979317186
91,0.0446452794939794
92,0.07305003635688241
93,0.08312973865658599
94,0.0401521823068089
95,0.051476814944770764
96,0.049072590182157524
97,0.0475706052576896
98,0.09137743856209302
99,0.05736113105319472
100,0.06751322979603891
101,0.041924121351006954
102,0.04713263984705154
103,0.0467670450613162
104,0.04605184523515751
105,0.04941758287124205
106,0.039323397320506055
107,0.08557503112142796
108,0.0648379088313343
109,0.10228149634707791
110,0.039465968507499824
111,0.13778843566695856
112,0.0449216712869734
113,0.04592076283780488
114,0.04098262903067253
115,0.06559432438690148
116,0.07762462533534079
117,0.06276000590034707
118,0.06441603599989355
119,0.04621301758205185
120,0.05841936947387182
121,0.06749991721993642
122,0.07256688535448923
123,0.04446181459181238
124,0.0894058210253308
125,0.03851173344259972
126,0.06352973029512227
127,0.05116562860695279
128,0.0627763545203538
129,0.046168937065730685
130,0.08294913848918725
131,0.04006772423717911
132,0.09743883915438492
133,0.04999642375534241
134,0.05233671680827363
135,0.08984896392156207
136,0.058732121066242315
137,0.12384733543183422
138,0.08526308459420467
139,0.10285999050374303
140,0.08858308354638415
141,0.05244835853189859
142,0.16455804259070342
143,0.09034918741596708
144,0.04591300601391663
145,0.062502133141028
146,0.07683673817477299
147,0.045808646038804385
148,0.10393744561475601
149,0.06413711926608773
150,0.054665933434169346
151,0.060533593806607076
152,0.04073012408970912
153,0.08298258309058165
154,0.07090626406613539
155,0.05987343312773478
156,0.08890945813276435
157,0.05173072803622606
158,0.047271034983654266
159,0.05677041123569534
160,0.04354956251585361
161,0.05253646897111867
162,0.05927421066260658
163,0.06157846642600424
164,0.05087042978487355
165,0.06297970623418485
166,0.08383119634778599
167,0.0774650860259778
168,0.08778477566523232
169,0.07761843420550933
170,0.07432932065013904
171,0.08278175999208429
172,0.052525945214996136
173,0.11983870035155637
174,0.04541864195599627
175,0.08107002474890264
176,0.04136548428859303
177,0.10826489582561863
178,0.05076577399527018
179,0.05559753652021156
180,0.038911332211560935
181,0.06552790561998924
182,0.05643456807299809
183,0.06903983702495432
184,0.05817755811694984
185,0.07949612470620657
186,0.06601151394618175
187,0.08836131644672197
188,0.05991907146304528
189,0.09533046518362505
190,0.0731869875797741
191,0.05131855023472931
192,0.09716892306613945
193,0.12007160681253143
194,0.05501607509657862
195,0.05404678062054361
196,0.07506123101152415
197,0.08783086706086526
198,0.07715378214099025
199,0.06259874118588546
200,0.07277645542435865
201,0.04766176545477411
202,0.062209419099231854
203,0.10377195091719245
204,0.05337253758768818
205,0.10665693526814041
206,0.06818727633791083
207,0.06617100020834171
208,0.09789602331477139
209,0.086806812845035
210,0.11036438565733768
211,0.07029297955814905
212,0.06708732770680763
213,0.09171218288446426
214,0.04160550988990574
215,0.07851482743854943
216,0.049243557880269
217,0.09342806649211817
218,0.041506168961481564
219,0.1065411120371769
220,0.040825181427833444
221,0.07710525256405103
222,0.06657842443773622
223,0.04688426500028594
224,0.08011588527404426
225,0.0724778698690698
226,0.11871896200570718
227,0.040082768420175795
228,0.08395631011999424
229,0.06093905352943152
230,0.06711939268943615
231,0.0977367428792926
232,0.03634355941001267
233,0.08818477267125996
234,0.07855865760085255
235,0.09939826614194804
236,0.06720496688944447
237,0.11477411248175422
238,0.05345406722286633
239,0.07120453609260807
240,0.0914118216791495
241,0.050552962892611776
242,0.07190983646232903
243,0.04821508540929352
244,0.1591786590120228
245,0.04920422654338213
246,0.062078826415802243
247,0.1164489391419625
248,0.0502015799986412
249,0.08142325595339195
250,0.04036103716256316
251,0.12445922166550902
252,0.03884081988813562
253,0.07233490664907086
254,0.10567607040890312
255,0.06062763994633372
256,0.1139126057994507
257,0.07312968611539393
258,0.09379140494821611
259,0.07408880370273824
260,0.049673629281914114
261,0.093898282182283
262,0.08605040256151957
263,0.08489517737668341
264,0.09853597292485361
265,0.044851885904371114
266,0.053778577661108384
267,0.10233513435116466
268,0.09719736785486854
269,0.07701888178758837
270,0.11485491604958435
271,0.04146660663171768
272,0.08147806842513175
273,0.05349676840213854
274,0.08917155805682625
275,0.1267095440379348
276,0.04579113998865369
277,0.059866501960749635
278,0.08811218458828898
279,0.0506265095158326
280,0.03778403963456833
281,0.08782322110807159
282,0.03606144400307425
283,0.0881660679069648
284,0.05649975058141599
285,0.06073475425341883
286,0.06329375463902809
287,0.10180835671015802
288,0.06298121078675868
289,0.0640205883508726
290,0.06765680361956683
291,0.07699148705738583
292,0.05858413111706884
293,0.0366170983812775
294,0.09084434516408632
295,0.0503873635310763
296,0.05238581542181231
297,0.04916375822722701
298,0.04815894918509581
299,0.09588933766062074
300,0.05312458042970463
301,0.04978691490806859
302,0.09301754155332669
303,0.058570029094504115
304,0.0535629247064584
305,0.08576845049305121
306,0.04266521053067648
307,0.10738149337382036
308,0.03637173261044525
309,0.07364953379697874
310,0.034447555881037775
311,0.0834283811558312
312,0.03199200315603675
313,0.06285663401745561
314,0.05639433136040711
315,0.057823331804986
316,0.07466811017857534
317,0.0552619152249133
318,0.08454098486477717
319,0.05289434130862388
320,0.04706491874979687
321,0.0438381846889356
322,0.0806330381210637
323,0.05890016687849015
324,0.03291671696394545
325,0.0779240232359237
326,0.06012364178587045
327,0.07037276800858035
328,0.04776401910339186
329,0.049581648229151565
330,0.07015604880233008
331,0.05549766310276822
332,0.06553191422509053
333,0.04269527502876792
334,0.09531136138778297
335,0.06828283258159369
336,0.04485736541262513
337,0.06430197157325063
338,0.10617977193294369
339,0.11389520497396106
340,0.05524450853094311
341,0.10280835758837405
342,0.0327302425494403
343,0.10726168668956625
344,0.04188375725890038
345,0.03464114890138073
346,0.09032699785954378
347,0.028807284768566335
348,0.0913864832036298
349,0.048765248661314105
350,0.048809533702094
351,0.05878052542996279
352,0.057826095928943416
353,0.04932751176682662
354,0.05746777396510949
355,0.08975911798897847
356,0.0422663142418101
357,0.05809816880401096
358,0.08249542061939004
359,0.09668042803542307
360,0.0773436702188102
361,0.09410266382006834
362,0.035144409039956144
363,0.07555828520363272
364,0.07486031493884956
365,0.04812692747760558
366,0.06717356864978645
367,0.03627296750413574
368,0.04261594070907585
369,0.0711000468135031
370,0.04120786148192546
371,0.03342704108272769
372,0.09985300227040836
373,0.02756451989454437
374,0.0594818436051424
375,0.0897475194817404
376,0.04400455633067273
377,0.05594933778455793
378,0.062418754157944
379,0.056635581135798294
380,0.09260441151208551
381,0.05995792483699188
382,0.034420563405645754
383,0.06292760012834565
384,0.0843681771351747
385,0.06770750093443567
386,0.05950423483491568
387,0.07874760503694157
388,0.04057505179248414
389,0.06307841868571239
390,0.03555360286849491
391,0.1131212304699693
392,0.05764639034002891
393,0.05885850697549929
394,0.08752302816877895
395,0.08705193855597258
396,0.058656311908628335
397,0.03549166181748158
398,0.08456950878513511
399,0.05680747959452728
400,0.034129780769876494
401,0.050274155268134106
402,0.042202534228481456
403,0.0625701195843089
404,0.11333859895298765
405,0.06555206654165145
406,0.04977999387931816
407,0.06715160709370671
408,0.09728929958738605
409,0.11901635014483233
410,0.08138219890640366
411,0.06945794787227749
412,0.07777468915712156
413,0.03320653091324367
414,0.07757214466771686
415,0.08430203607095971
416,0.03836725910139259
417,0.1472763577715432
418,0.038935775511481356
419,0.09823544274016881
420,0.09575754384378025
421,0.037157264432110405
422,0.07946111946915792
423,0.0668716706181531
424,0.0672792204305845
425,0.06805096979687152
426,0.1201318638192215
427,0.046603174085273966
428,0.10068307818900801
429,0.05226862901705965
430,0.06377344843421087
431,0.05015933406435362
432,0.058319141918273885
433,0.06921996307896809
434,0.06786775001764672
435,0.05189026714554911
436,0.10971448938940917
437,0.04623746760277274
438,0.04919336963646952
439,0.06549188580501997
440,0.07644934468779266
441,0.0691257884918983
442,0.06231874800672354
443,0.06193515832259273
444,0.10951661579948796
445,0.07751957705396287
446,0.030859101021233674
447,0.07188764147901447
448,0.064038344803918
449,0.03393915358275738
450,0.03889942353146711
451,0.0721737464353966
452,0.04538864982138927
453,0.06535108164894762
454,0.04695645841975284
455,0.10421073429039882
456,0.0411806367972496
457,0.08855754541528561
458,0.09571076669452327
459,0.06360511952509501
460,0.06561191990453993
461,0.03653305820924313
462,0.051266790735573525
463,0.07112884570982225
464,0.03241726901588131
465,0.0307834799778294
466,0.05831442375111733
467,0.024735699783009456
468,0.03794347339857525
469,0.07290698953959111
470,0.024859046141764974
471,0.06201256967872541
472,0.03503405697909502
473,0.04680936054117595
474,0.07475610305462312
475,0.035420472924830936
476,0.07555527009795655
477,0.038394740550636235
478,0.05905228568559508
479,0.08842157445624636
480,0.03060952552355816
481,0.09081200289718948
482,0.027429947061774682
483,0.08514227536489519
484,0.07261900490987708
485,0.023852004979415763
486,0.07028403408987763
487,0.09713249404255374
488,0.035838671276217156
489,0.060508404855441074
490,0.0981633511749783
491,0.04141100751560416
492,0.13009360477843052
493,0.023981515655753963
494,0.05636172051420342
495,0.03947702247667962
496,0.025498024147342622
497,0.10046329253397512
498,0.02336395501774033
499,0.029942198036413004
500,0.06792069178472246
501,0.027192058645851388
502,0.05389411504692034
503,0.08123533575303098
504,0.04535024282708769
505,0.07270088878545372
506,0.062349942426191796
507,0.05558051613366474
508,0.06109702680735508
509,0.07945064942646765
510,0.04245025234899642
511,0.044758006874942566
512,0.06076491231711649
513,0.04372232005195882
514,0.13254008032459755
515,0.02467406918347847
516,0.07867630809069524
517,0.06312640209620117
518,0.044815691013312536
519,0.07222491358954149
520,0.029499152822266762
521,0.06809181152643057
522,0.057846858179103205
523,0.035392217109120154
524,0.10212383994588448
525,0.058537355011627094
526,0.04804999306696375
527,0.05556778088180158
528,0.09207097635906913
529,0.10081916415959402
530,0.044043183730335604
531,0.15547714552868178
532,0.051774338693842584
533,0.07791404867965475
534,0.1192090392506723
535,0.057573502347868045
536,0.12414315688531315
537,0.02502140811565029
538,0.07583170869651015
539,0.0571476135845405
540,0.021140629735701178
541,0.03099841372275154
542,0.057103819190401806
543,0.11759945188131724
544,0.05137339233540008
545,0.03371758684711227
546,0.03615820898112449
547,0.035049484624267
548,0.03795764369125135
549,0.05346232927458102
550,0.08803224846834809
551,0.03024656799113452
552,0.11147085747858443
553,0.04688278631047606
554,0.036736616268650484
555,0.055606550771007485
556,0.06417019420684993
557,0.11470394741389682
558,0.07687934926594173
559,0.08089427563214795
560,0.055108511941504165
561,0.031660194357611825
562,0.061768902111019555
563,0.043128658345298505
564,0.024219228911104486
565,0.06485456224129231
566,0.044753541437418554
567,0.0877731660812366
568,0.050079016700012635
569,0.041069094800371256
570,0.03887402353621109
571,0.06891849248778643
572,0.03695334133234454
573,0.0402795658057382
574,0.1020978714116595
575,0.028583583888842815
576,0.03204122946222917
577,0.06535660033609089
578,0.04879953027111884
579,0.03870574412169259
580,0.03063417539119787
581,0.11448215254231227
582,0.07403934245065534
583,0.021705906974988785
584,0.10755948942822165
585,0.06709083990785882
586,0.024778935203534184
587,0.040856192558283856
588,0.04398484442772209
589,0.0637297490175903
590,0.12152053697680801
591,0.02947445105005429
592,0.10482062982639741
593,0.041620841382196315
594,0.04952125875407021
595,0.06448391558312074
596,0.04098458345112142
597,0.03684602126938337
598,0.05025722626778217
599,0.06435432753526972
600,0.025756392980092278
601,0.04511773476780629
602,0.0719295758281634
603,0.08615879689528376
604,0.0750765352493968
605,0.0659245834823847
606,0.0266263674084973
607,0.0930278513993633
608,0.04451768823399595
609,0.08837000788333571
610,0.025528585554714583
611,0.06738978801068747
612,0.07803430036081146
613,0.021354964572130267
614,0.13708457868849086
615,0.03989562816739661
616,0.0695918969390597
617,0.03591514799435785
618,0.028628244750381077
619,0.0434270552144828
620,0.09676496919642964
621,0.0461096850022351
622,0.043571242044049496
623,0.1443732434189128
624,0.02568567275629372
625,0.06646360184317568
626,0.055711062850066766
627,0.0483570809202848
628,0.1860448148990217
629,0.04626000635697395
630,0.06812269493667478
631,0.09551779355295062
632,0.042021945877084466
633,0.05521509686829577
634,0.04281813827739197
635,0.03606424803016322
636,0.04914667237034517
637,0.06922116970162767
638,0.07868326460424141
639,0.04900146650386523
640,0.07176828639634196
641,0.07679254995170233
642,0.07844175978730135
643,0.045777028626418595
644,0.03188176650139001
645,0.035511501129608845
646,0.0258502699725781
647,0.14810730577590717
648,0.050266486761604945
649,0.11334203698070523
650,0.03879775329986516
651,0.09556410899184285
652,0.0571274918675052
653,0.06335598207457262
654,0.06063355694550689
655,0.0972707523759847
656,0.05520926907049752
657,0.12061840704604188
658,0.02727902926410711
659,0.07747107795781127
660,0.04268495900724879
661,0.047087666246555554
662,0.08395762609420723
663,0.021521887703395956
664,0.12615246855671514
665,0.04676488878253622
666,0.05763933612164024
667,0.054323870727784086
668,0.04467552379548391
669,0.09449717592207713
670,0.021658536933540914
671,0.07107025703114353
672,0.0981382629185129
673,0.03913481903569499
674,0.09118397952436055
675,0.06651911334601926
676,0.11339610627170058
677,0.0790189231655136
678,0.06375473746541636
679,0.10195026210943084
680,0.04102516871780592
681,0.06057187868675389
682,0.09852652240612032
683,0.10198871707609576
684,0.08884184003816178
685,0.03481191790451252
686,0.17183703044633108
687,0.052038052024881924
688,0.0695243245697285
689,0.06408578651828409
690,0.06447692481052428
691,0.03975123900028451
692,0.05761913946556579
693,0.0582234619293562
694,0.10682540234725409
695,0.13343144967134776
696,0.04584627665569605
697,0.10806800610405906
698,0.044396289613180116
699,0.05546200002464185
700,0.03656264361497855
701,0.05888780004669443
702,0.0781435211965871
703,0.04387887180758866
704,0.13158900402026502
705,0.025688463236575573
706,0.1097720818586553
707,0.16241472211923647
708,0.05884253323817975
709,0.05412528051813234
710,0.08738057097095073
711,0.02675553162586882
712,0.09659844166882335
713,0.09188979478568365
714,0.04323064065980181
715,0.11205298519411065
716,0.08175667324863566
717,0.04481348793359962
718,0.06634364940573555
719,0.18868435949259568
720,0.05199145658728648
721,0.03844440995885573
722,0.06387097043488671
723,0.03126284911509201
724,0.04157472904337776
725,0.03341642415473036
726,0.0829891801928306
727,0.03750804368027978
728,0.07141922060056938
729,0.02224507816141042
730,0.0878265715504784
731,0.0348574180237149
732,0.11473093154444808
733,0.057737888856131306
734,0.03359174437968472
735,0.04794858243410724
736,0.029570690054485038
737,0.04197176392533577
738,0.03838083916180149
739,0.04008986585371882
740,0.08849811099340585
741,0.023315974492368337
742,0.08520996237642675
743,0.08217797780670294
744,0.02598501175971262
745,0.09133213983273678
746,0.037869966265163216
747,0.12881680943642737
748,0.03554690908550419
749,0.024385495989600582
750,0.11379309049382665
751,0.03551212826362923
752,0.03791326312714746
753,0.07093237450899742
754,0.02950882057436341
755,0.06334786411458876
756,0.03824719538767609
757,0.03663005844514058
758,0.06746392408362573
759,0.025207752745508273
760,0.05870691863157729
761,0.08393065258489713
762,0.08460415897083247
763,0.05785026544079276
764,0.04217563576980069
765,0.0888671619073355
766,0.02530523950019549
767,0.05350025202812452
768,0.0374879102423844
769,0.07721668226032527
770,0.12828129198553115
771,0.04354534252995881
772,0.05778111949177585
773,0.16454320096928246
774,0.03303257918238573
775,0.12699773218468122
776,0.030403240353934553
777,0.07315399998066043
778,0.03240088496795713
779,0.10560133517999232
780,0.03828839276486201
781,0.09529969574602173
782,0.057251092349931504
783,0.07937201563200831
784,0.0625002941813781
785,0.055036438454934146
786,0.037462441862489086
787,0.06944363890079899
788,0.049012255620188454
789,0.04270623590332674
790,0.12345642180283699
791,0.05919273694826047
792,0.11574867165131314
793,0.11381323347188901
794,0.06344166277748253
795,0.12907024880978193
796,0.07943989801409491
797,0.07547759289126166
798,0.04035757610623411
799,0.08935462463649503
800,0.14057268249242405
801,0.06213345064630642
802,0.08965681772336966
803,0.06140830458304848
804,0.04084294257127651
805,0.047657655121375785
806,0.06502225754084127
807,0.07658686485838323
808,0.08728321418821583
809,0.03291466785332802
810,0.09199399769082449
811,0.05398332244675728
812,0.02933878260071384
813,0.1398741514052759
814,0.061014449732930465
815,0.08030691783170521
816,0.06033132329420564
817,0.05957641185979629
818,0.14046898095681637
819,0.02729197920389355
820,0.1388932080768006
821,0.08570690273503626
822,0.06995230713056447
823,0.05703106011377112
824,0.03590925677339096
825,0.1327511548511126
826,0.08036191011352938
827,0.06799305065964323
828,0.06566704141734371
829,0.047368187779975875
830,0.060111157704893455
831,0.1023836964050248
832,0.043093471511313014
833,0.13125541471171318
834,0.029569964492706782
835,0.08804275952185847
836,0.09362079860870892
837,0.06369766565803026
838,0.17267019480367787
839,0.03739229498385846
840,0.07616760158818497
841,0.14654155921012202
842,0.11390890505896309
843,0.05938688602493915
844,0.1100369460715922
845,0.07462037101855468
846,0.0614706561164075
847,0.06639361492567086
848,0.06496729324653049
849,0.09052985083297581
850,0.044235766342170614
851,0.0969659941482871
852,0.03187333860188554
853,0.07996869125191872
854,0.052103928159449746
855,0.05112129636517804
856,0.05434773525755761
857,0.03283488549378773
858,0.03784961189983163
859,0.027977739000590238
860,0.05287614029123593
861,0.03143959053831353
862,0.053727669847363074
863,0.04204488730418913
864,0.1059682634274242
865,0.054320694189737125
866,0.05073035419188829
867,0.11566376554681519
868,0.039207107163887187
869,0.05918967256511495
870,0.10510215893614058
871,0.07228431208000655
872,0.07787881323566943
873,0.037843186513388846
874,0.12903025435444115
875,0.05631094684172639
876,0.10716261006314144
877,0.07996179578091019
878,0.05161675245588213
879,0.04823386941387199
880,0.1484816226563654
881,0.04166026493281117
882,0.11432636884818756
883,0.08048574042286791
884,0.08577868648277902
885,0.034936819221204306
886,0.07205155450703664
887,0.06262040751750621
888,0.17828942153686433
889,0.020385959321016025
890,0.07926954533184992
891,0.06387959190889905
892,0.030540557091951494
893,0.1115216268780026
894,0.0287255058393032
895,0.1036387454900238
896,0.13279276980868426
897,0.04847965592737762
898,0.10294934974128928
899,0.04776537380433411
900,0.031409992374121884
901,0.11168684435488353
902,0.027990283706777173
903,0.05201606631424951
904,0.03622954079192007
905,0.07252960210593887
906,0.08335972651526684
907,0.028213243542423425
908,0.07407855754435273
909,0.06988126479980773
910,0.08404631213972612
911,0.07588781742727592
912,0.05206556309683874
913,0.04411027689776897
914,0.05448029671078034
915,0.15969069346978837
916,0.03537274889121852
917,0.08534497378576701
918,0.10664367834717434
919,0.031753973230956134
920,0.15359124597310453
921,0.04496492880941601
922,0.19168852930196478
923,0.04569229266079373
924,0.10128190025950734
925,0.07409064360431228
926,0.06702314697112619
927,0.04227572995716511
928,0.08441017528256606
929,0.09085329343044754
930,0.06138984560363465
931,0.07751533892846205
932,0.09676871687829476
933,0.11537485694571073
934,0.10282825419803285
935,0.03272347816944342
936,0.15266404861832797
937,0.07715376079305858
938,0.02842018267005404
939,0.11585205296411186
940,0.09820991687203733
941,0.03521851063200739
942,0.06446247027820216
943,0.0618438535893182
944,0.02429505765319555
945,0.05669164930779983
946,0.05088968530632498
947,0.17425973379848922
948,0.04089256896347061
949,0.12287721014205528
950,0.09708385013687434
951,0.08820380295993227
952,0.21887725991145152
953,0.07326116081103069
954,0.08926047543728471
955,0.10789582835779084
956,0.031609866298702466
957,0.1658040489076446
958,0.02142733946554612
959,0.03115032981471734
960,0.2155385031557375
961,0.04781489242943668
962,0.11405633647774836
963,0.11812314753827559
964,0.031908941915153054
965,0.10065301705590401
966,0.04873865655864983
967,0.039007468031571006
968,0.17802974448131553
969,0.028108306781889497
970,0.06841976468891009
971,0.03693870025926209
972,0.0713883103319079
973,0.07899652042705664
974,0.0402631487019535
975,0.07247738946463608
976,0.1053198988340685
977,0.0380650367516639
978,0.04070102595032651
979,0.11698043351622682
980,0.09960688660973871
981,0.13103744003361767
982,0.052633946604321274
983,0.057086645330443136
984,0.1505364599986516
985,0.1482483999067934
986,0.06717100729890353
987,0.03724843772381681
988,0.16357945906715995
989,0.10013139608014679
990,0.1620498352442238
991,0.05110386135086926
992,0.09115113336220523
993,0.07587279455260441
994,0.03266637767271627
995,0.13362832031914054
996,0.19724769781737841
997,0.03875015908537476
998,0.14322931792083501
999,0.1107915705250173
1000,0.03883692604914843
1001,0.15731987825862304
1002,0.040941164115329956
1003,0.048874563887335444
1004,0.10852737640142941
1005,0.08064100829498855
1006,0.04621685791855202
1007,0.09547832113795524
1008,0.07746198952074114
1009,0.06902606513107527
1010,0.06615790860330018
1011,0.03188395359164126
1012,0.12326596913597446
1013,0.07974680165098581
1014,0.09314503710893454
1015,0.10177481317782021
1016,0.08537008107771614
1017,0.16461778673481586
1018,0.043350981285778904
1019,0.03493080167479198
1020,0.10229205901524814
1021,0.03853529633441178
1022,0.06595987173215954
1023,0.05446497377271925
1024,0.040917135116236326
1025,0.09192040823293346
1026,0.06111947423234983
1027,0.052877141495052966
1028,0.06306277619533462
1029,0.06639104543393735
1030,0.026268972285863005
1031,0.0752183982689879
1032,0.022656097873062345
1033,0.05122942034905484
1034,0.03475641556048141
1035,0.037553817813579346
1036,0.040217967544362125
1037,0.06373751375801326
1038,0.04765222648910835
1039,0.1396071603048333
1040,0.05456849405056663
1041,0.03352877718994808
1042,0.06347146910049882
1043,0.11294606954481547
1044,0.032581919514827584
1045,0.09677593337174971
1046,0.14356708145438074
1047,0.05538153876233553
1048,0.07115267348229672
1049,0.05118117405960858
1050,0.03802087855275331
1051,0.10951387268672912
1052,0.035614231865299655
1053,0.09375074291841679
1054,0.15226247282012131
1055,0.02462112109249229
1056,0.13504682688908845
1057,0.03795498165119669
1058,0.07744198194760431
1059,0.11579196469529401
1060,0.04693748899525932
1061,0.05052202880847072
1062,0.13428109947577682
1063,0.08948922507896886
1064,0.0741638789246148
1065,0.1358261881137365
1066,0.0919263716920178
1067,0.08107581781664756
1068,0.06263667887454419
1069,0.09776890961318194
1070,0.06779802324964228
1071,0.06662517957648405
1072,0.17570201003673505
1073,0.06992255677677836
1074,0.10906738431736994
1075,0.12857742738717032
1076,0.021867531561205057
1077,0.14184592686500172
1078,0.09788309426350117
1079,0.07751730036753321
1080,0.15478601081128543
1081,0.09287865881570391
1082,0.108434238230795
1083,0.12325843992807897
1084,0.040541390095270684
1085,0.08191428099609102
1086,0.09296882624836414
1087,0.04319757691017502
1088,0.08138350787778395
1089,0.155163086942733
1090,0.03611696657412341
1091,0.052255231608458096
1092,0.08518116253149798
1093,0.051893848608985445
1094,0.09969444923400729
1095,0.06347343522646097
1096,0.18170676136459807
1097,0.06399736718545047
1098,0.08397348893603533
1099,0.06352388422362454
1100,0.07145993063191439
1101,0.12348640142974687
1102,0.0413337933761994
1103,0.1781795354107217
1104,0.059187652064887776
1105,0.050646320773425464
1106,0.16555832604964232
1107,0.05219823500730816
1108,0.06437389555594543
1109,0.03984324127830491
1110,0.09772937708663736
1111,0.11107624258721212
1112,0.11124071742642026
1113,0.0835748269065142
1114,0.04216438963221986
1115,0.2203145915163304
1116,0.12025359606683571
1117,0.09621032480365017
1118,0.10462738110401436
1119,0.028449045100086955
1120,0.20286838557953432
1121,0.02774288289096731
1122,0.058667146704296604
1123,0.17914130287566277
1124,0.028260573546705383
1125,0.25217414645755687
1126,0.05388609778551088
1127,0.05530236526002004
1128,0.1479844756238275
1129,0.05317609099211906
1130,0.06358768488958806
1131,0.1478232573713131
1132,0.032159234295593385
1133,0.0576789654158322
1134,0.08856136571658298
1135,0.058358521327133255
1136,0.07884979918303031
1137,0.08828113317080456
1138,0.1457009625918211
1139,0.03697168916143857
1140,0.07520109595914873
1141,0.03594235148299957
1142,0.05041815352366731
1143,0.16124279287757556
1144,0.02304293109842964
1145,0.0975743231002253
1146,0.03347622962298973
1147,0.05449122434937464
1148,0.1618969402587649
1149,0.05017275806309808
1150,0.11759092264007402
1151,0.09088082051708356
1152,0.07414425804010101
1153,0.13774920780978003
1154,0.1093498203089557
1155,0.08757673047959785
1156,0.02785527665713705
1157,0.14762821573282198
1158,0.22284167925524834
1159,0.046336602374551034
1160,0.14018731128878903
1161,0.027723574353310704
1162,0.07528809177291464
1163,0.0449868102404711
1164,0.06394578672754811
1165,0.1983263881981872
1166,0.07282670885379476
1167,0.053672239714469834
1168,0.09334269722549593
1169,0.09227266326811011
1170,0.052770039164628614
1171,0.10620795661550574
1172,0.1225210037383327
1173,0.15881850054494867
1174,0.0764405227580796
1175,0.05947459452220677
1176,0.02906061224815065
1177,0.04554209206837674
1178,0.13423365145467803
1179,0.03334155917034808
1180,0.07839105143558826
1181,0.09283459436206053
1182,0.0717351814621392
1183,0.09422253175229749
1184,0.02724310238637301
1185,0.06592568195122403
1186,0.044750057761178616
1187,0.07055359947918177
1188,0.028792552845958743
1189,0.08476383792952484
1190,0.02341803752806036
1191,0.12491198992800596
1192,0.05798592336347767
1193,0.0608577544864666
1194,0.07206365995903664
1195,0.14799570213716734
1196,0.17679283755876618
1197,0.14253166060718994
1198,0.08594607040232251
1199,0.03862187557944786
1200,0.032047550965356345
1201,0.10000041605222545
1202,0.06469581094055382
1203,0.10898294804323523
1204,0.0937061450298231
1205,0.07787233789658105
1206,0.15605173699382577
1207,0.044642619191646214
1208,0.12906442671433546
1209,0.06378983881442297
1210,0.06691974871233056
1211,0.11644390607256928
1212,0.01947283917186125
1213,0.0351697591209221
1214,0.1349892165869282
1215,0.05323662604998167
1216,0.11297262499757824
1217,0.020620548624628723
1218,0.04889267379983795
1219,0.05456692861878732
1220,0.10369026044116725
1221,0.07055863945381134
1222,0.14348922117494375
1223,0.2240311126270915
1224,0.10677985094941332
1225,0.036364628882873264
1226,0.19337490623361042
1227,0.06926765790623517
1228,0.14185686630077357
1229,0.08758596334393656
1230,0.08027829156361677
1231,0.08770223507964654
1232,0.08981326505889907
1233,0.07094549166936501
1234,0.02487507926067306
1235,0.06297313627258971
1236,0.14663248891341135
1237,0.1421907471599995
1238,0.0551979677288399
1239,0.04698708172693485
1240,0.10458496329079767
1241,0.06518301961660906
1242,0.039343021939745336
1243,0.20479862364829504
1244,0.03167636155516255
1245,0.046518517937336204
1246,0.20798082722354597
1247,0.04889209525234596
1248,0.05266116007175749
1249,0.07095953310009187
1250,0.0521468132454145
1251,0.08271377206271828
1252,0.05391249745921517
1253,0.0599193486753712
1254,0.023245010345578233
1255,0.04915584317350084
1256,0.13215819651254337
1257,0.02395218369246789
1258,0.1577322235676964
1259,0.03412431878744586
1260,0.028571056263008956
1261,0.1933205278685206
1262,0.03218942762029529
1263,0.08912990820661851
1264,0.09786850610601545
1265,0.03803666955035187
1266,0.09350762048532982
1267,0.026925557027988965
1268,0.03347965177615065
1269,0.3424636938532846
1270,0.07553850503749016
1271,0.15351962278735864
1272,0.03442988508353163
1273,0.08420045895887153
1274,0.1646555586958363
1275,0.11566890550189592
1276,0.056286414664775894
1277,0.2000134736859819
1278,0.13777539290208973
1279,0.0734353583998359
1280,0.12784078212763184
1281,0.057885468160375285
1282,0.0828165045052755
1283,0.04150667151651237
1284,0.09912324356074345
1285,0.04630706086900706
1286,0.10870086312607155
1287,0.050904403498205915
1288,0.042935139761503656
1289,0.15778138942489983
1290,0.041528779258349816
1291,0.04121239614746957
1292,0.11225508019237732
1293,0.06956300988791868
1294,0.057028870227715536
1295,0.0830748299448619
1296,0.11545474988345716
1297,0.2223897686592297
1298,0.10794611956813432
1299,0.03912026130130052
1300,0.047422964846547726
1301,0.08842277284226366
1302,0.21194015205732553
1303,0.0795176879742721
1304,0.07182142042061565
1305,0.07636128717469144
1306,0.08571527906456392
1307,0.18395676709938502
1308,0.10331483576549909
1309,0.07942218378756667
1310,0.11181772059209275
1311,0.13825465391513372
1312,0.14909423105828243
1313,0.07436140496386756
1314,0.1243600983481209
1315,0.1353999274702536
1316,0.19983074265084297
1317,0.06522552375379374
1318,0.09961774112620583
1319,0.2058993590667194
1320,0.04955701276475213
1321,0.19709617962052392
1322,0.07604349209602446
1323,0.0619190571862436
1324,0.1006409712583858
1325,0.061120873145498716
1326,0.06792069028080386
1327,0.07374695228491449
1328,0.08079088603016833
1329,0.0942256802656627
1330,0.03366808108296376
1331,0.13485901318589952
1332,0.0630012310058667
1333,0.044743472158183625
1334,0.10331793876680119
1335,0.03427913802509877
1336,0.1257349393533095
1337,0.07102237207355115
1338,0.043791194674130465
1339,0.1907297766998857
1340,0.05484757593310519
1341,0.06601842196337825
1342,0.16403334600562613
1343,0.055389656271003854
1344,0.03945932197494698
1345,0.11829064017825587
1346,0.03474965016278342
1347,0.10714752523939049
1348,0.1369021186209542
1349,0.0535627859730362
1350,0.1809681767847518
1351,0.08401009630726873
1352,0.05337829297481685
1353,0.08093476830918189
1354,0.04592838495189791
1355,0.09173128815524581
1356,0.23888393452619358
1357,0.055497430016561836
1358,0.045312185286888046
1359,0.15499150481639795
1360,0.03280693856208338
1361,0.10666964362467009
1362,0.17836062611275447
1363,0.0413786182099127
1364,0.09819157454827253
1365,0.2122827851969759
1366,0.06556003546715483
1367,0.20168655135059024
1368,0.029800150091241467
1369,0.1214628101508778
1370,0.05124959922559634
1371,0.02606597257046482
1372,0.1107788382198721
1373,0.04117855242792757
1374,0.10314059830200781
1375,0.1219412375070621
1376,0.06649331299012098
1377,0.11838453174647787
1378,0.1025857131759657
1379,0.054819157115513495
1380,0.13132820796676187
1381,0.07209462195438314
1382,0.20562899260564363
1383,0.09295060630808458
1384,0.08133654116932328
1385,0.1936615604499232
1386,0.03518398990527011
1387,0.1474859482376969
1388,0.092159259320446
1389,0.13986289792570136
1390,0.025909050451798685
1391,0.27633113872358833
1392,0.060697310063397916
1393,0.076402943651619
1394,0.167606807252487
1395,0.026653051474346438
1396,0.10381803212891559
1397,0.13851001130379742
1398,0.12791993503372218
1399,0.09741003374264094
1400,0.07813164384023184
1401,0.18817509652995507
1402,0.10601491161708043
1403,0.02997621178191157
1404,0.08989667614797808
1405,0.05494944139620344
1406,0.08780367664574575
1407,0.045842145754490186
1408,0.14607626927992284
1409,0.05473040516165413
1410,0.1398350515224746
1411,0.20086330117145304
1412,0.13475426528361228
1413,0.12240365372154415
1414,0.06983782583870443
1415,0.04100469769988243
1416,0.08135034711583529
1417,0.09625550164084003
1418,0.12276018592800039
1419,0.0501734398497823
1420,0.047694248723044945
1421,0.17008721646583913
1422,0.03154359115884847
1423,0.05663569796598017
1424,0.09553320505813853
1425,0.04424961693698942
1426,0.13709132431755788
1427,0.13864128558361627
1428,0.08908959068042997
1429,0.04325867435695685
1430,0.09250057307766252
1431,0.17978656532549725
1432,0.08104735873850936
1433,0.09755292187601143
1434,0.10806252478626484
1435,0.09030741349898279
1436,0.07976192232225172
1437,0.049646867025693084
1438,0.03431481685627446
1439,0.11700837734224742
1440,0.043403467667682105
1441,0.05413727158596095
1442,0.15779090310179064
1443,0.03602190058037458
1444,0.24494593852785002
1445,0.05436368306174227
1446,0.13845662050459895
1447,0.11625005905914464
1448,0.05876313211569136
1449,0.07239700144320844
1450,0.17915572144650013
1451,0.06220853673416334
1452,0.23649091627598282
1453,0.07780258842858634
1454,0.06415829949849969
1455,0.2435067682983557
1456,0.033246210322517206
1457,0.09005699476509865
1458,0.19522788161672242
1459,0.04962371917519772
1460,0.2104575348268828
1461,0.0664794099503167
1462,0.19161357856701372
1463,0.025920537286713848
1464,0.034613389113602344
1465,0.07916148317077659
1466,0.03643214994253729
1467,0.0790051000384109
1468,0.0853770381577406
1469,0.09396923424281316
1470,0.07082498568442916
1471,0.14862946057547224
1472,0.1615534761616975
1473,0.12087141818970618
1474,0.028055036962657563
1475,0.2715358388304379
1476,0.23020161368373943
1477,0.05235996283454879
1478,0.09441174461032738
1479,0.10967664565299293
1480,0.04094733561947158
1481,0.3634116133825998
1482,0.03715956854236244
1483,0.051612905726116355
1484,0.18023282333133142
1485,0.09919991082290476
1486,0.07094138139905679
1487,0.12285835442598068
1488,0.18392785322106212
1489,0.11992463495539664
1490,0.23375772191702263
1491,0.12934809257557753
1492,0.051200327285034146
1493,0.23055405093298523
1494,0.10328210931723192
1495,0.10620679105529938
1496,0.16273126703125534
1497,0.07620502267741074
1498,0.11598783305111958
1499,0.0710648768502328
0,0.09884322868553108
1,0.08064870158744973
2,0.06252624497561146
3,0.05417328098726791
4,0.05203024548690207
5,0.04344250354682828
6,0.03898360692321207
7,0.041030531377886544
8,0.039041424202362736
9,0.04049294948780517
10,0.03656327658503917
11,0.035750610956007296
12,0.03879967358030947
13,0.03544722366186569
14,0.03555024459691481
15,0.03610946455016495
16,0.0366580271207611
17,0.03994725164683072
18,0.04456881848086627
19,0.03829877074207245
20,0.03914414268114224
21,0.03959139184224285
22,0.04244932269631714
23,0.04574549831116174
24,0.045014459040903954
25,0.047396902073916225
26,0.046633418133315126
27,0.04310832895994889
28,0.04434019830626884
29,0.04356222267362669
30,0.0387442171135899
31,0.041224878313686576
32,0.03886071569283358
33,0.04247870882134879
34,0.04427175348465466
35,0.03696908095113204
36,0.03696092453876644
37,0.04351593986717991
38,0.04067995553252836
39,0.03644929872432125
40,0.03544410500346202
41,0.04085287902160314
42,0.03727093165747476
43,0.036754811393041736
44,0.03831353867611536
45,0.03706304715755465
46,0.03907003745467241
47,0.03792340258941923
48,0.03864485592919344
49,0.039051762918534766
50,0.04135026313979207
51,0.039589607768178374
52,0.03756450554445274
53,0.038067672553251546
54,0.03864574848581992
55,0.03785206125520007
56,0.03552427101732929
57,0.04047240953615059
58,0.03549517340844837
59,0.03615298918711173
60,0.034285359526452945
61,0.03442878513026624
62,0.04037200955834014
63,0.03606527087495348
64,0.03704864568683844
65,0.03547931118061831
66,0.036271982880971665
67,0.038728548740333865
68,0.03585811611107768
69,0.03482167521793586
70,0.03434064152716575
71,0.03599705798539814
72,0.0370318779048923
73,0.037971024658271416
74,0.03560652387070325
75,0.035359499069825225
76,0.03595543575781568
77,0.035697082526389985
78,0.03507717163136589
79,0.03544460960791593
80,0.03346886201497439
81,0.03804163790229603
82,0.037153433399527515
83,0.03717330117706722
84,0.03973167810097785
85,0.03865323679388623
86,0.036867426201765065
87,0.03514473038493997
88,0.035485977976338776
89,0.03318112683324222
90,0.03479814543578749
91,0.033516385776316625
92,0.039716950251892966
93,0.03495720141064155
94,0.034831720493617976
95,0.03423403567389773
96,0.0372897605343367
97,0.03326082559108847
98,0.033907424437541085
99,0.03361351280872434
100,0.038175703943049914
101,0.032911046948999115
102,0.03405460818552729
103,0.03342902889250796
104,0.037248127292675855
105,0.03424835448282112
106,0.03445334966833011
107,0.03344520945260526
108,0.03549669893766071
109,0.03825114149439077
110,0.03850982964724757
111,0.039906847589577854
112,0.03472295794139918
113,0.03548790302508097
114,0.033333810548363825
115,0.03723463899786659
116,0.03402226518522371
117,0.03363175850100954
118,0.032959842903307474
119,0.03331687446625191
120,0.03369533934832483
121,0.03546653558025846
122,0.034245137747251714
123,0.033077575615402525
124,0.036306432289933736
125,0.033178930301389964
126,0.03334665805287837
127,0.03768504800823883
128,0.03660037464415607
129,0.036148944164548155
130,0.036295902378427294
131,0.03457437224922064
132,0.03690941003539693
133,0.03723392297365146
134,0.04088033946836838
135,0.03819460290341629
136,0.0360421784450478
137,0.03598811792295882
138,0.03795993047543455
139,0.03571809264162458
140,0.043257115209956024
141,0.03724452137693288
142,0.04488023762408652
143,0.037964409754320444
144,0.042228443842426626
145,0.03630676843270723
146,0.042536031229011895
147,0.03495459295468305
148,0.0367642557712799
149,0.03698738184750656
150,0.03944622959291548
151,0.038641565729996954
152,0.035317017516992476
153,0.03691354006370985
154,0.03685526322175713
155,0.03782362797624214
156,0.03865326548872582
157,0.04282537466276115
158,0.03576062309959026
159,0.03718757803027847
160,0.035310981212541295
161,0.03739626629532963
162,0.0344254459842178
163,0.03495063036783252
164,0.03327883152470358
165,0.03700889551432624
166,0.03360336124984278
167,0.037113409532193276
168,0.03536747377190978
169,0.037457486720069946
170,0.038666316962415126
171,0.033121958796467836
172,0.03898488343967865
173,0.03529155260627972
174,0.0331234951194996
175,0.03440459711285723
176,0.03398223818992291
177,0.0378272090851085
178,0.03407406177517904
179,0.03598235094253978
180,0.03209177475850898
181,0.03501861461865404
182,0.0351403777644211
183,0.039109846776236225
184,0.037681936719791614
185,0.03393241574402867
186,0.03291027781925697
187,0.03571712417225627
188,0.0319411076045881
189,0.036217966791675715
190,0.03576313719050667
191,0.03342506225666399
192,0.038033345575975853
193,0.037008775836302944
194,0.036630162422494096
195,0.03547272724841025
196,0.03505017112196327
197,0.03800004654343862
198,0.03697723370473808
199,0.035158423770030665
200,0.0421444534408512
201,0.0372222108332573
202,0.039367707525097106
203,0.04113119287171688
204,0.037127872861304104
205,0.04427796352305707
206,0.04260042914991855
207,0.04092189579337682
208,0.039709585580751175
209,0.0383556953582892
210,0.037587127506275894
211,0.034687563089953966
212,0.03474927215889412
213,0.0372999798046956
214,0.03229836558049012
215,0.034413797690614194
216,0.033137037368535446
217,0.03512551522099861
218,0.03230218825524076
219,0.03500826535875004
220,0.032284721358033626
221,0.03267790684767492
222,0.03708422944283917
223,0.03545116442034756
224,0.041111800969850586
225,0.03793146730068902
226,0.04096397231586509
227,0.04022327841894669
228,0.038849004688539676
229,0.037108800699393395
230,0.03521094310992212
231,0.0447723599570035
232,0.033635474391218376
233,0.045083056349924766
234,0.03826189900251407
235,0.051125890759856234
236,0.037231219576520994
237,0.047639519457420475
238,0.036614474144351435
239,0.04811600494611148
240,0.04566426724212204
241,0.04396450021414406
242,0.03851545164228922
243,0.04048307021244072
244,0.04891196081118379
245,0.0580258066810203
246,0.0401597125339644
247,0.04547563336537054
248,0.045812377115687454
249,0.0510303880701759
250,0.038477873606555045
251,0.04753854446195692
252,0.055465976275243155
253,0.03813066766429408
254,0.0549955266673766
255,0.04409487515172657
256,0.04400654464998477
257,0.04511667514354193
258,0.04330276779060565
259,0.043812525614973945
260,0.04133919765633272
261,0.03532039891116063
262,0.0476384229571713
263,0.037063609717383386
264,0.046137960196599576
265,0.04403820695188585
266,0.035922655482935544
267,0.04452920026200468
268,0.040768979610555776
269,0.04405260278927499
270,0.04800731450187805
271,0.043007929870677884
272,0.045363922702520876
273,0.039898246262020105
274,0.04243451320369411
275,0.044845658683861686
276,0.05748335284665891
277,0.04095821743178876
278,0.052348221807720266
279,0.03914289028291213
280,0.04102177661667157
281,0.03993195395764467
282,0.03546508858971479
283,0.04229390308187849
284,0.03951250869376782
285,0.035665577119137516
286,0.03875118056483817
287,0.03742261263091776
288,0.037922776625465164
289,0.04082637408360304
290,0.03907664787112125
291,0.042598268267896935
292,0.037566474084159515
293,0.03677081172825041
294,0.04051471260857113
295,0.037265720923732475
296,0.04044161398882712
297,0.03873243179236206
298,0.03590540418751474
299,0.044465125084027925
300,0.04097942505301237
301,0.03731273103011861
302,0.03852120827463551
303,0.04295062390458908
304,0.04023142162630495
305,0.04971703405388774
306,0.03444979431514147
307,0.05210499731085133
308,0.036242952753720796
309,0.04928429419251952
310,0.038014798840481166
311,0.04341535026747314
312,0.035142954598286855
313,0.036146591756463564
314,0.03750672555788283
315,0.033366161869470695
316,0.03861235800373743
317,0.03193076667028737
318,0.03879757480949757
319,0.036573556951248504
320,0.03667693084024841
321,0.03566232547111429
322,0.03734831997620987
323,0.036941594818407614
324,0.034034375600677756
325,0.03197094398737201
326,0.03290616866695707
327,0.03833334060458587
328,0.03333635318340209
329,0.0372909966776336
330,0.03457571057437225
331,0.037734539512299436
332,0.0349965903183856
333,0.03863047871491653
334,0.03689263637832621
335,0.039344856622039986
336,0.03535950142866383
337,0.03659640813659263
338,0.04574216403880003
339,0.04506653914025333
340,0.0356955028798965
341,0.04378865877651455
342,0.03295678374904056
343,0.04624202734440539
344,0.03688080150455414
345,0.04169503639067783
346,0.037245269300860605
347,0.03609562369313766
348,0.03926141674772539
349,0.041124120924401236
350,0.03928781691186912
351,0.033046179964285105
352,0.03660429059003482
353,0.0318277717151905
354,0.03636480124915588
355,0.03659132165597472
356,0.03392080667913847
357,0.03266709661921872
358,0.037432021205622674
359,0.039610307435597805
360,0.03437542961472283
361,0.03398842128683188
362,0.04071013869343068
363,0.033862259124193765
364,0.03943448229520774
365,0.0318645902316697
366,0.032977707582026734
367,0.03428552785482785
368,0.035039677842358605
369,0.03290615599603085
370,0.038362474837593634
371,0.030400143726742983
372,0.03632050913788105
373,0.03354868469810379
374,0.03400726087559426
375,0.03663265001474512
376,0.03695040154358146
377,0.03745434277673893
378,0.03562642245654317
379,0.03216863034591106
380,0.039734177918985134
381,0.03740412986243628
382,0.03476013563845768
383,0.03198899688610562
384,0.0368860383256813
385,0.03532887895327424
386,0.0371211760605893
387,0.035788071748436234
388,0.038291464128146956
389,0.03715956815990385
390,0.03714330641280296
391,0.03341348283056229
392,0.035737213579362284
393,0.03571052810673412
394,0.03560700772377863
395,0.039537705908660646
396,0.03795935117342235
397,0.03434531502242486
398,0.03928262474561311
399,0.03848488391063531
400,0.03340348174754747
401,0.03453128589025203
402,0.03341488260344436
403,0.03297888058935285
404,0.03753777437600205
405,0.03586141854801964
406,0.03518573133942851
407,0.04211656761081888
408,0.03362998502397116
409,0.03920809305578582
410,0.03569766459679413
411,0.039451560291002184
412,0.037154074155845436
413,0.047326211908729
414,0.03440220621078962
415,0.046627685963179906
416,0.032271287840602285
417,0.04745337655307167
418,0.033024758424006644
419,0.0427805311021992
420,0.03840170983157142
421,0.03106016608838836
422,0.041934278049713974
423,0.03477182567413765
424,0.03930903740041629
425,0.03313295109085305
426,0.043083227405595836
427,0.03411691002946217
428,0.0400794415641256
429,0.03613458846624161
430,0.035672782994318905
431,0.03506242573081324
432,0.035152828070058394
433,0.034024168190601896
434,0.032262691987496324
435,0.03504573955076375
436,0.035580938539488155
437,0.03186462147465877
438,0.03333446767261548
439,0.0387735120149524
440,0.03376618596504623
441,0.03698021110165092
442,0.03273076028265373
443,0.03356385668138115
444,0.03570408318325106
445,0.03919919684042693
446,0.03371655232057558
447,0.03480470840323127
448,0.033977988679761185
449,0.033048440817319544
450,0.029712708784122084
451,0.0346080680451785
452,0.03269307275182917
453,0.03615207222779145
454,0.036063139011982895
455,0.04040120137010397
456,0.031826476876619304
457,0.03794013559765888
458,0.03492202791569136
459,0.03522710571520784
460,0.03625284007602683
461,0.03516893693008199
462,0.034014324410046544
463,0.03842842386625358
464,0.035983029499767935
465,0.032530759873473036
466,0.03476386855699716
467,0.030433259939748616
468,0.03139450351904287
469,0.034120639669254105
470,0.030566883741710144
471,0.03309738570731123
472,0.030560135131830486
473,0.032964606722126415
474,0.03215332501265797
475,0.03285166835968918
476,0.032255992740957105
477,0.03660721666810823
478,0.03368912142308907
479,0.03387036073423732
480,0.030785910618700577
481,0.03314233037753948
482,0.03161174203865387
483,0.030233698004138682
484,0.0360268790847836
485,0.02962198576101393
486,0.0315742711650969
487,0.03267888327095611
488,0.03475000752820784
489,0.036046531822344956
490,0.03460895460041441
491,0.03277874367362975
492,0.036149573236057574
493,0.03546273680967988
494,0.03412595799791282
495,0.03788752981955023
496,0.03311602075222294
497,0.035425420416572935
498,0.041289768712492264
499,0.030968973458512357
500,0.036443967931038365
501,0.031172159888605104
502,0.0331879650633051
503,0.03771890269138664
504,0.04007675174669866
505,0.03220421781127479
506,0.03961598547174974
507,0.0360325848453848
508,0.036866101220351194
509,0.036405352821592886
510,0.03399254257959273
511,0.040200247305764714
512,0.03355393069779408
513,0.03356173370842481
514,0.03684165570404715
515,0.031515283493566554
516,0.030821846977750228
517,0.03350899764151105
518,0.031247389697982898
519,0.03412161414235597
520,0.032014118182855586
521,0.031767742670570066
522,0.031428951666146704
523,0.03378648895118947
524,0.03229453777142707
525,0.034244735981736406
526,0.03261447576248596
527,0.0344619432023204
528,0.032077507419125524
529,0.040615601859879426
530,0.032078021524780564
531,0.03984399589966101
532,0.0477117302452646
533,0.03971465295831964
534,0.04168263427952825
535,0.03488984871763937
536,0.0435618128537216
537,0.036656571794650095
538,0.0453490016596627
539,0.04009875691625093
540,0.0363239066957298
541,0.03355609440288726
542,0.034851542000259784
543,0.04184305323966667
544,0.03775647450777707
545,0.03721135205248497
546,0.03373256107784189
547,0.036215403988128995
548,0.033448925100778376
549,0.034812775302837724
550,0.04301530603224247
551,0.032035003317327865
552,0.039422438791857584
553,0.03528329303823352
554,0.036987587326928084
555,0.034439219928944526
556,0.03706943191526341
557,0.03622760949238048
558,0.039388100761159776
559,0.037624069128305175
560,0.04157084757096772
561,0.03326107413120763
562,0.040510536085065815
563,0.03621759123375757
564,0.033923282413664865
565,0.034812771154060784
566,0.031821186942937146
567,0.03359308374060996
568,0.038511341671146275
569,0.033037501291009456
570,0.03821937975326463
571,0.03349658624645177
572,0.042999032857427406
573,0.032545072031320364
574,0.041361250730456225
575,0.03301820084887604
576,0.035590007995716294
577,0.03207715090030847
578,0.038230291851889135
579,0.032584310506350515
580,0.03577818661812194
581,0.03463877957803178
582,0.03552945504527309
583,0.03149923539832077
584,0.03366103259061472
585,0.03292030236179614
586,0.032452473478359084
587,0.032352640829445035
588,0.03183808777587242
589,0.029062440999928878
590,0.03447858311536147
591,0.03531014889820796
592,0.03015174246397476
593,0.034474907105654956
594,0.030530655965335007
595,0.03146071479718139
596,0.03152649115336556
597,0.02948320628534116
598,0.03179266423501038
599,0.030599081556165846
600,0.03698317264969209
601,0.03036743770322688
602,0.036810255971217544
603,0.031652119948750716
604,0.0367473001728618
605,0.031297965830146005
606,0.03187267276484796
607,0.03604397114702198
608,0.0317344577433116
609,0.03627800840956429
610,0.029470336396859233
611,0.03489252814321105
612,0.0340407911557154
613,0.032587629731960076
614,0.0334246926262241
615,0.038159222535695834
616,0.03854324768007404
617,0.03601341155851539
618,0.03201157438205855
619,0.03835041326928369
620,0.031217700254041296
621,0.03563487562655299
622,0.03419063721865348
623,0.03375289648093496
624,0.03332499197731628
625,0.03242518301338598
626,0.035986296200047216
627,0.03462997042441117
628,0.036237868583528794
629,0.036665058682772964
630,0.035382440594143576
631,0.04116060271363321
632,0.034391850128385824
633,0.03703588773186051
634,0.03365372848447186
635,0.040847405565589835
636,0.030898951001397536
637,0.04048879289396523
638,0.03358574737775329
639,0.03905949406693969
640,0.03926381500574466
641,0.03530931984428239
642,0.039673340037458794
643,0.03727307418632257
644,0.03313174029805375
645,0.03598937698365148
646,0.031079440385600583
647,0.03993121193832847
648,0.032102026930842166
649,0.03870875183341564
650,0.030116010211519096
651,0.038562206809249384
652,0.029666829730725812
653,0.036904672018348926
654,0.029058719858573386
655,0.03725912823391062
656,0.03907059050967567
657,0.03934356401143988
658,0.03567288859114755
659,0.029529042177220095
660,0.03139448815546391
661,0.03130294214596758
662,0.032181408325552226
663,0.03049265386120269
664,0.03313758297039207
665,0.03279967750340546
666,0.028748736896822943
667,0.029572172364335916
668,0.027612773553148406
669,0.029504739687127052
670,0.029401003645375953
671,0.030226059620787078
672,0.027358649916927096
673,0.029706839313297376
674,0.02799984961458071
675,0.03046259657000587
676,0.029350364764706184
677,0.030427404323466824
678,0.030128483233420468
679,0.03251973368254303
680,0.030367788177520585
681,0.031513258185098376
682,0.029646822214016124
683,0.036207854557689136
684,0.03199189824664963
685,0.03337143107674532
686,0.035244280195937665
687,0.033968332094706594
688,0.04420378707692739
689,0.03251257326336993
690,0.037605723682727854
691,0.03283112849031426
692,0.03316700265701351
693,0.03681549790044131
694,0.03109974243897019
695,0.0408395075393463
696,0.03132836254623383
697,0.036541992357775076
698,0.030139355162402626
699,0.034710870445461874
700,0.03079726178269943
701,0.03134851406541673
702,0.03759123665256561
703,0.029143303805632327
704,0.036017236163814574
705,0.03098441593701414
706,0.034426928473182544
707,0.0342165427509388
708,0.03389183946044771
709,0.04272885398747664
710,0.03229158678148108
711,0.03374649900056666
712,0.037746284025526315
713,0.041967547948792205
714,0.035139463960674834
715,0.03918971060858845
716,0.04147690688952322
717,0.037446817416776135
718,0.03226042798015135
719,0.04381936274101906
720,0.032793722421539155
721,0.035536355649654475
722,0.03329612302417722
723,0.03325551690844718
724,0.03295840359740946
725,0.032619867880367553
726,0.0386404101315711
727,0.035566694630801435
728,0.03708265611755864
729,0.031709457041973005
730,0.03581022545087045
731,0.0343523477950208
732,0.037360446555222276
733,0.03652041476839383
734,0.02959176530694506
735,0.033970435258298175
736,0.027578041279187244
737,0.02878795524333209
738,0.029981286268796765
739,0.03471712542549676
740,0.030280987138791522
741,0.033704396990168646
742,0.027509896460876565
743,0.03257137395512156
744,0.028064431879479514
745,0.029177651633997072
746,0.026538903080295155
747,0.030410816667353503
748,0.027376764376416462
749,0.02895060797158194
750,0.031186914134552678
751,0.029173409948316936
752,0.02728377599152326
753,0.032488971266737846
754,0.02706006681825464
755,0.03218057160957255
756,0.026801114210360275
757,0.030076262748330754
758,0.026818148684792282
759,0.028109057389711565
760,0.02747003997938873
761,0.031125420915639815
762,0.029867688517128135
763,0.03484363946859821
764,0.027810679544526096
765,0.034760923711275635
766,0.02847797603388184
767,0.03400667577828542
768,0.02742725163070977
769,0.035537562232292375
770,0.03073605971982405
771,0.03624366043115885
772,0.030548576510837477
773,0.040954791969341556
774,0.031893252354490254
775,0.03224299118600164
776,0.029610160915728777
777,0.03476402442043535
778,0.028255281907300558
779,0.0338135244991307
780,0.03429973260788854
781,0.03193717360579744
782,0.029745589665556037
783,0.031149492690215566
784,0.031095440572051318
785,0.030541950348701545
786,0.0309937338303101
787,0.030614262096619427
788,0.02973089832100775
789,0.02776322313550976
790,0.029102336329001104
791,0.03380584075953469
792,0.030500857957697143
793,0.033409909618033126
794,0.03349758147028324
795,0.03407330416783224
796,0.032704513477037636
797,0.03660670985871854
798,0.030187768870434797
799,0.03194636660808757
800,0.029924408288436562
801,0.02832865419458784
802,0.03163663875856002
803,0.027960982552530402
804,0.02997059023134492
805,0.02725665124736617
806,0.02935225516353254
807,0.02888028077947357
808,0.030921834032497087
809,0.02807730605089929
810,0.03276197250056173
811,0.029847793492661492
812,0.028516226536593307
813,0.03011308455570908
814,0.03399418431582136
815,0.031506414117870314
816,0.02956276101596584
817,0.0314172996703411
818,0.031538444424109705
819,0.0411415262095664
820,0.031199713866297593
821,0.03749531810184892
822,0.030426256852761777
823,0.032935290406647416
824,0.033735604652450374
825,0.03208101691046287
826,0.035886189479173804
827,0.03197028321162788
828,0.03721776884917309
829,0.029105950899202215
830,0.03151577847092328
831,0.0307800752085025
832,0.032429864292981524
833,0.03193369315563953
834,0.02921050933837407
835,0.03408542057705202
836,0.030780186143671086
837,0.03682886344208866
838,0.03741605726781737
839,0.036107195573858254
840,0.03424519671425198
841,0.0351875946115136
842,0.03792090720121965
843,0.03775466100501167
844,0.0363026774114128
845,0.037457934442067436
846,0.03992835620126567
847,0.03387203471996392
848,0.04226830368567146
849,0.03827268404404227
850,0.038550570097052025
851,0.036805081696939745
852,0.03537020162814632
853,0.03226212428778432
854,0.03534776918822744
855,0.035052118745594725
856,0.03635181415543092
857,0.03318847465311553
858,0.03185997826015903
859,0.02900635647240639
860,0.029172490117142142
861,0.030273428449116808
862,0.03082863993459493
863,0.02942729926110973
864,0.03353782765265256
865,0.02845675064081032
866,0.0315600529873367
867,0.029765429817767638
868,0.03188138132915418
869,0.028152400526630105
870,0.03381965949809648
871,0.029589404456978673
872,0.03479088966463446
873,0.02739971785888336
874,0.034141986449454036
875,0.030232991124562562
876,0.030297256979612677
877,0.029911503410452803
878,0.031112739107564277
879,0.035907099026635726
880,0.03153730614960538
881,0.0376731949845989
882,0.029890304236660836
883,0.03660232603302959
884,0.03306448629427365
885,0.03705509087995969
886,0.029435182367284648
887,0.03416815231561378
888,0.035482621207338284
889,0.03408043699989665
890,0.03202667485312009
891,0.036531239310542855
892,0.028832167676165504
893,0.032784264477078044
894,0.03053806061141293
895,0.031361689274575034
896,0.03447163787953817
897,0.03142301557842563
898,0.038573714332103846
899,0.030786772419101625
900,0.032384830448221796
901,0.029462168681336373
902,0.027325947656855407
903,0.028896961165278453
904,0.02727437562513029
905,0.02891115195923495
906,0.02771977025638172
907,0.028029226365314342
908,0.028090813746728848
909,0.03144880430584992
910,0.027096793765871114
911,0.03121353789711652
912,0.02830029818330437
913,0.03283209260173576
914,0.027059307712173335
915,0.03253663777434789
916,0.02851521309370588
917,0.032704284380741626
918,0.03240291797168579
919,0.02932545002438372
920,0.030564225386162686
921,0.032713961292604
922,0.03867282445733866
923,0.027959392707021573
924,0.03680416145815707
925,0.029647026395724526
926,0.033605119010439805
927,0.03394786879672484
928,0.0316684390019061
929,0.034365934043026534
930,0.028468917784543277
931,0.033545171239685825
932,0.030576108722200308
933,0.03802269093933897
934,0.031664762348074735
935,0.03617674168599218
936,0.0316523593756015
937,0.03633058725380432
938,0.03304785050532209
939,0.0357670678885478
940,0.043430826400520164
941,0.03833567310746744
942,0.03468361924858393
943,0.03736132809232425
944,0.03066943776882256
945,0.03557157692484458
946,0.031845899862377465
947,0.03887748568460943
948,0.030534634241752998
949,0.03997202145228409
950,0.04076643828410607
951,0.037627855589085824
952,0.0383692836241912
953,0.040773137231091654
954,0.04528570906470463
955,0.03904649676507324
956,0.04200547260180093
957,0.04389920114012457
958,0.03973072175215492
959,0.03485512610063222
960,0.03833332593910752
961,0.043931041829672605
962,0.03389983120453407
963,0.03448581268571051
964,0.04402875932279636
965,0.031230840029346302
966,0.03669615053230829
967,0.031282257803934746
968,0.031569900893146915
969,0.028842217562232167
970,0.032023082617555564
971,0.02688012949421985
972,0.03422562781714432
973,0.028018773271846965
974,0.03272834287494391
975,0.029245674816324414
976,0.030970819210671824
977,0.03476611841262565
978,0.03171882885675576
979,0.0323648007469217
980,0.032865424948964
981,0.032642106506579595
982,0.033628792625176096
983,0.031817749346190284
984,0.03387073013852667
985,0.029882759274703772
986,0.034907260298234564
987,0.029746788500023342
988,0.03863748535904525
989,0.028108124386167936
990,0.0380361657390351
991,0.029057457795164613
992,0.035609891902768004
993,0.0300385695234022
994,0.03168993106446032
995,0.029961126488162806
996,0.03140450518114874
997,0.03540740752456758
998,0.030614426480036327
999,0.03623557659783749
1000,0.029648770716583835
1001,0.03630065310573544
1002,0.02857356655157048
1003,0.03541082750462351
1004,0.02835116821653536
1005,0.03384307961625346
1006,0.02909910348750499
1007,0.0340786419579384
1008,0.03064465768253126
1009,0.030661097624892716
1010,0.03457687538904007
1011,0.02801523377880479
1012,0.03425990759533999
1013,0.03302706934974533
1014,0.0370953627701187
1015,0.03410277505625454
1016,0.040075039846415667
1017,0.03790793472744531
1018,0.047043847463444234
1019,0.036482249233246784
1020,0.04792808452180246
1021,0.034851992341415526
1022,0.048812043826658116
1023,0.03618491953103927
1024,0.041310540668453063
1025,0.03281296080017109
1026,0.03865559280047265
1027,0.032329211605678594
1028,0.03181351825409962
1029,0.03704040430876183
1030,0.03370416133176289
1031,0.03304494515547249
1032,0.03897898243311336
1033,0.03041469740838793
1034,0.035668579349792805
1035,0.03451826314104859
1036,0.028052496446920917
1037,0.03561340761963074
1038,0.02848767753348809
1039,0.036731430259698744
1040,0.02982230458846475
1041,0.03458937557514901
1042,0.029991756818733246
1043,0.03704471978424335
1044,0.032932836104622776
1045,0.03672974193629097
1046,0.040077541981825615
1047,0.03870747995032228
1048,0.03388577313905719
1049,0.03932086577798631
1050,0.03333091793730463
1051,0.03680837446229455
1052,0.033675797724851034
1053,0.02842534866869229
1054,0.038706460387264406
1055,0.031191001908508927
1056,0.034282015748794546
1057,0.031541108576263285
1058,0.033996108890938036
1059,0.029362425929259937
1060,0.0323729162779934
1061,0.029629669511981958
1062,0.032822816814879814
1063,0.03317627681109031
1064,0.028202644228787915
1065,0.032916432118385325
1066,0.030885932767830197
1067,0.03430307858300831
1068,0.03344065928120009
1069,0.030386765570092268
1070,0.03550208192921007
1071,0.03369985060620947
1072,0.038725223381984676
1073,0.0370893856755828
1074,0.03721829974892059
1075,0.04324317780554875
1076,0.03243780673488657
1077,0.033399573953592165
1078,0.03500853501020121
1079,0.036216020220819156
1080,0.04150926835126
1081,0.03776599623204207
1082,0.041278170447257866
1083,0.03431145386340114
1084,0.04105163868207278
1085,0.032225838840860735
1086,0.04011170424708999
1087,0.03370067373544872
1088,0.03399779043992813
1089,0.036001571868662256
1090,0.03790483940138109
1091,0.03125271500796192
1092,0.03441903151277307
1093,0.03363440537051724
1094,0.035284351713436496
1095,0.03537120495005339
1096,0.034300938727976314
1097,0.03341232997726903
1098,0.03273203775604506
1099,0.0322156716196782
1100,0.03253865660262982
1101,0.037450996688024984
1102,0.029361601009917155
1103,0.03205252264670451
1104,0.03509400088419579
1105,0.03640046001375578
1106,0.03749402521767538
1107,0.03058253910288251
1108,0.035291362877331006
1109,0.02780000278561124
1110,0.03519504680927937
1111,0.03673120258941452
1112,0.03373017067531508
1113,0.032863856300921486
1114,0.03404119374012045
1115,0.035800172976559366
1116,0.03880589177253949
1117,0.03566956813316751
1118,0.03905378112815475
1119,0.03639825387609846
1120,0.03843652179545665
1121,0.041444254086068645
1122,0.03695268966036516
1123,0.04722313692182144
1124,0.03162822632621656
1125,0.04698589789393742
1126,0.034131477466501324
1127,0.036655744668426235
1128,0.029800045564211022
1129,0.037578490457696616
1130,0.02959430186483076
1131,0.03318696399332425
1132,0.02884983618593665
1133,0.025746677108811834
1134,0.02682958675866564
1135,0.030532926075829466
1136,0.03198448053836699
1137,0.027924206539529747
1138,0.028535045602043688
1139,0.032856466349476844
1140,0.03371763005136852
1141,0.030990769957332496
1142,0.028718696069034443
1143,0.030131087019386608
1144,0.029056817371515352
1145,0.026502761744377993
1146,0.02660707940743367
1147,0.026844463196636956
1148,0.028555034220937494
1149,0.02775922616041116
1150,0.03034822394557973
1151,0.029957865433240288
1152,0.03161546871213053
1153,0.036755507215768306
1154,0.03250929269969476
1155,0.03256141027981951
1156,0.028001846352869758
1157,0.035435295765296304
1158,0.035349758789739005
1159,0.032783133050831255
1160,0.041802689984467116
1161,0.03181503444827858
1162,0.03552365687575794
1163,0.02966360116729901
1164,0.03560513124792902
1165,0.04146162511591685
1166,0.02850971264688536
1167,0.035090437745301586
1168,0.026854809715997685
1169,0.03281240878001954
1170,0.029821566007238176
1171,0.0339371054561129
1172,0.02946887769731362
1173,0.029600304484944502
1174,0.029234161238853407
1175,0.03227321939255668
1176,0.031411867289422024
1177,0.025988483549099606
1178,0.02813207303376805
1179,0.036675244175136935
1180,0.026364734595495525
1181,0.03523669517351513
1182,0.027997480220067247
1183,0.03208005138670763
1184,0.030102375004901934
1185,0.030257204390073913
1186,0.028473685002512523
1187,0.027575805442829348
1188,0.029020345472955067
1189,0.02656561365868416
1190,0.024811133231863645
1191,0.02848342587147673
1192,0.028492450072073433
1193,0.037438080400589026
1194,0.02836440944722493
1195,0.03654015445056231
1196,0.029239261140810095
1197,0.0336856944837677
1198,0.030713761852528422
1199,0.03288504998742364
1200,0.030507196234710203
1201,0.03306616212398028
1202,0.027731373969271687
1203,0.03321026832980376
1204,0.028210963701215792
1205,0.03830963470198558
1206,0.03903069374834386
1207,0.0402508754540636
1208,0.03425665731774276
1209,0.03322420561588725
1210,0.03934977625921931
1211,0.03620800201821134
1212,0.039172960360053334
1213,0.028609769036103835
1214,0.03891514551907522
1215,0.028387935491460917
1216,0.03365367102207734
1217,0.026917448039676044
1218,0.03190394754390012
1219,0.02867812775040205
1220,0.03184251111106438
1221,0.031248065475573406
1222,0.035714090519271935
1223,0.027490882657211557
1224,0.03919506362768656
1225,0.029711330368123203
1226,0.036555680475841554
1227,0.030519268952446155
1228,0.04118553714501506
1229,0.03388364118892331
1230,0.039563448671651
1231,0.036577247618221245
1232,0.03442063144339703
1233,0.030326461999596432
1234,0.034433621509542364
1235,0.027662119538234067
1236,0.03193553774171388
1237,0.03973036628510277
1238,0.028054736138022007
1239,0.03480011689491042
1240,0.02678943124013059
1241,0.03886589937349296
1242,0.028449443082231893
1243,0.03399221402404564
1244,0.03918946233091823
1245,0.03337147965499197
1246,0.040277391049541825
1247,0.04213063865698451
1248,0.04043608580783655
1249,0.03726444350592683
1250,0.033238014680463376
1251,0.038442335079389184
1252,0.035112033279760826
1253,0.0349083390564512
1254,0.03540992504112747
1255,0.03616126925999666
1256,0.03942370089700068
1257,0.037677460298525
1258,0.04081596307786613
1259,0.03746794390615165
1260,0.034743310221787845
1261,0.035522573745866315
1262,0.03341422188161483
1263,0.03380441061665685
1264,0.03296575310304897
1265,0.03315662950917988
1266,0.02744253355901492
1267,0.03388118008429058
1268,0.02637489770606353
1269,0.035727636385809884
1270,0.02564704373243843
1271,0.03515869244603877
1272,0.02921295608738163
1273,0.02893852775032491
1274,0.030143498997186668
1275,0.02801324637004582
1276,0.030509169586128076
1277,0.032582324420783695
1278,0.03442741531030151
1279,0.03293691157021299
1280,0.031662813797465675
1281,0.03462609801322594
1282,0.03303253684425862
1283,0.0315955990299003
1284,0.032972668920278135
1285,0.02601533836550218
1286,0.028652463332378
1287,0.029637540161628
1288,0.025701592631109327
1289,0.026165452759950688
1290,0.02745769187939021
1291,0.030022047090198185
1292,0.027738883806057896
1293,0.029929331077307195
1294,0.029807969989734538
1295,0.028604082721455728
1296,0.02898558023599046
1297,0.027260415628899377
1298,0.031992932547614886
1299,0.028238042290752077
1300,0.026743758950842716
1301,0.028644830860994227
1302,0.030646321084483667
1303,0.030236631514140903
1304,0.028549312901351237
1305,0.02971843004155652
1306,0.033989208920679595
1307,0.033235663075620175
1308,0.035876072685510074
1309,0.032821246057389473
1310,0.0421441907208265
1311,0.031638892467826
1312,0.03818593297482281
1313,0.03317996144744426
1314,0.034358968647035956
1315,0.03704785661443454
1316,0.03140114765355112
1317,0.03126597655314823
1318,0.02706512062526696
1319,0.034243049441235074
1320,0.03017410533786115
1321,0.037586730762069066
1322,0.028730668921605935
1323,0.04207900987771939
1324,0.028818087535874542
1325,0.041098339401365105
1326,0.03251586052900127
1327,0.03797464926536897
1328,0.031847776296331225
1329,0.037073485429701486
1330,0.030894293978806952
1331,0.031773772641897825
1332,0.028631365157050316
1333,0.033951711877824337
1334,0.027711417035333148
1335,0.03029317615212632
1336,0.03432083450896233
1337,0.028678574156451277
1338,0.03296287348656019
1339,0.026860467934391955
1340,0.0362618919429987
1341,0.027504170961468274
1342,0.03083367169060929
1343,0.030235332057639185
1344,0.026251330662489126
1345,0.02684849788588533
1346,0.030606907311390763
1347,0.031050782880375324
1348,0.0305469789120559
1349,0.02944248755409426
1350,0.029423044481530998
1351,0.03277103015552944
1352,0.02569481808190505
1353,0.03059760031559928
1354,0.026884566023964645
1355,0.03333105800423352
1356,0.029334829995286235
1357,0.030508128265024435
1358,0.025940590247262606
1359,0.034078940296201024
1360,0.03078354389354847
1361,0.030400701741074
1362,0.027387849338723173
1363,0.031145093841919828
1364,0.02877929256694079
1365,0.0292239242381527
1366,0.02695208542882638
1367,0.03456942120997245
1368,0.027500964981438916
1369,0.03035425749042124
1370,0.036201572932755104
1371,0.027783314023144795
1372,0.029118434499816465
1373,0.030583307566771998
1374,0.02714628769427155
1375,0.030537743626996905
1376,0.038819550126150966
1377,0.030833943010195496
1378,0.029883937947663277
1379,0.029721465404183283
1380,0.031922642429551444
1381,0.036479719916139366
1382,0.03242116631323284
1383,0.03431890613743143
1384,0.02725406300857204
1385,0.035577660971269166
1386,0.025942674352345072
1387,0.033608146705307596
1388,0.031519036284564705
1389,0.030952138119816452
1390,0.030410948348479565
1391,0.03411390460287664
1392,0.028994136618988732
1393,0.029659420790592167
1394,0.028828939492362156
1395,0.030528280644109087
1396,0.035558566457610165
1397,0.032908689329503873
1398,0.03881173657283329
1399,0.03374162750785515
1400,0.03942186682858084
1401,0.03016150362314751
1402,0.03895878647757519
1403,0.030742270344102242
1404,0.034946435849755264
1405,0.028460311644956687
1406,0.035745316076447764
1407,0.030530018722277116
1408,0.0370751589817958
1409,0.033543024342562754
1410,0.04085521762235481
1411,0.03819330463226614
1412,0.03001596944910491
1413,0.03693535892027182
1414,0.031249082772499007
1415,0.032541347173774465
1416,0.03311365407495655
1417,0.03242780090432517
1418,0.03916633737364865
1419,0.03406234358828407
1420,0.032724140096679045
1421,0.03843282554592407
1422,0.038177564843924434
1423,0.03027067974439286
1424,0.032867447256342816
1425,0.03232707592574412
1426,0.03117504226700415
1427,0.03070038302768121
1428,0.034537891182306046
1429,0.029431612650715915
1430,0.03057405586814407
1431,0.02901168783246842
1432,0.0283755688876352
1433,0.028674189200633783
1434,0.02928935716386529
1435,0.027815728324681176
1436,0.027578816424488856
1437,0.02901427316463405
1438,0.028302856551210186
1439,0.029246289439584166
1440,0.03537771752540077
1441,0.026793844040411734
1442,0.03388118509432889
1443,0.028300897065232096
1444,0.03226239965090939
1445,0.03222682174730588
1446,0.03586138720787047
1447,0.03321167750416871
1448,0.034331098874088105
1449,0.030291548089786846
1450,0.036610645201576954
1451,0.027723140765862103
1452,0.034098483150563484
1453,0.03042581610964091
1454,0.032233428965919346
1455,0.03564850511694803
1456,0.04090089450192045
1457,0.03174558786089198
1458,0.03871153588057035
1459,0.03260087862867587
1460,0.035677614833692924
1461,0.03473767350082003
1462,0.0357511275356788
1463,0.03367486845265219
1464,0.030756101173761395
1465,0.03826359871455087
1466,0.03283674980963275
1467,0.043660340542428164
1468,0.02880943399904267
1469,0.037629594037391634
1470,0.03571061763447491
1471,0.03472326768898398
1472,0.03347542249196709
1473,0.0423132615813966
1474,0.031915728644235135
1475,0.041041297160305135
1476,0.0361498291934544
1477,0.03179372996152813
1478,0.03220484630135619
1479,0.02677029158122637
1480,0.03036116200761991
1481,0.03409567539163473
1482,0.03911887763779344
1483,0.027960534551182813
1484,0.032588519497409985
1485,0.028386043582809065
1486,0.03795183902345179
1487,0.02656950293133158
1488,0.035871832957393095
1489,0.027317142026960624
1490,0.03456865444692545
1491,0.029653776054752144
1492,0.035466445826225504
1493,0.03211860107671706
1494,0.028533385851580776
1495,0.028906222009152417
1496,0.03389767709595989
1497,0.031785506268841746
1498,0.03533562720950997
1499,0.02601148549182509
0,0.09884322868553108
1,0.08064870158744973
2,0.06252624497561146
3,0.05417328098726791
4,0.05203024548690207
5,0.04344250354682828
6,0.03898360692321207
7,0.041030531377886544
8,0.039041424202362736
9,0.04049294948780517
10,0.03656327658503917
11,0.035750610956007296
12,0.03879967358030947
13,0.03544722366186569
14,0.03555024459691481
15,0.03610946455016495
16,0.0366580271207611
17,0.03994725164683072
18,0.04456881848086627
19,0.03829877074207245
20,0.03914414268114224
21,0.03959139184224285
22,0.04244932269631714
23,0.04574549831116174
24,0.045014459040903954
25,0.047396902073916225
26,0.046633418133315126
27,0.04310832895994889
28,0.04434019830626884
29,0.04356222267362669
30,0.0387442171135899
31,0.041224878313686576
32,0.03886071569283358
33,0.04247870882134879
34,0.04427175348465466
35,0.03696908095113204
36,0.03696092453876644
37,0.04351593986717991
38,0.04067995553252836
39,0.03644929872432125
40,0.03544410500346202
41,0.04085287902160314
42,0.03727093165747476
43,0.036754811393041736
44,0.03831353867611536
45,0.03706304715755465
46,0.03907003745467241
47,0.03792340258941923
48,0.03864485592919344
49,0.039051762918534766
50,0.04135026313979207
51,0.039589607768178374
52,0.03756450554445274
53,0.038067672553251546
54,0.03864574848581992
55,0.03785206125520007
56,0.03552427101732929
57,0.04047240953615059
58,0.03549517340844837
59,0.03615298918711173
60,0.034285359526452945
61,0.03442878513026624
62,0.04037200955834014
63,0.03606527087495348
64,0.03704864568683844
65,0.03547931118061831
66,0.036271982880971665
67,0.038728548740333865
68,0.03585811611107768
69,0.03482167521793586
70,0.03434064152716575
71,0.03599705798539814
72,0.0370318779048923
73,0.037971024658271416
74,0.03560652387070325
75,0.035359499069825225
76,0.03595543575781568
77,0.035697082526389985
78,0.03507717163136589
79,0.03544460960791593
80,0.03346886201497439
81,0.03804163790229603
82,0.037153433399527515
83,0.03717330117706722
84,0.03973167810097785
85,0.03865323679388623
86,0.036867426201765065
87,0.03514473038493997
88,0.035485977976338776
89,0.03318112683324222
90,0.03479814543578749
91,0.033516385776316625
92,0.039716950251892966
93,0.03495720141064155
94,0.034831720493617976
95,0.03423403567389773
96,0.0372897605343367
97,0.03326082559108847
98,0.033907424437541085
99,0.03361351280872434
100,0.038175703943049914
101,0.032911046948999115
102,0.03405460818552729
103,0.03342902889250796
104,0.037248127292675855
105,0.03424835448282112
106,0.03445334966833011
107,0.03344520945260526
108,0.03549669893766071
109,0.03825114149439077
110,0.03850982964724757
111,0.039906847589577854
112,0.03472295794139918
113,0.03548790302508097
114,0.033333810548363825
115,0.03723463899786659
116,0.03402226518522371
117,0.03363175850100954
118,0.032959842903307474
119,0.03331687446625191
120,0.03369533934832483
121,0.03546653558025846
122,0.034245137747251714
123,0.033077575615402525
124,0.036306432289933736
125,0.033178930301389964
126,0.03334665805287837
127,0.03768504800823883
128,0.03660037464415607
129,0.036148944164548155
130,0.036295902378427294
131,0.03457437224922064
132,0.03690941003539693
133,0.03723392297365146
134,0.04088033946836838
135,0.03819460290341629
136,0.0360421784450478
137,0.03598811792295882
138,0.03795993047543455
139,0.03571809264162458
140,0.043257115209956024
141,0.03724452137693288
142,0.04488023762408652
143,0.037964409754320444
144,0.042228443842426626
145,0.03630676843270723
146,0.042536031229011895
147,0.03495459295468305
148,0.0367642557712799
149,0.03698738184750656
150,0.03944622959291548
151,0.038641565729996954
152,0.035317017516992476
153,0.03691354006370985
154,0.03685526322175713
155,0.03782362797624214
156,0.03865326548872582
157,0.04282537466276115
158,0.03576062309959026
159,0.03718757803027847
160,0.035310981212541295
161,0.03739626629532963
162,0.0344254459842178
163,0.03495063036783252
164,0.03327883152470358
165,0.03700889551432624
166,0.03360336124984278
167,0.037113409532193276
168,0.03536747377190978
169,0.037457486720069946
170,0.038666316962415126
171,0.033121958796467836
172,0.03898488343967865
173,0.03529155260627972
174,0.0331234951194996
175,0.03440459711285723
176,0.03398223818992291
177,0.0378272090851085
178,0.03407406177517904
179,0.03598235094253978
180,0.03209177475850898
181,0.03501861461865404
182,0.0351403777644211
183,0.039109846776236225
184,0.037681936719791614
185,0.03393241574402867
186,0.03291027781925697
187,0.03571712417225627
188,0.0319411076045881
189,0.036217966791675715
190,0.03576313719050667
191,0.03342506225666399
192,0.038033345575975853
193,0.037008775836302944
194,0.036630162422494096
195,0.03547272724841025
196,0.03505017112196327
197,0.03800004654343862
198,0.03697723370473808
199,0.035158423770030665
200,0.0421444534408512
201,0.0372222108332573
202,0.039367707525097106
203,0.04113119287171688
204,0.037127872861304104
205,0.04427796352305707
206,0.04260042914991855
207,0.04092189579337682
208,0.039709585580751175
209,0.0383556953582892
210,0.037587127506275894
211,0.034687563089953966
212,0.03474927215889412
213,0.0372999798046956
214,0.03229836558049012
215,0.034413797690614194
216,0.033137037368535446
217,0.03512551522099861
218,0.03230218825524076
219,0.03500826535875004
220,0.032284721358033626
221,0.03267790684767492
222,0.03708422944283917
223,0.03545116442034756
224,0.041111800969850586
225,0.03793146730068902
226,0.04096397231586509
227,0.04022327841894669
228,0.038849004688539676
229,0.037108800699393395
230,0.03521094310992212
231,0.0447723599570035
232,0.033635474391218376
233,0.045083056349924766
234,0.03826189900251407
235,0.051125890759856234
236,0.037231219576520994
237,0.047639519457420475
238,0.036614474144351435
239,0.04811600494611148
240,0.04566426724212204
241,0.04396450021414406
242,0.03851545164228922
243,0.04048307021244072
244,0.04891196081118379
245,0.0580258066810203
246,0.0401597125339644
247,0.04547563336537054
248,0.045812377115687454
249,0.0510303880701759
250,0.038477873606555045
251,0.04753854446195692
252,0.055465976275243155
253,0.03813066766429408
254,0.0549955266673766
255,0.04409487515172657
256,0.04400654464998477
257,0.04511667514354193
258,0.04330276779060565
259,0.043812525614973945
260,0.04133919765633272
261,0.03532039891116063
262,0.0476384229571713
263,0.037063609717383386
264,0.046137960196599576
265,0.04403820695188585
266,0.035922655482935544
267,0.04452920026200468
268,0.040768979610555776
269,0.04405260278927499
270,0.04800731450187805
271,0.043007929870677884
272,0.045363922702520876
273,0.039898246262020105
274,0.04243451320369411
275,0.044845658683861686
276,0.05748335284665891
277,0.04095821743178876
278,0.052348221807720266
279,0.03914289028291213
280,0.04102177661667157
281,0.03993195395764467
282,0.03546508858971479
283,0.04229390308187849
284,0.03951250869376782
285,0.035665577119137516
286,0.03875118056483817
287,0.03742261263091776
288,0.037922776625465164
289,0.04082637408360304
290,0.03907664787112125
291,0.042598268267896935
292,0.037566474084159515
293,0.03677081172825041
294,0.04051471260857113
295,0.037265720923732475
296,0.04044161398882712
297,0.03873243179236206
298,0.03590540418751474
299,0.044465125084027925
300,0.04097942505301237
301,0.03731273103011861
302,0.03852120827463551
303,0.04295062390458908
304,0.04023142162630495
305,0.04971703405388774
306,0.03444979431514147
307,0.05210499731085133
308,0.036242952753720796
309,0.04928429419251952
310,0.038014798840481166
311,0.04341535026747314
312,0.035142954598286855
313,0.036146591756463564
314,0.03750672555788283
315,0.033366161869470695
316,0.03861235800373743
317,0.03193076667028737
318,0.03879757480949757
319,0.036573556951248504
320,0.03667693084024841
321,0.03566232547111429
322,0.03734831997620987
323,0.036941594818407614
324,0.034034375600677756
325,0.03197094398737201
326,0.03290616866695707
327,0.03833334060458587
328,0.03333635318340209
329,0.0372909966776336
330,0.03457571057437225
331,0.037734539512299436
332,0.0349965903183856
333,0.03863047871491653
334,0.03689263637832621
335,0.039344856622039986
336,0.03535950142866383
337,0.03659640813659263
338,0.04574216403880003
339,0.04506653914025333
340,0.0356955028798965
341,0.04378865877651455
342,0.03295678374904056
343,0.04624202734440539
344,0.03688080150455414
345,0.04169503639067783
346,0.037245269300860605
347,0.03609562369313766
348,0.03926141674772539
349,0.041124120924401236
350,0.03928781691186912
351,0.033046179964285105
352,0.03660429059003482
353,0.0318277717151905
354,0.03636480124915588
355,0.03659132165597472
356,0.03392080667913847
357,0.03266709661921872
358,0.037432021205622674
359,0.039610307435597805
360,0.03437542961472283
361,0.03398842128683188
362,0.04071013869343068
363,0.033862259124193765
364,0.03943448229520774
365,0.0318645902316697
366,0.032977707582026734
367,0.03428552785482785
368,0.035039677842358605
369,0.03290615599603085
370,0.038362474837593634
371,0.030400143726742983
372,0.03632050913788105
373,0.03354868469810379
374,0.03400726087559426
375,0.03663265001474512
376,0.03695040154358146
377,0.03745434277673893
378,0.03562642245654317
379,0.03216863034591106
380,0.039734177918985134
381,0.03740412986243628
382,0.03476013563845768
383,0.03198899688610562
384,0.0368860383256813
385,0.03532887895327424
386,0.0371211760605893
387,0.035788071748436234
388,0.038291464128146956
389,0.03715956815990385
390,0.03714330641280296
391,0.03341348283056229
392,0.035737213579362284
393,0.03571052810673412
394,0.03560700772377863
395,0.039537705908660646
396,0.03795935117342235
397,0.03434531502242486
398,0.03928262474561311
399,0.03848488391063531
400,0.03340348174754747
401,0.03453128589025203
402,0.03341488260344436
403,0.03297888058935285
404,0.03753777437600205
405,0.03586141854801964
406,0.03518573133942851
407,0.04211656761081888
408,0.03362998502397116
409,0.03920809305578582
410,0.03569766459679413
411,0.039451560291002184
412,0.037154074155845436
413,0.047326211908729
414,0.03440220621078962
415,0.046627685963179906
416,0.032271287840602285
417,0.04745337655307167
418,0.033024758424006644
419,0.0427805311021992
420,0.03840170983157142
421,0.03106016608838836
422,0.041934278049713974
423,0.03477182567413765
424,0.03930903740041629
425,0.03313295109085305
426,0.043083227405595836
427,0.03411691002946217
428,0.0400794415641256
429,0.03613458846624161
430,0.035672782994318905
431,0.03506242573081324
432,0.035152828070058394
433,0.034024168190601896
434,0.032262691987496324
435,0.03504573955076375
436,0.035580938539488155
437,0.03186462147465877
438,0.03333446767261548
439,0.0387735120149524
440,0.03376618596504623
441,0.03698021110165092
442,0.03273076028265373
443,0.03356385668138115
444,0.03570408318325106
445,0.03919919684042693
446,0.03371655232057558
447,0.03480470840323127
448,0.033977988679761185
449,0.033048440817319544
450,0.029712708784122084
451,0.0346080680451785
452,0.03269307275182917
453,0.03615207222779145
454,0.036063139011982895
455,0.04040120137010397
456,0.031826476876619304
457,0.03794013559765888
458,0.03492202791569136
459,0.03522710571520784
460,0.03625284007602683
461,0.03516893693008199
462,0.034014324410046544
463,0.03842842386625358
464,0.035983029499767935
465,0.032530759873473036
466,0.03476386855699716
467,0.030433259939748616
468,0.03139450351904287
469,0.034120639669254105
470,0.030566883741710144
471,0.03309738570731123
472,0.030560135131830486
473,0.032964606722126415
474,0.03215332501265797
475,0.03285166835968918
476,0.032255992740957105
477,0.03660721666810823
478,0.03368912142308907
479,0.03387036073423732
480,0.030785910618700577
481,0.03314233037753948
482,0.03161174203865387
483,0.030233698004138682
484,0.0360268790847836
485,0.02962198576101393
486,0.0315742711650969
487,0.03267888327095611
488,0.03475000752820784
489,0.036046531822344956
490,0.03460895460041441
491,0.03277874367362975
492,0.036149573236057574
493,0.03546273680967988
494,0.03412595799791282
495,0.03788752981955023
496,0.03311602075222294
497,0.035425420416572935
498,0.041289768712492264
499,0.030968973458512357
500,0.036443967931038365
501,0.031172159888605104
502,0.0331879650633051
503,0.03771890269138664
504,0.04007675174669866
505,0.03220421781127479
506,0.03961598547174974
507,0.0360325848453848
508,0.036866101220351194
509,0.036405352821592886
510,0.03399254257959273
511,0.040200247305764714
512,0.03355393069779408
513,0.03356173370842481
514,0.03684165570404715
515,0.031515283493566554
516,0.030821846977750228
517,0.03350899764151105
518,0.031247389697982898
519,0.03412161414235597
520,0.032014118182855586
521,0.031767742670570066
522,0.031428951666146704
523,0.03378648895118947
524,0.03229453777142707
525,0.034244735981736406
526,0.03261447576248596
527,0.0344619432023204
528,0.032077507419125524
529,0.040615601859879426
530,0.032078021524780564
531,0.03984399589966101
532,0.0477117302452646
533,0.03971465295831964
534,0.04168263427952825
535,0.03488984871763937
536,0.0435618128537216
537,0.036656571794650095
538,0.0453490016596627
539,0.04009875691625093
540,0.0363239066957298
541,0.03355609440288726
542,0.034851542000259784
543,0.04184305323966667
544,0.03775647450777707
545,0.03721135205248497
546,0.03373256107784189
547,0.036215403988128995
548,0.033448925100778376
549,0.034812775302837724
550,0.04301530603224247
551,0.032035003317327865
552,0.039422438791857584
553,0.03528329303823352
554,0.036987587326928084
555,0.034439219928944526
556,0.03706943191526341
557,0.03622760949238048
558,0.039388100761159776
559,0.037624069128305175
560,0.04157084757096772
561,0.03326107413120763
562,0.040510536085065815
563,0.03621759123375757
564,0.033923282413664865
565,0.034812771154060784
566,0.031821186942937146
567,0.03359308374060996
568,0.038511341671146275
569,0.033037501291009456
570,0.03821937975326463
571,0.03349658624645177
572,0.042999032857427406
573,0.032545072031320364
574,0.041361250730456225
575,0.03301820084887604
576,0.035590007995716294
577,0.03207715090030847
578,0.038230291851889135
579,0.032584310506350515
580,0.03577818661812194
581,0.03463877957803178
582,0.03552945504527309
583,0.03149923539832077
584,0.03366103259061472
585,0.03292030236179614
586,0.032452473478359084
587,0.032352640829445035
588,0.03183808777587242
589,0.029062440999928878
590,0.03447858311536147
591,0.03531014889820796
592,0.03015174246397476
593,0.034474907105654956
594,0.030530655965335007
595,0.03146071479718139
596,0.03152649115336556
597,0.02948320628534116
598,0.03179266423501038
599,0.030599081556165846
600,0.03698317264969209
601,0.03036743770322688
602,0.036810255971217544
603,0.031652119948750716
604,0.0367473001728618
605,0.031297965830146005
606,0.03187267276484796
607,0.03604397114702198
608,0.0317344577433116
609,0.03627800840956429
610,0.029470336396859233
611,0.03489252814321105
612,0.0340407911557154
613,0.032587629731960076
614,0.0334246926262241
615,0.038159222535695834
616,0.03854324768007404
617,0.03601341155851539
618,0.03201157438205855
619,0.03835041326928369
620,0.031217700254041296
621,0.03563487562655299
622,0.03419063721865348
623,0.03375289648093496
624,0.03332499197731628
625,0.03242518301338598
626,0.035986296200047216
627,0.03462997042441117
628,0.036237868583528794
629,0.036665058682772964
630,0.035382440594143576
631,0.04116060271363321
632,0.034391850128385824
633,0.03703588773186051
634,0.03365372848447186
635,0.040847405565589835
636,0.030898951001397536
637,0.04048879289396523
638,0.03358574737775329
639,0.03905949406693969
640,0.03926381500574466
641,0.03530931984428239
642,0.039673340037458794
643,0.03727307418632257
644,0.03313174029805375
645,0.03598937698365148
646,0.031079440385600583
647,0.03993121193832847
648,0.032102026930842166
649,0.03870875183341564
650,0.030116010211519096
651,0.038562206809249384
652,0.029666829730725812
653,0.036904672018348926
654,0.029058719858573386
655,0.03725912823391062
656,0.03907059050967567
657,0.03934356401143988
658,0.03567288859114755
659,0.029529042177220095
660,0.03139448815546391
661,0.03130294214596758
662,0.032181408325552226
663,0.03049265386120269
664,0.03313758297039207
665,0.03279967750340546
666,0.028748736896822943
667,0.029572172364335916
668,0.027612773553148406
669,0.029504739687127052
670,0.029401003645375953
671,0.030226059620787078
672,0.027358649916927096
673,0.029706839313297376
674,0.02799984961458071
675,0.03046259657000587
676,0.029350364764706184
677,0.030427404323466824
678,0.030128483233420468
679,0.03251973368254303
680,0.030367788177520585
681,0.031513258185098376
682,0.029646822214016124
683,0.036207854557689136
684,0.03199189824664963
685,0.03337143107674532
686,0.035244280195937665
687,0.033968332094706594
688,0.04420378707692739
689,0.03251257326336993
690,0.037605723682727854
691,0.03283112849031426
692,0.03316700265701351
693,0.03681549790044131
694,0.03109974243897019
695,0.0408395075393463
696,0.03132836254623383
697,0.036541992357775076
698,0.030139355162402626
699,0.034710870445461874
700,0.03079726178269943
701,0.03134851406541673
702,0.03759123665256561
703,0.029143303805632327
704,0.036017236163814574
705,0.03098441593701414
706,0.034426928473182544
707,0.0342165427509388
708,0.03389183946044771
709,0.04272885398747664
710,0.03229158678148108
711,0.03374649900056666
712,0.037746284025526315
713,0.041967547948792205
714,0.035139463960674834
715,0.03918971060858845
716,0.04147690688952322
717,0.037446817416776135
718,0.03226042798015135
719,0.04381936274101906
720,0.032793722421539155
721,0.035536355649654475
722,0.03329612302417722
723,0.03325551690844718
724,0.03295840359740946
725,0.032619867880367553
726,0.0386404101315711
727,0.035566694630801435
728,0.03708265611755864
729,0.031709457041973005
730,0.03581022545087045
731,0.0343523477950208
732,0.037360446555222276
733,0.03652041476839383
734,0.02959176530694506
735,0.033970435258298175
736,0.027578041279187244
737,0.02878795524333209
738,0.029981286268796765
739,0.03471712542549676
740,0.030280987138791522
741,0.033704396990168646
742,0.027509896460876565
743,0.03257137395512156
744,0.028064431879479514
745,0.029177651633997072
746,0.026538903080295155
747,0.030410816667353503
748,0.027376764376416462
749,0.02895060797158194
750,0.031186914134552678
751,0.029173409948316936
752,0.02728377599152326
753,0.032488971266737846
754,0.02706006681825464
755,0.03218057160957255
756,0.026801114210360275
757,0.030076262748330754
758,0.026818148684792282
759,0.028109057389711565
760,0.02747003997938873
761,0.031125420915639815
762,0.029867688517128135
763,0.03484363946859821
764,0.027810679544526096
765,0.034760923711275635
766,0.02847797603388184
767,0.03400667577828542
768,0.02742725163070977
769,0.035537562232292375
770,0.03073605971982405
771,0.03624366043115885
772,0.030548576510837477
773,0.040954791969341556
774,0.031893252354490254
775,0.03224299118600164
776,0.029610160915728777
777,0.03476402442043535
778,0.028255281907300558
779,0.0338135244991307
780,0.03429973260788854
781,0.03193717360579744
782,0.029745589665556037
783,0.031149492690215566
784,0.031095440572051318
785,0.030541950348701545
786,0.0309937338303101
787,0.030614262096619427
788,0.02973089832100775
789,0.02776322313550976
790,0.029102336329001104
791,0.03380584075953469
792,0.030500857957697143
793,0.033409909618033126
794,0.03349758147028324
795,0.03407330416783224
796,0.032704513477037636
797,0.03660670985871854
798,0.030187768870434797
799,0.03194636660808757
800,0.029924408288436562
801,0.02832865419458784
802,0.03163663875856002
803,0.027960982552530402
804,0.02997059023134492
805,0.02725665124736617
806,0.02935225516353254
807,0.02888028077947357
808,0.030921834032497087
809,0.02807730605089929
810,0.03276197250056173
811,0.029847793492661492
812,0.028516226536593307
813,0.03011308455570908
814,0.03399418431582136
815,0.031506414117870314
816,0.02956276101596584
817,0.0314172996703411
818,0.031538444424109705
819,0.0411415262095664
820,0.031199713866297593
821,0.03749531810184892
822,0.030426256852761777
823,0.032935290406647416
824,0.033735604652450374
825,0.03208101691046287
826,0.035886189479173804
827,0.03197028321162788
828,0.03721776884917309
829,0.029105950899202215
830,0.03151577847092328
831,0.0307800752085025
832,0.032429864292981524
833,0.03193369315563953
834,0.02921050933837407
835,0.03408542057705202
836,0.030780186143671086
837,0.03682886344208866
838,0.03741605726781737
839,0.036107195573858254
840,0.03424519671425198
841,0.0351875946115136
842,0.03792090720121965
843,0.03775466100501167
844,0.0363026774114128
845,0.037457934442067436
846,0.03992835620126567
847,0.03387203471996392
848,0.04226830368567146
849,0.03827268404404227
850,0.038550570097052025
851,0.036805081696939745
852,0.03537020162814632
853,0.03226212428778432
854,0.03534776918822744
855,0.035052118745594725
856,0.03635181415543092
857,0.03318847465311553
858,0.03185997826015903
859,0.02900635647240639
860,0.029172490117142142
861,0.030273428449116808
862,0.03082863993459493
863,0.02942729926110973
864,0.03353782765265256
865,0.02845675064081032
866,0.0315600529873367
867,0.029765429817767638
868,0.03188138132915418
869,0.028152400526630105
870,0.03381965949809648
871,0.029589404456978673
872,0.03479088966463446
873,0.02739971785888336
874,0.034141986449454036
875,0.030232991124562562
876,0.030297256979612677
877,0.029911503410452803
878,0.031112739107564277
879,0.035907099026635726
880,0.03153730614960538
881,0.0376731949845989
882,0.029890304236660836
883,0.03660232603302959
884,0.03306448629427365
885,0.03705509087995969
886,0.029435182367284648
887,0.03416815231561378
888,0.035482621207338284
889,0.03408043699989665
890,0.03202667485312009
891,0.036531239310542855
892,0.028832167676165504
893,0.032784264477078044
894,0.03053806061141293
895,0.031361689274575034
896,0.03447163787953817
897,0.03142301557842563
898,0.038573714332103846
899,0.030786772419101625
900,0.032384830448221796
901,0.029462168681336373
902,0.027325947656855407
903,0.028896961165278453
904,0.02727437562513029
905,0.02891115195923495
906,0.02771977025638172
907,0.028029226365314342
908,0.028090813746728848
909,0.03144880430584992
910,0.027096793765871114
911,0.03121353789711652
912,0.02830029818330437
913,0.03283209260173576
914,0.027059307712173335
915,0.03253663777434789
916,0.02851521309370588
917,0.032704284380741626
918,0.03240291797168579
919,0.02932545002438372
920,0.030564225386162686
921,0.032713961292604
922,0.03867282445733866
923,0.027959392707021573
924,0.03680416145815707
925,0.029647026395724526
926,0.033605119010439805
927,0.03394786879672484
928,0.0316684390019061
929,0.034365934043026534
930,0.028468917784543277
931,0.033545171239685825
932,0.030576108722200308
933,0.03802269093933897
934,0.031664762348074735
935,0.03617674168599218
936,0.0316523593756015
937,0.03633058725380432
938,0.03304785050532209
939,0.0357670678885478
940,0.043430826400520164
941,0.03833567310746744
942,0.03468361924858393
943,0.03736132809232425
944,0.03066943776882256
945,0.03557157692484458
946,0.031845899862377465
947,0.03887748568460943
948,0.030534634241752998
949,0.03997202145228409
950,0.04076643828410607
951,0.037627855589085824
952,0.0383692836241912
953,0.040773137231091654
954,0.04528570906470463
955,0.03904649676507324
956,0.04200547260180093
957,0.04389920114012457
958,0.03973072175215492
959,0.03485512610063222
960,0.03833332593910752
961,0.043931041829672605
962,0.03389983120453407
963,0.03448581268571051
964,0.04402875932279636
965,0.031230840029346302
966,0.03669615053230829
967,0.031282257803934746
968,0.031569900893146915
969,0.028842217562232167
970,0.032023082617555564
971,0.02688012949421985
972,0.03422562781714432
973,0.028018773271846965
974,0.03272834287494391
975,0.029245674816324414
976,0.030970819210671824
977,0.03476611841262565
978,0.03171882885675576
979,0.0323648007469217
980,0.032865424948964
981,0.032642106506579595
982,0.033628792625176096
983,0.031817749346190284
984,0.03387073013852667
985,0.029882759274703772
986,0.034907260298234564
987,0.029746788500023342
988,0.03863748535904525
989,0.028108124386167936
990,0.0380361657390351
991,0.029057457795164613
992,0.035609891902768004
993,0.0300385695234022
994,0.03168993106446032
995,0.029961126488162806
996,0.03140450518114874
997,0.03540740752456758
998,0.030614426480036327
999,0.03623557659783749
1000,0.029648770716583835
1001,0.03630065310573544
1002,0.02857356655157048
1003,0.03541082750462351
1004,0.02835116821653536
1005,0.03384307961625346
1006,0.02909910348750499
1007,0.0340786419579384
1008,0.03064465768253126
1009,0.030661097624892716
1010,0.03457687538904007
1011,0.02801523377880479
1012,0.03425990759533999
1013,0.03302706934974533
1014,0.0370953627701187
1015,0.03410277505625454
1016,0.040075039846415667
1017,0.03790793472744531
1018,0.047043847463444234
1019,0.036482249233246784
1020,0.04792808452180246
1021,0.034851992341415526
1022,0.048812043826658116
1023,0.03618491953103927
1024,0.041310540668453063
1025,0.03281296080017109
1026,0.03865559280047265
1027,0.032329211605678594
1028,0.03181351825409962
1029,0.03704040430876183
1030,0.03370416133176289
1031,0.03304494515547249
1032,0.03897898243311336
1033,0.03041469740838793
1034,0.035668579349792805
1035,0.03451826314104859
1036,0.028052496446920917
1037,0.03561340761963074
1038,0.02848767753348809
1039,0.036731430259698744
1040,0.02982230458846475
1041,0.03458937557514901
1042,0.029991756818733246
1043,0.03704471978424335
1044,0.032932836104622776
1045,0.03672974193629097
1046,0.040077541981825615
1047,0.03870747995032228
1048,0.03388577313905719
1049,0.03932086577798631
1050,0.03333091793730463
1051,0.03680837446229455
1052,0.033675797724851034
1053,0.02842534866869229
1054,0.038706460387264406
1055,0.031191001908508927
1056,0.034282015748794546
1057,0.031541108576263285
1058,0.033996108890938036
1059,0.029362425929259937
1060,0.0323729162779934
1061,0.029629669511981958
1062,0.032822816814879814
1063,0.03317627681109031
1064,0.028202644228787915
1065,0.032916432118385325
1066,0.030885932767830197
1067,0.03430307858300831
1068,0.03344065928120009
1069,0.030386765570092268
1070,0.03550208192921007
1071,0.03369985060620947
1072,0.038725223381984676
1073,0.0370893856755828
1074,0.03721829974892059
1075,0.04324317780554875
1076,0.03243780673488657
1077,0.033399573953592165
1078,0.03500853501020121
1079,0.036216020220819156
1080,0.04150926835126
1081,0.03776599623204207
1082,0.041278170447257866
1083,0.03431145386340114
1084,0.04105163868207278
1085,0.032225838840860735
1086,0.04011170424708999
1087,0.03370067373544872
1088,0.03399779043992813
1089,0.036001571868662256
1090,0.03790483940138109
1091,0.03125271500796192
1092,0.03441903151277307
1093,0.03363440537051724
1094,0.035284351713436496
1095,0.03537120495005339
1096,0.034300938727976314
1097,0.03341232997726903
1098,0.03273203775604506
1099,0.0322156716196782
1100,0.03253865660262982
1101,0.037450996688024984
1102,0.029361601009917155
1103,0.03205252264670451
1104,0.03509400088419579
1105,0.03640046001375578
1106,0.03749402521767538
1107,0.03058253910288251
1108,0.035291362877331006
1109,0.02780000278561124
1110,0.03519504680927937
1111,0.03673120258941452
1112,0.03373017067531508
1113,0.032863856300921486
1114,0.03404119374012045
1115,0.035800172976559366
1116,0.03880589177253949
1117,0.03566956813316751
1118,0.03905378112815475
1119,0.03639825387609846
1120,0.03843652179545665
1121,0.041444254086068645
1122,0.03695268966036516
1123,0.04722313692182144
1124,0.03162822632621656
1125,0.04698589789393742
1126,0.034131477466501324
1127,0.036655744668426235
1128,0.029800045564211022
1129,0.037578490457696616
1130,0.02959430186483076
1131,0.03318696399332425
1132,0.02884983618593665
1133,0.025746677108811834
1134,0.02682958675866564
1135,0.030532926075829466
1136,0.03198448053836699
1137,0.027924206539529747
1138,0.028535045602043688
1139,0.032856466349476844
1140,0.03371763005136852
1141,0.030990769957332496
1142,0.028718696069034443
1143,0.030131087019386608
1144,0.029056817371515352
1145,0.026502761744377993
1146,0.02660707940743367
1147,0.026844463196636956
1148,0.028555034220937494
1149,0.02775922616041116
1150,0.03034822394557973
1151,0.029957865433240288
1152,0.03161546871213053
1153,0.036755507215768306
1154,0.03250929269969476
1155,0.03256141027981951
1156,0.028001846352869758
1157,0.035435295765296304
1158,0.035349758789739005
1159,0.032783133050831255
1160,0.041802689984467116
1161,0.03181503444827858
1162,0.03552365687575794
1163,0.02966360116729901
1164,0.03560513124792902
1165,0.04146162511591685
1166,0.02850971264688536
1167,0.035090437745301586
1168,0.026854809715997685
1169,0.03281240878001954
1170,0.029821566007238176
1171,0.0339371054561129
1172,0.02946887769731362
1173,0.029600304484944502
1174,0.029234161238853407
1175,0.03227321939255668
1176,0.031411867289422024
1177,0.025988483549099606
1178,0.02813207303376805
1179,0.036675244175136935
1180,0.026364734595495525
1181,0.03523669517351513
1182,0.027997480220067247
1183,0.03208005138670763
1184,0.030102375004901934
1185,0.030257204390073913
1186,0.028473685002512523
1187,0.027575805442829348
1188,0.029020345472955067
1189,0.02656561365868416
1190,0.024811133231863645
1191,0.02848342587147673
1192,0.028492450072073433
1193,0.037438080400589026
1194,0.02836440944722493
1195,0.03654015445056231
1196,0.029239261140810095
1197,0.0336856944837677
1198,0.030713761852528422
1199,0.03288504998742364
1200,0.030507196234710203
1201,0.03306616212398028
1202,0.027731373969271687
1203,0.03321026832980376
1204,0.028210963701215792
1205,0.03830963470198558
1206,0.03903069374834386
1207,0.0402508754540636
1208,0.03425665731774276
1209,0.03322420561588725
1210,0.03934977625921931
1211,0.03620800201821134
1212,0.039172960360053334
1213,0.028609769036103835
1214,0.03891514551907522
1215,0.028387935491460917
1216,0.03365367102207734
1217,0.026917448039676044
1218,0.03190394754390012
1219,0.02867812775040205
1220,0.03184251111106438
1221,0.031248065475573406
1222,0.035714090519271935
1223,0.027490882657211557
1224,0.03919506362768656
1225,0.029711330368123203
1226,0.036555680475841554
1227,0.030519268952446155
1228,0.04118553714501506
1229,0.03388364118892331
1230,0.039563448671651
1231,0.036577247618221245
1232,0.03442063144339703
1233,0.030326461999596432
1234,0.034433621509542364
1235,0.027662119538234067
1236,0.03193553774171388
1237,0.03973036628510277
1238,0.028054736138022007
1239,0.03480011689491042
1240,0.02678943124013059
1241,0.03886589937349296
1242,0.028449443082231893
1243,0.03399221402404564
1244,0.03918946233091823
1245,0.03337147965499197
1246,0.040277391049541825
1247,0.04213063865698451
1248,0.04043608580783655
1249,0.03726444350592683
1250,0.033238014680463376
1251,0.038442335079389184
1252,0.035112033279760826
1253,0.0349083390564512
1254,0.03540992504112747
1255,0.03616126925999666
1256,0.03942370089700068
1257,0.037677460298525
1258,0.04081596307786613
1259,0.03746794390615165
1260,0.034743310221787845
1261,0.035522573745866315
1262,0.03341422188161483
1263,0.03380441061665685
1264,0.03296575310304897
1265,0.03315662950917988
1266,0.02744253355901492
1267,0.03388118008429058
1268,0.02637489770606353
1269,0.035727636385809884
1270,0.02564704373243843
1271,0.03515869244603877
1272,0.02921295608738163
1273,0.02893852775032491
1274,0.030143498997186668
1275,0.02801324637004582
1276,0.030509169586128076
1277,0.032582324420783695
1278,0.03442741531030151
1279,0.03293691157021299
1280,0.031662813797465675
1281,0.03462609801322594
1282,0.03303253684425862
1283,0.0315955990299003
1284,0.032972668920278135
1285,0.02601533836550218
1286,0.028652463332378
1287,0.029637540161628
1288,0.025701592631109327
1289,0.026165452759950688
1290,0.02745769187939021
1291,0.030022047090198185
1292,0.027738883806057896
1293,0.029929331077307195
1294,0.029807969989734538
1295,0.028604082721455728
1296,0.02898558023599046
1297,0.027260415628899377
1298,0.031992932547614886
1299,0.028238042290752077
1300,0.026743758950842716
1301,0.028644830860994227
1302,0.030646321084483667
1303,0.030236631514140903
1304,0.028549312901351237
1305,0.02971843004155652
1306,0.033989208920679595
1307,0.033235663075620175
1308,0.035876072685510074
1309,0.032821246057389473
1310,0.0421441907208265
1311,0.031638892467826
1312,0.03818593297482281
1313,0.03317996144744426
1314,0.034358968647035956
1315,0.03704785661443454
1316,0.03140114765355112
1317,0.03126597655314823
1318,0.02706512062526696
1319,0.034243049441235074
1320,0.03017410533786115
1321,0.037586730762069066
1322,0.028730668921605935
1323,0.04207900987771939
1324,0.028818087535874542
1325,0.041098339401365105
1326,0.03251586052900127
1327,0.03797464926536897
1328,0.031847776296331225
1329,0.037073485429701486
1330,0.030894293978806952
1331,0.031773772641897825
1332,0.028631365157050316
1333,0.033951711877824337
1334,0.027711417035333148
1335,0.03029317615212632
1336,0.03432083450896233
1337,0.028678574156451277
1338,0.03296287348656019
1339,0.026860467934391955
1340,0.0362618919429987
1341,0.027504170961468274
1342,0.03083367169060929
1343,0.030235332057639185
1344,0.026251330662489126
1345,0.02684849788588533
1346,0.030606907311390763
1347,0.031050782880375324
1348,0.0305469789120559
1349,0.02944248755409426
1350,0.029423044481530998
1351,0.03277103015552944
1352,0.02569481808190505
1353,0.03059760031559928
1354,0.026884566023964645
1355,0.03333105800423352
1356,0.029334829995286235
1357,0.030508128265024435
1358,0.025940590247262606
1359,0.034078940296201024
1360,0.03078354389354847
1361,0.030400701741074
1362,0.027387849338723173
1363,0.031145093841919828
1364,0.02877929256694079
1365,0.0292239242381527
1366,0.02695208542882638
1367,0.03456942120997245
1368,0.027500964981438916
1369,0.03035425749042124
1370,0.036201572932755104
1371,0.027783314023144795
1372,0.029118434499816465
1373,0.030583307566771998
1374,0.02714628769427155
1375,0.030537743626996905
1376,0.038819550126150966
1377,0.030833943010195496
1378,0.029883937947663277
1379,0.029721465404183283
1380,0.031922642429551444
1381,0.036479719916139366
1382,0.03242116631323284
1383,0.03431890613743143
1384,0.02725406300857204
1385,0.035577660971269166
1386,0.025942674352345072
1387,0.033608146705307596
1388,0.031519036284564705
1389,0.030952138119816452
1390,0.030410948348479565
1391,0.03411390460287664
1392,0.028994136618988732
1393,0.029659420790592167
1394,0.028828939492362156
1395,0.030528280644109087
1396,0.035558566457610165
1397,0.032908689329503873
1398,0.03881173657283329
1399,0.03374162750785515
1400,0.03942186682858084
1401,0.03016150362314751
1402,0.03895878647757519
1403,0.030742270344102242
1404,0.034946435849755264
1405,0.028460311644956687
1406,0.035745316076447764
1407,0.030530018722277116
1408,0.0370751589817958
1409,0.033543024342562754
1410,0.04085521762235481
1411,0.03819330463226614
1412,0.03001596944910491
1413,0.03693535892027182
1414,0.031249082772499007
1415,0.032541347173774465
1416,0.03311365407495655
1417,0.03242780090432517
1418,0.03916633737364865
1419,0.03406234358828407
1420,0.032724140096679045
1421,0.03843282554592407
1422,0.038177564843924434
1423,0.03027067974439286
1424,0.032867447256342816
1425,0.03232707592574412
1426,0.03117504226700415
1427,0.03070038302768121
1428,0.034537891182306046
1429,0.029431612650715915
1430,0.03057405586814407
1431,0.02901168783246842
1432,0.0283755688876352
1433,0.028674189200633783
1434,0.02928935716386529
1435,0.027815728324681176
1436,0.027578816424488856
1437,0.02901427316463405
1438,0.028302856551210186
1439,0.029246289439584166
1440,0.03537771752540077
1441,0.026793844040411734
1442,0.03388118509432889
1443,0.028300897065232096
1444,0.03226239965090939
1445,0.03222682174730588
1446,0.03586138720787047
1447,0.03321167750416871
1448,0.034331098874088105
1449,0.030291548089786846
1450,0.036610645201576954
1451,0.027723140765862103
1452,0.034098483150563484
1453,0.03042581610964091
1454,0.032233428965919346
1455,0.03564850511694803
1456,0.04090089450192045
1457,0.03174558786089198
1458,0.03871153588057035
1459,0.03260087862867587
1460,0.035677614833692924
1461,0.03473767350082003
1462,0.0357511275356788
1463,0.03367486845265219
1464,0.030756101173761395
1465,0.03826359871455087
1466,0.03283674980963275
1467,0.043660340542428164
1468,0.02880943399904267
1469,0.037629594037391634
1470,0.03571061763447491
1471,0.03472326768898398
1472,0.03347542249196709
1473,0.0423132615813966
1474,0.031915728644235135
1475,0.041041297160305135
1476,0.0361498291934544
1477,0.03179372996152813
1478,0.03220484630135619
1479,0.02677029158122637
1480,0.03036116200761991
1481,0.03409567539163473
1482,0.03911887763779344
1483,0.027960534551182813
1484,0.032588519497409985
1485,0.028386043582809065
1486,0.03795183902345179
1487,0.02656950293133158
1488,0.035871832957393095
1489,0.027317142026960624
1490,0.03456865444692545
1491,0.029653776054752144
1492,0.035466445826225504
1493,0.03211860107671706
1494,0.028533385851580776
1495,0.028906222009152417
1496,0.03389767709595989
1497,0.031785506268841746
1498,0.03533562720950997
1499,0.02601148549182509
0,0.09884322868553108
1,0.08064870158744973
2,0.06252624497561146
3,0.05417328098726791
4,0.05203024548690207
5,0.04344250354682828
6,0.03898360692321207
7,0.041030531377886544
8,0.039041424202362736
9,0.04049294948780517
10,0.03656327658503917
11,0.035750610956007296
12,0.03879967358030947
13,0.03544722366186569
14,0.03555024459691481
15,0.03610946455016495
16,0.0366580271207611
17,0.03994725164683072
18,0.04456881848086627
19,0.03829877074207245
20,0.03914414268114224
21,0.03959139184224285
22,0.04244932269631714
23,0.04574549831116174
24,0.045014459040903954
25,0.047396902073916225
26,0.046633418133315126
27,0.04310832895994889
28,0.04434019830626884
29,0.04356222267362669
30,0.0387442171135899
31,0.041224878313686576
32,0.03886071569283358
33,0.04247870882134879
34,0.04427175348465466
35,0.03696908095113204
36,0.03696092453876644
37,0.04351593986717991
38,0.04067995553252836
39,0.03644929872432125
40,0.03544410500346202
41,0.04085287902160314
42,0.03727093165747476
43,0.036754811393041736
44,0.03831353867611536
45,0.03706304715755465
46,0.03907003745467241
47,0.03792340258941923
48,0.03864485592919344
49,0.039051762918534766
50,0.04135026313979207
51,0.039589607768178374
52,0.03756450554445274
53,0.038067672553251546
54,0.03864574848581992
55,0.03785206125520007
56,0.03552427101732929
57,0.04047240953615059
58,0.03549517340844837
59,0.03615298918711173
60,0.034285359526452945
61,0.03442878513026624
62,0.04037200955834014
63,0.03606527087495348
64,0.03704864568683844
65,0.03547931118061831
66,0.036271982880971665
67,0.038728548740333865
68,0.03585811611107768
69,0.03482167521793586
70,0.03434064152716575
71,0.03599705798539814
72,0.0370318779048923
73,0.037971024658271416
74,0.03560652387070325
75,0.035359499069825225
76,0.03595543575781568
77,0.035697082526389985
78,0.03507717163136589
79,0.03544460960791593
80,0.03346886201497439
81,0.03804163790229603
82,0.037153433399527515
83,0.03717330117706722
84,0.03973167810097785
85,0.03865323679388623
86,0.036867426201765065
87,0.03514473038493997
88,0.035485977976338776
89,0.03318112683324222
90,0.03479814543578749
91,0.033516385776316625
92,0.039716950251892966
93,0.03495720141064155
94,0.034831720493617976
95,0.03423403567389773
96,0.0372897605343367
97,0.03326082559108847
98,0.033907424437541085
99,0.03361351280872434
100,0.038175703943049914
101,0.032911046948999115
102,0.03405460818552729
103,0.03342902889250796
104,0.037248127292675855
105,0.03424835448282112
106,0.03445334966833011
107,0.03344520945260526
108,0.03549669893766071
109,0.03825114149439077
110,0.03850982964724757
111,0.039906847589577854
112,0.03472295794139918
113,0.03548790302508097
114,0.033333810548363825
115,0.03723463899786659
116,0.03402226518522371
117,0.03363175850100954
118,0.032959842903307474
119,0.03331687446625191
120,0.03369533934832483
121,0.03546653558025846
122,0.034245137747251714
123,0.033077575615402525
124,0.036306432289933736
125,0.033178930301389964
126,0.03334665805287837
127,0.03768504800823883
128,0.03660037464415607
129,0.036148944164548155
130,0.036295902378427294
131,0.03457437224922064
132,0.03690941003539693
133,0.03723392297365146
134,0.04088033946836838
135,0.03819460290341629
136,0.0360421784450478
137,0.03598811792295882
138,0.03795993047543455
139,0.03571809264162458
140,0.043257115209956024
141,0.03724452137693288
142,0.04488023762408652
143,0.037964409754320444
144,0.042228443842426626
145,0.03630676843270723
146,0.042536031229011895
147,0.03495459295468305
148,0.0367642557712799
149,0.03698738184750656
150,0.03944622959291548
151,0.038641565729996954
152,0.035317017516992476
153,0.03691354006370985
154,0.03685526322175713
155,0.03782362797624214
156,0.03865326548872582
157,0.04282537466276115
158,0.03576062309959026
159,0.03718757803027847
160,0.035310981212541295
161,0.03739626629532963
162,0.0344254459842178
163,0.03495063036783252
164,0.03327883152470358
165,0.03700889551432624
166,0.03360336124984278
167,0.037113409532193276
168,0.03536747377190978
169,0.037457486720069946
170,0.038666316962415126
171,0.033121958796467836
172,0.03898488343967865
173,0.03529155260627972
174,0.0331234951194996
175,0.03440459711285723
176,0.03398223818992291
177,0.0378272090851085
178,0.03407406177517904
179,0.03598235094253978
180,0.03209177475850898
181,0.03501861461865404
182,0.0351403777644211
183,0.039109846776236225
184,0.037681936719791614
185,0.03393241574402867
186,0.03291027781925697
187,0.03571712417225627
188,0.0319411076045881
189,0.036217966791675715
190,0.03576313719050667
191,0.03342506225666399
192,0.038033345575975853
193,0.037008775836302944
194,0.036630162422494096
195,0.03547272724841025
196,0.03505017112196327
197,0.03800004654343862
198,0.03697723370473808
199,0.035158423770030665
200,0.0421444534408512
201,0.0372222108332573
202,0.039367707525097106
203,0.04113119287171688
204,0.037127872861304104
205,0.04427796352305707
206,0.04260042914991855
207,0.04092189579337682
208,0.039709585580751175
209,0.0383556953582892
210,0.037587127506275894
211,0.034687563089953966
212,0.03474927215889412
213,0.0372999798046956
214,0.03229836558049012
215,0.034413797690614194
216,0.033137037368535446
217,0.03512551522099861
218,0.03230218825524076
219,0.03500826535875004
220,0.032284721358033626
221,0.03267790684767492
222,0.03708422944283917
223,0.03545116442034756
224,0.041111800969850586
225,0.03793146730068902
226,0.04096397231586509
227,0.04022327841894669
228,0.038849004688539676
229,0.037108800699393395
230,0.03521094310992212
231,0.0447723599570035
232,0.033635474391218376
233,0.045083056349924766
234,0.03826189900251407
235,0.051125890759856234
236,0.037231219576520994
237,0.047639519457420475
238,0.036614474144351435
239,0.04811600494611148
240,0.04566426724212204
241,0.04396450021414406
242,0.03851545164228922
243,0.04048307021244072
244,0.04891196081118379
245,0.0580258066810203
246,0.0401597125339644
247,0.04547563336537054
248,0.045812377115687454
249,0.0510303880701759
250,0.038477873606555045
251,0.04753854446195692
252,0.055465976275243155
253,0.03813066766429408
254,0.0549955266673766
255,0.04409487515172657
256,0.04400654464998477
257,0.04511667514354193
258,0.04330276779060565
259,0.043812525614973945
260,0.04133919765633272
261,0.03532039891116063
262,0.0476384229571713
263,0.037063609717383386
264,0.046137960196599576
265,0.04403820695188585
266,0.035922655482935544
267,0.04452920026200468
268,0.040768979610555776
269,0.04405260278927499
270,0.04800731450187805
271,0.043007929870677884
272,0.045363922702520876
273,0.039898246262020105
274,0.04243451320369411
275,0.044845658683861686
276,0.05748335284665891
277,0.04095821743178876
278,0.052348221807720266
279,0.03914289028291213
280,0.04102177661667157
281,0.03993195395764467
282,0.03546508858971479
283,0.04229390308187849
284,0.03951250869376782
285,0.035665577119137516
286,0.03875118056483817
287,0.03742261263091776
288,0.037922776625465164
289,0.04082637408360304
290,0.03907664787112125
291,0.042598268267896935
292,0.037566474084159515
293,0.03677081172825041
294,0.04051471260857113
295,0.037265720923732475
296,0.04044161398882712
297,0.03873243179236206
298,0.03590540418751474
299,0.044465125084027925
300,0.04097942505301237
301,0.03731273103011861
302,0.03852120827463551
303,0.04295062390458908
304,0.04023142162630495
305,0.04971703405388774
306,0.03444979431514147
307,0.05210499731085133
308,0.036242952753720796
309,0.04928429419251952
310,0.038014798840481166
311,0.04341535026747314
312,0.035142954598286855
313,0.036146591756463564
314,0.03750672555788283
315,0.033366161869470695
316,0.03861235800373743
317,0.03193076667028737
318,0.03879757480949757
319,0.036573556951248504
320,0.03667693084024841
321,0.03566232547111429
322,0.03734831997620987
323,0.036941594818407614
324,0.034034375600677756
325,0.03197094398737201
326,0.03290616866695707
327,0.03833334060458587
328,0.03333635318340209
329,0.0372909966776336
330,0.03457571057437225
331,0.037734539512299436
332,0.0349965903183856
333,0.03863047871491653
334,0.03689263637832621
335,0.039344856622039986
336,0.03535950142866383
337,0.03659640813659263
338,0.04574216403880003
339,0.04506653914025333
340,0.0356955028798965
341,0.04378865877651455
342,0.03295678374904056
343,0.04624202734440539
344,0.03688080150455414
345,0.04169503639067783
346,0.037245269300860605
347,0.03609562369313766
348,0.03926141674772539
349,0.041124120924401236
350,0.03928781691186912
351,0.033046179964285105
352,0.03660429059003482
353,0.0318277717151905
354,0.03636480124915588
355,0.03659132165597472
356,0.03392080667913847
357,0.03266709661921872
358,0.037432021205622674
359,0.039610307435597805
360,0.03437542961472283
361,0.03398842128683188
362,0.04071013869343068
363,0.033862259124193765
364,0.03943448229520774
365,0.0318645902316697
366,0.032977707582026734
367,0.03428552785482785
368,0.035039677842358605
369,0.03290615599603085
370,0.038362474837593634
371,0.030400143726742983
372,0.03632050913788105
373,0.03354868469810379
374,0.03400726087559426
375,0.03663265001474512
376,0.03695040154358146
377,0.03745434277673893
378,0.03562642245654317
379,0.03216863034591106
380,0.039734177918985134
381,0.03740412986243628
382,0.03476013563845768
383,0.03198899688610562
384,0.0368860383256813
385,0.03532887895327424
386,0.0371211760605893
387,0.035788071748436234
388,0.038291464128146956
389,0.03715956815990385
390,0.03714330641280296
391,0.03341348283056229
392,0.035737213579362284
393,0.03571052810673412
394,0.03560700772377863
395,0.039537705908660646
396,0.03795935117342235
397,0.03434531502242486
398,0.03928262474561311
399,0.03848488391063531
400,0.03340348174754747
401,0.03453128589025203
402,0.03341488260344436
403,0.03297888058935285
404,0.03753777437600205
405,0.03586141854801964
406,0.03518573133942851
407,0.04211656761081888
408,0.03362998502397116
409,0.03920809305578582
410,0.03569766459679413
411,0.039451560291002184
412,0.037154074155845436
413,0.047326211908729
414,0.03440220621078962
415,0.046627685963179906
416,0.032271287840602285
417,0.04745337655307167
418,0.033024758424006644
419,0.0427805311021992
420,0.03840170983157142
421,0.03106016608838836
422,0.041934278049713974
423,0.03477182567413765
424,0.03930903740041629
425,0.03313295109085305
426,0.043083227405595836
427,0.03411691002946217
428,0.0400794415641256
429,0.03613458846624161
430,0.035672782994318905
431,0.03506242573081324
432,0.035152828070058394
433,0.034024168190601896
434,0.032262691987496324
435,0.03504573955076375
436,0.035580938539488155
437,0.03186462147465877
438,0.03333446767261548
439,0.0387735120149524
440,0.03376618596504623
441,0.03698021110165092
442,0.03273076028265373
443,0.03356385668138115
444,0.03570408318325106
445,0.03919919684042693
446,0.03371655232057558
447,0.03480470840323127
448,0.033977988679761185
449,0.033048440817319544
450,0.029712708784122084
451,0.0346080680451785
452,0.03269307275182917
453,0.03615207222779145
454,0.036063139011982895
455,0.04040120137010397
456,0.031826476876619304
457,0.03794013559765888
458,0.03492202791569136
459,0.03522710571520784
460,0.03625284007602683
461,0.03516893693008199
462,0.034014324410046544
463,0.03842842386625358
464,0.035983029499767935
465,0.032530759873473036
466,0.03476386855699716
467,0.030433259939748616
468,0.03139450351904287
469,0.034120639669254105
470,0.030566883741710144
471,0.03309738570731123
472,0.030560135131830486
473,0.032964606722126415
474,0.03215332501265797
475,0.03285166835968918
476,0.032255992740957105
477,0.03660721666810823
478,0.03368912142308907
479,0.03387036073423732
480,0.030785910618700577
481,0.03314233037753948
482,0.03161174203865387
483,0.030233698004138682
484,0.0360268790847836
485,0.02962198576101393
486,0.0315742711650969
487,0.03267888327095611
488,0.03475000752820784
489,0.036046531822344956
490,0.03460895460041441
491,0.03277874367362975
492,0.036149573236057574
493,0.03546273680967988
494,0.03412595799791282
495,0.03788752981955023
496,0.03311602075222294
497,0.035425420416572935
498,0.041289768712492264
499,0.030968973458512357
500,0.036443967931038365
501,0.031172159888605104
502,0.0331879650633051
503,0.03771890269138664
504,0.04007675174669866
505,0.03220421781127479
506,0.03961598547174974
507,0.0360325848453848
508,0.036866101220351194
509,0.036405352821592886
510,0.03399254257959273
511,0.040200247305764714
512,0.03355393069779408
513,0.03356173370842481
514,0.03684165570404715
515,0.031515283493566554
516,0.030821846977750228
517,0.03350899764151105
518,0.031247389697982898
519,0.03412161414235597
520,0.032014118182855586
521,0.031767742670570066
522,0.031428951666146704
523,0.03378648895118947
524,0.03229453777142707
525,0.034244735981736406
526,0.03261447576248596
527,0.0344619432023204
528,0.032077507419125524
529,0.040615601859879426
530,0.032078021524780564
531,0.03984399589966101
532,0.0477117302452646
533,0.03971465295831964
534,0.04168263427952825
535,0.03488984871763937
536,0.0435618128537216
537,0.036656571794650095
538,0.0453490016596627
539,0.04009875691625093
540,0.0363239066957298
541,0.03355609440288726
542,0.034851542000259784
543,0.04184305323966667
544,0.03775647450777707
545,0.03721135205248497
546,0.03373256107784189
547,0.036215403988128995
548,0.033448925100778376
549,0.034812775302837724
550,0.04301530603224247
551,0.032035003317327865
552,0.039422438791857584
553,0.03528329303823352
554,0.036987587326928084
555,0.034439219928944526
556,0.03706943191526341
557,0.03622760949238048
558,0.039388100761159776
559,0.037624069128305175
560,0.04157084757096772
561,0.03326107413120763
562,0.040510536085065815
563,0.03621759123375757
564,0.033923282413664865
565,0.034812771154060784
566,0.031821186942937146
567,0.03359308374060996
568,0.038511341671146275
569,0.033037501291009456
570,0.03821937975326463
571,0.03349658624645177
572,0.042999032857427406
573,0.032545072031320364
574,0.041361250730456225
575,0.03301820084887604
576,0.035590007995716294
577,0.03207715090030847
578,0.038230291851889135
579,0.032584310506350515
580,0.03577818661812194
581,0.03463877957803178
582,0.03552945504527309
583,0.03149923539832077
584,0.03366103259061472
585,0.03292030236179614
586,0.032452473478359084
587,0.032352640829445035
588,0.03183808777587242
589,0.029062440999928878
590,0.03447858311536147
591,0.03531014889820796
592,0.03015174246397476
593,0.034474907105654956
594,0.030530655965335007
595,0.03146071479718139
596,0.03152649115336556
597,0.02948320628534116
598,0.03179266423501038
599,0.030599081556165846
600,0.03698317264969209
601,0.03036743770322688
602,0.036810255971217544
603,0.031652119948750716
604,0.0367473001728618
605,0.031297965830146005
606,0.03187267276484796
607,0.03604397114702198
608,0.0317344577433116
609,0.03627800840956429
610,0.029470336396859233
611,0.03489252814321105
612,0.0340407911557154
613,0.032587629731960076
614,0.0334246926262241
615,0.038159222535695834
616,0.03854324768007404
617,0.03601341155851539
618,0.03201157438205855
619,0.03835041326928369
620,0.031217700254041296
621,0.03563487562655299
622,0.03419063721865348
623,0.03375289648093496
624,0.03332499197731628
625,0.03242518301338598
626,0.035986296200047216
627,0.03462997042441117
628,0.036237868583528794
629,0.036665058682772964
630,0.035382440594143576
631,0.04116060271363321
632,0.034391850128385824
633,0.03703588773186051
634,0.03365372848447186
635,0.040847405565589835
636,0.030898951001397536
637,0.04048879289396523
638,0.03358574737775329
639,0.03905949406693969
640,0.03926381500574466
641,0.03530931984428239
642,0.039673340037458794
643,0.03727307418632257
644,0.03313174029805375
645,0.03598937698365148
646,0.031079440385600583
647,0.03993121193832847
648,0.032102026930842166
649,0.03870875183341564
650,0.030116010211519096
651,0.038562206809249384
652,0.029666829730725812
653,0.036904672018348926
654,0.029058719858573386
655,0.03725912823391062
656,0.03907059050967567
657,0.03934356401143988
658,0.03567288859114755
659,0.029529042177220095
660,0.03139448815546391
661,0.03130294214596758
662,0.032181408325552226
663,0.03049265386120269
664,0.03313758297039207
665,0.03279967750340546
666,0.028748736896822943
667,0.029572172364335916
668,0.027612773553148406
669,0.029504739687127052
670,0.029401003645375953
671,0.030226059620787078
672,0.027358649916927096
673,0.029706839313297376
674,0.02799984961458071
675,0.03046259657000587
676,0.029350364764706184
677,0.030427404323466824
678,0.030128483233420468
679,0.03251973368254303
680,0.030367788177520585
681,0.031513258185098376
682,0.029646822214016124
683,0.036207854557689136
684,0.03199189824664963
685,0.03337143107674532
686,0.035244280195937665
687,0.033968332094706594
688,0.04420378707692739
689,0.03251257326336993
690,0.037605723682727854
691,0.03283112849031426
692,0.03316700265701351
693,0.03681549790044131
694,0.03109974243897019
695,0.0408395075393463
696,0.03132836254623383
697,0.036541992357775076
698,0.030139355162402626
699,0.034710870445461874
700,0.03079726178269943
701,0.03134851406541673
702,0.03759123665256561
703,0.029143303805632327
704,0.036017236163814574
705,0.03098441593701414
706,0.034426928473182544
707,0.0342165427509388
708,0.03389183946044771
709,0.04272885398747664
710,0.03229158678148108
711,0.03374649900056666
712,0.037746284025526315
713,0.041967547948792205
714,0.035139463960674834
715,0.03918971060858845
716,0.04147690688952322
717,0.037446817416776135
718,0.03226042798015135
719,0.04381936274101906
720,0.032793722421539155
721,0.035536355649654475
722,0.03329612302417722
723,0.03325551690844718
724,0.03295840359740946
725,0.032619867880367553
726,0.0386404101315711
727,0.035566694630801435
728,0.03708265611755864
729,0.031709457041973005
730,0.03581022545087045
731,0.0343523477950208
732,0.037360446555222276
733,0.03652041476839383
734,0.02959176530694506
735,0.033970435258298175
736,0.027578041279187244
737,0.02878795524333209
738,0.029981286268796765
739,0.03471712542549676
740,0.030280987138791522
741,0.033704396990168646
742,0.027509896460876565
743,0.03257137395512156
744,0.028064431879479514
745,0.029177651633997072
746,0.026538903080295155
747,0.030410816667353503
748,0.027376764376416462
749,0.02895060797158194
750,0.031186914134552678
751,0.029173409948316936
752,0.02728377599152326
753,0.032488971266737846
754,0.02706006681825464
755,0.03218057160957255
756,0.026801114210360275
757,0.030076262748330754
758,0.026818148684792282
759,0.028109057389711565
760,0.02747003997938873
761,0.031125420915639815
762,0.029867688517128135
763,0.03484363946859821
764,0.027810679544526096
765,0.034760923711275635
766,0.02847797603388184
767,0.03400667577828542
768,0.02742725163070977
769,0.035537562232292375
770,0.03073605971982405
771,0.03624366043115885
772,0.030548576510837477
773,0.040954791969341556
774,0.031893252354490254
775,0.03224299118600164
776,0.029610160915728777
777,0.03476402442043535
778,0.028255281907300558
779,0.0338135244991307
780,0.03429973260788854
781,0.03193717360579744
782,0.029745589665556037
783,0.031149492690215566
784,0.031095440572051318
785,0.030541950348701545
786,0.0309937338303101
787,0.030614262096619427
788,0.02973089832100775
789,0.02776322313550976
790,0.029102336329001104
791,0.03380584075953469
792,0.030500857957697143
793,0.033409909618033126
794,0.03349758147028324
795,0.03407330416783224
796,0.032704513477037636
797,0.03660670985871854
798,0.030187768870434797
799,0.03194636660808757
800,0.029924408288436562
801,0.02832865419458784
802,0.03163663875856002
803,0.027960982552530402
804,0.02997059023134492
805,0.02725665124736617
806,0.02935225516353254
807,0.02888028077947357
808,0.030921834032497087
809,0.02807730605089929
810,0.03276197250056173
811,0.029847793492661492
812,0.028516226536593307
813,0.03011308455570908
814,0.03399418431582136
815,0.031506414117870314
816,0.02956276101596584
817,0.0314172996703411
818,0.031538444424109705
819,0.0411415262095664
820,0.031199713866297593
821,0.03749531810184892
822,0.030426256852761777
823,0.032935290406647416
824,0.033735604652450374
825,0.03208101691046287
826,0.035886189479173804
827,0.03197028321162788
828,0.03721776884917309
829,0.029105950899202215
830,0.03151577847092328
831,0.0307800752085025
832,0.032429864292981524
833,0.03193369315563953
834,0.02921050933837407
835,0.03408542057705202
836,0.030780186143671086
837,0.03682886344208866
838,0.03741605726781737
839,0.036107195573858254
840,0.03424519671425198
841,0.0351875946115136
842,0.03792090720121965
843,0.03775466100501167
844,0.0363026774114128
845,0.037457934442067436
846,0.03992835620126567
847,0.03387203471996392
848,0.04226830368567146
849,0.03827268404404227
850,0.038550570097052025
851,0.036805081696939745
852,0.03537020162814632
853,0.03226212428778432
854,0.03534776918822744
855,0.035052118745594725
856,0.03635181415543092
857,0.03318847465311553
858,0.03185997826015903
859,0.02900635647240639
860,0.029172490117142142
861,0.030273428449116808
862,0.03082863993459493
863,0.02942729926110973
864,0.03353782765265256
865,0.02845675064081032
866,0.0315600529873367
867,0.029765429817767638
868,0.03188138132915418
869,0.028152400526630105
870,0.03381965949809648
871,0.029589404456978673
872,0.03479088966463446
873,0.02739971785888336
874,0.034141986449454036
875,0.030232991124562562
876,0.030297256979612677
877,0.029911503410452803
878,0.031112739107564277
879,0.035907099026635726
880,0.03153730614960538
881,0.0376731949845989
882,0.029890304236660836
883,0.03660232603302959
884,0.03306448629427365
885,0.03705509087995969
886,0.029435182367284648
887,0.03416815231561378
888,0.035482621207338284
889,0.03408043699989665
890,0.03202667485312009
891,0.036531239310542855
892,0.028832167676165504
893,0.032784264477078044
894,0.03053806061141293
895,0.031361689274575034
896,0.03447163787953817
897,0.03142301557842563
898,0.038573714332103846
899,0.030786772419101625
900,0.032384830448221796
901,0.029462168681336373
902,0.027325947656855407
903,0.028896961165278453
904,0.02727437562513029
905,0.02891115195923495
906,0.02771977025638172
907,0.028029226365314342
908,0.028090813746728848
909,0.03144880430584992
910,0.027096793765871114
911,0.03121353789711652
912,0.02830029818330437
913,0.03283209260173576
914,0.027059307712173335
915,0.03253663777434789
916,0.02851521309370588
917,0.032704284380741626
918,0.03240291797168579
919,0.02932545002438372
920,0.030564225386162686
921,0.032713961292604
922,0.03867282445733866
923,0.027959392707021573
924,0.03680416145815707
925,0.029647026395724526
926,0.033605119010439805
927,0.03394786879672484
928,0.0316684390019061
929,0.034365934043026534
930,0.028468917784543277
931,0.033545171239685825
932,0.030576108722200308
933,0.03802269093933897
934,0.031664762348074735
935,0.03617674168599218
936,0.0316523593756015
937,0.03633058725380432
938,0.03304785050532209
939,0.0357670678885478
940,0.043430826400520164
941,0.03833567310746744
942,0.03468361924858393
943,0.03736132809232425
944,0.03066943776882256
945,0.03557157692484458
946,0.031845899862377465
947,0.03887748568460943
948,0.030534634241752998
949,0.03997202145228409
950,0.04076643828410607
951,0.037627855589085824
952,0.0383692836241912
953,0.040773137231091654
954,0.04528570906470463
955,0.03904649676507324
956,0.04200547260180093
957,0.04389920114012457
958,0.03973072175215492
959,0.03485512610063222
960,0.03833332593910752
961,0.043931041829672605
962,0.03389983120453407
963,0.03448581268571051
964,0.04402875932279636
965,0.031230840029346302
966,0.03669615053230829
967,0.031282257803934746
968,0.031569900893146915
969,0.028842217562232167
970,0.032023082617555564
971,0.02688012949421985
972,0.03422562781714432
973,0.028018773271846965
974,0.03272834287494391
975,0.029245674816324414
976,0.030970819210671824
977,0.03476611841262565
978,0.03171882885675576
979,0.0323648007469217
980,0.032865424948964
981,0.032642106506579595
982,0.033628792625176096
983,0.031817749346190284
984,0.03387073013852667
985,0.029882759274703772
986,0.034907260298234564
987,0.029746788500023342
988,0.03863748535904525
989,0.028108124386167936
990,0.0380361657390351
991,0.029057457795164613
992,0.035609891902768004
993,0.0300385695234022
994,0.03168993106446032
995,0.029961126488162806
996,0.03140450518114874
997,0.03540740752456758
998,0.030614426480036327
999,0.03623557659783749
1000,0.029648770716583835
1001,0.03630065310573544
1002,0.02857356655157048
1003,0.03541082750462351
1004,0.02835116821653536
1005,0.03384307961625346
1006,0.02909910348750499
1007,0.0340786419579384
1008,0.03064465768253126
1009,0.030661097624892716
1010,0.03457687538904007
1011,0.02801523377880479
1012,0.03425990759533999
1013,0.03302706934974533
1014,0.0370953627701187
1015,0.03410277505625454
1016,0.040075039846415667
1017,0.03790793472744531
1018,0.047043847463444234
1019,0.036482249233246784
1020,0.04792808452180246
1021,0.034851992341415526
1022,0.048812043826658116
1023,0.03618491953103927
1024,0.041310540668453063
1025,0.03281296080017109
1026,0.03865559280047265
1027,0.032329211605678594
1028,0.03181351825409962
1029,0.03704040430876183
1030,0.03370416133176289
1031,0.03304494515547249
1032,0.03897898243311336
1033,0.03041469740838793
1034,0.035668579349792805
1035,0.03451826314104859
1036,0.028052496446920917
1037,0.03561340761963074
1038,0.02848767753348809
1039,0.036731430259698744
1040,0.02982230458846475
1041,0.03458937557514901
1042,0.029991756818733246
1043,0.03704471978424335
1044,0.032932836104622776
1045,0.03672974193629097
1046,0.040077541981825615
1047,0.03870747995032228
1048,0.03388577313905719
1049,0.03932086577798631
1050,0.03333091793730463
1051,0.03680837446229455
1052,0.033675797724851034
1053,0.02842534866869229
1054,0.038706460387264406
1055,0.031191001908508927
1056,0.034282015748794546
1057,0.031541108576263285
1058,0.033996108890938036
1059,0.029362425929259937
1060,0.0323729162779934
1061,0.029629669511981958
1062,0.032822816814879814
1063,0.03317627681109031
1064,0.028202644228787915
1065,0.032916432118385325
1066,0.030885932767830197
1067,0.03430307858300831
1068,0.03344065928120009
1069,0.030386765570092268
1070,0.03550208192921007
1071,0.03369985060620947
1072,0.038725223381984676
1073,0.0370893856755828
1074,0.03721829974892059
1075,0.04324317780554875
1076,0.03243780673488657
1077,0.033399573953592165
1078,0.03500853501020121
1079,0.036216020220819156
1080,0.04150926835126
1081,0.03776599623204207
1082,0.041278170447257866
1083,0.03431145386340114
1084,0.04105163868207278
1085,0.032225838840860735
1086,0.04011170424708999
1087,0.03370067373544872
1088,0.03399779043992813
1089,0.036001571868662256
1090,0.03790483940138109
1091,0.03125271500796192
1092,0.03441903151277307
1093,0.03363440537051724
1094,0.035284351713436496
1095,0.03537120495005339
1096,0.034300938727976314
1097,0.03341232997726903
1098,0.03273203775604506
1099,0.0322156716196782
1100,0.03253865660262982
1101,0.037450996688024984
1102,0.029361601009917155
1103,0.03205252264670451
1104,0.03509400088419579
1105,0.03640046001375578
1106,0.03749402521767538
1107,0.03058253910288251
1108,0.035291362877331006
1109,0.02780000278561124
1110,0.03519504680927937
1111,0.03673120258941452
1112,0.03373017067531508
1113,0.032863856300921486
1114,0.03404119374012045
1115,0.035800172976559366
1116,0.03880589177253949
1117,0.03566956813316751
1118,0.03905378112815475
1119,0.03639825387609846
1120,0.03843652179545665
1121,0.041444254086068645
1122,0.03695268966036516
1123,0.04722313692182144
1124,0.03162822632621656
1125,0.04698589789393742
1126,0.034131477466501324
1127,0.036655744668426235
1128,0.029800045564211022
1129,0.037578490457696616
1130,0.02959430186483076
1131,0.03318696399332425
1132,0.02884983618593665
1133,0.025746677108811834
1134,0.02682958675866564
1135,0.030532926075829466
1136,0.03198448053836699
1137,0.027924206539529747
1138,0.028535045602043688
1139,0.032856466349476844
1140,0.03371763005136852
1141,0.030990769957332496
1142,0.028718696069034443
1143,0.030131087019386608
1144,0.029056817371515352
1145,0.026502761744377993
1146,0.02660707940743367
1147,0.026844463196636956
1148,0.028555034220937494
1149,0.02775922616041116
1150,0.03034822394557973
1151,0.029957865433240288
1152,0.03161546871213053
1153,0.036755507215768306
1154,0.03250929269969476
1155,0.03256141027981951
1156,0.028001846352869758
1157,0.035435295765296304
1158,0.035349758789739005
1159,0.032783133050831255
1160,0.041802689984467116
1161,0.03181503444827858
1162,0.03552365687575794
1163,0.02966360116729901
1164,0.03560513124792902
1165,0.04146162511591685
1166,0.02850971264688536
1167,0.035090437745301586
1168,0.026854809715997685
1169,0.03281240878001954
1170,0.029821566007238176
1171,0.0339371054561129
1172,0.02946887769731362
1173,0.029600304484944502
1174,0.029234161238853407
1175,0.03227321939255668
1176,0.031411867289422024
1177,0.025988483549099606
1178,0.02813207303376805
1179,0.036675244175136935
1180,0.026364734595495525
1181,0.03523669517351513
1182,0.027997480220067247
1183,0.03208005138670763
1184,0.030102375004901934
1185,0.030257204390073913
1186,0.028473685002512523
1187,0.027575805442829348
1188,0.029020345472955067
1189,0.02656561365868416
1190,0.024811133231863645
1191,0.02848342587147673
1192,0.028492450072073433
1193,0.037438080400589026
1194,0.02836440944722493
1195,0.03654015445056231
1196,0.029239261140810095
1197,0.0336856944837677
1198,0.030713761852528422
1199,0.03288504998742364
1200,0.030507196234710203
1201,0.03306616212398028
1202,0.027731373969271687
1203,0.03321026832980376
1204,0.028210963701215792
1205,0.03830963470198558
1206,0.03903069374834386
1207,0.0402508754540636
1208,0.03425665731774276
1209,0.03322420561588725
1210,0.03934977625921931
1211,0.03620800201821134
1212,0.039172960360053334
1213,0.028609769036103835
1214,0.03891514551907522
1215,0.028387935491460917
1216,0.03365367102207734
1217,0.026917448039676044
1218,0.03190394754390012
1219,0.02867812775040205
1220,0.03184251111106438
1221,0.031248065475573406
1222,0.035714090519271935
1223,0.027490882657211557
1224,0.03919506362768656
1225,0.029711330368123203
1226,0.036555680475841554
1227,0.030519268952446155
1228,0.04118553714501506
1229,0.03388364118892331
1230,0.039563448671651
1231,0.036577247618221245
1232,0.03442063144339703
1233,0.030326461999596432
1234,0.034433621509542364
1235,0.027662119538234067
1236,0.03193553774171388
1237,0.03973036628510277
1238,0.028054736138022007
1239,0.03480011689491042
1240,0.02678943124013059
1241,0.03886589937349296
1242,0.028449443082231893
1243,0.03399221402404564
1244,0.03918946233091823
1245,0.03337147965499197
1246,0.040277391049541825
1247,0.04213063865698451
1248,0.04043608580783655
1249,0.03726444350592683
1250,0.033238014680463376
1251,0.038442335079389184
1252,0.035112033279760826
1253,0.0349083390564512
1254,0.03540992504112747
1255,0.03616126925999666
1256,0.03942370089700068
1257,0.037677460298525
1258,0.04081596307786613
1259,0.03746794390615165
1260,0.034743310221787845
1261,0.035522573745866315
1262,0.03341422188161483
1263,0.03380441061665685
1264,0.03296575310304897
1265,0.03315662950917988
1266,0.02744253355901492
1267,0.03388118008429058
1268,0.02637489770606353
1269,0.035727636385809884
1270,0.02564704373243843
1271,0.03515869244603877
1272,0.02921295608738163
1273,0.02893852775032491
1274,0.030143498997186668
1275,0.02801324637004582
1276,0.030509169586128076
1277,0.032582324420783695
1278,0.03442741531030151
1279,0.03293691157021299
1280,0.031662813797465675
1281,0.03462609801322594
1282,0.03303253684425862
1283,0.0315955990299003
1284,0.032972668920278135
1285,0.02601533836550218
1286,0.028652463332378
1287,0.029637540161628
1288,0.025701592631109327
1289,0.026165452759950688
1290,0.02745769187939021
1291,0.030022047090198185
1292,0.027738883806057896
1293,0.029929331077307195
1294,0.029807969989734538
1295,0.028604082721455728
1296,0.02898558023599046
1297,0.027260415628899377
1298,0.031992932547614886
1299,0.028238042290752077
1300,0.026743758950842716
1301,0.028644830860994227
1302,0.030646321084483667
1303,0.030236631514140903
1304,0.028549312901351237
1305,0.02971843004155652
1306,0.033989208920679595
1307,0.033235663075620175
1308,0.035876072685510074
1309,0.032821246057389473
1310,0.0421441907208265
1311,0.031638892467826
1312,0.03818593297482281
1313,0.03317996144744426
1314,0.034358968647035956
1315,0.03704785661443454
1316,0.03140114765355112
1317,0.03126597655314823
1318,0.02706512062526696
1319,0.034243049441235074
1320,0.03017410533786115
1321,0.037586730762069066
1322,0.028730668921605935
1323,0.04207900987771939
1324,0.028818087535874542
1325,0.041098339401365105
1326,0.03251586052900127
1327,0.03797464926536897
1328,0.031847776296331225
1329,0.037073485429701486
1330,0.030894293978806952
1331,0.031773772641897825
1332,0.028631365157050316
1333,0.033951711877824337
1334,0.027711417035333148
1335,0.03029317615212632
1336,0.03432083450896233
1337,0.028678574156451277
1338,0.03296287348656019
1339,0.026860467934391955
1340,0.0362618919429987
1341,0.027504170961468274
1342,0.03083367169060929
1343,0.030235332057639185
1344,0.026251330662489126
1345,0.02684849788588533
1346,0.030606907311390763
1347,0.031050782880375324
1348,0.0305469789120559
1349,0.02944248755409426
1350,0.029423044481530998
1351,0.03277103015552944
1352,0.02569481808190505
1353,0.03059760031559928
1354,0.026884566023964645
1355,0.03333105800423352
1356,0.029334829995286235
1357,0.030508128265024435
1358,0.025940590247262606
1359,0.034078940296201024
1360,0.03078354389354847
1361,0.030400701741074
1362,0.027387849338723173
1363,0.031145093841919828
1364,0.02877929256694079
1365,0.0292239242381527
1366,0.02695208542882638
1367,0.03456942120997245
1368,0.027500964981438916
1369,0.03035425749042124
1370,0.036201572932755104
1371,0.027783314023144795
1372,0.029118434499816465
1373,0.030583307566771998
1374,0.02714628769427155
1375,0.030537743626996905
1376,0.038819550126150966
1377,0.030833943010195496
1378,0.029883937947663277
1379,0.029721465404183283
1380,0.031922642429551444
1381,0.036479719916139366
1382,0.03242116631323284
1383,0.03431890613743143
1384,0.02725406300857204
1385,0.035577660971269166
1386,0.025942674352345072
1387,0.033608146705307596
1388,0.031519036284564705
1389,0.030952138119816452
1390,0.030410948348479565
1391,0.03411390460287664
1392,0.028994136618988732
1393,0.029659420790592167
1394,0.028828939492362156
1395,0.030528280644109087
1396,0.035558566457610165
1397,0.032908689329503873
1398,0.03881173657283329
1399,0.03374162750785515
1400,0.03942186682858084
1401,0.03016150362314751
1402,0.03895878647757519
1403,0.030742270344102242
1404,0.034946435849755264
1405,0.028460311644956687
1406,0.035745316076447764
1407,0.030530018722277116
1408,0.0370751589817958
1409,0.033543024342562754
1410,0.04085521762235481
1411,0.03819330463226614
1412,0.03001596944910491
1413,0.03693535892027182
1414,0.031249082772499007
1415,0.032541347173774465
1416,0.03311365407495655
1417,0.03242780090432517
1418,0.03916633737364865
1419,0.03406234358828407
1420,0.032724140096679045
1421,0.03843282554592407
1422,0.038177564843924434
1423,0.03027067974439286
1424,0.032867447256342816
1425,0.03232707592574412
1426,0.03117504226700415
1427,0.03070038302768121
1428,0.034537891182306046
1429,0.029431612650715915
1430,0.03057405586814407
1431,0.02901168783246842
1432,0.0283755688876352
1433,0.028674189200633783
1434,0.02928935716386529
1435,0.027815728324681176
1436,0.027578816424488856
1437,0.02901427316463405
1438,0.028302856551210186
1439,0.029246289439584166
1440,0.03537771752540077
1441,0.026793844040411734
1442,0.03388118509432889
1443,0.028300897065232096
1444,0.03226239965090939
1445,0.03222682174730588
1446,0.03586138720787047
1447,0.03321167750416871
1448,0.034331098874088105
1449,0.030291548089786846
1450,0.036610645201576954
1451,0.027723140765862103
1452,0.034098483150563484
1453,0.03042581610964091
1454,0.032233428965919346
1455,0.03564850511694803
1456,0.04090089450192045
1457,0.03174558786089198
1458,0.03871153588057035
1459,0.03260087862867587
1460,0.035677614833692924
1461,0.03473767350082003
1462,0.0357511275356788
1463,0.03367486845265219
1464,0.030756101173761395
1465,0.03826359871455087
1466,0.03283674980963275
1467,0.043660340542428164
1468,0.02880943399904267
1469,0.037629594037391634
1470,0.03571061763447491
1471,0.03472326768898398
1472,0.03347542249196709
1473,0.0423132615813966
1474,0.031915728644235135
1475,0.041041297160305135
1476,0.0361498291934544
1477,0.03179372996152813
1478,0.03220484630135619
1479,0.02677029158122637
1480,0.03036116200761991
1481,0.03409567539163473
1482,0.03911887763779344
1483,0.027960534551182813
1484,0.032588519497409985
1485,0.028386043582809065
1486,0.03795183902345179
1487,0.02656950293133158
1488,0.035871832957393095
1489,0.027317142026960624
1490,0.03456865444692545
1491,0.029653776054752144
1492,0.035466445826225504
1493,0.03211860107671706
1494,0.028533385851580776
1495,0.028906222009152417
1496,0.03389767709595989
1497,0.031785506268841746
1498,0.03533562720950997
1499,0.02601148549182509
0,0.06944352735951718
1,0.046203021247873684
2,0.042108117963464024
3,0.05249709273522542
4,0.04853192104785828
5,0.06923396931159347
6,0.07982891064866217
7,0.04190913615931021
8,0.04991718704629366
9,0.15237703534623598
10,0.07506560767031017
11,0.13617746290455568
12,0.03628878795688767
13,0.09703243777166136
14,0.11390971496754039
15,0.04805233208325707
16,0.05630345892240471
17,0.12586038770252198
18,0.06281820605651796
19,0.05890387978938524
20,0.04864452946313647
21,0.042144525215537056
22,0.11964385566497562
23,0.08222637800464505
24,0.07421418850870153
25,0.06992429703414807
26,0.04927208088663096
27,0.08307886475529122
28,0.05381190593387371
29,0.050412157116052785
30,0.04387055835938057
31,0.06981626105567935
32,0.04523880521099244
33,0.10568946253239289
34,0.060967748462154046
35,0.036852800907356
36,0.07821154115707
37,0.0529021925084853
38,0.04118449141549838
39,0.06601887285960752
40,0.05164735271557993
41,0.07754311396010255
42,0.08227827160047772
43,0.04592762966514772
44,0.042893026300558176
45,0.09063496350256223
46,0.052926638585777175
47,0.0936075110446859
48,0.11506904773146234
49,0.07876657764057754
50,0.10235859186513564
51,0.04219269998321425
52,0.07307835321802131
53,0.0563867889446864
54,0.07378101596926694
55,0.09372448737082414
56,0.040378405455366195
57,0.06394540315416193
58,0.08702065633731003
59,0.049942270930231576
60,0.04846576516402675
61,0.06848659619830974
62,0.04071072912667132
63,0.06552484409401599
64,0.08877809191310149
65,0.04846948862409669
66,0.09129290563276497
67,0.07277706013059478
68,0.06695523415674604
69,0.0484859453877911
70,0.08276679577307425
71,0.10434691739679611
72,0.05562095527628959
73,0.1167758841973779
74,0.05866736890617331
75,0.07099286661557777
76,0.093533456060133
77,0.05258147070781629
78,0.07340183640611554
79,0.04464975409966861
80,0.044130449926929514
81,0.1359784401797573
82,0.040094629250540414
83,0.07794405333756046
84,0.06622278968795842
85,0.05463921264280025
86,0.04329420249335559
87,0.08728309511039817
88,0.08012779245105149
89,0.06920109142515567
90,0.057160272968913815
91,0.05113101074958451
92,0.09740575374668271
93,0.11215653596816007
94,0.05169866730085502
95,0.06188778638358594
96,0.04891673135197755
97,0.04753172526397042
98,0.08998763652398907
99,0.05433945228504174
100,0.05899150808435943
101,0.04127412657633934
102,0.05573920427542513
103,0.046940598937348546
104,0.10015613109922114
105,0.05104927478403505
106,0.06388983571471321
107,0.0699962718623349
108,0.07142199023056556
109,0.063384205843909
110,0.07050549507160157
111,0.1261650768544117
112,0.05076237854691113
113,0.04573614675387008
114,0.05658191396154949
115,0.06544556171289258
116,0.05546883284319212
117,0.058254514480343564
118,0.043438009248671576
119,0.04714906757826736
120,0.06227138240795116
121,0.055645027266944064
122,0.06438842296505097
123,0.0457418605230736
124,0.07045278069512978
125,0.04286564664645858
126,0.05855577107303867
127,0.13309782393186798
128,0.046872609263776364
129,0.08274804727841129
130,0.07008622509121355
131,0.0470013694436951
132,0.09474596021424998
133,0.05476910618845249
134,0.07360260195998647
135,0.07660123308556983
136,0.05967068749602818
137,0.11301711103439886
138,0.11519535182002541
139,0.10573298835895546
140,0.1164249597283168
141,0.051947692626923586
142,0.14274574174707522
143,0.10140937534864682
144,0.05917410978744333
145,0.049492367488556684
146,0.10322438938671703
147,0.04277144760313285
148,0.08507319073991035
149,0.049299221285646316
150,0.06316847386565996
151,0.07744111405563021
152,0.05296610553134633
153,0.08258392384573533
154,0.06929743121075507
155,0.08249787259607982
156,0.0735305295051062
157,0.062306393902212355
158,0.04651192901514891
159,0.07152149741842792
160,0.04291593994547075
161,0.0853652568006121
162,0.04974230480324116
163,0.07020926227011842
164,0.04101715886073028
165,0.06219673716540374
166,0.05319181245163153
167,0.07368975885328809
168,0.08100229332791706
169,0.11468180079145515
170,0.09593618212355684
171,0.0760066598450874
172,0.0721614391927795
173,0.09983205731529088
174,0.043327517351792744
175,0.06797480251599683
176,0.0649157324759696
177,0.0863921457957674
178,0.07251706454519247
179,0.05002945918467431
180,0.04672138792595014
181,0.0694843762205186
182,0.06353823163883543
183,0.0580877032192438
184,0.05131004187009101
185,0.04674629943287731
186,0.09915448273996016
187,0.07379931998428835
188,0.0691101817813415
189,0.10492088676576429
190,0.06922477085901059
191,0.09260300999765565
192,0.09422476448974879
193,0.144361707921897
194,0.059381023936575766
195,0.051837291954310694
196,0.05861413615117135
197,0.06672430839276149
198,0.06349686763675828
199,0.049558454458461805
200,0.08880040936908552
201,0.0628893106164776
202,0.07516708897744938
203,0.0852876063955202
204,0.06140752428407072
205,0.14043401103935352
206,0.057318092423148344
207,0.07361428649042608
208,0.06248563967395499
209,0.05453154156121504
210,0.09525082791509056
211,0.06593153290544768
212,0.0786296890135121
213,0.06314112710103831
214,0.04678104108013093
215,0.08011874396764858
216,0.09409887533887289
217,0.08484858349429676
218,0.046981163477920564
219,0.12285867325515007
220,0.061400066903607976
221,0.058736456332384716
222,0.1017681194573895
223,0.04668563866979025
224,0.056139150925376954
225,0.10242087959328255
226,0.09593655983104772
227,0.038868963826774613
228,0.10866446789650867
229,0.05133487700794626
230,0.07096294766142014
231,0.08169989064872019
232,0.03809186289698942
233,0.06946384229131243
234,0.0919909224462404
235,0.11350418820940167
236,0.07489096605165492
237,0.061212308282102286
238,0.07938955694536612
239,0.08134831557132038
240,0.11027127102659696
241,0.04590931496012576
242,0.1264901770735125
243,0.07578099919709945
244,0.10827574945875547
245,0.0670237581392061
246,0.04778962959621249
247,0.13766584945913024
248,0.07651556794255565
249,0.046785451767817995
250,0.0653872702555084
251,0.13427167624714184
252,0.05579696015641494
253,0.05520630579760231
254,0.12919626327586367
255,0.048176645027622915
256,0.10730288988423121
257,0.09813434254448634
258,0.08411812469197105
259,0.07539551550338218
260,0.06495930325927506
261,0.08597429868184119
262,0.11289324140992363
263,0.06422722356283844
264,0.12434223796553796
265,0.040673132317040374
266,0.04610917323213297
267,0.14404213477368047
268,0.06207485537226695
269,0.11990127055083676
270,0.06913397144708033
271,0.06278888406206647
272,0.08728810990159067
273,0.09860368035276329
274,0.07432263554990556
275,0.1579658768180967
276,0.07227140783867847
277,0.06975192560965943
278,0.08947248994161909
279,0.050788146933456436
280,0.030704719180297605
281,0.1157702462444533
282,0.03171906737108142
283,0.0805499234910188
284,0.06335426011224247
285,0.0317750045161032
286,0.07330426346020621
287,0.05020616219191684
288,0.061223532441516716
289,0.04726431303138729
290,0.06057887571303853
291,0.05413727187500341
292,0.047109877961204
293,0.035359409838473355
294,0.09470796680970923
295,0.06733646546193384
296,0.053396981672909884
297,0.059900169584499556
298,0.03701170048659662
299,0.08452124662876072
300,0.05035993496486889
301,0.02928000894737425
302,0.09153895698690938
303,0.04663609999550362
304,0.05308051876083149
305,0.0836575212848001
306,0.05731704034005883
307,0.08300424729820603
308,0.041024074975949704
309,0.044636810470591544
310,0.07701258709079638
311,0.032718208126811706
312,0.05067791928096871
313,0.07904138061448882
314,0.08086505254531237
315,0.05708815919054388
316,0.05735925354927126
317,0.05936690804224954
318,0.15849293692208952
319,0.09725709529505723
320,0.04745443722000058
321,0.04333944303840741
322,0.08158496156380997
323,0.08825940644576145
324,0.028400034858028993
325,0.08002035617671936
326,0.07833465186982065
327,0.07023666368796933
328,0.036254192571574057
329,0.05852383634204883
330,0.05770450795942387
331,0.06810768171092156
332,0.06726051207229913
333,0.06981242234781418
334,0.07213255403430643
335,0.11367114512515764
336,0.047418044959591954
337,0.05550308957456227
338,0.12806718639557355
339,0.08550686247474355
340,0.033814856220667516
341,0.09587202503960852
342,0.04417151881459363
343,0.09693675138913702
344,0.04926943247000772
345,0.027840009329035725
346,0.08975752018934592
347,0.03309533811199606
348,0.09423356295339883
349,0.04931786230576703
350,0.038720302326780504
351,0.05197430486149808
352,0.04180338518177316
353,0.08100510465443116
354,0.05421703834335637
355,0.06293425337177846
356,0.058035855617085075
357,0.03927807969510575
358,0.13842485310649244
359,0.03484841481860321
360,0.051254233890934336
361,0.06593866842311011
362,0.027302307097818078
363,0.09317806072574643
364,0.04587438210337175
365,0.033396618516343304
366,0.08978624232059175
367,0.05898943958126513
368,0.04521085046182711
369,0.08538883129599882
370,0.03422536854663331
371,0.05194737598463878
372,0.0738676663230283
373,0.031642828506968104
374,0.032514547942435
375,0.13758327897045847
376,0.047896267447824215
377,0.04320099913997825
378,0.108517297031901
379,0.05247573195432249
380,0.045658630774686994
381,0.035303965070212856
382,0.06052365910645843
383,0.0549250078004688
384,0.06967920113201412
385,0.03161228206286206
386,0.04322716310725794
387,0.07666156902332746
388,0.04228182746637502
389,0.03751063035725811
390,0.04299801052165873
391,0.09838260878022541
392,0.056077666643195696
393,0.07655804725980399
394,0.06816527502566021
395,0.05778249202485314
396,0.06695544323955202
397,0.028563141021524005
398,0.1262279866512863
399,0.04474910116129028
400,0.026176443031297236
401,0.0723026505722198
402,0.031112978140521788
403,0.06825341524161244
404,0.11695619155689388
405,0.044470980511370745
406,0.06286348540957981
407,0.07738943958090688
408,0.14022407368546963
409,0.08996848814540649
410,0.07419903825577737
411,0.06094630391934022
412,0.05375715062593217
413,0.06340385100840644
414,0.09992213354424587
415,0.09886637930495784
416,0.045925047848069854
417,0.11835720486841922
418,0.04148067125538489
419,0.05302278420001769
420,0.11913811700225167
421,0.03842497191255897
422,0.04265101293250788
423,0.10205341958151208
424,0.03389236002261234
425,0.13438490405619838
426,0.03788160878748765
427,0.02334350451928951
428,0.15567724412236772
429,0.030706698405215276
430,0.07917126904233149
431,0.028488570909955695
432,0.07127083207332327
433,0.049656100783940234
434,0.030996426842081246
435,0.04696975704375866
436,0.031707958148209536
437,0.07323520079839792
438,0.09634354723748866
439,0.10453875758883321
440,0.08215164786626325
441,0.06829966119414675
442,0.07947563433666435
443,0.10017773487144696
444,0.1808845316455554
445,0.056872236238418576
446,0.03578679178864225
447,0.04652157171071119
448,0.08104448393342303
449,0.02668281365126645
450,0.06325558334095055
451,0.09255495342007113
452,0.05301374788524638
453,0.0426377603276702
454,0.1106019844353921
455,0.11004892220787904
456,0.031361985260476004
457,0.1505032740353642
458,0.08117919044465013
459,0.06966930538830311
460,0.08149564206473196
461,0.027650568911680183
462,0.037884153841841364
463,0.1007670345287148
464,0.026744269986894546
465,0.02801578996605155
466,0.10589364282715696
467,0.02904649503871432
468,0.04445036130572566
469,0.06940149266690414
470,0.034721969553365005
471,0.08759294926393714
472,0.03238498685741657
473,0.045003846267651894
474,0.05447304155732803
475,0.02880854752539245
476,0.15204342320024447
477,0.02281898149701742
478,0.1341300848579153
479,0.110716552211321
480,0.046608560611492336
481,0.09729815262957726
482,0.029927444740559916
483,0.08238490258678355
484,0.09147483811750472
485,0.03789259276744241
486,0.037777895978447086
487,0.08145893423094679
488,0.049149152784098475
489,0.055230346585304485
490,0.0664443767147058
491,0.026369353870218458
492,0.13781702013674674
493,0.022047104004659934
494,0.0506505935570716
495,0.04386121182856
496,0.0314992822624924
497,0.11036511488126238
498,0.02215769975433865
499,0.039868636317772675
500,0.06335772830984424
501,0.023358686058434344
502,0.024377781113636244
503,0.0838155662034511
504,0.05384163318800896
505,0.047906557822808365
506,0.10401822714259906
507,0.10081294008202653
508,0.11198794467452074
509,0.08398761628659177
510,0.04318799677362535
511,0.13848574078629705
512,0.0838406042842259
513,0.025510190100042532
514,0.22839600389297549
515,0.02587334409431191
516,0.026554464085239083
517,0.1052316270765044
518,0.027740601141692012
519,0.07153554006074572
520,0.0590580402889664
521,0.04533839200188548
522,0.0701846770569837
523,0.0307041513553968
524,0.05653466229673438
525,0.0941338492246858
526,0.021955782896979328
527,0.03358774935941941
528,0.09846413647055913
529,0.08314345105569519
530,0.0577192801012898
531,0.11786621904230156
532,0.055382469333347534
533,0.0706834689758209
534,0.09457246323577462
535,0.051141588695521524
536,0.11819617759785135
537,0.037198752755135595
538,0.051170686897908844
539,0.09631513231457105
540,0.024694202115166212
541,0.055022753425336544
542,0.048920130534152124
543,0.07635296860050801
544,0.06017611031607182
545,0.028212825069671044
546,0.040951270654920824
547,0.033550388950204714
548,0.03460126947866753
549,0.04399238898352838
550,0.09185258699072955
551,0.046898882729302246
552,0.06657368042698794
553,0.10414634461649862
554,0.042530333403866236
555,0.047801541740996274
556,0.05777127687388795
557,0.0638914531965318
558,0.04026485421570366
559,0.08413821937643144
560,0.06492504110531515
561,0.053499323573879314
562,0.04486553357885182
563,0.06976192445501134
564,0.03484828451837266
565,0.03748410287966704
566,0.06004007326516453
567,0.04349171467269336
568,0.0779024620570033
569,0.03582408643081511
570,0.04337270295684928
571,0.1497598403150049
572,0.09033675353328406
573,0.04046221994680575
574,0.0948510875882265
575,0.019696557610331577
576,0.025828545329802586
577,0.08488020619631709
578,0.039660397593027225
579,0.04149505703468074
580,0.0488290783819235
581,0.1843783462017026
582,0.08034509559074099
583,0.026150233317042342
584,0.14637413024453869
585,0.029528596502217407
586,0.032797126097308664
587,0.08393850195320524
588,0.03888002827099049
589,0.11090120796614258
590,0.08534969628913638
591,0.033009825928033795
592,0.05919031239385168
593,0.054366436418712895
594,0.02627504414694005
595,0.0507539723918355
596,0.03679652477488419
597,0.028105246691176033
598,0.054162048376838016
599,0.03474570708473666
600,0.03256532313976104
601,0.048822276059446404
602,0.04278779908693189
603,0.1547865806782542
604,0.057170168768244524
605,0.06514294313179268
606,0.06316384332499539
607,0.06909934788587385
608,0.03578518419275688
609,0.07081356883284343
610,0.016494782311192786
611,0.054485186179463505
612,0.06453748475275985
613,0.03672265535630387
614,0.12648305492449802
615,0.02807029413257664
616,0.057284897762270894
617,0.020878261156380994
618,0.04065791115035268
619,0.0737401475218961
620,0.10489801619039017
621,0.025922294817579315
622,0.037036497488563296
623,0.14807821729709528
624,0.02545842015221747
625,0.03185028432859168
626,0.15801890465378582
627,0.01917013001035821
628,0.14424101139174178
629,0.03227026546718207
630,0.07110726471968731
631,0.12734054037639161
632,0.0264551266148434
633,0.0717286025726086
634,0.052390385828315414
635,0.045400319252513276
636,0.052894550454955086
637,0.04277264314395444
638,0.04505345730169161
639,0.0552040192788795
640,0.0962823613890327
641,0.05115746216354345
642,0.1076931751160612
643,0.024957321792300636
644,0.02700477714830113
645,0.059228708172864845
646,0.026747886586281442
647,0.12605456614403143
648,0.03495125768474136
649,0.06341112186421802
650,0.04112848255167901
651,0.05012259469561044
652,0.052057278872288816
653,0.05499457706634596
654,0.01948367275957687
655,0.17873976644894612
656,0.047076305688595374
657,0.14140148235092795
658,0.07329354452833656
659,0.04524486464236858
660,0.06595624163204172
661,0.040041672004163524
662,0.07981435352822396
663,0.02411491385663881
664,0.11590564977611284
665,0.04308062314140857
666,0.02194686225678529
667,0.1101783079859194
668,0.03154582172777818
669,0.07091122151430457
670,0.03766869415096578
671,0.033027240670423126
672,0.09574245264975156
673,0.041175109819570455
674,0.07376062240840854
675,0.054499491392215056
676,0.1043232009202034
677,0.033644281315264445
678,0.0885497181280115
679,0.10801721277425781
680,0.11206633169022634
681,0.05491085622729167
682,0.06538441947289932
683,0.12428534335484479
684,0.17050905445660824
685,0.0897285092186979
686,0.11338625131587837
687,0.0762754909782781
688,0.0875088196748437
689,0.04293608044979276
690,0.07685171601613115
691,0.021046130090455663
692,0.056508002387248735
693,0.060760170911605973
694,0.13929450465778975
695,0.0947131830139197
696,0.06049064286675352
697,0.07271524647309391
698,0.023685520385166456
699,0.04757678043955612
700,0.01966258344644124
701,0.10139406674981839
702,0.03291124256180656
703,0.05586697167887622
704,0.17986220777860745
705,0.026040872560849835
706,0.1331340557604669
707,0.12504282852430496
708,0.07696436404642518
709,0.09019940964792343
710,0.036108863793093075
711,0.03325711208246271
712,0.2174372128824104
713,0.07565723288753524
714,0.05156704897829957
715,0.09667886444140426
716,0.10690133691018115
717,0.07293310187891389
718,0.027621001377956863
719,0.18787815620299078
720,0.029377340826414716
721,0.027316902925095577
722,0.061756193027362155
723,0.0483644264218584
724,0.04038090225097858
725,0.02670127830059531
726,0.08206939145753694
727,0.04848608508070527
728,0.028510652299792962
729,0.027000112229112035
730,0.0525041948655405
731,0.05102328497337045
732,0.03307989003537611
733,0.02525318670750471
734,0.03645352095669708
735,0.05793420020592657
736,0.03910049230659727
737,0.05492385720640852
738,0.023140099114202554
739,0.05879596206439071
740,0.05297336914680414
741,0.020380696043194185
742,0.14861619594805492
743,0.058577527671184466
744,0.024438484503467098
745,0.06999966635703472
746,0.04563330501522308
747,0.07218567812349751
748,0.2039203404841451
749,0.02383011658477116
750,0.04554996976123511
751,0.035257403110311246
752,0.056961921018757335
753,0.10958652086245146
754,0.0390214308201487
755,0.06529530156244644
756,0.05135716728257478
757,0.03382482353112823
758,0.026479206099917475
759,0.041117509682590925
760,0.044613742529129204
761,0.03615025843221603
762,0.16199321214226908
763,0.02431173483858451
764,0.0641634740098779
765,0.06710909424405676
766,0.04643431846850916
767,0.031019963181500056
768,0.06129940866861098
769,0.08640801379897523
770,0.08296420539436089
771,0.030425088125130433
772,0.06941998575733863
773,0.26833713375358126
774,0.03568880514960038
775,0.058019947522812254
776,0.017520344417618093
777,0.058959281112652556
778,0.01854032469261243
779,0.06419948375254161
780,0.05311406667077754
781,0.05390804182161055
782,0.04399474105467789
783,0.028644235568949607
784,0.10410934610941294
785,0.018338552430126623
786,0.07552460875772321
787,0.03579307570381265
788,0.01634460361200821
789,0.036834808681825384
790,0.03636583911177555
791,0.07065012190504034
792,0.10789214641207909
793,0.04994626427600562
794,0.03570119732256796
795,0.042623427942482535
796,0.10835669327188041
797,0.033704465878528274
798,0.04957668616831585
799,0.17908771973419696
800,0.06812403433838149
801,0.1343497104661841
802,0.04212885956452224
803,0.05600086516224032
804,0.036705466383489906
805,0.024242303056093005
806,0.07068478071435774
807,0.0384763609070313
808,0.0869407917948241
809,0.035955265121855935
810,0.06961320332763041
811,0.11488293739509053
812,0.05709266634589905
813,0.10199915902543787
814,0.13049090827346932
815,0.1593370226471816
816,0.05887778461685324
817,0.07641584453933098
818,0.12911747335600654
819,0.14264889742494033
820,0.20880740585104268
821,0.10729500065054176
822,0.09526740117193554
823,0.02512928143003026
824,0.056006569058529555
825,0.11587072024935642
826,0.08498437599092526
827,0.12184529601897078
828,0.027159164498763686
829,0.024911057525840205
830,0.04270715228412159
831,0.08895351461546995
832,0.13378903601378422
833,0.07571902586304277
834,0.04137579994967844
835,0.06527304940366394
836,0.05541142819879005
837,0.14963267535189143
838,0.08361629788999726
839,0.05531491760445497
840,0.05242844688460366
841,0.12834696419244046
842,0.1314772623572039
843,0.05829192073536966
844,0.043239799719295646
845,0.045157770952191846
846,0.09275903933324282
847,0.1212392266653957
848,0.11041478518600727
849,0.09832825443147979
850,0.12404335713015087
851,0.046536801527891476
852,0.0414590836862784
853,0.07023541172850811
854,0.03954591482863277
855,0.04321810860521494
856,0.05960308519645611
857,0.022243111126851532
858,0.03162734660527716
859,0.03932949062953896
860,0.03621236680187127
861,0.0516131280242514
862,0.024821002059739316
863,0.037598045447396054
864,0.10219404915873213
865,0.07703971724567774
866,0.08304479043054948
867,0.14168405484816982
868,0.03603462054609455
869,0.0269529720932454
870,0.08861324461289384
871,0.02780792917686257
872,0.03702249571841391
873,0.06832149047848382
874,0.053064784933342754
875,0.04919046562750063
876,0.09081495147788199
877,0.0644809446353671
878,0.06960546207481566
879,0.054673777506831014
880,0.1322079838833965
881,0.024329553252880092
882,0.1203637091428717
883,0.07064825351138126
884,0.1045901430806153
885,0.06832010670623331
886,0.07690498798688049
887,0.19649872029051202
888,0.20893432198554482
889,0.0647851881833706
890,0.026173626788114513
891,0.07968908709587053
892,0.02910066152450846
893,0.11261901957603296
894,0.02958678341526406
895,0.03807456638544468
896,0.18031384515719667
897,0.01977332909983892
898,0.10928734649787535
899,0.026871620946253744
900,0.030833761653105113
901,0.06510428445769435
902,0.028620577837099644
903,0.12317236753570776
904,0.04893035564601931
905,0.03725643365910928
906,0.08760223647609444
907,0.08363707258620463
908,0.13403271705745998
909,0.04085933556062721
910,0.035535928067453246
911,0.15522767225297854
912,0.026090674540682972
913,0.03820924044080103
914,0.055377711773414294
915,0.11949469769921689
916,0.031112674332513978
917,0.1184866501969919
918,0.18498203656742437
919,0.13764415238320463
920,0.08325580197588574
921,0.13428489663026152
922,0.033426125862895006
923,0.052033583079583084
924,0.2628929887993097
925,0.12392791489810816
926,0.14727515336663455
927,0.03177293753023351
928,0.14056657102009487
929,0.10086942041101926
930,0.10547519050084365
931,0.13136475304729175
932,0.042143356626034384
933,0.2419286640632841
934,0.12376177670837181
935,0.021690149518500373
936,0.20206973287878213
937,0.13396029749410548
938,0.05280996119310926
939,0.1889887970992742
940,0.16033031369168022
941,0.09946032502576407
942,0.10072409794140329
943,0.05395498680650983
944,0.02865065943612517
945,0.17054976825860735
946,0.10661978438286761
947,0.09531347144569285
948,0.024020039993553517
949,0.13965616040432158
950,0.07042309196546317
951,0.08541585240320722
952,0.14968230367853544
953,0.060856896538886825
954,0.04205249930126518
955,0.14216745842736778
956,0.05541834716131474
957,0.08298746154360749
958,0.02018837775177994
959,0.054867723719994516
960,0.11739269785083883
961,0.019498708087308324
962,0.16954381196966445
963,0.07503992210650812
964,0.06899693405968985
965,0.1058915264762836
966,0.07431881482667589
967,0.1029848233436355
968,0.14095358470933117
969,0.033511153126803396
970,0.03601606643210568
971,0.03940629708916773
972,0.06896755300825522
973,0.06466616209258876
974,0.11062357486598808
975,0.08046911827931533
976,0.04352467588179428
977,0.04700098018009369
978,0.02684502930526179
979,0.08461709660459273
980,0.05498045083704434
981,0.0939726804235397
982,0.07126413288729493
983,0.06612662927203383
984,0.055952963512432015
985,0.18178340895913744
986,0.08803431105791369
987,0.042449091460953166
988,0.08826294516689882
989,0.11650840781168158
990,0.18371163604794274
991,0.06981859622170032
992,0.09862654111722047
993,0.12791993842392077
994,0.09850174631634274
995,0.07221979232309006
996,0.18608512294288357
997,0.03938733228419934
998,0.2006191678417836
999,0.2190562991546436
1000,0.11264921473290114
1001,0.08774883480871384
1002,0.09922255381032963
1003,0.19546066052513011
1004,0.12459460475892692
1005,0.03955849663571122
1006,0.09476531462544838
1007,0.14069378716265762
1008,0.11235785127317012
1009,0.09778530490878429
1010,0.07479029357922379
1011,0.057178885199607364
1012,0.18190754046888782
1013,0.22409736533920221
1014,0.05704397837791015
1015,0.11241193326657765
1016,0.14360181026129742
1017,0.12071140391324461
1018,0.05604847792631253
1019,0.07729128751352567
1020,0.14823703777425237
1021,0.07002943335010231
1022,0.2150891632118015
1023,0.04944784395793239
1024,0.06194001674785121
1025,0.12408116038042362
1026,0.09513843095105971
1027,0.02515132147894841
1028,0.1828229720919228
1029,0.1188500193910349
1030,0.03662431582962639
1031,0.1442676486165943
1032,0.03816327989419846
1033,0.22064109876691246
1034,0.1287820104068387
1035,0.05557796228742198
1036,0.02142631642501579
1037,0.07388386980698934
1038,0.07773162415985015
1039,0.07177514077196798
1040,0.0425420847019524
1041,0.06470298419095866
1042,0.09601869788101192
1043,0.13008222570952924
1044,0.07716859836483442
1045,0.05486267014374695
1046,0.29421204926489924
1047,0.1976860653291273
1048,0.05047977227715721
1049,0.1552659591212118
1050,0.028117900921405373
1051,0.0682487758015074
1052,0.030074239223312572
1053,0.06142473020497325
1054,0.355362876832981
1055,0.0627545202279427
1056,0.06572508558040603
1057,0.12030806500102185
1058,0.09419842083656693
1059,0.21614326960626304
1060,0.047167055398875606
1061,0.04363713089163984
1062,0.16632330454801417
1063,0.05365332208400082
1064,0.033482188026221764
1065,0.09005853045083131
1066,0.04238011362584073
1067,0.028032347920638016
1068,0.059752323366099355
1069,0.03986972992028154
1070,0.1430119296570861
1071,0.074721832366032
1072,0.15910662084872315
1073,0.06956681116074767
1074,0.050400163637679234
1075,0.16818984141484095
1076,0.04859374929001392
1077,0.058896941222953386
1078,0.09471368666739693
1079,0.03872060960579106
1080,0.1194043573493532
1081,0.043971854563825095
1082,0.055909267071065825
1083,0.10628182341440481
1084,0.024357593486122802
1085,0.061349339562261934
1086,0.18276600913336208
1087,0.07340397293247211
1088,0.07806454450826979
1089,0.11913854535244998
1090,0.0391859647573515
1091,0.17060751845167202
1092,0.13946264036644485
1093,0.15274474588707568
1094,0.17828915653448002
1095,0.12627596168849659
1096,0.1913296629757854
1097,0.07349988608156983
1098,0.09804487719916627
1099,0.03960197900575166
1100,0.07756010509321183
1101,0.11687716145950049
1102,0.02890513587502567
1103,0.07357302872346151
1104,0.19432058951277892
1105,0.13002588042073177
1106,0.11989491533495054
1107,0.04466193962104928
1108,0.022378518154183288
1109,0.02576727319086346
1110,0.06318336896444891
1111,0.024112356808526355
1112,0.07354843783238071
1113,0.13019499682767097
1114,0.07451384655497417
1115,0.11759305933849114
1116,0.1269666558073331
1117,0.15335519878731718
1118,0.037805960988532276
1119,0.03493691893866171
1120,0.175860080520672
1121,0.01472497403153728
1122,0.10216209285286759
1123,0.09280148030433542
1124,0.024594711257311653
1125,0.11019185280768433
1126,0.019947921384095256
1127,0.027973939231333914
1128,0.14002806944147533
1129,0.047300130551836565
1130,0.03634301419611213
1131,0.05040301604316186
1132,0.08193788088664633
1133,0.024741876181950083
1134,0.06936943434727966
1135,0.042405845748609644
1136,0.05381987217671522
1137,0.12511525316615452
1138,0.1478834502116307
1139,0.08689519728362181
1140,0.03647368243857586
1141,0.05577602131744147
1142,0.05860253086954548
1143,0.12859046681636063
1144,0.017750861979000068
1145,0.07148324248689726
1146,0.05869501780912185
1147,0.04356841781809153
1148,0.12835798835272222
1149,0.030648620704390474
1150,0.16607524099300153
1151,0.11769653381060839
1152,0.11917277938650091
1153,0.08660981976417165
1154,0.09135660782693607
1155,0.017080144590462545
1156,0.12545098212315486
1157,0.2790799437457787
1158,0.13408606455405242
1159,0.0572550355402204
1160,0.170926396615515
1161,0.179483254579695
1162,0.10014227396824997
1163,0.0292980095703766
1164,0.09975437136277347
1165,0.03408157563892162
1166,0.023163347770002587
1167,0.025098228025309838
1168,0.08012145082686868
1169,0.060596231057488105
1170,0.03166389440585243
1171,0.25918681667085036
1172,0.1628223813437582
1173,0.04475401510993736
1174,0.28364897237591424
1175,0.050300533125888704
1176,0.025556975648492245
1177,0.08567830635955961
1178,0.14007837928428996
1179,0.07091398282657911
1180,0.05399469980862498
1181,0.07231448565578918
1182,0.044558290327855514
1183,0.04405540211416685
1184,0.09510729785040326
1185,0.06998995435840644
1186,0.06191992447350007
1187,0.10577364208555327
1188,0.043324424175797856
1189,0.10453952087228979
1190,0.05170278309413864
1191,0.22337689934592522
1192,0.06631663408229516
1193,0.09607811380735022
1194,0.07184740252913316
1195,0.16989262656875445
1196,0.2656847208041388
1197,0.10311456871919558
1198,0.06002084006910023
1199,0.11177657292317437
1200,0.15453779139082338
1201,0.19207469690781648
1202,0.030078946741736366
1203,0.0753088922055891
1204,0.2521761352721326
1205,0.05450447456354664
1206,0.29538206165577097
1207,0.07022004819897988
1208,0.17209636952525947
1209,0.11510537162317987
1210,0.05668357007578229
1211,0.08455842100357876
1212,0.14300959461057566
1213,0.08677195119431538
1214,0.027203394894522143
1215,0.10369310610886387
1216,0.03074468523998749
1217,0.1292601105058301
1218,0.09898332302671135
1219,0.050459825342118333
1220,0.11301691476992201
1221,0.0634512066290931
1222,0.09726656231817583
1223,0.35715964799139327
1224,0.09941364968266071
1225,0.07401477436747904
1226,0.11621158420609552
1227,0.04476423942779235
1228,0.07543128781548107
1229,0.06580260929211351
1230,0.21537210997122988
1231,0.10238955390483327
1232,0.06562055524656994
1233,0.07360420279519667
1234,0.11348188707183825
1235,0.18110388490905385
1236,0.08201304993635448
1237,0.10268033067340016
1238,0.03295477122137436
1239,0.021171289479154434
1240,0.154820672369349
1241,0.10955928493098668
1242,0.024980470822627877
1243,0.23503717662686305
1244,0.03805717028794798
1245,0.018308224136955084
1246,0.16266090367431424
1247,0.034939384741144296
1248,0.043489388789652327
1249,0.06702820903647472
1250,0.04246238305312994
1251,0.03646589131153881
1252,0.057386376974451
1253,0.02859667844908168
1254,0.043099411460892925
1255,0.055900282936025426
1256,0.09742141367414668
1257,0.08941150871348322
1258,0.07059305470128595
1259,0.049824935182999165
1260,0.030069553234467843
1261,0.18927191018498146
1262,0.06113699313716239
1263,0.06605287897429052
1264,0.034254153478656284
1265,0.020683770000986458
1266,0.08221095334324287
1267,0.13301615866783548
1268,0.03456582324197246
1269,0.19637771350137026
1270,0.07194034451545797
1271,0.21526790759237546
1272,0.019738931448992136
1273,0.03400299190993909
1274,0.28999536712193114
1275,0.09800538275979372
1276,0.07453484318201176
1277,0.22616607979826195
1278,0.21274085480660693
1279,0.061610080914889974
1280,0.1413029573348643
1281,0.03392858814355936
1282,0.03923293314782363
1283,0.22725883410191244
1284,0.2521664733404773
1285,0.09118623446135185
1286,0.11016734974605172
1287,0.06548692183409133
1288,0.1350424668682699
1289,0.16587214219189156
1290,0.06340001504581828
1291,0.06943502582060854
1292,0.03120379154743805
1293,0.08554134398551863
1294,0.1699473279498781
1295,0.16589621826882547
1296,0.051673766575647054
1297,0.11585973628047277
1298,0.10681560958796744
1299,0.03026598096264995
1300,0.10561952461415662
1301,0.20783744559651823
1302,0.11412204567114388
1303,0.11425199357656811
1304,0.034082853801474314
1305,0.0865100011242527
1306,0.03810990938813781
1307,0.029151386568942297
1308,0.19975609475967407
1309,0.02854878895525495
1310,0.21457879996505763
1311,0.09137749630614675
1312,0.11515227111829543
1313,0.057591820143012645
1314,0.0663453035952878
1315,0.037198101918205384
1316,0.08477617659570731
1317,0.033755769904670586
1318,0.11661749477274143
1319,0.2077730434896023
1320,0.10947177280978419
1321,0.23381500489712298
1322,0.1401137056792492
1323,0.04523141920194623
1324,0.2178805420730302
1325,0.14358498410723602
1326,0.030846347686207434
1327,0.14616025830691987
1328,0.09694265495303567
1329,0.033993621937054797
1330,0.04623306762868495
1331,0.11166631252438643
1332,0.08571470472512148
1333,0.08274548681516651
1334,0.07537114168994564
1335,0.1239488670814814
1336,0.2660396919444001
1337,0.032317674516256945
1338,0.035451523436463364
1339,0.23573523501818608
1340,0.10580775849398287
1341,0.19788550029456356
1342,0.12051940173975272
1343,0.041692109425186585
1344,0.04595584274416642
1345,0.036879566654672506
1346,0.2658756081762574
1347,0.13929088330527725
1348,0.031342673909213775
1349,0.17704409094994297
1350,0.17675405187165633
1351,0.2180149504338914
1352,0.11761701689889996
1353,0.11336658664976224
1354,0.1363813952661593
1355,0.17302732884778788
1356,0.17761236911637404
1357,0.07334507391399914
1358,0.1810188611457065
1359,0.08911635228408639
1360,0.07022583777664114
1361,0.061007766935692584
1362,0.038576548953780175
1363,0.053073435176156473
1364,0.2123884159142195
1365,0.27539766004369987
1366,0.05901349595749434
1367,0.13639675090195355
1368,0.2219943291131036
1369,0.12154343359334316
1370,0.0690567754128877
1371,0.10309804058890866
1372,0.19467597100132397
1373,0.09497775338920916
1374,0.038625534708921744
1375,0.11018321176150757
1376,0.071501718690896
1377,0.08236591706798552
1378,0.07821465520819178
1379,0.02445806466345871
1380,0.06711377002515109
1381,0.1505880944585374
1382,0.3201292189880844
1383,0.0404608459635165
1384,0.023039259174743226
1385,0.1907177866415139
1386,0.10397166989632847
1387,0.0870355065451621
1388,0.1137498167224446
1389,0.02390795438253201
1390,0.19020967274654874
1391,0.17566372828839716
1392,0.130278551732715
1393,0.050503304780959504
1394,0.0397770535124194
1395,0.10867587227726044
1396,0.05196498352030673
1397,0.17985550440560205
1398,0.15498021263389108
1399,0.16967573785658308
1400,0.09735657885884545
1401,0.06248578102841808
1402,0.24106868472149637
1403,0.21513456545124546
1404,0.1493964630171688
1405,0.061859863091775956
1406,0.22609509086394272
1407,0.21838646087091243
1408,0.09636269107213541
1409,0.18036203686411095
1410,0.1825461124950287
1411,0.24945665761492347
1412,0.11126816722302181
1413,0.04267145166492946
1414,0.2745506595521908
1415,0.11113253828263273
1416,0.08825627538167137
1417,0.10970709802244843
1418,0.07982047923310685
1419,0.04477030698407358
1420,0.11572102619465406
1421,0.04394936286380849
1422,0.13155479103788054
1423,0.09953213771221704
1424,0.06845872134000082
1425,0.12716636674840986
1426,0.1154695881300711
1427,0.10484986727851188
1428,0.20273325839638115
1429,0.07539200029015466
1430,0.13766084220524452
1431,0.19073549222296052
1432,0.21330275989499733
1433,0.18977572226556452
1434,0.09265542284318835
1435,0.09386661832197296
1436,0.15702250559830305
1437,0.3314873210265354
1438,0.07697756641968415
1439,0.189089860966293
1440,0.16945111842916
1441,0.21114850005363336
1442,0.3007087535761003
1443,0.04381072661106292
1444,0.1508071518445587
1445,0.330330793066033
1446,0.07779660865212691
1447,0.1230035566103664
1448,0.1106268407206304
1449,0.09897571391287874
1450,0.16747534351242058
1451,0.049782150535631856
1452,0.045425782819409816
1453,0.16007003326457078
1454,0.11684009349163593
1455,0.08172398512602526
1456,0.08522525099831137
1457,0.026073175682110206
1458,0.16941085904713782
1459,0.06079302601548015
1460,0.09950820335833971
1461,0.12274853644948246
1462,0.08340504913288473
1463,0.20967332496402433
1464,0.08518781609956691
1465,0.08384771988771092
1466,0.03457277498330345
1467,0.04223349561773928
1468,0.13887579853164317
1469,0.02368169321847034
1470,0.0572871155708086
1471,0.08159154480702167
1472,0.2061267100589443
1473,0.1602789265088585
1474,0.022449857686742007
1475,0.3930806463579474
1476,0.291555591751577
1477,0.12500922395469122
1478,0.0490300560690839
1479,0.11922173395980415
1480,0.05662152936680027
1481,0.2851130768172722
1482,0.06285493988671532
1483,0.04333301553287929
1484,0.051618933248736086
1485,0.03906039056509275
1486,0.1456538748288228
1487,0.04273042942615145
1488,0.03936011755342993
1489,0.04585626020054268
1490,0.16001656322368057
1491,0.24888128491375341
1492,0.07220435986020649
1493,0.07426047863834496
1494,0.042635570201891244
1495,0.2680534268433344
1496,0.10199604008346129
1497,0.06873926944318588
1498,0.15125904610420943
1499,0.09914888999081362
0,0.07507190914027255
1,0.04776206091603845
2,0.03918079430673167
3,0.05573668485285041
4,0.050378577930630136
5,0.05244394989721791
6,0.0723330780158695
7,0.04182757626112645
8,0.04617698866380141
9,0.10772219629097947
10,0.06330762500915262
11,0.10284029637639996
12,0.04626904757434521
13,0.04321577240990723
14,0.10655960283170864
15,0.06363303250059385
16,0.06531414492427634
17,0.05258578648793956
18,0.06777324208264247
19,0.046242419985114455
20,0.07260326114225354
21,0.04453991673649971
22,0.07726395951189763
23,0.07131603109854551
24,0.06756676512547721
25,0.06121394103243683
26,0.07624286758651687
27,0.08096592359631669
28,0.0952747481215865
29,0.03998781891667348
30,0.07666587286566386
31,0.06027627273280011
32,0.035549512436624416
33,0.08835938076329278
34,0.05323580029500424
35,0.04507395172149321
36,0.07302164853476494
37,0.07583159309399365
38,0.03776475046102179
39,0.04812454947443424
40,0.03830691295266035
41,0.07950854884973207
42,0.05778321905582479
43,0.05469556004332551
44,0.046955540468685476
45,0.06986648646157871
46,0.052553201592584364
47,0.037195317665444864
48,0.11381708459835017
49,0.04343484942522239
50,0.07185140411022485
51,0.040829124204157234
52,0.04916804626309146
53,0.051440217108698116
54,0.04352779776962598
55,0.08179276294014615
56,0.04450609065206611
57,0.07195940909882217
58,0.06107326797568194
59,0.04715426133570973
60,0.04599555934462834
61,0.08471368020215768
62,0.040276814808647275
63,0.06469928453415917
64,0.08180741596463557
65,0.03998262780358544
66,0.07961764834245519
67,0.0899898066507309
68,0.043244298177858534
69,0.052111393873002336
70,0.04787834390450105
71,0.09466892493170886
72,0.04556680975597799
73,0.08747235985369393
74,0.05024311544145606
75,0.05112361604841256
76,0.0901112679809672
77,0.04543109346222853
78,0.06678122815317959
79,0.04657669794628311
80,0.04108247336095269
81,0.10055533486340476
82,0.038144664282826715
83,0.09374186435143561
84,0.045772148623703324
85,0.0753341197406039
86,0.03812185536316639
87,0.057451283247882574
88,0.08527197563657651
89,0.05779616979637118
90,0.052564774247610205
91,0.05249514772437594
92,0.07872828471747711
93,0.09213168534867062
94,0.05323479205669602
95,0.050861453740358185
96,0.054030132162
97,0.046193119259863274
98,0.06791439063665375
99,0.05382823492443482
100,0.05672499423653257
101,0.043113479487899946
102,0.05156107159251877
103,0.04237542530910831
104,0.10364741739027714
105,0.053779343965297974
106,0.06232917672892434
107,0.07976649413904352
108,0.06699793062481925
109,0.06946310882580345
110,0.0520532229682309
111,0.1237743452717779
112,0.04723147490055646
113,0.04670804896575692
114,0.04430145628550046
115,0.0833032783870475
116,0.04103453570904845
117,0.052262279358166186
118,0.041163250758431795
119,0.04836754662358077
120,0.05238664276016459
121,0.05007939516880805
122,0.06539508324775385
123,0.042753250371856705
124,0.07361781721249412
125,0.04023784073977096
126,0.0504617181176964
127,0.07711279151063914
128,0.05507779661974691
129,0.0590056706642471
130,0.06322341267823138
131,0.04544537763419958
132,0.08160479923212145
133,0.05128639061679705
134,0.07031670424301657
135,0.06849936641237057
136,0.0639421534060283
137,0.12044507038038027
138,0.08577058601678943
139,0.08290893428759095
140,0.0936338709725569
141,0.04677645312540164
142,0.13106266371671813
143,0.06196039410906877
144,0.0464086584303691
145,0.054462617047086305
146,0.07005710423657195
147,0.0420903089514815
148,0.06426889843286104
149,0.05727586881871528
150,0.044726116579753394
151,0.0644508546101733
152,0.03885056078282178
153,0.09177661579633607
154,0.06903087163322712
155,0.05172483524416127
156,0.06731625352798447
157,0.0476378019546188
158,0.04057141564766892
159,0.052235603329405376
160,0.039371063609193103
161,0.04883857517193788
162,0.05167476755308712
163,0.05280901239135644
164,0.052272776132667516
165,0.04706983641240042
166,0.05325694269056705
167,0.04868323993592921
168,0.08544428102381135
169,0.087739487647436
170,0.05573442027296683
171,0.0721107143324737
172,0.08071660055628813
173,0.09088055880384302
174,0.0504106811649186
175,0.06009091953012135
176,0.05419579378386887
177,0.07721953326986575
178,0.05267265380360207
179,0.04348180239049376
180,0.03758056703422016
181,0.07127821245233903
182,0.06241143589442913
183,0.052367708158826916
184,0.05274982602384543
185,0.03678215629315231
186,0.05681795092642943
187,0.054388799051379055
188,0.04830330437296569
189,0.09631438453592889
190,0.0496450939695759
191,0.08394387589745286
192,0.0949405733924891
193,0.11890952552377826
194,0.047770076600944546
195,0.05436256889291127
196,0.04109305125770411
197,0.06515897678995418
198,0.04422002609968301
199,0.05165522992819362
200,0.08149642184892064
201,0.046211208941323176
202,0.07374614386174323
203,0.09531952210197028
204,0.05619758571152688
205,0.11137386506988914
206,0.07256616044224994
207,0.09826579406970849
208,0.05455502475651448
209,0.06160795865559129
210,0.0673705605398408
211,0.049975099180531356
212,0.06592580029673364
213,0.07052939385922467
214,0.049519657501646865
215,0.0437273661200489
216,0.08383797953329594
217,0.06107028050200308
218,0.03398174697132634
219,0.09606420518968803
220,0.03466099623021683
221,0.05978768523099152
222,0.07490988838538085
223,0.04577747154767909
224,0.05825512201740039
225,0.06350048223912512
226,0.09431460267968637
227,0.055432228883970945
228,0.07109320088991242
229,0.049677722214860366
230,0.06226187197345959
231,0.10949146112792496
232,0.03245117687938556
233,0.06444210136073586
234,0.0943086933977831
235,0.07961106299327984
236,0.06285109535031365
237,0.09349920469641858
238,0.06040411276067923
239,0.06405630029459747
240,0.08782812300798651
241,0.03939477030047897
242,0.07373059448907195
243,0.04450459823739243
244,0.12612298180415266
245,0.06105161431232848
246,0.037774023662164424
247,0.11302626397366966
248,0.05990975182215499
249,0.0456264096148526
250,0.038921030562094096
251,0.12182224764058074
252,0.03726786860744324
253,0.05119463302865873
254,0.10208920791739168
255,0.04222303338978054
256,0.07181284956765847
257,0.08418387687341539
258,0.06276668771969517
259,0.05168408679334509
260,0.053374640287118406
261,0.06477348227961495
262,0.07286019959874264
263,0.07103475680335646
264,0.09768707213081203
265,0.04065404411372406
266,0.050220552471782774
267,0.0843589862166673
268,0.06372032377168835
269,0.0858295108813762
270,0.049947689215011665
271,0.059650620245175937
272,0.0674700130708266
273,0.058907197640017867
274,0.07298840965372745
275,0.10217249618117703
276,0.09392785089640739
277,0.04361855805569632
278,0.09281841561851965
279,0.02971038349057211
280,0.03162243319364046
281,0.04297320434219718
282,0.03246763504598506
283,0.06743393843589578
284,0.049103291170096305
285,0.04368628382020246
286,0.05145858827735183
287,0.11520180482532733
288,0.03614489463618572
289,0.05570432932798587
290,0.04437283692547551
291,0.049722763413106
292,0.04335606842223858
293,0.06067334783664132
294,0.06043370502084166
295,0.03872511548695654
296,0.03690619090010452
297,0.04008258909321841
298,0.04156647056072867
299,0.06621287227709137
300,0.03263392804853694
301,0.06302515901690983
302,0.05867401452774122
303,0.04267119800867775
304,0.051191730174066086
305,0.07694490359944639
306,0.053156354382924084
307,0.06379109863828072
308,0.043997778921465155
309,0.04977918526630467
310,0.06881220598841065
311,0.05437934553024793
312,0.0318397276824196
313,0.04120494934887482
314,0.05769884348557643
315,0.03139271313266228
316,0.04284084397080101
317,0.04424273867392473
318,0.10150892662938261
319,0.0572186131794958
320,0.03561027237185266
321,0.03625541939561412
322,0.06156515485540477
323,0.0608242554518729
324,0.02192228869857035
325,0.05363219322339662
326,0.04666131537315648
327,0.04903157744349656
328,0.0678203464993235
329,0.04380690550985456
330,0.056675809806110554
331,0.06271290637273744
332,0.053625556372946304
333,0.03303195583324058
334,0.07967762860165169
335,0.05984516844647201
336,0.03329778565492616
337,0.04684629198383674
338,0.09263829435494497
339,0.1053171962375156
340,0.03365354790649683
341,0.09998274278257464
342,0.05866555135703919
343,0.05711053565891391
344,0.03958033788346919
345,0.03052473226484734
346,0.07007252191227635
347,0.025617054308575554
348,0.08026935286752485
349,0.05362457658573046
350,0.02899915024589083
351,0.04334623074174544
352,0.044506714654093914
353,0.058821192469857154
354,0.04123045329278489
355,0.0792216693947961
356,0.028972101657842687
357,0.028834595836647502
358,0.1066935345998756
359,0.05217283722295705
360,0.07858180421335081
361,0.06912576914590757
362,0.024330964079379156
363,0.08441906632938932
364,0.032863510671583857
365,0.02478053100811992
366,0.042379693171329426
367,0.04978805003899557
368,0.03114592617861973
369,0.06792338957110729
370,0.0371553723556275
371,0.029643091042992727
372,0.06538252339538965
373,0.03064661055585522
374,0.026812959192614942
375,0.07479154951151028
376,0.0544040479366352
377,0.03977513902569923
378,0.05787556936532465
379,0.046382555330077554
380,0.06625440458800859
381,0.029847753867056293
382,0.05216140936115131
383,0.042430490223145816
384,0.03451868934365611
385,0.04437035587498398
386,0.02371268286594503
387,0.06908858441936529
388,0.03660621056926622
389,0.04125067927940471
390,0.03306264183717797
391,0.053239080012115594
392,0.04007048453825083
393,0.04876277357935947
394,0.06361860594230417
395,0.044852918840017984
396,0.05051994897267571
397,0.020634816069369996
398,0.0742675822529019
399,0.06274851893363842
400,0.022835543751696247
401,0.04491098018335757
402,0.02975768675748011
403,0.04909151045144098
404,0.07171994974943993
405,0.028335449074347638
406,0.05820892312592002
407,0.03956723521699281
408,0.06649415511616555
409,0.07046048007412019
410,0.03119515721425423
411,0.040562398462012504
412,0.03320599422627595
413,0.032025705384437886
414,0.04576974012437995
415,0.07183830381395744
416,0.033294437710675744
417,0.05485076784352915
418,0.03384499799321446
419,0.07769291024269633
420,0.0830250662696984
421,0.02662967732418071
422,0.051236397655857184
423,0.06634312605664276
424,0.033477884235384246
425,0.06836922025572166
426,0.06568808269457627
427,0.029698843971193076
428,0.057656367752066805
429,0.03418305511685728
430,0.03879381945678241
431,0.043222926232369
432,0.05086574366556982
433,0.02931726598750339
434,0.028112327714382754
435,0.050468323975803094
436,0.07529740052186822
437,0.032977698137337925
438,0.03983285658937442
439,0.08268025967612896
440,0.056795328134154985
441,0.04896869699954634
442,0.0686241303589369
443,0.05357067745661404
444,0.1057089978284606
445,0.08044909412815524
446,0.021231925656512145
447,0.05301270410231332
448,0.0630135508904394
449,0.018960725388431143
450,0.040541899040924034
451,0.06112105475088811
452,0.044499028777220215
453,0.038792118840344315
454,0.08130706052426269
455,0.0743545465617308
456,0.018347192537087192
457,0.08644293153894946
458,0.05972801984358446
459,0.04997909599653053
460,0.05359346899179468
461,0.027773281191771044
462,0.03162377796937918
463,0.04581463411849801
464,0.021429215901253053
465,0.01941225566968418
466,0.030711099790013553
467,0.03298798658129642
468,0.01756433134472173
469,0.04831897765906825
470,0.02294219493781557
471,0.02516581706144819
472,0.03251780975045243
473,0.03749288611638557
474,0.027968588295003177
475,0.03116650705658601
476,0.06709403792957559
477,0.018539396193514104
478,0.06428766129029943
479,0.027996005663469457
480,0.023938088695613095
481,0.05494379223205947
482,0.029593075427766066
483,0.03309055525997802
484,0.06552406798993217
485,0.0208553510531364
486,0.03666142702301373
487,0.07654706525109609
488,0.02531897178085791
489,0.03239335864231388
490,0.08824021136061375
491,0.07220746634282879
492,0.030623414806678004
493,0.026279903420632057
494,0.05759108976736213
495,0.023923610090539206
496,0.020736229330357053
497,0.07598163436302965
498,0.020462517048977724
499,0.01749038450470856
500,0.053066994830975794
501,0.028768622922373577
502,0.03746838037727098
503,0.06578109410300109
504,0.03116454090246736
505,0.05240144707319867
506,0.05716433661248321
507,0.022373691492197336
508,0.0720174434516318
509,0.03346040913907726
510,0.059491858242179105
511,0.04444513196101871
512,0.018794918320776427
513,0.018404424605788502
514,0.11422618825728661
515,0.01755271468960364
516,0.05625827234052112
517,0.0219618226325643
518,0.05847766426600284
519,0.06287985835538247
520,0.026643827274136674
521,0.036375815818538784
522,0.04719482741197478
523,0.019456515108320423
524,0.08339901648242548
525,0.038492035477166224
526,0.03330365313065291
527,0.0573432622449905
528,0.05152499572932769
529,0.063360841225067
530,0.02393835286796924
531,0.10294436531615501
532,0.037869207893431414
533,0.032633654898741586
534,0.042648474904446405
535,0.05308799623299385
536,0.08609144720649306
537,0.028231735736478067
538,0.08471470598850299
539,0.039035996018975866
540,0.016076090577632384
541,0.02662402974163881
542,0.04244122455444657
543,0.05596961296820193
544,0.03168427559579586
545,0.026466844010331732
546,0.04808184173566231
547,0.030459440583246636
548,0.02738224867356357
549,0.04466187547811309
550,0.046386921736973764
551,0.05033415715050525
552,0.048546127613134454
553,0.054764258492707746
554,0.017598342778939912
555,0.03856334481720204
556,0.07388805019844148
557,0.07221573120745618
558,0.04483000368909736
559,0.07464584831740484
560,0.05967796179306281
561,0.025987058636858955
562,0.08909820008637842
563,0.029671622218692097
564,0.01623538943069782
565,0.025798791143706177
566,0.025784224481264453
567,0.043778449108353774
568,0.04965636100353355
569,0.015128481157102022
570,0.03786340073957111
571,0.028445488522428605
572,0.022509471342379645
573,0.02814888961238568
574,0.0322393985892104
575,0.013734574803233719
576,0.02421223508469611
577,0.03484028439348171
578,0.03207022078344014
579,0.02180979373495302
580,0.034923979333325625
581,0.02692459705094077
582,0.07648066099707165
583,0.060908060182267305
584,0.029746557527378484
585,0.0974443284421223
586,0.02136098652597079
587,0.03528831209802115
588,0.052526030209629246
589,0.03942895627222279
590,0.0654427314264338
591,0.03806761617478833
592,0.0461324618643141
593,0.03691717949942366
594,0.019956235271331495
595,0.025936037863529982
596,0.04354300720389592
597,0.019246688386682427
598,0.021111233538269877
599,0.033058895367689314
600,0.01810324186641794
601,0.01861728633970964
602,0.04789663784881286
603,0.026774518823229437
604,0.05976170058818998
605,0.05454715505293214
606,0.01908534111796169
607,0.05741544015667725
608,0.05760079548253507
609,0.038289070687631724
610,0.017321338663226667
611,0.04541524026542717
612,0.022574201982889237
613,0.019731694361352935
614,0.04973747313283527
615,0.03941415818739239
616,0.022771560192414723
617,0.04512334997124574
618,0.010251837921881186
619,0.030490642524681293
620,0.08335598892206586
621,0.026743109654472876
622,0.07353847889893447
623,0.10538075111153984
624,0.018809164685774492
625,0.033015402601203246
626,0.03295450489100007
627,0.04025253682601898
628,0.09684676093582117
629,0.031226865237654493
630,0.029565935990046234
631,0.05897871529918729
632,0.017003035105583948
633,0.0259993321096571
634,0.02283356824352486
635,0.030213796845284042
636,0.02268850259375038
637,0.031233095676980828
638,0.022953026148093806
639,0.02523761627719764
640,0.061548262334169206
641,0.029790615090928098
642,0.07403586524986108
643,0.0535096667731266
644,0.012789314391283255
645,0.024988231238084274
646,0.028305477708048147
647,0.03755628149395218
648,0.038212329967322885
649,0.0358631923515828
650,0.0661291434247878
651,0.020590859438424494
652,0.02974627919940947
653,0.03010617592219003
654,0.030467862538442927
655,0.0710323364513225
656,0.11273009190777011
657,0.08067533239725422
658,0.03163626494746881
659,0.022662414366262453
660,0.06203433714231719
661,0.0311443796434214
662,0.03155271493630388
663,0.01796019849971353
664,0.04716741322019175
665,0.013044736449634485
666,0.015583610684816278
667,0.017880215711000038
668,0.014614214193339777
669,0.02899807581901099
670,0.02578436261092885
671,0.04892156796825344
672,0.03061114468474955
673,0.022633255555525617
674,0.025841136282257936
675,0.04400722326801211
676,0.03275108940970815
677,0.0277714946080166
678,0.07103596326986547
679,0.07080812059113584
680,0.043588961258882404
681,0.029912372558613533
682,0.056921334222219545
683,0.07157441961171405
684,0.056533038448809705
685,0.02386232969558429
686,0.11233998244195764
687,0.06333657573368705
688,0.04776439442758551
689,0.053143335746489336
690,0.03521210376904994
691,0.013151606548748692
692,0.04342100574033616
693,0.053273564661467904
694,0.09298572061070597
695,0.05139124517813078
696,0.046042698126018584
697,0.07780454476389015
698,0.0515689855112561
699,0.053637399157311326
700,0.015721566040138028
701,0.06698461238449165
702,0.03604847190911639
703,0.020547741007704907
704,0.0397554230175453
705,0.022880234273232564
706,0.07232963310427803
707,0.07862929478012545
708,0.0113203310264285
709,0.018117500236576888
710,0.029478348466779294
711,0.03417159514125165
712,0.04085901469083443
713,0.04462008501768887
714,0.05236320148509838
715,0.11152287111375163
716,0.11337924088450561
717,0.040936418198943614
718,0.06371829997333585
719,0.14735436933737253
720,0.02326693984497731
721,0.04286497325190636
722,0.052422296324535295
723,0.014867771148019788
724,0.027628864147463423
725,0.039067940311960356
726,0.059673343667584366
727,0.020392756812712368
728,0.030301547126059432
729,0.02272725645335558
730,0.05638144543131822
731,0.014595757018106394
732,0.03907469051071834
733,0.019019118037500077
734,0.011429148750987175
735,0.010325287106974303
736,0.02329948895749493
737,0.020546777793702786
738,0.0393095891655831
739,0.01989610714958855
740,0.06995190872266975
741,0.01958118218181102
742,0.04717743461907029
743,0.04942279322117315
744,0.015440383307860489
745,0.034150505813872356
746,0.013828043418153758
747,0.0966857118394125
748,0.02220988224242884
749,0.013696200016255053
750,0.08410815434321367
751,0.02381999475411632
752,0.017359939818245226
753,0.05010044193439454
754,0.01523218657706855
755,0.02351726688622444
756,0.01732218796059581
757,0.03329818969743844
758,0.026130823970591563
759,0.05843458321852297
760,0.02427334620323985
761,0.035192206732472024
762,0.11744392821269742
763,0.026575637982350058
764,0.061055823867152526
765,0.03865233368428885
766,0.01938181310345379
767,0.021250821639968193
768,0.030335926703377585
769,0.09807378735468485
770,0.05808223568126099
771,0.02600254881685834
772,0.0634351403383701
773,0.09457479666854537
774,0.027650017688557186
775,0.05007998621729576
776,0.03270530807028367
777,0.05668783693584817
778,0.040213107948047194
779,0.06389041089004122
780,0.03231285967254832
781,0.02213401527570715
782,0.02643878997796358
783,0.019564894028109667
784,0.06695636261878912
785,0.027642578852272948
786,0.03016050548587051
787,0.06285346642378642
788,0.02228818039775861
789,0.013517318259721162
790,0.049399402107046284
791,0.0700794916968177
792,0.04566539294617703
793,0.03173786653959928
794,0.061460478799892825
795,0.07933372091787473
796,0.07883654588970665
797,0.05942676080638601
798,0.06081979072783111
799,0.12251613328648371
800,0.04366154836416874
801,0.0319257671029477
802,0.05120544781842563
803,0.040977729585700985
804,0.04638176366856378
805,0.02667025428327552
806,0.02984723013128144
807,0.05298091442521874
808,0.04941613011010651
809,0.01943978715294512
810,0.049824329035306716
811,0.04450192392497922
812,0.03155084743274307
813,0.05545144599809546
814,0.08116486532516888
815,0.055951756745272176
816,0.04058972335002835
817,0.03730484425066299
818,0.050487352908881074
819,0.034234049079005055
820,0.04670922413653711
821,0.05101609781899555
822,0.06977064696450432
823,0.023739940150496765
824,0.030910635509730146
825,0.16343028409241897
826,0.04293570960162563
827,0.028255420231434316
828,0.12524558872299804
829,0.026571530304495605
830,0.01576939663852127
831,0.07293399635481225
832,0.018725916990473695
833,0.07954424975593141
834,0.01589046547507653
835,0.07373482731877395
836,0.05482099674882575
837,0.03998600071773957
838,0.11298431051951882
839,0.04056524943631071
840,0.06811489618945495
841,0.07058114324670395
842,0.04917972253781331
843,0.03787836052014294
844,0.04998434270971284
845,0.04922966042259742
846,0.07133671379223896
847,0.01952037199296436
848,0.06427752808554194
849,0.0929751779721362
850,0.020893428738410727
851,0.038332696555045405
852,0.04108942525737831
853,0.018201184478815285
854,0.058437481896867746
855,0.03142103113396963
856,0.035009812380572145
857,0.0361296235365763
858,0.015317529404943422
859,0.019678970725421165
860,0.028621703043423923
861,0.057064986779561774
862,0.021028185900840133
863,0.015460010719572483
864,0.05161628750992074
865,0.05722050917999462
866,0.032315578320652696
867,0.09804833129588597
868,0.029845979601923908
869,0.0695207541449369
870,0.03374661236546725
871,0.052168832577071625
872,0.014288441159487979
873,0.01592237972064039
874,0.06492579963328277
875,0.0420977703174808
876,0.013990453703345174
877,0.0484092281080732
878,0.024726835984930754
879,0.038172172128523064
880,0.06625029372974711
881,0.027547353049158813
882,0.06506746214433558
883,0.06188388033199492
884,0.036013419163310904
885,0.051210222499976615
886,0.10280267362668664
887,0.05529604647550685
888,0.13797323502644873
889,0.014869937961810749
890,0.06265917077224553
891,0.047212428958781985
892,0.059293434629212036
893,0.09211297484542554
894,0.01752452011172048
895,0.08677555969156302
896,0.10870367129129588
897,0.0538632042078862
898,0.07507210891388887
899,0.03253026379317133
900,0.01672688912840449
901,0.06389015873039929
902,0.045896610043869336
903,0.01981867560261177
904,0.01557567437137385
905,0.0335849318897306
906,0.04559628757009399
907,0.04542589229433384
908,0.03869605543754456
909,0.033277288128864005
910,0.018680688022585646
911,0.09905758170527394
912,0.03850982193862067
913,0.022306964693966147
914,0.025969048106798
915,0.03199176080235785
916,0.0512406610285479
917,0.04038869425687003
918,0.06334445422979339
919,0.024012005428028914
920,0.06311585649362123
921,0.06212673909895685
922,0.03572368638297096
923,0.016516166449897236
924,0.040094571546175455
925,0.041994043546180845
926,0.04467844639452773
927,0.013878192853704842
928,0.03933523252471337
929,0.03153772255975846
930,0.05785632278035257
931,0.012886168470017669
932,0.02642862232248366
933,0.08864330217424508
934,0.07597059343650032
935,0.02404498788404649
936,0.07757970232760852
937,0.04940936748583425
938,0.03736619954697914
939,0.07198150936579713
940,0.08100439307458199
941,0.028533433139514692
942,0.026111240263501957
943,0.05117937805362615
944,0.013247213049215082
945,0.017462660609333328
946,0.0686252539123493
947,0.09240278288935659
948,0.04140056227950478
949,0.06829171318022403
950,0.14102788159258725
951,0.0662962749240461
952,0.05056475668814526
953,0.1325747682454037
954,0.0639067135709874
955,0.029007441220307555
956,0.03828543166163753
957,0.07539596511378638
958,0.011604039768946311
959,0.02227129354458924
960,0.1577602532924173
961,0.010082111947445236
962,0.0564813855252816
963,0.08109017388879419
964,0.045126642225432764
965,0.03334078385252023
966,0.03242861032707088
967,0.03614061111910836
968,0.04242791307131532
969,0.021018272090883427
970,0.020540645374253718
971,0.013822606385906294
972,0.05767396344852704
973,0.02813942037333813
974,0.007591870255778373
975,0.0894651683364069
976,0.06663152946733514
977,0.03935795330407341
978,0.011546007896624008
979,0.022926784848721148
980,0.04162988515910903
981,0.05496999545362612
982,0.07025416866920957
983,0.01816873528750699
984,0.03068366298592946
985,0.03634902757376155
986,0.10858488855246176
987,0.08087769550951467
988,0.0162794644264322
989,0.07113779559824045
990,0.1487413770152234
991,0.014813262480618448
992,0.01514641330831825
993,0.09624936306175481
994,0.021288290491726813
995,0.03019667026560819
996,0.11858655235459219
997,0.054399668887178385
998,0.03788997910593522
999,0.10604801879497754
1000,0.07238800245376424
1001,0.10107809043000623
1002,0.06399901950522657
1003,0.06921866425158638
1004,0.029287414705453006
1005,0.09657144393452866
1006,0.027371225264919734
1007,0.04810549916687085
1008,0.02610540589600455
1009,0.01518174306489147
1010,0.0694883440295328
1011,0.016722635885678194
1012,0.093942079631544
1013,0.13258897537868983
1014,0.03211693295983973
1015,0.05262863330838249
1016,0.07379098739924105
1017,0.051024000260585116
1018,0.04041543399669205
1019,0.03227346247627122
1020,0.0218492360670538
1021,0.028699246357844828
1022,0.07856283412257364
1023,0.028462387823445734
1024,0.056743742053455545
1025,0.027555559020671642
1026,0.0573096943492922
1027,0.045448772066227466
1028,0.025664384384162724
1029,0.11624609903164541
1030,0.0356646446620104
1031,0.01608467426716242
1032,0.03988559926851287
1033,0.08968037772025371
1034,0.02005658766657394
1035,0.04035364808513087
1036,0.01347177261291718
1037,0.0340317192050879
1038,0.016646016756586262
1039,0.07190541660093515
1040,0.05218018794333624
1041,0.06965224670058325
1042,0.057906792990016734
1043,0.05488459018067638
1044,0.10051977853748764
1045,0.06082741773064372
1046,0.03308391965906529
1047,0.08499616349201265
1048,0.03608275196194833
1049,0.05082991904061364
1050,0.02092952777697878
1051,0.06477604354354012
1052,0.016686589605045245
1053,0.024333686152334326
1054,0.17899584779077235
1055,0.011134550074604786
1056,0.029422633623878425
1057,0.04103771472016201
1058,0.025632081645294694
1059,0.013591946253520313
1060,0.0871201199414849
1061,0.013364940228201186
1062,0.07810428388472056
1063,0.09122664101172356
1064,0.026209131497853668
1065,0.06641830667830202
1066,0.16296536313125742
1067,0.04211285724270398
1068,0.028095576116969636
1069,0.08758933302529572
1070,0.034145048602530995
1071,0.03356136947797048
1072,0.17983116276080413
1073,0.04859193973828895
1074,0.04739269365958363
1075,0.12259676043719851
1076,0.013384488411562142
1077,0.015032315371636934
1078,0.047486193090249
1079,0.12065320833730843
1080,0.022665622387604785
1081,0.02741959686458451
1082,0.12087938923657966
1083,0.018693397164090186
1084,0.04194305822857152
1085,0.03396324986876462
1086,0.045824319641682286
1087,0.03204884599577164
1088,0.02976419831540818
1089,0.07800005725901447
1090,0.014650301320496533
1091,0.01921366260802098
1092,0.02787540963774121
1093,0.044910279577541144
1094,0.08001178829285853
1095,0.029930749665237625
1096,0.06215038862720377
1097,0.047163558499814885
1098,0.022542755030088506
1099,0.0800150100783777
1100,0.02298546313328071
1101,0.02006131541728951
1102,0.020959703552371537
1103,0.039173236034086026
1104,0.021953134949701456
1105,0.08964149668934081
1106,0.052795697094883215
1107,0.04071968883008796
1108,0.03722146813086154
1109,0.02818424481413408
1110,0.06424678265568512
1111,0.08207886792013969
1112,0.04634097381463818
1113,0.015998892103333957
1114,0.03446264791049526
1115,0.15849907662595447
1116,0.10213805373956088
1117,0.011195864532354232
1118,0.22329198185738683
1119,0.0308831146312602
1120,0.04833374943334554
1121,0.11362277551824834
1122,0.04658685421888657
1123,0.0450863591246333
1124,0.02039260621564461
1125,0.11690810395236018
1126,0.030547485783418496
1127,0.08123970586229341
1128,0.05211412809992006
1129,0.03451727595515598
1130,0.033223143593851166
1131,0.057081183224442784
1132,0.030146702467322848
1133,0.028705352760506776
1134,0.02698176117304231
1135,0.03355445328021416
1136,0.04262623253749896
1137,0.03582157267588641
1138,0.06708380614627661
1139,0.01835931094113479
1140,0.04350144153991117
1141,0.013617657814842437
1142,0.017627513939372223
1143,0.09406538408878967
1144,0.012301709000479027
1145,0.020889251965849426
1146,0.014910474470179609
1147,0.012941659707223233
1148,0.0898050182877103
1149,0.023051781491657125
1150,0.04479427929564006
1151,0.09489320787032104
1152,0.08781186179652627
1153,0.03534153572071102
1154,0.06388486085236612
1155,0.04817799435359245
1156,0.02720277400604539
1157,0.05105183628418556
1158,0.14768461219746612
1159,0.011753241237780748
1160,0.1362326853470103
1161,0.04477851834652562
1162,0.03310965328565468
1163,0.0683861980396753
1164,0.017448246965080478
1165,0.06482921005482926
1166,0.020077158364422868
1167,0.039539440690165475
1168,0.017546541914655874
1169,0.044052750132027356
1170,0.057571835455958946
1171,0.020552557214581352
1172,0.10021851867916942
1173,0.10403863201769468
1174,0.010089272121654724
1175,0.03098709252586392
1176,0.1153054403124378
1177,0.03833377167207755
1178,0.062334263831762646
1179,0.06436029087628317
1180,0.011074843225288037
1181,0.06382175693752762
1182,0.17597021194096052
1183,0.04834395023473365
1184,0.08366920206098791
1185,0.031705121949164826
1186,0.053641394480546875
1187,0.033963207570566256
1188,0.03450183754434336
1189,0.09971320355990645
1190,0.036687175972848846
1191,0.04420986195465435
1192,0.023399471343697822
1193,0.05304994670529395
1194,0.04530678968350473
1195,0.031033412610835864
1196,0.03741598428305413
1197,0.12143468967316903
1198,0.13190465594364795
1199,0.02024061974331308
1200,0.011736119956701452
1201,0.05869992914219629
1202,0.07403426812255963
1203,0.03059336079876731
1204,0.13494538861456834
1205,0.030115620905744486
1206,0.06891370215123202
1207,0.1901517618044444
1208,0.10247170293206127
1209,0.013331097968077498
1210,0.1055046260627831
1211,0.08760663553787366
1212,0.02654462384818089
1213,0.13691932454568279
1214,0.06276746241108344
1215,0.01875264837019817
1216,0.06750552586687583
1217,0.045623588034417815
1218,0.01496955261906473
1219,0.027126104588719842
1220,0.061351812142162336
1221,0.13458198562353188
1222,0.12554247243665462
1223,0.12855888678284672
1224,0.12553650904615607
1225,0.052886886053472026
1226,0.06154629127829676
1227,0.021788992239768042
1228,0.07740568947523693
1229,0.07201321450757416
1230,0.025702228320546777
1231,0.10139683924552416
1232,0.0371064606581971
1233,0.027380980894733408
1234,0.07367643050920888
1235,0.0635629156683274
1236,0.013370855738838032
1237,0.06439932171262529
1238,0.09979093213886825
1239,0.03784535041444216
1240,0.025024141241929136
1241,0.02983399546478326
1242,0.05348388106492309
1243,0.0648402356282339
1244,0.05274888449202692
1245,0.07131380197400333
1246,0.08699893104886369
1247,0.025303545773973285
1248,0.09454543318813699
1249,0.005366431817423168
1250,0.010632115838483927
1251,0.12212772307340329
1252,0.04886706657744259
1253,0.0076507977712401256
1254,0.05303014999672878
1255,0.03933398249227852
1256,0.05916859614892257
1257,0.04130137274154081
1258,0.008503868936273182
1259,0.01673030702577534
1260,0.05011742431718673
1261,0.046413562421519984
1262,0.015567633721960454
1263,0.004599591661466974
1264,0.05064400247544703
1265,0.0048685152197413826
1266,0.01633595613559564
1267,0.06515814932158423
1268,0.016410667959403942
1269,0.06640642881849697
1270,0.023401657696313038
1271,0.10420234246474774
1272,0.004789987636008035
1273,0.019964152942951084
1274,0.02172110794430653
1275,0.010211094018601067
1276,0.05622960254262358
1277,0.07951828022748055
1278,0.04991762472150114
1279,0.020003634212402394
1280,0.02889939356463684
1281,0.059266428323798755
1282,0.07120217459998587
1283,0.07058748129075819
1284,0.013400371837632463
1285,0.0222811209474483
1286,0.07228287754300466
1287,0.004419460900191696
1288,0.005539061984560099
1289,0.0753645598344955
1290,0.02125985749201006
1291,0.013624120797447455
1292,0.03473862540125755
1293,0.058659494071403515
1294,0.014421948178904688
1295,0.04735139703394601
1296,0.04031637526007095
1297,0.05054119251377163
1298,0.08827272278102694
1299,0.03977604904067368
1300,0.01822828928677346
1301,0.024932741368923504
1302,0.05919329127462636
1303,0.05112093720971682
1304,0.0074332219078298775
1305,0.020400194768382958
1306,0.050479207776444095
1307,0.10567170916017968
1308,0.08661588372694534
1309,0.11592424708737108
1310,0.01934625178353416
1311,0.07069024463581862
1312,0.09929020136713926
1313,0.006315993757866518
1314,0.01677657477827378
1315,0.05937074520992876
1316,0.03740687846890837
1317,0.010108327580055927
1318,0.06303538988957094
1319,0.036004087650868224
1320,0.04497708295474535
1321,0.26806351545507173
1322,0.034478651527857375
1323,0.07316173717720487
1324,0.11691965783805963
1325,0.08391710231085038
1326,0.008136964871625928
1327,0.06662095370098156
1328,0.20500015354036977
1329,0.10617112293655848
1330,0.0062168759679482165
1331,0.06312469367482682
1332,0.06923074400359551
1333,0.05542539623513437
1334,0.006993401274631735
1335,0.010823482171360595
1336,0.13474742531715905
1337,0.007139246920464925
1338,0.06812241240593492
1339,0.035302031989177286
1340,0.04376542705301416
1341,0.04932839976578382
1342,0.11270730810549039
1343,0.06182473075880441
1344,0.03192007845327989
1345,0.04562820710154683
1346,0.07526694531551027
1347,0.021351554213506225
1348,0.03520322722321841
1349,0.052861159353792035
1350,0.043601353509479614
1351,0.012498536531649134
1352,0.03006358192177804
1353,0.010362271153560929
1354,0.049679522042187875
1355,0.04590126257514689
1356,0.04695613122205289
1357,0.02230693963240717
1358,0.038329808850122944
1359,0.08848261506320808
1360,0.09426631953173889
1361,0.13080351840489335
1362,0.12128166781346995
1363,0.015361891539603363
1364,0.03809007436891238
1365,0.1184559192446614
1366,0.021304167393962823
1367,0.011759049312392397
1368,0.13758398614648726
1369,0.11788151246539644
1370,0.030029499874412263
1371,0.115383761383559
1372,0.04285191299947355
1373,0.04901103576746798
1374,0.08186059811975929
1375,0.0412179895263096
1376,0.03837251661994305
1377,0.13316431952643373
1378,0.0538487330218512
1379,0.014685971274636153
1380,0.11868085538836455
1381,0.04360697600842061
1382,0.2089850077067605
1383,0.024006756450257946
1384,0.020389417509898887
1385,0.035352442132294284
1386,0.01406261420958631
1387,0.07644043106064506
1388,0.043358415575191746
1389,0.041122434341880044
1390,0.030435871052592857
1391,0.07625124280743784
1392,0.010355881603594535
1393,0.039553121999502755
1394,0.04134310676368454
1395,0.08488613019707476
1396,0.13373495890759032
1397,0.010158766561132293
1398,0.13810349871886643
1399,0.17260265267851796
1400,0.060706525984747864
1401,0.03671382593108711
1402,0.051788077409046056
1403,0.03775772969605208
1404,0.01643690589055452
1405,0.0434312201474159
1406,0.032148411333625206
1407,0.021059970150658698
1408,0.1483918656408369
1409,0.18538156368932376
1410,0.1323637517458257
1411,0.06743016104185497
1412,0.021808649850287132
1413,0.1594530204991466
1414,0.09743556862955237
1415,0.04054406160752408
1416,0.029792252174507757
1417,0.027332298135470962
1418,0.0926381186229565
1419,0.035548748355918626
1420,0.02723813518061853
1421,0.16722227351849347
1422,0.05093846302748241
1423,0.032790254925032104
1424,0.13237414976539905
1425,0.026209420429640487
1426,0.03779644017896451
1427,0.10313433440301158
1428,0.07034037591778611
1429,0.09117546109607005
1430,0.01671326915383599
1431,0.03211203513576341
1432,0.15187328597545993
1433,0.1198708044388392
1434,0.07293197114619851
1435,0.06611710709485935
1436,0.03547491696241181
1437,0.09433584507897659
1438,0.03904719060410549
1439,0.04903837846427978
1440,0.06255124287298011
1441,0.05492823066052349
1442,0.06658828035407238
1443,0.042478202764837616
1444,0.07465550849241614
1445,0.27319240470641387
1446,0.02547980413963617
1447,0.12113073906099862
1448,0.24879374732588344
1449,0.06316718610641
1450,0.06268412937074147
1451,0.08049928332247079
1452,0.060483301002686736
1453,0.13643912642324224
1454,0.057480106749917874
1455,0.07076346422381324
1456,0.15950867126883994
1457,0.013892023371766624
1458,0.29527419077019706
1459,0.10825865242822463
1460,0.023139486638315
1461,0.1292427241874417
1462,0.28540776798771
1463,0.03027501194383307
1464,0.02732809342912966
1465,0.09253035679362583
1466,0.03277863530733776
1467,0.034148748596292675
1468,0.07063579610278227
1469,0.03429861571263329
1470,0.021168345446938356
1471,0.010683271129085811
1472,0.08786417563930819
1473,0.07484994192336758
1474,0.02600164834752983
1475,0.11632004397412575
1476,0.040124863386302244
1477,0.12616155094129036
1478,0.1031882884593218
1479,0.15897554986229434
1480,0.03950076261729525
1481,0.043473552142253506
1482,0.1470662310311797
1483,0.07884107619545243
1484,0.11011151423882877
1485,0.16013558122624036
1486,0.02328611290327314
1487,0.034928338717575516
1488,0.03204305661937939
1489,0.020470407350607445
1490,0.12277779878567051
1491,0.13128249932202601
1492,0.0384667594489036
1493,0.11317293430769641
1494,0.03864386319211988
1495,0.041171479598694855
1496,0.030006296840757802
1497,0.053567276300107894
1498,0.03345566651385917
1499,0.07422398309727882
