Round,MSE
0,0.08339940244030909
1,0.05519091333338355
2,0.037197092100634176
3,0.036783007147692476
4,0.03903222961808787
5,0.04579703122791475
6,0.05178672319941736
7,0.05135950934950787
8,0.04691249332064431
9,0.04059714564375448
10,0.03898558231160273
11,0.03900205188838845
12,0.03818327930398167
13,0.03964502553284226
14,0.03929558722444569
15,0.04100958568801345
16,0.0430006312407997
17,0.05319427792298281
18,0.05619065744754809
19,0.05117674202547235
20,0.05265338999402307
21,0.05129090899128296
22,0.05272061502569011
23,0.05549563957418634
24,0.05167104766039863
25,0.056028340055006086
26,0.05432811952653076
27,0.05521043008022921
28,0.05173844251715529
29,0.049008674508691064
30,0.04919873657318073
31,0.048831109673706755
32,0.04921216677017903
33,0.05024722991934429
34,0.046789352415592796
35,0.03986617463263761
36,0.0416424520611223
37,0.04426653790688429
38,0.041816130554865924
39,0.04111166172515178
40,0.0382021120988098
41,0.046108676498983425
42,0.05233223928416411
43,0.05336366915188339
44,0.0478366718638929
45,0.05670214486855682
46,0.054224270374561026
47,0.05158496172349444
48,0.05446965289187217
49,0.0572317283714184
50,0.060123703471069316
51,0.055330435807459936
52,0.05055123357609909
53,0.04476331658581247
54,0.04962743430952248
55,0.04619054905313995
56,0.05333736575123706
57,0.05328947413355252
58,0.043760655491530756
59,0.04648281071963605
60,0.048433549359989954
61,0.054932118685862806
62,0.047129552052942086
63,0.04508149061829757
64,0.05089400253290761
65,0.04626729606089274
66,0.04757215750765558
67,0.04946316786062658
68,0.046518127168819035
69,0.039056968151726656
70,0.03897442018028478
71,0.045936895314507606
72,0.04892619158990157
73,0.05458786590433435
74,0.05099700711607216
75,0.05103704965431647
76,0.05336909606720051
77,0.05265104620864522
78,0.05580422909369818
79,0.044431665704370515
80,0.04208016433810755
81,0.0476708494371688
82,0.04508609482653694
83,0.047106047648852414
84,0.051522996067092756
85,0.04888371811891608
86,0.04218485792750701
87,0.036713978108771986
88,0.034407385541517614
89,0.036246635319441556
90,0.03612824996610723
91,0.03874903892283096
92,0.04409531380826147
93,0.042870499170834284
94,0.04523089369390577
95,0.04553825969470596
96,0.04240288063927012
97,0.03932434890710251
98,0.0410511844753643
99,0.04339195794241171
100,0.0463001233237393
101,0.04264592765029749
102,0.03602514888809523
103,0.03800846935475476
104,0.038904499648103115
105,0.03848446601591449
106,0.03773214016817594
107,0.041922741381216926
108,0.04601702448384925
109,0.0558548818595944
110,0.058653270858396195
111,0.04877297278000082
112,0.046166800441878875
113,0.04190809721956649
114,0.03917377156095914
115,0.0434282643800804
116,0.03729021661299572
117,0.034706497529604016
118,0.03646436276883829
119,0.03938816851958414
120,0.04085477450814415
121,0.0491411419717679
122,0.042353333351637074
123,0.04366598343331092
124,0.04301607830508606
125,0.04220816243082002
126,0.037891643522530286
127,0.04352126302915408
128,0.045153578597934646
129,0.052237322089892915
130,0.05194556522729088
131,0.0450383132065343
132,0.04879991492290155
133,0.04890510831862455
134,0.050306417153129335
135,0.04822636950759669
136,0.04232495792991358
137,0.042466635665144546
138,0.0448085532740983
139,0.050851867913325785
140,0.05959544821332321
141,0.0744438668312302
142,0.06890085682423887
143,0.06093435584692497
144,0.05252570544347136
145,0.04403874509487675
146,0.04285433371471915
147,0.037975689573230526
148,0.037462776283149174
149,0.0358112938366909
150,0.042989341297377845
151,0.04189641236449333
152,0.03538100281013054
153,0.038556835580085776
154,0.04658254095871691
155,0.058269976210894595
156,0.05876301832085262
157,0.05576308884156515
158,0.04002237380724856
159,0.03791057441385388
160,0.035583734668495515
161,0.03725272354566637
162,0.03927607383588243
163,0.03638038919550056
164,0.0332420425651361
165,0.03199581232184238
166,0.035168376584497806
167,0.036621273070003256
168,0.04622630287154835
169,0.05777870725819432
170,0.04834860827861713
171,0.052348311069403304
172,0.04930729493860678
173,0.05283620376829574
174,0.04140670449342788
175,0.03743101703436345
176,0.03678960064264665
177,0.04018231334443463
178,0.03925181197372423
179,0.037942301259632834
180,0.03374178599093209
181,0.03544569719889154
182,0.03875006598148961
183,0.039421210866167004
184,0.041068660975098016
185,0.03367055479627884
186,0.03595772938940195
187,0.03325371559367355
188,0.03453858311935323
189,0.03676548393286082
190,0.0372115949767453
191,0.044657412288735994
192,0.05249162452437108
193,0.07374110332247562
194,0.06559143594106709
195,0.050318930651358014
196,0.03753045456170252
197,0.040058349275234606
198,0.03988953070718224
199,0.038607481543754124
200,0.051399378680153686
201,0.04551942434092838
202,0.05888595406008015
203,0.0663891215370995
204,0.06106728081448489
205,0.07060337868154144
206,0.0804161230044645
207,0.07169811595511044
208,0.06395131373770963
209,0.049525372623063245
210,0.039176310647764584
211,0.03472165661822363
212,0.03691458803681476
213,0.03850985821819185
214,0.0433345169267133
215,0.03543083397369232
216,0.04023407079384018
217,0.0449633754570004
218,0.041653595327523066
219,0.042560351471758795
220,0.041805885914085454
221,0.03776760242915551
222,0.04550357315787681
223,0.06049917523095481
224,0.04450258027630848
225,0.04818053938515994
226,0.04918143471261482
227,0.04902203945352278
228,0.05113004694645757
229,0.04690749104461922
230,0.05307593142232738
231,0.04847830672368492
232,0.04024979773283891
233,0.03746116365911946
234,0.048147440393553814
235,0.05718021232293335
236,0.05102611599764367
237,0.047910840191070496
238,0.04811534379575043
239,0.054369500373270034
240,0.05906914511042155
241,0.04913571637521638
242,0.039528338940575176
243,0.03874682853137663
244,0.05150402087634726
245,0.04953074528865522
246,0.04918739105222349
247,0.04861501014038884
248,0.06226952072506176
249,0.05581446326231459
250,0.043956660260740923
251,0.05341589093156316
252,0.04784533093839546
253,0.043078940755839804
254,0.0570967505618121
255,0.055250317545543645
256,0.06577310300595769
257,0.06327067364290333
258,0.0689020524406532
259,0.05696417889123329
260,0.04583100526912149
261,0.0459602481470483
262,0.052556794280093584
263,0.061886508832218724
264,0.0685374219170341
265,0.0598916755312346
266,0.04526235829640252
267,0.04304442965228309
268,0.046766128705304
269,0.05834864477799183
270,0.06716174663462607
271,0.06073564034356048
272,0.05663172322338594
273,0.052895420129281424
274,0.05216681213618169
275,0.06626591249306985
276,0.05720941251019031
277,0.050838185247730316
278,0.05550528525401091
279,0.04361595565765131
280,0.039226650046766905
281,0.03614079123657049
282,0.03510014718662053
283,0.03719187024561403
284,0.039559635258369495
285,0.03925166714580132
286,0.04126401409474958
287,0.042780615416253456
288,0.046276669082753116
289,0.0474229066407998
290,0.051052731143349496
291,0.060161603417557614
292,0.0451370466910827
293,0.03830250929708816
294,0.03751564936053421
295,0.035532177999282044
296,0.03669915230296657
297,0.03526342501040143
298,0.03226860523541479
299,0.038490030721111776
300,0.04748576538228534
301,0.03714643480666873
302,0.03563659827625801
303,0.034042555417003524
304,0.04099868632922146
305,0.044077319450329125
306,0.053329104423317314
307,0.04874015714971731
308,0.0502136445441734
309,0.04319803891336195
310,0.04079461612230095
311,0.038828415671744415
312,0.03434793364352881
313,0.034276556770176346
314,0.036003232576116234
315,0.035743893679409715
316,0.03828675434566888
317,0.04327535811880978
318,0.04681424716037566
319,0.051596748037033034
320,0.044768876269716075
321,0.039814573491965516
322,0.043186039656684945
323,0.04802667046114126
324,0.038281440338727914
325,0.03581404597150609
326,0.03556589346096004
327,0.04261123938520752
328,0.045088221282583364
329,0.04470929258125135
330,0.04817940573790836
331,0.050143778102994994
332,0.051183230822008784
333,0.03936706399838791
334,0.044823428077310656
335,0.04834066165795146
336,0.040046777442604785
337,0.042180094208883565
338,0.0588661444115995
339,0.06939090010051802
340,0.055902119596589236
341,0.04959222575318274
342,0.042158021867138566
343,0.061844560787344904
344,0.04944212626839973
345,0.043146621663209886
346,0.0387884738174449
347,0.037377164892382665
348,0.03822833364283568
349,0.043419096736423766
350,0.04536439663354627
351,0.03397277050041175
352,0.027986019097578124
353,0.030515276262249928
354,0.0321059570294807
355,0.045543547335928
356,0.043890949094670575
357,0.03739252315885808
358,0.04814701118478964
359,0.05782388676775148
360,0.04181875698331251
361,0.03998516726882717
362,0.03974215592625576
363,0.041542553405284545
364,0.03644532121737766
365,0.03160262780368273
366,0.03382097593859431
367,0.03391446262214986
368,0.03241024938898598
369,0.0342905837225185
370,0.03206076956219604
371,0.03312991387863049
372,0.03289247520989159
373,0.03250881390265027
374,0.0334367488162614
375,0.03725199198470908
376,0.04478619444941942
377,0.048663316607906404
378,0.04440739413067544
379,0.03749502665435201
380,0.03720328485327241
381,0.034945506778620475
382,0.03431316515107937
383,0.03292035134970048
384,0.032994790739253765
385,0.03384618887640041
386,0.03657533027427981
387,0.04062304382407788
388,0.04955380143784138
389,0.044212217603797795
390,0.035416304180422256
391,0.031850450690437626
392,0.0352784412330817
393,0.03694226415856192
394,0.04274345072016864
395,0.04462853630852433
396,0.049926446010671886
397,0.03539869264069255
398,0.03763850031934201
399,0.04361251624568235
400,0.03617947246295397
401,0.03104930439647624
402,0.03010545232477269
403,0.03272931760558303
404,0.04030251374096073
405,0.040688683212789796
406,0.04730403562155565
407,0.04454579600347174
408,0.04315753753986388
409,0.05062232204836422
410,0.054428664030042546
411,0.04384743869664122
412,0.048293628901097785
413,0.045773483416141285
414,0.046990455964905704
415,0.05285586165116183
416,0.052123984087322196
417,0.044088438836343884
418,0.03414558131008334
419,0.04020614308816894
420,0.045153495297792064
421,0.04291629739290873
422,0.040252640065332086
423,0.04536069264537889
424,0.043892951702456114
425,0.0521639550522862
426,0.05429789166366063
427,0.047099820970073224
428,0.04714090147124443
429,0.045309809097656466
430,0.04535439113373152
431,0.03845866290468955
432,0.03495904409344938
433,0.03212889336556791
434,0.03510316931923786
435,0.03815080732465222
436,0.036496415517322904
437,0.03208331872080154
438,0.04249002571861352
439,0.040067509212504876
440,0.0463355371156657
441,0.05149392265394091
442,0.04660268958162033
443,0.04430464781364752
444,0.05737833708463512
445,0.06516406044381538
446,0.04727451975604559
447,0.043887051699715504
448,0.046264913445281663
449,0.03641861588108184
450,0.03280948011955004
451,0.035070387693778106
452,0.04423464036222816
453,0.04376952331257585
454,0.05109029574831152
455,0.04571136144650972
456,0.03568502714378666
457,0.03815278863311445
458,0.045860075442365984
459,0.04540594812338078
460,0.04707540978794967
461,0.051484913092940926
462,0.04312838947414398
463,0.04615067340426034
464,0.04094850394211896
465,0.03659619747579308
466,0.033201175783156456
467,0.026741766538702274
468,0.02629432592395694
469,0.029613082294537896
470,0.035516343047706116
471,0.033875129155798454
472,0.03209828343665148
473,0.033920968864953556
474,0.040402986679667074
475,0.036109536873665644
476,0.045881201805145565
477,0.03864781403076209
478,0.04541788390563901
479,0.040393182307221345
480,0.030962080537888778
481,0.03316389788172661
482,0.031583435457045624
483,0.03788925864834118
484,0.045042159151657095
485,0.03280029705873989
486,0.03504548889306452
487,0.043196631083826285
488,0.05147037057815837
489,0.05846263835127188
490,0.0443173930121789
491,0.03923258910561469
492,0.044305005324441434
493,0.039936677816435534
494,0.04152249094206171
495,0.041793139371541485
496,0.03187079207716481
497,0.0373252866004645
498,0.03205323946233699
499,0.027503254551669618
500,0.030026723058901122
501,0.032247397950677416
502,0.029447804202362204
503,0.041237629817049565
504,0.048001881728455015
505,0.05350107320081104
506,0.053520330370365035
507,0.05556079348725466
508,0.04950003724846311
509,0.0386889177680442
510,0.04119863496655802
511,0.04369446408335891
512,0.036470760494444865
513,0.03394744736300519
514,0.0340909389721404
515,0.03276163636518642
516,0.02598204754343502
517,0.024851312121061814
518,0.02561763084791321
519,0.03500045380688474
520,0.03810295343887898
521,0.037630667472377685
522,0.03493965890140581
523,0.039895706518635124
524,0.0422116631733867
525,0.04987890390082217
526,0.05684205317373769
527,0.04926152816476547
528,0.05531198956520568
529,0.058380787046008506
530,0.04887121357750307
531,0.06343764515960049
532,0.0759124829489993
533,0.06549819601661944
534,0.04455257591785047
535,0.0447459723974594
536,0.05656571855043894
537,0.052429139631201396
538,0.06157197452606041
539,0.061717469858291886
540,0.03607475496753216
541,0.030918637897451823
542,0.03092858973200978
543,0.036706984997299984
544,0.045986532084885866
545,0.036494626297530655
546,0.033491149491635015
547,0.02615868522926588
548,0.02564550167396315
549,0.02803723545354149
550,0.03556103165739405
551,0.031000178016468725
552,0.03880025890935001
553,0.04697591850628994
554,0.043362484161529415
555,0.038058910345200404
556,0.04434288384394128
557,0.04358111333430452
558,0.04233461414636732
559,0.04052124660887194
560,0.034744123506726995
561,0.03557443758962787
562,0.037422071735596814
563,0.03572919988504989
564,0.029870736795760928
565,0.025058764914481644
566,0.026635771344222167
567,0.03497779448885688
568,0.039236897579178705
569,0.036685463254889306
570,0.03643585347797943
571,0.042384243850216566
572,0.03359737211697808
573,0.041850688892305504
574,0.03960502578734611
575,0.03136806990564891
576,0.023775657705753617
577,0.028551206260548065
578,0.02807781320057884
579,0.028731013455742853
580,0.027603154521748646
581,0.03762178554057042
582,0.04486941830497515
583,0.027806502781805586
584,0.031199138813772363
585,0.0328439530292593
586,0.026595191182270456
587,0.024314538310985546
588,0.026317436725179635
589,0.03672938334320704
590,0.05767912477813155
591,0.05082112804456966
592,0.044847982456570984
593,0.04355674270267164
594,0.03685501041398463
595,0.028535444499929064
596,0.02414311738926862
597,0.025154006659508288
598,0.024637631446689796
599,0.025127337936397397
600,0.023893521935637006
601,0.02373103087016919
602,0.03521010688008245
603,0.044241806895227
604,0.05275752654248257
605,0.042851440162460314
606,0.03752314919307435
607,0.045896947678312365
608,0.03801850746317072
609,0.04375414276413974
610,0.03382609387977851
611,0.039620718880926845
612,0.04271708735171571
613,0.03334149394672796
614,0.032430529029045516
615,0.04240169226203107
616,0.045336169459217854
617,0.034112173472708576
618,0.025603965292184904
619,0.028693880115305746
620,0.037195952316028284
621,0.03462700828872213
622,0.03902875034443444
623,0.042550526284293726
624,0.03401923353763402
625,0.037517032874776
626,0.03309989185895153
627,0.03871894902255538
628,0.05925950589002043
629,0.045993728769182
630,0.051565207019973754
631,0.05114630418391412
632,0.0362375014678299
633,0.03435949252961818
634,0.026691441190152362
635,0.025692951451873978
636,0.02849832240210144
637,0.03787575366431909
638,0.03355522915431418
639,0.04078962593532948
640,0.039834528609365205
641,0.04046494940651523
642,0.05235624033428775
643,0.039150902904432655
644,0.033879795285853394
645,0.025847047756120647
646,0.024407281230005743
647,0.036097455057800175
648,0.04698033216892531
649,0.04358791107138717
650,0.030602584329798378
651,0.02392371448092796
652,0.024371804544353896
653,0.02327868947015467
654,0.029794977374937377
655,0.038628455818792914
656,0.051824171188370224
657,0.0528868918637882
658,0.03934217249886225
659,0.028486799192542343
660,0.031141309728936414
661,0.035226139001752574
662,0.04009026827390744
663,0.03917281783009727
664,0.039420274847083894
665,0.030867076969022016
666,0.030185601128657744
667,0.02246874557691202
668,0.023483314903395967
669,0.031229173556684475
670,0.033206438678563294
671,0.027638756588220872
672,0.03205488499409328
673,0.03473450008559289
674,0.03076929314316701
675,0.03503219127578867
676,0.04612187067955258
677,0.047905091101147906
678,0.05053576070220877
679,0.06206249832200977
680,0.06018581452313438
681,0.0421354328133862
682,0.03987444153393055
683,0.05496849452526379
684,0.04918932635257586
685,0.034975300527101426
686,0.037319518141468715
687,0.05224848266769289
688,0.0603883292871504
689,0.05554385765021558
690,0.04454511329817072
691,0.028802958695198368
692,0.028649861978387658
693,0.02473500831889594
694,0.035615403415631144
695,0.04829970548438581
696,0.051106206758432186
697,0.045798621007241434
698,0.03907055221372173
699,0.03876530429492045
700,0.02705321879536499
701,0.032193943268259716
702,0.039192158334130145
703,0.03429760164837055
704,0.03383137141728452
705,0.03236238018180529
706,0.03908679510617136
707,0.05370496315217913
708,0.048719804813418525
709,0.05063810005743315
710,0.04754149183875904
711,0.03864721833001886
712,0.042823224802259335
713,0.04572262580232039
714,0.044375359942893045
715,0.05880604480034948
716,0.06180247257404493
717,0.04290691532793438
718,0.05824466272968955
719,0.06004108139250916
720,0.04294757954227414
721,0.029470040254618562
722,0.030679773575647978
723,0.02596345023329854
724,0.028236259972056484
725,0.028151291735286337
726,0.034192077040274604
727,0.040748544728282
728,0.043956338207542134
729,0.03878084561035025
730,0.0378802344858211
731,0.035343242475765674
732,0.040218756613697414
733,0.02914663551053262
734,0.023100590549222054
735,0.024777514980971336
736,0.020348419167964437
737,0.0204078353347135
738,0.025428570274095005
739,0.03410230663986305
740,0.043792088601256635
741,0.029905184792256092
742,0.04006121174770085
743,0.04523357335866977
744,0.038282143781744264
745,0.030837404874150216
746,0.025074096960654255
747,0.02818975503828997
748,0.027538601965344918
749,0.026040140709445922
750,0.02561209589590726
751,0.021510894487720873
752,0.02456038798946893
753,0.024717729691980307
754,0.028067848677560833
755,0.0343021253487295
756,0.03825291832874764
757,0.03739198707287963
758,0.03467531500839425
759,0.03567252073954565
760,0.03304348847148095
761,0.03656909897129583
762,0.055869501741358386
763,0.06483166436810811
764,0.051390229199390444
765,0.05436162227247821
766,0.044470191186763715
767,0.03291874872601316
768,0.03367784396014228
769,0.04714064563846598
770,0.05067103318441816
771,0.04265073877494896
772,0.04488032384077432
773,0.06740042199149895
774,0.06022866370059205
775,0.053195523240007515
776,0.04848877501759672
777,0.03763569738015236
778,0.031469664418484
779,0.03337259472134329
780,0.0373767723999239
781,0.03635154404437342
782,0.03968724375645351
783,0.0325235961709761
784,0.032239124727558396
785,0.040677259944789795
786,0.04215795472887113
787,0.04376834662363725
788,0.039518065528297404
789,0.02774282211972959
790,0.03420924989954299
791,0.04034651017161812
792,0.04247167512373292
793,0.048269985031208225
794,0.05725312710474313
795,0.04685526861523583
796,0.041058287195408494
797,0.040026226798025866
798,0.04096113715749691
799,0.04225351963991529
800,0.02958138516513513
801,0.03287623457782478
802,0.03510222177127453
803,0.04742367670735891
804,0.04521009672494659
805,0.043379762196384924
806,0.035947340363334385
807,0.036830958089005286
808,0.046302171233634073
809,0.04027995294150704
810,0.04633292815799881
811,0.03599928952158233
812,0.02950340242421342
813,0.031043339817154094
814,0.04818031291217285
815,0.05371123264389078
816,0.04692093388047517
817,0.035938756844115474
818,0.04532949518051039
819,0.04665305748329246
820,0.04670591829405664
821,0.049145271047052214
822,0.04386278082764553
823,0.04378867301555512
824,0.042331487267833846
825,0.039832800808074956
826,0.03727463169657516
827,0.04231777262568077
828,0.038892435160358035
829,0.03246994925497589
830,0.02621757727282294
831,0.0339567203229747
832,0.036397570407108185
833,0.04415512612304822
834,0.04568190204498632
835,0.05902596793955332
836,0.05917180299205142
837,0.08133894049917033
838,0.0856502693757185
839,0.08060730721862928
840,0.05657208591864198
841,0.0531811283294436
842,0.04963430773613952
843,0.04971588377229562
844,0.05821245957538948
845,0.06373420887494793
846,0.06841596990872233
847,0.054187798479751255
848,0.05903911026317109
849,0.05595551971858797
850,0.056036487766945836
851,0.059837624306937946
852,0.048318183712843986
853,0.046454713933360973
854,0.04592275210902608
855,0.04307656848986443
856,0.040428029099153176
857,0.030545420306809193
858,0.02743213525311908
859,0.02631861042583078
860,0.027574701649158113
861,0.04097603421607268
862,0.0367823953206641
863,0.036730131417208864
864,0.04236444756232741
865,0.04173564750956906
866,0.03382790878280816
867,0.035207021424606535
868,0.03892816821845208
869,0.03227389410095796
870,0.04022189692963238
871,0.04605382142206289
872,0.035556344820695224
873,0.033080005145055984
874,0.038965730765711894
875,0.04346196635449601
876,0.0398852168517531
877,0.041938893456804564
878,0.045851528070912084
879,0.045215338616161664
880,0.05323870880457761
881,0.048522739692027014
882,0.06245015214511774
883,0.06091313226213055
884,0.05509229485471089
885,0.038681654049884114
886,0.03032502609673199
887,0.03338012792922078
888,0.04677292664627668
889,0.03657074052085178
890,0.03871148347673606
891,0.04200082642527299
892,0.03237890757623986
893,0.03476542128819561
894,0.028940138371134926
895,0.03395489941954433
896,0.04315951188051309
897,0.04554388560687737
898,0.05976016471903447
899,0.05171917331428998
900,0.039164492986215396
901,0.03575553944888891
902,0.03224384650728761
903,0.03222794691147733
904,0.035606203279149984
905,0.0397480797477708
906,0.048189818470548235
907,0.03885373288137613
908,0.0358783355783105
909,0.042568861147055916
910,0.03712830847146323
911,0.04298001601371939
912,0.042988468266270397
913,0.03942016551795017
914,0.03174230658348368
915,0.03687671059854423
916,0.03681736374526687
917,0.03671376042636159
918,0.044569041454296555
919,0.036476575611637814
920,0.036382553268511364
921,0.04499203587485703
922,0.056216289803192376
923,0.04017671910065869
924,0.037399835475716174
925,0.040471382428066895
926,0.04498934671734044
927,0.03702962176504262
928,0.043983406460054365
929,0.05788095885204234
930,0.04853603245641337
931,0.043263893026544625
932,0.04916547511725649
933,0.07327528158368313
934,0.07549219657318154
935,0.05922052024850277
936,0.0548770191603646
937,0.054672713219076095
938,0.05112650707893915
939,0.05358769832712101
940,0.05985809151928072
941,0.04208746033085135
942,0.03489700516683774
943,0.041958907331570115
944,0.030488063525836412
945,0.030083227930700868
946,0.03007882919893618
947,0.036241811495089746
948,0.04844613442730989
949,0.05281103258201704
950,0.06373512077327892
951,0.0487148313550605
952,0.04521485298430529
953,0.06879891248485473
954,0.0857659640373258
955,0.07848789638709311
956,0.07231837035422696
957,0.06951930934987437
958,0.059642280637694986
959,0.04947196932128495
960,0.045365660001544246
961,0.04583566463072886
962,0.034393947436745884
963,0.03864170427851488
964,0.03942578859896583
965,0.03690958103488543
966,0.04071090775858165
967,0.033635792129880784
968,0.03501985077450421
969,0.0391295646553671
970,0.04230779553890482
971,0.04847539915678151
972,0.03934646978243666
973,0.03847789708745122
974,0.044798095853822446
975,0.04168693674580158
976,0.038462446462245364
977,0.04136676415558553
978,0.04532255539349289
979,0.036710301986811716
980,0.03720081983807979
981,0.04079888139981272
982,0.039787484961961175
983,0.03748874346296665
984,0.03653685642990649
985,0.04087639504501701
986,0.0438891648081733
987,0.04196228983040133
988,0.03824313069030937
989,0.034753047433252734
990,0.03896579286163479
991,0.03645275241675987
992,0.03574915185764618
993,0.035089829489552984
994,0.0322414640248743
995,0.034190590790727546
996,0.03922910922659315
997,0.03769197875467104
998,0.05199370294464341
999,0.039790556844961654
1000,0.047120371141471294
1001,0.04709465048751077
1002,0.03187625548427878
1003,0.029262544515650985
1004,0.03472083043078013
1005,0.044130555006068245
1006,0.04182980738912457
1007,0.0525306292829457
1008,0.04390408039172037
1009,0.04759533543424421
1010,0.03297631664240603
1011,0.03807431754426443
1012,0.049990944917000214
1013,0.05554676532289848
1014,0.06701853601944581
1015,0.08496538102801815
1016,0.09055954078485999
1017,0.09514416715926188
1018,0.06892012679442285
1019,0.07123424978411248
1020,0.056553011296236626
1021,0.049360099219917755
1022,0.04587668976818714
1023,0.04305384455832647
1024,0.04495916624671978
1025,0.04947157613603501
1026,0.05001654306221887
1027,0.047247073405431175
1028,0.052399553332813764
1029,0.05051553738553534
1030,0.0455967186723785
1031,0.042553809607490556
1032,0.03274169140279074
1033,0.031858648486467925
1034,0.0405201856824147
1035,0.03898936493463995
1036,0.03289615070780525
1037,0.03312475262908315
1038,0.033815632874008995
1039,0.03120806375700239
1040,0.04643165481868522
1041,0.03999158457483912
1042,0.04263723168247609
1043,0.051834049838353914
1044,0.05798418714094518
1045,0.05381590820393143
1046,0.0616100505328879
1047,0.06301453507345223
1048,0.04455768666690656
1049,0.034260328966958534
1050,0.031993278157912974
1051,0.040096753808217235
1052,0.03133724815480681
1053,0.03800857500842268
1054,0.044314057617956815
1055,0.046581048508916784
1056,0.030592843444309886
1057,0.033235144304985635
1058,0.03042420807338235
1059,0.031548304925287214
1060,0.028844912128663306
1061,0.028873172382541584
1062,0.038068118459212846
1063,0.04269385902327805
1064,0.04066331435647636
1065,0.03550126308690926
1066,0.04344682046087887
1067,0.05404334801059461
1068,0.03950077999316927
1069,0.039600927720206826
1070,0.03666349123670315
1071,0.05022571095407382
1072,0.07060693136237493
1073,0.049656658697754916
1074,0.05029433825243081
1075,0.06638088260720056
1076,0.03609873795220391
1077,0.03235292390011687
1078,0.03428954087146088
1079,0.041102141547031505
1080,0.05291341896642724
1081,0.04981494989063081
1082,0.04162778421813935
1083,0.03340058258950432
1084,0.03370434928630664
1085,0.03846487269036994
1086,0.04842290544429963
1087,0.03956592598322041
1088,0.03672679846417239
1089,0.048357402756794114
1090,0.045497131873725276
1091,0.047219527075647645
1092,0.045528387369833244
1093,0.038578914808528285
1094,0.03284572679954941
1095,0.03487178971512848
1096,0.040936476776424646
1097,0.03364895272237515
1098,0.03825645431955495
1099,0.036798478437791896
1100,0.05299116469963185
1101,0.0520139528233902
1102,0.038274627867561535
1103,0.03921900826568224
1104,0.043211017767957646
1105,0.054008967628519554
1106,0.047692946259240164
1107,0.05589311585920083
1108,0.038254599338598726
1109,0.02738120552162852
1110,0.025665055269433145
1111,0.03229364585365414
1112,0.03885348518708298
1113,0.02972645644726266
1114,0.025925316356799066
1115,0.03726648186873601
1116,0.049662554106330734
1117,0.05336382116025576
1118,0.0483245963853588
1119,0.044524757723030425
1120,0.05708540194343373
1121,0.06538157145975726
1122,0.06965721987551753
1123,0.05972580509707498
1124,0.04294366016708191
1125,0.04726504418005441
1126,0.049597595777136044
1127,0.04105816160363739
1128,0.04037445058958966
1129,0.041623010821956935
1130,0.03278974147061856
1131,0.03163770774332894
1132,0.035793605320613806
1133,0.03824845817867332
1134,0.035536607305050996
1135,0.04388377254607681
1136,0.04817575691937388
1137,0.05605668235739091
1138,0.05937199718910565
1139,0.0592823910465165
1140,0.048952000357300275
1141,0.0331799165846962
1142,0.03412859944705137
1143,0.046708683837307065
1144,0.044711628628033476
1145,0.030580761479953297
1146,0.027090367326158316
1147,0.03125481101493888
1148,0.027177182214100634
1149,0.033621519436174196
1150,0.04859691654546641
1151,0.06319088438210267
1152,0.07797725975134687
1153,0.08311071292765398
1154,0.08112524865462042
1155,0.051216264543142674
1156,0.034232011151367314
1157,0.040076852488258596
1158,0.0517639168537628
1159,0.054018519836065766
1160,0.05044314470554779
1161,0.05912900798804446
1162,0.05490677355831649
1163,0.04306735184211717
1164,0.051326321900386884
1165,0.04961602720737429
1166,0.040802176491384526
1167,0.03483328053280775
1168,0.03742235695836122
1169,0.030798630805446488
1170,0.03714035080824319
1171,0.04281216080531387
1172,0.0328448298524826
1173,0.030929717234595887
1174,0.029701523616584586
1175,0.03717914290644726
1176,0.03208830447119499
1177,0.024112652970032098
1178,0.027036225331645625
1179,0.03491742994902897
1180,0.03616434309238021
1181,0.040794486277071454
1182,0.05298805565828202
1183,0.04844886227168017
1184,0.0393341663934912
1185,0.03610168035031845
1186,0.03647946622615942
1187,0.034866144739118615
1188,0.02564680728316531
1189,0.023368195801579696
1190,0.023869073003057666
1191,0.03523187364201735
1192,0.0569216565349562
1193,0.06830680455578893
1194,0.053914677099362235
1195,0.049766271927697066
1196,0.05087213095804816
1197,0.045339128743407335
1198,0.0482534882808615
1199,0.03922600513139379
1200,0.04113508899994215
1201,0.04180658082751859
1202,0.04161880978282035
1203,0.04594293073933568
1204,0.0670180083979531
1205,0.08015188450263068
1206,0.07814517962564385
1207,0.06787320790082314
1208,0.03907077634712007
1209,0.03210771656554188
1210,0.03398596657717998
1211,0.04490658576114127
1212,0.04193076596074457
1213,0.024990634345526203
1214,0.02453281480997026
1215,0.021049980224143096
1216,0.02154943952331347
1217,0.026552673993302727
1218,0.032588904247248425
1219,0.029188341861794146
1220,0.04160587191483872
1221,0.057166994448099195
1222,0.053616367944446776
1223,0.04338406214008493
1224,0.05022575772106608
1225,0.04968559967309094
1226,0.034370471684404456
1227,0.0441908343817251
1228,0.043879089523572765
1229,0.04769099419680112
1230,0.049511099568654744
1231,0.05016877515065536
1232,0.041303264392753294
1233,0.02777325272056129
1234,0.02438247389887488
1235,0.0237669984407066
1236,0.03075958178538142
1237,0.043315003375606384
1238,0.04122980521850696
1239,0.03784967055445419
1240,0.03203944303438768
1241,0.05925437364330753
1242,0.04572360121464944
1243,0.05038540344683812
1244,0.05781644229774271
1245,0.04946701156514617
1246,0.0634118283339267
1247,0.07600406597641306
1248,0.04195398919340137
1249,0.036412431726034075
1250,0.023839478176255785
1251,0.025094991303350626
1252,0.02975269410659089
1253,0.028652681772290963
1254,0.03395485437531212
1255,0.03923163493457491
1256,0.05285120659729098
1257,0.04342772124130803
1258,0.04460425537824475
1259,0.03485069827464069
1260,0.031362018437019024
1261,0.031311917114945194
1262,0.03468861995695604
1263,0.03578520505090418
1264,0.03652236947631164
1265,0.02670481806334715
1266,0.03217565225975487
1267,0.023495025273792526
1268,0.03253746665707934
1269,0.034269247901870685
1270,0.05601360918388516
1271,0.07531071734538271
1272,0.054179462730047576
1273,0.032654939906365796
1274,0.03654905483226297
1275,0.02897824410750394
1276,0.0336128519951889
1277,0.05050845353958828
1278,0.060648074040702216
1279,0.042819341011035315
1280,0.030051885438618024
1281,0.03282795246211938
1282,0.03202133579662576
1283,0.03050955751923841
1284,0.03218241537952766
1285,0.029326706097677162
1286,0.040215379325128135
1287,0.03853613914070096
1288,0.04368268629318229
1289,0.05238920328820248
1290,0.06250924652878677
1291,0.053775994002258666
1292,0.03937053171876373
1293,0.045263426931019805
1294,0.03479980402227744
1295,0.031017153429003838
1296,0.033342730519158065
1297,0.04409943913956933
1298,0.0522534559416875
1299,0.056423496249127035
1300,0.034343502878786604
1301,0.03915497865010899
1302,0.05129203094362567
1303,0.054384098402935135
1304,0.0524255228980584
1305,0.0494169287218791
1306,0.052282839606529796
1307,0.04729329218784683
1308,0.04596211717063249
1309,0.046135166143194316
1310,0.05811553717026744
1311,0.052174208024108305
1312,0.053034290212356214
1313,0.03748410478506869
1314,0.040401063229277064
1315,0.031941587750280116
1316,0.030816214938827052
1317,0.02850386957391458
1318,0.04916035953514577
1319,0.05488555451668125
1320,0.06749164717322258
1321,0.06732710910604667
1322,0.04618080300625369
1323,0.037148290394747034
1324,0.04093277795649404
1325,0.04409315036354791
1326,0.05777362069416233
1327,0.04603809670732642
1328,0.04838603347516152
1329,0.04654969888012504
1330,0.033482478888667115
1331,0.034809237539227336
1332,0.0356376352567364
1333,0.04041532130787824
1334,0.03193316331853593
1335,0.02918871789325824
1336,0.03466197776031875
1337,0.03721654449676841
1338,0.039731659179652906
1339,0.03204893131677479
1340,0.03694481493549119
1341,0.041154098409802733
1342,0.03979142724048978
1343,0.028495211367696175
1344,0.025363755681985452
1345,0.02407794489482525
1346,0.03544023917883746
1347,0.04702929469745752
1348,0.051840558793422475
1349,0.037538208640210964
1350,0.03878900329539629
1351,0.04406835200278601
1352,0.03881404330581288
1353,0.03707904651155238
1354,0.03228339973217553
1355,0.03630787880329516
1356,0.05274587803907898
1357,0.04820489781449058
1358,0.03975411680709758
1359,0.04930366632062775
1360,0.05977162279531496
1361,0.0506822605503359
1362,0.039715521252156064
1363,0.04276114133122894
1364,0.044592432016398634
1365,0.039324186525713824
1366,0.04122318327950014
1367,0.0495640942975451
1368,0.04641242437362912
1369,0.03909886404377709
1370,0.030109200356299146
1371,0.030544733846787908
1372,0.03144995372948023
1373,0.03587103041827813
1374,0.027703156978887283
1375,0.04299638944928246
1376,0.060219903717935175
1377,0.04466029291583702
1378,0.03206264585150995
1379,0.026802903436188415
1380,0.03461850302154553
1381,0.043188004359835316
1382,0.03725848034969196
1383,0.03108388021204297
1384,0.029812352007514458
1385,0.033784125369895855
1386,0.030670201079336403
1387,0.042234326981450764
1388,0.0488747320702247
1389,0.054371537386919
1390,0.04924423848138987
1391,0.040216288059578935
1392,0.03558314778080613
1393,0.03884470578841436
1394,0.04587885385119249
1395,0.07393040688819644
1396,0.07154981226153705
1397,0.05935700475201792
1398,0.061383994755342224
1399,0.07464704010238758
1400,0.059165854882060276
1401,0.05313896665013849
1402,0.04840723921744779
1403,0.06665928431274078
1404,0.03679714875212614
1405,0.034724125555742905
1406,0.038603466211151
1407,0.03699774411782364
1408,0.06684430465559595
1409,0.07149633898613374
1410,0.10399214285678009
1411,0.08115005938791682
1412,0.04183804487070662
1413,0.031048772464345727
1414,0.04058651521492488
1415,0.03482562312879156
1416,0.04020831484699181
1417,0.037492351867162446
1418,0.05067691050991444
1419,0.031096378134041442
1420,0.030888084767978028
1421,0.05566279578212575
1422,0.056309832268746446
1423,0.03453890268795527
1424,0.03294165371996497
1425,0.03578079887155232
1426,0.03868419146359252
1427,0.04750822624424911
1428,0.053813584682232386
1429,0.043827084742930865
1430,0.04076318210466365
1431,0.031179002002168228
1432,0.03241105963373398
1433,0.033401129754851266
1434,0.03383864943156431
1435,0.02789655755264188
1436,0.035921689284960416
1437,0.040304622896558874
1438,0.037315360973046656
1439,0.034701109912743014
1440,0.033468844911163684
1441,0.032383104430703774
1442,0.04471709121530725
1443,0.058844773892586466
1444,0.064356672115614
1445,0.0741406051071256
1446,0.05538598412449843
1447,0.06806956960385638
1448,0.055863858713193965
1449,0.04293746196151864
1450,0.033689254226904095
1451,0.044823406987054046
1452,0.04806892387249071
1453,0.04983501577561699
1454,0.04819506095517643
1455,0.056431796568355376
1456,0.04852110155202442
1457,0.0473781877350967
1458,0.047711731833877766
1459,0.05534905938008687
1460,0.06051113399692123
1461,0.04896598072616367
1462,0.03533289127286346
1463,0.03425810164962141
1464,0.03623091133135987
1465,0.03189648041511721
1466,0.05082182398960951
1467,0.04523299658393387
1468,0.034198016995409836
1469,0.0443933524196064
1470,0.050334043989355745
1471,0.05959380213668949
1472,0.0692373466211503
1473,0.06347417410594074
1474,0.05091262527508934
1475,0.034868598366761316
1476,0.04327018773249421
1477,0.04328425634925563
1478,0.03822489443044157
1479,0.03318844486118416
1480,0.03340933119500846
1481,0.05976559357933083
1482,0.0497668194810755
1483,0.040644761150183686
1484,0.03170535961167729
1485,0.03523170264968786
1486,0.03648876574273265
1487,0.056082943196648354
1488,0.04744371706587848
1489,0.03772904431816562
1490,0.034828803909660006
1491,0.0704000624639008
1492,0.07371660540866064
1493,0.06984102928885146
1494,0.044592327794831084
1495,0.035550655135952285
1496,0.0385951940357371
1497,0.06085144338310945
1498,0.04065228569101695
1499,0.027654765161764107
0,0.10109391194052975
1,0.10112739051586209
2,0.09945766192974397
3,0.09538568667335959
4,0.0915955142536297
5,0.08688922484766724
6,0.0820635461223051
7,0.07683268295794655
8,0.07207853239455575
9,0.06746848786511007
10,0.0633444126498172
11,0.059497102297375
12,0.055848329531819445
13,0.0525795284255747
14,0.04977289947604833
15,0.0472432899571484
16,0.045133800391616456
17,0.04338573937218269
18,0.04183431232455889
19,0.04032849647665782
20,0.03910423924672516
21,0.038138921666641346
22,0.03741579081993543
23,0.036944094977125516
24,0.036591651717899853
25,0.03644739312630153
26,0.03632707372015837
27,0.03623124908925562
28,0.03616762559935656
29,0.0361869865593901
30,0.03615666327343096
31,0.03611534067702578
32,0.036104610907018775
33,0.03605781897872143
34,0.035907969185971146
35,0.03573698009811776
36,0.03562597551029279
37,0.035410428737391864
38,0.03528158903934433
39,0.03523183247544274
40,0.035252164778709835
41,0.035417201375840646
42,0.035595019118649554
43,0.035798397205246565
44,0.03599778156875452
45,0.036209394385105606
46,0.03648374929734197
47,0.03667117742824041
48,0.03685866272716766
49,0.037046574191901334
50,0.03733656267097146
51,0.03760126909055774
52,0.03777579209779468
53,0.03799780489804293
54,0.038169686572847215
55,0.03828725267608156
56,0.038521105766747485
57,0.03879891092268027
58,0.0389987113866153
59,0.03910265286370228
60,0.03907794117953719
61,0.03899238366312084
62,0.038818135853846795
63,0.03864370018536517
64,0.03853819352083448
65,0.038362798329657166
66,0.03831705229132064
67,0.03823380052091022
68,0.038207538839401665
69,0.03819921668976483
70,0.03819600492440339
71,0.038173853434127804
72,0.03815717809623337
73,0.03826762020474874
74,0.03826681543385445
75,0.03819409010726867
76,0.03817307866895798
77,0.0381261018803517
78,0.03807534875500157
79,0.03793628707876047
80,0.03776564493062488
81,0.037591286828379124
82,0.03741935316414824
83,0.03726347201766026
84,0.03713138191090985
85,0.03703341726202853
86,0.036915465447638116
87,0.03682974516759338
88,0.03670481629087825
89,0.03663380639843216
90,0.03658885131302119
91,0.036585420132917476
92,0.03676194233576444
93,0.03692280776509794
94,0.03708502829186504
95,0.03723582166344778
96,0.03736399732054444
97,0.03745470519331044
98,0.037257208844899053
99,0.036889848750179643
100,0.03677227721832055
101,0.03651294155858175
102,0.03596382358997428
103,0.03563504984057959
104,0.03531746348722232
105,0.034896814381566964
106,0.034666931456867854
107,0.03449326930185811
108,0.034352136685229746
109,0.034302214755393176
110,0.034270196821121625
111,0.03426484856278113
112,0.0342661150889624
113,0.034292634759378715
114,0.03427508162123772
115,0.03430037448042833
116,0.03430664717916937
117,0.03428087661839815
118,0.03425643603237656
119,0.034273713686483326
120,0.03423645697012099
121,0.03417698469659227
122,0.03411867666387251
123,0.03408194427128741
124,0.03403297296591608
125,0.03402797697292169
126,0.03403339693899087
127,0.03407793825251687
128,0.03410915162679711
129,0.0341818680962155
130,0.034255425384159405
131,0.034375568423646245
132,0.034442287165022324
133,0.03452332085080438
134,0.03455663263474626
135,0.03452350580676371
136,0.03443542334356139
137,0.03430387602716648
138,0.03422885533211524
139,0.03421345997192438
140,0.034109478059305885
141,0.03399108757981194
142,0.033842865066701026
143,0.03379077577128395
144,0.033793541901754556
145,0.03373590313802238
146,0.03372055536309554
147,0.03372451577285767
148,0.03372590831709014
149,0.03378563718933056
150,0.03382059480203397
151,0.03380550601359902
152,0.03377981471547285
153,0.03377532041733557
154,0.03380756396222662
155,0.03388594106475237
156,0.03402308876146006
157,0.034156562261510925
158,0.034156989972625534
159,0.03414082728938307
160,0.03406252144973194
161,0.03399399368956551
162,0.03400311403691393
163,0.033922228969100625
164,0.033840707492191396
165,0.03379697698769754
166,0.033707063814762656
167,0.03367378960154828
168,0.033643361732555006
169,0.0336949485676756
170,0.03372834555939102
171,0.033810210783582775
172,0.03394752815453631
173,0.034024365752361216
174,0.033941746789066536
175,0.03396527702196363
176,0.03398515311202874
177,0.03409292168754895
178,0.03412518188972179
179,0.03417905770402315
180,0.03414509736121504
181,0.03404869275473191
182,0.03388275524398717
183,0.03363177886707113
184,0.033352502798455544
185,0.03308090478827706
186,0.03296622701699283
187,0.03284651578368495
188,0.03280272852514804
189,0.03276480223143688
190,0.0327739581881883
191,0.03280736621102261
192,0.03281585315933494
193,0.03281927493361035
194,0.03283005004604597
195,0.032863815914308966
196,0.03291103637212299
197,0.03295582206366791
198,0.032971226460281285
199,0.03297511466985381
200,0.033008083313685134
201,0.03301059417167695
202,0.033007799741355336
203,0.033072778196556483
204,0.03317207682974042
205,0.033323428363988605
206,0.03349746868832609
207,0.03362952848420048
208,0.033848399613213814
209,0.03399781874465581
210,0.034152085184622864
211,0.03430245458705408
212,0.03440955379638026
213,0.03456357415912055
214,0.03465164371549305
215,0.03462854082092334
216,0.034603494506876734
217,0.03458167007632307
218,0.03451685515768453
219,0.03445139462219772
220,0.03436065291746639
221,0.03424866233425527
222,0.03426587981021921
223,0.03425477224220406
224,0.03424563311031974
225,0.034269027064312466
226,0.03434164769919517
227,0.034453402355617634
228,0.03451474420233723
229,0.03442958527178618
230,0.03444767558561293
231,0.034391831925885824
232,0.034598268852040745
233,0.03468527058540411
234,0.03479265478941896
235,0.03503000957178272
236,0.03524891795445201
237,0.03553580973197864
238,0.035762747812709064
239,0.03630713142994524
240,0.03703656391607997
241,0.037471971434823524
242,0.03738865913764954
243,0.03743641139872762
244,0.03780000018694542
245,0.03771932923585314
246,0.03765538317741708
247,0.037560867198480875
248,0.0373274903384862
249,0.036982826485528426
250,0.036392510050207764
251,0.036034381162303626
252,0.03603425270805574
253,0.03562949120106592
254,0.03502961181598064
255,0.03465064757851972
256,0.03442601438053554
257,0.0341018226838689
258,0.0338638864161416
259,0.03352406907326707
260,0.033291034318125606
261,0.03293369147359386
262,0.03285023214530977
263,0.032734632562607585
264,0.032704979039581916
265,0.03275831797127413
266,0.03272313683357587
267,0.03261208376966881
268,0.032541948629205286
269,0.032491026067900296
270,0.03246144596574373
271,0.03256847449316814
272,0.032655836553234334
273,0.03264460023126071
274,0.03276895137637453
275,0.033112219580096955
276,0.03348770429592081
277,0.03374872193662673
278,0.034119295163089265
279,0.03443895424903462
280,0.03463253727424588
281,0.03465199244334799
282,0.0346069622111772
283,0.03435562202850558
284,0.03427764550965993
285,0.0341729993314583
286,0.03398720561920104
287,0.03377817228953694
288,0.03353279892437312
289,0.03326919415271846
290,0.033180291570731255
291,0.03302034455888284
292,0.03293434735038652
293,0.03286763787472887
294,0.032778894747885735
295,0.03278465681021145
296,0.03271913638572785
297,0.03271144127962829
298,0.032601616639252096
299,0.03246756042774648
300,0.032373390637375245
301,0.032202130508754895
302,0.032080091963025005
303,0.0319702301188454
304,0.031862739270965425
305,0.031771767058670006
306,0.03173708213630888
307,0.031724376231553865
308,0.03172171625923711
309,0.03175175708532832
310,0.03178736272318276
311,0.031794276890372536
312,0.03177146174795071
313,0.03178559331620187
314,0.03178435792560316
315,0.031749965133389096
316,0.03171223637081575
317,0.03163568504129185
318,0.03157936750133193
319,0.03156809965204547
320,0.03161485553418065
321,0.0316156913934488
322,0.0316190801878971
323,0.03161308810341315
324,0.0315079765513943
325,0.03144077888498508
326,0.03131539015745145
327,0.031244597682885997
328,0.031213361307836338
329,0.031197644941085845
330,0.03124151191909916
331,0.03127981436513692
332,0.031285786082232925
333,0.031226948601456514
334,0.031158513241517544
335,0.031124060368376245
336,0.03109023827111611
337,0.03111731467132753
338,0.03122756079849877
339,0.03138754938809792
340,0.03150219386240673
341,0.03150081300765
342,0.031406961526653225
343,0.031491319212355484
344,0.031570569920936715
345,0.031798389317311354
346,0.03195376884051386
347,0.03203353066434547
348,0.03220612371626114
349,0.03207449456436978
350,0.031999739574005676
351,0.0318238339731001
352,0.031471468016248
353,0.03135599836853768
354,0.031201254971418336
355,0.0311944921056241
356,0.031095023318772733
357,0.03100998289646227
358,0.031056932214875644
359,0.03118859454921552
360,0.03129212015019575
361,0.03149505155700131
362,0.0317704345948667
363,0.03206173773301976
364,0.032445950928576474
365,0.03247787524535739
366,0.03209588519118094
367,0.0318254011127448
368,0.03161112047748724
369,0.03146304191997497
370,0.03137867599430264
371,0.031234442915530302
372,0.031116121944293047
373,0.031101499819205958
374,0.031162790055626544
375,0.03125213258074663
376,0.03132432221883007
377,0.0314327222774613
378,0.03154000982393026
379,0.03153226575501788
380,0.03151649344717994
381,0.03154153501462355
382,0.031471444849732265
383,0.031229073898195868
384,0.031003762243295704
385,0.030850786355550143
386,0.030618671305491695
387,0.030488319451137436
388,0.030500719724842917
389,0.030470747529701952
390,0.030481132050144306
391,0.03047308106640136
392,0.030488604997139585
393,0.03053234415179301
394,0.030668744350417297
395,0.03079576738538957
396,0.03089106850531814
397,0.030920479750372595
398,0.031017034752680906
399,0.031135878843579927
400,0.03116048612181914
401,0.031216777351356063
402,0.031231051747915437
403,0.0312497616307646
404,0.031244881121492835
405,0.03133281510807068
406,0.031468337783826544
407,0.03160420728301226
408,0.03174182452914464
409,0.03193226113340405
410,0.03207192843389046
411,0.032216493313277944
412,0.032400892978238484
413,0.03254160594888668
414,0.03267939112335041
415,0.03278088601708126
416,0.0330016299368066
417,0.033214142654622546
418,0.03343953460318935
419,0.03394077692609943
420,0.0343415027211325
421,0.03412316414090366
422,0.034162884321287126
423,0.03432615997284366
424,0.03413448813454361
425,0.033802061753195424
426,0.03361056219413488
427,0.0333688376254018
428,0.033247330460520405
429,0.03298432218221101
430,0.03268776461396356
431,0.03246678191699659
432,0.032375776156958226
433,0.03232724222380571
434,0.03223147948816549
435,0.032221920429888994
436,0.03218810602107855
437,0.032186852257682814
438,0.032066386470030434
439,0.03184849940027944
440,0.031724431579787354
441,0.031567438488241666
442,0.031429144167092964
443,0.03131001970219748
444,0.03125427970771666
445,0.03128019845271682
446,0.031245940912186528
447,0.031230650694373845
448,0.03129095038011603
449,0.031186996170414205
450,0.03110438264926629
451,0.031057860674302867
452,0.031025991880396998
453,0.030985850669379398
454,0.030929282461282247
455,0.030869600423250102
456,0.03081605753177517
457,0.03079561504374742
458,0.030833696065822806
459,0.030903752830523608
460,0.030960577491142276
461,0.030943291749790575
462,0.03110159002974531
463,0.03131583942131238
464,0.03145988635923527
465,0.03139951202708662
466,0.031249534102184867
467,0.03108516968274971
468,0.030701627863640692
469,0.030488806505718582
470,0.030344769612854452
471,0.030183375612012633
472,0.0300707425051917
473,0.02997639243940174
474,0.02993701612715562
475,0.02990513695564291
476,0.029887787097246325
477,0.029845244614343142
478,0.029857666203301426
479,0.02987403511241364
480,0.02986281049471554
481,0.029853086913105075
482,0.029882393068793908
483,0.029867282577301296
484,0.02982810441183135
485,0.029796977077945735
486,0.029816705604835455
487,0.029831461532422412
488,0.029928210213279436
489,0.030113292503609602
490,0.030309795242627228
491,0.0304725423442007
492,0.030667929782058213
493,0.030765302997640517
494,0.0310681236699691
495,0.031502852250765934
496,0.03203331463073006
497,0.03210318600247647
498,0.032096703748759725
499,0.03212028187664431
500,0.03200834287244967
501,0.03168280553941586
502,0.03141647368825693
503,0.03139116682937146
504,0.031653468306347396
505,0.031828871505547106
506,0.03197934993801665
507,0.0322305611952963
508,0.03252063675141045
509,0.03253964475453689
510,0.03251936299985012
511,0.03236179596859257
512,0.03226205085248601
513,0.03221193862580522
514,0.03232429386482038
515,0.03225736033937282
516,0.03201729619007195
517,0.03188973373768742
518,0.031651746312423755
519,0.031582416161617895
520,0.031638023533962556
521,0.03161804745088343
522,0.03188121351549733
523,0.03189277133556927
524,0.0320394936040218
525,0.03212387424438805
526,0.032220978178234584
527,0.03227769534353642
528,0.03212988462470975
529,0.031904438263636065
530,0.03174329823490879
531,0.031647049510604104
532,0.031622190098737284
533,0.031744627337362545
534,0.03192121131939634
535,0.032108626649340104
536,0.03232850277409161
537,0.03251262401369832
538,0.03290803230276705
539,0.03350056116742743
540,0.03386275716530482
541,0.033999319008189303
542,0.03374089220215607
543,0.033588129353833346
544,0.033632268552853964
545,0.03354273658967577
546,0.03337723780865112
547,0.03298908993330678
548,0.03239717886695595
549,0.03203355701486652
550,0.03186057918189516
551,0.031672302127235125
552,0.03142697891476054
553,0.031309428649484695
554,0.03128410788096303
555,0.03128983946280113
556,0.03137059119479291
557,0.03132095791485603
558,0.03133389243105824
559,0.03138270339638612
560,0.03133794742109596
561,0.03141927297674496
562,0.03150336521059306
563,0.03158429162760387
564,0.03158600590675098
565,0.0315070942983756
566,0.03146622782523015
567,0.031369010627736324
568,0.03134700785702213
569,0.03123807609512338
570,0.031171956778946856
571,0.031014679232370328
572,0.030949948571582307
573,0.030916270477871585
574,0.030899046846878855
575,0.03082294447141632
576,0.030735868044699653
577,0.03059861077689323
578,0.030581272524122186
579,0.030639432140345906
580,0.030603296038091855
581,0.03063065873353235
582,0.03063782298840925
583,0.030583449348707575
584,0.03059791183956147
585,0.030608777170049263
586,0.030521393777700707
587,0.030409649997858928
588,0.030391699336857744
589,0.03048166982978525
590,0.030599022377153756
591,0.03081940437184449
592,0.030980563464573493
593,0.03093236443502298
594,0.030847725412623584
595,0.03080922229764178
596,0.030703636170139714
597,0.030517530611099276
598,0.030322835804601756
599,0.03016636907584869
600,0.02996436432240498
601,0.029846263426174302
602,0.029817273782591643
603,0.029815998840841438
604,0.029916169344563544
605,0.029858939381647995
606,0.029881236960183327
607,0.029935120406052448
608,0.03007299654864708
609,0.03019288212276034
610,0.030259760355069734
611,0.0305118006277764
612,0.030878757920233323
613,0.03126591611288715
614,0.03176962129148305
615,0.03247589199254846
616,0.03300227402084219
617,0.0336009500069457
618,0.033686504256891486
619,0.03360577080385394
620,0.03362065976399295
621,0.03364121805669716
622,0.033548898998652474
623,0.03309395727927022
624,0.03261544025184877
625,0.032231493453074384
626,0.03184252369294162
627,0.03179593371876522
628,0.03192972680940745
629,0.03199708472722976
630,0.03203869611151289
631,0.03224665445336945
632,0.032437132837524585
633,0.03270237642055548
634,0.03276569642382401
635,0.03280309616078079
636,0.032672106492911156
637,0.03286843981598303
638,0.03289813738083433
639,0.03290150378561321
640,0.03299736066105545
641,0.03293309802211012
642,0.03290333281273373
643,0.03300285295533229
644,0.03275933648729841
645,0.032740478724269766
646,0.03255012478402124
647,0.032505546323355505
648,0.03248046909103067
649,0.0323729422962807
650,0.03202109076100913
651,0.03160402161038473
652,0.03115109994848644
653,0.030715060728885447
654,0.03044686573908696
655,0.030341029186076163
656,0.03029710331781136
657,0.030626603366492564
658,0.03100640944067004
659,0.03119931627076762
660,0.031171108983776525
661,0.030830027882479284
662,0.030812819986837423
663,0.030591397186656717
664,0.030502896064985543
665,0.03051995813026026
666,0.030513267016865676
667,0.03015848480745717
668,0.0298709133774072
669,0.029606393611833686
670,0.029399395430557956
671,0.029321745387327194
672,0.029430262809228797
673,0.02957373826426675
674,0.029693304875513193
675,0.029732871214503694
676,0.029799753190206127
677,0.0297119237367307
678,0.029770681982505057
679,0.029840887728474912
680,0.030000951421790087
681,0.03005326937728636
682,0.030089905461550312
683,0.030230536564899886
684,0.03062201472172747
685,0.03110840312376285
686,0.03158300968595173
687,0.03209306700889789
688,0.03240774991315518
689,0.03287634563987493
690,0.03303667460001818
691,0.03325502401774263
692,0.033337824065960066
693,0.03301084870523292
694,0.032672857239591936
695,0.0326429716467557
696,0.03258326725192007
697,0.03260859968773198
698,0.032445870303741194
699,0.0322277488617544
700,0.03178973278179467
701,0.031507955005083854
702,0.031120100714809053
703,0.03085896010444885
704,0.03078004665264689
705,0.030848324270979152
706,0.030939999775391233
707,0.031036240180395327
708,0.031141973364402845
709,0.03126796518621411
710,0.031447744899124316
711,0.031600489405509066
712,0.03173921302917119
713,0.032114374456771136
714,0.03231063751457953
715,0.03227507265953623
716,0.032399692142256194
717,0.03251875295462936
718,0.0325361168075131
719,0.03259361293668265
720,0.03273450203617383
721,0.03270958437720767
722,0.03238714126662134
723,0.03197213440005715
724,0.03175105397610595
725,0.031621503150687146
726,0.031557371207844284
727,0.03158785357378116
728,0.03155394347256384
729,0.03143895631019815
730,0.03127387881411002
731,0.031188353290530768
732,0.03128548112651533
733,0.03132838874472834
734,0.031351089074929624
735,0.03142228314964992
736,0.03129681716489779
737,0.03122569193575564
738,0.031585220591259254
739,0.031835615705324345
740,0.03219846384937798
741,0.03241741332524812
742,0.03253760966470415
743,0.03247845596567404
744,0.03238639767080971
745,0.031825923818444006
746,0.031290987545960595
747,0.03074337505383096
748,0.030453624522253274
749,0.030121682374432884
750,0.02980040840549845
751,0.02965038626884886
752,0.029575046354413253
753,0.02956146142400661
754,0.02953204860599002
755,0.029507031697246885
756,0.02943713233496403
757,0.02950953609014915
758,0.029405898276329584
759,0.02937077541412425
760,0.02938906059382823
761,0.029367288079800987
762,0.029541167671268145
763,0.02966702828697919
764,0.029741376534960017
765,0.029861355061480042
766,0.029885335150212366
767,0.029787846976156322
768,0.029620077462866077
769,0.029392128532965803
770,0.02941154717149313
771,0.029474208770674942
772,0.029644454954842706
773,0.029926966160753556
774,0.030186620020807818
775,0.03037873102187093
776,0.03038626631135893
777,0.030489112303287755
778,0.03058643258785746
779,0.030692401474517895
780,0.030844758087624404
781,0.030968879292074352
782,0.03098733356183498
783,0.03087205156521091
784,0.030766539431672867
785,0.03066165444109139
786,0.03053156434682813
787,0.03050590496723405
788,0.030513348889966152
789,0.03048444981352686
790,0.030361568631656382
791,0.03022402282582359
792,0.030261433181617513
793,0.030239156460447912
794,0.03027035372338436
795,0.03061811001112601
796,0.03073377565162323
797,0.030914510128903873
798,0.031094366267741265
799,0.0309982093076679
800,0.030771582768197425
801,0.030784835117111872
802,0.03067504782985103
803,0.030859702359680056
804,0.03088670630381839
805,0.030922044746500267
806,0.03068900545832814
807,0.030369835229284273
808,0.030263167760954276
809,0.0301680541495341
810,0.029849172380502016
811,0.0295049686319361
812,0.029282440085557766
813,0.029065673989359816
814,0.029038965755818196
815,0.028990915044230552
816,0.028990210379202085
817,0.029036006546092223
818,0.02904370697930917
819,0.029136216701189762
820,0.029169040108976946
821,0.029205155247286497
822,0.02916630557883925
823,0.02923417452205264
824,0.029188436000144098
825,0.029281457917683877
826,0.029295398509029173
827,0.02934431051983436
828,0.029368465048187888
829,0.02936928444850914
830,0.029314916722787382
831,0.029120334383607623
832,0.028865521470071927
833,0.028742183977935435
834,0.028702075380072637
835,0.028828673977972175
836,0.02910647512267832
837,0.029499482236946966
838,0.02990413052315215
839,0.030410950894641985
840,0.030843072497187096
841,0.031123923043845626
842,0.03117664818046099
843,0.031205847652591812
844,0.031276647437227356
845,0.03127577833504369
846,0.031240802343548778
847,0.031276866630024755
848,0.03130099121346203
849,0.03139783591891252
850,0.03155940869425215
851,0.03166588446814532
852,0.03177385466234096
853,0.03180177299996817
854,0.03201726543032761
855,0.03215217297519628
856,0.03229413913413714
857,0.03233530710986989
858,0.03202504720736724
859,0.03146264439327955
860,0.03108811387557019
861,0.031037013580649968
862,0.030970311535209554
863,0.030891945022027904
864,0.030768210181616167
865,0.030610332124710402
866,0.0305418108992342
867,0.03051213423957409
868,0.030519406766145424
869,0.030315949681952337
870,0.03021155773889696
871,0.030112602546124367
872,0.030025178594390963
873,0.029709292133796198
874,0.029407994490097213
875,0.029289162642840046
876,0.029236248276766037
877,0.029224235616262403
878,0.029278746821131813
879,0.029402676637663064
880,0.02962879987802869
881,0.029734381811492513
882,0.029828410925412635
883,0.02985504734623586
884,0.03003724021904044
885,0.030096533086911553
886,0.03002005576369094
887,0.0298785214241789
888,0.029948861588185532
889,0.029987054016134596
890,0.030037221619352125
891,0.03008448409391474
892,0.029941348139649767
893,0.029976328543630724
894,0.029832970542241516
895,0.029621326062468006
896,0.02958417340743609
897,0.029462756435589547
898,0.029471957606979668
899,0.02937785426232043
900,0.029153723493039446
901,0.02897403819353203
902,0.02874722157010463
903,0.02861636412772699
904,0.028404676696775055
905,0.0283257183444606
906,0.028312766621230497
907,0.02826275395815874
908,0.028214463282689492
909,0.02815909612289338
910,0.02815413728508535
911,0.028141742432774106
912,0.028136051615441682
913,0.0281155271331391
914,0.028086615236244724
915,0.028078676282113354
916,0.028102359809600273
917,0.02814277756930755
918,0.02819143938148638
919,0.02826517660030237
920,0.028275221374656188
921,0.02843922722862501
922,0.02879258108241309
923,0.029146788102819197
924,0.029252201617410715
925,0.02919863541516993
926,0.02928364172865917
927,0.029299634260320492
928,0.029491663128866343
929,0.029910196107715212
930,0.030126156157794435
931,0.03024336322400359
932,0.030180194549578356
933,0.02995762792323365
934,0.02979940752183756
935,0.029579771889748394
936,0.029376487565712664
937,0.029413712129897983
938,0.029547056335496463
939,0.029674224907502777
940,0.029837091841966763
941,0.030042368967451192
942,0.030195371422200704
943,0.030393608001609822
944,0.03059979972165238
945,0.030928319865517653
946,0.031037883455361577
947,0.03134249921832695
948,0.03158754280700194
949,0.031616609028711794
950,0.03186242818841558
951,0.032412832532474296
952,0.03290193512861833
953,0.03331984681165792
954,0.034017464990420666
955,0.034518503322769144
956,0.03484056005152338
957,0.035344858327486475
958,0.035350123171597185
959,0.034860995399520464
960,0.03446899360255988
961,0.03417019876883943
962,0.03371851075373383
963,0.03339909322674917
964,0.032943657428998685
965,0.03238501006066389
966,0.0319072782478377
967,0.0315754488581499
968,0.03103871998641081
969,0.03031368844689557
970,0.029692972681135233
971,0.02908819038163506
972,0.028727249474589815
973,0.028596158123128167
974,0.028535268588613997
975,0.028575993663973075
976,0.028697232716461678
977,0.02890287359893588
978,0.029102164408755373
979,0.029428479120658126
980,0.029855646459638577
981,0.03020892425356551
982,0.030227505799139145
983,0.02997102074237063
984,0.02983880997100822
985,0.029406436343624567
986,0.029314276968216996
987,0.029251767279114278
988,0.029046597542529345
989,0.02874082328740203
990,0.02848004274966263
991,0.028324673788410477
992,0.02824511353313602
993,0.02819017336814431
994,0.028220395417351305
995,0.02828271799217935
996,0.02822745810309105
997,0.028156084966806192
998,0.028146489702838357
999,0.0281443960980408
1000,0.028209274223197436
1001,0.028237577950939407
1002,0.028217584154296878
1003,0.028144051653308418
1004,0.028057318299240522
1005,0.02820218156733345
1006,0.028379232430423913
1007,0.028749882985451853
1008,0.028806336695287472
1009,0.028820097593985513
1010,0.028659334694125505
1011,0.028577203547251025
1012,0.028535757218263177
1013,0.028626343305977395
1014,0.02884993836827674
1015,0.029059932785599044
1016,0.029344476086762255
1017,0.029780732844147485
1018,0.030117518456992537
1019,0.03063580486456633
1020,0.030947917033147712
1021,0.03109676073175908
1022,0.03147586624957538
1023,0.03160974131743031
1024,0.03154435377721032
1025,0.03135612421236197
1026,0.031036193032450008
1027,0.030755776878761146
1028,0.0304319616087829
1029,0.03023491699991123
1030,0.030142423325668032
1031,0.030042418399831808
1032,0.029794055765466704
1033,0.02955998881644494
1034,0.029418084615435783
1035,0.029291977302374688
1036,0.029128203973582338
1037,0.029064351054284072
1038,0.028939913108739914
1039,0.028821879379922973
1040,0.0287273868793907
1041,0.02879107587729269
1042,0.028915679211706187
1043,0.02920451648333575
1044,0.029827374975987465
1045,0.030385281990666375
1046,0.0311220231194829
1047,0.03211001759903659
1048,0.032915670999447214
1049,0.03324543228690824
1050,0.03320207065181555
1051,0.03284212067933653
1052,0.032137399926572045
1053,0.031284159701309114
1054,0.0303495761173574
1055,0.029783596022992798
1056,0.029196847774730913
1057,0.028945855972933317
1058,0.028911061982004327
1059,0.028941460047780924
1060,0.028973356157608963
1061,0.028826061533182814
1062,0.028693758170368778
1063,0.0286793591986504
1064,0.02860386502514695
1065,0.028403946991206495
1066,0.028406941275639974
1067,0.028360613231485116
1068,0.028250285148999195
1069,0.028333700287231905
1070,0.028154391414929734
1071,0.02814241707885101
1072,0.028253976479973863
1073,0.028283878321516385
1074,0.02840908082165082
1075,0.028682563219236408
1076,0.02862529395575657
1077,0.028640293086724118
1078,0.02863630521509837
1079,0.028598310838934778
1080,0.028775115403600036
1081,0.029028328387113198
1082,0.029109500109249883
1083,0.029046739515834374
1084,0.028851092490965676
1085,0.028639786552344042
1086,0.028811516576208847
1087,0.02875785868422093
1088,0.02884836852419615
1089,0.028941949292626817
1090,0.02892530241060645
1091,0.028839965962395023
1092,0.02861195944117917
1093,0.028466480263582845
1094,0.028231685548133486
1095,0.028177727748372693
1096,0.02815669613366148
1097,0.028148795237528258
1098,0.028165871921042016
1099,0.028119960599976387
1100,0.0281883545313341
1101,0.028231366998607052
1102,0.028035667321558953
1103,0.02789056716909762
1104,0.027749980823219743
1105,0.027768235024489354
1106,0.027818005014300446
1107,0.027857049817622874
1108,0.027943181733136976
1109,0.02784316522801116
1110,0.02782566446194701
1111,0.027857007490612807
1112,0.027907797529925695
1113,0.027922843630327515
1114,0.027970213350327493
1115,0.028131577086896932
1116,0.028131733836774562
1117,0.028207821604738045
1118,0.028059170316311742
1119,0.027956351694314624
1120,0.028031329827348066
1121,0.028234922924570232
1122,0.028492995727301736
1123,0.028774360571949018
1124,0.028925898035769088
1125,0.029088936565479367
1126,0.029210153436333326
1127,0.029355905447153254
1128,0.029452320374345742
1129,0.029708332127344153
1130,0.029799699317604164
1131,0.030032273924832636
1132,0.029954371003913342
1133,0.029462279474531852
1134,0.029130304537527536
1135,0.028701933765998656
1136,0.028520631808253358
1137,0.028432245377953018
1138,0.028371566271064536
1139,0.028223014998502105
1140,0.028223945595196805
1141,0.02818310089219172
1142,0.028275223011904167
1143,0.028291018227190903
1144,0.028216799674930303
1145,0.028125316817957276
1146,0.027828672929322704
1147,0.02770337384301247
1148,0.02750873739671837
1149,0.027321638379784737
1150,0.02739580808424613
1151,0.02745135457344346
1152,0.02751108049443631
1153,0.027634318059475946
1154,0.02797723065277836
1155,0.02833566715151003
1156,0.02875832626292485
1157,0.028831131310035698
1158,0.029418586037491003
1159,0.029852234005903585
1160,0.030478995379096693
1161,0.030868316853155237
1162,0.03080849638914653
1163,0.030185982327354498
1164,0.029478299404342646
1165,0.029130867422584687
1166,0.028691687254854804
1167,0.028453730997268455
1168,0.028212734846175147
1169,0.02790266913459232
1170,0.02753208569251782
1171,0.027463380253114195
1172,0.027587084412620276
1173,0.027587992663909836
1174,0.027539068025906284
1175,0.027645393490556766
1176,0.027590629114156946
1177,0.02729011390232953
1178,0.027192842117743667
1179,0.027168723769111943
1180,0.02714993252289434
1181,0.02707403887743365
1182,0.027197945100949163
1183,0.02727086625096539
1184,0.02737522191770682
1185,0.027418554193274155
1186,0.027554296063951086
1187,0.02762184138782124
1188,0.02754133333725391
1189,0.027301682441850297
1190,0.027167677285373042
1191,0.027055184230644676
1192,0.027053432993478572
1193,0.027062264965824926
1194,0.0271560774679571
1195,0.02724413495397576
1196,0.027313456108272523
1197,0.027396219120910836
1198,0.027536908526565554
1199,0.027686847310050416
1200,0.027893997757315814
1201,0.028171290172886325
1202,0.028203087742793842
1203,0.028036150580421155
1204,0.028004239315618337
1205,0.02804465136901677
1206,0.028517323782479953
1207,0.02929587911437566
1208,0.030095001085143985
1209,0.030641544342126292
1210,0.03142814859413562
1211,0.032350911945001594
1212,0.033042259426673694
1213,0.032248231037948154
1214,0.031293409688486935
1215,0.03036054363783205
1216,0.02956024873218601
1217,0.028813081570578845
1218,0.0282396970856429
1219,0.027951224990163916
1220,0.027957244833367683
1221,0.02786169534691627
1222,0.027848392295081868
1223,0.027935552583465334
1224,0.02803166454146012
1225,0.028155554202134225
1226,0.0282099618315013
1227,0.02832082624695441
1228,0.028487543602982907
1229,0.028725950270182817
1230,0.028986636559074873
1231,0.02913893982510965
1232,0.029172189019757478
1233,0.028974797787190976
1234,0.02880071347160107
1235,0.028499789241300835
1236,0.028143609355836513
1237,0.02780688696431464
1238,0.027616851692440412
1239,0.027427760190951726
1240,0.02727943287968765
1241,0.027214771575310784
1242,0.027231088787524824
1243,0.02751501770562812
1244,0.02783650688994489
1245,0.02822212050919876
1246,0.028619653068458605
1247,0.029218013106359558
1248,0.029638955901797555
1249,0.02995230101862262
1250,0.029952599388266
1251,0.03015260950290386
1252,0.030328172406874382
1253,0.030622036000384663
1254,0.03059660328952419
1255,0.030454298428228173
1256,0.030554757796613576
1257,0.03076107749997818
1258,0.030716043902100296
1259,0.03034823847230881
1260,0.029889814138971946
1261,0.02948481673497398
1262,0.02890178026780743
1263,0.02852146146305296
1264,0.028183914248218672
1265,0.027840063069034728
1266,0.027428632730157422
1267,0.027161188698573636
1268,0.026994724277059477
1269,0.026939985947499457
1270,0.02701587996698683
1271,0.027339435482566267
1272,0.02753470650642214
1273,0.027343796235934123
1274,0.027222767058484327
1275,0.02709873812898123
1276,0.026806870259366997
1277,0.026732976155418264
1278,0.026723677246026836
1279,0.02671061210219103
1280,0.026760931814268047
1281,0.026715221636726915
1282,0.026749663399643294
1283,0.026792442217973642
1284,0.026825178388774146
1285,0.026734789570395576
1286,0.026868118148848742
1287,0.026880054610829877
1288,0.026626311857029794
1289,0.026626553881523428
1290,0.026657373443203125
1291,0.02671449719413256
1292,0.026638124361393442
1293,0.026642988117075658
1294,0.026570691371083092
1295,0.026684673274742714
1296,0.02656670365880169
1297,0.026526039118231565
1298,0.02661562508439925
1299,0.026854065603705384
1300,0.026619351297219304
1301,0.026695132382784988
1302,0.027001333028532075
1303,0.02714353104023721
1304,0.027182047831029406
1305,0.027001802739685058
1306,0.026964023138996884
1307,0.027034734454410653
1308,0.02735343781977009
1309,0.027685133855641236
1310,0.028213343998962834
1311,0.028692206624135037
1312,0.02907873283156546
1313,0.02915505888361539
1314,0.029296922362194396
1315,0.02950955778406037
1316,0.029318090662876495
1317,0.028967332633303308
1318,0.028974992397761246
1319,0.028888249382281475
1320,0.02886231495222705
1321,0.029014517354766043
1322,0.029240162966066845
1323,0.029537387922707024
1324,0.02983999863687683
1325,0.03004674121352341
1326,0.03003966064621573
1327,0.03012794853485218
1328,0.030409913707716806
1329,0.030418530299677247
1330,0.030090019448580255
1331,0.030044464505224466
1332,0.029879661321226422
1333,0.02956144709164746
1334,0.029219220773372287
1335,0.028732209099782056
1336,0.02852974105940773
1337,0.028416452481829675
1338,0.02818314716025907
1339,0.02789629927674547
1340,0.027540587837876614
1341,0.027228433627583933
1342,0.02675167709970749
1343,0.026446562835202473
1344,0.0261128210286573
1345,0.025879589664212922
1346,0.025745403600372332
1347,0.025711638514331708
1348,0.025775198443117507
1349,0.025800512021893162
1350,0.025828108280294953
1351,0.025833045227433946
1352,0.025846730314871023
1353,0.025884009014635823
1354,0.02594690491472141
1355,0.0258777093502708
1356,0.025816890818063723
1357,0.025822202293217616
1358,0.02575565651399795
1359,0.025866048703706856
1360,0.02619118497448219
1361,0.026511284543123008
1362,0.026770442724720657
1363,0.026633578419280768
1364,0.026659276109908956
1365,0.026619809599845626
1366,0.026480420324667114
1367,0.026568779771570423
1368,0.026740290505708517
1369,0.026929046672574827
1370,0.027138350856485003
1371,0.027027130467824866
1372,0.026739963329202435
1373,0.026723088116663653
1374,0.02643835159127521
1375,0.02634461817112333
1376,0.026422598942954772
1377,0.02648594747555863
1378,0.026506623558246598
1379,0.026311187424960383
1380,0.026159756306531102
1381,0.025964438679228295
1382,0.025787027096628317
1383,0.025527277438530043
1384,0.025340234802467932
1385,0.025211201821409148
1386,0.025125075953973633
1387,0.02510579909923408
1388,0.02515295860270613
1389,0.025259498041336766
1390,0.02546765179339569
1391,0.025628284297539973
1392,0.025758872593073117
1393,0.025588262405446444
1394,0.025463017140837974
1395,0.025360733618046246
1396,0.02540950640772456
1397,0.025480922426909386
1398,0.025814585811910856
1399,0.02628695310460542
1400,0.027107070472340688
1401,0.028011338380517815
1402,0.028795390904221882
1403,0.029753126437623883
1404,0.029686702580344143
1405,0.029129201066511883
1406,0.02832355256799599
1407,0.0277595422430634
1408,0.027589200664866167
1409,0.02749810001351627
1410,0.02784474136512753
1411,0.028018529452718415
1412,0.028013260513652
1413,0.027752477496952973
1414,0.027773515824265963
1415,0.027910591384140575
1416,0.028082868395674393
1417,0.028045886615109896
1418,0.02833302363160616
1419,0.02818146692640239
1420,0.027641404149356435
1421,0.02734811512604367
1422,0.027353665099543657
1423,0.027213241338167018
1424,0.027150457853289747
1425,0.02697359966780137
1426,0.026772921466819723
1427,0.026755336182979813
1428,0.026844208672724607
1429,0.026855775956064042
1430,0.02679362923101112
1431,0.02656796467718991
1432,0.02635660842353416
1433,0.026309088146354992
1434,0.026210783467042857
1435,0.026041983462717123
1436,0.025871528288455032
1437,0.025736680999938432
1438,0.025582998755186718
1439,0.02546023295299163
1440,0.025484643987704392
1441,0.025440830256809994
1442,0.025436298040791644
1443,0.02563712393664495
1444,0.025886691087804496
1445,0.02620051662655575
1446,0.026529629305716527
1447,0.02679957880591909
1448,0.026862240255757775
1449,0.026991431535949153
1450,0.027023153876104346
1451,0.027072799045197677
1452,0.027130544591441902
1453,0.02733144788558291
1454,0.02747261384617634
1455,0.027931782439275788
1456,0.0282770839529524
1457,0.02852977040578204
1458,0.02883579535595378
1459,0.029107375973989394
1460,0.02915067740820988
1461,0.028968847918177068
1462,0.028606327985998065
1463,0.028041966272272872
1464,0.027513644965739194
1465,0.02743793002414774
1466,0.027302586385864493
1467,0.027259285609569996
1468,0.027063936796019566
1469,0.026848671153911766
1470,0.02668155662342013
1471,0.026556860132196575
1472,0.026659451251040144
1473,0.026829512623740073
1474,0.027025961708709304
1475,0.027351612560862174
1476,0.027386144801075114
1477,0.02702908097482228
1478,0.026758626512880437
1479,0.026570547474043287
1480,0.02648542626776889
1481,0.026876908008889967
1482,0.027470074940745565
1483,0.027879338296802236
1484,0.02758603513655147
1485,0.02731831519919
1486,0.02744607043519451
1487,0.027634362525981986
1488,0.027923583346404986
1489,0.028041384297120078
1490,0.027872031853225208
1491,0.027421329086926845
1492,0.02717498852110424
1493,0.026967782366934062
1494,0.026705890648236016
1495,0.02646212129859174
1496,0.02634124515418222
1497,0.026405993719562794
1498,0.026433471114614974
1499,0.02623744581437063
0,0.09989051513467839
1,0.09059459891049727
2,0.0743971753407719
3,0.061097385342782716
4,0.051515569853867155
5,0.04431014859647512
6,0.039459468121674016
7,0.036783259651472944
8,0.035980831453252066
9,0.03560659896052092
10,0.03543498584722136
11,0.0352917496331567
12,0.03548284031826748
13,0.03577543917064477
14,0.035975059952398615
15,0.036334182354626744
16,0.03680282759904135
17,0.03814981275360917
18,0.04020378230082049
19,0.04179626575828614
20,0.04215849895511417
21,0.04133326087925187
22,0.04177933858808067
23,0.043319706965955385
24,0.04501585283940265
25,0.04720995240446909
26,0.048612373003932126
27,0.04648170609153632
28,0.04502652728337815
29,0.043099177652069685
30,0.04138395558189932
31,0.04045575861619458
32,0.03940771711069154
33,0.03858219041347583
34,0.03971011933692628
35,0.03898726848086984
36,0.038027104298558365
37,0.03886684679349435
38,0.039654957434996425
39,0.03868743613047914
40,0.03669232654685833
41,0.03575056692010121
42,0.035223586687076
43,0.034692868669926415
44,0.03509702189425433
45,0.03580558300126789
46,0.036485024678830455
47,0.03755174786203636
48,0.03763035436503775
49,0.037440603065097396
50,0.03875717682401859
51,0.039415694565022086
52,0.039826585800460564
53,0.03894664833933811
54,0.038932840121356276
55,0.0378556684233012
56,0.036880491679153096
57,0.03713106710154485
58,0.036988943550211914
59,0.03606191826199272
60,0.034198986550597936
61,0.03374202441388921
62,0.03469329612949791
63,0.03642978506743987
64,0.0360731207230457
65,0.034453605318648516
66,0.034734608652700144
67,0.03495968798607113
68,0.03422001112237762
69,0.03361990207637969
70,0.03350503377788205
71,0.03347056268058424
72,0.033697745375565406
73,0.03443310450014579
74,0.03418953204574671
75,0.03395067861779394
76,0.03393283835805361
77,0.0339242478134482
78,0.03385960111310857
79,0.03352777149358561
80,0.03296569243310603
81,0.03341023402910498
82,0.03374140452007343
83,0.03449516581279985
84,0.035576505993028994
85,0.036448726351284676
86,0.03603238431226299
87,0.03445851046698062
88,0.03313190529611809
89,0.03241306786442262
90,0.03217869943172939
91,0.03250815354530998
92,0.034211222438788956
93,0.03403638818189703
94,0.03311761977408734
95,0.0325982135790637
96,0.032590003701635235
97,0.03230134730412236
98,0.03239266198900416
99,0.03281704465413841
100,0.03353544609921409
101,0.03403422613884412
102,0.033696587416474265
103,0.0336033703268567
104,0.033536744044990026
105,0.033609953707095006
106,0.03297085647151514
107,0.03238636826366261
108,0.03319632574190887
109,0.03553298974972711
110,0.038183257691256335
111,0.03832941182041075
112,0.03745897435920761
113,0.035951246294602765
114,0.034669739380328794
115,0.03495467890860413
116,0.03416842072193085
117,0.03297536432979928
118,0.03217075504860921
119,0.03175374588371847
120,0.03184789026964187
121,0.032968620880062256
122,0.03318992535851886
123,0.03291780616270475
124,0.03288108842668072
125,0.03226306558950041
126,0.03204446204102104
127,0.0326382563152075
128,0.03343096854164963
129,0.03400955367091459
130,0.03471228154400998
131,0.034214435017971105
132,0.033811830248728816
133,0.033918156025415425
134,0.03419894308062392
135,0.03395228957735792
136,0.033059245235666786
137,0.03263563961629503
138,0.03284305098849221
139,0.03369024008357216
140,0.0349621586552132
141,0.036669980866838786
142,0.038436309803206004
143,0.03955190035719535
144,0.03939460747686119
145,0.03845525656663326
146,0.037983686805680074
147,0.03589432138895307
148,0.03472012468468339
149,0.03351290906025539
150,0.03353936312084345
151,0.033939453449938956
152,0.03263206918688411
153,0.03200234526248147
154,0.032443344906109214
155,0.033593900624392596
156,0.035916262500641845
157,0.037175601850214283
158,0.03461734015971329
159,0.03404962682460028
160,0.03374408562868723
161,0.03291749061218178
162,0.032519108197804264
163,0.03236615538199543
164,0.03199329191984201
165,0.031917258675977625
166,0.03194178757596963
167,0.031832390035320464
168,0.03220122306690677
169,0.03424946154225013
170,0.035951002870731705
171,0.03727964551764793
172,0.03723266942951343
173,0.03713705737990143
174,0.03451653949209128
175,0.033589741069706254
176,0.03326357986344273
177,0.03413106628834106
178,0.0337307600025506
179,0.03293299575083232
180,0.03220355036063528
181,0.0319684516468466
182,0.032142955704677185
183,0.03324963647351322
184,0.03556900991339104
185,0.03520048782082167
186,0.03300856616062463
187,0.03201029241054133
188,0.031440926714146444
189,0.03207792895077559
190,0.03255371802769289
191,0.03259784315081639
192,0.03392613597464784
193,0.03644596827363406
194,0.03724876429215467
195,0.036046738591159554
196,0.03437824678210529
197,0.034870269212927525
198,0.03533868271564874
199,0.03433869969653305
200,0.035323460269298265
201,0.03540418428555428
202,0.03668288157324257
203,0.03914957273705496
204,0.03974916358215445
205,0.042107116634360876
206,0.045381284309140645
207,0.04535595010013142
208,0.044352546343791814
209,0.040988263715770655
210,0.0375062803679555
211,0.035875965133944795
212,0.035326819199957546
213,0.03522100449452922
214,0.035368441414345794
215,0.03404883344791933
216,0.033579294609971756
217,0.03411811040505623
218,0.03363024919474926
219,0.034209016095444585
220,0.034441339766347605
221,0.033717642428524625
222,0.034612515394310456
223,0.036236363197637796
224,0.03800757373954697
225,0.03890138682913148
226,0.03993142038896042
227,0.04245075805497573
228,0.04221112859675254
229,0.03946020966878007
230,0.03852767059661908
231,0.03960354800940621
232,0.03984053588672333
233,0.038930797597480526
234,0.03980764902974971
235,0.04183152158432585
236,0.04174960090931136
237,0.041957224540790705
238,0.04156137721515479
239,0.042771508382668286
240,0.043523718059692997
241,0.043067350265498135
242,0.03973510974288679
243,0.03760501486609249
244,0.04031610560915
245,0.04248062502040524
246,0.04197778380907837
247,0.041832297203331245
248,0.04296509995722838
249,0.043797681793402744
250,0.04165389925754049
251,0.04177070026714082
252,0.04039577252815168
253,0.038848917922500247
254,0.03976307694989196
255,0.04107703477792885
256,0.04171017656547432
257,0.04235477142459882
258,0.044439143488720474
259,0.04364321880132811
260,0.040913379915192935
261,0.038814847835783726
262,0.03985149720772834
263,0.04156385123664451
264,0.04308218624979054
265,0.04408667710436922
266,0.04046147084641626
267,0.03960083496341402
268,0.03921057185099684
269,0.041211458500262435
270,0.04413762621148122
271,0.04500159703983462
272,0.04372530551183196
273,0.04217377317526345
274,0.04301680721856621
275,0.045043780376571155
276,0.046974142745872145
277,0.046888943161687534
278,0.04660346684528694
279,0.04318850812493214
280,0.04042016815979974
281,0.03829284411987376
282,0.03716937534169244
283,0.03738096481444952
284,0.03792725801600475
285,0.03784850225072389
286,0.03773355029740369
287,0.03782970885780165
288,0.038184589358376
289,0.03790226870958692
290,0.03858310748204212
291,0.04079230796958811
292,0.04037961995405517
293,0.03800942174593639
294,0.0375360430350213
295,0.03725455030751088
296,0.03598283433855497
297,0.03564379318149418
298,0.034908916709208336
299,0.036065340989061646
300,0.037651539917650176
301,0.03606527645349334
302,0.03515993917910515
303,0.03429490311511821
304,0.035158039468247526
305,0.03685218966863105
306,0.03789023271141224
307,0.039105357090973875
308,0.040070978851738576
309,0.04149982231235363
310,0.04110166460967924
311,0.04063343168846294
312,0.038408424735879194
313,0.03767945760206789
314,0.0365021479823269
315,0.0355289505474565
316,0.03528560305587407
317,0.03551795784814931
318,0.03608236393924287
319,0.037645239073769286
320,0.038060927897969214
321,0.03655937108798678
322,0.03624520536382473
323,0.036601419617991564
324,0.0351779281708634
325,0.034007395116345984
326,0.03234672388574456
327,0.033526099844135016
328,0.03423372264926812
329,0.0350280049470798
330,0.036415827006942965
331,0.03632242040959768
332,0.03602948972609306
333,0.035263274583404204
334,0.03649374496666079
335,0.038577350566467564
336,0.038648507047753494
337,0.03858333803909911
338,0.041277543755542136
339,0.044829760723648734
340,0.04420926708702417
341,0.04213606970962808
342,0.038619794235453475
343,0.040180422035926935
344,0.04068745928379227
345,0.04106351629597273
346,0.0401959806273728
347,0.03848196014218445
348,0.03820496352528096
349,0.03779832616577956
350,0.03897929510865539
351,0.03634083439296482
352,0.033741124387699155
353,0.032759405986290666
354,0.03354772262887933
355,0.03510169475889717
356,0.035509438231662395
357,0.034596063305898324
358,0.036434587330553936
359,0.03968511479251864
360,0.03818311409021305
361,0.03861745502114919
362,0.03802377548526464
363,0.0376951167067566
364,0.03763255549821713
365,0.0349580809369777
366,0.0331053475667588
367,0.03312692629083971
368,0.032300933046571105
369,0.03171516627314331
370,0.03109643194499356
371,0.03050130596444244
372,0.030288098725693692
373,0.030963945873718854
374,0.03172942833243852
375,0.032375143447691934
376,0.03416472155313352
377,0.036064546466950106
378,0.0370818207234234
379,0.036217225509849515
380,0.03701474669118807
381,0.036521317343135684
382,0.03505033910670456
383,0.0330808577948883
384,0.03270915518837353
385,0.03314139860721629
386,0.03341474171116899
387,0.03423450373887243
388,0.035431030340720635
389,0.03480238230179334
390,0.033926774338631366
391,0.032559958103036295
392,0.032082307905817856
393,0.03220478166229008
394,0.032856098881140994
395,0.034098199562219544
396,0.0362521610973923
397,0.03404387281078064
398,0.0345472540986875
399,0.035735680402846616
400,0.03443671424986214
401,0.033178877831086855
402,0.031777453602242295
403,0.03188634801857608
404,0.03360746311104588
405,0.035118913615291354
406,0.03706007445334387
407,0.03563003175489095
408,0.0359021943336081
409,0.0368220781156855
410,0.037613827549274434
411,0.03681915493691512
412,0.03699474164458987
413,0.03660994125831255
414,0.03612978707148987
415,0.03610637776454898
416,0.03669387974589263
417,0.03813833629334648
418,0.03607682026150292
419,0.03642050844004802
420,0.03732464487017465
421,0.03568099473169019
422,0.03537565993086373
423,0.03601075575003786
424,0.03637508772071193
425,0.03735075262543124
426,0.03893990343130463
427,0.038783425988544534
428,0.038628467307047686
429,0.0385846218985062
430,0.03842009891295738
431,0.03639442594772767
432,0.0355867505236308
433,0.03434403725461451
434,0.033683429510097125
435,0.03396180071138483
436,0.033708182129852465
437,0.03208406756204921
438,0.03176525371895764
439,0.0328452068507233
440,0.033481482496765316
441,0.03424768947651997
442,0.03422758661382984
443,0.035044561142391864
444,0.03708736273142612
445,0.04017926883071081
446,0.037909357272596304
447,0.036548477165424476
448,0.037050408424846026
449,0.034742912367693966
450,0.03331703738267003
451,0.033461394615402006
452,0.03523108533384185
453,0.03653003612208484
454,0.03872623321831521
455,0.039026369640545046
456,0.03745108710868865
457,0.03773059037520506
458,0.03752153286187012
459,0.03813157135977758
460,0.037511091948222816
461,0.03750548473906192
462,0.03750968070109874
463,0.03811539278141434
464,0.03862042814960614
465,0.03708323694452251
466,0.035840608682592624
467,0.03314570497617957
468,0.03174390048131681
469,0.03225546958134253
470,0.03249848945249848
471,0.032298839755532355
472,0.032100730396435545
473,0.03194960798108218
474,0.03202935919526336
475,0.03230434529983955
476,0.03408681723960548
477,0.034969246768071706
478,0.03552811437618109
479,0.03465179083117701
480,0.03281152207514778
481,0.032709201932836336
482,0.03258047855718498
483,0.033176442074231594
484,0.03451680470877109
485,0.032665294882804126
486,0.032768470044433846
487,0.034297425366159644
488,0.036916120985735254
489,0.039607914181599084
490,0.03871873935911225
491,0.037319106877697336
492,0.03836328901525728
493,0.03816012948352445
494,0.03750680629958164
495,0.03916387255061212
496,0.03653713558967077
497,0.036714661314013144
498,0.035778955388055506
499,0.03402548326352874
500,0.03316339097618741
501,0.03207946936787846
502,0.031152094931266573
503,0.03285892881500555
504,0.03638963416076171
505,0.038138199642024306
506,0.038584386766225984
507,0.04006090056059994
508,0.039751868835059406
509,0.03737978070959807
510,0.03699272163517157
511,0.036518425399170364
512,0.03572176687618929
513,0.034317810296605106
514,0.03378057128177156
515,0.03394687866803317
516,0.03193586321204857
517,0.03058629787325202
518,0.029914744938816556
519,0.030388027889621718
520,0.03133123765564261
521,0.03137711119850341
522,0.03227120274766149
523,0.032669062875033794
524,0.03321883414841163
525,0.0348413666412072
526,0.03658685018499853
527,0.03563788719292852
528,0.03596724030822732
529,0.0381946692152809
530,0.03912024820651275
531,0.042477274223773454
532,0.04636705768658421
533,0.04609902087098057
534,0.043954247348844545
535,0.042945768362291824
536,0.04497790168739949
537,0.04529290802021526
538,0.04826760888191842
539,0.050039087320392764
540,0.044256747010541525
541,0.04064545433401884
542,0.03836239167796619
543,0.039927737716607556
544,0.041982254866234865
545,0.041360527325876306
546,0.039811306997317
547,0.03668546413077159
548,0.03632409651121514
549,0.036008932605454166
550,0.03735450588951478
551,0.03581186327853632
552,0.03593734442397696
553,0.03691504693388246
554,0.03640914536725714
555,0.03621689263366
556,0.036862130042311494
557,0.037530524119215966
558,0.03817909773493704
559,0.0386827937349419
560,0.0384742096951438
561,0.03848293583728195
562,0.038790479516183266
563,0.03866690420618576
564,0.03652589874626294
565,0.03438576075719511
566,0.03380258670625485
567,0.03379105392436253
568,0.0349425952020291
569,0.03447807473057729
570,0.034949540151009865
571,0.03458963187659779
572,0.03456074693515103
573,0.03503760810766668
574,0.035527691365529225
575,0.034542210441329074
576,0.03197319494881504
577,0.031880864849368536
578,0.030780226473063794
579,0.030503726665697128
580,0.029698662312148804
581,0.031330603883081905
582,0.032523444276197196
583,0.030506665083783878
584,0.030622415125669114
585,0.030891045493437106
586,0.029741266113570503
587,0.029218266639783472
588,0.029369029310761702
589,0.030330779048796684
590,0.0340563973102951
591,0.03573957555042748
592,0.03451890236896754
593,0.034755933916367186
594,0.034329861098327634
595,0.03311023655753595
596,0.03169085737958238
597,0.030241092147306966
598,0.029880813478311324
599,0.029952962035441857
600,0.029287574799760442
601,0.02928858438241372
602,0.03023152648892549
603,0.0317131334147904
604,0.033904908291547076
605,0.03462496311285732
606,0.03669408015672211
607,0.038522847293322705
608,0.0384632823333636
609,0.03961484348899889
610,0.03731636952957391
611,0.03772581458164442
612,0.03798621884531031
613,0.03780766537218434
614,0.03742565193415613
615,0.03965674870474303
616,0.04052827277165283
617,0.037567430145910595
618,0.03438410700268117
619,0.03336117185095898
620,0.03383841520580439
621,0.03418730845005002
622,0.03464397755097772
623,0.03571200145184743
624,0.03489906894058353
625,0.03543322918918574
626,0.03539805192827488
627,0.03623973621988807
628,0.03900168256747385
629,0.038883158686300046
630,0.038600065799189856
631,0.040169242965508056
632,0.0389326266623329
633,0.03885417509072353
634,0.03733918733423203
635,0.03618062966518867
636,0.03480164480028025
637,0.0365265424171163
638,0.03677182057359984
639,0.03697750483247406
640,0.0374110261792927
641,0.03761532172286542
642,0.0396437532020051
643,0.03958132901151956
644,0.038004791246788204
645,0.03642457932690729
646,0.03379510617734319
647,0.03373964648284182
648,0.03519576777667858
649,0.03575015556064257
650,0.033350772841241036
651,0.03142942345677954
652,0.030344764006819833
653,0.029500636546204526
654,0.029777405056993972
655,0.03133620998833592
656,0.03486216509172232
657,0.03692100084657062
658,0.03591839945254926
659,0.03255391750827485
660,0.031704604270354375
661,0.031970554818926494
662,0.032581751977623016
663,0.03213831735065571
664,0.032428412075522016
665,0.03198830000724599
666,0.03141514807707867
667,0.0291987580192829
668,0.028590739464090534
669,0.029328975592251658
670,0.029922145188458843
671,0.030320040827597098
672,0.03057247201621561
673,0.03214614276369547
674,0.031755616001720686
675,0.031753089109040206
676,0.03273689945002716
677,0.034157070587981696
678,0.03753134633153932
679,0.03903651152354039
680,0.039776086863063304
681,0.03812034621113918
682,0.03620150739082304
683,0.039354211196317934
684,0.041778042455706495
685,0.039623207272076424
686,0.03870244397657346
687,0.03921866657232711
688,0.042342946718904206
689,0.042277250393865616
690,0.041719823989808905
691,0.03839206409679365
692,0.03619926968553642
693,0.03392683550555167
694,0.03447188083943942
695,0.03655976152498987
696,0.037976299558038974
697,0.03832597811571134
698,0.036767935958477826
699,0.036255053291345915
700,0.033679316457379614
701,0.033644018490382455
702,0.03399003923378714
703,0.034626880799693956
704,0.03410069006765919
705,0.03442441039797128
706,0.03403965525532565
707,0.03533276694496211
708,0.03541494197477753
709,0.037040402433595174
710,0.03708385921631808
711,0.03681036024944626
712,0.03803512313853032
713,0.03965273374043997
714,0.03831679132281925
715,0.039510558813613955
716,0.04116958231302112
717,0.03931531435608719
718,0.03990931367552104
719,0.04141399311169602
720,0.04105735470402944
721,0.0375025623733755
722,0.03547682698750883
723,0.03401513631088208
724,0.034272458704086475
725,0.03339555255958801
726,0.03366902040644086
727,0.03568624902094506
728,0.037204341111123335
729,0.036919503142961246
730,0.03726895291071395
731,0.03601822932530905
732,0.03712120990892251
733,0.036259536479244764
734,0.033754765794295885
735,0.032391218033078886
736,0.030367505082809828
737,0.03006463756114254
738,0.030066208109773118
739,0.032301922880413524
740,0.034035066769085805
741,0.033758614493444826
742,0.03474890849565752
743,0.035993057974873635
744,0.03427081430492697
745,0.031882343613448764
746,0.03163318212056863
747,0.03195565854373405
748,0.032197515895037665
749,0.0304094847401719
750,0.029626992539247426
751,0.028086297715332893
752,0.027536172178568012
753,0.0269596849180266
754,0.026984650211690293
755,0.027234654683938982
756,0.027610713612597874
757,0.02867248732749755
758,0.0283929714241535
759,0.029054239097548576
760,0.028581710353672143
761,0.028567091247877693
762,0.03151204067000484
763,0.033276837806386336
764,0.03456025099199465
765,0.03540378571753371
766,0.0347137526467313
767,0.03359840679533724
768,0.032925413352474724
769,0.0335469065227015
770,0.03489114954168214
771,0.03578615708141362
772,0.037199376851378495
773,0.04069496229537951
774,0.04119561274159359
775,0.040536954216551235
776,0.03858791562120315
777,0.03707011765471483
778,0.035228765367163
779,0.03567885366606719
780,0.036027629298604015
781,0.03561235020614351
782,0.03539965444387679
783,0.03367475128205999
784,0.033712149113330245
785,0.03428097635373367
786,0.03437167804369428
787,0.03482725233165496
788,0.034436723230715595
789,0.031734779516977944
790,0.030910477779125665
791,0.032793347041948445
792,0.03345853342836471
793,0.03366340613003566
794,0.0348131148628916
795,0.0347694680634967
796,0.03397368626631993
797,0.034450693223688836
798,0.03469938519063843
799,0.03433072236429223
800,0.03261725345462455
801,0.03252446283079713
802,0.03309528852787632
803,0.03493704807199796
804,0.03458350146302057
805,0.034068034349042486
806,0.032405060884741856
807,0.03194880892655199
808,0.032950017638336764
809,0.03201553286466226
810,0.03228292918690328
811,0.03161200658688923
812,0.029585826234151204
813,0.029647298854718247
814,0.03241532291642285
815,0.03364493807980391
816,0.03394342845083895
817,0.032856507482575265
818,0.03394234790426277
819,0.03472909021945441
820,0.034837810827106165
821,0.03481240627863379
822,0.03448365510043575
823,0.034388524997302716
824,0.0344888568722468
825,0.03395943996315574
826,0.034076051198120856
827,0.03420745846561363
828,0.03322297030684414
829,0.03174038238838241
830,0.02966178560405101
831,0.02954327319912503
832,0.029619230750591283
833,0.03169574435123252
834,0.03298450708014776
835,0.03525898029189834
836,0.03628408822514891
837,0.039195657231058036
838,0.0410708453952639
839,0.04384636809670926
840,0.041886359639290605
841,0.04129483491180751
842,0.04064337242493489
843,0.04116927227709237
844,0.041024174265316876
845,0.041469215034636714
846,0.04284749946435959
847,0.04253183203910638
848,0.04361550749107543
849,0.043959154628641764
850,0.04432403487403321
851,0.04479531599428941
852,0.04358796593915539
853,0.04319742225312731
854,0.04266828981023376
855,0.040350934974963386
856,0.03938234904386862
857,0.03623393068815168
858,0.03461915974703574
859,0.03219031681872237
860,0.03119217296282669
861,0.032162246081769874
862,0.03231394026027749
863,0.032804706707385875
864,0.033498567634620474
865,0.03253236692100552
866,0.03242446609650715
867,0.0321569975535859
868,0.031865964526751535
869,0.030458383595883442
870,0.0317878008667957
871,0.03265561584388437
872,0.031196191235554033
873,0.030212912641834653
874,0.03118718907334615
875,0.032920548225447856
876,0.03210074211558136
877,0.03244646134124761
878,0.032793217843028626
879,0.033603542804351516
880,0.03553453623631791
881,0.03671617511637343
882,0.038105775367583444
883,0.0387498714809699
884,0.03852362880204243
885,0.03805934109009736
886,0.03471593425069819
887,0.03310664625144296
888,0.035087228114201674
889,0.033615421342421466
890,0.034043512427862306
891,0.034893684879589125
892,0.03290313478962972
893,0.033067131771430947
894,0.03138744712440969
895,0.03192096669079867
896,0.033329147522980634
897,0.033051694353053024
898,0.03470137621980311
899,0.034601017825782565
900,0.03351977400625109
901,0.03249013804953265
902,0.031835600084905755
903,0.031040336041731655
904,0.03072316708695853
905,0.03181833899283452
906,0.03292588607216636
907,0.03175076282998484
908,0.03158932940117991
909,0.03202669963623999
910,0.03126307349652236
911,0.03196888637886802
912,0.03193633628600479
913,0.03177653743598803
914,0.030292739749324546
915,0.03073207989728736
916,0.030796061878845427
917,0.030915492755362702
918,0.03230115580014749
919,0.030989851057538636
920,0.031219145581570473
921,0.032684478342052264
922,0.03468828620685787
923,0.0333635763442939
924,0.0329000722575881
925,0.0320551324453469
926,0.03220721769961102
927,0.03125456084984212
928,0.03201023893173779
929,0.03373984537957751
930,0.033735322373845154
931,0.03370580772970166
932,0.034604540432125255
933,0.036272446441385636
934,0.036520623671738445
935,0.03579924846354328
936,0.03579196761240757
937,0.03714420522252457
938,0.03694121173659597
939,0.036875547119076944
940,0.03877360089805246
941,0.03977518400855549
942,0.03841060648805867
943,0.03835286972747256
944,0.036006373854329726
945,0.034110069227413616
946,0.034188732946166776
947,0.035332328689566865
948,0.03609682459246896
949,0.036679596155145044
950,0.03958847524523637
951,0.04005598934022956
952,0.03891207812539302
953,0.04135844012323347
954,0.04436893310862646
955,0.04450867210986209
956,0.043956417271564886
957,0.04497302366804861
958,0.043898614008458535
959,0.04053707013599975
960,0.03914531472233135
961,0.0395217471636137
962,0.038088732973197696
963,0.03828547503208676
964,0.03754820847022174
965,0.03564088067125654
966,0.03564815087318486
967,0.03447978563001743
968,0.032241362584596464
969,0.031323503632426766
970,0.030518540840842445
971,0.03150590859888817
972,0.03147883362847529
973,0.031969863079045285
974,0.032408517127697774
975,0.03255703116809677
976,0.03303833885492613
977,0.032604481642419185
978,0.03252768430385611
979,0.03231526392328701
980,0.032345302682385474
981,0.03274330899370122
982,0.03237466943810054
983,0.03240323179702772
984,0.03263138961861531
985,0.03331847629824936
986,0.03470428512162929
987,0.03420104997575457
988,0.034574955937029195
989,0.034204571614234486
990,0.03436289805797204
991,0.033572867635002654
992,0.03349355170040353
993,0.03252175364759991
994,0.031713359874127454
995,0.0315849718014189
996,0.03159977147800984
997,0.0318484446482703
998,0.033127752387824005
999,0.032955493676107075
1000,0.03329736711480719
1001,0.033360458476482634
1002,0.0320523267051971
1003,0.030828200048107202
1004,0.030812248413670643
1005,0.03196848586635347
1006,0.032401236645474195
1007,0.0343515333519105
1008,0.03356756988985491
1009,0.03391430438246432
1010,0.03264476589409283
1011,0.03331317096153528
1012,0.03510188021369129
1013,0.036828529880452265
1014,0.038915167841632535
1015,0.04323973085349546
1016,0.04616860471609187
1017,0.04970507202940013
1018,0.05040855434933664
1019,0.05143392910025891
1020,0.04867668140434201
1021,0.046958399030825264
1022,0.04534175936632254
1023,0.04406122908658238
1024,0.04268287761795416
1025,0.04258527567277902
1026,0.04130051684922646
1027,0.04032376190730266
1028,0.04089990634381098
1029,0.04199689861440875
1030,0.04285734890563466
1031,0.04106722731986234
1032,0.03883530054015047
1033,0.03676385012480444
1034,0.036430362585873496
1035,0.03627973246588375
1036,0.034654677278090046
1037,0.03290188367560892
1038,0.03237878902516332
1039,0.03179474219362691
1040,0.03388536837306281
1041,0.034056268034935645
1042,0.034218608846425226
1043,0.03596677546780863
1044,0.039599346228511516
1045,0.04055305987440897
1046,0.044840672586313135
1047,0.047229230944868764
1048,0.04628870499309512
1049,0.04385789801911299
1050,0.041350248224560446
1051,0.04107834620131963
1052,0.03858694930619729
1053,0.03735657441162171
1054,0.036530257414619294
1055,0.0368588262668457
1056,0.03608057715634056
1057,0.03533451866570789
1058,0.03407455039503128
1059,0.032905814523998926
1060,0.03183117346566099
1061,0.03123797690153725
1062,0.031917539929112525
1063,0.03316358273500174
1064,0.033305279828624954
1065,0.032484497474876445
1066,0.033677416375911165
1067,0.03491256362860754
1068,0.03332442031090672
1069,0.03308985807350514
1070,0.03209328418197442
1071,0.033710596643788664
1072,0.036190381768022487
1073,0.03458782702144693
1074,0.03483755158117437
1075,0.03767947036244059
1076,0.035939270780021064
1077,0.03428564885822418
1078,0.033743457745625004
1079,0.03461874604659208
1080,0.037151304314538336
1081,0.03754429715833765
1082,0.03705535080544098
1083,0.03538301148610541
1084,0.03399470939699942
1085,0.033611686147259845
1086,0.03598464273586511
1087,0.03511251670927706
1088,0.03410938508486376
1089,0.0360078694623177
1090,0.03590487439671992
1091,0.036860815582952886
1092,0.03631658832837337
1093,0.035670549650678465
1094,0.03443636186287614
1095,0.033359189303795674
1096,0.033864384561967
1097,0.03349612176559622
1098,0.03399339219504102
1099,0.033645338379222386
1100,0.03423753583650995
1101,0.03508630400156566
1102,0.03383613305594342
1103,0.03341260764727038
1104,0.03399897659474993
1105,0.03611823143570718
1106,0.0373821332816129
1107,0.03937261911762641
1108,0.0381890958049346
1109,0.034114930017237574
1110,0.032264078952119295
1111,0.03278284667131338
1112,0.03382540726887064
1113,0.03179382474322755
1114,0.030973217575359625
1115,0.03260074984936311
1116,0.034934111212470954
1117,0.03597067955103442
1118,0.03666967077103287
1119,0.03635406849081712
1120,0.038937760755208106
1121,0.040978314096362746
1122,0.042301898306100864
1123,0.043453673411400835
1124,0.04143815895278782
1125,0.040824137511546704
1126,0.040710354038325715
1127,0.039590541118171986
1128,0.04004066295781997
1129,0.03946345469935856
1130,0.036779045921130425
1131,0.03534639341074365
1132,0.03414538830410682
1133,0.03274748234925006
1134,0.03255854268507632
1135,0.03365199469975704
1136,0.03482299034784171
1137,0.035688530028741
1138,0.036950830200038774
1139,0.03832789396086674
1140,0.03824281990417237
1141,0.03608678068309317
1142,0.035370575420710815
1143,0.03671619605038413
1144,0.036434382824053216
1145,0.03405741549332565
1146,0.03195947874340028
1147,0.0317446897972329
1148,0.030408087662539936
1149,0.031519186656000744
1150,0.03321277767516704
1151,0.0352459807824306
1152,0.03717175795478212
1153,0.03921523199775996
1154,0.04151605232151683
1155,0.04201352611185729
1156,0.04011914987060217
1157,0.03921935578135694
1158,0.04124804360910648
1159,0.040973825473158504
1160,0.04115655551631836
1161,0.042869652033126794
1162,0.04272812254822902
1163,0.0404058217180504
1164,0.040681918050339314
1165,0.04214065443040036
1166,0.040556626012317215
1167,0.038399782243982966
1168,0.03792441029205024
1169,0.03618598439851258
1170,0.03619017537586413
1171,0.036634102435584764
1172,0.036061580664814824
1173,0.03532353028154315
1174,0.034587049598700036
1175,0.03509000055267201
1176,0.03373973225459666
1177,0.031670853253812206
1178,0.0315173457067757
1179,0.03210688074584285
1180,0.0319895962320185
1181,0.03207229278714949
1182,0.03358341397821468
1183,0.03346445471857885
1184,0.03362692387368094
1185,0.03273958952934969
1186,0.03322256958210037
1187,0.03295894864689637
1188,0.031026293867219876
1189,0.02979954046798457
1190,0.02884750011051074
1191,0.02947826829361419
1192,0.03150205865935299
1193,0.03418447661495112
1194,0.03566516966229801
1195,0.036619567416004216
1196,0.03642976246565755
1197,0.03605092519226773
1198,0.03784616804890792
1199,0.0375106045271244
1200,0.03835164760355567
1201,0.037987939457245795
1202,0.03669296543396486
1203,0.036587280188231035
1204,0.038307280897081034
1205,0.04139026852193155
1206,0.04705888902665306
1207,0.05043929147073514
1208,0.04739320749355766
1209,0.04467152483628823
1210,0.0440447271849911
1211,0.04567519061608647
1212,0.04384559427132377
1213,0.037201137509813166
1214,0.035774531804218586
1215,0.03344078795433868
1216,0.031433533321052226
1217,0.030520385290520473
1218,0.030558810482864192
1219,0.03032250816729457
1220,0.03148531838313553
1221,0.034009379160068
1222,0.03542354534366423
1223,0.035536897166265416
1224,0.036692697637705746
1225,0.0359803639860865
1226,0.03526352227933263
1227,0.03604157781194492
1228,0.0355628493257124
1229,0.03708021784225773
1230,0.03846036716124202
1231,0.03850823311920355
1232,0.03782214103029513
1233,0.03531819012948286
1234,0.033499671481717334
1235,0.03182535142195725
1236,0.03260344335335787
1237,0.03385702431294047
1238,0.03417153196308327
1239,0.03375655427713143
1240,0.032957771509898884
1241,0.0353584028793067
1242,0.035431149030930205
1243,0.03770491972855994
1244,0.04071191897633361
1245,0.04219327338579136
1246,0.044267391873117796
1247,0.04595419279683395
1248,0.04379331799827806
1249,0.042076624173260004
1250,0.03758328560022756
1251,0.037053346267715156
1252,0.037382164198884016
1253,0.03663015665842368
1254,0.03596159615727413
1255,0.03610613891066543
1256,0.038758493661549015
1257,0.0386644489609421
1258,0.038229226239928374
1259,0.038387056436582086
1260,0.03824687039839697
1261,0.037894145620412004
1262,0.03730444469321787
1263,0.03662333487547449
1264,0.038016898059884244
1265,0.03690241621765142
1266,0.03524485253866201
1267,0.03391603241098416
1268,0.03515868474966103
1269,0.035801909039446474
1270,0.03782810067436626
1271,0.041325534910142944
1272,0.040191281604523836
1273,0.03689671529937892
1274,0.037138493537249795
1275,0.034858305929298616
1276,0.03473281688159142
1277,0.037046419718481
1278,0.038194111774182665
1279,0.03740867235951241
1280,0.0358690930456215
1281,0.0353835987530249
1282,0.035637991162427274
1283,0.03470789472177284
1284,0.0346835401651425
1285,0.032229909198809775
1286,0.03285759687424775
1287,0.031822639522512984
1288,0.03216278483851464
1289,0.03305698006030651
1290,0.03536678783800247
1291,0.036840833116066216
1292,0.035928829547273014
1293,0.03597403613373088
1294,0.033898418672325605
1295,0.03309400924299995
1296,0.032190001077789784
1297,0.03380640277859785
1298,0.03522977120749961
1299,0.0364343389141224
1300,0.03345615828039114
1301,0.033383182039024975
1302,0.03560843704555427
1303,0.0363254175777395
1304,0.03627063661043313
1305,0.036069050119373045
1306,0.03709127405612351
1307,0.03743003653864574
1308,0.03853039843480924
1309,0.03859458983673368
1310,0.04087464354553829
1311,0.04251367913310971
1312,0.04295214551363141
1313,0.04095861328188828
1314,0.04165015165716883
1315,0.04030119801011723
1316,0.037554210084898745
1317,0.03576342360547149
1318,0.03848759048234942
1319,0.03930350954089756
1320,0.04015475403381076
1321,0.042732354036047644
1322,0.04379631366306026
1323,0.04319052252173831
1324,0.04302239206142025
1325,0.040445985185360925
1326,0.04104537566803422
1327,0.041045077907082235
1328,0.0424947830002124
1329,0.04235273512967626
1330,0.0396889501533225
1331,0.039233485942430216
1332,0.03786849386972041
1333,0.03800242917372624
1334,0.03571079481625923
1335,0.03490818277747296
1336,0.03498316389861614
1337,0.035124818050418206
1338,0.03447257241220871
1339,0.03378907634379199
1340,0.03413905703792166
1341,0.03369709360363951
1342,0.032089534218371546
1343,0.03183139567698705
1344,0.03027474642795159
1345,0.02922667439041029
1346,0.030486968122077292
1347,0.03201191150700978
1348,0.03353406319386701
1349,0.03370796975443344
1350,0.03374754676401733
1351,0.03365227791222842
1352,0.03283196424233924
1353,0.032731776405953546
1354,0.03198016840557401
1355,0.031918000735853894
1356,0.03366705568145624
1357,0.03378395001306753
1358,0.032049706378487704
1359,0.033066165216538365
1360,0.034590817481911694
1361,0.034672427771278796
1362,0.03352054402292417
1363,0.03271569204243444
1364,0.033961109284378406
1365,0.033828091902364237
1366,0.033811044192590185
1367,0.03505121521444763
1368,0.036220922601706784
1369,0.03641097135757803
1370,0.034309066636440705
1371,0.03272746111096129
1372,0.032215992281224425
1373,0.032174144350978484
1374,0.030989736236951667
1375,0.032759103982883044
1376,0.0354588360428251
1377,0.03578116508165104
1378,0.03394624372471735
1379,0.03237453133944478
1380,0.03277055204031216
1381,0.0339079267252593
1382,0.03369527673797991
1383,0.03208873167370052
1384,0.03126795324221583
1385,0.03159788968438981
1386,0.030622899410722527
1387,0.03156183113771863
1388,0.0334305155812831
1389,0.03401028536384105
1390,0.03449285448220191
1391,0.03475155761275737
1392,0.03389073045661754
1393,0.03364965356085561
1394,0.034724311967264464
1395,0.03732328745054006
1396,0.03924826967085407
1397,0.04028602283090393
1398,0.04111022390032083
1399,0.04390765571401755
1400,0.04404805795825252
1401,0.04434840714836409
1402,0.044217956411933136
1403,0.04488510258589323
1404,0.03991217322709375
1405,0.0373687980281771
1406,0.036930789661308965
1407,0.03638950997006746
1408,0.03869980816636861
1409,0.038974416207710416
1410,0.042699271423819046
1411,0.04371733844101677
1412,0.03993407656817758
1413,0.03688081804660046
1414,0.03748307461843596
1415,0.03702897329981356
1416,0.037824207933051704
1417,0.036227379266596575
1418,0.03725789260620469
1419,0.034432891079375756
1420,0.033475096139564196
1421,0.03504300627702233
1422,0.036302525840879694
1423,0.03435451388831121
1424,0.033108826382021644
1425,0.03304185188208216
1426,0.032355219272085324
1427,0.03331029460877935
1428,0.03387535903006719
1429,0.03444635827679378
1430,0.0347664608476598
1431,0.032470884241310644
1432,0.031634904319470254
1433,0.0314620960204268
1434,0.03111996749544486
1435,0.030328549729137216
1436,0.0302676571969338
1437,0.0304899815277328
1438,0.030747739608357607
1439,0.031058773520035162
1440,0.031203085514792197
1441,0.03067851572234847
1442,0.031926242754913924
1443,0.03325836805325404
1444,0.03568368064430138
1445,0.03736029163210131
1446,0.03726767036948809
1447,0.03913717545312086
1448,0.03840973432922243
1449,0.03760016554552451
1450,0.036993156448153874
1451,0.03598753619367087
1452,0.03735683395601555
1453,0.038888179835311606
1454,0.03895076542957872
1455,0.042493058411913136
1456,0.04353076298180773
1457,0.04368907538656712
1458,0.043821376871474214
1459,0.04502192167957702
1460,0.04608001109840186
1461,0.0449730246001431
1462,0.04261592132896861
1463,0.039246166056215705
1464,0.037757308155629235
1465,0.037025647619141254
1466,0.03798272185138173
1467,0.03668611528875754
1468,0.03465338665573873
1469,0.0356812471121447
1470,0.03660168632535407
1471,0.03889855026102397
1472,0.04207786134040988
1473,0.04364358718623055
1474,0.042626736119053946
1475,0.04105796637800122
1476,0.04058877378130911
1477,0.03886541988253589
1478,0.03704558083572455
1479,0.03560842977991547
1480,0.03515401494296645
1481,0.03838883899523761
1482,0.039893379094527975
1483,0.038188104445342035
1484,0.03614909459275684
1485,0.036017724140813036
1486,0.036607282446470955
1487,0.03876193661088941
1488,0.03725635627943725
1489,0.036275308167182406
1490,0.034241312958735455
1491,0.0364420938520033
1492,0.03786100221153069
1493,0.038189396634153286
1494,0.035841936877498946
1495,0.03511529907427567
1496,0.03577065705790739
1497,0.038097222364387145
1498,0.03547963320756529
1499,0.03259616771336042
0,0.08339940244030909
1,0.05519091333338355
2,0.037197092100634176
3,0.036783007147692476
4,0.03903222961808787
5,0.04579703122791475
6,0.05178672319941736
7,0.05135950934950787
8,0.04691249332064431
9,0.04059714564375448
10,0.03898558231160273
11,0.03900205188838845
12,0.03818327930398167
13,0.03964502553284226
14,0.03929558722444569
15,0.04100958568801345
16,0.0430006312407997
17,0.05319427792298281
18,0.05619065744754809
19,0.05117674202547235
20,0.05265338999402307
21,0.05129090899128296
22,0.05272061502569011
23,0.05549563957418634
24,0.05167104766039863
25,0.056028340055006086
26,0.05432811952653076
27,0.05521043008022921
28,0.05173844251715529
29,0.049008674508691064
30,0.04919873657318073
31,0.048831109673706755
32,0.04921216677017903
33,0.05024722991934429
34,0.046789352415592796
35,0.03986617463263761
36,0.0416424520611223
37,0.04426653790688429
38,0.041816130554865924
39,0.04111166172515178
40,0.0382021120988098
41,0.046108676498983425
42,0.05233223928416411
43,0.05336366915188339
44,0.0478366718638929
45,0.05670214486855682
46,0.054224270374561026
47,0.05158496172349444
48,0.05446965289187217
49,0.0572317283714184
50,0.060123703471069316
51,0.055330435807459936
52,0.05055123357609909
53,0.04476331658581247
54,0.04962743430952248
55,0.04619054905313995
56,0.05333736575123706
57,0.05328947413355252
58,0.043760655491530756
59,0.04648281071963605
60,0.048433549359989954
61,0.054932118685862806
62,0.047129552052942086
63,0.04508149061829757
64,0.05089400253290761
65,0.04626729606089274
66,0.04757215750765558
67,0.04946316786062658
68,0.046518127168819035
69,0.039056968151726656
70,0.03897442018028478
71,0.045936895314507606
72,0.04892619158990157
73,0.05458786590433435
74,0.05099700711607216
75,0.05103704965431647
76,0.05336909606720051
77,0.05265104620864522
78,0.05580422909369818
79,0.044431665704370515
80,0.04208016433810755
81,0.0476708494371688
82,0.04508609482653694
83,0.047106047648852414
84,0.051522996067092756
85,0.04888371811891608
86,0.04218485792750701
87,0.036713978108771986
88,0.034407385541517614
89,0.036246635319441556
90,0.03612824996610723
91,0.03874903892283096
92,0.04409531380826147
93,0.042870499170834284
94,0.04523089369390577
95,0.04553825969470596
96,0.04240288063927012
97,0.03932434890710251
98,0.0410511844753643
99,0.04339195794241171
100,0.0463001233237393
101,0.04264592765029749
102,0.03602514888809523
103,0.03800846935475476
104,0.038904499648103115
105,0.03848446601591449
106,0.03773214016817594
107,0.041922741381216926
108,0.04601702448384925
109,0.0558548818595944
110,0.058653270858396195
111,0.04877297278000082
112,0.046166800441878875
113,0.04190809721956649
114,0.03917377156095914
115,0.0434282643800804
116,0.03729021661299572
117,0.034706497529604016
118,0.03646436276883829
119,0.03938816851958414
120,0.04085477450814415
121,0.0491411419717679
122,0.042353333351637074
123,0.04366598343331092
124,0.04301607830508606
125,0.04220816243082002
126,0.037891643522530286
127,0.04352126302915408
128,0.045153578597934646
129,0.052237322089892915
130,0.05194556522729088
131,0.0450383132065343
132,0.04879991492290155
133,0.04890510831862455
134,0.050306417153129335
135,0.04822636950759669
136,0.04232495792991358
137,0.042466635665144546
138,0.0448085532740983
139,0.050851867913325785
140,0.05959544821332321
141,0.0744438668312302
142,0.06890085682423887
143,0.06093435584692497
144,0.05252570544347136
145,0.04403874509487675
146,0.04285433371471915
147,0.037975689573230526
148,0.037462776283149174
149,0.0358112938366909
150,0.042989341297377845
151,0.04189641236449333
152,0.03538100281013054
153,0.038556835580085776
154,0.04658254095871691
155,0.058269976210894595
156,0.05876301832085262
157,0.05576308884156515
158,0.04002237380724856
159,0.03791057441385388
160,0.035583734668495515
161,0.03725272354566637
162,0.03927607383588243
163,0.03638038919550056
164,0.0332420425651361
165,0.03199581232184238
166,0.035168376584497806
167,0.036621273070003256
168,0.04622630287154835
169,0.05777870725819432
170,0.04834860827861713
171,0.052348311069403304
172,0.04930729493860678
173,0.05283620376829574
174,0.04140670449342788
175,0.03743101703436345
176,0.03678960064264665
177,0.04018231334443463
178,0.03925181197372423
179,0.037942301259632834
180,0.03374178599093209
181,0.03544569719889154
182,0.03875006598148961
183,0.039421210866167004
184,0.041068660975098016
185,0.03367055479627884
186,0.03595772938940195
187,0.03325371559367355
188,0.03453858311935323
189,0.03676548393286082
190,0.0372115949767453
191,0.044657412288735994
192,0.05249162452437108
193,0.07374110332247562
194,0.06559143594106709
195,0.050318930651358014
196,0.03753045456170252
197,0.040058349275234606
198,0.03988953070718224
199,0.038607481543754124
200,0.051399378680153686
201,0.04551942434092838
202,0.05888595406008015
203,0.0663891215370995
204,0.06106728081448489
205,0.07060337868154144
206,0.0804161230044645
207,0.07169811595511044
208,0.06395131373770963
209,0.049525372623063245
210,0.039176310647764584
211,0.03472165661822363
212,0.03691458803681476
213,0.03850985821819185
214,0.0433345169267133
215,0.03543083397369232
216,0.04023407079384018
217,0.0449633754570004
218,0.041653595327523066
219,0.042560351471758795
220,0.041805885914085454
221,0.03776760242915551
222,0.04550357315787681
223,0.06049917523095481
224,0.04450258027630848
225,0.04818053938515994
226,0.04918143471261482
227,0.04902203945352278
228,0.05113004694645757
229,0.04690749104461922
230,0.05307593142232738
231,0.04847830672368492
232,0.04024979773283891
233,0.03746116365911946
234,0.048147440393553814
235,0.05718021232293335
236,0.05102611599764367
237,0.047910840191070496
238,0.04811534379575043
239,0.054369500373270034
240,0.05906914511042155
241,0.04913571637521638
242,0.039528338940575176
243,0.03874682853137663
244,0.05150402087634726
245,0.04953074528865522
246,0.04918739105222349
247,0.04861501014038884
248,0.06226952072506176
249,0.05581446326231459
250,0.043956660260740923
251,0.05341589093156316
252,0.04784533093839546
253,0.043078940755839804
254,0.0570967505618121
255,0.055250317545543645
256,0.06577310300595769
257,0.06327067364290333
258,0.0689020524406532
259,0.05696417889123329
260,0.04583100526912149
261,0.0459602481470483
262,0.052556794280093584
263,0.061886508832218724
264,0.0685374219170341
265,0.0598916755312346
266,0.04526235829640252
267,0.04304442965228309
268,0.046766128705304
269,0.05834864477799183
270,0.06716174663462607
271,0.06073564034356048
272,0.05663172322338594
273,0.052895420129281424
274,0.05216681213618169
275,0.06626591249306985
276,0.05720941251019031
277,0.050838185247730316
278,0.05550528525401091
279,0.04361595565765131
280,0.039226650046766905
281,0.03614079123657049
282,0.03510014718662053
283,0.03719187024561403
284,0.039559635258369495
285,0.03925166714580132
286,0.04126401409474958
287,0.042780615416253456
288,0.046276669082753116
289,0.0474229066407998
290,0.051052731143349496
291,0.060161603417557614
292,0.0451370466910827
293,0.03830250929708816
294,0.03751564936053421
295,0.035532177999282044
296,0.03669915230296657
297,0.03526342501040143
298,0.03226860523541479
299,0.038490030721111776
300,0.04748576538228534
301,0.03714643480666873
302,0.03563659827625801
303,0.034042555417003524
304,0.04099868632922146
305,0.044077319450329125
306,0.053329104423317314
307,0.04874015714971731
308,0.0502136445441734
309,0.04319803891336195
310,0.04079461612230095
311,0.038828415671744415
312,0.03434793364352881
313,0.034276556770176346
314,0.036003232576116234
315,0.035743893679409715
316,0.03828675434566888
317,0.04327535811880978
318,0.04681424716037566
319,0.051596748037033034
320,0.044768876269716075
321,0.039814573491965516
322,0.043186039656684945
323,0.04802667046114126
324,0.038281440338727914
325,0.03581404597150609
326,0.03556589346096004
327,0.04261123938520752
328,0.045088221282583364
329,0.04470929258125135
330,0.04817940573790836
331,0.050143778102994994
332,0.051183230822008784
333,0.03936706399838791
334,0.044823428077310656
335,0.04834066165795146
336,0.040046777442604785
337,0.042180094208883565
338,0.0588661444115995
339,0.06939090010051802
340,0.055902119596589236
341,0.04959222575318274
342,0.042158021867138566
343,0.061844560787344904
344,0.04944212626839973
345,0.043146621663209886
346,0.0387884738174449
347,0.037377164892382665
348,0.03822833364283568
349,0.043419096736423766
350,0.04536439663354627
351,0.03397277050041175
352,0.027986019097578124
353,0.030515276262249928
354,0.0321059570294807
355,0.045543547335928
356,0.043890949094670575
357,0.03739252315885808
358,0.04814701118478964
359,0.05782388676775148
360,0.04181875698331251
361,0.03998516726882717
362,0.03974215592625576
363,0.041542553405284545
364,0.03644532121737766
365,0.03160262780368273
366,0.03382097593859431
367,0.03391446262214986
368,0.03241024938898598
369,0.0342905837225185
370,0.03206076956219604
371,0.03312991387863049
372,0.03289247520989159
373,0.03250881390265027
374,0.0334367488162614
375,0.03725199198470908
376,0.04478619444941942
377,0.048663316607906404
378,0.04440739413067544
379,0.03749502665435201
380,0.03720328485327241
381,0.034945506778620475
382,0.03431316515107937
383,0.03292035134970048
384,0.032994790739253765
385,0.03384618887640041
386,0.03657533027427981
387,0.04062304382407788
388,0.04955380143784138
389,0.044212217603797795
390,0.035416304180422256
391,0.031850450690437626
392,0.0352784412330817
393,0.03694226415856192
394,0.04274345072016864
395,0.04462853630852433
396,0.049926446010671886
397,0.03539869264069255
398,0.03763850031934201
399,0.04361251624568235
400,0.03617947246295397
401,0.03104930439647624
402,0.03010545232477269
403,0.03272931760558303
404,0.04030251374096073
405,0.040688683212789796
406,0.04730403562155565
407,0.04454579600347174
408,0.04315753753986388
409,0.05062232204836422
410,0.054428664030042546
411,0.04384743869664122
412,0.048293628901097785
413,0.045773483416141285
414,0.046990455964905704
415,0.05285586165116183
416,0.052123984087322196
417,0.044088438836343884
418,0.03414558131008334
419,0.04020614308816894
420,0.045153495297792064
421,0.04291629739290873
422,0.040252640065332086
423,0.04536069264537889
424,0.043892951702456114
425,0.0521639550522862
426,0.05429789166366063
427,0.047099820970073224
428,0.04714090147124443
429,0.045309809097656466
430,0.04535439113373152
431,0.03845866290468955
432,0.03495904409344938
433,0.03212889336556791
434,0.03510316931923786
435,0.03815080732465222
436,0.036496415517322904
437,0.03208331872080154
438,0.04249002571861352
439,0.040067509212504876
440,0.0463355371156657
441,0.05149392265394091
442,0.04660268958162033
443,0.04430464781364752
444,0.05737833708463512
445,0.06516406044381538
446,0.04727451975604559
447,0.043887051699715504
448,0.046264913445281663
449,0.03641861588108184
450,0.03280948011955004
451,0.035070387693778106
452,0.04423464036222816
453,0.04376952331257585
454,0.05109029574831152
455,0.04571136144650972
456,0.03568502714378666
457,0.03815278863311445
458,0.045860075442365984
459,0.04540594812338078
460,0.04707540978794967
461,0.051484913092940926
462,0.04312838947414398
463,0.04615067340426034
464,0.04094850394211896
465,0.03659619747579308
466,0.033201175783156456
467,0.026741766538702274
468,0.02629432592395694
469,0.029613082294537896
470,0.035516343047706116
471,0.033875129155798454
472,0.03209828343665148
473,0.033920968864953556
474,0.040402986679667074
475,0.036109536873665644
476,0.045881201805145565
477,0.03864781403076209
478,0.04541788390563901
479,0.040393182307221345
480,0.030962080537888778
481,0.03316389788172661
482,0.031583435457045624
483,0.03788925864834118
484,0.045042159151657095
485,0.03280029705873989
486,0.03504548889306452
487,0.043196631083826285
488,0.05147037057815837
489,0.05846263835127188
490,0.0443173930121789
491,0.03923258910561469
492,0.044305005324441434
493,0.039936677816435534
494,0.04152249094206171
495,0.041793139371541485
496,0.03187079207716481
497,0.0373252866004645
498,0.03205323946233699
499,0.027503254551669618
500,0.030026723058901122
501,0.032247397950677416
502,0.029447804202362204
503,0.041237629817049565
504,0.048001881728455015
505,0.05350107320081104
506,0.053520330370365035
507,0.05556079348725466
508,0.04950003724846311
509,0.0386889177680442
510,0.04119863496655802
511,0.04369446408335891
512,0.036470760494444865
513,0.03394744736300519
514,0.0340909389721404
515,0.03276163636518642
516,0.02598204754343502
517,0.024851312121061814
518,0.02561763084791321
519,0.03500045380688474
520,0.03810295343887898
521,0.037630667472377685
522,0.03493965890140581
523,0.039895706518635124
524,0.0422116631733867
525,0.04987890390082217
526,0.05684205317373769
527,0.04926152816476547
528,0.05531198956520568
529,0.058380787046008506
530,0.04887121357750307
531,0.06343764515960049
532,0.0759124829489993
533,0.06549819601661944
534,0.04455257591785047
535,0.0447459723974594
536,0.05656571855043894
537,0.052429139631201396
538,0.06157197452606041
539,0.061717469858291886
540,0.03607475496753216
541,0.030918637897451823
542,0.03092858973200978
543,0.036706984997299984
544,0.045986532084885866
545,0.036494626297530655
546,0.033491149491635015
547,0.02615868522926588
548,0.02564550167396315
549,0.02803723545354149
550,0.03556103165739405
551,0.031000178016468725
552,0.03880025890935001
553,0.04697591850628994
554,0.043362484161529415
555,0.038058910345200404
556,0.04434288384394128
557,0.04358111333430452
558,0.04233461414636732
559,0.04052124660887194
560,0.034744123506726995
561,0.03557443758962787
562,0.037422071735596814
563,0.03572919988504989
564,0.029870736795760928
565,0.025058764914481644
566,0.026635771344222167
567,0.03497779448885688
568,0.039236897579178705
569,0.036685463254889306
570,0.03643585347797943
571,0.042384243850216566
572,0.03359737211697808
573,0.041850688892305504
574,0.03960502578734611
575,0.03136806990564891
576,0.023775657705753617
577,0.028551206260548065
578,0.02807781320057884
579,0.028731013455742853
580,0.027603154521748646
581,0.03762178554057042
582,0.04486941830497515
583,0.027806502781805586
584,0.031199138813772363
585,0.0328439530292593
586,0.026595191182270456
587,0.024314538310985546
588,0.026317436725179635
589,0.03672938334320704
590,0.05767912477813155
591,0.05082112804456966
592,0.044847982456570984
593,0.04355674270267164
594,0.03685501041398463
595,0.028535444499929064
596,0.02414311738926862
597,0.025154006659508288
598,0.024637631446689796
599,0.025127337936397397
600,0.023893521935637006
601,0.02373103087016919
602,0.03521010688008245
603,0.044241806895227
604,0.05275752654248257
605,0.042851440162460314
606,0.03752314919307435
607,0.045896947678312365
608,0.03801850746317072
609,0.04375414276413974
610,0.03382609387977851
611,0.039620718880926845
612,0.04271708735171571
613,0.03334149394672796
614,0.032430529029045516
615,0.04240169226203107
616,0.045336169459217854
617,0.034112173472708576
618,0.025603965292184904
619,0.028693880115305746
620,0.037195952316028284
621,0.03462700828872213
622,0.03902875034443444
623,0.042550526284293726
624,0.03401923353763402
625,0.037517032874776
626,0.03309989185895153
627,0.03871894902255538
628,0.05925950589002043
629,0.045993728769182
630,0.051565207019973754
631,0.05114630418391412
632,0.0362375014678299
633,0.03435949252961818
634,0.026691441190152362
635,0.025692951451873978
636,0.02849832240210144
637,0.03787575366431909
638,0.03355522915431418
639,0.04078962593532948
640,0.039834528609365205
641,0.04046494940651523
642,0.05235624033428775
643,0.039150902904432655
644,0.033879795285853394
645,0.025847047756120647
646,0.024407281230005743
647,0.036097455057800175
648,0.04698033216892531
649,0.04358791107138717
650,0.030602584329798378
651,0.02392371448092796
652,0.024371804544353896
653,0.02327868947015467
654,0.029794977374937377
655,0.038628455818792914
656,0.051824171188370224
657,0.0528868918637882
658,0.03934217249886225
659,0.028486799192542343
660,0.031141309728936414
661,0.035226139001752574
662,0.04009026827390744
663,0.03917281783009727
664,0.039420274847083894
665,0.030867076969022016
666,0.030185601128657744
667,0.02246874557691202
668,0.023483314903395967
669,0.031229173556684475
670,0.033206438678563294
671,0.027638756588220872
672,0.03205488499409328
673,0.03473450008559289
674,0.03076929314316701
675,0.03503219127578867
676,0.04612187067955258
677,0.047905091101147906
678,0.05053576070220877
679,0.06206249832200977
680,0.06018581452313438
681,0.0421354328133862
682,0.03987444153393055
683,0.05496849452526379
684,0.04918932635257586
685,0.034975300527101426
686,0.037319518141468715
687,0.05224848266769289
688,0.0603883292871504
689,0.05554385765021558
690,0.04454511329817072
691,0.028802958695198368
692,0.028649861978387658
693,0.02473500831889594
694,0.035615403415631144
695,0.04829970548438581
696,0.051106206758432186
697,0.045798621007241434
698,0.03907055221372173
699,0.03876530429492045
700,0.02705321879536499
701,0.032193943268259716
702,0.039192158334130145
703,0.03429760164837055
704,0.03383137141728452
705,0.03236238018180529
706,0.03908679510617136
707,0.05370496315217913
708,0.048719804813418525
709,0.05063810005743315
710,0.04754149183875904
711,0.03864721833001886
712,0.042823224802259335
713,0.04572262580232039
714,0.044375359942893045
715,0.05880604480034948
716,0.06180247257404493
717,0.04290691532793438
718,0.05824466272968955
719,0.06004108139250916
720,0.04294757954227414
721,0.029470040254618562
722,0.030679773575647978
723,0.02596345023329854
724,0.028236259972056484
725,0.028151291735286337
726,0.034192077040274604
727,0.040748544728282
728,0.043956338207542134
729,0.03878084561035025
730,0.0378802344858211
731,0.035343242475765674
732,0.040218756613697414
733,0.02914663551053262
734,0.023100590549222054
735,0.024777514980971336
736,0.020348419167964437
737,0.0204078353347135
738,0.025428570274095005
739,0.03410230663986305
740,0.043792088601256635
741,0.029905184792256092
742,0.04006121174770085
743,0.04523357335866977
744,0.038282143781744264
745,0.030837404874150216
746,0.025074096960654255
747,0.02818975503828997
748,0.027538601965344918
749,0.026040140709445922
750,0.02561209589590726
751,0.021510894487720873
752,0.02456038798946893
753,0.024717729691980307
754,0.028067848677560833
755,0.0343021253487295
756,0.03825291832874764
757,0.03739198707287963
758,0.03467531500839425
759,0.03567252073954565
760,0.03304348847148095
761,0.03656909897129583
762,0.055869501741358386
763,0.06483166436810811
764,0.051390229199390444
765,0.05436162227247821
766,0.044470191186763715
767,0.03291874872601316
768,0.03367784396014228
769,0.04714064563846598
770,0.05067103318441816
771,0.04265073877494896
772,0.04488032384077432
773,0.06740042199149895
774,0.06022866370059205
775,0.053195523240007515
776,0.04848877501759672
777,0.03763569738015236
778,0.031469664418484
779,0.03337259472134329
780,0.0373767723999239
781,0.03635154404437342
782,0.03968724375645351
783,0.0325235961709761
784,0.032239124727558396
785,0.040677259944789795
786,0.04215795472887113
787,0.04376834662363725
788,0.039518065528297404
789,0.02774282211972959
790,0.03420924989954299
791,0.04034651017161812
792,0.04247167512373292
793,0.048269985031208225
794,0.05725312710474313
795,0.04685526861523583
796,0.041058287195408494
797,0.040026226798025866
798,0.04096113715749691
799,0.04225351963991529
800,0.02958138516513513
801,0.03287623457782478
802,0.03510222177127453
803,0.04742367670735891
804,0.04521009672494659
805,0.043379762196384924
806,0.035947340363334385
807,0.036830958089005286
808,0.046302171233634073
809,0.04027995294150704
810,0.04633292815799881
811,0.03599928952158233
812,0.02950340242421342
813,0.031043339817154094
814,0.04818031291217285
815,0.05371123264389078
816,0.04692093388047517
817,0.035938756844115474
818,0.04532949518051039
819,0.04665305748329246
820,0.04670591829405664
821,0.049145271047052214
822,0.04386278082764553
823,0.04378867301555512
824,0.042331487267833846
825,0.039832800808074956
826,0.03727463169657516
827,0.04231777262568077
828,0.038892435160358035
829,0.03246994925497589
830,0.02621757727282294
831,0.0339567203229747
832,0.036397570407108185
833,0.04415512612304822
834,0.04568190204498632
835,0.05902596793955332
836,0.05917180299205142
837,0.08133894049917033
838,0.0856502693757185
839,0.08060730721862928
840,0.05657208591864198
841,0.0531811283294436
842,0.04963430773613952
843,0.04971588377229562
844,0.05821245957538948
845,0.06373420887494793
846,0.06841596990872233
847,0.054187798479751255
848,0.05903911026317109
849,0.05595551971858797
850,0.056036487766945836
851,0.059837624306937946
852,0.048318183712843986
853,0.046454713933360973
854,0.04592275210902608
855,0.04307656848986443
856,0.040428029099153176
857,0.030545420306809193
858,0.02743213525311908
859,0.02631861042583078
860,0.027574701649158113
861,0.04097603421607268
862,0.0367823953206641
863,0.036730131417208864
864,0.04236444756232741
865,0.04173564750956906
866,0.03382790878280816
867,0.035207021424606535
868,0.03892816821845208
869,0.03227389410095796
870,0.04022189692963238
871,0.04605382142206289
872,0.035556344820695224
873,0.033080005145055984
874,0.038965730765711894
875,0.04346196635449601
876,0.0398852168517531
877,0.041938893456804564
878,0.045851528070912084
879,0.045215338616161664
880,0.05323870880457761
881,0.048522739692027014
882,0.06245015214511774
883,0.06091313226213055
884,0.05509229485471089
885,0.038681654049884114
886,0.03032502609673199
887,0.03338012792922078
888,0.04677292664627668
889,0.03657074052085178
890,0.03871148347673606
891,0.04200082642527299
892,0.03237890757623986
893,0.03476542128819561
894,0.028940138371134926
895,0.03395489941954433
896,0.04315951188051309
897,0.04554388560687737
898,0.05976016471903447
899,0.05171917331428998
900,0.039164492986215396
901,0.03575553944888891
902,0.03224384650728761
903,0.03222794691147733
904,0.035606203279149984
905,0.0397480797477708
906,0.048189818470548235
907,0.03885373288137613
908,0.0358783355783105
909,0.042568861147055916
910,0.03712830847146323
911,0.04298001601371939
912,0.042988468266270397
913,0.03942016551795017
914,0.03174230658348368
915,0.03687671059854423
916,0.03681736374526687
917,0.03671376042636159
918,0.044569041454296555
919,0.036476575611637814
920,0.036382553268511364
921,0.04499203587485703
922,0.056216289803192376
923,0.04017671910065869
924,0.037399835475716174
925,0.040471382428066895
926,0.04498934671734044
927,0.03702962176504262
928,0.043983406460054365
929,0.05788095885204234
930,0.04853603245641337
931,0.043263893026544625
932,0.04916547511725649
933,0.07327528158368313
934,0.07549219657318154
935,0.05922052024850277
936,0.0548770191603646
937,0.054672713219076095
938,0.05112650707893915
939,0.05358769832712101
940,0.05985809151928072
941,0.04208746033085135
942,0.03489700516683774
943,0.041958907331570115
944,0.030488063525836412
945,0.030083227930700868
946,0.03007882919893618
947,0.036241811495089746
948,0.04844613442730989
949,0.05281103258201704
950,0.06373512077327892
951,0.0487148313550605
952,0.04521485298430529
953,0.06879891248485473
954,0.0857659640373258
955,0.07848789638709311
956,0.07231837035422696
957,0.06951930934987437
958,0.059642280637694986
959,0.04947196932128495
960,0.045365660001544246
961,0.04583566463072886
962,0.034393947436745884
963,0.03864170427851488
964,0.03942578859896583
965,0.03690958103488543
966,0.04071090775858165
967,0.033635792129880784
968,0.03501985077450421
969,0.0391295646553671
970,0.04230779553890482
971,0.04847539915678151
972,0.03934646978243666
973,0.03847789708745122
974,0.044798095853822446
975,0.04168693674580158
976,0.038462446462245364
977,0.04136676415558553
978,0.04532255539349289
979,0.036710301986811716
980,0.03720081983807979
981,0.04079888139981272
982,0.039787484961961175
983,0.03748874346296665
984,0.03653685642990649
985,0.04087639504501701
986,0.0438891648081733
987,0.04196228983040133
988,0.03824313069030937
989,0.034753047433252734
990,0.03896579286163479
991,0.03645275241675987
992,0.03574915185764618
993,0.035089829489552984
994,0.0322414640248743
995,0.034190590790727546
996,0.03922910922659315
997,0.03769197875467104
998,0.05199370294464341
999,0.039790556844961654
1000,0.047120371141471294
1001,0.04709465048751077
1002,0.03187625548427878
1003,0.029262544515650985
1004,0.03472083043078013
1005,0.044130555006068245
1006,0.04182980738912457
1007,0.0525306292829457
1008,0.04390408039172037
1009,0.04759533543424421
1010,0.03297631664240603
1011,0.03807431754426443
1012,0.049990944917000214
1013,0.05554676532289848
1014,0.06701853601944581
1015,0.08496538102801815
1016,0.09055954078485999
1017,0.09514416715926188
1018,0.06892012679442285
1019,0.07123424978411248
1020,0.056553011296236626
1021,0.049360099219917755
1022,0.04587668976818714
1023,0.04305384455832647
1024,0.04495916624671978
1025,0.04947157613603501
1026,0.05001654306221887
1027,0.047247073405431175
1028,0.052399553332813764
1029,0.05051553738553534
1030,0.0455967186723785
1031,0.042553809607490556
1032,0.03274169140279074
1033,0.031858648486467925
1034,0.0405201856824147
1035,0.03898936493463995
1036,0.03289615070780525
1037,0.03312475262908315
1038,0.033815632874008995
1039,0.03120806375700239
1040,0.04643165481868522
1041,0.03999158457483912
1042,0.04263723168247609
1043,0.051834049838353914
1044,0.05798418714094518
1045,0.05381590820393143
1046,0.0616100505328879
1047,0.06301453507345223
1048,0.04455768666690656
1049,0.034260328966958534
1050,0.031993278157912974
1051,0.040096753808217235
1052,0.03133724815480681
1053,0.03800857500842268
1054,0.044314057617956815
1055,0.046581048508916784
1056,0.030592843444309886
1057,0.033235144304985635
1058,0.03042420807338235
1059,0.031548304925287214
1060,0.028844912128663306
1061,0.028873172382541584
1062,0.038068118459212846
1063,0.04269385902327805
1064,0.04066331435647636
1065,0.03550126308690926
1066,0.04344682046087887
1067,0.05404334801059461
1068,0.03950077999316927
1069,0.039600927720206826
1070,0.03666349123670315
1071,0.05022571095407382
1072,0.07060693136237493
1073,0.049656658697754916
1074,0.05029433825243081
1075,0.06638088260720056
1076,0.03609873795220391
1077,0.03235292390011687
1078,0.03428954087146088
1079,0.041102141547031505
1080,0.05291341896642724
1081,0.04981494989063081
1082,0.04162778421813935
1083,0.03340058258950432
1084,0.03370434928630664
1085,0.03846487269036994
1086,0.04842290544429963
1087,0.03956592598322041
1088,0.03672679846417239
1089,0.048357402756794114
1090,0.045497131873725276
1091,0.047219527075647645
1092,0.045528387369833244
1093,0.038578914808528285
1094,0.03284572679954941
1095,0.03487178971512848
1096,0.040936476776424646
1097,0.03364895272237515
1098,0.03825645431955495
1099,0.036798478437791896
1100,0.05299116469963185
1101,0.0520139528233902
1102,0.038274627867561535
1103,0.03921900826568224
1104,0.043211017767957646
1105,0.054008967628519554
1106,0.047692946259240164
1107,0.05589311585920083
1108,0.038254599338598726
1109,0.02738120552162852
1110,0.025665055269433145
1111,0.03229364585365414
1112,0.03885348518708298
1113,0.02972645644726266
1114,0.025925316356799066
1115,0.03726648186873601
1116,0.049662554106330734
1117,0.05336382116025576
1118,0.0483245963853588
1119,0.044524757723030425
1120,0.05708540194343373
1121,0.06538157145975726
1122,0.06965721987551753
1123,0.05972580509707498
1124,0.04294366016708191
1125,0.04726504418005441
1126,0.049597595777136044
1127,0.04105816160363739
1128,0.04037445058958966
1129,0.041623010821956935
1130,0.03278974147061856
1131,0.03163770774332894
1132,0.035793605320613806
1133,0.03824845817867332
1134,0.035536607305050996
1135,0.04388377254607681
1136,0.04817575691937388
1137,0.05605668235739091
1138,0.05937199718910565
1139,0.0592823910465165
1140,0.048952000357300275
1141,0.0331799165846962
1142,0.03412859944705137
1143,0.046708683837307065
1144,0.044711628628033476
1145,0.030580761479953297
1146,0.027090367326158316
1147,0.03125481101493888
1148,0.027177182214100634
1149,0.033621519436174196
1150,0.04859691654546641
1151,0.06319088438210267
1152,0.07797725975134687
1153,0.08311071292765398
1154,0.08112524865462042
1155,0.051216264543142674
1156,0.034232011151367314
1157,0.040076852488258596
1158,0.0517639168537628
1159,0.054018519836065766
1160,0.05044314470554779
1161,0.05912900798804446
1162,0.05490677355831649
1163,0.04306735184211717
1164,0.051326321900386884
1165,0.04961602720737429
1166,0.040802176491384526
1167,0.03483328053280775
1168,0.03742235695836122
1169,0.030798630805446488
1170,0.03714035080824319
1171,0.04281216080531387
1172,0.0328448298524826
1173,0.030929717234595887
1174,0.029701523616584586
1175,0.03717914290644726
1176,0.03208830447119499
1177,0.024112652970032098
1178,0.027036225331645625
1179,0.03491742994902897
1180,0.03616434309238021
1181,0.040794486277071454
1182,0.05298805565828202
1183,0.04844886227168017
1184,0.0393341663934912
1185,0.03610168035031845
1186,0.03647946622615942
1187,0.034866144739118615
1188,0.02564680728316531
1189,0.023368195801579696
1190,0.023869073003057666
1191,0.03523187364201735
1192,0.0569216565349562
1193,0.06830680455578893
1194,0.053914677099362235
1195,0.049766271927697066
1196,0.05087213095804816
1197,0.045339128743407335
1198,0.0482534882808615
1199,0.03922600513139379
1200,0.04113508899994215
1201,0.04180658082751859
1202,0.04161880978282035
1203,0.04594293073933568
1204,0.0670180083979531
1205,0.08015188450263068
1206,0.07814517962564385
1207,0.06787320790082314
1208,0.03907077634712007
1209,0.03210771656554188
1210,0.03398596657717998
1211,0.04490658576114127
1212,0.04193076596074457
1213,0.024990634345526203
1214,0.02453281480997026
1215,0.021049980224143096
1216,0.02154943952331347
1217,0.026552673993302727
1218,0.032588904247248425
1219,0.029188341861794146
1220,0.04160587191483872
1221,0.057166994448099195
1222,0.053616367944446776
1223,0.04338406214008493
1224,0.05022575772106608
1225,0.04968559967309094
1226,0.034370471684404456
1227,0.0441908343817251
1228,0.043879089523572765
1229,0.04769099419680112
1230,0.049511099568654744
1231,0.05016877515065536
1232,0.041303264392753294
1233,0.02777325272056129
1234,0.02438247389887488
1235,0.0237669984407066
1236,0.03075958178538142
1237,0.043315003375606384
1238,0.04122980521850696
1239,0.03784967055445419
1240,0.03203944303438768
1241,0.05925437364330753
1242,0.04572360121464944
1243,0.05038540344683812
1244,0.05781644229774271
1245,0.04946701156514617
1246,0.0634118283339267
1247,0.07600406597641306
1248,0.04195398919340137
1249,0.036412431726034075
1250,0.023839478176255785
1251,0.025094991303350626
1252,0.02975269410659089
1253,0.028652681772290963
1254,0.03395485437531212
1255,0.03923163493457491
1256,0.05285120659729098
1257,0.04342772124130803
1258,0.04460425537824475
1259,0.03485069827464069
1260,0.031362018437019024
1261,0.031311917114945194
1262,0.03468861995695604
1263,0.03578520505090418
1264,0.03652236947631164
1265,0.02670481806334715
1266,0.03217565225975487
1267,0.023495025273792526
1268,0.03253746665707934
1269,0.034269247901870685
1270,0.05601360918388516
1271,0.07531071734538271
1272,0.054179462730047576
1273,0.032654939906365796
1274,0.03654905483226297
1275,0.02897824410750394
1276,0.0336128519951889
1277,0.05050845353958828
1278,0.060648074040702216
1279,0.042819341011035315
1280,0.030051885438618024
1281,0.03282795246211938
1282,0.03202133579662576
1283,0.03050955751923841
1284,0.03218241537952766
1285,0.029326706097677162
1286,0.040215379325128135
1287,0.03853613914070096
1288,0.04368268629318229
1289,0.05238920328820248
1290,0.06250924652878677
1291,0.053775994002258666
1292,0.03937053171876373
1293,0.045263426931019805
1294,0.03479980402227744
1295,0.031017153429003838
1296,0.033342730519158065
1297,0.04409943913956933
1298,0.0522534559416875
1299,0.056423496249127035
1300,0.034343502878786604
1301,0.03915497865010899
1302,0.05129203094362567
1303,0.054384098402935135
1304,0.0524255228980584
1305,0.0494169287218791
1306,0.052282839606529796
1307,0.04729329218784683
1308,0.04596211717063249
1309,0.046135166143194316
1310,0.05811553717026744
1311,0.052174208024108305
1312,0.053034290212356214
1313,0.03748410478506869
1314,0.040401063229277064
1315,0.031941587750280116
1316,0.030816214938827052
1317,0.02850386957391458
1318,0.04916035953514577
1319,0.05488555451668125
1320,0.06749164717322258
1321,0.06732710910604667
1322,0.04618080300625369
1323,0.037148290394747034
1324,0.04093277795649404
1325,0.04409315036354791
1326,0.05777362069416233
1327,0.04603809670732642
1328,0.04838603347516152
1329,0.04654969888012504
1330,0.033482478888667115
1331,0.034809237539227336
1332,0.0356376352567364
1333,0.04041532130787824
1334,0.03193316331853593
1335,0.02918871789325824
1336,0.03466197776031875
1337,0.03721654449676841
1338,0.039731659179652906
1339,0.03204893131677479
1340,0.03694481493549119
1341,0.041154098409802733
1342,0.03979142724048978
1343,0.028495211367696175
1344,0.025363755681985452
1345,0.02407794489482525
1346,0.03544023917883746
1347,0.04702929469745752
1348,0.051840558793422475
1349,0.037538208640210964
1350,0.03878900329539629
1351,0.04406835200278601
1352,0.03881404330581288
1353,0.03707904651155238
1354,0.03228339973217553
1355,0.03630787880329516
1356,0.05274587803907898
1357,0.04820489781449058
1358,0.03975411680709758
1359,0.04930366632062775
1360,0.05977162279531496
1361,0.0506822605503359
1362,0.039715521252156064
1363,0.04276114133122894
1364,0.044592432016398634
1365,0.039324186525713824
1366,0.04122318327950014
1367,0.0495640942975451
1368,0.04641242437362912
1369,0.03909886404377709
1370,0.030109200356299146
1371,0.030544733846787908
1372,0.03144995372948023
1373,0.03587103041827813
1374,0.027703156978887283
1375,0.04299638944928246
1376,0.060219903717935175
1377,0.04466029291583702
1378,0.03206264585150995
1379,0.026802903436188415
1380,0.03461850302154553
1381,0.043188004359835316
1382,0.03725848034969196
1383,0.03108388021204297
1384,0.029812352007514458
1385,0.033784125369895855
1386,0.030670201079336403
1387,0.042234326981450764
1388,0.0488747320702247
1389,0.054371537386919
1390,0.04924423848138987
1391,0.040216288059578935
1392,0.03558314778080613
1393,0.03884470578841436
1394,0.04587885385119249
1395,0.07393040688819644
1396,0.07154981226153705
1397,0.05935700475201792
1398,0.061383994755342224
1399,0.07464704010238758
1400,0.059165854882060276
1401,0.05313896665013849
1402,0.04840723921744779
1403,0.06665928431274078
1404,0.03679714875212614
1405,0.034724125555742905
1406,0.038603466211151
1407,0.03699774411782364
1408,0.06684430465559595
1409,0.07149633898613374
1410,0.10399214285678009
1411,0.08115005938791682
1412,0.04183804487070662
1413,0.031048772464345727
1414,0.04058651521492488
1415,0.03482562312879156
1416,0.04020831484699181
1417,0.037492351867162446
1418,0.05067691050991444
1419,0.031096378134041442
1420,0.030888084767978028
1421,0.05566279578212575
1422,0.056309832268746446
1423,0.03453890268795527
1424,0.03294165371996497
1425,0.03578079887155232
1426,0.03868419146359252
1427,0.04750822624424911
1428,0.053813584682232386
1429,0.043827084742930865
1430,0.04076318210466365
1431,0.031179002002168228
1432,0.03241105963373398
1433,0.033401129754851266
1434,0.03383864943156431
1435,0.02789655755264188
1436,0.035921689284960416
1437,0.040304622896558874
1438,0.037315360973046656
1439,0.034701109912743014
1440,0.033468844911163684
1441,0.032383104430703774
1442,0.04471709121530725
1443,0.058844773892586466
1444,0.064356672115614
1445,0.0741406051071256
1446,0.05538598412449843
1447,0.06806956960385638
1448,0.055863858713193965
1449,0.04293746196151864
1450,0.033689254226904095
1451,0.044823406987054046
1452,0.04806892387249071
1453,0.04983501577561699
1454,0.04819506095517643
1455,0.056431796568355376
1456,0.04852110155202442
1457,0.0473781877350967
1458,0.047711731833877766
1459,0.05534905938008687
1460,0.06051113399692123
1461,0.04896598072616367
1462,0.03533289127286346
1463,0.03425810164962141
1464,0.03623091133135987
1465,0.03189648041511721
1466,0.05082182398960951
1467,0.04523299658393387
1468,0.034198016995409836
1469,0.0443933524196064
1470,0.050334043989355745
1471,0.05959380213668949
1472,0.0692373466211503
1473,0.06347417410594074
1474,0.05091262527508934
1475,0.034868598366761316
1476,0.04327018773249421
1477,0.04328425634925563
1478,0.03822489443044157
1479,0.03318844486118416
1480,0.03340933119500846
1481,0.05976559357933083
1482,0.0497668194810755
1483,0.040644761150183686
1484,0.03170535961167729
1485,0.03523170264968786
1486,0.03648876574273265
1487,0.056082943196648354
1488,0.04744371706587848
1489,0.03772904431816562
1490,0.034828803909660006
1491,0.0704000624639008
1492,0.07371660540866064
1493,0.06984102928885146
1494,0.044592327794831084
1495,0.035550655135952285
1496,0.0385951940357371
1497,0.06085144338310945
1498,0.04065228569101695
1499,0.027654765161764107
0,0.042844608526542344
1,0.06934800149181972
2,0.05853867029934104
3,0.05425037281884838
4,0.04472838503443312
5,0.09549300899284219
6,0.08522249624701923
7,0.041626438742542266
8,0.07523463436078671
9,0.04154613421246724
10,0.0533788186250583
11,0.08622185382332835
12,0.03766511121946946
13,0.04886905795459975
14,0.047202651227631204
15,0.055988420180313525
16,0.07223520658442738
17,0.12685169130197646
18,0.047587397581467086
19,0.06730902266740828
20,0.061482654988349976
21,0.055588785896543313
22,0.07328810765927181
23,0.07460062101191833
24,0.04984625016780727
25,0.11133671438716294
26,0.09548090216931662
27,0.09076720331040326
28,0.06095154339729346
29,0.045099141006641336
30,0.06896039384058965
31,0.083160992989574
32,0.05020624328052689
33,0.1323885891883243
34,0.05250432616802983
35,0.10623259238432901
36,0.06895602127911998
37,0.0726028118937609
38,0.05090675030124403
39,0.05174893184936276
40,0.05837694699234461
41,0.13715331964692448
42,0.14845606196059913
43,0.042610631792699805
44,0.03894730612710959
45,0.11387531839326834
46,0.05367711602478992
47,0.06978086276532301
48,0.09375865046665756
49,0.09399185614390981
50,0.0852373755077532
51,0.05564093419320416
52,0.06689593096137728
53,0.04911336745333854
54,0.07146837620886613
55,0.056112981966303474
56,0.08278460424995031
57,0.06812524270530546
58,0.14792950617952957
59,0.03883152010979093
60,0.06834391184777794
61,0.11205607562342898
62,0.03810376064846472
63,0.08252599356159138
64,0.22926711738995806
65,0.04359359380779358
66,0.1572751227392328
67,0.09617325224737726
68,0.06530689129446794
69,0.04337808684005063
70,0.04480926142539839
71,0.16014715863582396
72,0.04837689989648129
73,0.05364037700003783
74,0.08808655847696883
75,0.059992739458725394
76,0.10436821915814055
77,0.06637611150926766
78,0.0861416932762382
79,0.03568656030733772
80,0.03919265367166072
81,0.11393937356434335
82,0.025927683229983636
83,0.0479948538127849
84,0.14178423881052585
85,0.06788867467690417
86,0.03260962361458255
87,0.030138289829594767
88,0.049783902324162146
89,0.040331369313293494
90,0.0404029369816055
91,0.05636299181257942
92,0.027411336494649004
93,0.1967505462141496
94,0.03330078501863069
95,0.06174394653745203
96,0.019739627942599865
97,0.045083769460226686
98,0.05808606521458064
99,0.11388213916767316
100,0.06757096719706797
101,0.0229457032750723
102,0.021102241474657363
103,0.06943508714098316
104,0.03033885921063773
105,0.038914988980464284
106,0.07195695252552839
107,0.13528178531733903
108,0.06694399132022759
109,0.07733000119435768
110,0.05645825360553847
111,0.09393151080893707
112,0.026870055163131536
113,0.018775890866594903
114,0.08477361750084501
115,0.11011846218720088
116,0.020826053596828563
117,0.024965223381451646
118,0.06584616821815359
119,0.024184542324072217
120,0.015636530222020828
121,0.1360514010085984
122,0.04776285224565653
123,0.05460267454185804
124,0.03193796127075659
125,0.09272128387197831
126,0.05706750848854601
127,0.0818046885876473
128,0.030970520530176977
129,0.06249378693607385
130,0.06294815405535852
131,0.04034637023295002
132,0.048633940359558564
133,0.0325654997383734
134,0.2365419107278486
135,0.03314397456364463
136,0.045544840759018886
137,0.07331323559928901
138,0.08192322542135572
139,0.17031137551508405
140,0.03212991919756557
141,0.13788607066398634
142,0.0644191226081407
143,0.12604223365933379
144,0.09019409643738147
145,0.030501325083981595
146,0.11697189583177976
147,0.03335973425217503
148,0.08133488669259911
149,0.06400584549619438
150,0.024397099623473795
151,0.14583063173289168
152,0.05026476050329888
153,0.04471803880358989
154,0.1765885501838763
155,0.029682206928139162
156,0.06506601964493412
157,0.0597574266794539
158,0.08292196650351943
159,0.027422450264936525
160,0.02858885736769958
161,0.07379012926291953
162,0.04567035901681333
163,0.06961006759359402
164,0.027949355386372714
165,0.02304026945680743
166,0.1372346228153438
167,0.12713918442109012
168,0.14042375701554868
169,0.04893802747018868
170,0.12472791952098114
171,0.10049111610156354
172,0.06708026060004565
173,0.14348412251129555
174,0.0465542316245321
175,0.038922191408350196
176,0.09718253655183035
177,0.06448772356067896
178,0.021107873275288014
179,0.025546462127882974
180,0.024435814515873615
181,0.0888334799935097
182,0.08847889599595275
183,0.015889082976573696
184,0.0823284094404423
185,0.025028409514319644
186,0.09230130155767666
187,0.012778580864017824
188,0.02561071415196941
189,0.09212404832245456
190,0.07558026695520598
191,0.09430675487520652
192,0.12879265913809004
193,0.15290364703878664
194,0.059647371240290355
195,0.019671441531679854
196,0.05384494947650479
197,0.060560488358324505
198,0.018933146974571553
199,0.034234305757932765
200,0.1711887573527746
201,0.018721872609246255
202,0.121684715737537
203,0.15652643040371766
204,0.04388311295079158
205,0.1607722514730079
206,0.09333939863740608
207,0.057616958681798724
208,0.06276084617493517
209,0.05302633834211831
210,0.08162420351316887
211,0.025381777430491286
212,0.14546967183753218
213,0.02807123271581286
214,0.025917694557788737
215,0.05251312611180958
216,0.059351961741696616
217,0.092909204996053
218,0.0593813276198832
219,0.11583471859233736
220,0.023447465532273726
221,0.07972749241181955
222,0.07292889417770557
223,0.08435445545304297
224,0.043024317461261355
225,0.07943003423996553
226,0.04258655232695457
227,0.1273066626525246
228,0.11780269482073318
229,0.02673522618520088
230,0.15975699097148305
231,0.06111411397484221
232,0.03170430346994127
233,0.08001646952586222
234,0.10519605944873121
235,0.04331534367096104
236,0.0936100760042811
237,0.04304382399789449
238,0.10167482194147831
239,0.12294455425861932
240,0.0643808520825134
241,0.06549698317976962
242,0.14512281942250857
243,0.07515594966322577
244,0.3794022972832094
245,0.02454320288050198
246,0.03819294773821216
247,0.1591037563236995
248,0.08901585551350263
249,0.025438825758042877
250,0.03379616586374866
251,0.21283312833143153
252,0.06609346359620244
253,0.09702904089355258
254,0.08652198440870368
255,0.05014476194641598
256,0.1275182328058798
257,0.06784035298567079
258,0.05139938857357572
259,0.1719489688003876
260,0.08823815013509172
261,0.056070779314043875
262,0.12604082791357263
263,0.1167203136317206
264,0.19562499120877544
265,0.031555950014136885
266,0.027371402760408056
267,0.11172085432704393
268,0.12525273659890926
269,0.17385804983624784
270,0.040864842332317165
271,0.02324238390663054
272,0.0753697025881395
273,0.06477301462369997
274,0.12121239565327072
275,0.25492794006346164
276,0.03395034309073191
277,0.11526757692702938
278,0.1944173742742114
279,0.04054614725884262
280,0.06564040694161703
281,0.03765241928684154
282,0.015245607284239503
283,0.22773132191052264
284,0.020659580707312112
285,0.13349913210324063
286,0.009464563157670502
287,0.0864237627216782
288,0.06152210238483533
289,0.05214498708058267
290,0.07106930610386869
291,0.06310702226882481
292,0.057353337266236495
293,0.02762377969758167
294,0.16858054256396043
295,0.06595281347113315
296,0.09173748479600942
297,0.04396243290950163
298,0.0898952417011024
299,0.30054626272886187
300,0.11819246621045087
301,0.04708532601376247
302,0.11694696793817645
303,0.07821908779212375
304,0.06945378042301822
305,0.09441020804736847
306,0.04878702066636062
307,0.33964646388258357
308,0.04413242267519617
309,0.020053906294057844
310,0.22812757819905627
311,0.117685937842105
312,0.06838607987619626
313,0.09874123821772593
314,0.20542071324635722
315,0.045373383100756996
316,0.04988605377321331
317,0.09669505404329916
318,0.18823750209193735
319,0.12643347030036717
320,0.07143623148144994
321,0.023079771227681515
322,0.020984520581052886
323,0.21162429243490063
324,0.010031798926685192
325,0.008213138859973958
326,0.08262542873592929
327,0.04993521192513989
328,0.1380743423815811
329,0.03389009713816277
330,0.0942434389112961
331,0.0837547613318015
332,0.04177673286120603
333,0.06691380673971076
334,0.07564914017735273
335,0.14313989700243743
336,0.02420376676180821
337,0.08476231218540882
338,0.6097942860213994
339,0.11781196378006985
340,0.19320876751871036
341,0.009870662727005684
342,0.09714218555845418
343,0.28988118510239674
344,0.11651261892027881
345,0.08724884884802486
346,0.06664183025769792
347,0.07145885828650599
348,0.07224092725609324
349,0.16618522409282643
350,0.038695538688225506
351,0.02124150632944944
352,0.05226408637303786
353,0.1204228620854155
354,0.13588648951523413
355,0.16786563059137155
356,0.028643412989574995
357,0.11329299776280743
358,0.2726364701898329
359,0.020144931828707188
360,0.2069478569948189
361,0.04750923626248232
362,0.029089480724191624
363,0.23382716219749763
364,0.0452497475608547
365,0.03372808754769111
366,0.1054793470295821
367,0.051028259823754765
368,0.02954679565031836
369,0.08018317682072326
370,0.013629075563640958
371,0.11173066790354291
372,0.17121815230460086
373,0.015114273615320797
374,0.1770098581945387
375,0.02673869652847533
376,0.09234934393597033
377,0.11438920621626748
378,0.0778111069457893
379,0.07305850033013456
380,0.07249068851241759
381,0.024795600881184376
382,0.0672800581630895
383,0.078016596673763
384,0.13403000429552153
385,0.04875752695538919
386,0.11498056629221755
387,0.026704848067109873
388,0.1612976533213049
389,0.03416129186799331
390,0.055147446539909814
391,0.151858097035024
392,0.08140435025777226
393,0.024294950229597115
394,0.06385214630000129
395,0.10482374459271214
396,0.04319914245635252
397,0.02750542256417025
398,0.3891555721832011
399,0.021324495768753924
400,0.044541916972882595
401,0.03801554136747751
402,0.08104646058902663
403,0.11820464197533011
404,0.21595749071490306
405,0.14815044010902675
406,0.15112408818131737
407,0.12189787023515979
408,0.261365459740238
409,0.0908226066665745
410,0.022825647644965138
411,0.17364969294068022
412,0.05514995314863694
413,0.012657682406806734
414,0.20515791346919612
415,0.19340032098598076
416,0.10729251122475505
417,0.13890755915099084
418,0.029687090085066984
419,0.25732010744555617
420,0.1777590310697849
421,0.03717586243762927
422,0.09482408077244248
423,0.03925411713758375
424,0.1612440436414303
425,0.11900069609446481
426,0.09507495634448933
427,0.05921720305838901
428,0.21404722325178027
429,0.0684716234392923
430,0.056102783785652505
431,0.1561091334152537
432,0.135177972266388
433,0.028319328179594656
434,0.1027796894311686
435,0.037899615233211156
436,0.0700478389208892
437,0.15707654559483786
438,0.027331017075862975
439,0.15053431731142958
440,0.1583248810855703
441,0.054429248765134365
442,0.06522679708764857
443,0.14124668133179893
444,0.16606563847645348
445,0.09464780576073195
446,0.04252849304099384
447,0.09213047535620252
448,0.09092858147410565
449,0.02035138562241625
450,0.0878123739047229
451,0.1184799498622167
452,0.2774686488034694
453,0.15853270333097358
454,0.4106339643225934
455,0.051405169415568525
456,0.028182551953059215
457,0.2908836680349196
458,0.04479869329971994
459,0.07534905637049365
460,0.10802189918665253
461,0.06168138796306024
462,0.09872045684149164
463,0.06358371231208632
464,0.03424673588858149
465,0.06283700593269308
466,0.08128281393050557
467,0.06408343628014036
468,0.1410261904654161
469,0.12430794056966658
470,0.059327862046225206
471,0.1307521512567903
472,0.044107226620141174
473,0.17106102071219126
474,0.03523804914459108
475,0.07677755911922747
476,0.14793096245485315
477,0.07226407081518291
478,0.2188300314139855
479,0.041559402297925166
480,0.06053484100195934
481,0.12380583138583666
482,0.05717249854954399
483,0.11313057173079981
484,0.12262865061766827
485,0.03751962014249462
486,0.245463871773116
487,0.17855216790585304
488,0.10795712745318792
489,0.21429885725725434
490,0.03744602112419667
491,0.3425655973532309
492,0.10733939433430792
493,0.1567056485725184
494,0.03353108139489324
495,0.12423127453467955
496,0.07906216660128769
497,0.20240807058561153
498,0.036746912881465574
499,0.0441884358042311
500,0.13470934057701975
501,0.03661912219879325
502,0.17402378724953396
503,0.04586159819442939
504,0.07427308186418512
505,0.12200668139115392
506,0.02477699095717403
507,0.3029044797782817
508,0.09053987755916978
509,0.3709069700010656
510,0.16245159503717013
511,0.09535716933397605
512,0.054476407270345965
513,0.15114814207288213
514,0.027556733107025836
515,0.11013731658103525
516,0.2169241031555599
517,0.17717580663301755
518,0.0632666717158228
519,0.23826679842096
520,0.06284754209639228
521,0.20084506204714211
522,0.08007366109540207
523,0.13737365149616584
524,0.13602024924381678
525,0.308820677465557
526,0.062034143756748164
527,0.061180986085480615
528,0.10321677197277879
529,0.02189071739163966
530,0.07755468769669456
531,0.28890723804256224
532,0.1733046750363634
533,0.1946666323089874
534,0.24630805880016024
535,0.1569206110870431
536,0.0685309437105179
537,0.10523305926709443
538,0.3009022905629952
539,0.058754379087736834
540,0.05014347254267512
541,0.2992136552380897
542,0.031764284861523204
543,0.43005578079604295
544,0.0484361813455538
545,0.10347694952156111
546,0.14327558012643757
547,0.0269283807701948
548,0.06532831069293574
549,0.22623866838908172
550,0.12063144820323332
551,0.036430171255768286
552,0.3852205396613912
553,0.18108985529082833
554,0.2426168446959738
555,0.06845756119623524
556,0.14487253117032878
557,0.03166426081489214
558,0.10100817261818892
559,0.11529868106345277
560,0.09048365715928856
561,0.02533249623003563
562,0.08794440438154759
563,0.10320223184348161
564,0.19409975691772396
565,0.04932937111918224
566,0.13080400564324185
567,0.19369998176212724
568,0.20831131974145073
569,0.05925934042868533
570,0.11015578976723489
571,0.03560268843834197
572,0.03370753894294124
573,0.4362679891086269
574,0.0974336137101909
575,0.09641715821450017
576,0.10489873283457136
577,0.34911274751722654
578,0.1455076409777027
579,0.0627054026068586
580,0.09557667092826523
581,0.07448797406666842
582,0.09693481311636644
583,0.07420455334813637
584,0.38854100094080396
585,0.10182165050217346
586,0.0802291733265689
587,0.05796495976204901
588,0.09102481411941749
589,0.2805147103968008
590,0.15073092800089524
591,0.06998381106020449
592,0.16598194192134622
593,0.10183872664309816
594,0.10214793936754644
595,0.03156975619980519
596,0.2263772833503856
597,0.33599529857150345
598,0.03275372435847655
599,0.4519516831760793
600,0.08387626334415746
601,0.0699246755304981
602,0.07712201836586323
603,0.04186001866844808
604,0.21716210334478092
605,0.0356202113807556
606,0.23508029753578294
607,0.09463918625540821
608,0.22748537471843042
609,0.157421818768273
610,0.08525856690518599
611,0.28188545707374496
612,0.03216670308072818
613,0.10088110879375467
614,0.2582258846615289
615,0.13469500370068113
616,0.11815109685421135
617,0.39808482025990344
618,0.06500006930271827
619,0.037693797851577025
620,0.47015955839939927
621,0.017032280056807077
622,0.23121458046019766
623,0.09052315351721177
624,0.16526541658270089
625,0.14171901365576753
626,0.042808289798503436
627,0.32085524253420467
628,0.2387203809394342
629,0.1774141281362233
630,0.0875213862042697
631,0.16578086522897056
632,0.2948578536697815
633,0.24007491287960916
634,0.26866410290502823
635,0.044969104234916464
636,0.0658751485019024
637,0.48587799629256306
638,0.2207220793954707
639,0.186690722412285
640,0.1680898160846631
641,0.06131653620046409
642,0.2587307493436844
643,0.12548680433583623
644,0.020146899221242864
645,0.26902350115387647
646,0.07190990232794216
647,0.33623082331216475
648,0.06699375872632547
649,0.08423749159442259
650,0.15544826510015106
651,0.05650603015178307
652,0.05466148396722888
653,0.15061707008812378
654,0.13279563727807778
655,0.5111980756342688
656,0.1238326599321371
657,0.2951807696118577
658,0.24257414554706455
659,0.5018388619744728
660,0.11304776378414849
661,0.09468165673632065
662,0.024620642100805754
663,0.023724794697555323
664,0.26395028332081827
665,0.11529531170202019
666,0.026498274738278208
667,0.5003021973417504
668,0.08410383191307344
669,0.10174788867735186
670,0.15742310239976273
671,0.20414976559577822
672,0.36118670186432467
673,0.10896376474946995
674,0.02752056378519188
675,0.3597582185539873
676,0.28631925557752613
677,0.09616266447144815
678,0.5310376517495186
679,0.07823522148896275
680,0.20098167740258036
681,0.09388647413912096
682,0.12953915702041172
683,0.22519202787203377
684,0.10831832267719751
685,0.062029725840325935
686,0.6210748148484241
687,0.1887073557031654
688,0.040043632388210224
689,0.12537713543649714
690,0.042370310238663625
691,0.09563796978730689
692,0.13106668290169524
693,0.053187929194264225
694,0.3877581051748748
695,0.08788309295205984
696,0.038296271347726986
697,0.2794703526883452
698,0.16732738468923258
699,0.31709083740804833
700,0.10527679871924996
701,0.14433986937469304
702,0.2752102941188607
703,0.25437461236474085
704,0.4469264554990361
705,0.26186632638321244
706,0.09678946861232983
707,0.5212115662595174
708,0.3613717758419827
709,0.14204987627683516
710,0.16094692267696895
711,0.2608760294139711
712,0.8387136910325693
713,0.2364532720110119
714,0.17423445655457745
715,0.47919357175602306
716,0.32725648424508663
717,0.18893670015548672
718,0.05142719280783442
719,0.4702609863324229
720,0.05092067720964714
721,0.08826739192486202
722,0.27503943340137516
723,0.4350026725357207
724,0.3640506663935017
725,0.025356435459999188
726,0.3546710209391482
727,0.4057991467184696
728,0.36292778159282846
729,0.04722766626576514
730,0.2904679537497372
731,0.2231366265757149
732,0.18690102382636722
733,0.05337827982504439
734,0.20621345014994466
735,0.03046043822777035
736,0.0708634435840921
737,0.5383361707722669
738,0.07421922691346629
739,0.847572098649307
740,0.3394385905063271
741,0.39655966889254735
742,0.39458338761670925
743,0.0972886090466523
744,0.03754984762610589
745,0.09880976512088041
746,0.06979041813871398
747,0.0781352482330275
748,0.2817587331560313
749,0.0470167005088402
750,0.16438418464097646
751,0.2962667569922247
752,0.23918920767224872
753,0.20419030695094167
754,0.15953101973453598
755,0.5988209122765263
756,0.13877787184453866
757,0.14201296374108144
758,0.31547644388168644
759,0.05163071630561808
760,0.17183280691919048
761,0.4128805220603776
762,0.04483829998722459
763,0.16039259314308715
764,0.17369436052526474
765,0.09089369981340882
766,0.2540137096685604
767,0.04201697212903416
768,0.4589140586611871
769,0.06723575910966118
770,0.18558810525216426
771,0.28999912131845496
772,0.08272214974317062
773,0.3516873063662065
774,0.6047667775886979
775,0.11352428120384866
776,0.14845672965278509
777,0.16741021350739266
778,0.17215595880101822
779,0.04025768851679827
780,0.12271650910176597
781,0.1183790790742125
782,0.05177757867922223
783,0.30697766702297125
784,0.39667105625959037
785,0.08779357344093464
786,0.12446129163248763
787,0.08472630680286078
788,0.0874727709376576
789,0.16324521024116107
790,0.20218721541131396
791,0.2606952013536421
792,0.06212456996638474
793,0.1829404360380728
794,0.08027455737174138
795,0.2793242003095965
796,0.33712404202804136
797,0.09653304263615782
798,0.22470415839883698
799,0.4344495103923667
800,0.1493539861801606
801,0.04227891000644488
802,0.17224633135149936
803,0.12022020558644234
804,0.07621182474139532
805,0.10955070970931535
806,0.46987641694401483
807,0.08868119402608028
808,0.14754032971344636
809,0.03596781098171972
810,0.11931861505939946
811,0.48911032933036447
812,0.7093100296052344
813,0.07708558852219152
814,0.2548079672287274
815,0.3362513931657885
816,0.2255759754714276
817,0.04478255299996601
818,0.40609295167329285
819,0.2157006889961057
820,0.12427463656604246
821,0.20822705780116185
822,0.23477082251434153
823,0.06713636420305766
824,0.32518227055493887
825,1.1513037044354395
826,0.12383946862030021
827,1.0912107682267673
828,0.4392140672248159
829,0.9396101768916815
830,1.3966887319490393
831,0.25187671576781157
832,0.5473126916629546
833,0.5034835305481711
834,0.10281268508345795
835,0.16226094576642483
836,0.04297553147586208
837,0.957216696083084
838,1.017271687113289
839,0.18217053175887354
840,0.39327930871514527
841,0.3513928990241733
842,0.39493919636106056
843,0.46066198267527964
844,0.1094674724899742
845,0.32089281662554214
846,0.05292580682814222
847,0.20955278656839588
848,1.1049555820772414
849,0.052235958508909434
850,0.9366911924919117
851,0.21695760564111466
852,0.2861721242793204
853,0.9383509955997305
854,0.22726113253832642
855,0.4467458640076362
856,0.305946437148658
857,0.4278958167529241
858,0.02266102946068385
859,0.8706402936537534
860,0.10946535406926666
861,0.9313927864432823
862,0.15354463548926728
863,0.5545496217670851
864,0.9964775486748516
865,0.15153648286296106
866,0.514333763596614
867,0.359491999812723
868,0.030454870850944622
869,0.8234460663866532
870,0.280668731931536
871,0.2910719608747753
872,0.2588237856366278
873,0.6217856828018495
874,0.09673121653926198
875,0.16605518409552525
876,0.18791426310973774
877,0.2390317608457004
878,0.1527821841615171
879,0.15298103205630795
880,0.09669208779224159
881,0.45564210349192236
882,0.41246135963936387
883,0.14422081150582858
884,0.05770358547609886
885,0.1421307801255707
886,0.9253220268900135
887,0.20332728157737284
888,0.6352103698655094
889,0.48231380066070595
890,0.11218536728220929
891,0.35115229806718545
892,0.6063332729245593
893,0.047248340740099905
894,0.42267127385920356
895,0.7217655805060154
896,0.12328516396531074
897,0.7033451067536615
898,0.46690441021055523
899,0.12208173820889015
900,0.20601576899162652
901,0.6283712793603777
902,0.3219099499113654
903,0.8244356618972448
904,0.1531572645115299
905,1.250217103081041
906,0.4924195438592848
907,0.09643241527372673
908,0.6542051642992758
909,0.5704603366123295
910,0.08434073902690173
911,0.7738113683926418
912,0.3970103738185684
913,0.5524113167782997
914,0.5812647450597241
915,0.439165825873597
916,0.6182050446269264
917,0.14318459852414708
918,0.5753146736762386
919,1.4584129608221854
920,0.019017153752096984
921,1.2080130053540834
922,0.3350554326867682
923,0.2375192864850478
924,0.31194218392851547
925,0.019955985886125585
926,0.014207959415835148
927,0.2542841878524083
928,0.22811383554490736
929,0.2196911140706739
930,0.18920552601406224
931,0.67893535450566
932,0.25937039063264056
933,0.17884115842995196
934,1.117764196795944
935,0.2527603775565248
936,0.49569469222751905
937,0.18068369023672814
938,0.3920977015964306
939,0.6565217928139259
940,0.029261510439247924
941,0.611001518505513
942,0.10738085519964688
943,0.11074751615682885
944,0.5126891176252846
945,0.09617128337481654
946,0.10380572765488251
947,0.32609593882344196
948,0.11650557656264532
949,0.14877831623699556
950,0.17548989266655587
951,0.1827590024422906
952,0.06264174586468849
953,0.4987429654550413
954,0.19630428978467077
955,0.35128444219641103
956,0.3105856343731571
957,0.21125806669549224
958,0.04314543993304883
959,0.08965265258676332
960,0.3690945520579145
961,0.0777699631070826
962,0.058183303946361516
963,0.506941469455219
964,0.36849641049006787
965,0.02238431089538655
966,0.13141684519284907
967,0.15086084875582095
968,0.04419328596492574
969,0.27341686091765466
970,0.15451381528463706
971,0.07306115231146838
972,0.22630015508549595
973,0.09926712638352794
974,0.36723239437177474
975,0.18429129424593052
976,0.2813715029866406
977,0.07240946241907588
978,0.09168127722050336
979,0.23058347902416534
980,0.1592556599361006
981,0.018140425764737983
982,0.18359836807097515
983,0.5960532398560582
984,0.7309522550835089
985,0.04947714640561781
986,0.24060437777157453
987,0.39483086165748194
988,0.3109421419729582
989,0.032582283384832864
990,0.4344376740579106
991,0.17245938943281175
992,0.1167101554361308
993,0.35432325795021435
994,0.7436623008414621
995,0.01654158175937061
996,0.6424540918807568
997,0.029605163177011617
998,0.8576466147214913
999,0.5205539342130947
1000,0.20674318653782597
1001,0.4948047603264219
1002,0.1739550319694438
1003,0.32676008661989225
1004,0.5254072991875575
1005,0.09258383093419022
1006,1.1870676754956566
1007,0.3096887647112796
1008,0.30847480975193053
1009,0.043429983335250395
1010,0.8123012516543964
1011,0.01777293861650222
1012,0.023171349534152206
1013,0.18239159673074493
1014,0.036604066788356523
1015,0.14551238663315985
1016,0.060330284090071414
1017,0.08853643252590304
1018,0.06295798085527941
1019,0.18477994621128854
1020,0.06238903365383512
1021,0.08175110802579239
1022,0.0950490070509951
1023,0.04953082262207395
1024,0.2334813674996205
1025,0.2985195264278483
1026,0.11945547268018138
1027,0.43498072528019477
1028,0.42802620635910243
1029,0.19875016891829464
1030,0.11584759318897818
1031,0.43721188766084407
1032,0.36968158100873716
1033,0.1600385923285536
1034,0.06138046034279321
1035,0.31950974436802637
1036,0.4844026678226779
1037,0.019273237760117586
1038,0.728674122153914
1039,0.36524298752580026
1040,0.1720142108113268
1041,0.5111836667482188
1042,0.11757913999412471
1043,0.3272310065689343
1044,0.9299545793123202
1045,0.08742482964272394
1046,0.5824927858550988
1047,0.8259531298196396
1048,0.07397856316009886
1049,0.39665374748351806
1050,0.36879557480926617
1051,0.06944398275107995
1052,0.19080272381726376
1053,0.39808769359202534
1054,0.21819718915039343
1055,0.10245941477776906
1056,0.45190795493961067
1057,0.04610828538157639
1058,0.20084841565288583
1059,0.05992542581550379
1060,0.05158207583293153
1061,0.08834638040279173
1062,0.12025076656778436
1063,0.0595984012264046
1064,0.5680614327300944
1065,0.33884186189267956
1066,0.6093597439660136
1067,0.41608059289324373
1068,0.012095496088035944
1069,0.5944499558189467
1070,0.01982036127934839
1071,0.2652825724181873
1072,0.35152285262591476
1073,0.05367833656907683
1074,0.2995021672663328
1075,0.5085087640573381
1076,0.03583614961257587
1077,0.7931841995214665
1078,0.12715468428190724
1079,0.348225855127138
1080,0.3669066447338484
1081,0.053663040555368045
1082,0.2790470990178402
1083,0.1535511729514385
1084,0.050129141928525994
1085,0.05829893810175774
1086,0.23313487089382776
1087,0.11918112588676417
1088,0.09285197796474884
1089,0.29917220582458726
1090,0.30977363308206135
1091,0.06604737645840941
1092,0.2800017819395244
1093,0.26550502493935185
1094,0.14284560080043598
1095,0.04607016991661871
1096,0.054269049328325346
1097,0.22839022311929874
1098,0.25624999119017733
1099,0.23724577648865666
1100,0.029478167155608845
1101,0.2221278230752078
1102,0.07498984423334598
1103,0.026538449446819566
1104,0.3060335417274272
1105,0.04728510600324336
1106,0.0715972407749854
1107,0.14323230880676505
1108,0.04761421398356698
1109,0.027374583324855182
1110,0.09472996869558833
1111,0.1579009215102606
1112,0.07931446518673572
1113,0.3408596509220851
1114,0.13561647454770936
1115,0.061481115635031676
1116,0.06017208558478984
1117,0.020548557870788926
1118,0.5313005712353815
1119,0.2295675697005799
1120,0.253524008793737
1121,0.09628700059118489
1122,0.24287642576289759
1123,0.05658487346604282
1124,0.03046788960222467
1125,0.33742600821959484
1126,0.02173571726757935
1127,0.01926293425273112
1128,0.31266571587804365
1129,0.27208683011353413
1130,0.1676187513360092
1131,0.09089470255217146
1132,0.2552467378624484
1133,0.04219756605644721
1134,0.04625653215924913
1135,0.1677248438533659
1136,0.6237613608989608
1137,0.09468573738569987
1138,0.21103703617997477
1139,0.19763244659247076
1140,0.11347528797395091
1141,0.03639058282709616
1142,0.10347057205558068
1143,0.11042161673314754
1144,0.11521280658019181
1145,0.024603202887372597
1146,0.2226631053492104
1147,0.0595894784520651
1148,0.39129604587017364
1149,0.04819595483744311
1150,0.42096303910298993
1151,0.0828752943791973
1152,0.1591526456241831
1153,0.08004766998671839
1154,0.17587028610521763
1155,0.12049782085245726
1156,0.038831565233291225
1157,0.28858732690424843
1158,0.15958108622879877
1159,0.02268679278882887
1160,0.2301533969628589
1161,0.07203170157276613
1162,0.18458776707402516
1163,0.1764552496358122
1164,0.034327991662699765
1165,0.20034580668048493
1166,0.14621714809721092
1167,0.06778544208807255
1168,0.06641389489322505
1169,0.09321746114296402
1170,0.11704220338514242
1171,0.10456279322345062
1172,0.0815009170605657
1173,0.26237295284369166
1174,0.2135005523623906
1175,0.15908498504059962
1176,0.046471953133555795
1177,0.026670742153787057
1178,0.3266054354253887
1179,0.02518920980594968
1180,0.2084910452734466
1181,0.1676942038005058
1182,0.2630464460522525
1183,0.17771180753110033
1184,0.06815612163535818
1185,0.22721537162481173
1186,0.08572851914630901
1187,0.3016355115797191
1188,0.23209408663410505
1189,0.024402554680394917
1190,0.14116588087972023
1191,0.01745353726564659
1192,0.10862154529910638
1193,0.194630903551823
1194,0.08122618521764773
1195,0.064452605517494
1196,0.2255914371810803
1197,0.08007635597451958
1198,0.09426323366367396
1199,0.02478069840802296
1200,0.030378575112350866
1201,0.1385033685499732
1202,0.10716198860664185
1203,0.14888528166422785
1204,0.06573022247512098
1205,0.03847390130680809
1206,0.21913472538263487
1207,0.03150353205770817
1208,0.0414608010227061
1209,0.1672756387917694
1210,0.027089989564443976
1211,0.03977240226692644
1212,0.0860027125310615
1213,0.2032311454690212
1214,0.060333299526611574
1215,0.06327285093789521
1216,0.06044625506563573
1217,0.43364619056940346
1218,0.2200849230967007
1219,0.08164949392455154
1220,0.08084983988015614
1221,0.14710390911304172
1222,0.026788970116512736
1223,0.2657410063882589
1224,0.09964800447387323
1225,0.40068514027111335
1226,0.31762630730380925
1227,0.03388837908922985
1228,0.24098516134795236
1229,0.15637554511093638
1230,0.14263388309803485
1231,0.053805991204688645
1232,0.09801683447053097
1233,0.17640692348519504
1234,0.07209719422200309
1235,0.026917345902424006
1236,0.22777130214341368
1237,0.05233939958282451
1238,0.02399735352504911
1239,0.06954913133113069
1240,0.26727963601647636
1241,0.050349467489116576
1242,0.17147190078146549
1243,0.21450303133590393
1244,0.024767052051428134
1245,0.222490082082684
1246,0.02030889980939262
1247,0.06076467472120991
1248,0.038425218347237236
1249,0.3785048698167329
1250,0.08188039945269505
1251,0.0803493537549301
1252,0.05313545618505286
1253,0.028931316077683438
1254,0.38018913121697034
1255,0.17844248490897366
1256,0.2508902824204382
1257,0.21758725937739282
1258,0.13000263452514602
1259,0.04052813848315989
1260,0.08650706631642055
1261,0.7697969167540513
1262,0.1939580547266218
1263,0.6772458014622695
1264,0.0574939337045823
1265,0.3123830373765942
1266,0.08902554461986753
1267,0.09551057711828358
1268,0.3106637089654103
1269,0.2693419247055744
1270,0.036059768139725494
1271,0.3074306961947511
1272,0.19430575537309389
1273,0.22057312663847306
1274,0.06246854455338912
1275,0.10407337570006667
1276,0.05511166278551931
1277,0.29368849221256843
1278,0.046635848253305336
1279,0.15976623473952223
1280,0.3253365105577122
1281,0.08088331183651555
1282,0.16542520331551533
1283,0.03466268068690226
1284,0.05190054185294738
1285,0.15385181952293625
1286,0.06298334229666949
1287,0.06558979173893054
1288,0.14491479146891542
1289,0.19612966163201964
1290,0.1587235011156193
1291,0.22545233528289524
1292,0.020529287935883805
1293,0.03079521748484483
1294,0.1739054262296437
1295,0.20247662229171634
1296,0.03105926821799052
1297,0.42505369657075615
1298,0.08964268364116874
1299,0.1192870658959328
1300,0.3864146947233434
1301,0.38006520032791025
1302,0.05523042130101745
1303,0.07851255907242956
1304,0.02447846546506201
1305,0.04843496575276304
1306,0.09350641528265792
1307,0.09520018407923508
1308,0.0879153240979031
1309,0.8515968299178636
1310,0.6466529058969773
1311,0.20631740817044783
1312,0.36935761342327994
1313,0.38009870402947515
1314,0.04437761885175987
1315,0.2649467163153548
1316,0.057008537372251554
1317,0.029091317529760432
1318,0.45191442984511043
1319,0.042341389611300094
1320,0.12957536011967055
1321,0.1422205029744794
1322,0.15702687093416146
1323,0.24850448517404822
1324,0.10427715406739009
1325,0.447867306077168
1326,0.227719148078116
1327,0.5360955187630652
1328,0.5414738996695599
1329,0.18839013339162775
1330,1.0690396363485986
1331,0.06851236905768333
1332,0.5112890823640367
1333,0.3834718826332358
1334,0.024496603432494952
1335,0.6913454888235556
1336,0.04147645199500679
1337,0.7497462081635701
1338,0.24858780441880932
1339,0.33332229433509014
1340,0.2602735034778122
1341,0.3900898190786958
1342,0.2934532589778227
1343,0.17149788757219814
1344,0.1648209221494559
1345,0.3283307860276435
1346,0.27991283852833365
1347,0.4844522987249978
1348,0.12450927807854241
1349,0.3585983762379202
1350,0.06386616313845923
1351,0.5108125339752425
1352,0.6001669418355045
1353,0.17325579438761834
1354,0.5020542704753713
1355,0.5044545059878772
1356,0.10329069135817978
1357,0.47984757713031195
1358,0.13236987475807874
1359,0.2299750853194838
1360,0.30993884144521316
1361,0.2212302725332682
1362,0.03838935424390218
1363,0.6571857114563534
1364,0.21189009102437326
1365,0.137685448608747
1366,0.5747566805611476
1367,0.11883768006652108
1368,0.07669302594057484
1369,0.06628742841494675
1370,0.05747090221393588
1371,0.18259709909182875
1372,0.26269172887617526
1373,0.016685970294284563
1374,0.1835596132624047
1375,0.11933424205813976
1376,0.06301129565365218
1377,0.23388506378002413
1378,0.16871120720192498
1379,0.13514872957773372
1380,0.22639641957890805
1381,0.049540967495429605
1382,0.2866187802222705
1383,0.0448166889658619
1384,0.24918288370201008
1385,0.2876442691072831
1386,0.17813580882504115
1387,0.48252866779985554
1388,0.8841289352662021
1389,0.25137647487496867
1390,0.29043084091838856
1391,0.2289587230373847
1392,0.03047036062347741
1393,0.19759908832188616
1394,0.35255335930413956
1395,0.5532907183198975
1396,0.1871977395789122
1397,0.970883014265243
1398,0.6769014100788204
1399,0.3511604429186534
1400,0.3896519141569318
1401,0.06887434751863228
1402,0.7291575425330434
1403,0.6450334363312781
1404,0.3532703403004789
1405,0.3536873049303648
1406,0.31063629671660437
1407,0.4279317060598157
1408,0.5859211321245144
1409,0.27392699047227537
1410,0.09818666593110097
1411,0.8189893235000494
1412,0.3326799486590979
1413,0.17392304522626
1414,0.622627825541176
1415,0.03695281657615382
1416,0.8455226717098445
1417,0.4098125885066357
1418,0.25487996302113824
1419,0.6256281315251994
1420,0.23761799124219316
1421,0.3543864173443547
1422,0.7863818042740263
1423,0.15984399215031003
1424,0.7002918234754346
1425,0.18877717908667904
1426,0.5330986325405797
1427,0.15844230954288852
1428,0.16923051776208708
1429,0.35213811189919636
1430,0.14852365969300985
1431,0.02465671445465493
1432,0.5394352849515882
1433,0.11325197949524941
1434,0.20650158825762738
1435,0.25317493209284186
1436,0.23279644820542222
1437,0.22548040322585866
1438,0.18842828216236016
1439,0.017031334271314102
1440,0.6995860619351991
1441,0.310659223971316
1442,0.34626350768487546
1443,0.0828960870259934
1444,0.9849921019907156
1445,0.029726446688632804
1446,0.029515266546900593
1447,0.5093618477654207
1448,0.3057792513622919
1449,0.09881571265063994
1450,0.024091233727993044
1451,0.3230855006740343
1452,0.07771819192106996
1453,0.2654526998153967
1454,0.06260597544675187
1455,0.222910391669397
1456,0.12044396730854195
1457,0.10086731943518616
1458,0.4704959252985066
1459,0.07219893249108816
1460,0.30923960678412715
1461,0.6016595242112708
1462,0.2599091608871488
1463,0.25367188172505384
1464,0.45120562913099177
1465,0.11045906013746365
1466,0.5496723657184209
1467,0.3600734563413074
1468,0.1769629311318066
1469,0.34831011147794
1470,0.2600851285056516
1471,0.1999410810873156
1472,0.33383089387776127
1473,0.2309747947312747
1474,0.03604359767319071
1475,0.13319825807694147
1476,0.20660334436791641
1477,0.192298864130921
1478,0.27828212001941766
1479,0.21861729374730193
1480,0.13038496074419312
1481,0.2618268939795001
1482,0.023409592486994816
1483,0.2890097679873121
1484,0.03863977587993389
1485,0.15018570430065206
1486,0.2726450135859357
1487,0.02176421263917426
1488,0.024034732522525217
1489,0.2942389386450719
1490,0.18684909913881434
1491,0.47308084898448777
1492,0.2148514524914186
1493,0.31701066176533044
1494,0.09322638029563009
1495,0.09292128190586932
1496,0.2673021880006683
1497,0.20179584392351319
1498,0.20569018972216824
1499,0.08052078356557807
0,0.054799457778434445
1,0.04654416772486048
2,0.05607199624398219
3,0.05384192291062452
4,0.044954607427671066
5,0.07093485645430496
6,0.07776462928399208
7,0.04432487102175281
8,0.05805256525881898
9,0.04894493209359931
10,0.04522002367368019
11,0.06264822541796271
12,0.04032385234668523
13,0.044749263753377934
14,0.045819871687286136
15,0.057752264006923903
16,0.060526768700608115
17,0.09024366076597967
18,0.04989184163184644
19,0.05963482287436897
20,0.0649757364716784
21,0.05763661111915245
22,0.06619896387338407
23,0.05799381874862427
24,0.05404019366014036
25,0.08019099734349769
26,0.08872303322744964
27,0.0762269949663539
28,0.06227882572282289
29,0.05042127442445197
30,0.057368830611486815
31,0.0599885214575002
32,0.05644266069045818
33,0.07843992845715705
34,0.04550508718804455
35,0.06575980182348874
36,0.05216485086005664
37,0.053629856249745284
38,0.04928021471848022
39,0.05455276477932891
40,0.05056902810053428
41,0.08763330250517802
42,0.09206169980462649
43,0.05543435880172499
44,0.041742446063780046
45,0.08218180849746941
46,0.059657824052217714
47,0.06957629077464311
48,0.07146834310076437
49,0.09072823107014763
50,0.07003159997678149
51,0.05641842501100707
52,0.0564062448822942
53,0.04645670757410438
54,0.07338196484721783
55,0.048541860375862986
56,0.09313090290820109
57,0.06756661610747951
58,0.08250781590703493
59,0.056330403328865644
60,0.08219827290191058
61,0.07496790543841055
62,0.04344911908447526
63,0.055338395349380086
64,0.09722601879087607
65,0.060271877638908254
66,0.07714958028534886
67,0.09856496837752056
68,0.059713621830950456
69,0.03740665744135084
70,0.052469087728023715
71,0.08650068359403497
72,0.060349185052928134
73,0.050278671954219305
74,0.06509964291290704
75,0.060222129964620376
76,0.07378786760675281
77,0.06495256222790198
78,0.07929371286315888
79,0.03639727330831802
80,0.04761405146764513
81,0.07612458110230591
82,0.055769008276200335
83,0.05827941541306969
84,0.08212393891303459
85,0.06228831982555475
86,0.03570842327285076
87,0.04240533635298657
88,0.0520705240989499
89,0.04267763280306772
90,0.05528690899772707
91,0.05519569379200872
92,0.07093292836447172
93,0.10000076045175756
94,0.06804884034073566
95,0.04920904112216542
96,0.03629993047319428
97,0.03776605801324446
98,0.05223400123038818
99,0.10088975858401303
100,0.08050082403461471
101,0.04153413374274698
102,0.02954334087269989
103,0.04559536855678771
104,0.04394576224780231
105,0.04672216803798732
106,0.05130979484984606
107,0.09700435359682082
108,0.06052365083997997
109,0.08889274961504189
110,0.05548477987615347
111,0.05479107269558162
112,0.04346562561854139
113,0.03400443725142045
114,0.04203132411123968
115,0.0669770664413541
116,0.028472199808523224
117,0.03279478582847178
118,0.04766934438105304
119,0.04092580775292052
120,0.03537647031859423
121,0.06757385933739032
122,0.05592789803327021
123,0.05005164707619506
124,0.04694651206665872
125,0.06312639192817053
126,0.04596837780580459
127,0.10221094681281383
128,0.05393206316242711
129,0.055301214484435424
130,0.04417241721502458
131,0.045170268653323034
132,0.08360490643590102
133,0.06495780056536712
134,0.08956755345266505
135,0.03155942251394326
136,0.03275750757967502
137,0.0501544411411965
138,0.060082563922649476
139,0.09942022382649779
140,0.08284058618690313
141,0.13809437362052368
142,0.04774900477156047
143,0.10255151060598457
144,0.04705559400808283
145,0.04651876748867984
146,0.05633280891777563
147,0.06011181947249612
148,0.0547552635260877
149,0.05643379377466872
150,0.05672385192013661
151,0.07075648444766328
152,0.02601116707914893
153,0.04552416519050104
154,0.11975704336373935
155,0.07252158684334808
156,0.05707522713567018
157,0.07777057726157419
158,0.058628294200211976
159,0.029877284813682327
160,0.03699694534316898
161,0.04622285450996186
162,0.04273723433785888
163,0.05281584455807506
164,0.03888096694771194
165,0.020942632776111775
166,0.07304093248346863
167,0.08199844226269791
168,0.12006123844540134
169,0.09015433875691
170,0.05271906176233601
171,0.09134554205342595
172,0.07706933682104232
173,0.11250158898906798
174,0.036463605134506846
175,0.03659683720293538
176,0.06876687175211897
177,0.05758355943692172
178,0.032628930853359724
179,0.03478136689640873
180,0.023832246736072916
181,0.07289586108821584
182,0.07993832326361021
183,0.02770083720804965
184,0.042924000858153205
185,0.027266789600090737
186,0.05013519701596874
187,0.017587470097661453
188,0.04337969580069467
189,0.06194796482215787
190,0.053397921270846416
191,0.0844570303367474
192,0.06502224418239017
193,0.10373243002495224
194,0.039930518290025745
195,0.049651623554133724
196,0.027449894335375084
197,0.0735086122472412
198,0.02753597732415967
199,0.052152572320088075
200,0.1207530509745475
201,0.03203270995637007
202,0.0768789150093021
203,0.13797770782811863
204,0.06917953851067805
205,0.0984268544293865
206,0.11299223291573375
207,0.0834542081012298
208,0.04145374724425619
209,0.0418159472912191
210,0.03844658972652273
211,0.02762222215543116
212,0.07479901257716991
213,0.032201743127232105
214,0.06399134268778972
215,0.04510278844819128
216,0.08089555542120987
217,0.05730469214225902
218,0.025091942015757304
219,0.06404133605274175
220,0.02973687854962598
221,0.0730329859765364
222,0.06601760552264836
223,0.09361464752947615
224,0.04342152260605335
225,0.08421273319845814
226,0.06231420454074902
227,0.11780298261176064
228,0.10330907324632203
229,0.04722706697404046
230,0.1290720264666622
231,0.04211087053103535
232,0.04217264349619441
233,0.05298063975569975
234,0.0951645344672105
235,0.05347763515766207
236,0.07409214945284523
237,0.060765794318831744
238,0.06732055092694747
239,0.0933366744614886
240,0.07765183620236187
241,0.0414011693329358
242,0.11387688193554657
243,0.07029190321698568
244,0.27182671410562864
245,0.03464250060932595
246,0.0588700396580978
247,0.07912969734481742
248,0.07846925272921657
249,0.03156108614302694
250,0.05710466876582685
251,0.0926564999177108
252,0.03875906206636932
253,0.11225914426204668
254,0.12724078824679186
255,0.061960953902927725
256,0.12192450922796347
257,0.054446099033168556
258,0.10475553988284064
259,0.14115910426236278
260,0.09238313282146594
261,0.09714964434227927
262,0.10884908928906939
263,0.14595649492088783
264,0.12946343596610996
265,0.06863207358874195
266,0.053929015588575886
267,0.040952837829147756
268,0.08923592277029352
269,0.16737991884460005
270,0.09691687401964098
271,0.03413120085071709
272,0.08040427704732084
273,0.07313537113691645
274,0.08054254191276093
275,0.2009562432875995
276,0.06664650646349822
277,0.042896429572859586
278,0.11921224958659704
279,0.0197052011362409
280,0.05458161781975542
281,0.025736671810085546
282,0.016533692358053038
283,0.05731501630601457
284,0.055904769583925824
285,0.046893173620937145
286,0.049177077017661504
287,0.09228613882551838
288,0.06128183071665643
289,0.05735654621779905
290,0.06267912472464585
291,0.05940287859738592
292,0.08878307091900099
293,0.039404906973995665
294,0.08426724355465808
295,0.05304441026119867
296,0.04729832099718841
297,0.025555917404363585
298,0.05905227528572134
299,0.12881793154214702
300,0.07966114295107682
301,0.03591200682205865
302,0.06736564505025476
303,0.022426631967800092
304,0.07061422720804898
305,0.06971578495613844
306,0.0665406544405515
307,0.055618126710196975
308,0.08819401831865925
309,0.04750628715301384
310,0.11309230260191619
311,0.14273223276635819
312,0.048648088607075854
313,0.0621631676801558
314,0.1117432366988789
315,0.060814328595407745
316,0.08559419837217815
317,0.05467377668012108
318,0.12698522129232578
319,0.0948073894108611
320,0.03192871988628414
321,0.031147785678595143
322,0.0412464654244917
323,0.04028115109010419
324,0.023490005398833152
325,0.06542387139378043
326,0.03033166897697348
327,0.10423644538939025
328,0.05960861865188895
329,0.08987328555748264
330,0.10705875527428338
331,0.11134271273697686
332,0.0825859269322059
333,0.06537160700282718
334,0.11542211362038851
335,0.0772147946131852
336,0.044294262937040356
337,0.04865289133099735
338,0.2719189936373147
339,0.1288319196023281
340,0.0825643325853632
341,0.07377816501348218
342,0.09262156541941584
343,0.09394885348725147
344,0.01732644144894644
345,0.05340217190576323
346,0.08042843309160849
347,0.056630858293888295
348,0.1677599016220709
349,0.10949043158239714
350,0.11767002038068398
351,0.026704938919336348
352,0.018814523992374866
353,0.05362564828012128
354,0.07235961104275557
355,0.1742894943199925
356,0.03412953790696543
357,0.054964884290154864
358,0.1661809050469172
359,0.06045079268379751
360,0.06231646108733653
361,0.0426195986491115
362,0.0438900100096975
363,0.1855937925136184
364,0.03715627267592199
365,0.02141851235796232
366,0.1240910586248559
367,0.06699504283855919
368,0.04768213346740075
369,0.06138143566871472
370,0.014697057476233885
371,0.03958183065102699
372,0.09043629324963104
373,0.03510730227089825
374,0.06270718307338136
375,0.12277151165770274
376,0.08111435442887721
377,0.060228560997262
378,0.0987986638797256
379,0.043765754807641166
380,0.07692677288921151
381,0.08758178092379251
382,0.0520952104752966
383,0.03212234159944176
384,0.06790519906027924
385,0.06803852409410042
386,0.10093740229333678
387,0.06840485713009564
388,0.10873694591657845
389,0.050650715484767975
390,0.0381180282585412
391,0.12009155308598156
392,0.07858815324950713
393,0.040624379932864225
394,0.07047493203061171
395,0.0857850556921331
396,0.06065174913980591
397,0.02934814063910344
398,0.13213243577295858
399,0.0400159561608679
400,0.06415302965430111
401,0.021572521936992252
402,0.030717514232215398
403,0.09079294380589606
404,0.09962144518891762
405,0.0538328905435921
406,0.08925461432225845
407,0.05994516131245825
408,0.07918497999119777
409,0.19098523656190855
410,0.06181401260734558
411,0.06204798180358519
412,0.14960170106494355
413,0.028914781731331402
414,0.10802621407395852
415,0.029257889829711257
416,0.06890813947971983
417,0.0475604318956469
418,0.021186228485963982
419,0.11817516114116226
420,0.21589583160540987
421,0.05775463534079254
422,0.040036030564159
423,0.0923746538673742
424,0.08980089205868348
425,0.145074948223929
426,0.0400266340976022
427,0.05927458304333713
428,0.1499620409802925
429,0.137572881304975
430,0.04391434111235285
431,0.07429067403226552
432,0.06346729241206044
433,0.02918516851676079
434,0.06748179157166903
435,0.05815100127378388
436,0.03760909658775741
437,0.1069173330465444
438,0.0983987179905505
439,0.12339128766145602
440,0.07603178533574724
441,0.07728575280141756
442,0.04606600963700265
443,0.1398937105950954
444,0.1665198917393967
445,0.12023957432983894
446,0.044813524050353395
447,0.08209215385106597
448,0.10858117373311224
449,0.031189742415989832
450,0.07093062542706707
451,0.12206542744572853
452,0.16228046216599282
453,0.055787101236240075
454,0.19889507287495933
455,0.05248216887027288
456,0.024312370688819307
457,0.17348747465905634
458,0.023278665576581165
459,0.12260115506167608
460,0.09895553300458593
461,0.04419196240148567
462,0.06011568491815675
463,0.08608872558847233
464,0.026573058203265446
465,0.04172320389314877
466,0.07547014279495937
467,0.04849401444836901
468,0.030623910329177585
469,0.13050143742425335
470,0.024864417366275517
471,0.025515460869139504
472,0.04315528268069862
473,0.1314609377661417
474,0.04678270253559317
475,0.09153319229178053
476,0.07376989638743332
477,0.03035512417728363
478,0.13695158498945265
479,0.017610608744940068
480,0.03551665534712141
481,0.06131571539875924
482,0.01521976754277588
483,0.1707398999969385
484,0.14455885058778914
485,0.0333847079004038
486,0.07365075642252412
487,0.15917587043467743
488,0.031144432720458373
489,0.042114638633298764
490,0.0790551323420791
491,0.13634546447184512
492,0.03689789372806234
493,0.015941165521438757
494,0.06862711651671624
495,0.05177273777064081
496,0.06329945464390496
497,0.07168318084093277
498,0.023018607961285974
499,0.021762666270091564
500,0.09165137550077805
501,0.01947544958363177
502,0.0657375204055782
503,0.06810667811377878
504,0.06318100456096488
505,0.1094597270902813
506,0.03766986475462323
507,0.04251049293299254
508,0.22704891182972897
509,0.1413968316777143
510,0.0678001023660843
511,0.10326092258805802
512,0.027437132499372855
513,0.15915980552501666
514,0.05300607251298851
515,0.0476134534305782
516,0.04202200382617183
517,0.033206333676689306
518,0.09069136262356815
519,0.08464872097624575
520,0.017436764393058954
521,0.03413922279190378
522,0.05541862496137444
523,0.13481029319931398
524,0.108023002403618
525,0.13508946225323654
526,0.03361957962692169
527,0.031051675814381487
528,0.19843679489686347
529,0.01281175205192926
530,0.06077249895643528
531,0.23468307444658604
532,0.2101280600400244
533,0.06732532508105069
534,0.06345646393313766
535,0.07022680815998114
536,0.038451082776729546
537,0.11958775831070531
538,0.21880911475514866
539,0.025317612828194794
540,0.02059786674009876
541,0.22283787670891197
542,0.035379266710640185
543,0.20357790979805349
544,0.14030457716419018
545,0.023408488549197717
546,0.1401516312648872
547,0.01507905263944594
548,0.03654059239151909
549,0.17737301966742408
550,0.1448171980474431
551,0.03322378294404472
552,0.11520366973485312
553,0.06415856011483466
554,0.10797346725436091
555,0.08003005503929105
556,0.17579526130718592
557,0.151660133604394
558,0.07838436014154256
559,0.04842537144677244
560,0.08838293764732409
561,0.06901742779362058
562,0.025579878240994596
563,0.04329837062365321
564,0.05568700097529586
565,0.07795756526327086
566,0.08414188610169039
567,0.10213869878232822
568,0.1561415128788634
569,0.019608653653661712
570,0.024878277133048028
571,0.14906034459320328
572,0.010232266297158416
573,0.21038187865826805
574,0.02390644750893738
575,0.10225078539385178
576,0.0457762647258475
577,0.030385226641027798
578,0.15245716827231987
579,0.02080797803770307
580,0.021086625564415575
581,0.12512071154463641
582,0.053813645025330197
583,0.017358181518587878
584,0.15283137888385026
585,0.09332836726843755
586,0.012381274802557683
587,0.07153445409198625
588,0.05346524402266957
589,0.1004951136182567
590,0.18709670809102116
591,0.01125491277408483
592,0.07071639922560183
593,0.18285204712646358
594,0.0396126337051512
595,0.06945395090817896
596,0.10783441960900578
597,0.07328483747674386
598,0.03203510436388975
599,0.04903965065101521
600,0.0539366456979135
601,0.07842843220169055
602,0.10268553297770461
603,0.11390977844711594
604,0.2618125634475254
605,0.010752041611685994
606,0.060420740423371026
607,0.1384577765038284
608,0.14070543676740485
609,0.06520822654475936
610,0.032810036177040675
611,0.12399875346854547
612,0.07246713311497066
613,0.047880874140264616
614,0.13184772374468995
615,0.09353304181150929
616,0.10362966385966296
617,0.07751408782258588
618,0.042012171229398335
619,0.06122349952812369
620,0.0757696412122233
621,0.032444493713233595
622,0.06195992157015866
623,0.06938775492273205
624,0.10287245452959137
625,0.0619687458069192
626,0.049473548834767324
627,0.22383756295737312
628,0.12160101023074131
629,0.02152187863114706
630,0.13549084638016592
631,0.03794833039021985
632,0.11251996255217385
633,0.14846801030013776
634,0.05453017764380775
635,0.046044740547846554
636,0.09157741775981158
637,0.06694831580358354
638,0.10630298935651308
639,0.20808279249191647
640,0.076920109544037
641,0.050036782341779044
642,0.10666445094250557
643,0.06278834889253711
644,0.03416239776782488
645,0.022205804643826193
646,0.0888197281637936
647,0.06200812050832833
648,0.13157583687448823
649,0.05513047736107752
650,0.022578954950852295
651,0.028740810766778542
652,0.07964104600590996
653,0.06547313208992564
654,0.09294922879842576
655,0.15207015038019173
656,0.14632716711046292
657,0.13318017427253362
658,0.02691403958985592
659,0.02227017814243603
660,0.08822765729351434
661,0.1562402138951129
662,0.04408450378555705
663,0.059289130918239584
664,0.11853017755122897
665,0.0107886823348877
666,0.016155415562595317
667,0.052480531444001464
668,0.05476800907073251
669,0.06534381483650029
670,0.06378241406152003
671,0.054255633780325524
672,0.08474744118592108
673,0.10289903647479016
674,0.10065295000015255
675,0.09561849863871522
676,0.05925974678056576
677,0.11320023047766763
678,0.09491897821682516
679,0.15228552264678213
680,0.13261351608605382
681,0.14567905076157533
682,0.0723575491764801
683,0.21148422326980218
684,0.04565154167811422
685,0.07969805508241623
686,0.16639112191439573
687,0.07076458860860887
688,0.11089883008038119
689,0.09720685979680643
690,0.07873095561951628
691,0.01836654237183775
692,0.07182535541260092
693,0.06559979080979847
694,0.27704184595737547
695,0.017863785027437316
696,0.18593569096664794
697,0.1518377823006388
698,0.14988012663431063
699,0.04843408596016453
700,0.033776952805492304
701,0.06739266825161787
702,0.0551487936334377
703,0.10010344210853162
704,0.0786699156911528
705,0.12069619098803948
706,0.09654163812156327
707,0.03105478965201021
708,0.020192587062552413
709,0.17906592883165776
710,0.04572952276391213
711,0.06692008347583026
712,0.07721575040278562
713,0.10231039459799317
714,0.1395527138169695
715,0.22950991525246228
716,0.11638795232281364
717,0.013634367126484517
718,0.11159102662489206
719,0.20750653302106317
720,0.04754367129532283
721,0.03732653297710138
722,0.03930414876370835
723,0.12824379208257025
724,0.046407475694111085
725,0.0565934976112282
726,0.05931870081008593
727,0.15137332289025243
728,0.09280421909703618
729,0.0296997373764931
730,0.07899338452189451
731,0.0597381274554971
732,0.12776134291391894
733,0.02182277917092465
734,0.04722465857487237
735,0.04297990211328924
736,0.023391341863706484
737,0.09046205646609831
738,0.03221019142885581
739,0.0717969721271958
740,0.09127465472147885
741,0.010529783773499135
742,0.17826223270775252
743,0.0949957981875088
744,0.028629775867413082
745,0.12404646841008285
746,0.11245109329093404
747,0.12209983744406566
748,0.2521895716494217
749,0.032988112809393934
750,0.0630805936074721
751,0.03084943181320204
752,0.0519622724995291
753,0.13912540761393305
754,0.08998168113336068
755,0.04006439487667915
756,0.08668725704121218
757,0.04312237752884778
758,0.03904782162526142
759,0.0938251735601753
760,0.04877534255599146
761,0.19141264310485326
762,0.18799231489932422
763,0.11773138104449159
764,0.13376747704360356
765,0.11161281962176567
766,0.10301568797659763
767,0.07720254278606281
768,0.1059301209278086
769,0.06316783903729424
770,0.1763239296251469
771,0.02450168607791063
772,0.1272414710848566
773,0.11148444562136735
774,0.11657358490981176
775,0.06579847885189227
776,0.05867449049695688
777,0.028071684755509956
778,0.021700091941159443
779,0.08462376770420692
780,0.07424572635939451
781,0.04574747416249784
782,0.05647540933932724
783,0.13845299354004523
784,0.03516187059263488
785,0.09484797016325669
786,0.19614679761070264
787,0.011661207799087933
788,0.022440221336589142
789,0.015892786777323687
790,0.14671637117084343
791,0.16184162739926586
792,0.043525276592136584
793,0.09744304565765131
794,0.2260786020202712
795,0.044662198467318656
796,0.2694773207857195
797,0.07816083484389173
798,0.14583952071071973
799,0.2464252687885951
800,0.021364496487683602
801,0.16906253383800054
802,0.03740976800893743
803,0.1747503136658427
804,0.05742520693245944
805,0.1327814643400674
806,0.16065214923377816
807,0.3115220764399211
808,0.08643229266372397
809,0.19775229440094283
810,0.0565193105080079
811,0.05990071617255562
812,0.13771231087072702
813,0.11959269354247361
814,0.20702120783359887
815,0.1315591983277025
816,0.0761115590570294
817,0.08961792601241252
818,0.20977535232134492
819,0.2464604669242739
820,0.07108306036331494
821,0.20421585083947885
822,0.05001539300341725
823,0.18366722077801792
824,0.03406894863450728
825,0.03390124734214841
826,0.026610854550488262
827,0.251058907730313
828,0.03212591756340834
829,0.013701996012010994
830,0.3021246958245528
831,0.03487670762976509
832,0.06339644627503166
833,0.36011589462001437
834,0.030979693918001976
835,0.0941082690412024
836,0.13796718419036594
837,0.26168628078206385
838,0.1437416043228357
839,0.13600153383019906
840,0.11223304579788501
841,0.015861152511260412
842,0.1241762343059605
843,0.033591997006382136
844,0.11586063632310979
845,0.14671425079286196
846,0.18855497182509093
847,0.1583586524056189
848,0.23115528404256738
849,0.14703596145804532
850,0.1832307710729399
851,0.025069138370180773
852,0.058644620998798636
853,0.25340901070343164
854,0.07735040187490715
855,0.061239701055594606
856,0.048764505920632924
857,0.0876488214004664
858,0.031985506707118874
859,0.02751166285671845
860,0.07647587377108325
861,0.12675703120635654
862,0.10654205245921426
863,0.06367392604778381
864,0.21609994384549092
865,0.2236477077960637
866,0.09249827782764251
867,0.03237404148376319
868,0.08197056212937019
869,0.028157060307765387
870,0.21882787307165955
871,0.05637388398556313
872,0.02748469301322326
873,0.06680547151947822
874,0.19261707186043908
875,0.06773078792174779
876,0.09391233659050827
877,0.012673883947715481
878,0.06531450112405784
879,0.04808237223081678
880,0.24421168677183355
881,0.036777096911154425
882,0.28750765182023447
883,0.09780863358672601
884,0.0790841310236984
885,0.01939561864711763
886,0.06934448195869823
887,0.1361153410309456
888,0.15270019825360392
889,0.04031111873743062
890,0.04169312263900589
891,0.03913524662767592
892,0.07674023212156414
893,0.12108055199428272
894,0.05872384907794181
895,0.1801466784221653
896,0.24988171842798534
897,0.12072135429189641
898,0.15743001911527368
899,0.14207553363253783
900,0.016832257783268034
901,0.12044874662503326
902,0.09265890054000094
903,0.05151299979738477
904,0.02172959199899116
905,0.08662257033242267
906,0.07823151883082405
907,0.054982913826339574
908,0.28270765031162265
909,0.016500650243784453
910,0.06811725662038556
911,0.23303420470560915
912,0.027992237368991084
913,0.21605497295840778
914,0.046188550584535026
915,0.06132347968177648
916,0.198063360400246
917,0.101897138161952
918,0.14461188290536112
919,0.042098423846191876
920,0.05147583732284062
921,0.366367336013429
922,0.05188316332667498
923,0.148651467753707
924,0.06968593998312234
925,0.26053385224181624
926,0.11107889270561207
927,0.05103133388660164
928,0.1260125254740265
929,0.14975060504164134
930,0.21411378159157307
931,0.054130468041916506
932,0.17099577728074108
933,0.34245459442629245
934,0.11724745771409113
935,0.1047344383397399
936,0.1033928082130405
937,0.19747885431670292
938,0.07761876448736077
939,0.33846812453595865
940,0.047349688398145975
941,0.06954759888939561
942,0.10233050602593156
943,0.02015870852959733
944,0.047767323692469166
945,0.056376888242127755
946,0.11931301579131814
947,0.09324013345270941
948,0.11777620962504641
949,0.2243029349891453
950,0.06798691657623669
951,0.11221203914801177
952,0.1178143974532826
953,0.3551993749070006
954,0.1413733743590361
955,0.275312607196631
956,0.026212473616164574
957,0.4459509605683923
958,0.025342458562829632
959,0.06085718019628211
960,0.369429009690946
961,0.0687728413288953
962,0.04393679706435516
963,0.30494310923208995
964,0.10178651955433779
965,0.09042548312117393
966,0.200834968502659
967,0.0409510854791925
968,0.13330841629422915
969,0.1320649208329441
970,0.1597037898803379
971,0.07386248876124875
972,0.13470710550171489
973,0.10788996706609817
974,0.14651890292458278
975,0.15781488577984282
976,0.0257333521009533
977,0.1587699650292811
978,0.06951525086673113
979,0.11982463835686859
980,0.21117389236522457
981,0.04224669779204325
982,0.024702435713575496
983,0.052751076395625714
984,0.1382414407257749
985,0.17921879136224794
986,0.12444795070764086
987,0.15314185802871003
988,0.061531387846292876
989,0.07294435097374109
990,0.1105563517485409
991,0.029740367330111955
992,0.13962391304356048
993,0.14711217995437673
994,0.05242387332501443
995,0.015136517441964514
996,0.1855314245576483
997,0.09236693477871404
998,0.1729530364295093
999,0.025613949211758528
1000,0.5004792430337646
1001,0.13287509464135827
1002,0.05130572302956043
1003,0.14089503778965962
1004,0.09449388640184321
1005,0.21091177447624937
1006,0.21820198656581596
1007,0.22068725239767228
1008,0.06509852493279517
1009,0.055245933837183535
1010,0.11351790435173234
1011,0.10673198239769113
1012,0.03625695860826344
1013,0.4951088438564695
1014,0.0701114873792767
1015,0.2404477534566192
1016,0.14780109721693926
1017,0.20557990427983977
1018,0.019858702103086445
1019,0.2889948680666844
1020,0.14367370721482106
1021,0.10947170212764885
1022,0.02421998929839459
1023,0.07367763417633018
1024,0.2868315346749353
1025,0.1109727854813331
1026,0.18903573735497545
1027,0.07822713762936719
1028,0.07740520855677578
1029,0.23728155486227676
1030,0.023381192160212328
1031,0.14817378813440985
1032,0.16901688256861902
1033,0.09718088032131877
1034,0.15734624222702187
1035,0.1823045650527087
1036,0.0746457473031752
1037,0.08604109567475036
1038,0.07058754582257683
1039,0.12086498826284756
1040,0.10366260156028977
1041,0.09837567003300345
1042,0.08701744681510343
1043,0.09838395437661418
1044,0.2289989850469906
1045,0.1542460367648056
1046,0.0437288287210942
1047,0.3330889752796593
1048,0.015062223544146786
1049,0.08914648650950302
1050,0.32339655592923533
1051,0.14658928185658032
1052,0.058505566623996426
1053,0.14697334211211605
1054,0.07754027057095604
1055,0.12916431528417566
1056,0.09070372622160755
1057,0.10787875349589335
1058,0.018400291776175203
1059,0.01951701282378949
1060,0.0525569535940111
1061,0.08820682695390417
1062,0.1796295266908214
1063,0.10608960745076738
1064,0.47512903671746115
1065,0.21708952809008852
1066,0.032474069191904126
1067,0.08709755765929227
1068,0.10045995555369643
1069,0.20706901558978116
1070,0.16288614238187557
1071,0.029052573242858988
1072,0.3109880101466146
1073,0.021685664458780365
1074,0.2409435236168668
1075,0.02731035296700174
1076,0.03616015471402796
1077,0.05393973450661555
1078,0.07813922447517001
1079,0.22384168850876235
1080,0.17319539072230158
1081,0.047477150291645016
1082,0.1138901556935057
1083,0.3100463945267696
1084,0.1523191312816099
1085,0.07586411385230013
1086,0.2444101740030217
1087,0.03255137403051654
1088,0.12103404223166032
1089,0.04882369057694164
1090,0.12347799298370614
1091,0.11727470230019212
1092,0.10942242588438257
1093,0.3279190157006641
1094,0.07719981700393082
1095,0.14040393494224568
1096,0.12609026103041046
1097,0.01620132930001865
1098,0.05794797157167252
1099,0.10531906463331997
1100,0.17477306494621117
1101,0.12469835237726226
1102,0.013966904324952257
1103,0.07962880545182323
1104,0.15833239761107348
1105,0.06338891100613984
1106,0.1234732511359038
1107,0.2372731577627891
1108,0.13654565413358913
1109,0.08041657144127241
1110,0.07816042622709246
1111,0.08163380431488644
1112,0.12599767090796624
1113,0.1634452765951
1114,0.38530810117628034
1115,0.19500157728031287
1116,0.15472677870009152
1117,0.02369073647809317
1118,0.26065514909660786
1119,0.13894370849153323
1120,0.2864695419700642
1121,0.02764465287741971
1122,0.2507761841382966
1123,0.0265051548827533
1124,0.03403117251701744
1125,0.17199470906888722
1126,0.048389293442886123
1127,0.0555113273439636
1128,0.12995629155489752
1129,0.1742675870800718
1130,0.11188233163256132
1131,0.12954279422859352
1132,0.3065085527495536
1133,0.030210680123190246
1134,0.25648654948400057
1135,0.060116357581564625
1136,0.06056948582800742
1137,0.0688796681135935
1138,0.1203978708504571
1139,0.18980405986777027
1140,0.16454405346402146
1141,0.029045824998572754
1142,0.42876437761494474
1143,0.09501725770476706
1144,0.3112610638972687
1145,0.023294542935364104
1146,0.05928226110870455
1147,0.09013737933853755
1148,0.09851935831326841
1149,0.09531023932108568
1150,0.17052920809453453
1151,0.28616586424992274
1152,0.11957112635707526
1153,0.057078346190745935
1154,0.4159330296643294
1155,0.07369916865714128
1156,0.05977447925416626
1157,0.1961322120723058
1158,0.07926188778939745
1159,0.07912602826826577
1160,0.13451171221495897
1161,0.1671708892179738
1162,0.12784981700180842
1163,0.2531185172060946
1164,0.06525583772006928
1165,0.31090064087169295
1166,0.2048476107804157
1167,0.06950895343805634
1168,0.09284986030483233
1169,0.2482556425381633
1170,0.07221550808128376
1171,0.228691555944375
1172,0.21176513992789714
1173,0.0631608878243855
1174,0.0875041907132537
1175,0.388539098341773
1176,0.10285751934185455
1177,0.1510864812848136
1178,0.12033133915814802
1179,0.12440607595282455
1180,0.03497766977136486
1181,0.11204284425213826
1182,0.23821898138873798
1183,0.06316573822443647
1184,0.2584689580445908
1185,0.14133771099256753
1186,0.1684286034060897
1187,0.12415877178831539
1188,0.05315281695909621
1189,0.024651391640828774
1190,0.05092800167630921
1191,0.16875610343512637
1192,0.2687558497601321
1193,0.08242411444064396
1194,0.16940348605806735
1195,0.12292049417304016
1196,0.1389911918846925
1197,0.08378418924850649
1198,0.1642997761750159
1199,0.09515384752869822
1200,0.12181118086254566
1201,0.0537848827941586
1202,0.13430053241612533
1203,0.3057963325523611
1204,0.12558089610571033
1205,0.061059251099893894
1206,0.31739548560565833
1207,0.15694132672070404
1208,0.044929719547910044
1209,0.12051301945145151
1210,0.059695243225316656
1211,0.07154067324494112
1212,0.3487684766239619
1213,0.024846623644239237
1214,0.09809583966138798
1215,0.05330186925956749
1216,0.07104865250675885
1217,0.03532980455121316
1218,0.17885668303307134
1219,0.038056199115905756
1220,0.0743437314385591
1221,0.24853648660114705
1222,0.04320351560815743
1223,0.10156908556040162
1224,0.11703406762391128
1225,0.023000579512359162
1226,0.025922463975294914
1227,0.20254787256643758
1228,0.14883971603344695
1229,0.26622159806609114
1230,0.03701100894244256
1231,0.24805858064254244
1232,0.07497214306249508
1233,0.1173975720012045
1234,0.03234174370923705
1235,0.028692715938781352
1236,0.1651094059194991
1237,0.19595479092794116
1238,0.10582300058429606
1239,0.2456408094506984
1240,0.19404117141067603
1241,0.05431278403997479
1242,0.18752548861259039
1243,0.2263795775049605
1244,0.13657002795223672
1245,0.07015905318540797
1246,0.14101618250807574
1247,0.32384547559942745
1248,0.04421045658106491
1249,0.14167642655876014
1250,0.07330536215119439
1251,0.12726263495199017
1252,0.048475070666312556
1253,0.09734933899747
1254,0.057017661993814125
1255,0.1419490042863696
1256,0.1753705744498381
1257,0.03458117268437083
1258,0.09963120575878613
1259,0.031655672446635245
1260,0.033342441802531715
1261,0.34443954843209895
1262,0.09628717964104057
1263,0.03938454657521211
1264,0.057567515511244574
1265,0.15258358244192874
1266,0.24771574634033477
1267,0.17401396851247694
1268,0.2702771721068414
1269,0.21292779077038004
1270,0.11006560304636871
1271,0.25471751323541403
1272,0.03203073669533599
1273,0.030241749778578263
1274,0.8130211811162279
1275,0.32910208043537087
1276,0.15977183709190762
1277,0.070322993922278
1278,0.13722417576457954
1279,0.02040021239790137
1280,0.07283283083014795
1281,0.12700831705262644
1282,0.1362815414673675
1283,0.03515704008757716
1284,0.16135530095429673
1285,0.13415030356659416
1286,0.04649427250179453
1287,0.12423671342999978
1288,0.08920097423243142
1289,0.1836387780497852
1290,0.1359948662035321
1291,0.03364142471751162
1292,0.1010961954330491
1293,0.3697443461694408
1294,0.20527018540706213
1295,0.04316656007706072
1296,0.08561790941388318
1297,0.10483235723331347
1298,0.2470629641948307
1299,0.15791139711004668
1300,0.04075124068728046
1301,0.16775130160669077
1302,0.13290420714200296
1303,0.05447112657654949
1304,0.057895306375181255
1305,0.163500820890223
1306,0.18146013945593714
1307,0.12150114996818129
1308,0.10381372135670419
1309,0.07330845380634425
1310,0.1886827966813414
1311,0.24739280731021682
1312,0.10514645119134616
1313,0.19186967614843473
1314,0.10161198778650146
1315,0.09302462282201156
1316,0.10033402818210627
1317,0.051376365001603516
1318,0.09143142247447532
1319,0.09897425545936038
1320,0.11649699741129226
1321,0.2523024656577735
1322,0.07491806982449375
1323,0.0857905418063554
1324,0.03275767469175424
1325,0.06031605764311832
1326,0.22373820979593084
1327,0.2066750260409075
1328,0.1950447473967808
1329,0.11816770888611132
1330,0.06660685411465686
1331,0.3681288632552119
1332,0.11186527806604901
1333,0.49176501218696694
1334,0.03082256359218527
1335,0.2893568012439522
1336,0.05903131479364013
1337,0.1759458403666536
1338,0.2653012995574949
1339,0.13330620677652177
1340,0.35738372604572266
1341,0.25915882599702045
1342,0.050233624594509155
1343,0.15787287514473655
1344,0.1269809059861742
1345,0.2553868487705751
1346,0.19604337804916278
1347,0.13213948703976927
1348,0.04351178136402841
1349,0.16034456542042183
1350,0.26257813177190786
1351,0.09355676518070473
1352,0.07548782474458876
1353,0.022392468887498466
1354,0.050634449175444046
1355,0.1710798040205082
1356,0.0712260414132304
1357,0.04338965197383411
1358,0.17091335835074403
1359,0.1978672622154362
1360,0.22006539842585698
1361,0.12705186851752626
1362,0.023717904613798683
1363,0.1672025626702879
1364,0.20311118129634564
1365,0.02454802598160656
1366,0.16244309913386687
1367,0.05134701736150803
1368,0.11823873205265231
1369,0.13900131452878256
1370,0.21154649814850504
1371,0.13341909157893428
1372,0.1106918885775559
1373,0.07633810759841979
1374,0.08711086280993326
1375,0.08306079024674166
1376,0.07179163607616541
1377,0.03199219349523513
1378,0.13061054731688
1379,0.11890668768060454
1380,0.07278332879327969
1381,0.465503742440781
1382,0.052142373578931554
1383,0.16394589356574116
1384,0.08709073023584744
1385,0.10794850799335948
1386,0.043195084277735385
1387,0.3269872305694976
1388,0.04435692545428339
1389,0.18714929377515932
1390,0.1354599957963197
1391,0.17906809044078645
1392,0.09848793311218404
1393,0.26896491687035357
1394,0.042218789359911475
1395,0.19904337982962556
1396,0.13585550420891054
1397,0.3282466855110563
1398,0.2393450031669197
1399,0.1661001664078714
1400,0.13352633184587387
1401,0.06110290047247401
1402,0.12574196660618014
1403,0.17456304427480704
1404,0.12129011042925034
1405,0.2767664364508172
1406,0.06447681971024344
1407,0.21368453680048047
1408,0.34388730198982814
1409,0.14539256069466058
1410,0.12756093637875277
1411,0.29790452918415067
1412,0.3435263179995883
1413,0.05075226847012975
1414,0.3297406262856254
1415,0.03624679440629673
1416,0.05688941635991973
1417,0.16547177529248625
1418,0.0701445439474446
1419,0.051746638737052104
1420,0.07037150622955901
1421,0.13544278020715228
1422,0.18336681636653382
1423,0.1334546055143518
1424,0.22779781402531776
1425,0.0711472034471153
1426,0.05998332834492317
1427,0.1290696844527896
1428,0.217762598153839
1429,0.03733097572335183
1430,0.17429279491056335
1431,0.05479856192009639
1432,0.22922106798869782
1433,0.05176942295778526
1434,0.14248600730544791
1435,0.05665201034080128
1436,0.12620551590658852
1437,0.0927866934187579
1438,0.08773504803898882
1439,0.11327618370626882
1440,0.08587686855686728
1441,0.05082524239991799
1442,0.07367145907744836
1443,0.3351455863246332
1444,0.10993602635862704
1445,0.4831598637968924
1446,0.12324190289672438
1447,0.3748183944520217
1448,0.07322169747507849
1449,0.25369929067608077
1450,0.12723810295889973
1451,0.16376572419174484
1452,0.39865381613645096
1453,0.11302389925517889
1454,0.1025011807560704
1455,0.21750024131960377
1456,0.11682470472718968
1457,0.4148213605809382
1458,0.04667083323099978
1459,0.03895886351644577
1460,0.1905465136675597
1461,0.189244068568911
1462,0.05288515285073795
1463,0.5406203365959157
1464,0.11077946778265478
1465,0.31056193102688123
1466,0.17790741020264483
1467,0.1554714213419172
1468,0.03811721510072822
1469,0.2895035077395163
1470,0.041827372079998267
1471,0.12027783870839776
1472,0.3044483913591625
1473,0.49659230566500173
1474,0.2662540528919178
1475,0.30565010152944094
1476,0.04519544817618405
1477,0.09435711789346034
1478,0.3503576533154697
1479,0.16812198932043992
1480,0.21917624724619444
1481,0.2251411019008724
1482,0.08734832168923737
1483,0.18663419153231217
1484,0.037845844978393495
1485,0.6279870766605843
1486,0.038902216307286096
1487,0.14208293764573923
1488,0.14270529720076378
1489,0.3383644311044354
1490,0.07511905060718331
1491,0.28997326352205627
1492,0.10741158644293973
1493,0.15779560449486968
1494,0.1425700111199464
1495,0.2740845968374679
1496,0.13363638891893892
1497,0.312767164173491
1498,0.18908006271922076
1499,0.021328540182134047
0,0.08339940244030909
1,0.05519091333338355
2,0.037197092100634176
3,0.036783007147692476
4,0.03903222961808787
5,0.04579703122791475
6,0.05178672319941736
7,0.05135950934950786
8,0.046912493320644295
9,0.040597145643754474
10,0.03898558231160272
11,0.03900205188838844
12,0.03818327930398167
13,0.03964502553284226
14,0.03929558722444569
15,0.04100958568801346
16,0.04300063124079971
17,0.053194277922982834
18,0.056190657447548094
19,0.05117674202547233
20,0.05265338999402304
21,0.05129090899128295
22,0.05272061502569011
23,0.055495639574186316
24,0.05167104766039861
25,0.05602834005500606
26,0.05432811952653077
27,0.05521043008022923
28,0.05173844251715534
29,0.049008674508691105
30,0.049198736573180746
31,0.04883110967370676
32,0.04921216677017903
33,0.050247229919344286
34,0.046789352415592796
35,0.03986617463263763
36,0.04164245206112232
37,0.0442665379068843
38,0.041816130554865945
39,0.04111166172515178
40,0.038202112098809804
41,0.046108676498983446
42,0.05233223928416413
43,0.053363669151883425
44,0.04783667186389295
45,0.056702144868556834
46,0.05422427037456103
47,0.05158496172349445
48,0.0544696528918722
49,0.05723172837141842
50,0.06012370347106936
51,0.05533043580745998
52,0.05055123357609915
53,0.04476331658581251
54,0.04962743430952252
55,0.04619054905313999
56,0.053337365751237084
57,0.05328947413355249
58,0.04376065549153076
59,0.0464828107196361
60,0.048433549359990016
61,0.05493211868586288
62,0.047129552052942156
63,0.045081490618297596
64,0.05089400253290764
65,0.046267296060892776
66,0.04757215750765559
67,0.04946316786062659
68,0.046518127168819035
69,0.039056968151726656
70,0.03897442018028478
71,0.0459368953145076
72,0.04892619158990155
73,0.05458786590433433
74,0.050997007116072184
75,0.05103704965431648
76,0.053369096067200486
77,0.0526510462086452
78,0.05580422909369816
79,0.04443166570437053
80,0.04208016433810755
81,0.04767084943716878
82,0.04508609482653694
83,0.0471060476488524
84,0.05152299606709274
85,0.048883718118916064
86,0.042184857927506994
87,0.03671397810877199
88,0.03440738554151761
89,0.03624663531944155
90,0.03612824996610724
91,0.03874903892283096
92,0.04409531380826145
93,0.04287049917083432
94,0.04523089369390582
95,0.04553825969470599
96,0.042402880639270134
97,0.03932434890710255
98,0.04105118447536437
99,0.04339195794241174
100,0.04630012332373933
101,0.042645927650297566
102,0.036025148888095285
103,0.03800846935475479
104,0.03890449964810313
105,0.03848446601591449
106,0.037732140168175915
107,0.041922741381216926
108,0.04601702448384924
109,0.05585488185959438
110,0.058653270858396146
111,0.04877297278000082
112,0.04616680044187888
113,0.0419080972195665
114,0.039173771560959095
115,0.04342826438008033
116,0.03729021661299569
117,0.03470649752960401
118,0.036464362768838285
119,0.039388168519584106
120,0.04085477450814409
121,0.04914114197176785
122,0.042353333351637094
123,0.04366598343331093
124,0.04301607830508609
125,0.04220816243082003
126,0.037891643522530286
127,0.04352126302915409
128,0.045153578597934584
129,0.052237322089893
130,0.05194556522729094
131,0.0450383132065344
132,0.048799914922901595
133,0.04890510831862456
134,0.05030641715312935
135,0.04822636950759673
136,0.042324957929913615
137,0.042466635665144546
138,0.0448085532740983
139,0.050851867913325764
140,0.059595448213323195
141,0.07444386683123022
142,0.06890085682423881
143,0.060934355846925
144,0.05252570544347137
145,0.0440387450948768
146,0.04285433371471918
147,0.03797568957323054
148,0.037462776283149216
149,0.035811293836690926
150,0.04298934129737787
151,0.04189641236449335
152,0.035381002810130534
153,0.038556835580085755
154,0.04658254095871691
155,0.05826997621089452
156,0.05876301832085255
157,0.055763088841565056
158,0.04002237380724852
159,0.037910574413853836
160,0.03558373466849551
161,0.037252723545666375
162,0.039276073835882414
163,0.03638038919550063
164,0.03324204256513614
165,0.031995812321842405
166,0.03516837658449783
167,0.036621273070003284
168,0.04622630287154834
169,0.05777870725819431
170,0.048348608278617144
171,0.052348311069403304
172,0.04930729493860677
173,0.05283620376829574
174,0.041406704493427926
175,0.03743101703436352
176,0.036789600642646726
177,0.0401823133444347
178,0.039251811973724286
179,0.037942301259632896
180,0.03374178599093213
181,0.03544569719889157
182,0.038750065981489605
183,0.039421210866167
184,0.04106866097509803
185,0.033670554796278826
186,0.03595772938940193
187,0.033253715593673565
188,0.03453858311935323
189,0.03676548393286084
190,0.03721159497674533
191,0.04465741228873599
192,0.0524916245243711
193,0.07374110332247565
194,0.06559143594106699
195,0.05031893065135803
196,0.0375304545617025
197,0.04005834927523458
198,0.039889530707182215
199,0.03860748154375409
200,0.051399378680153686
201,0.045519424340928406
202,0.05888595406008017
203,0.0663891215370995
204,0.06106728081448489
205,0.07060337868154141
206,0.08041612300446443
207,0.07169811595511037
208,0.06395131373770963
209,0.04952537262306321
210,0.03917631064776456
211,0.03472165661822362
212,0.03691458803681474
213,0.038509858218191806
214,0.04333451692671326
215,0.03543083397369232
216,0.04023407079384016
217,0.04496337545700037
218,0.041653595327523024
219,0.042560351471758746
220,0.04180588591408542
221,0.037767602429155486
222,0.04550357315787677
223,0.060499175230954744
224,0.04450258027630847
225,0.04818053938515991
226,0.049181434712614804
227,0.04902203945352279
228,0.05113004694645756
229,0.0469074910446192
230,0.053075931422327395
231,0.04847830672368494
232,0.04024979773283894
233,0.037461163659119494
234,0.04814744039355387
235,0.057180212322933355
236,0.05102611599764365
237,0.047910840191070496
238,0.04811534379575036
239,0.05436950037327
240,0.05906914511042153
241,0.049135716375216396
242,0.039528338940575176
243,0.03874682853137658
244,0.05150402087634718
245,0.049530745288655136
246,0.049187391052223424
247,0.04861501014038877
248,0.062269520725061714
249,0.05581446326231454
250,0.0439566602607409
251,0.053415890931563265
252,0.047845330938395554
253,0.04307894075583982
254,0.05709675056181211
255,0.055250317545543694
256,0.06577310300595729
257,0.06327067364290256
258,0.06890205244065328
259,0.05696417889123388
260,0.045831005269121906
261,0.04596024814704862
262,0.05255679428009382
263,0.0618865088322189
264,0.06853742191703427
265,0.059891675531234624
266,0.04526235829640244
267,0.04304442965228307
268,0.04676612870530395
269,0.05834864477799174
270,0.06716174663462599
271,0.06073564034356048
272,0.05663172322338594
273,0.05289542012928143
274,0.05216681213618169
275,0.06626591249306983
276,0.05720941251019031
277,0.050838185247730316
278,0.05550528525401085
279,0.04361595565765122
280,0.039226650046766814
281,0.036140791236570394
282,0.035100147186620474
283,0.03719187024561395
284,0.039559635258369405
285,0.03925166714580123
286,0.041264014094749515
287,0.042780615416253394
288,0.04627666908275299
289,0.04742290664079975
290,0.05105273114334946
291,0.06016160341755758
292,0.04513704669108263
293,0.03830250929708803
294,0.037515649360534135
295,0.03553217799928194
296,0.03669915230296649
297,0.035263425010401354
298,0.03226860523541474
299,0.03849003072111173
300,0.04748576538228527
301,0.03714643480666872
302,0.035636598276258
303,0.03404255541700352
304,0.040998686329221434
305,0.04407731945032908
306,0.05332910442331732
307,0.048740157149717335
308,0.05021364454417337
309,0.043198038913361936
310,0.04079461612230093
311,0.038828415671744394
312,0.034347933643528804
313,0.034276556770176304
314,0.03600323257611618
315,0.035743893679409666
316,0.03828675434566883
317,0.04327535811880971
318,0.04681424716037562
319,0.05159674803703298
320,0.044768876269716006
321,0.03981457349196544
322,0.04318603965668487
323,0.04802667046114119
324,0.03828144033872803
325,0.03581404597150621
326,0.03556589346096011
327,0.04261123938520765
328,0.04508822128258347
329,0.04470929258125137
330,0.048179405737908396
331,0.050143778102995036
332,0.05118323082200884
333,0.039367063998387894
334,0.0448234280773106
335,0.048340661657951374
336,0.040046777442604736
337,0.04218009420888336
338,0.05886614441159929
339,0.0693909001005181
340,0.0559021195965892
341,0.049592225753182714
342,0.04215802186713855
343,0.061844560787344884
344,0.04944212626839969
345,0.04314662166320985
346,0.03878847381744487
347,0.03737716489238265
348,0.03822833364283568
349,0.04341909673642377
350,0.045364396633546265
351,0.03397277050041173
352,0.0279860190975781
353,0.030515276262249865
354,0.03210595702948064
355,0.04554354733592797
356,0.04389094909467059
357,0.03739252315885807
358,0.04814701118478977
359,0.05782388676775156
360,0.04181875698331257
361,0.03998516726882721
362,0.039742155926255796
363,0.04154255340528459
364,0.03644532121737766
365,0.03160262780368272
366,0.03382097593859431
367,0.03391446262214984
368,0.03241024938898595
369,0.034290583722518475
370,0.03206076956219598
371,0.03312991387863043
372,0.03289247520989158
373,0.03250881390265026
374,0.033436748816261345
375,0.037251991984709
376,0.04478619444941936
377,0.04866331660790633
378,0.04440739413067542
379,0.03749502665435203
380,0.037203284853272414
381,0.03494550677862057
382,0.03431316515107944
383,0.03292035134970053
384,0.032994790739253835
385,0.03384618887640044
386,0.03657533027427985
387,0.04062304382407794
388,0.049553801437841424
389,0.04421221760379779
390,0.03541630418042226
391,0.03185045069043763
392,0.03527844123308173
393,0.03694226415856198
394,0.04274345072016869
395,0.044628536308524494
396,0.04992644601067211
397,0.035398692640692675
398,0.03763850031934212
399,0.04361251624568241
400,0.03617947246295401
401,0.031049304396476254
402,0.030105452324772564
403,0.032729317605582724
404,0.040302513740960146
405,0.04068868321278963
406,0.04730403562155549
407,0.04454579600347167
408,0.04315753753986385
409,0.05062232204836392
410,0.05442866403004232
411,0.04384743869664114
412,0.04829362890109773
413,0.04577348341614123
414,0.046990455964905684
415,0.05285586165116188
416,0.052123984087322196
417,0.044088438836343814
418,0.034145581310083335
419,0.040206143088168896
420,0.045153495297792036
421,0.04291629739290869
422,0.040252640065331954
423,0.045360692645378765
424,0.04389295170245605
425,0.05216395505228613
426,0.05429789166366078
427,0.04709982097007328
428,0.04714090147124449
429,0.04530980909765659
430,0.04535439113373152
431,0.0384586629046895
432,0.03495904409344937
433,0.03212889336556795
434,0.03510316931923793
435,0.03815080732465221
436,0.036496415517322855
437,0.0320833187208015
438,0.0424900257186134
439,0.040067509212504855
440,0.04633553711566563
441,0.05149392265394081
442,0.04660268958162022
443,0.04430464781364746
444,0.057378337084635064
445,0.06516406044381556
446,0.047274519756045665
447,0.043887051699715574
448,0.046264913445281705
449,0.03641861588108186
450,0.03280948011955003
451,0.035070387693778085
452,0.04423464036222816
453,0.043769523312575845
454,0.051090295748311476
455,0.045711361446509655
456,0.035685027143786685
457,0.038152788633114464
458,0.04586007544236601
459,0.04540594812338079
460,0.04707540978794965
461,0.051484913092940884
462,0.04312838947414397
463,0.046150673404260434
464,0.040948503942118984
465,0.03659619747579301
466,0.03320117578315644
467,0.02674176653870223
468,0.026294325923956894
469,0.029613082294537865
470,0.035516343047706116
471,0.03387512915579841
472,0.03209828343665147
473,0.033920968864953556
474,0.040402986679667054
475,0.03610953687366562
476,0.04588120180514557
477,0.03864781403076207
478,0.04541788390563901
479,0.040393182307221324
480,0.03096208053788876
481,0.033163897881726585
482,0.03158343545704559
483,0.037889258648341154
484,0.04504215915165702
485,0.03280029705873984
486,0.035045488893064455
487,0.04319663108382571
488,0.051470370578157974
489,0.058462638351272286
490,0.0443173930121791
491,0.039232589105614446
492,0.044305005324441114
493,0.039936677816435534
494,0.0415224909420611
495,0.041793139371541145
496,0.03187079207716612
497,0.03732528660046517
498,0.03205323946233775
499,0.027503254551670443
500,0.03002672305890122
501,0.032247397950677666
502,0.029447804202362367
503,0.041237629817049884
504,0.0480018817284555
505,0.05350107320081153
506,0.05352033037036558
507,0.05556079348725434
508,0.04950003724846349
509,0.03868891776804468
510,0.04119863496655837
511,0.043694464083358454
512,0.036470760494443755
513,0.03394744736300453
514,0.03409093897213994
515,0.03276163636518621
516,0.025982047543434476
517,0.024851312121061345
518,0.025617630847912232
519,0.035000453806883276
520,0.03810295343888172
521,0.037630667472379156
522,0.03493965890140231
523,0.03989570651863394
524,0.042211663173386864
525,0.04987890390082406
526,0.05684205317375884
527,0.04926152816477821
528,0.055311989565210856
529,0.05838078704601043
530,0.04887121357750467
531,0.06343764515960146
532,0.0759124829489922
533,0.06549819601662767
534,0.04455257591786107
535,0.044745972397451865
536,0.05656571855050993
537,0.05242913963122252
538,0.061571974526073096
539,0.061717469858287924
540,0.03607475496753067
541,0.030918637897450946
542,0.030928589732008117
543,0.036706984997299665
544,0.04598653208489011
545,0.03649462629753197
546,0.033491149491636826
547,0.026158685229266575
548,0.025645501673964066
549,0.02803723545354312
550,0.03556103165739502
551,0.03100017801646869
552,0.03880025890934823
553,0.04697591850628537
554,0.04336248416152559
555,0.038058910345198316
556,0.04434288384394863
557,0.0435811133343098
558,0.04233461414637033
559,0.040521246608872685
560,0.034744123506723915
561,0.03557443758962658
562,0.037422071735593386
563,0.03572919988504766
564,0.02987073679575991
565,0.025058764914479403
566,0.02663577134421775
567,0.03497779448885108
568,0.039236897579176054
569,0.036685463254888986
570,0.03643585347797932
571,0.04238424385021663
572,0.033597372116977886
573,0.04185068889230568
574,0.039605025787345094
575,0.031368069905647965
576,0.023775657705752934
577,0.028551206260546372
578,0.028077813200576715
579,0.028731013455741358
580,0.027603154521746977
581,0.037621785540569566
582,0.044869418304974845
583,0.027806502781805176
584,0.031199138813771753
585,0.032843953029258716
586,0.026595191182269055
587,0.02431453831098439
588,0.02631743672517871
589,0.03672938334320624
590,0.057679124778131016
591,0.05082112804456935
592,0.044847982456570214
593,0.04355674270267057
594,0.03685501041398441
595,0.02853544449992845
596,0.024143117389267898
597,0.02515400665950651
598,0.02463763144668818
599,0.025127337936395388
600,0.023893521935636035
601,0.023731030870168403
602,0.03521010688008214
603,0.04424180689522642
604,0.052757526542480365
605,0.04285144016245831
606,0.0375231491930725
607,0.04589694767831095
608,0.03801850746317035
609,0.04375414276413924
610,0.033826093879783664
611,0.0396207188809282
612,0.042717087351717635
613,0.033341493946727356
614,0.03243052902904492
615,0.04240169226203167
616,0.045336169459216834
617,0.034112173472707716
618,0.025603965292182774
619,0.02869388011530481
620,0.03719595231602739
621,0.03462700828872191
622,0.03902875034443329
623,0.04255052628429323
624,0.03401923353763502
625,0.037517032874775806
626,0.03309989185895208
627,0.03871894902255624
628,0.059259505890021436
629,0.04599372876917939
630,0.05156520701997477
631,0.051146304183914554
632,0.03623750146782977
633,0.03435949252961808
634,0.026691441190152074
635,0.025692951451874627
636,0.028498322402102844
637,0.037875753664319424
638,0.033555229154308794
639,0.04078962593531986
640,0.039834528609362124
641,0.04046494940651448
642,0.0523562403342898
643,0.03915090290443326
644,0.033879795285853005
645,0.02584704775612064
646,0.024407281230005632
647,0.036097455057800674
648,0.046980332168930924
649,0.04358791107139407
650,0.030602584329801164
651,0.023923714480931897
652,0.02437180454435723
653,0.02327868947015607
654,0.02979497737493849
655,0.03862845581879392
656,0.05182417118837147
657,0.05288689186378858
658,0.03934217249886211
659,0.02848679919254302
660,0.031141309728936573
661,0.035226139001752574
662,0.04009026827390668
663,0.039172817830097656
664,0.0394202748470839
665,0.030867076969021797
666,0.03018560112865627
667,0.02246874557691196
668,0.02348331490339355
669,0.03122917355668088
670,0.03320643867856021
671,0.027638756588218405
672,0.03205488499409113
673,0.03473450008559118
674,0.030769293143166176
675,0.03503219127578808
676,0.046121870679551986
677,0.047905091101147795
678,0.05053576070220884
679,0.06206249832200966
680,0.060185814523134186
681,0.04213543281338648
682,0.03987444153393053
683,0.05496849452526429
684,0.049189326352575856
685,0.034975300527101655
686,0.03731951814146936
687,0.052248482667693746
688,0.060388329287146325
689,0.05554385765021194
690,0.044545113298168536
691,0.028802958695198028
692,0.028649861978387287
693,0.024735008318895656
694,0.03561540341563112
695,0.048299705484386404
696,0.05110620675843296
697,0.04579862100724158
698,0.03907055221372166
699,0.038765304294920915
700,0.027053218795365354
701,0.03219394326826033
702,0.03919215833413039
703,0.03429760164837031
704,0.03383137141728436
705,0.03236238018180556
706,0.039086795106171954
707,0.053704963152179264
708,0.048719804813418185
709,0.050638100057433494
710,0.047541491838759525
711,0.038647218330019224
712,0.04282322480226014
713,0.045722625802321545
714,0.04437535994289485
715,0.05880604480035181
716,0.06180247257404715
717,0.042906915327933476
718,0.058244662729682456
719,0.060041081392503644
720,0.04294757954227196
721,0.02947004025461591
722,0.030679773575647464
723,0.02596345023329829
724,0.028236259972056678
725,0.028151291735286542
726,0.03419207704027523
727,0.04074854472828201
728,0.0439563382075424
729,0.03878084561035041
730,0.03788023448582113
731,0.035343242475765785
732,0.04021875661369795
733,0.029146635510533644
734,0.023100590549221978
735,0.024777514980970815
736,0.020348419167964402
737,0.020407835334713655
738,0.025428570274095105
739,0.03410230663986299
740,0.04379208860125759
741,0.029905184792256487
742,0.040061211747701296
743,0.04523357335866993
744,0.03828214378174483
745,0.03083740487415011
746,0.025074096960653967
747,0.02818975503829021
748,0.027538601965345084
749,0.026040140709445655
750,0.025612095895906985
751,0.02151089448772088
752,0.024560387989468878
753,0.024717729691980238
754,0.028067848677560698
755,0.034302125348729305
756,0.03825291832874756
757,0.03739198707288039
758,0.03467531500839108
759,0.03567252073954751
760,0.03304348847148344
761,0.03656909897129781
762,0.055869501741358615
763,0.06483166436810785
764,0.05139022919939131
765,0.05436162227247796
766,0.04447019118676426
767,0.03291874872601311
768,0.03367784396014215
769,0.04714064563846565
770,0.05067103318441766
771,0.04265073877494849
772,0.04488032384077456
773,0.06740042199149882
774,0.0602286637005918
775,0.05319552324000747
776,0.0484887750175967
777,0.03763569738015206
778,0.031469664418483964
779,0.03337259472134424
780,0.03737677239992477
781,0.036351544044371444
782,0.039687243756442184
783,0.0325235961709657
784,0.032239124727555774
785,0.0406772599447832
786,0.042157954728868734
787,0.04376834662363471
788,0.03951806552829433
789,0.027742822119727565
790,0.034209249899533584
791,0.04034651017161159
792,0.042471675123731144
793,0.048269985031207
794,0.05725312710474251
795,0.046855268615236964
796,0.04105828719540939
797,0.04002622679802844
798,0.040961137157501
799,0.04225351963991847
800,0.029581385165135806
801,0.03287623457782645
802,0.03510222177127543
803,0.047423676707361244
804,0.045210096724948315
805,0.04337976219638604
806,0.03594734036333507
807,0.03683095808900612
808,0.04630217123363652
809,0.040279952941508594
810,0.04633292815800056
811,0.03599928952158282
812,0.029503402424213128
813,0.031043339817153997
814,0.048180312912174006
815,0.05371123264389197
816,0.04692093388047595
817,0.03593875684411573
818,0.04532949518051083
819,0.04665305748329259
820,0.04670591829405698
821,0.049145271047051825
822,0.04386278082764548
823,0.043788673015553135
824,0.0423314872678325
825,0.03983280080807315
826,0.03727463169657317
827,0.04231777262567917
828,0.038892435160357
829,0.032469949254975414
830,0.02621757727282245
831,0.03395672032297462
832,0.036397570407107574
833,0.04415512612304757
834,0.045681902044986004
835,0.05902596793955355
836,0.0591718029920513
837,0.08133894049916889
838,0.08565026937571664
839,0.08060730721862978
840,0.05657208591864212
841,0.05318112832944421
842,0.04963430773613991
843,0.04971588377229501
844,0.05821245957538764
845,0.06373420887494732
846,0.06841596990872083
847,0.054187798479750075
848,0.0590391102631702
849,0.055955519718587206
850,0.05603648776694565
851,0.059837624306937065
852,0.0483181837128445
853,0.046454713933361196
854,0.04592275210902651
855,0.04307656848986473
856,0.040428029099155494
857,0.030545420306809342
858,0.02743213525311869
859,0.02631861042583019
860,0.027574701649157676
861,0.040976034216071947
862,0.03678239532066365
863,0.03673013141720823
864,0.04236444756232671
865,0.04173564750956864
866,0.03382790878280756
867,0.035207021424606015
868,0.03892816821845144
869,0.03227389410095691
870,0.040221896929631726
871,0.046053821422062456
872,0.0355563448206942
873,0.03308000514505457
874,0.0389657307657111
875,0.043461966354495486
876,0.0398852168517529
877,0.04193889345680459
878,0.04585152807091184
879,0.04521533861616077
880,0.05323870880457557
881,0.04852273969202523
882,0.06245015214511616
883,0.06091313226212973
884,0.055092294854710074
885,0.03868165404988276
886,0.030325026096730937
887,0.033380127929219836
888,0.046772926646275886
889,0.036570740520850936
890,0.038711483476735246
891,0.04200082642527215
892,0.032378907576238944
893,0.03476542128819452
894,0.028940138371134298
895,0.03395489941954364
896,0.04315951188051223
897,0.04554388560687655
898,0.05976016471903356
899,0.05171917331428973
900,0.0391644929862147
901,0.03575553944888812
902,0.03224384650728705
903,0.032227946911476894
904,0.03560620327914953
905,0.03974807974777053
906,0.0481898184705478
907,0.03885373288137568
908,0.03587833557830992
909,0.04256886114705508
910,0.03712830847146231
911,0.042980016013719424
912,0.04298846826626386
913,0.039420165517948025
914,0.03174230658348238
915,0.03687671059853569
916,0.03681736374526804
917,0.03671376042637095
918,0.0445690414543151
919,0.03647657561164275
920,0.036382553268514126
921,0.04499203587485845
922,0.05621628980319115
923,0.040176719100657315
924,0.03739983547571606
925,0.04047138242806999
926,0.04498934671734409
927,0.03702962176504423
928,0.04398340646005628
929,0.05788095885204268
930,0.0485360324564127
931,0.04326389302654308
932,0.04916547511725688
933,0.07327528158368472
934,0.07549219657318294
935,0.05922052024850347
936,0.054877019160364374
937,0.05467271321907557
938,0.05112650707893896
939,0.053587698327121146
940,0.059858091519280586
941,0.04208746033084989
942,0.03489700516683636
943,0.04195890733156901
944,0.030488063525835298
945,0.030083227930700018
946,0.030078829198935172
947,0.03624181149508797
948,0.04844613442730895
949,0.052811032582015444
950,0.06373512077327825
951,0.04871483135505791
952,0.04521485298430318
953,0.06879891248485298
954,0.0857659640373252
955,0.07848789638709315
956,0.07231837035422635
957,0.06951930934987433
958,0.05964228063769399
959,0.04947196932128414
960,0.04536566000154332
961,0.045835664630728
962,0.03439394743674492
963,0.0386417042785147
964,0.03942578859896593
965,0.036909581034885064
966,0.04071090775858111
967,0.03363579212988013
968,0.035019850774503265
969,0.039129564655366246
970,0.042307795538904604
971,0.048475399156781146
972,0.03934646978243612
973,0.03847789708745099
974,0.044798095853821863
975,0.04168693674579857
976,0.038462446462243935
977,0.04136676415558504
978,0.045322555393492905
979,0.03671030198681119
980,0.037200819838078714
981,0.04079888139981124
982,0.039787484961960225
983,0.0374887434629658
984,0.03653685642990563
985,0.04087639504501679
986,0.04388916480817332
987,0.04196228983040068
988,0.03824313069030837
989,0.03475304743325196
990,0.03896579286163402
991,0.03645275241675896
992,0.03574915185764521
993,0.035089829489551826
994,0.03224146402487346
995,0.0341905907907269
996,0.039229109226591535
997,0.03769197875466954
998,0.051993702944642985
999,0.039790556844960794
1000,0.04712037114147039
1001,0.04709465048751012
1002,0.03187625548427809
1003,0.02926254451565041
1004,0.034720830430779316
1005,0.0441305550060677
1006,0.04182980738912374
1007,0.052530629282945246
1008,0.04390408039171959
1009,0.047595335434242915
1010,0.03297631664240496
1011,0.03807431754426282
1012,0.04999094491699832
1013,0.05554676532289846
1014,0.06701853601944585
1015,0.0849653810280186
1016,0.0905595407848592
1017,0.09514416715926047
1018,0.0689201267944218
1019,0.0712342497841119
1020,0.05655301129623497
1021,0.0493600992199162
1022,0.04587668976818655
1023,0.0430538445583259
1024,0.0449591662467189
1025,0.04947157613603417
1026,0.050016543062228525
1027,0.047247073405433056
1028,0.05239955333281399
1029,0.05051553738553539
1030,0.04559671867237832
1031,0.04255380960749018
1032,0.032741691402790235
1033,0.031858648486467515
1034,0.040520185682417546
1035,0.03898936493464892
1036,0.03289615070780612
1037,0.033124752629077
1038,0.0338156328740031
1039,0.03120806375700097
1040,0.046431654818684324
1041,0.03999158457483864
1042,0.042637231682475636
1043,0.05183404983835352
1044,0.057984187140944485
1045,0.053815908203930576
1046,0.06161005053288623
1047,0.06301453507345049
1048,0.04455768666690576
1049,0.034260328966958006
1050,0.0319932781579125
1051,0.04009675380821623
1052,0.03133724815480583
1053,0.03800857500842196
1054,0.04431405761795619
1055,0.046581048508915486
1056,0.03059284344430904
1057,0.03323514430498469
1058,0.030424208073381878
1059,0.031548304925287436
1060,0.02884491212866348
1061,0.028873172382541525
1062,0.03806811845921253
1063,0.04269385902327816
1064,0.040663314356475876
1065,0.03550126308690898
1066,0.04344682046087965
1067,0.05404334801058286
1068,0.0395007799931621
1069,0.03960092772021344
1070,0.03666349123671083
1071,0.0502257109540808
1072,0.07060693136237557
1073,0.049656658697766025
1074,0.05029433825243947
1075,0.06638088260721299
1076,0.03609873795220821
1077,0.03235292390011737
1078,0.03428954087145753
1079,0.04110214154703314
1080,0.052913418966416985
1081,0.04981494989062326
1082,0.04162778421813368
1083,0.03340058258949957
1084,0.03370434928630413
1085,0.03846487269036833
1086,0.0484229054442994
1087,0.039565925983219764
1088,0.0367267984641718
1089,0.048357402756797396
1090,0.04549713187372465
1091,0.04721952707564371
1092,0.04552838736982634
1093,0.038578914808525516
1094,0.03284572679954769
1095,0.03487178971512714
1096,0.040936476776424535
1097,0.03364895272237678
1098,0.03825645431955683
1099,0.036798478437792784
1100,0.052991164699632644
1101,0.05201395282339556
1102,0.0382746278675605
1103,0.03921900826568189
1104,0.04321101776795592
1105,0.054008967628518575
1106,0.04769294625923842
1107,0.05589311585920002
1108,0.038254599338597914
1109,0.027381205521627993
1110,0.025665055269432708
1111,0.03229364585365356
1112,0.038853485187082516
1113,0.029726456447262326
1114,0.025925316356798494
1115,0.03726648186873494
1116,0.049662554106329686
1117,0.053363821160254635
1118,0.04832459638535781
1119,0.04452475772303168
1120,0.05708540194343425
1121,0.06538157145975493
1122,0.06965721987550537
1123,0.059725805097071885
1124,0.04294366016707976
1125,0.04726504418005409
1126,0.04959759577713589
1127,0.041058161603636956
1128,0.04037445058958944
1129,0.04162301082195644
1130,0.0327897414706181
1131,0.031637707743328795
1132,0.03579360532061633
1133,0.03824845817867283
1134,0.035536607305049414
1135,0.04388377254607683
1136,0.04817575691937437
1137,0.05605668235739148
1138,0.05937199718910672
1139,0.059282391046516454
1140,0.04895200035731147
1141,0.03317991658470403
1142,0.03412859944706062
1143,0.04670868383731589
1144,0.04471162862804655
1145,0.030580761479956652
1146,0.027090367326157393
1147,0.031254811014936955
1148,0.02717718221410091
1149,0.03362151943617256
1150,0.04859691654546559
1151,0.06319088438210257
1152,0.07797725975134777
1153,0.08311071292765417
1154,0.08112524865462097
1155,0.05121626454314344
1156,0.034232011151367314
1157,0.04007685248825735
1158,0.05176391685376093
1159,0.05401851983606258
1160,0.05044314470554667
1161,0.059129007988043714
1162,0.05490677355831591
1163,0.043067351842115166
1164,0.05132632190038612
1165,0.0496160272073735
1166,0.04080217649138399
1167,0.03483328053280804
1168,0.03742235695836028
1169,0.0307986308054461
1170,0.037140350808241136
1171,0.0428121608053133
1172,0.032844829852482764
1173,0.030929717234595613
1174,0.029701523616585648
1175,0.03717914290644805
1176,0.03208830447118925
1177,0.024112652970029836
1178,0.02703622533164656
1179,0.034917429949030035
1180,0.03616434309238045
1181,0.040794486277071176
1182,0.052988055658282567
1183,0.048448862271690485
1184,0.03933416639350111
1185,0.03610168035032136
1186,0.0364794662261615
1187,0.03486614473912059
1188,0.025646807283164957
1189,0.02336819580157923
1190,0.023869073003057156
1191,0.035231873642016985
1192,0.056921656534955026
1193,0.06830680455578886
1194,0.05391467709936184
1195,0.04976627192767968
1196,0.050872130958022725
1197,0.04533912874339774
1198,0.04825348828086147
1199,0.039226005131402404
1200,0.041135088999952066
1201,0.041806580827528014
1202,0.04161880978282777
1203,0.04594293073933386
1204,0.06701800839795069
1205,0.08015188450262671
1206,0.07814517962564044
1207,0.06787320790082553
1208,0.03907077634712336
1209,0.03210771656554218
1210,0.03398596657718016
1211,0.044906585761143175
1212,0.04193076596074641
1213,0.024990634345526837
1214,0.02453281480997032
1215,0.021049980224142992
1216,0.02154943952331287
1217,0.026552673993301225
1218,0.032588904247248654
1219,0.029188341861795863
1220,0.04160587191484242
1221,0.05716699444810812
1222,0.05361636794445153
1223,0.04338406214008696
1224,0.05022575772106628
1225,0.049685599673089755
1226,0.034370471684406476
1227,0.04419083438170016
1228,0.04387908952355416
1229,0.04769099419687652
1230,0.04951109956866551
1231,0.050168775150660906
1232,0.041303264392752094
1233,0.027773252720564214
1234,0.02438247389887653
1235,0.023766998440707482
1236,0.030759581785379724
1237,0.043315003375601915
1238,0.04122980521850429
1239,0.037849670554450404
1240,0.032039443034381755
1241,0.05925437364328645
1242,0.045723601214639004
1243,0.05038540344683286
1244,0.057816442297742694
1245,0.049467011565152805
1246,0.06341182833393251
1247,0.07600406597642287
1248,0.04195398919340926
1249,0.03641243172604051
1250,0.023839478176258522
1251,0.02509499130335423
1252,0.029752694106594764
1253,0.028652681772266833
1254,0.03395485437530814
1255,0.03923163493458104
1256,0.05285120659730122
1257,0.043427721241312424
1258,0.0446042553782441
1259,0.03485069827463723
1260,0.031362018437022014
1261,0.03131191711494168
1262,0.03468861995695091
1263,0.03578520505090054
1264,0.036522369476310976
1265,0.026704818063343697
1266,0.032175652259725726
1267,0.023495025273788134
1268,0.03253746665708299
1269,0.0342692479018688
1270,0.05601360918388615
1271,0.07531071734538893
1272,0.05417946273004991
1273,0.03265493990636639
1274,0.036549054832263395
1275,0.028978244107501376
1276,0.03361285199518369
1277,0.050508453539583026
1278,0.060648074040701
1279,0.04281934101103298
1280,0.030051885438616387
1281,0.03282795246211571
1282,0.0320213357966253
1283,0.030509557519236365
1284,0.03218241537952453
1285,0.029326706097674925
1286,0.04021537932512714
1287,0.03853613914069805
1288,0.04368268629318113
1289,0.05238920328820028
1290,0.06250924652878587
1291,0.053775994002256564
1292,0.039370531718762376
1293,0.0452634269310166
1294,0.03479980402227461
1295,0.031017153429000136
1296,0.0333427305191569
1297,0.044099439139571504
1298,0.05225345594168661
1299,0.056423496249125675
1300,0.03434350287878407
1301,0.03915497865010204
1302,0.05129203094361629
1303,0.05438409840293095
1304,0.052425522898056014
1305,0.049416928721876634
1306,0.05228283960652623
1307,0.04729329218784438
1308,0.04596211717063109
1309,0.04613516614319302
1310,0.05811553717025768
1311,0.052174208024099264
1312,0.05303429021235029
1313,0.037484104785066016
1314,0.040401063229274066
1315,0.03194158775027995
1316,0.03081621493882659
1317,0.02850386957391428
1318,0.04916035953514408
1319,0.05488555451667844
1320,0.06749164717322047
1321,0.0673271091060457
1322,0.046180803006252526
1323,0.03714829039474729
1324,0.04093277795649077
1325,0.04409315036354642
1326,0.05777362069415981
1327,0.04603809670732028
1328,0.04838603347515483
1329,0.04654969888012185
1330,0.03348247888866528
1331,0.034809237539225726
1332,0.03563763525673519
1333,0.04041532130787625
1334,0.03193316331853443
1335,0.029188717893257148
1336,0.034661977760318145
1337,0.03721654449676771
1338,0.03973165917965322
1339,0.03204893131677514
1340,0.036944814935491205
1341,0.04115409840980362
1342,0.03979142724048862
1343,0.028495211367696116
1344,0.025363755681984235
1345,0.02407794489482418
1346,0.0354402391788371
1347,0.04702929469745631
1348,0.05184055879342144
1349,0.037538208640210326
1350,0.03878900329539546
1351,0.04406835200278481
1352,0.03881404330581114
1353,0.037079046511549835
1354,0.032283399732172896
1355,0.03630787880329295
1356,0.052745878039076766
1357,0.04820489781448979
1358,0.039754116807096035
1359,0.049303666320630095
1360,0.0597716227953224
1361,0.05068226055033847
1362,0.039715521252150825
1363,0.042761141331223315
1364,0.044592432016399085
1365,0.039324186525713484
1366,0.04122318327949943
1367,0.04956409429754487
1368,0.04641242437362875
1369,0.03909886404377674
1370,0.030109200356298764
1371,0.030544733846786038
1372,0.031449953729479015
1373,0.0358710304182776
1374,0.027703156978886426
1375,0.04299638944928288
1376,0.060219903717935404
1377,0.044660292915836515
1378,0.03206264585150875
1379,0.026802903436187513
1380,0.0346185030215448
1381,0.043188004359834976
1382,0.03725848034969076
1383,0.031083880212041778
1384,0.029812352007513743
1385,0.033784125369894925
1386,0.030670201079335675
1387,0.042234326981449286
1388,0.04887473207022599
1389,0.054371537386920056
1390,0.049244238481390486
1391,0.04021628805957817
1392,0.03558314778080528
1393,0.03884470578841311
1394,0.045878853851186965
1395,0.07393040688819454
1396,0.07154981226153563
1397,0.05935700475201687
1398,0.061383994755341086
1399,0.07464704010238596
1400,0.05916585488205868
1401,0.053138966650138425
1402,0.04840723921744775
1403,0.06665928431274146
1404,0.03679714875212529
1405,0.03472412555574189
1406,0.03860346621115072
1407,0.03699774411782257
1408,0.0668443046555941
1409,0.07149633898613272
1410,0.10399214285677864
1411,0.08115005938790701
1412,0.04183804487070332
1413,0.031048772464346213
1414,0.04058651521492468
1415,0.03482562312879048
1416,0.04020831484698975
1417,0.03749235186716075
1418,0.05067691050991289
1419,0.03109637813403976
1420,0.030888084767977046
1421,0.05566279578212566
1422,0.05630983226874579
1423,0.03453890268795409
1424,0.03294165371996424
1425,0.03578079887155126
1426,0.038684191463591824
1427,0.047508226244248386
1428,0.05381358468223126
1429,0.04382708474293043
1430,0.04076318210466196
1431,0.03117900200216799
1432,0.03241105963373365
1433,0.033401129754850475
1434,0.033838649431564116
1435,0.02789655755264205
1436,0.03592168928496067
1437,0.040304622896558
1438,0.03731536097304613
1439,0.034701109912741814
1440,0.03346884491116163
1441,0.03238310443070291
1442,0.044717091215306676
1443,0.05884477389258802
1444,0.06435667211561585
1445,0.0741406051071245
1446,0.055385984124491756
1447,0.0680695696038543
1448,0.05586385871319212
1449,0.04293746196151401
1450,0.033689254226902006
1451,0.04482340698705256
1452,0.04806892387249004
1453,0.04983501577561511
1454,0.048195060955176394
1455,0.056431796568355994
1456,0.04852110155202358
1457,0.0473781877350954
1458,0.04771173183387692
1459,0.05534905938008555
1460,0.06051113399691735
1461,0.048965980726159
1462,0.035332891272860656
1463,0.034258101649621765
1464,0.036230911331359764
1465,0.03189648041511656
1466,0.05082182398960906
1467,0.04523299658393412
1468,0.03419801699541008
1469,0.04439335241960612
1470,0.05033404398935478
1471,0.059593802136686885
1472,0.06923734662114919
1473,0.06347417410594014
1474,0.05091262527508943
1475,0.034868598366761594
1476,0.043270187732493685
1477,0.04328425634925509
1478,0.03822489443044119
1479,0.033188444861184066
1480,0.03340933119500597
1481,0.059765593579328945
1482,0.049766819481073414
1483,0.04064476115018327
1484,0.03170535961167609
1485,0.03523170264968699
1486,0.03648876574272552
1487,0.056082943196639964
1488,0.04744371706587821
1489,0.03772904431816468
1490,0.034828803909658486
1491,0.07040006246389932
1492,0.07371660540865842
1493,0.06984102928883963
1494,0.04459232779481447
1495,0.03555065513594891
1496,0.038595194035734665
1497,0.06085144338310263
1498,0.04065228569101398
1499,0.027654765161764204
0,0.042844608526542344
1,0.06934800149181972
2,0.05853867029934104
3,0.05425037281884838
4,0.04472838503443312
5,0.09549300899284219
6,0.08522249624701923
7,0.041626438742542266
8,0.07523463436078671
9,0.04154613421246724
10,0.0533788186250583
11,0.08622185382332835
12,0.03766511121946946
13,0.04886905795459975
14,0.047202651227631204
15,0.055988420180313525
16,0.07223520658442738
17,0.12685169130197646
18,0.047587397581467086
19,0.06730902266740828
20,0.061482654988349976
21,0.055588785896543313
22,0.07328810765927181
23,0.07460062101191833
24,0.04984625016780727
25,0.11133671438716294
26,0.09548090216931662
27,0.09076720331040326
28,0.06095154339729346
29,0.045099141006641336
30,0.06896039384058965
31,0.083160992989574
32,0.05020624328052689
33,0.1323885891883243
34,0.05250432616802983
35,0.10623259238432901
36,0.06895602127911998
37,0.0726028118937609
38,0.05090675030124403
39,0.05174893184936276
40,0.05837694699234461
41,0.13715331964692448
42,0.14845606196059913
43,0.042610631792699805
44,0.03894730612710959
45,0.11387531839326834
46,0.05367711602478992
47,0.06978086276532301
48,0.09375865046665756
49,0.09399185614390981
50,0.0852373755077532
51,0.05564093419320416
52,0.06689593096137728
53,0.04911336745333854
54,0.07146837620886613
55,0.056112981966303474
56,0.08278460424995031
57,0.06812524270530546
58,0.14792950617952957
59,0.03883152010979093
60,0.06834391184777794
61,0.11205607562342898
62,0.03810376064846472
63,0.08252599356159138
64,0.22926711738995806
65,0.04359359380779358
66,0.1572751227392328
67,0.09617325224737726
68,0.06530689129446794
69,0.04337808684005063
70,0.04480926142539839
71,0.16014715863582396
72,0.04837689989648129
73,0.05364037700003783
74,0.08808655847696883
75,0.059992739458725394
76,0.10436821915814055
77,0.06637611150926766
78,0.0861416932762382
79,0.03568656030733772
80,0.03919265367166072
81,0.11393937356434335
82,0.025927683229983636
83,0.0479948538127849
84,0.14178423881052585
85,0.06788867467690417
86,0.03260962361458255
87,0.030138289829594767
88,0.049783902324162146
89,0.040331369313293494
90,0.0404029369816055
91,0.05636299181257942
92,0.027411336494649004
93,0.1967505462141496
94,0.03330078501863069
95,0.06174394653745203
96,0.019739627942599865
97,0.045083769460226686
98,0.05808606521458064
99,0.11388213916767316
100,0.06757096719706797
101,0.0229457032750723
102,0.021102241474657363
103,0.06943508714098316
104,0.03033885921063773
105,0.038914988980464284
106,0.07195695252552839
107,0.13528178531733903
108,0.06694399132022759
109,0.07733000119435768
110,0.05645825360553847
111,0.09393151080893707
112,0.026870055163131536
113,0.018775890866594903
114,0.08477361750084501
115,0.11011846218720088
116,0.020826053596828563
117,0.024965223381451646
118,0.06584616821815359
119,0.024184542324072217
120,0.015636530222020828
121,0.1360514010085984
122,0.04776285224565653
123,0.05460267454185804
124,0.03193796127075659
125,0.09272128387197831
126,0.05706750848854601
127,0.0818046885876473
128,0.030970520530176977
129,0.06249378693607385
130,0.06294815405535852
131,0.04034637023295002
132,0.048633940359558564
133,0.0325654997383734
134,0.2365419107278486
135,0.03314397456364463
136,0.045544840759018886
137,0.07331323559928901
138,0.08192322542135572
139,0.17031137551508405
140,0.03212991919756557
141,0.13788607066398634
142,0.0644191226081407
143,0.12604223365933379
144,0.09019409643738147
145,0.030501325083981595
146,0.11697189583177976
147,0.03335973425217503
148,0.08133488669259911
149,0.06400584549619438
150,0.024397099623473795
151,0.14583063173289168
152,0.05026476050329888
153,0.04471803880358989
154,0.1765885501838763
155,0.029682206928139162
156,0.06506601964493412
157,0.0597574266794539
158,0.08292196650351943
159,0.027422450264936525
160,0.02858885736769958
161,0.07379012926291953
162,0.04567035901681333
163,0.06961006759359402
164,0.027949355386372714
165,0.02304026945680743
166,0.1372346228153438
167,0.12713918442109012
168,0.14042375701554868
169,0.04893802747018868
170,0.12472791952098114
171,0.10049111610156354
172,0.06708026060004565
173,0.14348412251129555
174,0.0465542316245321
175,0.038922191408350196
176,0.09718253655183035
177,0.06448772356067896
178,0.021107873275288014
179,0.025546462127882974
180,0.024435814515873615
181,0.0888334799935097
182,0.08847889599595275
183,0.015889082976573696
184,0.0823284094404423
185,0.025028409514319644
186,0.09230130155767666
187,0.012778580864017824
188,0.02561071415196941
189,0.09212404832245456
190,0.07558026695520598
191,0.09430675487520652
192,0.12879265913809004
193,0.15290364703878664
194,0.059647371240290355
195,0.019671441531679854
196,0.05384494947650479
197,0.060560488358324505
198,0.018933146974571553
199,0.034234305757932765
200,0.1711887573527746
201,0.018721872609246255
202,0.121684715737537
203,0.15652643040371766
204,0.04388311295079158
205,0.1607722514730079
206,0.09333939863740608
207,0.057616958681798724
208,0.06276084617493517
209,0.05302633834211831
210,0.08162420351316887
211,0.025381777430491286
212,0.14546967183753218
213,0.02807123271581286
214,0.025917694557788737
215,0.05251312611180958
216,0.059351961741696616
217,0.092909204996053
218,0.0593813276198832
219,0.11583471859233736
220,0.023447465532273726
221,0.07972749241181955
222,0.07292889417770557
223,0.08435445545304297
224,0.043024317461261355
225,0.07943003423996553
226,0.04258655232695457
227,0.1273066626525246
228,0.11780269482073318
229,0.02673522618520088
230,0.15975699097148305
231,0.06111411397484221
232,0.03170430346994127
233,0.08001646952586222
234,0.10519605944873121
235,0.04331534367096104
236,0.0936100760042811
237,0.04304382399789449
238,0.10167482194147831
239,0.12294455425861932
240,0.0643808520825134
241,0.06549698317976962
242,0.14512281942250857
243,0.07515594966322577
244,0.3794022972832094
245,0.02454320288050198
246,0.03819294773821216
247,0.1591037563236995
248,0.08901585551350263
249,0.025438825758042877
250,0.03379616586374866
251,0.21283312833143153
252,0.06609346359620244
253,0.09702904089355258
254,0.08652198440870368
255,0.05014476194641598
256,0.1275182328058798
257,0.06784035298567079
258,0.05139938857357572
259,0.1719489688003876
260,0.08823815013509172
261,0.056070779314043875
262,0.12604082791357263
263,0.1167203136317206
264,0.19562499120877544
265,0.031555950014136885
266,0.027371402760408056
267,0.11172085432704393
268,0.12525273659890926
269,0.17385804983624784
270,0.040864842332317165
271,0.02324238390663054
272,0.0753697025881395
273,0.06477301462369997
274,0.12121239565327072
275,0.25492794006346164
276,0.03395034309073191
277,0.11526757692702938
278,0.1944173742742114
279,0.04054614725884262
280,0.06564040694161703
281,0.03765241928684154
282,0.015245607284239503
283,0.22773132191052264
284,0.020659580707312112
285,0.13349913210324063
286,0.009464563157670502
287,0.0864237627216782
288,0.06152210238483533
289,0.05214498708058267
290,0.07106930610386869
291,0.06310702226882481
292,0.057353337266236495
293,0.02762377969758167
294,0.16858054256396043
295,0.06595281347113315
296,0.09173748479600942
297,0.04396243290950163
298,0.0898952417011024
299,0.30054626272886187
300,0.11819246621045087
301,0.04708532601376247
302,0.11694696793817645
303,0.07821908779212375
304,0.06945378042301822
305,0.09441020804736847
306,0.04878702066636062
307,0.33964646388258357
308,0.04413242267519617
309,0.020053906294057844
310,0.22812757819905627
311,0.117685937842105
312,0.06838607987619626
313,0.09874123821772593
314,0.20542071324635722
315,0.045373383100756996
316,0.04988605377321331
317,0.09669505404329916
318,0.18823750209193735
319,0.12643347030036717
320,0.07143623148144994
321,0.023079771227681515
322,0.020984520581052886
323,0.21162429243490063
324,0.010031798926685192
325,0.008213138859973958
326,0.08262542873592929
327,0.04993521192513989
328,0.1380743423815811
329,0.03389009713816277
330,0.0942434389112961
331,0.0837547613318015
332,0.04177673286120603
333,0.06691380673971076
334,0.07564914017735273
335,0.14313989700243743
336,0.02420376676180821
337,0.08476231218540882
338,0.6097942860213994
339,0.11781196378006985
340,0.19320876751871036
341,0.009870662727005684
342,0.09714218555845418
343,0.28988118510239674
344,0.11651261892027881
345,0.08724884884802486
346,0.06664183025769792
347,0.07145885828650599
348,0.07224092725609324
349,0.16618522409282643
350,0.038695538688225506
351,0.02124150632944944
352,0.05226408637303786
353,0.1204228620854155
354,0.13588648951523413
355,0.16786563059137155
356,0.028643412989574995
357,0.11329299776280743
358,0.2726364701898329
359,0.020144931828707188
360,0.2069478569948189
361,0.04750923626248232
362,0.029089480724191624
363,0.23382716219749763
364,0.0452497475608547
365,0.03372808754769111
366,0.1054793470295821
367,0.051028259823754765
368,0.02954679565031836
369,0.08018317682072326
370,0.013629075563640958
371,0.11173066790354291
372,0.17121815230460086
373,0.015114273615320797
374,0.1770098581945387
375,0.02673869652847533
376,0.09234934393597033
377,0.11438920621626748
378,0.0778111069457893
379,0.07305850033013456
380,0.07249068851241759
381,0.024795600881184376
382,0.0672800581630895
383,0.078016596673763
384,0.13403000429552153
385,0.04875752695538919
386,0.11498056629221755
387,0.026704848067109873
388,0.1612976533213049
389,0.03416129186799331
390,0.055147446539909814
391,0.151858097035024
392,0.08140435025777226
393,0.024294950229597115
394,0.06385214630000129
395,0.10482374459271214
396,0.04319914245635252
397,0.02750542256417025
398,0.3891555721832011
399,0.021324495768753924
400,0.044541916972882595
401,0.03801554136747751
402,0.08104646058902663
403,0.11820464197533011
404,0.21595749071490306
405,0.14815044010902675
406,0.15112408818131737
407,0.12189787023515979
408,0.261365459740238
409,0.0908226066665745
410,0.022825647644965138
411,0.17364969294068022
412,0.05514995314863694
413,0.012657682406806734
414,0.20515791346919612
415,0.19340032098598076
416,0.10729251122475505
417,0.13890755915099084
418,0.029687090085066984
419,0.25732010744555617
420,0.1777590310697849
421,0.03717586243762927
422,0.09482408077244248
423,0.03925411713758375
424,0.1612440436414303
425,0.11900069609446481
426,0.09507495634448933
427,0.05921720305838901
428,0.21404722325178027
429,0.0684716234392923
430,0.056102783785652505
431,0.1561091334152537
432,0.135177972266388
433,0.028319328179594656
434,0.1027796894311686
435,0.037899615233211156
436,0.0700478389208892
437,0.15707654559483786
438,0.027331017075862975
439,0.15053431731142958
440,0.1583248810855703
441,0.054429248765134365
442,0.06522679708764857
443,0.14124668133179893
444,0.16606563847645348
445,0.09464780576073195
446,0.04252849304099384
447,0.09213047535620252
448,0.09092858147410565
449,0.02035138562241625
450,0.0878123739047229
451,0.1184799498622167
452,0.2774686488034694
453,0.15853270333097358
454,0.4106339643225934
455,0.051405169415568525
456,0.028182551953059215
457,0.2908836680349196
458,0.04479869329971994
459,0.07534905637049365
460,0.10802189918665253
461,0.06168138796306024
462,0.09872045684149164
463,0.06358371231208632
464,0.03424673588858149
465,0.06283700593269308
466,0.08128281393050557
467,0.06408343628014036
468,0.1410261904654161
469,0.12430794056966658
470,0.059327862046225206
471,0.1307521512567903
472,0.044107226620141174
473,0.17106102071219126
474,0.03523804914459108
475,0.07677755911922747
476,0.14793096245485315
477,0.07226407081518291
478,0.2188300314139855
479,0.041559402297925166
480,0.06053484100195934
481,0.12380583138583666
482,0.05717249854954399
483,0.11313057173079981
484,0.12262865061766827
485,0.03751962014249462
486,0.245463871773116
487,0.17855216790585304
488,0.10795712745318792
489,0.21429885725725434
490,0.03744602112419667
491,0.3425655973532309
492,0.10733939433430792
493,0.1567056485725184
494,0.03353108139489324
495,0.12423127453467955
496,0.07906216660128769
497,0.20240807058561153
498,0.036746912881465574
499,0.0441884358042311
500,0.13470934057701975
501,0.03661912219879325
502,0.17402378724953396
503,0.04586159819442939
504,0.07427308186418512
505,0.12200668139115392
506,0.02477699095717403
507,0.3029044797782817
508,0.09053987755916978
509,0.3709069700010656
510,0.16245159503717013
511,0.09535716933397605
512,0.054476407270345965
513,0.15114814207288213
514,0.027556733107025836
515,0.11013731658103525
516,0.2169241031555599
517,0.17717580663301755
518,0.0632666717158228
519,0.23826679842096
520,0.06284754209639228
521,0.20084506204714211
522,0.08007366109540207
523,0.13737365149616584
524,0.13602024924381678
525,0.308820677465557
526,0.062034143756748164
527,0.061180986085480615
528,0.10321677197277879
529,0.02189071739163966
530,0.07755468769669456
531,0.28890723804256224
532,0.1733046750363634
533,0.1946666323089874
534,0.24630805880016024
535,0.1569206110870431
536,0.0685309437105179
537,0.10523305926709443
538,0.3009022905629952
539,0.058754379087736834
540,0.05014347254267512
541,0.2992136552380897
542,0.031764284861523204
543,0.43005578079604295
544,0.0484361813455538
545,0.10347694952156111
546,0.14327558012643757
547,0.0269283807701948
548,0.06532831069293574
549,0.22623866838908172
550,0.12063144820323332
551,0.036430171255768286
552,0.3852205396613912
553,0.18108985529082833
554,0.2426168446959738
555,0.06845756119623524
556,0.14487253117032878
557,0.03166426081489214
558,0.10100817261818892
559,0.11529868106345277
560,0.09048365715928856
561,0.02533249623003563
562,0.08794440438154759
563,0.10320223184348161
564,0.19409975691772396
565,0.04932937111918224
566,0.13080400564324185
567,0.19369998176212724
568,0.20831131974145073
569,0.05925934042868533
570,0.11015578976723489
571,0.03560268843834197
572,0.03370753894294124
573,0.4362679891086269
574,0.0974336137101909
575,0.09641715821450017
576,0.10489873283457136
577,0.34911274751722654
578,0.1455076409777027
579,0.0627054026068586
580,0.09557667092826523
581,0.07448797406666842
582,0.09693481311636644
583,0.07420455334813637
584,0.38854100094080396
585,0.10182165050217346
586,0.0802291733265689
587,0.05796495976204901
588,0.09102481411941749
589,0.2805147103968008
590,0.15073092800089524
591,0.06998381106020449
592,0.16598194192134622
593,0.10183872664309816
594,0.10214793936754644
595,0.03156975619980519
596,0.2263772833503856
597,0.33599529857150345
598,0.03275372435847655
599,0.4519516831760793
600,0.08387626334415746
601,0.0699246755304981
602,0.07712201836586323
603,0.04186001866844808
604,0.21716210334478092
605,0.0356202113807556
606,0.23508029753578294
607,0.09463918625540821
608,0.22748537471843042
609,0.157421818768273
610,0.08525856690518599
611,0.28188545707374496
612,0.03216670308072818
613,0.10088110879375467
614,0.2582258846615289
615,0.13469500370068113
616,0.11815109685421135
617,0.39808482025990344
618,0.06500006930271827
619,0.037693797851577025
620,0.47015955839939927
621,0.017032280056807077
622,0.23121458046019766
623,0.09052315351721177
624,0.16526541658270089
625,0.14171901365576753
626,0.042808289798503436
627,0.32085524253420467
628,0.2387203809394342
629,0.1774141281362233
630,0.0875213862042697
631,0.16578086522897056
632,0.2948578536697815
633,0.24007491287960916
634,0.26866410290502823
635,0.044969104234916464
636,0.0658751485019024
637,0.48587799629256306
638,0.2207220793954707
639,0.186690722412285
640,0.1680898160846631
641,0.06131653620046409
642,0.2587307493436844
643,0.12548680433583623
644,0.020146899221242864
645,0.26902350115387647
646,0.07190990232794216
647,0.33623082331216475
648,0.06699375872632547
649,0.08423749159442259
650,0.15544826510015106
651,0.05650603015178307
652,0.05466148396722888
653,0.15061707008812378
654,0.13279563727807778
655,0.5111980756342688
656,0.1238326599321371
657,0.2951807696118577
658,0.24257414554706455
659,0.5018388619744728
660,0.11304776378414849
661,0.09468165673632065
662,0.024620642100805754
663,0.023724794697555323
664,0.26395028332081827
665,0.11529531170202019
666,0.026498274738278208
667,0.5003021973417504
668,0.08410383191307344
669,0.10174788867735186
670,0.15742310239976273
671,0.20414976559577822
672,0.36118670186432467
673,0.10896376474946995
674,0.02752056378519188
675,0.3597582185539873
676,0.28631925557752613
677,0.09616266447144815
678,0.5310376517495186
679,0.07823522148896275
680,0.20098167740258036
681,0.09388647413912096
682,0.12953915702041172
683,0.22519202787203377
684,0.10831832267719751
685,0.062029725840325935
686,0.6210748148484241
687,0.1887073557031654
688,0.040043632388210224
689,0.12537713543649714
690,0.042370310238663625
691,0.09563796978730689
692,0.13106668290169524
693,0.053187929194264225
694,0.3877581051748748
695,0.08788309295205984
696,0.038296271347726986
697,0.2794703526883452
698,0.16732738468923258
699,0.31709083740804833
700,0.10527679871924996
701,0.14433986937469304
702,0.2752102941188607
703,0.25437461236474085
704,0.4469264554990361
705,0.26186632638321244
706,0.09678946861232983
707,0.5212115662595174
708,0.3613717758419827
709,0.14204987627683516
710,0.16094692267696895
711,0.2608760294139711
712,0.8387136910325693
713,0.2364532720110119
714,0.17423445655457745
715,0.47919357175602306
716,0.32725648424508663
717,0.18893670015548672
718,0.05142719280783442
719,0.4702609863324229
720,0.05092067720964714
721,0.08826739192486202
722,0.27503943340137516
723,0.4350026725357207
724,0.3640506663935017
725,0.025356435459999188
726,0.3546710209391482
727,0.4057991467184696
728,0.36292778159282846
729,0.04722766626576514
730,0.2904679537497372
731,0.2231366265757149
732,0.18690102382636722
733,0.05337827982504439
734,0.20621345014994466
735,0.03046043822777035
736,0.0708634435840921
737,0.5383361707722669
738,0.07421922691346629
739,0.847572098649307
740,0.3394385905063271
741,0.39655966889254735
742,0.39458338761670925
743,0.0972886090466523
744,0.03754984762610589
745,0.09880976512088041
746,0.06979041813871398
747,0.0781352482330275
748,0.2817587331560313
749,0.0470167005088402
750,0.16438418464097646
751,0.2962667569922247
752,0.23918920767224872
753,0.20419030695094167
754,0.15953101973453598
755,0.5988209122765263
756,0.13877787184453866
757,0.14201296374108144
758,0.31547644388168644
759,0.05163071630561808
760,0.17183280691919048
761,0.4128805220603776
762,0.04483829998722459
763,0.16039259314308715
764,0.17369436052526474
765,0.09089369981340882
766,0.2540137096685604
767,0.04201697212903416
768,0.4589140586611871
769,0.06723575910966118
770,0.18558810525216426
771,0.28999912131845496
772,0.08272214974317062
773,0.3516873063662065
774,0.6047667775886979
775,0.11352428120384866
776,0.14845672965278509
777,0.16741021350739266
778,0.17215595880101822
779,0.04025768851679827
780,0.12271650910176597
781,0.1183790790742125
782,0.05177757867922223
783,0.30697766702297125
784,0.39667105625959037
785,0.08779357344093464
786,0.12446129163248763
787,0.08472630680286078
788,0.0874727709376576
789,0.16324521024116107
790,0.20218721541131396
791,0.2606952013536421
792,0.06212456996638474
793,0.1829404360380728
794,0.08027455737174138
795,0.2793242003095965
796,0.33712404202804136
797,0.09653304263615782
798,0.22470415839883698
799,0.4344495103923667
800,0.1493539861801606
801,0.04227891000644488
802,0.17224633135149936
803,0.12022020558644234
804,0.07621182474139532
805,0.10955070970931535
806,0.46987641694401483
807,0.08868119402608028
808,0.14754032971344636
809,0.03596781098171972
810,0.11931861505939946
811,0.48911032933036447
812,0.7093100296052344
813,0.07708558852219152
814,0.2548079672287274
815,0.3362513931657885
816,0.2255759754714276
817,0.04478255299996601
818,0.40609295167329285
819,0.2157006889961057
820,0.12427463656604246
821,0.20822705780116185
822,0.23477082251434153
823,0.06713636420305766
824,0.32518227055493887
825,1.1513037044354395
826,0.12383946862030021
827,1.0912107682267673
828,0.4392140672248159
829,0.9396101768916815
830,1.3966887319490393
831,0.25187671576781157
832,0.5473126916629546
833,0.5034835305481711
834,0.10281268508345795
835,0.16226094576642483
836,0.04297553147586208
837,0.957216696083084
838,1.017271687113289
839,0.18217053175887354
840,0.39327930871514527
841,0.3513928990241733
842,0.39493919636106056
843,0.46066198267527964
844,0.1094674724899742
845,0.32089281662554214
846,0.05292580682814222
847,0.20955278656839588
848,1.1049555820772414
849,0.052235958508909434
850,0.9366911924919117
851,0.21695760564111466
852,0.2861721242793204
853,0.9383509955997305
854,0.22726113253832642
855,0.4467458640076362
856,0.305946437148658
857,0.4278958167529241
858,0.02266102946068385
859,0.8706402936537534
860,0.10946535406926666
861,0.9313927864432823
862,0.15354463548926728
863,0.5545496217670851
864,0.9964775486748516
865,0.15153648286296106
866,0.514333763596614
867,0.359491999812723
868,0.030454870850944622
869,0.8234460663866532
870,0.280668731931536
871,0.2910719608747753
872,0.2588237856366278
873,0.6217856828018495
874,0.09673121653926198
875,0.16605518409552525
876,0.18791426310973774
877,0.2390317608457004
878,0.1527821841615171
879,0.15298103205630795
880,0.09669208779224159
881,0.45564210349192236
882,0.41246135963936387
883,0.14422081150582858
884,0.05770358547609886
885,0.1421307801255707
886,0.9253220268900135
887,0.20332728157737284
888,0.6352103698655094
889,0.48231380066070595
890,0.11218536728220929
891,0.35115229806718545
892,0.6063332729245593
893,0.047248340740099905
894,0.42267127385920356
895,0.7217655805060154
896,0.12328516396531074
897,0.7033451067536615
898,0.46690441021055523
899,0.12208173820889015
900,0.20601576899162652
901,0.6283712793603777
902,0.3219099499113654
903,0.8244356618972448
904,0.1531572645115299
905,1.250217103081041
906,0.4924195438592848
907,0.09643241527372673
908,0.6542051642992758
909,0.5704603366123295
910,0.08434073902690173
911,0.7738113683926418
912,0.3970103738185684
913,0.5524113167782997
914,0.5812647450597241
915,0.439165825873597
916,0.6182050446269264
917,0.14318459852414708
918,0.5753146736762386
919,1.4584129608221854
920,0.019017153752096984
921,1.2080130053540834
922,0.3350554326867682
923,0.2375192864850478
924,0.31194218392851547
925,0.019955985886125585
926,0.014207959415835148
927,0.2542841878524083
928,0.22811383554490736
929,0.2196911140706739
930,0.18920552601406224
931,0.67893535450566
932,0.25937039063264056
933,0.17884115842995196
934,1.117764196795944
935,0.2527603775565248
936,0.49569469222751905
937,0.18068369023672814
938,0.3920977015964306
939,0.6565217928139259
940,0.029261510439247924
941,0.611001518505513
942,0.10738085519964688
943,0.11074751615682885
944,0.5126891176252846
945,0.09617128337481654
946,0.10380572765488251
947,0.32609593882344196
948,0.11650557656264532
949,0.14877831623699556
950,0.17548989266655587
951,0.1827590024422906
952,0.06264174586468849
953,0.4987429654550413
954,0.19630428978467077
955,0.35128444219641103
956,0.3105856343731571
957,0.21125806669549224
958,0.04314543993304883
959,0.08965265258676332
960,0.3690945520579145
961,0.0777699631070826
962,0.058183303946361516
963,0.506941469455219
964,0.36849641049006787
965,0.02238431089538655
966,0.13141684519284907
967,0.15086084875582095
968,0.04419328596492574
969,0.27341686091765466
970,0.15451381528463706
971,0.07306115231146838
972,0.22630015508549595
973,0.09926712638352794
974,0.36723239437177474
975,0.18429129424593052
976,0.2813715029866406
977,0.07240946241907588
978,0.09168127722050336
979,0.23058347902416534
980,0.1592556599361006
981,0.018140425764737983
982,0.18359836807097515
983,0.5960532398560582
984,0.7309522550835089
985,0.04947714640561781
986,0.24060437777157453
987,0.39483086165748194
988,0.3109421419729582
989,0.032582283384832864
990,0.4344376740579106
991,0.17245938943281175
992,0.1167101554361308
993,0.35432325795021435
994,0.7436623008414621
995,0.01654158175937061
996,0.6424540918807568
997,0.029605163177011617
998,0.8576466147214913
999,0.5205539342130947
1000,0.20674318653782597
1001,0.4948047603264219
1002,0.1739550319694438
1003,0.32676008661989225
1004,0.5254072991875575
1005,0.09258383093419022
1006,1.1870676754956566
1007,0.3096887647112796
1008,0.30847480975193053
1009,0.043429983335250395
1010,0.8123012516543964
1011,0.01777293861650222
1012,0.023171349534152206
1013,0.18239159673074493
1014,0.036604066788356523
1015,0.14551238663315985
1016,0.060330284090071414
1017,0.08853643252590304
1018,0.06295798085527941
1019,0.18477994621128854
1020,0.06238903365383512
1021,0.08175110802579239
1022,0.0950490070509951
1023,0.04953082262207395
1024,0.2334813674996205
1025,0.2985195264278483
1026,0.11945547268018138
1027,0.43498072528019477
1028,0.42802620635910243
1029,0.19875016891829464
1030,0.11584759318897818
1031,0.43721188766084407
1032,0.36968158100873716
1033,0.1600385923285536
1034,0.06138046034279321
1035,0.31950974436802637
1036,0.4844026678226779
1037,0.019273237760117586
1038,0.728674122153914
1039,0.36524298752580026
1040,0.1720142108113268
1041,0.5111836667482188
1042,0.11757913999412471
1043,0.3272310065689343
1044,0.9299545793123202
1045,0.08742482964272394
1046,0.5824927858550988
1047,0.8259531298196396
1048,0.07397856316009886
1049,0.39665374748351806
1050,0.36879557480926617
1051,0.06944398275107995
1052,0.19080272381726376
1053,0.39808769359202534
1054,0.21819718915039343
1055,0.10245941477776906
1056,0.45190795493961067
1057,0.04610828538157639
1058,0.20084841565288583
1059,0.05992542581550379
1060,0.05158207583293153
1061,0.08834638040279173
1062,0.12025076656778436
1063,0.0595984012264046
1064,0.5680614327300944
1065,0.33884186189267956
1066,0.6093597439660136
1067,0.41608059289324373
1068,0.012095496088035944
1069,0.5944499558189467
1070,0.01982036127934839
1071,0.2652825724181873
1072,0.35152285262591476
1073,0.05367833656907683
1074,0.2995021672663328
1075,0.5085087640573381
1076,0.03583614961257587
1077,0.7931841995214665
1078,0.12715468428190724
1079,0.348225855127138
1080,0.3669066447338484
1081,0.053663040555368045
1082,0.2790470990178402
1083,0.1535511729514385
1084,0.050129141928525994
1085,0.05829893810175774
1086,0.23313487089382776
1087,0.11918112588676417
1088,0.09285197796474884
1089,0.29917220582458726
1090,0.30977363308206135
1091,0.06604737645840941
1092,0.2800017819395244
1093,0.26550502493935185
1094,0.14284560080043598
1095,0.04607016991661871
1096,0.054269049328325346
1097,0.22839022311929874
1098,0.25624999119017733
1099,0.23724577648865666
1100,0.029478167155608845
1101,0.2221278230752078
1102,0.07498984423334598
1103,0.026538449446819566
1104,0.3060335417274272
1105,0.04728510600324336
1106,0.0715972407749854
1107,0.14323230880676505
1108,0.04761421398356698
1109,0.027374583324855182
1110,0.09472996869558833
1111,0.1579009215102606
1112,0.07931446518673572
1113,0.3408596509220851
1114,0.13561647454770936
1115,0.061481115635031676
1116,0.06017208558478984
1117,0.020548557870788926
1118,0.5313005712353815
1119,0.2295675697005799
1120,0.253524008793737
1121,0.09628700059118489
1122,0.24287642576289759
1123,0.05658487346604282
1124,0.03046788960222467
1125,0.33742600821959484
1126,0.02173571726757935
1127,0.01926293425273112
1128,0.31266571587804365
1129,0.27208683011353413
1130,0.1676187513360092
1131,0.09089470255217146
1132,0.2552467378624484
1133,0.04219756605644721
1134,0.04625653215924913
1135,0.1677248438533659
1136,0.6237613608989608
1137,0.09468573738569987
1138,0.21103703617997477
1139,0.19763244659247076
1140,0.11347528797395091
1141,0.03639058282709616
1142,0.10347057205558068
1143,0.11042161673314754
1144,0.11521280658019181
1145,0.024603202887372597
1146,0.2226631053492104
1147,0.0595894784520651
1148,0.39129604587017364
1149,0.04819595483744311
1150,0.42096303910298993
1151,0.0828752943791973
1152,0.1591526456241831
1153,0.08004766998671839
1154,0.17587028610521763
1155,0.12049782085245726
1156,0.038831565233291225
1157,0.28858732690424843
1158,0.15958108622879877
1159,0.02268679278882887
1160,0.2301533969628589
1161,0.07203170157276613
1162,0.18458776707402516
1163,0.1764552496358122
1164,0.034327991662699765
1165,0.20034580668048493
1166,0.14621714809721092
1167,0.06778544208807255
1168,0.06641389489322505
1169,0.09321746114296402
1170,0.11704220338514242
1171,0.10456279322345062
1172,0.0815009170605657
1173,0.26237295284369166
1174,0.2135005523623906
1175,0.15908498504059962
1176,0.046471953133555795
1177,0.026670742153787057
1178,0.3266054354253887
1179,0.02518920980594968
1180,0.2084910452734466
1181,0.1676942038005058
1182,0.2630464460522525
1183,0.17771180753110033
1184,0.06815612163535818
1185,0.22721537162481173
1186,0.08572851914630901
1187,0.3016355115797191
1188,0.23209408663410505
1189,0.024402554680394917
1190,0.14116588087972023
1191,0.01745353726564659
1192,0.10862154529910638
1193,0.194630903551823
1194,0.08122618521764773
1195,0.064452605517494
1196,0.2255914371810803
1197,0.08007635597451958
1198,0.09426323366367396
1199,0.02478069840802296
1200,0.030378575112350866
1201,0.1385033685499732
1202,0.10716198860664185
1203,0.14888528166422785
1204,0.06573022247512098
1205,0.03847390130680809
1206,0.21913472538263487
1207,0.03150353205770817
1208,0.0414608010227061
1209,0.1672756387917694
1210,0.027089989564443976
1211,0.03977240226692644
1212,0.0860027125310615
1213,0.2032311454690212
1214,0.060333299526611574
1215,0.06327285093789521
1216,0.06044625506563573
1217,0.43364619056940346
1218,0.2200849230967007
1219,0.08164949392455154
1220,0.08084983988015614
1221,0.14710390911304172
1222,0.026788970116512736
1223,0.2657410063882589
1224,0.09964800447387323
1225,0.40068514027111335
1226,0.31762630730380925
1227,0.03388837908922985
1228,0.24098516134795236
1229,0.15637554511093638
1230,0.14263388309803485
1231,0.053805991204688645
1232,0.09801683447053097
1233,0.17640692348519504
1234,0.07209719422200309
1235,0.026917345902424006
1236,0.22777130214341368
1237,0.05233939958282451
1238,0.02399735352504911
1239,0.06954913133113069
1240,0.26727963601647636
1241,0.050349467489116576
1242,0.17147190078146549
1243,0.21450303133590393
1244,0.024767052051428134
1245,0.222490082082684
1246,0.02030889980939262
1247,0.06076467472120991
1248,0.038425218347237236
1249,0.3785048698167329
1250,0.08188039945269505
1251,0.0803493537549301
1252,0.05313545618505286
1253,0.028931316077683438
1254,0.38018913121697034
1255,0.17844248490897366
1256,0.2508902824204382
1257,0.21758725937739282
1258,0.13000263452514602
1259,0.04052813848315989
1260,0.08650706631642055
1261,0.7697969167540513
1262,0.1939580547266218
1263,0.6772458014622695
1264,0.0574939337045823
1265,0.3123830373765942
1266,0.08902554461986753
1267,0.09551057711828358
1268,0.3106637089654103
1269,0.2693419247055744
1270,0.036059768139725494
1271,0.3074306961947511
1272,0.19430575537309389
1273,0.22057312663847306
1274,0.06246854455338912
1275,0.10407337570006667
1276,0.05511166278551931
1277,0.29368849221256843
1278,0.046635848253305336
1279,0.15976623473952223
1280,0.3253365105577122
1281,0.08088331183651555
1282,0.16542520331551533
1283,0.03466268068690226
1284,0.05190054185294738
1285,0.15385181952293625
1286,0.06298334229666949
1287,0.06558979173893054
1288,0.14491479146891542
1289,0.19612966163201964
1290,0.1587235011156193
1291,0.22545233528289524
1292,0.020529287935883805
1293,0.03079521748484483
1294,0.1739054262296437
1295,0.20247662229171634
1296,0.03105926821799052
1297,0.42505369657075615
1298,0.08964268364116874
1299,0.1192870658959328
1300,0.3864146947233434
1301,0.38006520032791025
1302,0.05523042130101745
1303,0.07851255907242956
1304,0.02447846546506201
1305,0.04843496575276304
1306,0.09350641528265792
1307,0.09520018407923508
1308,0.0879153240979031
1309,0.8515968299178636
1310,0.6466529058969773
1311,0.20631740817044783
1312,0.36935761342327994
1313,0.38009870402947515
1314,0.04437761885175987
1315,0.2649467163153548
1316,0.057008537372251554
1317,0.029091317529760432
1318,0.45191442984511043
1319,0.042341389611300094
1320,0.12957536011967055
1321,0.1422205029744794
1322,0.15702687093416146
1323,0.24850448517404822
1324,0.10427715406739009
1325,0.447867306077168
1326,0.227719148078116
1327,0.5360955187630652
1328,0.5414738996695599
1329,0.18839013339162775
1330,1.0690396363485986
1331,0.06851236905768333
1332,0.5112890823640367
1333,0.3834718826332358
1334,0.024496603432494952
1335,0.6913454888235556
1336,0.04147645199500679
1337,0.7497462081635701
1338,0.24858780441880932
1339,0.33332229433509014
1340,0.2602735034778122
1341,0.3900898190786958
1342,0.2934532589778227
1343,0.17149788757219814
1344,0.1648209221494559
1345,0.3283307860276435
1346,0.27991283852833365
1347,0.4844522987249978
1348,0.12450927807854241
1349,0.3585983762379202
1350,0.06386616313845923
1351,0.5108125339752425
1352,0.6001669418355045
1353,0.17325579438761834
1354,0.5020542704753713
1355,0.5044545059878772
1356,0.10329069135817978
1357,0.47984757713031195
1358,0.13236987475807874
1359,0.2299750853194838
1360,0.30993884144521316
1361,0.2212302725332682
1362,0.03838935424390218
1363,0.6571857114563534
1364,0.21189009102437326
1365,0.137685448608747
1366,0.5747566805611476
1367,0.11883768006652108
1368,0.07669302594057484
1369,0.06628742841494675
1370,0.05747090221393588
1371,0.18259709909182875
1372,0.26269172887617526
1373,0.016685970294284563
1374,0.1835596132624047
1375,0.11933424205813976
1376,0.06301129565365218
1377,0.23388506378002413
1378,0.16871120720192498
1379,0.13514872957773372
1380,0.22639641957890805
1381,0.049540967495429605
1382,0.2866187802222705
1383,0.0448166889658619
1384,0.24918288370201008
1385,0.2876442691072831
1386,0.17813580882504115
1387,0.48252866779985554
1388,0.8841289352662021
1389,0.25137647487496867
1390,0.29043084091838856
1391,0.2289587230373847
1392,0.03047036062347741
1393,0.19759908832188616
1394,0.35255335930413956
1395,0.5532907183198975
1396,0.1871977395789122
1397,0.970883014265243
1398,0.6769014100788204
1399,0.3511604429186534
1400,0.3896519141569318
1401,0.06887434751863228
1402,0.7291575425330434
1403,0.6450334363312781
1404,0.3532703403004789
1405,0.3536873049303648
1406,0.31063629671660437
1407,0.4279317060598157
1408,0.5859211321245144
1409,0.27392699047227537
1410,0.09818666593110097
1411,0.8189893235000494
1412,0.3326799486590979
1413,0.17392304522626
1414,0.622627825541176
1415,0.03695281657615382
1416,0.8455226717098445
1417,0.4098125885066357
1418,0.25487996302113824
1419,0.6256281315251994
1420,0.23761799124219316
1421,0.3543864173443547
1422,0.7863818042740263
1423,0.15984399215031003
1424,0.7002918234754346
1425,0.18877717908667904
1426,0.5330986325405797
1427,0.15844230954288852
1428,0.16923051776208708
1429,0.35213811189919636
1430,0.14852365969300985
1431,0.02465671445465493
1432,0.5394352849515882
1433,0.11325197949524941
1434,0.20650158825762738
1435,0.25317493209284186
1436,0.23279644820542222
1437,0.22548040322585866
1438,0.18842828216236016
1439,0.017031334271314102
1440,0.6995860619351991
1441,0.310659223971316
1442,0.34626350768487546
1443,0.0828960870259934
1444,0.9849921019907156
1445,0.029726446688632804
1446,0.029515266546900593
1447,0.5093618477654207
1448,0.3057792513622919
1449,0.09881571265063994
1450,0.024091233727993044
1451,0.3230855006740343
1452,0.07771819192106996
1453,0.2654526998153967
1454,0.06260597544675187
1455,0.222910391669397
1456,0.12044396730854195
1457,0.10086731943518616
1458,0.4704959252985066
1459,0.07219893249108816
1460,0.30923960678412715
1461,0.6016595242112708
1462,0.2599091608871488
1463,0.25367188172505384
1464,0.45120562913099177
1465,0.11045906013746365
1466,0.5496723657184209
1467,0.3600734563413074
1468,0.1769629311318066
1469,0.34831011147794
1470,0.2600851285056516
1471,0.1999410810873156
1472,0.33383089387776127
1473,0.2309747947312747
1474,0.03604359767319071
1475,0.13319825807694147
1476,0.20660334436791641
1477,0.192298864130921
1478,0.27828212001941766
1479,0.21861729374730193
1480,0.13038496074419312
1481,0.2618268939795001
1482,0.023409592486994816
1483,0.2890097679873121
1484,0.03863977587993389
1485,0.15018570430065206
1486,0.2726450135859357
1487,0.02176421263917426
1488,0.024034732522525217
1489,0.2942389386450719
1490,0.18684909913881434
1491,0.47308084898448777
1492,0.2148514524914186
1493,0.31701066176533044
1494,0.09322638029563009
1495,0.09292128190586932
1496,0.2673021880006683
1497,0.20179584392351319
1498,0.20569018972216824
1499,0.08052078356557807
0,0.05479945777843443
1,0.046544167724860475
2,0.0560719962439822
3,0.05384192291062448
4,0.04495460742767103
5,0.07093485645430499
6,0.07776462928399205
7,0.04432487102175282
8,0.05805256525881898
9,0.048944932093599354
10,0.0452200236736802
11,0.06264822541796267
12,0.04032385234668523
13,0.04474926375337794
14,0.045819871687286136
0,0.04284460852654234
1,0.06934800149181969
2,0.05853867029934102
3,0.054250372818848334
4,0.04472838503443313
5,0.09549300899284213
6,0.08522249624701922
7,0.04162643874254226
8,0.07523463436078673
9,0.04154613421246724
10,0.05337881862505832
11,0.08622185382332832
12,0.037665111219469444
13,0.048869057954599705
14,0.04720265122763124
15,0.05598842018031354
16,0.07223520658442746
17,0.12685169130197638
18,0.047587397581467114
19,0.06730902266740842
20,0.06148265498835001
21,0.055588785896543265
22,0.07328810765927207
23,0.07460062101191835
24,0.049846250167807464
25,0.1113367143871626
26,0.09548090216931661
27,0.09076720331040326
28,0.0609515433972934
29,0.04509914100664134
30,0.0689603938405895
31,0.08316099298957388
32,0.050206243280526926
33,0.13238858918832525
34,0.05250432616799244
35,0.10623259238443158
36,0.06895602127916815
37,0.07260281189367591
38,0.05090675030124511
39,0.051748931849391305
40,0.058376946992315194
41,0.13715331964728666
42,0.14845606196255018
43,0.0426106317929166
44,0.03894730612708278
45,0.11387531839299067
46,0.05367711602512555
47,0.06978086276559418
48,0.0937586504662233
49,0.09399185614320447
50,0.08523737550826112
51,0.055640934192622594
52,0.0668959309607015
53,0.049113367453547406
54,0.07146837620920227
55,0.056112981966444056
56,0.08278460424984492
57,0.06812524270550244
58,0.14792950617949538
59,0.038831520109860906
60,0.06834391184779032
61,0.1120560756247799
62,0.038103760648572335
63,0.08252599355185679
64,0.22926711739741804
65,0.04359359380837665
66,0.15727512273101954
67,0.09617325220147588
68,0.06530689129319213
69,0.03881243501687328
70,0.04707771653792135
71,0.1672635135227712
72,0.048769250267883854
73,0.04347757017017416
74,0.0980309286012654
75,0.062397260880838516
76,0.103120045532944
77,0.07823374622632817
78,0.0633566854299748
79,0.04387870064207987
80,0.03302068409138902
81,0.09805087196081909
82,0.028081498116559588
83,0.05439135489667699
84,0.0868742789258435
85,0.050693059486343034
86,0.02940763449908145
87,0.03401933277259283
88,0.06431067612035872
89,0.048316316852802875
90,0.04687744156080313
91,0.08020691995139362
92,0.024644523249750857
93,0.18203629349942374
94,0.0446376810533705
95,0.038970398129439386
96,0.026251300532642727
97,0.04491660412728825
98,0.036340253266613325
99,0.10602753527492557
100,0.04504109368710798
101,0.038018954766816
102,0.030701076793230732
103,0.05850654317724445
104,0.03271854287307297
105,0.04572677929608739
106,0.06831906132902517
107,0.13511057350094516
108,0.07261283160550684
109,0.07155371582553133
110,0.059374166992331605
111,0.07737571754796875
112,0.021174426085881624
113,0.020216651908191968
114,0.051980714870776636
115,0.08844698690346683
116,0.01782574869228185
117,0.03286232846387663
118,0.03799686661689387
119,0.03644404095423852
120,0.02021966582351652
121,0.09788643078121534
122,0.03996314276468477
123,0.05562127617530616
124,0.02140701366763476
125,0.09153267452493664
126,0.056291055773679724
127,0.11457402228831157
128,0.03659217630406016
129,0.055484937124067775
130,0.0475111748819231
131,0.032254060246201574
132,0.10329013821428225
133,0.03717860947951624
134,0.10837470103126562
135,0.026766430540340287
136,0.032644370964913086
137,0.05638971834954422
138,0.051018917505871425
139,0.16685792201587993
140,0.03400885208626699
141,0.14564814091721207
142,0.04056298470055769
143,0.17751513814245895
144,0.06644044893772443
145,0.029152256735830037
146,0.11441059876441777
147,0.02646736503586069
148,0.06030745468137062
149,0.06048560408709941
150,0.032576838275733516
151,0.12952152649633175
152,0.06649765750596004
153,0.031956703665527345
154,0.18712556781536835
155,0.09890449527072435
156,0.09292307005523015
157,0.05569522794968011
158,0.08431077301988742
159,0.03321926638515596
160,0.022057618216529646
161,0.09142532112013355
162,0.051964498447291986
163,0.04999784540261671
164,0.041513545638005404
165,0.0336430546209173
166,0.16071483325767336
167,0.0898043447328257
168,0.1794526019447785
169,0.16623096061557954
170,0.0691712633324734
171,0.07903107881709662
172,0.13667668878504755
173,0.14521714855944653
174,0.029312638344268737
175,0.08240222106992758
176,0.0920069719993752
177,0.03797302725015105
178,0.037947183472399934
179,0.018024540281914653
180,0.027117511849727924
181,0.13302658225091032
182,0.062392394472272815
183,0.01192500123383494
184,0.09878171378502376
185,0.04996013358125267
186,0.05285259157090925
187,0.011981366998124595
188,0.016473140394562574
189,0.14159843757008442
190,0.12952425463464312
191,0.044011722334693616
192,0.16713189491462455
193,0.22778752140472752
194,0.05458494910689171
195,0.027708173148370985
196,0.023145711483858116
197,0.053543195660315186
198,0.033916372755307234
199,0.06342255987861095
200,0.12243450779387072
201,0.02978236158441916
202,0.12327358711388556
203,0.08765102353161908
204,0.05117793167307831
205,0.1741534574870816
206,0.09115870015795419
207,0.09260167215129879
208,0.08300712993057774
209,0.08678574254032502
210,0.07512713054363766
211,0.02153690176593651
212,0.12178437553066117
213,0.05647832512804333
214,0.02263077280617684
215,0.09175639970492787
216,0.0790499663581073
217,0.09011418958775433
218,0.03389666847919979
219,0.09587138193123412
220,0.018502499462999707
221,0.10138464002777355
222,0.06648512712247423
223,0.13242852294468543
224,0.039392060418650024
225,0.08953789013599193
226,0.02384203377836543
227,0.16525197377008222
228,0.08229228914432905
229,0.03857845150708427
230,0.16876940579492425
231,0.053337943486226905
232,0.02848712126052986
233,0.08407733260792925
234,0.08730404908565716
235,0.06353193173158632
236,0.0516461557471833
237,0.12134693952002443
238,0.05809999147588383
239,0.09066043187361027
240,0.0949572978607094
241,0.026618056496543432
242,0.28091686562516394
243,0.08567033874576742
244,0.34262285259034736
245,0.022914458102691004
246,0.04543285259252672
247,0.1512399105452379
248,0.10897871317299755
249,0.02171880282649015
250,0.02904685810229447
251,0.16611239309131665
252,0.031074298925012386
253,0.10468156715057374
254,0.1833298051731636
255,0.06167006086488941
256,0.11351343043924773
257,0.07333399497468092
258,0.08161871287766638
259,0.13491086411511233
260,0.08172951386809345
261,0.07610027380037107
262,0.08226265826871369
263,0.12345703658043437
264,0.05912770956087751
265,0.021985908586238532
266,0.012988013575420353
267,0.032575220896962014
268,0.12795139536344963
269,0.17599077541799715
270,0.04575228942310698
271,0.030417761034754943
272,0.0759174847024889
273,0.14606947557622033
274,0.11279305076850119
275,0.2488990078724941
276,0.016525404708743353
277,0.050343585110789596
278,0.2327061801035634
279,0.013432668198240402
280,0.029885257774311252
281,0.06556371522947264
282,0.02632158000301923
283,0.16914408083430219
284,0.025157445644550632
285,0.04106811132102185
286,0.03660420383510458
287,0.04309326023514533
288,0.03222165855353162
289,0.04472855962131851
290,0.1449296180111448
291,0.0460205237597491
292,0.01738445906800805
293,0.02777811247506551
294,0.15553501039468376
295,0.026554156393381403
296,0.0620079028117887
297,0.04411177487587368
298,0.04298867773174436
299,0.154409834983278
300,0.1145267736682612
301,0.0347065289325629
302,0.08035200029759103
303,0.04507111125034283
304,0.057316605182971554
305,0.23898615801244727
306,0.12004117766393556
307,0.0959789286364871
308,0.046516049431598955
309,0.01882976757680117
310,0.17397946006961104
311,0.09539554599124216
312,0.009133554515665733
313,0.2233027072412703
314,0.10175540397566886
315,0.02939018750539822
316,0.14397361517097523
317,0.016064485464973615
318,0.1431149766291395
319,0.10622962607179479
320,0.08459153285478009
321,0.018835812592727475
322,0.010774686779099454
323,0.0727531036643125
324,0.007109170139722286
325,0.01851922131906878
326,0.0683852553781045
327,0.04106318811342581
328,0.04574233029648023
329,0.09927857830586707
330,0.18582969157009355
331,0.09146288683697987
332,0.06891564420103728
333,0.06092724146890398
334,0.0842032527443125
335,0.08667553387942731
336,0.016671197719980442
337,0.07570379771956066
338,0.6787417661950056
339,0.08249569746503015
340,0.13921416074275536
341,0.06020892559799146
342,0.07107288856134826
343,0.29092756508744444
344,0.1110338642867634
345,0.040905071933550786
346,0.17212334036681096
347,0.10083391220237045
348,0.04263497236414488
349,0.36197729664516803
350,0.17690636986360408
351,0.014389302584426446
352,0.04882339177527382
353,0.09252481632775941
354,0.1358956801423785
355,0.09009660838215741
356,0.045823868776550036
357,0.049779837149749755
358,0.25866926822633685
359,0.017155892107590272
360,0.07846599471637829
361,0.15769949941256314
362,0.028180704941138016
363,0.15111595250791054
364,0.04622218957080706
365,0.030704324531189046
366,0.14815399351349193
367,0.04353504010653658
368,0.04565789709997638
369,0.047735085661890136
370,0.01747959663653549
371,0.06261102510601987
372,0.10652363309856364
373,0.036746180058099334
374,0.15948852419113438
375,0.049199863795195184
376,0.048418489896401615
377,0.12267495678676481
378,0.03965377398139223
379,0.018902362730019554
380,0.214754715976235
381,0.060144501815311266
382,0.047891630416757064
383,0.12225378742187745
384,0.09991987183306157
385,0.1341533417653705
386,0.31872655928768334
387,0.14837036823974675
388,0.10955924137364387
389,0.030098188143327063
390,0.0696054954577058
391,0.06442207960357393
392,0.07181569341475086
393,0.03699021360906841
394,0.06493034981405481
395,0.07306182329095653
396,0.07897939308732625
397,0.026520093169318835
398,0.2843183023593221
399,0.019575687938066494
400,0.09863237972326996
401,0.08046533629172334
402,0.03264703873864092
403,0.19453077731086474
404,0.10060186649527957
405,0.11328062497308351
406,0.32521357003846735
407,0.026980500014825173
408,0.11961767505624946
409,0.227117156298934
410,0.021576495473427444
411,0.15419786856830173
412,0.034588179221460104
413,0.013518888673253621
414,0.2188750907053182
415,0.057070800797944445
416,0.22884747851976153
417,0.08898896157423081
418,0.025726566127711563
419,0.12818710908028633
420,0.11156695155070695
421,0.03576292678711983
422,0.04530831052566686
423,0.10515550641814059
424,0.08821533321629076
425,0.22255882322901593
426,0.021055149703916518
427,0.047484107101061844
428,0.13978323859851088
429,0.10155530189622197
430,0.05657182764238273
431,0.16193678531572533
432,0.10321875953122303
433,0.03444141508817172
434,0.11517739154274334
435,0.11520832675665937
436,0.03676252592306183
437,0.13289219628746943
438,0.04691918188411635
439,0.16011473639245724
440,0.13459914104192436
441,0.05089235373993458
442,0.11197283582260066
443,0.22109084183967975
444,0.2120238855994983
445,0.04190913720928244
446,0.07561703093999202
447,0.09442474834608568
448,0.06420219625246261
449,0.02848504416138677
450,0.17854382877326042
451,0.13402846569505245
452,0.17082947940680268
453,0.1407155535348666
454,0.580169250129814
455,0.11815523344996064
456,0.03801590659743462
457,0.27984196971826153
458,0.10952364068550975
459,0.12235362751341586
460,0.15143790876236152
461,0.06615237739176764
462,0.2846975759237835
463,0.058229242470613736
464,0.021969366741155103
465,0.08444172817154527
466,0.12586468864384803
467,0.0227511002336985
468,0.06274489619018597
469,0.2725994375698826
470,0.06602649437171156
471,0.09958436407812726
472,0.06860073003695145
473,0.17250209235593766
474,0.040219349709345445
475,0.1166956297748894
476,0.0634424675641044
477,0.053394606510884936
478,0.12984454425915487
479,0.05602519232894554
480,0.08188853997245318
481,0.026853966279122097
482,0.041368261699396496
483,0.1339357596125472
484,0.09681003529989798
485,0.038238269684972286
486,0.2791631542747362
487,0.18699849163185772
488,0.12636755374206546
489,0.2485148155893678
490,0.05752166245452489
491,0.24995742604438556
492,0.05790001744772867
493,0.1027184156032245
494,0.09139857646974581
495,0.03871874282587241
496,0.11476567959573399
497,0.08396584163462241
498,0.03854405242317324
499,0.061723099920187374
500,0.17738027044309662
501,0.03174767775430294
502,0.18087122231320069
503,0.034024059187920376
504,0.10407421185219289
505,0.10271404678050551
506,0.07936567688624256
507,0.13458984612432362
508,0.09568911334676547
509,0.3669618898965382
510,0.11849104679772234
511,0.15463011616039216
512,0.08401137519394393
513,0.3723418713940981
514,0.0674953472386085
515,0.045708013690929465
516,0.13634146339162473
517,0.06810049692887168
518,0.03819648012027543
519,0.23760305873467782
520,0.038498778111893374
521,0.10973412324233384
522,0.13876723928419665
523,0.16728817277799443
524,0.11473955838155685
525,0.35352638438650075
526,0.07831876695503842
527,0.03508627104887311
528,0.2685583649604542
529,0.18582372668287792
530,0.03640461200599131
531,0.3323531583137702
532,0.07386907381013319
533,0.07229317112476877
534,0.12520210272059393
535,0.1990571994048918
536,0.023380525702066807
537,0.3531009913231105
538,0.24463141206994304
539,0.037827838189597285
540,0.08474285595342106
541,0.12876630438161119
542,0.06559755596340756
543,0.3777091541494544
544,0.05846146496791867
545,0.07229833811075595
546,0.12960548353404647
547,0.05334777658133672
548,0.03751229664190956
549,0.16629298566343342
550,0.16100834939093267
551,0.06285865089286587
552,0.3073905605621005
553,0.07624032118730519
554,0.20507666872839336
555,0.06964468294051364
556,0.08598879299261751
557,0.051558931297503226
558,0.0953516026531574
559,0.11355361052230283
560,0.0695033758900524
561,0.07726356033865492
562,0.12554045481779666
563,0.07014966264477221
564,0.21733472699306594
565,0.03568920219170772
566,0.09476163370978612
567,0.20702800537591498
568,0.17387703191559234
569,0.07823456312838854
570,0.26609068604637715
571,0.03703578553082274
572,0.019496612942603353
573,0.4029708389619229
574,0.03257986899411216
575,0.016436378642318866
576,0.1647982135385969
577,0.43005331490764637
578,0.1172822657536364
579,0.24407513589798763
580,0.33958518123690856
581,0.6272099698534944
582,0.07598158714190759
583,0.2533743906176906
584,0.38048578630119884
585,0.30211701100838134
586,0.016888432460699782
587,0.4179081771850352
588,0.263153863706436
589,0.09548143736358786
590,0.20575943120572984
591,0.4471921662255314
592,0.20548296895860507
593,0.10307290552509712
594,0.0766515015956126
595,0.0664116724204086
596,0.3824501545679114
597,0.10629896366007574
598,0.04696589643723244
599,0.3604786430852802
600,0.24915862442874118
601,0.07543540063044597
602,0.17554833391099992
603,0.0795058424379351
604,0.022799512475061217
605,0.4879729701913284
606,0.09119284790025708
607,0.1552032377546466
608,0.12035929773927014
609,0.06695695344148025
610,0.05356736497275258
611,0.15575359907413372
612,0.17802431090378248
613,0.07317522052182386
614,0.01934682683000437
615,0.5972858715717946
616,0.08686341813078655
617,0.4115431268691027
618,0.1446324808843981
619,0.29251240757405933
620,0.08774700966519224
621,0.1281058039558854
622,0.21716412188547157
623,0.11600181025684683
624,0.061009488032006245
625,0.15709562201457242
626,0.22901280978763294
627,0.30121772205972414
628,0.07804153576465231
629,0.12080495511460199
630,0.4594224830694574
631,0.1323517459623207
632,0.37847940378984424
633,0.13978363608329533
634,0.06774310209016507
635,0.09178362774980343
636,0.06625232685224922
637,0.38120982234728606
638,0.1591907117666635
639,0.1897981730457773
640,0.11337758533208948
641,0.027418971934808484
642,0.4258718678296608
643,0.14968893447081527
644,0.09626522050153792
645,0.017113270237620413
646,0.18347719086292105
647,0.3574183291899626
648,0.0861686791335883
649,0.13325455083819895
650,0.14401313748131025
651,0.0931895668299757
652,0.04185649291729231
653,0.1354210202480023
654,0.03135836891920081
655,0.3376165875892592
656,0.10161592693735293
657,0.7710588681129009
658,0.16667681834464798
659,0.3708130270503611
660,0.4049700777991145
661,0.08020481884293063
662,0.17686877037508553
663,0.09096007493780317
664,0.3894500917434108
665,0.19719152465325773
666,0.06097795670662197
667,0.4439620637944011
668,0.025688159515843238
669,0.23858457763320412
670,0.028813005765868035
671,0.04359857586824544
672,0.32895058901624497
673,0.05277372433437628
674,0.027703709635017504
675,0.7426359586703604
676,0.10131331667142127
677,0.07354193136282204
678,0.27802327362836765
679,0.24387123897261018
680,0.2476962554974657
681,0.24834722987695612
682,0.2319085771053185
683,0.4821185001503538
684,0.1511353490972003
685,0.1356728037077863
686,0.9645916716025821
687,0.06475830292282958
688,0.16693265924884274
689,0.21351371526529764
690,0.039804347091955426
691,0.122688650491308
692,0.4074187004542503
693,0.14507216322331937
694,0.27542133132760344
695,0.31056840750164433
696,0.19565275874879118
697,0.04621043989219101
698,0.4185796104286752
699,0.049128873955745084
700,0.11850555289084569
701,0.27991308093063016
702,0.087524347673651
703,0.19287781867883297
704,0.21229299721382486
705,0.27085104942439103
706,0.09015006842342047
707,0.060741740205990075
708,0.13414793657199997
709,0.2631032201084578
710,0.5102819105683202
711,0.384457263787958
712,0.08743332589172505
713,0.9011394316315502
714,0.05409288446399069
715,0.04796579627391035
716,0.26359148688261913
717,0.216390268162569
718,0.46712539408930304
719,0.1908168590088532
720,0.0454637108274394
721,0.13431935777325524
722,0.30887857235236543
723,0.0660822766901907
724,0.28648735463844116
725,0.12957093010484336
726,0.4435519131651436
727,0.17998746332456866
728,0.21967914880674252
729,0.029454140909598664
730,0.05279338473843187
731,0.2417016420284438
732,0.018235269570559622
733,0.036792906050082466
734,0.1936571575063665
735,0.03676802597973123
736,0.04054277154459668
737,0.24278039462214293
738,0.14047715925958212
739,0.4132701340025116
740,0.07029278909880596
741,0.5338562629335073
742,0.11993191637367176
743,0.06904968987212382
744,0.22049532179093004
745,0.12133852637109933
746,0.10809005170436421
747,0.05969452432372864
748,0.11927383997362108
749,0.022851262656049712
750,0.05291662724337876
751,0.07345180698639592
752,0.17876353135206446
753,0.15931349126112035
754,0.1911286618753055
755,0.09554055088238869
756,0.1824035620748931
757,0.10798927330376709
758,0.09370450057807421
759,0.22991828928647637
760,0.12300304819775679
761,0.050715665367580515
762,0.21083716210312495
763,0.1618719754328346
764,0.20706942698973085
765,0.2949594759643498
766,0.3756792822535734
767,0.1429600580098327
768,0.14775562914408782
769,0.37462915502537325
770,0.3849363497345953
771,0.27538177296677446
772,0.2368252935293382
773,0.9430690812593903
774,0.1714693422919199
775,0.1578069907630033
776,0.30013514279597747
777,0.3248553898817906
778,0.39300686665440476
779,0.06289303576259286
780,0.28560790745108744
781,0.1893504837188978
782,0.1099318107289349
783,0.20162609636564247
784,0.023463896703589605
785,0.24462628801513903
786,0.4203486714031592
787,0.03171586204336958
788,0.10404045672631089
789,0.5675530037578628
790,0.1204067839791558
791,0.5566967707593713
792,0.18963810313492677
793,0.29756954191839824
794,0.041774442461979616
795,0.14897450744223475
796,0.2876255930487512
797,0.11137983500447826
798,0.3890991387460935
799,0.2011720111929395
800,0.21568788615800577
801,0.3930931846635024
802,0.04112626917516688
803,0.23020735183258292
804,0.022784939615699752
805,0.018818218960152386
806,0.20127633928862534
807,0.10240350830248915
808,0.04689115188299204
809,0.17989482494177764
810,0.056530218269496356
811,0.07750115056327553
812,0.19073243239901885
813,0.2690755956676132
814,0.43660802603252485
815,0.17492204846401146
816,0.0738704742133614
817,0.05636690412822104
818,0.22632329403631649
819,0.18576635397025568
820,0.09548812775528738
821,0.27491054582497615
822,0.19403657267065652
823,0.3941580452038754
824,0.3272873836207219
825,0.1837628042991189
826,0.31594268878025894
827,0.20143703665129914
828,0.025067178797630364
829,0.04347679335621554
830,0.08163664070398687
831,0.14651289631631087
832,0.310251237467877
833,0.185654089888398
834,0.23345141067439018
835,0.0878636825325355
836,0.39644315486327475
837,0.07081342513450871
838,0.5126640963538474
839,0.12599901417499382
840,0.04405062341341829
841,0.19890464063326968
842,0.35760195550536666
843,0.6474621250269974
844,0.051525528476465715
845,0.0467132695777755
846,0.2914990464813892
847,0.6103470507878151
848,0.19190925268407114
849,0.4625991243763159
850,0.2081564364160507
851,0.15515574149191452
852,0.11639875058298851
853,0.4834243729275745
854,0.39913854861904347
855,0.05517178864148841
856,0.04942585905635291
857,0.07440028170561289
858,0.12899630210831953
859,0.041294925197444377
860,0.6365516270876478
861,0.2761016880146345
862,0.034746483176517615
863,0.05361764368737525
864,0.44285175952364697
865,0.040369431737385136
866,0.27082553214004945
867,0.7775677500925257
868,0.2966440778361523
869,0.5065263973146369
870,0.16701142419075296
871,0.05095608747791947
872,0.05126309043060578
873,0.05537323427224076
874,0.11574467188917074
875,0.086464728682333
876,0.06378038890095974
877,0.028836357195144866
878,0.3047420787183388
879,0.18579307273978352
880,0.26189934047106883
881,0.16836388616059272
882,0.0845197637556096
883,0.04397027608691749
884,0.4026943352013959
885,0.2178162222083182
886,0.32944506213641817
887,0.05710820528298533
888,0.2198167397178941
889,0.09474964235278292
890,0.42228687232572676
891,0.0713687848201184
892,0.1034181849813383
893,0.18278952545532967
894,0.13953757055338534
895,0.15529893473781525
896,0.5512862880606668
897,0.19180919494374782
898,0.5602489569930373
899,0.392270176989432
900,0.07720610258076903
901,0.5157820550533468
902,0.05291128612374664
903,0.16138473410484966
904,0.04248520342106046
905,0.08670377630064383
906,0.5164090715231606
907,0.3354623074800059
908,0.2769050749290849
909,0.7864576179648247
910,0.09644833041191185
911,0.2678527349315185
912,0.45386443581868136
913,0.16098354563345796
914,0.6046360031940883
915,0.05837659664340501
916,1.4646292067505893
917,0.022987987660629972
918,0.4807401127588701
919,0.07519804362628679
920,0.7297176215275011
921,0.05962740172116257
922,0.10620627309723236
923,0.2790304973606223
924,0.022899792340965303
925,0.10100840299114258
926,0.1369589852813981
927,0.20094480469075485
928,0.2388527478440807
929,0.14973260835465188
930,0.1095197176568065
931,0.11093736016060934
932,0.029584149417729782
933,1.0010582416870313
934,0.13305679503622994
935,0.4036066984130229
936,0.03794936044256916
937,1.0523770587875716
938,0.13026119183626367
939,0.5014243800246724
940,0.17331266506524717
941,0.71610110875834
942,0.2690979588262848
943,0.6316925994834208
944,0.05676144467669712
945,1.0127627686281684
946,0.087863835594195
947,0.2952713465071996
948,0.3672469274726672
949,0.7149359729691825
950,0.394464494944627
951,0.23467491023786052
952,1.0760036713852497
953,0.5346166351753467
954,0.5158593232173525
955,0.698584848759954
956,0.13525593254818472
957,0.7213658611368341
958,0.26638075918435394
959,0.15155059670255278
960,0.15149712757845202
961,0.3840422345914308
962,0.404149877640277
963,0.15316049443356566
964,0.29777559027865735
965,0.026221461899068425
966,0.11188742620041012
967,0.11578038271117282
968,0.09637764577497498
969,0.06136360739911565
970,0.0716253037300336
971,0.0637421327174857
972,0.30103360499714876
973,0.07315874804204288
974,0.15583059892374523
975,0.11660176054316602
976,0.06415534107290263
977,0.23621628665080716
978,0.08820190483304106
979,0.31882095091931006
980,0.2520813664539961
981,0.18002996235324237
982,0.241527599905245
983,0.08144834401968468
984,0.5246420555593366
985,0.1348955986396005
986,0.23725276835115966
987,0.05198521013510839
988,0.27125682395764306
989,0.13736084447983612
990,0.19691788814168884
991,0.05634493548053441
992,0.3764494452114036
993,0.04798873187540869
994,0.429756366121363
995,0.14226657774331913
996,0.1863390067836346
997,0.2067263525748407
998,0.14862057016064995
999,0.05660411107425828
1000,0.32427958405199453
1001,0.2020906431026784
1002,0.1797903166053637
1003,0.7869717529812779
1004,0.07409782452629776
1005,0.10261094295642724
1006,0.8274604584020264
1007,0.3372736709271602
1008,0.3565531531404079
1009,0.1046731340230157
1010,0.975893890671555
1011,0.27768941772337735
1012,0.20238522201148895
1013,0.07347848558146436
1014,0.07944949629042325
1015,0.25424151868860556
1016,0.4840931805228802
1017,0.23998732920517854
1018,0.2793853944778953
1019,0.4835038331391679
1020,0.3047074014019728
1021,0.11377211822230883
1022,0.040555972318558606
1023,0.40735121301769284
1024,0.1534061044470859
1025,0.29501469193100793
1026,0.24566655991309586
1027,0.20511385925836154
1028,0.36025617654214676
1029,0.07705815716828739
1030,0.31922555440033284
1031,0.2218658811728841
1032,0.17445825253176522
1033,0.8263140883531523
1034,0.06697289589948953
1035,0.20931256359545541
1036,0.4336228761727005
1037,0.1495842171343514
1038,0.18269986773173347
1039,0.11368485964923856
1040,0.5977841215779562
1041,0.37247730275834945
1042,0.2692633831127702
1043,0.45375284484520234
1044,0.36946406398128434
1045,0.43488907203273264
1046,0.3328134389506773
1047,0.6236309699967849
1048,0.19826885207318937
1049,0.19140769306800376
1050,0.32759442290657986
1051,0.41377859711342724
1052,0.060491624798352246
1053,0.3354961767132705
1054,0.42750775369286764
1055,0.05169163395767605
1056,0.11599974722970008
1057,0.17851644357709223
1058,0.04216120426603669
1059,0.22414891730401965
1060,0.13640144527324477
1061,0.14741936152932722
1062,0.16085344451427203
1063,0.1438061067993257
1064,0.42448687068927576
1065,0.7030216505322535
1066,0.11699537204155488
1067,0.13544979533556403
1068,0.07543242602878664
1069,0.12481883055109952
1070,0.9117704571665738
1071,0.11200670583412162
1072,0.28396625673966447
1073,0.2972101444867449
1074,0.24282388795676535
1075,0.2451401567469011
1076,0.026220411886819683
1077,0.19616662145435484
1078,0.24422815988789393
1079,0.13907204457049135
1080,0.45256091912848534
1081,0.05392168854242659
1082,0.16585531330363346
1083,0.31023233721783083
1084,0.12300841819075994
1085,0.6344956249732842
1086,0.18326897141500217
1087,0.30086812079641073
1088,0.1441607620992964
1089,0.22730116996445768
1090,0.062102192640863356
1091,0.08250685104632377
1092,0.24352750196628703
1093,0.2547061476027776
1094,0.49929638072270116
1095,0.34579123350559415
1096,0.20020188116071322
1097,0.22946628468403502
1098,0.02966819619090029
1099,0.1669710789659233
1100,0.36058194201072813
1101,0.33375185367322885
1102,0.1438389679298435
1103,0.1000003318398087
1104,0.6273515019366998
1105,0.2900774093363029
1106,0.05032095732512701
1107,0.34118968803724
1108,0.21834972894568092
1109,0.1582694779658515
1110,0.15985146960282076
1111,0.12585397005573368
1112,0.04729564561718277
1113,0.1101245716258459
1114,0.039801643962828655
1115,0.09636824516830873
1116,0.31038367197681693
1117,0.13548909879159138
1118,0.6447463870575608
1119,0.1270400921761428
1120,0.5283877843661554
1121,0.6448706977463895
1122,0.1074929295989689
1123,0.7689803164931469
1124,0.10596072677721602
1125,0.14370348862273055
1126,0.7637820957409428
1127,0.051486258511648224
1128,0.29538835758485765
1129,0.20074543293996078
1130,0.09015057548893352
1131,0.5069178377302074
1132,0.139727967467524
1133,0.665738610897712
1134,0.7290011668968542
1135,0.26309967473588725
1136,0.1769391914176244
1137,0.797004834097656
1138,0.3006433948559221
1139,0.29057673715281224
1140,0.7909398468726837
1141,0.06786508199455926
1142,0.7925594901269626
1143,0.6341336578525718
1144,0.08777432008112555
1145,0.7620869492600029
1146,0.30620950843386485
1147,0.4434517379900053
1148,0.4450835012863595
1149,0.22536969621972486
1150,0.7513813919118915
1151,0.2967700110929198
1152,0.1495674286879792
1153,0.07150470043131492
1154,0.5295132284508756
1155,0.0739987318174991
1156,0.02742570941812596
1157,0.5762015145678956
1158,0.17450227803871982
1159,0.04958708909722585
1160,0.40043093973327126
1161,0.23086719456407315
1162,0.17328185476300378
1163,0.1024362200474764
1164,0.14961719695077164
1165,0.12376904460439478
1166,0.14747404055284108
1167,0.1557382786355168
1168,0.09579918255407188
1169,0.4702556640690848
1170,0.22674537706153702
1171,1.0086869865844754
1172,0.518047813525049
1173,0.3070333615314638
1174,0.04650543081370341
1175,0.5456283650258432
1176,0.2063330700593774
1177,0.9292372178625443
1178,0.11542776431605693
1179,0.9130353970731976
1180,0.05235477861819677
1181,0.1446568091231195
1182,0.5416798534756643
1183,0.04974344406302803
1184,0.5760629235332991
1185,0.06927325136075019
1186,0.5400929883152346
1187,0.03556584399482494
1188,0.200916473468898
1189,0.05133742905874012
1190,0.19621647096755368
1191,0.03635635582036906
1192,0.3586270978222497
1193,0.15303802980855763
1194,0.20489951462667413
1195,0.17866446136043837
1196,0.5240252657490969
1197,0.16152020059564176
1198,0.05376037549758476
1199,0.39778536068745796
1200,0.12620672189908294
1201,0.21625329434206597
1202,0.3535773604772031
1203,0.4621585718295592
1204,0.44191857453592037
1205,0.40231840522814166
1206,0.18339020251605026
1207,0.2771061694835689
1208,0.3014087445407266
1209,0.6011353046604696
1210,0.055857843005529165
1211,0.47071404581496373
1212,0.056627147668233804
1213,0.36932198353736956
1214,0.0719915790168011
1215,0.296118979415666
1216,0.44707944854616344
1217,0.7818865120429705
1218,0.39176297238859575
1219,0.07870151262853424
1220,0.3959580691944718
1221,0.12211362809447987
1222,0.7283010579167699
1223,0.21814914353015746
1224,0.28181798407550834
1225,0.36329320182611435
1226,0.20954518065389757
1227,0.6799872057649514
1228,0.15312796478830354
1229,0.6481911938330772
1230,0.18219755634186557
1231,0.5659267911695479
1232,0.13550399735144159
1233,0.5365707552561798
1234,0.4655248912362214
1235,0.3683332727210672
1236,0.46790521370014004
1237,0.47054838268622007
1238,0.20346603360819132
1239,0.37732563610085074
1240,0.2964654469973764
1241,0.07078531979589793
1242,0.14436999071879789
1243,0.2588174099587703
1244,0.5486897815717574
1245,0.3064635937805204
1246,0.3538245527880511
1247,0.3530360936144654
1248,0.027348570910064977
1249,0.03189312405318376
1250,0.07817558849403462
1251,0.03522272985948448
1252,0.37160180414339566
1253,0.14741484491223547
1254,0.13419386476807713
1255,0.3832567543273429
1256,0.187168023498454
1257,0.22039062922675418
1258,0.3140396921509258
1259,0.38594428788805407
1260,0.04437976481687983
1261,0.04027800514385471
1262,0.10170598264388307
1263,0.09395944809877965
1264,0.15010474881733699
1265,0.2627473153070119
1266,0.7118242580774901
1267,0.44605426382420066
1268,0.24180971136799595
1269,0.8538845041633188
1270,0.13329848976976902
1271,0.5332883569085954
1272,0.15539929267830344
1273,0.034604025357623205
1274,0.5629474328407548
1275,0.4512124556531622
1276,0.1478789865746232
1277,0.5538354601418161
1278,0.5241780284730179
1279,0.1598779533060164
1280,0.13049377766443154
1281,0.8667162167037431
1282,0.3945376512342856
1283,0.3410648307096544
1284,0.11127430598178717
1285,0.3784196149436834
1286,0.16672906933442846
1287,0.37074103808351383
1288,0.3132505599876195
1289,0.4294298667612534
1290,0.3745265777509828
1291,0.24479442218346226
1292,0.10392928557901855
1293,0.3280153027847746
1294,0.505755375180595
1295,0.16859213331119444
1296,0.13059300398475554
1297,0.34925714040442124
1298,0.5951403307126207
1299,0.44294045468499116
1300,0.3937027311605945
1301,0.14196768003146462
1302,0.6162109824784076
1303,0.17909469898843428
1304,0.07508342398765988
1305,0.17291135608709318
1306,0.10456852135415065
1307,0.06321425265177971
1308,0.47679748384624526
1309,0.10411532653152426
1310,0.3767323293829091
1311,0.34057899222863924
1312,0.06810153825503892
1313,0.22037330771047664
1314,0.0680043300735817
1315,0.34760902470264066
1316,0.33685633958214684
1317,0.47273956473763085
1318,0.21637655937738437
1319,0.10311562387812892
1320,0.31516951910092456
1321,0.559238852608788
1322,0.17995166155538833
1323,0.3992618345500022
1324,0.3074734921114302
1325,0.42858932269822847
1326,0.24391338185922026
1327,0.03682482134497888
1328,0.7252815411254696
1329,0.47701226514010175
1330,0.3329653667841989
1331,0.2712354557774164
1332,0.1945335485898634
1333,0.20872345765055417
1334,0.029424954140785355
1335,0.5321134255193405
1336,0.11149291194833538
1337,0.06322115488636616
1338,0.19964869869148055
1339,0.12301370743648349
1340,0.4391137078142027
1341,0.5722776409382005
1342,0.15618713665385162
1343,0.1340248127031591
1344,0.14256981818829312
1345,0.0847092886282991
1346,0.12477310450223333
1347,0.4493007854722699
1348,0.11559499354233121
1349,0.3960613248536395
1350,0.18907222144629726
1351,0.35239425597383206
1352,0.03897208955218217
1353,0.11021086208578004
1354,0.2361665801665426
1355,0.10617196973488631
1356,0.08184607135576694
1357,0.18841425952426877
1358,0.15182539162169728
1359,0.31259215112792865
1360,0.2487016880863839
1361,0.2502154306520439
1362,0.3459416784111692
1363,0.25321845450166647
1364,0.052006291675081015
1365,0.22444042532342204
1366,0.10747794737673785
1367,0.39317568071921505
1368,0.11549485773866967
1369,0.24207958336011215
1370,0.6310720679789157
1371,0.1224913305729576
1372,0.1513066637523762
1373,0.25702161196506124
1374,0.10340283270966817
1375,0.2317900215147705
1376,0.0928592238171368
1377,0.30518150134995214
1378,0.19378483593925777
1379,0.28222173897456987
1380,0.1539974317374157
1381,0.4034191174768833
1382,0.24344651050083815
1383,0.03537981242546069
1384,0.26689421955277765
1385,0.09818936803958528
1386,0.08475619714654009
1387,0.5522484347668318
1388,0.15167035129604456
1389,0.10904453157748357
1390,0.3775115028601557
1391,0.09661971082401782
1392,0.19743099294039493
1393,0.15993633633172621
1394,0.05409144729463973
1395,0.1702870172267139
1396,0.23817235023660632
1397,0.18924224718926214
1398,0.049929770901771364
1399,0.9274823184019615
1400,0.06514943196359743
1401,0.5082144094608978
1402,0.33959687709653
1403,0.8502796122062618
1404,0.23493896226169272
1405,0.5094601962926816
1406,0.18851124321334445
1407,0.338995741399787
1408,0.4133014210191055
1409,0.2938057879618378
1410,0.08111419553900819
1411,0.7084118711683953
1412,0.06122427063778156
1413,0.5941662658360075
1414,0.16620959642628183
1415,0.7251698105543404
1416,0.08873465296167606
1417,0.2079889219402735
1418,0.22113269912647712
1419,0.3308157743765656
1420,0.36779669980192137
1421,0.11379513405218422
1422,0.8157728975441153
1423,0.2845311105028913
1424,0.12128177685598275
1425,0.047598173449783336
1426,0.2686640077277861
1427,0.14474090426471684
1428,0.2996436721400955
1429,0.1056312848387207
1430,0.12193526570696558
1431,0.05562935461087537
1432,0.18404364281443295
1433,0.15937539823308736
1434,0.48863905073824143
1435,0.17366726932570808
1436,0.06864050781070766
1437,0.0577274657145648
1438,0.2869811568422985
1439,0.1356358747707553
1440,0.08885613485820765
1441,0.2863969598427131
1442,0.17842654176843264
1443,0.0697167179933038
1444,0.3881955245646068
1445,0.2306220108446622
1446,0.28645146258899895
1447,0.23908170666189307
1448,0.10884518408076602
1449,0.12449273497091895
1450,0.16774561322077833
1451,0.4855294836262878
1452,0.09201838179034322
1453,0.05039755242721245
1454,0.232649475065549
1455,0.06122850826478326
1456,0.029109450929578583
1457,0.28634738168047263
1458,0.07192592942316617
1459,0.08072094830777635
1460,0.39254762438967056
1461,0.37479497165869197
1462,0.2396240387633998
1463,0.1933681049128335
1464,0.2463933697162408
1465,0.26233450008591264
1466,0.05121325721713285
1467,0.19724346207483814
1468,0.03232262454836647
1469,0.09909112940544346
1470,0.22621390844863434
1471,0.10373356507377525
1472,0.045334157736828626
1473,0.41753592217438906
1474,0.1011551517280047
1475,0.03200961650172227
1476,0.22618810283912202
1477,0.3295841194236929
1478,0.04877294440337737
1479,0.4992401014005467
1480,0.1445293064641706
1481,0.7381265992144891
1482,0.17637578605643872
1483,0.4200194370681771
1484,0.27749305074814057
1485,0.501537195858177
1486,0.08742044530149928
1487,0.220496546686059
1488,0.05340790969351908
1489,0.3063628839056055
1490,0.3113385929341694
1491,0.10428823319658156
1492,0.09137962015672797
1493,0.17228985250247
1494,0.30246197521315044
1495,0.29034478526891694
1496,0.038316573548355895
1497,0.07183088159354505
1498,0.15013170128254077
1499,0.14858882104625068
0,0.04284460852654234
1,0.06934800149181969
2,0.05853867029934102
3,0.054250372818848334
4,0.04472838503443313
5,0.09549300899284213
6,0.08522249624701922
7,0.04162643874254226
8,0.07523463436078673
9,0.04154613421246724
10,0.05337881862505832
11,0.08622185382332832
12,0.037665111219469444
13,0.048869057954599705
14,0.04720265122763124
15,0.05598842018031354
16,0.07223520658442746
17,0.12685169130197638
18,0.047587397581467114
19,0.06730902266740842
20,0.06148265498835001
21,0.055588785896543265
22,0.07328810765927207
23,0.07460062101191835
24,0.049846250167807464
25,0.1113367143871626
26,0.09548090216931661
27,0.09076720331040326
28,0.0609515433972934
29,0.04509914100664134
30,0.0689603938405895
31,0.08316099298957388
32,0.050206243280526926
33,0.13238858918832525
34,0.05250432616799244
35,0.10623259238443158
36,0.06895602127916815
37,0.07260281189367591
38,0.05090675030124511
39,0.051748931849391305
40,0.058376946992315194
41,0.13715331964728666
42,0.14845606196255018
43,0.0426106317929166
44,0.03894730612708278
45,0.11387531839299067
46,0.05367711602512555
47,0.06978086276559418
48,0.0937586504662233
49,0.09399185614320447
50,0.08523737550826112
51,0.055640934192622594
52,0.0668959309607015
53,0.049113367453547406
54,0.07146837620920227
55,0.056112981966444056
56,0.08278460424984492
57,0.06812524270550244
58,0.14792950617949538
59,0.038831520109860906
60,0.06834391184779032
61,0.1120560756247799
62,0.038103760648572335
63,0.08252599355185679
64,0.22926711739741804
65,0.04359359380837665
66,0.15727512273101954
67,0.09617325220147588
68,0.06530689129319213
69,0.03881243501687328
70,0.04707771653792135
71,0.1672635135227712
72,0.048769250267883854
73,0.04347757017017416
74,0.0980309286012654
75,0.062397260880838516
76,0.103120045532944
77,0.07823374622632817
78,0.0633566854299748
79,0.04387870064207987
80,0.03302068409138902
81,0.09805087196081909
82,0.028081498116559588
83,0.05439135489667699
84,0.0868742789258435
85,0.050693059486343034
86,0.02940763449908145
87,0.03401933277259283
88,0.06431067612035872
89,0.048316316852802875
90,0.04687744156080313
91,0.08020691995139362
92,0.024644523249750857
93,0.18203629349942374
94,0.0446376810533705
95,0.038970398129439386
96,0.026251300532642727
97,0.04491660412728825
98,0.036340253266613325
99,0.10602753527492557
100,0.04504109368710798
101,0.038018954766816
102,0.030701076793230732
103,0.05850654317724445
104,0.03271854287307297
105,0.04572677929608739
106,0.06831906132902517
107,0.13511057350094516
108,0.07261283160550684
109,0.07155371582553133
110,0.059374166992331605
111,0.07737571754796875
112,0.021174426085881624
113,0.020216651908191968
114,0.051980714870776636
115,0.08844698690346683
116,0.01782574869228185
117,0.03286232846387663
118,0.03799686661689387
119,0.03644404095423852
120,0.02021966582351652
121,0.09788643078121534
122,0.03996314276468477
123,0.05562127617530616
124,0.02140701366763476
125,0.09153267452493664
126,0.056291055773679724
127,0.11457402228831157
128,0.03659217630406016
129,0.055484937124067775
130,0.0475111748819231
131,0.032254060246201574
132,0.10329013821428225
133,0.03717860947951624
134,0.10837470103126562
135,0.026766430540340287
136,0.032644370964913086
137,0.05638971834954422
138,0.051018917505871425
139,0.16685792201587993
140,0.03400885208626699
141,0.14564814091721207
142,0.04056298470055769
143,0.17751513814245895
144,0.06644044893772443
145,0.029152256735830037
146,0.11441059876441777
147,0.02646736503586069
148,0.06030745468137062
149,0.06048560408709941
150,0.032576838275733516
151,0.12952152649633175
152,0.06649765750596004
153,0.031956703665527345
154,0.18712556781536835
155,0.09890449527072435
156,0.09292307005523015
157,0.05569522794968011
158,0.08431077301988742
159,0.03321926638515596
160,0.022057618216529646
161,0.09142532112013355
162,0.051964498447291986
163,0.04999784540261671
164,0.041513545638005404
165,0.0336430546209173
166,0.16071483325767336
167,0.0898043447328257
168,0.1794526019447785
169,0.16623096061557954
170,0.0691712633324734
171,0.07903107881709662
172,0.13667668878504755
173,0.14521714855944653
174,0.029312638344268737
175,0.08240222106992758
176,0.0920069719993752
177,0.03797302725015105
178,0.037947183472399934
179,0.018024540281914653
180,0.027117511849727924
181,0.13302658225091032
182,0.062392394472272815
183,0.01192500123383494
184,0.09878171378502376
185,0.04996013358125267
186,0.05285259157090925
187,0.011981366998124595
188,0.016473140394562574
189,0.14159843757008442
190,0.12952425463464312
191,0.044011722334693616
192,0.16713189491462455
193,0.22778752140472752
194,0.05458494910689171
195,0.027708173148370985
196,0.023145711483858116
197,0.053543195660315186
198,0.033916372755307234
199,0.06342255987861095
200,0.12243450779387072
201,0.02978236158441916
202,0.12327358711388556
203,0.08765102353161908
204,0.05117793167307831
205,0.1741534574870816
206,0.09115870015795419
207,0.09260167215129879
208,0.08300712993057774
209,0.08678574254032502
210,0.07512713054363766
211,0.02153690176593651
212,0.12178437553066117
213,0.05647832512804333
214,0.02263077280617684
215,0.09175639970492787
216,0.0790499663581073
217,0.09011418958775433
218,0.03389666847919979
219,0.09587138193123412
220,0.018502499462999707
221,0.10138464002777355
222,0.06648512712247423
223,0.13242852294468543
224,0.039392060418650024
225,0.08953789013599193
226,0.02384203377836543
227,0.16525197377008222
228,0.08229228914432905
229,0.03857845150708427
230,0.16876940579492425
231,0.053337943486226905
232,0.02848712126052986
233,0.08407733260792925
234,0.08730404908565716
235,0.06353193173158632
236,0.0516461557471833
237,0.12134693952002443
238,0.05809999147588383
239,0.09066043187361027
240,0.0949572978607094
241,0.026618056496543432
242,0.28091686562516394
243,0.08567033874576742
244,0.34262285259034736
245,0.022914458102691004
246,0.04543285259252672
247,0.1512399105452379
248,0.10897871317299755
249,0.02171880282649015
250,0.02904685810229447
251,0.16611239309131665
252,0.031074298925012386
253,0.10468156715057374
254,0.1833298051731636
255,0.06167006086488941
256,0.11351343043924773
257,0.07333399497468092
258,0.08161871287766638
259,0.13491086411511233
260,0.08172951386809345
261,0.07610027380037107
262,0.08226265826871369
263,0.12345703658043437
264,0.05912770956087751
265,0.021985908586238532
266,0.012988013575420353
267,0.032575220896962014
268,0.12795139536344963
269,0.17599077541799715
270,0.04575228942310698
271,0.030417761034754943
272,0.0759174847024889
273,0.14606947557622033
274,0.11279305076850119
275,0.2488990078724941
276,0.016525404708743353
277,0.050343585110789596
278,0.2327061801035634
279,0.013432668198240402
280,0.029885257774311252
281,0.06556371522947264
282,0.02632158000301923
283,0.16914408083430219
284,0.025157445644550632
285,0.04106811132102185
286,0.03660420383510458
287,0.04309326023514533
288,0.03222165855353162
289,0.04472855962131851
290,0.1449296180111448
291,0.0460205237597491
292,0.01738445906800805
293,0.02777811247506551
294,0.15553501039468376
295,0.026554156393381403
296,0.0620079028117887
297,0.04411177487587368
298,0.04298867773174436
299,0.154409834983278
300,0.1145267736682612
301,0.0347065289325629
302,0.08035200029759103
303,0.04507111125034283
304,0.057316605182971554
305,0.23898615801244727
306,0.12004117766393556
307,0.0959789286364871
308,0.046516049431598955
309,0.01882976757680117
310,0.17397946006961104
311,0.09539554599124216
312,0.009133554515665733
313,0.2233027072412703
314,0.10175540397566886
315,0.02939018750539822
316,0.14397361517097523
317,0.016064485464973615
318,0.1431149766291395
319,0.10622962607179479
320,0.08459153285478009
321,0.018835812592727475
322,0.010774686779099454
323,0.0727531036643125
324,0.007109170139722286
325,0.01851922131906878
326,0.0683852553781045
327,0.04106318811342581
328,0.04574233029648023
329,0.09927857830586707
330,0.18582969157009355
331,0.09146288683697987
332,0.06891564420103728
333,0.06092724146890398
334,0.0842032527443125
335,0.08667553387942731
336,0.016671197719980442
337,0.07570379771956066
338,0.6787417661950056
339,0.08249569746503015
340,0.13921416074275536
341,0.06020892559799146
342,0.07107288856134826
343,0.29092756508744444
344,0.1110338642867634
345,0.040905071933550786
346,0.17212334036681096
347,0.10083391220237045
348,0.04263497236414488
349,0.36197729664516803
350,0.17690636986360408
351,0.014389302584426446
352,0.04882339177527382
353,0.09252481632775941
354,0.1358956801423785
355,0.09009660838215741
356,0.045823868776550036
357,0.049779837149749755
358,0.25866926822633685
359,0.017155892107590272
360,0.07846599471637829
361,0.15769949941256314
362,0.028180704941138016
363,0.15111595250791054
364,0.04622218957080706
365,0.030704324531189046
366,0.14815399351349193
367,0.04353504010653658
368,0.04565789709997638
369,0.047735085661890136
370,0.01747959663653549
371,0.06261102510601987
372,0.10652363309856364
373,0.036746180058099334
374,0.15948852419113438
375,0.049199863795195184
376,0.048418489896401615
377,0.12267495678676481
378,0.03965377398139223
379,0.018902362730019554
380,0.214754715976235
381,0.060144501815311266
382,0.047891630416757064
383,0.12225378742187745
384,0.09991987183306157
385,0.1341533417653705
386,0.31872655928768334
387,0.14837036823974675
388,0.10955924137364387
389,0.030098188143327063
390,0.0696054954577058
391,0.06442207960357393
392,0.07181569341475086
393,0.03699021360906841
394,0.06493034981405481
395,0.07306182329095653
396,0.07897939308732625
397,0.026520093169318835
398,0.2843183023593221
399,0.019575687938066494
400,0.09863237972326996
401,0.08046533629172334
402,0.03264703873864092
403,0.19453077731086474
404,0.10060186649527957
405,0.11328062497308351
406,0.32521357003846735
407,0.026980500014825173
408,0.11961767505624946
409,0.227117156298934
410,0.021576495473427444
411,0.15419786856830173
412,0.034588179221460104
413,0.013518888673253621
414,0.2188750907053182
415,0.057070800797944445
416,0.22884747851976153
417,0.08898896157423081
418,0.025726566127711563
419,0.12818710908028633
420,0.11156695155070695
421,0.03576292678711983
422,0.04530831052566686
423,0.10515550641814059
424,0.08821533321629076
425,0.22255882322901593
426,0.021055149703916518
427,0.047484107101061844
428,0.13978323859851088
429,0.10155530189622197
430,0.05657182764238273
431,0.16193678531572533
432,0.10321875953122303
433,0.03444141508817172
434,0.11517739154274334
435,0.11520832675665937
436,0.03676252592306183
437,0.13289219628746943
438,0.04691918188411635
439,0.16011473639245724
440,0.13459914104192436
441,0.05089235373993458
442,0.11197283582260066
443,0.22109084183967975
444,0.2120238855994983
445,0.04190913720928244
446,0.07561703093999202
447,0.09442474834608568
448,0.06420219625246261
449,0.02848504416138677
450,0.17854382877326042
451,0.13402846569505245
452,0.17082947940680268
453,0.1407155535348666
454,0.580169250129814
455,0.11815523344996064
456,0.03801590659743462
457,0.27984196971826153
458,0.10952364068550975
459,0.12235362751341586
460,0.15143790876236152
461,0.06615237739176764
462,0.2846975759237835
463,0.058229242470613736
464,0.021969366741155103
465,0.08444172817154527
466,0.12586468864384803
467,0.0227511002336985
468,0.06274489619018597
469,0.2725994375698826
470,0.06602649437171156
471,0.09958436407812726
472,0.06860073003695145
473,0.17250209235593766
474,0.040219349709345445
475,0.1166956297748894
476,0.0634424675641044
477,0.053394606510884936
478,0.12984454425915487
479,0.05602519232894554
480,0.08188853997245318
481,0.026853966279122097
482,0.041368261699396496
483,0.1339357596125472
484,0.09681003529989798
485,0.038238269684972286
486,0.2791631542747362
487,0.18699849163185772
488,0.12636755374206546
489,0.2485148155893678
490,0.05752166245452489
491,0.24995742604438556
492,0.05790001744772867
493,0.1027184156032245
494,0.09139857646974581
495,0.03871874282587241
496,0.11476567959573399
497,0.08396584163462241
498,0.03854405242317324
499,0.061723099920187374
500,0.17738027044309662
501,0.03174767775430294
502,0.18087122231320069
503,0.034024059187920376
504,0.10407421185219289
505,0.10271404678050551
506,0.07936567688624256
507,0.13458984612432362
508,0.09568911334676547
509,0.3669618898965382
510,0.11849104679772234
511,0.15463011616039216
512,0.08401137519394393
513,0.3723418713940981
514,0.0674953472386085
515,0.045708013690929465
516,0.13634146339162473
517,0.06810049692887168
518,0.03819648012027543
519,0.23760305873467782
520,0.038498778111893374
521,0.10973412324233384
522,0.13876723928419665
523,0.16728817277799443
524,0.11473955838155685
525,0.35352638438650075
526,0.07831876695503842
527,0.03508627104887311
528,0.2685583649604542
529,0.18582372668287792
530,0.03640461200599131
531,0.3323531583137702
532,0.07386907381013319
533,0.07229317112476877
534,0.12520210272059393
535,0.1990571994048918
536,0.023380525702066807
537,0.3531009913231105
538,0.24463141206994304
539,0.037827838189597285
540,0.08474285595342106
541,0.12876630438161119
542,0.06559755596340756
543,0.3777091541494544
544,0.05846146496791867
545,0.07229833811075595
546,0.12960548353404647
547,0.05334777658133672
548,0.03751229664190956
549,0.16629298566343342
550,0.16100834939093267
551,0.06285865089286587
552,0.3073905605621005
553,0.07624032118730519
554,0.20507666872839336
555,0.06964468294051364
556,0.08598879299261751
557,0.051558931297503226
558,0.0953516026531574
559,0.11355361052230283
560,0.0695033758900524
561,0.07726356033865492
562,0.12554045481779666
563,0.07014966264477221
564,0.21733472699306594
565,0.03568920219170772
566,0.09476163370978612
567,0.20702800537591498
568,0.17387703191559234
569,0.07823456312838854
570,0.26609068604637715
571,0.03703578553082274
572,0.019496612942603353
573,0.4029708389619229
574,0.03257986899411216
575,0.016436378642318866
576,0.1647982135385969
577,0.43005331490764637
578,0.1172822657536364
579,0.24407513589798763
580,0.33958518123690856
581,0.6272099698534944
582,0.07598158714190759
583,0.2533743906176906
584,0.38048578630119884
585,0.30211701100838134
586,0.016888432460699782
587,0.4179081771850352
588,0.263153863706436
589,0.09548143736358786
590,0.20575943120572984
591,0.4471921662255314
592,0.20548296895860507
593,0.10307290552509712
594,0.0766515015956126
595,0.0664116724204086
596,0.3824501545679114
597,0.10629896366007574
598,0.04696589643723244
599,0.3604786430852802
600,0.24915862442874118
601,0.07543540063044597
602,0.17554833391099992
603,0.0795058424379351
604,0.022799512475061217
605,0.4879729701913284
606,0.09119284790025708
607,0.1552032377546466
608,0.12035929773927014
609,0.06695695344148025
610,0.05356736497275258
611,0.15575359907413372
612,0.17802431090378248
613,0.07317522052182386
614,0.01934682683000437
615,0.5972858715717946
616,0.08686341813078655
617,0.4115431268691027
618,0.1446324808843981
619,0.29251240757405933
620,0.08774700966519224
621,0.1281058039558854
622,0.21716412188547157
623,0.11600181025684683
624,0.061009488032006245
625,0.15709562201457242
626,0.22901280978763294
627,0.30121772205972414
628,0.07804153576465231
629,0.12080495511460199
630,0.4594224830694574
631,0.1323517459623207
632,0.37847940378984424
633,0.13978363608329533
634,0.06774310209016507
635,0.09178362774980343
636,0.06625232685224922
637,0.38120982234728606
638,0.1591907117666635
639,0.1897981730457773
640,0.11337758533208948
641,0.027418971934808484
642,0.4258718678296608
643,0.14968893447081527
644,0.09626522050153792
645,0.017113270237620413
646,0.18347719086292105
647,0.3574183291899626
648,0.0861686791335883
649,0.13325455083819895
650,0.14401313748131025
651,0.0931895668299757
652,0.04185649291729231
653,0.1354210202480023
654,0.03135836891920081
655,0.3376165875892592
656,0.10161592693735293
657,0.7710588681129009
658,0.16667681834464798
659,0.3708130270503611
660,0.4049700777991145
661,0.08020481884293063
662,0.17686877037508553
663,0.09096007493780317
664,0.3894500917434108
665,0.19719152465325773
666,0.06097795670662197
667,0.4439620637944011
668,0.025688159515843238
669,0.23858457763320412
670,0.028813005765868035
671,0.04359857586824544
672,0.32895058901624497
673,0.05277372433437628
674,0.027703709635017504
675,0.7426359586703604
676,0.10131331667142127
677,0.07354193136282204
678,0.27802327362836765
679,0.24387123897261018
680,0.2476962554974657
681,0.24834722987695612
682,0.2319085771053185
683,0.4821185001503538
684,0.1511353490972003
685,0.1356728037077863
686,0.9645916716025821
687,0.06475830292282958
688,0.16693265924884274
689,0.21351371526529764
690,0.039804347091955426
691,0.122688650491308
692,0.4074187004542503
693,0.14507216322331937
694,0.27542133132760344
695,0.31056840750164433
696,0.19565275874879118
697,0.04621043989219101
698,0.4185796104286752
699,0.049128873955745084
700,0.11850555289084569
701,0.27991308093063016
702,0.087524347673651
703,0.19287781867883297
704,0.21229299721382486
705,0.27085104942439103
706,0.09015006842342047
707,0.060741740205990075
708,0.13414793657199997
709,0.2631032201084578
710,0.5102819105683202
711,0.384457263787958
712,0.08743332589172505
713,0.9011394316315502
714,0.05409288446399069
715,0.04796579627391035
716,0.26359148688261913
717,0.216390268162569
718,0.46712539408930304
719,0.1908168590088532
720,0.0454637108274394
721,0.13431935777325524
722,0.30887857235236543
723,0.0660822766901907
724,0.28648735463844116
725,0.12957093010484336
726,0.4435519131651436
727,0.17998746332456866
728,0.21967914880674252
729,0.029454140909598664
730,0.05279338473843187
731,0.2417016420284438
732,0.018235269570559622
733,0.036792906050082466
734,0.1936571575063665
735,0.03676802597973123
736,0.04054277154459668
737,0.24278039462214293
738,0.14047715925958212
739,0.4132701340025116
740,0.07029278909880596
741,0.5338562629335073
742,0.11993191637367176
743,0.06904968987212382
744,0.22049532179093004
745,0.12133852637109933
746,0.10809005170436421
747,0.05969452432372864
748,0.11927383997362108
749,0.022851262656049712
750,0.05291662724337876
751,0.07345180698639592
752,0.17876353135206446
753,0.15931349126112035
754,0.1911286618753055
755,0.09554055088238869
756,0.1824035620748931
757,0.10798927330376709
758,0.09370450057807421
759,0.22991828928647637
760,0.12300304819775679
761,0.050715665367580515
762,0.21083716210312495
763,0.1618719754328346
764,0.20706942698973085
765,0.2949594759643498
766,0.3756792822535734
767,0.1429600580098327
768,0.14775562914408782
769,0.37462915502537325
770,0.3849363497345953
771,0.27538177296677446
772,0.2368252935293382
773,0.9430690812593903
774,0.1714693422919199
775,0.1578069907630033
776,0.30013514279597747
777,0.3248553898817906
778,0.39300686665440476
779,0.06289303576259286
780,0.28560790745108744
781,0.1893504837188978
782,0.1099318107289349
783,0.20162609636564247
784,0.023463896703589605
785,0.24462628801513903
786,0.4203486714031592
787,0.03171586204336958
788,0.10404045672631089
789,0.5675530037578628
790,0.1204067839791558
791,0.5566967707593713
792,0.18963810313492677
793,0.29756954191839824
794,0.041774442461979616
795,0.14897450744223475
796,0.2876255930487512
797,0.11137983500447826
798,0.3890991387460935
799,0.2011720111929395
800,0.21568788615800577
801,0.3930931846635024
802,0.04112626917516688
803,0.23020735183258292
804,0.022784939615699752
805,0.018818218960152386
806,0.20127633928862534
807,0.10240350830248915
808,0.04689115188299204
809,0.17989482494177764
810,0.056530218269496356
811,0.07750115056327553
812,0.19073243239901885
813,0.2690755956676132
814,0.43660802603252485
815,0.17492204846401146
816,0.0738704742133614
817,0.05636690412822104
818,0.22632329403631649
819,0.18576635397025568
820,0.09548812775528738
821,0.27491054582497615
822,0.19403657267065652
823,0.3941580452038754
824,0.3272873836207219
825,0.1837628042991189
826,0.31594268878025894
827,0.20143703665129914
828,0.025067178797630364
829,0.04347679335621554
830,0.08163664070398687
831,0.14651289631631087
832,0.310251237467877
833,0.185654089888398
834,0.23345141067439018
835,0.0878636825325355
836,0.39644315486327475
837,0.07081342513450871
838,0.5126640963538474
839,0.12599901417499382
840,0.04405062341341829
841,0.19890464063326968
842,0.35760195550536666
843,0.6474621250269974
844,0.051525528476465715
845,0.0467132695777755
846,0.2914990464813892
847,0.6103470507878151
848,0.19190925268407114
849,0.4625991243763159
850,0.2081564364160507
851,0.15515574149191452
852,0.11639875058298851
853,0.4834243729275745
854,0.39913854861904347
855,0.05517178864148841
856,0.04942585905635291
857,0.07440028170561289
858,0.12899630210831953
859,0.041294925197444377
860,0.6365516270876478
861,0.2761016880146345
862,0.034746483176517615
863,0.05361764368737525
864,0.44285175952364697
865,0.040369431737385136
866,0.27082553214004945
867,0.7775677500925257
868,0.2966440778361523
869,0.5065263973146369
870,0.16701142419075296
871,0.05095608747791947
872,0.05126309043060578
873,0.05537323427224076
874,0.11574467188917074
875,0.086464728682333
876,0.06378038890095974
877,0.028836357195144866
878,0.3047420787183388
879,0.18579307273978352
880,0.26189934047106883
881,0.16836388616059272
882,0.0845197637556096
883,0.04397027608691749
884,0.4026943352013959
885,0.2178162222083182
886,0.32944506213641817
887,0.05710820528298533
888,0.2198167397178941
889,0.09474964235278292
890,0.42228687232572676
891,0.0713687848201184
892,0.1034181849813383
893,0.18278952545532967
894,0.13953757055338534
895,0.15529893473781525
896,0.5512862880606668
897,0.19180919494374782
898,0.5602489569930373
899,0.392270176989432
900,0.07720610258076903
901,0.5157820550533468
902,0.05291128612374664
903,0.16138473410484966
904,0.04248520342106046
905,0.08670377630064383
906,0.5164090715231606
907,0.3354623074800059
908,0.2769050749290849
909,0.7864576179648247
910,0.09644833041191185
911,0.2678527349315185
912,0.45386443581868136
913,0.16098354563345796
914,0.6046360031940883
915,0.05837659664340501
916,1.4646292067505893
917,0.022987987660629972
918,0.4807401127588701
919,0.07519804362628679
920,0.7297176215275011
921,0.05962740172116257
922,0.10620627309723236
923,0.2790304973606223
924,0.022899792340965303
925,0.10100840299114258
926,0.1369589852813981
927,0.20094480469075485
928,0.2388527478440807
929,0.14973260835465188
930,0.1095197176568065
931,0.11093736016060934
932,0.029584149417729782
933,1.0010582416870313
934,0.13305679503622994
935,0.4036066984130229
936,0.03794936044256916
937,1.0523770587875716
938,0.13026119183626367
939,0.5014243800246724
940,0.17331266506524717
941,0.71610110875834
942,0.2690979588262848
943,0.6316925994834208
944,0.05676144467669712
945,1.0127627686281684
946,0.087863835594195
947,0.2952713465071996
948,0.3672469274726672
949,0.7149359729691825
950,0.394464494944627
951,0.23467491023786052
952,1.0760036713852497
953,0.5346166351753467
954,0.5158593232173525
955,0.698584848759954
956,0.13525593254818472
957,0.7213658611368341
958,0.26638075918435394
959,0.15155059670255278
960,0.15149712757845202
961,0.3840422345914308
962,0.404149877640277
963,0.15316049443356566
964,0.29777559027865735
965,0.026221461899068425
966,0.11188742620041012
967,0.11578038271117282
968,0.09637764577497498
969,0.06136360739911565
970,0.0716253037300336
971,0.0637421327174857
972,0.30103360499714876
973,0.07315874804204288
974,0.15583059892374523
975,0.11660176054316602
976,0.06415534107290263
977,0.23621628665080716
978,0.08820190483304106
979,0.31882095091931006
980,0.2520813664539961
981,0.18002996235324237
982,0.241527599905245
983,0.08144834401968468
984,0.5246420555593366
985,0.1348955986396005
986,0.23725276835115966
987,0.05198521013510839
988,0.27125682395764306
989,0.13736084447983612
990,0.19691788814168884
991,0.05634493548053441
992,0.3764494452114036
993,0.04798873187540869
994,0.429756366121363
995,0.14226657774331913
996,0.1863390067836346
997,0.2067263525748407
998,0.14862057016064995
999,0.05660411107425828
1000,0.32427958405199453
1001,0.2020906431026784
1002,0.1797903166053637
1003,0.7869717529812779
1004,0.07409782452629776
1005,0.10261094295642724
1006,0.8274604584020264
1007,0.3372736709271602
1008,0.3565531531404079
1009,0.1046731340230157
1010,0.975893890671555
1011,0.27768941772337735
1012,0.20238522201148895
1013,0.07347848558146436
1014,0.07944949629042325
1015,0.25424151868860556
1016,0.4840931805228802
1017,0.23998732920517854
1018,0.2793853944778953
1019,0.4835038331391679
1020,0.3047074014019728
1021,0.11377211822230883
1022,0.040555972318558606
1023,0.40735121301769284
1024,0.1534061044470859
1025,0.29501469193100793
1026,0.24566655991309586
1027,0.20511385925836154
1028,0.36025617654214676
1029,0.07705815716828739
1030,0.31922555440033284
1031,0.2218658811728841
1032,0.17445825253176522
1033,0.8263140883531523
1034,0.06697289589948953
1035,0.20931256359545541
1036,0.4336228761727005
1037,0.1495842171343514
1038,0.18269986773173347
1039,0.11368485964923856
1040,0.5977841215779562
1041,0.37247730275834945
1042,0.2692633831127702
1043,0.45375284484520234
1044,0.36946406398128434
1045,0.43488907203273264
1046,0.3328134389506773
1047,0.6236309699967849
1048,0.19826885207318937
1049,0.19140769306800376
1050,0.32759442290657986
1051,0.41377859711342724
1052,0.060491624798352246
1053,0.3354961767132705
1054,0.42750775369286764
1055,0.05169163395767605
1056,0.11599974722970008
1057,0.17851644357709223
1058,0.04216120426603669
1059,0.22414891730401965
1060,0.13640144527324477
1061,0.14741936152932722
1062,0.16085344451427203
1063,0.1438061067993257
1064,0.42448687068927576
1065,0.7030216505322535
1066,0.11699537204155488
1067,0.13544979533556403
1068,0.07543242602878664
1069,0.12481883055109952
1070,0.9117704571665738
1071,0.11200670583412162
1072,0.28396625673966447
1073,0.2972101444867449
1074,0.24282388795676535
1075,0.2451401567469011
1076,0.026220411886819683
1077,0.19616662145435484
1078,0.24422815988789393
1079,0.13907204457049135
1080,0.45256091912848534
1081,0.05392168854242659
1082,0.16585531330363346
1083,0.31023233721783083
1084,0.12300841819075994
1085,0.6344956249732842
1086,0.18326897141500217
1087,0.30086812079641073
1088,0.1441607620992964
1089,0.22730116996445768
1090,0.062102192640863356
1091,0.08250685104632377
1092,0.24352750196628703
1093,0.2547061476027776
1094,0.49929638072270116
1095,0.34579123350559415
1096,0.20020188116071322
1097,0.22946628468403502
1098,0.02966819619090029
1099,0.1669710789659233
1100,0.36058194201072813
1101,0.33375185367322885
1102,0.1438389679298435
1103,0.1000003318398087
1104,0.6273515019366998
1105,0.2900774093363029
1106,0.05032095732512701
1107,0.34118968803724
1108,0.21834972894568092
1109,0.1582694779658515
1110,0.15985146960282076
1111,0.12585397005573368
1112,0.04729564561718277
1113,0.1101245716258459
1114,0.039801643962828655
1115,0.09636824516830873
1116,0.31038367197681693
1117,0.13548909879159138
1118,0.6447463870575608
1119,0.1270400921761428
1120,0.5283877843661554
1121,0.6448706977463895
1122,0.1074929295989689
1123,0.7689803164931469
1124,0.10596072677721602
1125,0.14370348862273055
1126,0.7637820957409428
1127,0.051486258511648224
1128,0.29538835758485765
1129,0.20074543293996078
1130,0.09015057548893352
1131,0.5069178377302074
1132,0.139727967467524
1133,0.665738610897712
1134,0.7290011668968542
1135,0.26309967473588725
1136,0.1769391914176244
1137,0.797004834097656
1138,0.3006433948559221
1139,0.29057673715281224
1140,0.7909398468726837
1141,0.06786508199455926
1142,0.7925594901269626
1143,0.6341336578525718
1144,0.08777432008112555
1145,0.7620869492600029
1146,0.30620950843386485
1147,0.4434517379900053
1148,0.4450835012863595
1149,0.22536969621972486
1150,0.7513813919118915
1151,0.2967700110929198
1152,0.1495674286879792
1153,0.07150470043131492
1154,0.5295132284508756
1155,0.0739987318174991
1156,0.02742570941812596
1157,0.5762015145678956
1158,0.17450227803871982
1159,0.04958708909722585
1160,0.40043093973327126
1161,0.23086719456407315
1162,0.17328185476300378
1163,0.1024362200474764
1164,0.14961719695077164
1165,0.12376904460439478
1166,0.14747404055284108
1167,0.1557382786355168
1168,0.09579918255407188
1169,0.4702556640690848
1170,0.22674537706153702
1171,1.0086869865844754
1172,0.518047813525049
1173,0.3070333615314638
1174,0.04650543081370341
1175,0.5456283650258432
1176,0.2063330700593774
1177,0.9292372178625443
1178,0.11542776431605693
1179,0.9130353970731976
1180,0.05235477861819677
1181,0.1446568091231195
1182,0.5416798534756643
1183,0.04974344406302803
1184,0.5760629235332991
1185,0.06927325136075019
1186,0.5400929883152346
1187,0.03556584399482494
1188,0.200916473468898
1189,0.05133742905874012
1190,0.19621647096755368
1191,0.03635635582036906
1192,0.3586270978222497
1193,0.15303802980855763
1194,0.20489951462667413
1195,0.17866446136043837
1196,0.5240252657490969
1197,0.16152020059564176
1198,0.05376037549758476
1199,0.39778536068745796
1200,0.12620672189908294
1201,0.21625329434206597
1202,0.3535773604772031
1203,0.4621585718295592
1204,0.44191857453592037
1205,0.40231840522814166
1206,0.18339020251605026
1207,0.2771061694835689
1208,0.3014087445407266
1209,0.6011353046604696
1210,0.055857843005529165
1211,0.47071404581496373
1212,0.056627147668233804
1213,0.36932198353736956
1214,0.0719915790168011
1215,0.296118979415666
1216,0.44707944854616344
1217,0.7818865120429705
1218,0.39176297238859575
1219,0.07870151262853424
1220,0.3959580691944718
1221,0.12211362809447987
1222,0.7283010579167699
1223,0.21814914353015746
1224,0.28181798407550834
1225,0.36329320182611435
1226,0.20954518065389757
1227,0.6799872057649514
1228,0.15312796478830354
1229,0.6481911938330772
1230,0.18219755634186557
1231,0.5659267911695479
1232,0.13550399735144159
1233,0.5365707552561798
1234,0.4655248912362214
1235,0.3683332727210672
1236,0.46790521370014004
1237,0.47054838268622007
1238,0.20346603360819132
1239,0.37732563610085074
1240,0.2964654469973764
1241,0.07078531979589793
1242,0.14436999071879789
1243,0.2588174099587703
1244,0.5486897815717574
1245,0.3064635937805204
1246,0.3538245527880511
1247,0.3530360936144654
1248,0.027348570910064977
1249,0.03189312405318376
1250,0.07817558849403462
1251,0.03522272985948448
1252,0.37160180414339566
1253,0.14741484491223547
1254,0.13419386476807713
1255,0.3832567543273429
1256,0.187168023498454
1257,0.22039062922675418
1258,0.3140396921509258
1259,0.38594428788805407
1260,0.04437976481687983
1261,0.04027800514385471
1262,0.10170598264388307
1263,0.09395944809877965
1264,0.15010474881733699
1265,0.2627473153070119
1266,0.7118242580774901
1267,0.44605426382420066
1268,0.24180971136799595
1269,0.8538845041633188
1270,0.13329848976976902
1271,0.5332883569085954
1272,0.15539929267830344
1273,0.034604025357623205
1274,0.5629474328407548
1275,0.4512124556531622
1276,0.1478789865746232
1277,0.5538354601418161
1278,0.5241780284730179
1279,0.1598779533060164
1280,0.13049377766443154
1281,0.8667162167037431
1282,0.3945376512342856
1283,0.3410648307096544
1284,0.11127430598178717
1285,0.3784196149436834
1286,0.16672906933442846
1287,0.37074103808351383
1288,0.3132505599876195
1289,0.4294298667612534
1290,0.3745265777509828
1291,0.24479442218346226
1292,0.10392928557901855
1293,0.3280153027847746
1294,0.505755375180595
1295,0.16859213331119444
1296,0.13059300398475554
1297,0.34925714040442124
1298,0.5951403307126207
1299,0.44294045468499116
1300,0.3937027311605945
1301,0.14196768003146462
1302,0.6162109824784076
1303,0.17909469898843428
1304,0.07508342398765988
1305,0.17291135608709318
1306,0.10456852135415065
1307,0.06321425265177971
1308,0.47679748384624526
1309,0.10411532653152426
1310,0.3767323293829091
1311,0.34057899222863924
1312,0.06810153825503892
1313,0.22037330771047664
1314,0.0680043300735817
1315,0.34760902470264066
1316,0.33685633958214684
1317,0.47273956473763085
1318,0.21637655937738437
1319,0.10311562387812892
1320,0.31516951910092456
1321,0.559238852608788
1322,0.17995166155538833
1323,0.3992618345500022
1324,0.3074734921114302
1325,0.42858932269822847
1326,0.24391338185922026
1327,0.03682482134497888
1328,0.7252815411254696
1329,0.47701226514010175
1330,0.3329653667841989
1331,0.2712354557774164
1332,0.1945335485898634
1333,0.20872345765055417
1334,0.029424954140785355
1335,0.5321134255193405
1336,0.11149291194833538
1337,0.06322115488636616
1338,0.19964869869148055
1339,0.12301370743648349
1340,0.4391137078142027
1341,0.5722776409382005
1342,0.15618713665385162
1343,0.1340248127031591
1344,0.14256981818829312
1345,0.0847092886282991
1346,0.12477310450223333
1347,0.4493007854722699
1348,0.11559499354233121
1349,0.3960613248536395
1350,0.18907222144629726
1351,0.35239425597383206
1352,0.03897208955218217
1353,0.11021086208578004
1354,0.2361665801665426
1355,0.10617196973488631
1356,0.08184607135576694
1357,0.18841425952426877
1358,0.15182539162169728
1359,0.31259215112792865
1360,0.2487016880863839
1361,0.2502154306520439
1362,0.3459416784111692
1363,0.25321845450166647
1364,0.052006291675081015
1365,0.22444042532342204
1366,0.10747794737673785
1367,0.39317568071921505
1368,0.11549485773866967
1369,0.24207958336011215
1370,0.6310720679789157
1371,0.1224913305729576
1372,0.1513066637523762
1373,0.25702161196506124
1374,0.10340283270966817
1375,0.2317900215147705
1376,0.0928592238171368
1377,0.30518150134995214
1378,0.19378483593925777
1379,0.28222173897456987
1380,0.1539974317374157
1381,0.4034191174768833
1382,0.24344651050083815
1383,0.03537981242546069
1384,0.26689421955277765
1385,0.09818936803958528
1386,0.08475619714654009
1387,0.5522484347668318
1388,0.15167035129604456
1389,0.10904453157748357
1390,0.3775115028601557
1391,0.09661971082401782
1392,0.19743099294039493
1393,0.15993633633172621
1394,0.05409144729463973
1395,0.1702870172267139
1396,0.23817235023660632
1397,0.18924224718926214
1398,0.049929770901771364
1399,0.9274823184019615
1400,0.06514943196359743
1401,0.5082144094608978
1402,0.33959687709653
1403,0.8502796122062618
1404,0.23493896226169272
1405,0.5094601962926816
1406,0.18851124321334445
1407,0.338995741399787
1408,0.4133014210191055
1409,0.2938057879618378
1410,0.08111419553900819
1411,0.7084118711683953
1412,0.06122427063778156
1413,0.5941662658360075
1414,0.16620959642628183
1415,0.7251698105543404
1416,0.08873465296167606
1417,0.2079889219402735
1418,0.22113269912647712
1419,0.3308157743765656
1420,0.36779669980192137
1421,0.11379513405218422
1422,0.8157728975441153
1423,0.2845311105028913
1424,0.12128177685598275
1425,0.047598173449783336
1426,0.2686640077277861
1427,0.14474090426471684
1428,0.2996436721400955
1429,0.1056312848387207
1430,0.12193526570696558
1431,0.05562935461087537
1432,0.18404364281443295
1433,0.15937539823308736
1434,0.48863905073824143
1435,0.17366726932570808
1436,0.06864050781070766
1437,0.0577274657145648
1438,0.2869811568422985
1439,0.1356358747707553
1440,0.08885613485820765
1441,0.2863969598427131
1442,0.17842654176843264
1443,0.0697167179933038
1444,0.3881955245646068
1445,0.2306220108446622
1446,0.28645146258899895
1447,0.23908170666189307
1448,0.10884518408076602
1449,0.12449273497091895
1450,0.16774561322077833
1451,0.4855294836262878
1452,0.09201838179034322
1453,0.05039755242721245
1454,0.232649475065549
1455,0.06122850826478326
1456,0.029109450929578583
1457,0.28634738168047263
1458,0.07192592942316617
1459,0.08072094830777635
1460,0.39254762438967056
1461,0.37479497165869197
1462,0.2396240387633998
1463,0.1933681049128335
1464,0.2463933697162408
1465,0.26233450008591264
1466,0.05121325721713285
1467,0.19724346207483814
1468,0.03232262454836647
1469,0.09909112940544346
1470,0.22621390844863434
1471,0.10373356507377525
1472,0.045334157736828626
1473,0.41753592217438906
1474,0.1011551517280047
1475,0.03200961650172227
1476,0.22618810283912202
1477,0.3295841194236929
1478,0.04877294440337737
1479,0.4992401014005467
1480,0.1445293064641706
1481,0.7381265992144891
1482,0.17637578605643872
1483,0.4200194370681771
1484,0.27749305074814057
1485,0.501537195858177
1486,0.08742044530149928
1487,0.220496546686059
1488,0.05340790969351908
1489,0.3063628839056055
1490,0.3113385929341694
1491,0.10428823319658156
1492,0.09137962015672797
1493,0.17228985250247
1494,0.30246197521315044
1495,0.29034478526891694
1496,0.038316573548355895
1497,0.07183088159354505
1498,0.15013170128254077
1499,0.14858882104625068
