Round,MSE
0,0.09973466878318384
1,0.09991440840518939
2,0.1001511403606988
3,0.1003230636293788
4,0.10049690576967073
5,0.10062819576042785
6,0.10083138330048892
7,0.10103568680148417
8,0.10118539048141283
9,0.101391091517878
10,0.10150807712845962
11,0.10166325966870204
12,0.10180221561599134
13,0.10196860276507405
14,0.10207531557812273
15,0.1021771881813103
16,0.10227312924297083
17,0.10240221530056397
18,0.10251432304093798
19,0.10256371640736865
20,0.10265306716399901
21,0.10275925321286916
22,0.1028774394700727
23,0.1029526074459999
24,0.10300600535824724
25,0.10301627430433513
26,0.10311995911784756
27,0.10315873722673871
28,0.10321303502983632
29,0.10326987834132646
30,0.1033180773190605
31,0.10332343009275728
32,0.1033198668011324
33,0.10334811168800381
34,0.10336992331762869
35,0.10337567538401679
36,0.10333307983446074
37,0.10330480146142554
38,0.10328592809098927
39,0.10327319023363286
40,0.103250908860336
41,0.10325298751531518
42,0.10321655079948464
43,0.10311721313234816
44,0.10305211166990677
45,0.1030240699960905
46,0.10300546786569081
47,0.1029505700575106
48,0.10288387583784797
49,0.10277379402559558
50,0.10269956805475337
51,0.10258918606580353
52,0.10250241149554785
53,0.10237217022183083
54,0.10227103399262585
55,0.10213533082090605
56,0.10204919039193219
57,0.10185596509652341
58,0.10172866952008737
59,0.1016160928680862
60,0.10145454913610998
61,0.1013097974734533
62,0.1011352310613361
63,0.10094481512396188
64,0.10074726765649027
65,0.10055138020347953
66,0.10037560403916757
67,0.10015992240505785
68,0.09995894171975538
69,0.09971349279704875
70,0.09949333525965699
71,0.0992342527778888
72,0.09898774774646303
73,0.09874811101047186
74,0.09849037665081846
75,0.09822253829341575
76,0.09793638514332278
77,0.09766040369679041
78,0.09739013907373317
79,0.09718150458270902
80,0.09690603464514919
81,0.0966184208882776
82,0.09633517294305795
83,0.09608753872307672
84,0.09582323689596828
85,0.0955478513750684
86,0.09528819368150736
87,0.09496191566199147
88,0.09470242011755531
89,0.09441841870600842
90,0.09410586234978144
91,0.09376585039820932
92,0.09344030356515517
93,0.0931339610710417
94,0.09283644123059623
95,0.0924932581621306
96,0.09221197869861728
97,0.09186106637220527
98,0.09153224767513407
99,0.0911531392267274
100,0.09084089982838832
101,0.09051435723375202
102,0.09009319051874186
103,0.08979688647025605
104,0.08944503376993083
105,0.08905248070089808
106,0.08871635114214389
107,0.08832819726766124
108,0.0879260332580866
109,0.08758055340479805
110,0.0871725340847188
111,0.08679633589662446
112,0.08647205361741864
113,0.08606473765193531
114,0.08571729663697941
115,0.08533597441404267
116,0.0849331752826143
117,0.08456707212566897
118,0.08418705771801131
119,0.08376413445709802
120,0.08338118820650266
121,0.08295563729652326
122,0.08257170214465177
123,0.0821518787634869
124,0.08180607458518661
125,0.08143436215880388
126,0.08107041682941156
127,0.08071348675346013
128,0.08035103285897924
129,0.07998609309983702
130,0.07963910773335946
131,0.07924216426842025
132,0.0788697369195641
133,0.07846187181252763
134,0.07813400077114292
135,0.07780887068466684
136,0.0773860579368146
137,0.07692604811004314
138,0.076536992933044
139,0.07616672554568407
140,0.07579809311851358
141,0.07544089102835978
142,0.07503438480976045
143,0.07468200098581185
144,0.07430348822986471
145,0.07392619836750053
146,0.07352423584925807
147,0.0731634220396659
148,0.07278123241091744
149,0.07239713135502875
150,0.07205732562073701
151,0.07170394724831096
152,0.07135318250045432
153,0.07098815895115818
154,0.07061356550334807
155,0.07025736195109537
156,0.06987851714283941
157,0.06953657097572355
158,0.06916271814688023
159,0.06882980352685988
160,0.0684586399453171
161,0.06808885894624235
162,0.06771708267629618
163,0.06734143482519107
164,0.06700030202430723
165,0.0666694228235085
166,0.06635330913585377
167,0.06599258652331046
168,0.06566946595267684
169,0.06535415257318175
170,0.06504791312259911
171,0.06472961532162126
172,0.06440535241468738
173,0.06411072181823496
174,0.06376277272183752
175,0.0634460339695168
176,0.06312273075150608
177,0.06280693362206383
178,0.06246649656856541
179,0.06217433921204167
180,0.06187588410041899
181,0.0615459387626722
182,0.061224170620930024
183,0.06090438957773169
184,0.06056725474848376
185,0.060243049623112575
186,0.059975725587432166
187,0.059664181761553046
188,0.059355296887538864
189,0.059041106510383315
190,0.058735133032578504
191,0.058415677478075835
192,0.058123472323695614
193,0.0578371842085341
194,0.05755405236962702
195,0.05727899574788121
196,0.056961921927021444
197,0.056662626694793834
198,0.056390530949512956
199,0.05611584398107854
200,0.055844338377558464
201,0.05557834452745051
202,0.05528250272924993
203,0.055026874749207186
204,0.054754865950867905
205,0.05447962339729081
206,0.05420689419134383
207,0.05397921056692528
208,0.05373573199872967
209,0.05348639539161759
210,0.053237329595314374
211,0.05299631388001328
212,0.05277846998935439
213,0.052536034896357345
214,0.05229687777974925
215,0.05207692585086264
216,0.051851965341698954
217,0.05165317265153234
218,0.051416722481105646
219,0.05118524426255846
220,0.05096829531018887
221,0.050755476956564655
222,0.05053813423893735
223,0.050327272621455706
224,0.0501161535188347
225,0.04991659928122776
226,0.04972564630981471
227,0.049528170509215895
228,0.04934619969819355
229,0.04915619013288449
230,0.04895302950854159
231,0.04875676642394037
232,0.04856491626284115
233,0.04837008796792611
234,0.04816917131091085
235,0.04797202427448598
236,0.04777352132947691
237,0.047613225119621204
238,0.0474445401719584
239,0.0472706987895417
240,0.047094458525290026
241,0.04691245223319124
242,0.04675541893916105
243,0.04659974132264274
244,0.046435156696576295
245,0.04626575668795919
246,0.04609727963272172
247,0.04593881750986525
248,0.045775828713322836
249,0.04561127899930323
250,0.04544522574429503
251,0.04528994017404451
252,0.04514311280102879
253,0.04498017466432999
254,0.04481550401511127
255,0.044679077672905285
256,0.044542342736618286
257,0.04438943972286659
258,0.04423878814058968
259,0.044101547056836686
260,0.04397858783275703
261,0.043838946367495746
262,0.043693299314946754
263,0.04355670974701079
264,0.043412025205771275
265,0.043278461683416564
266,0.04314527608017916
267,0.04302229009872292
268,0.04289135407206805
269,0.042758192714002156
270,0.04262996412168178
271,0.04250673237866587
272,0.0423830611859724
273,0.04225815490874155
274,0.042136136554101936
275,0.042014685099408006
276,0.04189309135701258
277,0.04177616169284117
278,0.04166220405729847
279,0.04155579355101379
280,0.041437911945731896
281,0.041322523151555296
282,0.041221888283084374
283,0.04110265326941343
284,0.040996248443588165
285,0.040893464380634965
286,0.04078813207348937
287,0.04068935947083446
288,0.040585252349059416
289,0.04049297894985037
290,0.04039781684309251
291,0.04030615913173698
292,0.04021017891110478
293,0.04011721264685609
294,0.040040873863288994
295,0.03996362181521011
296,0.039871438585707596
297,0.03978286872608428
298,0.03970578600495541
299,0.03962104178116734
300,0.0395496465321133
301,0.03947811663558882
302,0.03940335164810408
303,0.03933378750287274
304,0.039260969514035855
305,0.039178447088756806
306,0.03910330207045268
307,0.03903045687716256
308,0.0389592415496738
309,0.038894439243729484
310,0.03883451946740099
311,0.03876934979997642
312,0.038711991174733194
313,0.03864456642974401
314,0.0385877701454057
315,0.03852777462119224
316,0.03847781579894401
317,0.038420585055393044
318,0.0383669810061738
319,0.03831080102514523
320,0.03825919523187256
321,0.03821764310221987
322,0.03817528344914663
323,0.03813079086654951
324,0.03809149041509304
325,0.03804770083170254
326,0.03799799620436521
327,0.03795987222764983
328,0.03791972412598386
329,0.03788594341947616
330,0.03784936828831641
331,0.0378136272169561
332,0.03777886728165876
333,0.03773618640007085
334,0.0377052626794009
335,0.03766666536719055
336,0.03764008437634084
337,0.037605970115815825
338,0.03757116030414303
339,0.03754603125941712
340,0.03751562837683061
341,0.037492474540177734
342,0.037468454613409745
343,0.03744151024293509
344,0.03741980608746821
345,0.03739740341633802
346,0.03738160281101875
347,0.03736601641008685
348,0.03734534807288103
349,0.037322926250602385
350,0.03730368943440288
351,0.03729077855264936
352,0.037274709108882226
353,0.03725777725370109
354,0.03723484089460385
355,0.03722757092103847
356,0.037226639935954736
357,0.03721684060996835
358,0.037216354205664055
359,0.03720813033111746
360,0.03720248860517538
361,0.037205919795418395
362,0.03720817265418174
363,0.03720517423023949
364,0.037204337344635414
365,0.037202964357066014
366,0.03720897437693402
367,0.0372079760560506
368,0.037216398408077986
369,0.037219672358575324
370,0.037228466638679084
371,0.03723461748682492
372,0.03723960597881117
373,0.037240020556251044
374,0.037245723353933856
375,0.03725338616039965
376,0.037254061766602446
377,0.0372633981738462
378,0.03727558427682684
379,0.03728843759937374
380,0.037295919218754824
381,0.03730267017111916
382,0.03731425476974204
383,0.03732294061510962
384,0.03733620339488446
385,0.03733856916130901
386,0.037355960936740096
387,0.037371864462398964
388,0.03738392592085029
389,0.037392994694992
390,0.03739988900222074
391,0.03741712214654691
392,0.037437802278507695
393,0.03745904670481448
394,0.03747173855482058
395,0.03749041156060087
396,0.03750666643183353
397,0.03752909300979594
398,0.03754050519918013
399,0.037554267510737545
400,0.03756746943810159
401,0.03758331079712194
402,0.037599363933219596
403,0.03762289630342601
404,0.03764634493283841
405,0.0376646968918149
406,0.03768966708278205
407,0.03771448074831286
408,0.03773425524356823
409,0.03775533859436738
410,0.03777248227795636
411,0.03779480254814216
412,0.037816754852819996
413,0.037835392617145996
414,0.037854263395730496
415,0.037878105104989936
416,0.037901136791897265
417,0.03792074759280407
418,0.03793851392448603
419,0.03796266872153655
420,0.03798548146701695
421,0.03800374177813465
422,0.03802307268011889
423,0.038043651746417426
424,0.03806290051319029
425,0.03808268336499092
426,0.03810422170788414
427,0.038121553112773085
428,0.03813897436804643
429,0.03815985605799101
430,0.03818430641893122
431,0.038204225536585534
432,0.03822461938636075
433,0.038242345132019254
434,0.03826321945753531
435,0.038282714516152845
436,0.03830232120795849
437,0.038326833086902885
438,0.03835011579554842
439,0.038368512858551564
440,0.03839050949050918
441,0.03841215600416383
442,0.03843402197051633
443,0.03845330211330629
444,0.03847430569591447
445,0.03849199050891907
446,0.038511260712973394
447,0.038529919328893734
448,0.03855184435408746
449,0.038573269472101615
450,0.03858926016632484
451,0.03861181708792969
452,0.03863323183366082
453,0.038653454370215605
454,0.038674614804768734
455,0.038692067201852025
456,0.038712385245373106
457,0.03872730431234569
458,0.03874602514619829
459,0.03876152281268483
460,0.03877856371070546
461,0.03879589365853182
462,0.03881359102582159
463,0.038829674778544106
464,0.03884692519285444
465,0.03886242880452846
466,0.038874883634378375
467,0.038888927744040534
468,0.03890516410419873
469,0.038921582973966515
470,0.03893468109015809
471,0.03895048283224441
472,0.03896607705619032
473,0.03898015694210875
474,0.03899165575813032
475,0.03900636561111138
476,0.039019906178421104
477,0.03903300097077772
478,0.03904812422310272
479,0.03906198067726019
480,0.03907871731691533
481,0.03909307079060599
482,0.039101432432655896
483,0.03911299586684046
484,0.039124171503727156
485,0.03913399894622978
486,0.03914780265895714
487,0.039160491950163225
488,0.03917162721937715
489,0.03918142015408178
490,0.03918896144601511
491,0.03919179265449343
492,0.03919586900167018
493,0.039202489502854335
494,0.039208982025659915
495,0.039211407461586814
496,0.03921270506247098
497,0.03921653479347965
498,0.03922037633534458
499,0.03922709893224628
500,0.03923786869146654
501,0.03924178003177631
502,0.03925010755418992
503,0.03925087703711203
504,0.039250264330785344
505,0.039246278773968
506,0.039246764800774075
507,0.03923964950514559
508,0.03923788408743909
509,0.03923373073195459
510,0.03922893841728627
511,0.03921791078931509
512,0.03920994269151518
513,0.039202990773885164
514,0.039206429174925776
515,0.03919697543961531
516,0.03919345004544124
517,0.03918696944110335
518,0.039183242268433637
519,0.039183264564795116
520,0.03918255097924015
521,0.03917700127490436
522,0.03916811193130917
523,0.039166159067622074
524,0.039161794243661445
525,0.03915044953178196
526,0.039151776959907826
527,0.03914448030056898
528,0.03913489077015325
529,0.03912959068805094
530,0.03912229054059284
531,0.03911284378287124
532,0.039103018291890404
533,0.039092833608696705
534,0.03907997011206601
535,0.03906964087914455
536,0.0390596024603266
537,0.039043661841686
538,0.039035351920047284
539,0.039021689886677466
540,0.03900529959163737
541,0.03898755058268793
542,0.038974150428439026
543,0.03894791512694975
544,0.0389369919269725
545,0.038919107007811475
546,0.038913089042319
547,0.038898857824428736
548,0.038869940300751166
549,0.03885398869267873
550,0.03883619410188944
551,0.03882262149772326
552,0.03880775780325388
553,0.03879208845917804
554,0.03877933879325819
555,0.03875749629948226
556,0.03873701820063038
557,0.03871916542255678
558,0.03869619644500676
559,0.038678651269374725
560,0.038652693162585246
561,0.03863680549157376
562,0.038616479042643995
563,0.03859572160658514
564,0.03857307218013528
565,0.03854946321775682
566,0.038530216829128466
567,0.038505562495572056
568,0.038483894031609144
569,0.03845765591621006
570,0.03844753096031349
571,0.038420850706217834
572,0.03840046700162928
573,0.03837315575886824
574,0.03835293646322433
575,0.038338341803834636
576,0.038312401933129396
577,0.03829533328125582
578,0.038265224748695516
579,0.03822139539703472
580,0.038200963689098304
581,0.038186634516404167
582,0.03816596754254628
583,0.03813285503751843
584,0.038107629065100304
585,0.03808098959744919
586,0.0380474362978486
587,0.03801233910907787
588,0.03798733999900868
589,0.037960018181260435
590,0.03793778878819555
591,0.0379130362671316
592,0.037892145213570226
593,0.0378526167333028
594,0.03782096677904231
595,0.03778747653509311
596,0.03775800660593427
597,0.037727090094785115
598,0.03770407437486914
599,0.037664258385152596
600,0.037637484457356846
601,0.03761632984162376
602,0.0375885804968655
603,0.037556335068733356
604,0.03752874692703053
605,0.03749315437644197
606,0.03747105557504417
607,0.03744781037619528
608,0.03742144676147175
609,0.03739049171043608
610,0.03735571209851605
611,0.03732286155190441
612,0.037295499589940065
613,0.03725433809477559
614,0.03722154584148833
615,0.03718536396297597
616,0.03716174903702937
617,0.03713333995410637
618,0.03710649947306739
619,0.03706448687480452
620,0.037022655712664894
621,0.03699113281331738
622,0.036953999101235147
623,0.03691428312702163
624,0.03688913246547591
625,0.0368555209042352
626,0.036821515188201
627,0.03679261664115482
628,0.03675641737680617
629,0.036724666745429894
630,0.0366893769196627
631,0.036654757098002554
632,0.03662985237831602
633,0.036602790734815
634,0.0365808019826322
635,0.036554594302606276
636,0.036512942648843486
637,0.03648330555994533
638,0.03646475862559791
639,0.036428908793750846
640,0.03639796317149234
641,0.036358099314921774
642,0.03632779803666404
643,0.036301090631431276
644,0.03627018091421888
645,0.03624603705654136
646,0.036211504401630595
647,0.03618496171701587
648,0.036160142844799154
649,0.03612775940475847
650,0.03610130431298146
651,0.03607613879525079
652,0.036048265297867664
653,0.03601589276525228
654,0.03598863388146651
655,0.035961964621922596
656,0.0359370416877314
657,0.03590718816447366
658,0.03588652006492088
659,0.035861464194119695
660,0.0358371466377594
661,0.03580918931430479
662,0.03578714167489935
663,0.03576312045696081
664,0.03573799066361777
665,0.03571540137346791
666,0.03569920208207665
667,0.03567206098253541
668,0.03565602429279555
669,0.0356391802773867
670,0.03561905460180564
671,0.03559927830642056
672,0.03558464925182202
673,0.03556713988837644
674,0.035555952926845824
675,0.03554364219085239
676,0.03553190169400022
677,0.03551939869516582
678,0.03550550123075237
679,0.03549227843593861
680,0.03547784962248367
681,0.035465198867587575
682,0.03545399706716472
683,0.035446495990740755
684,0.03543377109852366
685,0.03541980162735477
686,0.03540999280013165
687,0.03540211828242583
688,0.035390973100770134
689,0.03538019170837458
690,0.035373387101600054
691,0.035363077330544675
692,0.03535310830394393
693,0.035347564355915156
694,0.03534188938903602
695,0.035332456748718065
696,0.03532789484666617
697,0.03532217549160587
698,0.03531841219983229
699,0.03531491552831372
700,0.03531170767256354
701,0.03530627499109283
702,0.03530391157482255
703,0.03530387448685906
704,0.03530087039246838
705,0.03530178179395697
706,0.03530320360100403
707,0.03530391627489679
708,0.03530305827199653
709,0.03530224267018555
710,0.0353064923213139
711,0.03530884981494358
712,0.035310866737897434
713,0.035314668100850974
714,0.03531970094414818
715,0.03532486369975247
716,0.035331790380232965
717,0.035335127708836435
718,0.03533889476338912
719,0.0353427678348853
720,0.03534646239320849
721,0.0353538336097343
722,0.03536139121207396
723,0.03536967766631209
724,0.03537899918115609
725,0.03538878573337579
726,0.035398228512338335
727,0.03540890924023931
728,0.03541468673086311
729,0.03542658700337666
730,0.035439512425676625
731,0.03545096100426292
732,0.03546268680468893
733,0.035475887038457485
734,0.03548794321574133
735,0.03550319951242344
736,0.035516517694148785
737,0.03552590278531195
738,0.03553967775538407
739,0.03555205702666136
740,0.03556737605156356
741,0.035581467001575086
742,0.035604410366568154
743,0.035617631792201475
744,0.03564681362849544
745,0.03566195852017129
746,0.03568477425057408
747,0.035707348844251724
748,0.0357286832515401
749,0.03574827849786644
750,0.035773132845508294
751,0.03579014399112766
752,0.035810594282352386
753,0.035834139870795326
754,0.03585331426293467
755,0.03588294395056619
756,0.03591103972365933
757,0.03593277352783065
758,0.03596240679655387
759,0.03599430613994111
760,0.03602237306356678
761,0.03605213287503547
762,0.03608696735283187
763,0.03611395619308909
764,0.036143119347811684
765,0.036169103069635784
766,0.03620343286021938
767,0.036227519065029204
768,0.03624694761657582
769,0.036287837121445114
770,0.03632807360871454
771,0.03635811521318551
772,0.03639021024865963
773,0.036421610162072716
774,0.036459245305834324
775,0.03649913270636766
776,0.0365377423784025
777,0.03656546212720978
778,0.036602730405451055
779,0.036635782285831135
780,0.036671895611951624
781,0.036705883995585935
782,0.03674542400455287
783,0.03677808156514826
784,0.03681169139401228
785,0.036845850132013705
786,0.03688103362483173
787,0.036918222618852095
788,0.03695207779537226
789,0.03698951492186698
790,0.03703428867290355
791,0.03708318929992201
792,0.03710269494144676
793,0.03713265778146501
794,0.037175133793235296
795,0.03721002244486723
796,0.03724824735016845
797,0.037307581379671134
798,0.03735493087716009
799,0.03739603366940923
800,0.03744631017381983
801,0.03748881798620196
802,0.037535945489025675
803,0.03757665981883996
804,0.03759661521404631
805,0.0376346049417882
806,0.03767806568321881
807,0.037717440855542995
808,0.037760804352017036
809,0.03780922159942498
810,0.03784114046256182
811,0.03788347766256722
812,0.037922500074765546
813,0.03796091221967066
814,0.038015026837970256
815,0.03805061448359219
816,0.03811230192802968
817,0.03816263352210557
818,0.03821165167784189
819,0.03825811191648763
820,0.038303591533011494
821,0.038343498644742895
822,0.03838511918446221
823,0.038426122634568
824,0.038470958547880185
825,0.03850975528831577
826,0.03856302900463258
827,0.03860872824003677
828,0.03865376785599086
829,0.03869366483495741
830,0.03874847709099907
831,0.038801482715585464
832,0.03884972415695895
833,0.03889887320995624
834,0.03895688547742838
835,0.0390116472330403
836,0.039063324097094544
837,0.039129437993965475
838,0.03919629983558878
839,0.039259511173925205
840,0.03931368903733628
841,0.039369885489472234
842,0.03941866646440942
843,0.03946583022415612
844,0.039517827700034105
845,0.039563628259507586
846,0.039622916608119625
847,0.03967235220908998
848,0.03973422775579183
849,0.03978356631571511
850,0.03983632527155859
851,0.039890686628744024
852,0.03994859330667882
853,0.04001043454202897
854,0.04006787253645221
855,0.04010750611158848
856,0.04017081366093481
857,0.04021024174588254
858,0.040251119813538246
859,0.0403036254220572
860,0.04035267186247873
861,0.040394150985196886
862,0.04044398961441291
863,0.04049959031201344
864,0.04054490164841376
865,0.04058865449590914
866,0.040648479808356966
867,0.040713611215280256
868,0.040761528799221666
869,0.04080621399215133
870,0.0408470784381496
871,0.04089454719552517
872,0.040940764382210115
873,0.04098959139346541
874,0.04103952216638201
875,0.04108725600549449
876,0.041136996183819136
877,0.04119377073102524
878,0.04124819129511118
879,0.041296102091961266
880,0.041345905410027986
881,0.04139970738213405
882,0.04142923791327918
883,0.041490771234909775
884,0.04152941637100065
885,0.04156643227623359
886,0.04160092684802948
887,0.04163946783805009
888,0.04168450442868981
889,0.04172640980692524
890,0.041748229229966446
891,0.041786379850050646
892,0.04181416916521665
893,0.04185810450134333
894,0.0418976570671113
895,0.04194697821943263
896,0.041980731728312945
897,0.042016644625111725
898,0.04206205328355031
899,0.04209738328958472
900,0.04212932854264477
901,0.04215559871886669
902,0.042183273881051475
903,0.04221681124752895
904,0.042249872486478136
905,0.04229097254229121
906,0.04233310636686056
907,0.042371918348013064
908,0.042407798514922886
909,0.042435594639486325
910,0.04246732038263706
911,0.04249996843312401
912,0.04252301900981555
913,0.04253783048075353
914,0.04256124627051132
915,0.04261920126020151
916,0.04263542046327683
917,0.04265873893048103
918,0.042680626685961294
919,0.042706969895370955
920,0.04274389709203291
921,0.04278247544776471
922,0.042814508223468335
923,0.04283944085252074
924,0.042861666252702005
925,0.04289654470353028
926,0.04291756036820384
927,0.042934086353959955
928,0.042951745937534244
929,0.04299001283803993
930,0.04301169703058571
931,0.043040602232578364
932,0.04307015718830362
933,0.043091218358174525
934,0.04310750241616324
935,0.04312494101759615
936,0.04313436349553504
937,0.04317669315820722
938,0.043189756636404474
939,0.043226556668643196
940,0.043242208134345955
941,0.04327192781386241
942,0.04328910598238909
943,0.04330997335536272
944,0.043323826564177555
945,0.04334194345028672
946,0.04336732132708563
947,0.0433894467024762
948,0.04339772980455199
949,0.043410108475290164
950,0.04343261786918715
951,0.04344369792285322
952,0.043468321702415255
953,0.04349468236991855
954,0.04350077145241706
955,0.04351238676514886
956,0.04352346840103257
957,0.043518580080982965
958,0.04351934687506137
959,0.04353324461437939
960,0.04353302254464625
961,0.04353346348285257
962,0.04353624503392441
963,0.0435301011345455
964,0.043543642533842956
965,0.04354071493974975
966,0.04354163024737648
967,0.04354222099473458
968,0.043551982856304676
969,0.043543949002419875
970,0.04354074407096068
971,0.04353646609501367
972,0.04354099277615135
973,0.043539054723852874
974,0.043540924455970964
975,0.043531815275070565
976,0.04353379721780823
977,0.04354370393287898
978,0.04355257014026722
979,0.04354612241290425
980,0.04355084055284439
981,0.043556695914661964
982,0.043541754933747984
983,0.0435330102711395
984,0.043534674750497306
985,0.043541605927800694
986,0.04354681191203649
987,0.043540348097233963
988,0.04354609547317077
989,0.04354155849880386
990,0.043524665460671304
991,0.04351415245165625
992,0.04350425061215684
993,0.04350438787558368
994,0.04349859047437364
995,0.043491630374261014
996,0.043492669060056076
997,0.043486666960028605
998,0.04346990063631214
999,0.04347073271174148
1000,0.04346144334012582
1001,0.043447585791771104
1002,0.04344666203535301
1003,0.04342506055557501
1004,0.04341942989165408
1005,0.043411882626194824
1006,0.04340227443039938
1007,0.043396437109434124
1008,0.0433890262124621
1009,0.04337461261782623
1010,0.043356537673101166
1011,0.043340945956042286
1012,0.04333225005896087
1013,0.04332081124841649
1014,0.043313054466119424
1015,0.04330902489073748
1016,0.04330010179301144
1017,0.04329107194141167
1018,0.043279379292577094
1019,0.04327322539335731
1020,0.04326655967532214
1021,0.043240528381269114
1022,0.043233160051519434
1023,0.0432208018909707
1024,0.043215264622249144
1025,0.04320539080325789
1026,0.04319068365311007
1027,0.043179113940981825
1028,0.043157142635190965
1029,0.04313697174814658
1030,0.04311786192293021
1031,0.04310047520184695
1032,0.043091062368057834
1033,0.04306406071187803
1034,0.043050173964878376
1035,0.04302927246628152
1036,0.043007864107884174
1037,0.04298749343186915
1038,0.04295939665075475
1039,0.042945871309553386
1040,0.04293269638973966
1041,0.04291126129279491
1042,0.042886629972615276
1043,0.042876723910865326
1044,0.042866191890448054
1045,0.042854181293429494
1046,0.04283219251579088
1047,0.04281716111146841
1048,0.04280020276471285
1049,0.04278750324894222
1050,0.042774466424261706
1051,0.04276580057854611
1052,0.04274287893291027
1053,0.04271633803389924
1054,0.04268940093298472
1055,0.042672699094117805
1056,0.04264566871308061
1057,0.042618113388013405
1058,0.04259925268837477
1059,0.04258257124825869
1060,0.042565397002822386
1061,0.04254621379786735
1062,0.04253013764942862
1063,0.0425054488822057
1064,0.042490018154634525
1065,0.04246452530393426
1066,0.04243850098840034
1067,0.042420308848576595
1068,0.04238331569509908
1069,0.04236734146408763
1070,0.04234631225797702
1071,0.042314621708165016
1072,0.04229508637697296
1073,0.04227340944720585
1074,0.04223285612247682
1075,0.04221663630719374
1076,0.04218102773716861
1077,0.04215779468469338
1078,0.042133746091287554
1079,0.042110862407587525
1080,0.042090561304806304
1081,0.04206035255019529
1082,0.04203613573509501
1083,0.04201344291832556
1084,0.041995220752533965
1085,0.041965576342711225
1086,0.0419555812813753
1087,0.041927185796545606
1088,0.04191203858014603
1089,0.04189401514042337
1090,0.041868715338857436
1091,0.041861071268655084
1092,0.04183151242731379
1093,0.04181255367561684
1094,0.04177792851060414
1095,0.04174487343596295
1096,0.04171307314126695
1097,0.04167705544396096
1098,0.041636306448147455
1099,0.04161020430539854
1100,0.041576467359880374
1101,0.04156280031560472
1102,0.04153075771055924
1103,0.041510506795184685
1104,0.04148706851910272
1105,0.041454980073671585
1106,0.041414130240658806
1107,0.04139198179247902
1108,0.041358619968571354
1109,0.041317858755796126
1110,0.041300768140289205
1111,0.04128432675574792
1112,0.041254619268900436
1113,0.041235184288834624
1114,0.04121719219736297
1115,0.04119696953957324
1116,0.04116302440770221
1117,0.04114555762463919
1118,0.04112108053617749
1119,0.04109535657937428
1120,0.041062382849488197
1121,0.0410413541280823
1122,0.041014956514148965
1123,0.040999331498340376
1124,0.04097106163357736
1125,0.04094400595301655
1126,0.04092141396384434
1127,0.04089203433540524
1128,0.04086927240287373
1129,0.0408535577863256
1130,0.04083581085300835
1131,0.04080705348527696
1132,0.040787993440232734
1133,0.040759582712425114
1134,0.04072284190640473
1135,0.04068297467360269
1136,0.040671055913295735
1137,0.040651457441704966
1138,0.04063745654576927
1139,0.04060600519172636
1140,0.04056289652644223
1141,0.04054457610111785
1142,0.04052471920054958
1143,0.040493415658405654
1144,0.04045414175953256
1145,0.04042309439364521
1146,0.0403783723764108
1147,0.040357813812049274
1148,0.04034702543737003
1149,0.04031212722464339
1150,0.04028972727030375
1151,0.040268611065813885
1152,0.04025123932951418
1153,0.04021394610933818
1154,0.040195408375319694
1155,0.04016151245957393
1156,0.04014064507740286
1157,0.040107552690661484
1158,0.040076636632788834
1159,0.04004902933893208
1160,0.04001981571852126
1161,0.039994809378692674
1162,0.039962143976361435
1163,0.039934800016772
1164,0.0399177123746894
1165,0.03989980931573928
1166,0.03988511345605754
1167,0.039864345069973876
1168,0.039839509782274414
1169,0.03982798374325506
1170,0.039795823901402134
1171,0.03976447492360274
1172,0.039745951040417685
1173,0.03972119339102083
1174,0.03970325341638913
1175,0.03968784039461962
1176,0.03966616085627273
1177,0.03963670836955264
1178,0.03962276109743761
1179,0.03960930412301122
1180,0.03959703949059055
1181,0.03958027235699165
1182,0.039566084644073636
1183,0.03954970274427351
1184,0.03953591132797278
1185,0.03951897911975646
1186,0.039494487169451496
1187,0.039479647233946605
1188,0.03946292518191112
1189,0.039438228118412744
1190,0.03941706521764116
1191,0.03939137603456558
1192,0.039373721155393185
1193,0.039361655328127174
1194,0.039336883455108794
1195,0.039325346476854636
1196,0.03930404817121774
1197,0.03928903809331235
1198,0.039272098475544935
1199,0.0392608336130634
1200,0.039235271420130766
1201,0.03922928949337537
1202,0.03921869126921784
1203,0.03920927943544746
1204,0.03918867331679966
1205,0.039170046840076675
1206,0.039150504930522904
1207,0.039136952162960495
1208,0.039107881322892925
1209,0.03907644015355337
1210,0.03906054405250282
1211,0.03904925924048461
1212,0.03903834075139359
1213,0.039030094299918154
1214,0.03901745751947387
1215,0.03900240788969644
1216,0.03898748834081823
1217,0.03897746383370755
1218,0.038965563916478596
1219,0.03893852207860175
1220,0.03893807869439759
1221,0.0389154025068001
1222,0.03890631561955148
1223,0.03889123008047719
1224,0.03886706683175966
1225,0.038859537198513996
1226,0.038849056081272725
1227,0.03883941288322509
1228,0.03883216601377557
1229,0.03881265758862621
1230,0.03879858941981549
1231,0.03878579911701894
1232,0.038774208618937954
1233,0.03876671677157943
1234,0.03874561466024184
1235,0.03873579961600524
1236,0.03872304139161387
1237,0.03871136132628986
1238,0.038704018755697976
1239,0.03868256468880914
1240,0.03866856458121057
1241,0.03866348503799396
1242,0.03864570966116443
1243,0.03863576686195363
1244,0.03861396291433312
1245,0.0385964907394978
1246,0.03859182435242739
1247,0.03858405755359962
1248,0.038577074874829156
1249,0.03856820200864424
1250,0.038547933823004595
1251,0.03853851159547115
1252,0.0385234104193582
1253,0.03850861271725584
1254,0.03850264724014105
1255,0.03849410843126013
1256,0.038482430579019684
1257,0.03847908686240582
1258,0.038468264755231095
1259,0.03846217733215395
1260,0.03845133162968256
1261,0.03843983221730996
1262,0.038423930348637295
1263,0.03841267525531855
1264,0.03840672875333962
1265,0.038393064090095484
1266,0.03837982490460259
1267,0.03837467571707283
1268,0.03836005150702043
1269,0.03835417072039808
1270,0.03834924123395993
1271,0.03834805429715575
1272,0.03833414073563431
1273,0.03832728261834168
1274,0.038320928177000106
1275,0.03831959383117783
1276,0.0383188863577834
1277,0.03830396931417013
1278,0.038300385590507344
1279,0.03829494073329894
1280,0.03829106129317015
1281,0.03828294523927032
1282,0.038270823974240385
1283,0.038266511561716184
1284,0.03825657905882751
1285,0.0382455890861893
1286,0.03823041440602965
1287,0.038226428503368444
1288,0.038213858682082893
1289,0.03820089375608061
1290,0.038192345205870316
1291,0.03818781161928601
1292,0.038177602229836974
1293,0.03816734797201388
1294,0.03816075742691584
1295,0.038161677574639216
1296,0.03815601083109657
1297,0.03814931849771859
1298,0.03813935737747344
1299,0.038132454869281546
1300,0.038120980237338765
1301,0.03811660244761732
1302,0.03811107549022762
1303,0.03810499820200032
1304,0.03809961029645754
1305,0.03809197134668143
1306,0.038084670834809556
1307,0.03807523344766535
1308,0.03807278347089791
1309,0.038065278550470025
1310,0.03806126225435576
1311,0.038053374970928935
1312,0.038050986959213766
1313,0.03804338040747162
1314,0.038034412453126255
1315,0.03802858773842185
1316,0.038023635073254146
1317,0.038024305567256625
1318,0.038023044344099116
1319,0.038012836664338294
1320,0.03800328071000966
1321,0.03799271188810784
1322,0.03798551906043081
1323,0.03797465356697133
1324,0.03796419078657739
1325,0.03795822386862652
1326,0.037954207142613015
1327,0.03794762786864647
1328,0.03794090418814112
1329,0.03794253664815742
1330,0.037938035558254486
1331,0.037933919723473764
1332,0.03793013535887236
1333,0.037916973665751766
1334,0.03791041554964147
1335,0.037903702321656615
1336,0.037897112681820944
1337,0.03789014054878625
1338,0.03788764870514829
1339,0.0378837550170922
1340,0.03788006001070763
1341,0.03787687026387783
1342,0.03787176378426692
1343,0.03786632138816444
1344,0.03786149327712809
1345,0.03785658658206281
1346,0.03785521317027568
1347,0.03784794337807502
1348,0.03784054319360274
1349,0.0378323702878653
1350,0.03782527209283611
1351,0.03782349455457322
1352,0.037818633345158045
1353,0.03781275853904081
1354,0.037810079647874445
1355,0.03780435346767624
1356,0.037798413044022
1357,0.03779601937978279
1358,0.03778710322532733
1359,0.037779402500283776
1360,0.03777572858515917
1361,0.03777075515665441
1362,0.03776647662315479
1363,0.03776387711224254
1364,0.037758941822831765
1365,0.037751645874515224
1366,0.037744787811884666
1367,0.03773441320163566
1368,0.0377322083171083
1369,0.03772888933587941
1370,0.03772431767761862
1371,0.03771798524983034
1372,0.037712866935718854
1373,0.03770457462370911
1374,0.03769860277673671
1375,0.03769042357808566
1376,0.03768679001951621
1377,0.03767811373070957
1378,0.0376733879380641
1379,0.03766899910696997
1380,0.037664194044198004
1381,0.037659966021666345
1382,0.03765278208363077
1383,0.03764871412119541
1384,0.037641459022903244
1385,0.037633101854840374
1386,0.03762781621236661
1387,0.03762308484790495
1388,0.03760906272493159
1389,0.03760414052778666
1390,0.03759903577230905
1391,0.037594279468238075
1392,0.0375854689984454
1393,0.03758213348055522
1394,0.0375762176411695
1395,0.037570847798734715
1396,0.0375640848058704
1397,0.03754959333782372
1398,0.03754052660556916
1399,0.037532036351072114
1400,0.03752683325022531
1401,0.037519991036591496
1402,0.03751346418886933
1403,0.037505852481551485
1404,0.03749596232224163
1405,0.037488713348027926
1406,0.03747958552398484
1407,0.03747314293852061
1408,0.03746730996957614
1409,0.03745946805578257
1410,0.037456804830008725
1411,0.03745041410620739
1412,0.0374416943520666
1413,0.03743475935539674
1414,0.03742947175449334
1415,0.03742313940530287
1416,0.03741355714490987
1417,0.037404510240566645
1418,0.037395467033065746
1419,0.037388893080056405
1420,0.03738377034089154
1421,0.03737218372775193
1422,0.03736253835905031
1423,0.03735409095771946
1424,0.03734671014657171
1425,0.03734016053196145
1426,0.03733434121192964
1427,0.03732995658522553
1428,0.037321439281639425
1429,0.03731469820041964
1430,0.03730399417887547
1431,0.037296365412559394
1432,0.03728594233577914
1433,0.037279050393883816
1434,0.037271258123391035
1435,0.03726352130269204
1436,0.03725064818938906
1437,0.037242899639126706
1438,0.03723148706589046
1439,0.037219376783835335
1440,0.03721023798433977
1441,0.03720160185893969
1442,0.03719436002646225
1443,0.03718683535259481
1444,0.03717806867726033
1445,0.03717035815618949
1446,0.037160549328755114
1447,0.037149984229265784
1448,0.037138574399439565
1449,0.037129475248524044
1450,0.03712119152050141
1451,0.037110605073569364
1452,0.037101127572164216
1453,0.0370940590277096
1454,0.03708963986792244
1455,0.03708087193874472
1456,0.03707159485288422
1457,0.03706520968156858
1458,0.03705867763543022
1459,0.0370485379298099
1460,0.03703905084113174
1461,0.03703044246485082
1462,0.037019992068840546
1463,0.03701028409242353
1464,0.03699976635571298
1465,0.03698986478713492
1466,0.03698131691102466
1467,0.03697435569093647
1468,0.03696767975630299
1469,0.03696089471301666
1470,0.03695249637073604
1471,0.036938496946680666
1472,0.036928400544974815
1473,0.036924712120903175
1474,0.03691271070465645
1475,0.03690561385668972
1476,0.03689677087718921
1477,0.036887085253561054
1478,0.036879085014332603
1479,0.03687127429323642
1480,0.03686032988287414
1481,0.036852144530402836
1482,0.036842363083569786
1483,0.036837396250731284
1484,0.03683523410717107
1485,0.0368240082369703
1486,0.0368147002955785
1487,0.036806588737172144
1488,0.03679861420251793
1489,0.03678843408410843
1490,0.036779376228392176
1491,0.03677207923772404
1492,0.03675872883482376
1493,0.036747809563059425
1494,0.03673963906919254
1495,0.03673211097444821
1496,0.03672552732831375
1497,0.036717173592827154
1498,0.03670690492236113
1499,0.036696484951091034
0,0.10201491986352369
1,0.103069931851486
2,0.1028889933329611
3,0.09983544966180814
4,0.09694110690331983
5,0.09257133244266591
6,0.08756602236176134
7,0.08224401408404146
8,0.07643375449585446
9,0.07089663364356881
10,0.06584119480018494
11,0.061206857485280985
12,0.056658528468790735
13,0.052748895650444196
14,0.04943972256625945
15,0.04659804735399112
16,0.044273036548189794
17,0.042497569665897524
18,0.04104441648976386
19,0.03959284570782985
20,0.038496245561210014
21,0.03783201901520067
22,0.0374431463324661
23,0.037326141764045605
24,0.03735378783185712
25,0.03762825077978281
26,0.03784593781562826
27,0.03808812996379951
28,0.0383882970753972
29,0.038655350872090016
30,0.03883421425263463
31,0.038970571022761316
32,0.03910153694310379
33,0.03912733337482887
34,0.03890347284167085
35,0.03854180088443331
36,0.03828521436464051
37,0.037732111107815755
38,0.03715970861149233
39,0.03675765826488282
40,0.03634667515130335
41,0.03605716301581416
42,0.03581127235509373
43,0.035701502257504285
44,0.035701863193499134
45,0.03582271256577225
46,0.03602165406656024
47,0.03625122044785993
48,0.03656561316412098
49,0.03681934128648595
50,0.03725336330662628
51,0.03779725849162977
52,0.038086292333572115
53,0.038638311963020346
54,0.03907474857563672
55,0.03940617114804379
56,0.04000113994608753
57,0.04062350505830201
58,0.04112290205963264
59,0.04132822816771777
60,0.04144268154194032
61,0.04134921047496156
62,0.04113805381244821
63,0.04084790502172705
64,0.04058581232079184
65,0.04021180971724684
66,0.039956549153892726
67,0.03956801894539488
68,0.0394295842768947
69,0.03927197229210963
70,0.03921803295012861
71,0.03910069120724809
72,0.039096971160441196
73,0.03918667761167229
74,0.03924553727867699
75,0.039310249056844125
76,0.039397749460059035
77,0.03946735381462431
78,0.03961031257248101
79,0.03964604467915831
80,0.039653713667041374
81,0.03961776461640399
82,0.039561762334350825
83,0.039430357230322184
84,0.03926157753217391
85,0.03906978323756085
86,0.038875034403300174
87,0.03866670846580979
88,0.03834752001624225
89,0.03807438354789461
90,0.037751314604518485
91,0.03746235754354646
92,0.03723515551564249
93,0.037102201563977276
94,0.03707528018118855
95,0.037074194174580626
96,0.0371371654675032
97,0.03725296934972249
98,0.03723185922377277
99,0.03710784118596225
100,0.0371399797023515
101,0.03706534244515273
102,0.03670274469361891
103,0.03645573085116686
104,0.036249313706228345
105,0.03585058006304911
106,0.035607278699767035
107,0.03542755026305772
108,0.03518871676377407
109,0.0351062987639902
110,0.03507005367577858
111,0.03502275960559017
112,0.03498108191374313
113,0.03493655073576398
114,0.03490303305193902
115,0.03492014008968827
116,0.03491724990966216
117,0.03492303904172923
118,0.03492827131279294
119,0.03495149400000291
120,0.03498792290712975
121,0.035002987412656145
122,0.03502567349222029
123,0.03506965401322809
124,0.03509146181732889
125,0.035124741953242104
126,0.03515815191013921
127,0.03521739824912768
128,0.03528578065450515
129,0.03532993553149342
130,0.03541147352442799
131,0.035503907463996884
132,0.03560723898743209
133,0.03563904543190775
134,0.03573357972801991
135,0.03575275317364043
136,0.03577235933499748
137,0.03577107415791145
138,0.03575604674474436
139,0.03578024642181183
140,0.03570066390355967
141,0.03560946330623487
142,0.035434268756402355
143,0.03532636470590384
144,0.035266263549358065
145,0.035165949718601854
146,0.0350983090968425
147,0.035062295207318336
148,0.034987982679370935
149,0.035007801242582036
150,0.03494148134035804
151,0.03483954244375551
152,0.034724373039045034
153,0.034667078444025286
154,0.03467796161972312
155,0.034710253424249035
156,0.03475880339634008
157,0.03480024526480179
158,0.03477777664016264
159,0.034714440171780166
160,0.034655528972035186
161,0.034617199731605
162,0.034567784665392495
163,0.03452707902058963
164,0.03446076455054224
165,0.03439233501453343
166,0.034320524647396676
167,0.03429553378846891
168,0.034272164201606
169,0.03431570524422223
170,0.034354872148704294
171,0.034432532264508646
172,0.03456739194007767
173,0.034679577099892764
174,0.03469198068435531
175,0.03474657922493419
176,0.03478411052674695
177,0.034920271916905256
178,0.03501289762583119
179,0.03516206772207709
180,0.035150808288017636
181,0.03517095186284457
182,0.035047321687847806
183,0.034842993526181656
184,0.0345751606427733
185,0.03425541603149167
186,0.03410212355736013
187,0.03392679476830891
188,0.033819695592704986
189,0.033684692693436796
190,0.033601157875246375
191,0.03361499408990966
192,0.03363217774208467
193,0.033680833973299094
194,0.0337314401730447
195,0.03381604320689984
196,0.03390296161390554
197,0.03400010830846447
198,0.03405588390552948
199,0.03408606247911654
200,0.03415314639633714
201,0.034205720223210015
202,0.0342045625181521
203,0.03427046903591035
204,0.0343493314349226
205,0.03446104592029658
206,0.0345539879342444
207,0.03461228427397709
208,0.034780208291800896
209,0.034896726439506816
210,0.03503232891681696
211,0.035182345328338964
212,0.03528931694713611
213,0.03548602094727903
214,0.03562409080699403
215,0.03565147889631168
216,0.035681073100181766
217,0.03571211259435468
218,0.0356853616411286
219,0.03565191664029974
220,0.035549679583523945
221,0.03541669964599382
222,0.03548337345469403
223,0.03543471179035246
224,0.03546118512370175
225,0.03547391635227371
226,0.03556665601178928
227,0.03575072028399751
228,0.035858100743662046
229,0.03575039644717841
230,0.035780179436404935
231,0.03565079929541024
232,0.03589741173396677
233,0.03592064854843272
234,0.03582992596655257
235,0.03596959291747388
236,0.03615398772798913
237,0.03624240406282164
238,0.03626191817490829
239,0.03662704029878272
240,0.037153079618357066
241,0.03748628440888995
242,0.03751074364091068
243,0.03761538251107429
244,0.037865604662774936
245,0.03777737704977063
246,0.037825697583429754
247,0.03780491198129376
248,0.03769443122983866
249,0.03745058457793758
250,0.03697221341295869
251,0.03664774222149861
252,0.03667561323733226
253,0.036223887762478986
254,0.03553555136646704
255,0.03502264833478982
256,0.034798216917574044
257,0.0343775773836351
258,0.03395899376123503
259,0.03341424811845712
260,0.03307691158096548
261,0.03250527724215503
262,0.03223044330068135
263,0.03191443260410836
264,0.03173759719023253
265,0.03162731146545082
266,0.0315384130079685
267,0.03140693693450637
268,0.03131936474338416
269,0.03128248375237496
270,0.03123815064131206
271,0.03123824153185102
272,0.031243886903870453
273,0.03119676269008413
274,0.031206562000171034
275,0.031325348768907704
276,0.031446648704777265
277,0.031561973115937454
278,0.03176975664458352
279,0.03201318289161888
280,0.03230044425365307
281,0.032488395703045715
282,0.03273374216211698
283,0.03284024664592174
284,0.032962719160852756
285,0.03315586171451059
286,0.03315345030374657
287,0.03308088622878623
288,0.032925522003079244
289,0.0327081540183337
290,0.03260290779184687
291,0.03240281932607723
292,0.032275224991247915
293,0.032145669163303484
294,0.03204731083070461
295,0.031983385996803476
296,0.031837751939557936
297,0.031795362558780696
298,0.031655457378487475
299,0.031563602726829974
300,0.031489297265663976
301,0.03135021244060408
302,0.03126373436805806
303,0.03120973553406866
304,0.031125921221649616
305,0.031079482900881326
306,0.031037464803317424
307,0.031017316017671596
308,0.030986647396293553
309,0.030990242753405464
310,0.030972090997955594
311,0.03095052002205292
312,0.03092256288269619
313,0.030948488296241458
314,0.030944082272561742
315,0.030920782067504354
316,0.03089024181358248
317,0.030829412956727083
318,0.03076076382059742
319,0.03073853668457648
320,0.030787024159022378
321,0.030799625477153824
322,0.03081246545667917
323,0.030814307269943282
324,0.03072158700356465
325,0.0306820411721047
326,0.030558429839795547
327,0.030474888658169982
328,0.030442852107335796
329,0.03041888238412781
330,0.030442542550886777
331,0.030454852525050535
332,0.030466861143904917
333,0.03043744883970777
334,0.030384241463406066
335,0.030351757506344557
336,0.03033550611892741
337,0.030343054163060993
338,0.03039926332613011
339,0.030513637422696895
340,0.030591933410078185
341,0.03061388963110345
342,0.030477926593655103
343,0.030560386118714297
344,0.03065880800339563
345,0.03085190046416161
346,0.031036628449056695
347,0.031101826064858135
348,0.03130468245718723
349,0.0312049359093989
350,0.031185226073538536
351,0.031021298726928034
352,0.030608536787904223
353,0.030509159266842466
354,0.030328160367051594
355,0.03030200158627056
356,0.030151107419563436
357,0.0300495862930875
358,0.030034696558993743
359,0.030084714398591852
360,0.030090475226072378
361,0.0301885528641507
362,0.03031781699644715
363,0.03046031136813854
364,0.030708793967251336
365,0.03081319090576626
366,0.030577140961758356
367,0.030408499305605154
368,0.030341229179667386
369,0.030218120227102536
370,0.030211171196256884
371,0.030192846391437267
372,0.030096538002013215
373,0.030070825595166502
374,0.030158769034996157
375,0.030236723797602314
376,0.030304638032895594
377,0.030382778616437078
378,0.030518289743945003
379,0.03052613020712982
380,0.030558941586576623
381,0.03063290244023658
382,0.030609433141943122
383,0.030456387189457392
384,0.03027811001499724
385,0.030113660157176207
386,0.029750672763132625
387,0.029519982487474675
388,0.02945570247746462
389,0.029297425851513053
390,0.029216275268197155
391,0.029124932658046016
392,0.02900861051496383
393,0.0289441059097903
394,0.028957678576786834
395,0.02898117038918099
396,0.029004965650407166
397,0.029033610175349917
398,0.02907810627979443
399,0.02909295833212697
400,0.02911404138163028
401,0.02917362021758718
402,0.029179396669441224
403,0.029178707778667115
404,0.029189860247429852
405,0.029196387358662014
406,0.029186760356853227
407,0.02925838266674998
408,0.02933387592866572
409,0.02947319391471592
410,0.029595332826675532
411,0.029720256745804797
412,0.02988056782075302
413,0.030066306354652062
414,0.03025323085691549
415,0.030521244988309434
416,0.030853389816770573
417,0.031129909247574403
418,0.03147633777047105
419,0.032056576642483944
420,0.03260920068979912
421,0.03269827677866896
422,0.03296106817144346
423,0.033339693658015083
424,0.03339564245280803
425,0.0332746347843498
426,0.033265715557745254
427,0.033187237610829416
428,0.03324517113277849
429,0.03298897878056225
430,0.03261639579010283
431,0.03227817507297675
432,0.03203568116906729
433,0.03186506407175966
434,0.031717418559103476
435,0.031695830396802765
436,0.03163861396317233
437,0.031653320929921194
438,0.031670421730224246
439,0.03159398165782054
440,0.031625268321080556
441,0.03161592707833787
442,0.03166038514972532
443,0.031632521350984
444,0.03157753709253927
445,0.03166579840514621
446,0.03168445919401031
447,0.031714021060006224
448,0.031543910183717966
449,0.031396137764904304
450,0.0313072125009106
451,0.031205632573635598
452,0.03100495462645016
453,0.030841454014954205
454,0.030589118963241076
455,0.030283690413573417
456,0.030050220666604628
457,0.029871270632448006
458,0.02972384759748145
459,0.029657705240346565
460,0.02963120061112623
461,0.029605003713433876
462,0.029749140031123927
463,0.02994046037202922
464,0.030093716916092927
465,0.03013498050789729
466,0.030062708227811
467,0.030038971088715245
468,0.02975719426729337
469,0.029575931374311335
470,0.029402325082738132
471,0.029207879324835265
472,0.029020481732966813
473,0.02882393583679235
474,0.02875992759461407
475,0.02865655817434361
476,0.0286069776107297
477,0.028533328541674827
478,0.028518903672256055
479,0.02852322712128401
480,0.02854417212920864
481,0.028581637923510584
482,0.02863494727415891
483,0.028716391955676376
484,0.02877592639879214
485,0.028772406960215755
486,0.028763161451188592
487,0.02871334761500164
488,0.028697824935075653
489,0.028609600473370245
490,0.02855300316881913
491,0.02850334766234251
492,0.028484414385735186
493,0.028535513626995145
494,0.028664930181610964
495,0.028953860479439555
496,0.029404652338566945
497,0.02961242133025605
498,0.02988667652910859
499,0.030167235928110932
500,0.030283638749752026
501,0.030323953777549453
502,0.030251088595643436
503,0.030300753790703332
504,0.030591140742982977
505,0.030816520660664436
506,0.030851403480329997
507,0.03109909963629785
508,0.03129471042163718
509,0.031292975033638905
510,0.031032162063408714
511,0.03072398226211385
512,0.030446810458852964
513,0.030131102738334255
514,0.030034173735296814
515,0.029829694291334852
516,0.029530588200258626
517,0.029342806837527713
518,0.029075678208115664
519,0.028956064920316885
520,0.029056409498047962
521,0.02923103512556122
522,0.0295966955672901
523,0.0298460420721779
524,0.03038199800258427
525,0.030875413826048373
526,0.03136365720121962
527,0.03178421422495886
528,0.031966131972079585
529,0.03217865891696078
530,0.032269072745007586
531,0.032316740837119565
532,0.03226287631994699
533,0.03212198632205341
534,0.03210838289504535
535,0.03212833063100517
536,0.032005258847060084
537,0.03174481197392587
538,0.03163537946520719
539,0.03161999895842132
540,0.03166943696142796
541,0.03190007115359897
542,0.03201347697480147
543,0.03227704218100836
544,0.03254881324699504
545,0.03287995647090623
546,0.03305360132585864
547,0.03320958422457767
548,0.03309168688785568
549,0.03310910953879953
550,0.033191505757394046
551,0.03314236606203354
552,0.03292170239002943
553,0.03268033635470808
554,0.03248596010767506
555,0.03228056587275283
556,0.03208059638408921
557,0.03188647300245202
558,0.031750707819649025
559,0.03167976281341924
560,0.03146244879424403
561,0.03140512678832092
562,0.03135855892253178
563,0.031326165034497463
564,0.031229863127620876
565,0.031066032285471983
566,0.030936570740624548
567,0.030726520357701497
568,0.03056515714486222
569,0.030424879971143775
570,0.03034113446190221
571,0.030225928530715283
572,0.03015798956777685
573,0.030110957601167138
574,0.030010565284258644
575,0.029914077649260924
576,0.029815071710383712
577,0.029640027456388305
578,0.02950603821990565
579,0.029433606173364824
580,0.029294657576650576
581,0.029205778372158403
582,0.02918466513596363
583,0.02912470031448604
584,0.029077499403872463
585,0.02905130798264039
586,0.028992048837536682
587,0.028953216812959256
588,0.028934463282717985
589,0.02896564753062022
590,0.02897258774203804
591,0.02902483590131559
592,0.02912073015414244
593,0.029123182488031273
594,0.029061327476266576
595,0.02908906521744296
596,0.02910097101268335
597,0.029055056633253834
598,0.028993689938643718
599,0.028935280480255506
600,0.028819396206057606
601,0.02872307421259942
602,0.028623884717513152
603,0.028578479377564487
604,0.0285691237071589
605,0.028580686597602375
606,0.028616051716869016
607,0.02865984340957353
608,0.02871837541089654
609,0.028752717044751127
610,0.028794102927294257
611,0.028925401612448894
612,0.02911554050831378
613,0.029422546783074377
614,0.029801885020995924
615,0.030455378197518645
616,0.030905395782010316
617,0.031515387761346804
618,0.03187505225512038
619,0.03217808945435365
620,0.032610930627423124
621,0.032900059700039265
622,0.03310836716726648
623,0.032760942126276824
624,0.03215375337501662
625,0.03168109368562173
626,0.031096664296942418
627,0.030754796265440677
628,0.030478081684644064
629,0.03018998116411184
630,0.02997442991719137
631,0.029872977192194748
632,0.029902226922328044
633,0.030007964685731952
634,0.030089950981988137
635,0.030203170191190516
636,0.030267494750877342
637,0.03050016449841393
638,0.03068191679289519
639,0.030830852344733217
640,0.03093003365175098
641,0.03101420673544378
642,0.031188651151440604
643,0.031520351816229274
644,0.03148010120060487
645,0.031703406799290144
646,0.031838938884408786
647,0.0320128853876869
648,0.03219402503095522
649,0.0322344494720579
650,0.03215008912851137
651,0.03196740558736225
652,0.03183431426633464
653,0.031498896265302646
654,0.03132074186992059
655,0.031172986105446717
656,0.030863040637116264
657,0.030833977977720337
658,0.030812624507630546
659,0.030852084545467902
660,0.030948732424641877
661,0.030906574088633516
662,0.031065037977642113
663,0.031101568694582703
664,0.031237700844461314
665,0.03133549431779032
666,0.03145347596338125
667,0.03114068662679406
668,0.030731197119861536
669,0.030181783822241674
670,0.029797568630674037
671,0.029479546452985023
672,0.029445370582858253
673,0.02943054304414901
674,0.02941044470562797
675,0.029386829742920288
676,0.029394379583403393
677,0.029220701271098125
678,0.02914277464652195
679,0.029102103019406637
680,0.029129713266623867
681,0.02909669982571694
682,0.029110088543701364
683,0.029110719813762086
684,0.029238605366626313
685,0.029459254744119277
686,0.02962131219621482
687,0.02997945489811593
688,0.03019923947713819
689,0.03056581728899179
690,0.03070987860741891
691,0.031054452330155687
692,0.0313340949666889
693,0.03136439328626893
694,0.03129041115487722
695,0.031270791482623635
696,0.03123225158559752
697,0.03132212120471126
698,0.03126507402699631
699,0.030984121063526073
700,0.030652975711564546
701,0.030262921482281137
702,0.02960554493830085
703,0.028962787440234183
704,0.028549032898039832
705,0.0283364280567249
706,0.028309212229690347
707,0.02840705690360629
708,0.028567850224322875
709,0.028757471544709763
710,0.02910133809298897
711,0.029512714857647022
712,0.029883988894683494
713,0.030497803842065855
714,0.03105592094392482
715,0.031455759895224346
716,0.031794321273543605
717,0.03207355505942811
718,0.03231211937582461
719,0.03241930558000714
720,0.032640819582341586
721,0.03268403022807755
722,0.03228896699879291
723,0.031905150201680055
724,0.03163786346081025
725,0.03156050289663833
726,0.031620571702040565
727,0.03166886898830061
728,0.03169526772291573
729,0.03167136850736795
730,0.03163997628541447
731,0.031638212230135215
732,0.03180284851721837
733,0.031824773101942434
734,0.03192793858216985
735,0.03200865929041316
736,0.03190787673739556
737,0.0318516015161199
738,0.03215829505183266
739,0.032345981006024246
740,0.032595101451531744
741,0.03285427297522581
742,0.03341563515880694
743,0.033531687644083215
744,0.03374186588194995
745,0.033486625690415134
746,0.0332481531907596
747,0.032520665255481106
748,0.032061816133919355
749,0.03139556627357702
750,0.03064935623916544
751,0.030028784685029855
752,0.029518104395269428
753,0.029169527068420006
754,0.028877836764983556
755,0.028613405183820693
756,0.028481883035451655
757,0.028422053626209476
758,0.028370009495475107
759,0.028364530101405022
760,0.02850678206255609
761,0.02860036825530322
762,0.028906378118809313
763,0.0290997482150002
764,0.029282186859451144
765,0.029432423465287832
766,0.029520673862358477
767,0.02937940278962761
768,0.029218748385651055
769,0.028743313819264513
770,0.028404057950330713
771,0.028172055695205523
772,0.027947006999022413
773,0.027799770465491962
774,0.027735690173039597
775,0.02773424394470424
776,0.027737666052688213
777,0.027794995175856714
778,0.027879689316852477
779,0.027973937797588975
780,0.028217155097158247
781,0.028393764094540485
782,0.028582063622670212
783,0.028624408614627724
784,0.02850346320954225
785,0.02838942560336955
786,0.028395983564747665
787,0.02832948607521069
788,0.028162462213487994
789,0.02804940253292404
790,0.027919105180753558
791,0.027789140040139
792,0.027738492083827407
793,0.027745371512440352
794,0.027814924220381777
795,0.02796342958881283
796,0.028223697295768853
797,0.028605770227172353
798,0.02895896654883703
799,0.02915477997534616
800,0.029405652189528342
801,0.029692131653577796
802,0.029865536861597666
803,0.030199759179931927
804,0.03036140637770152
805,0.03055734170145563
806,0.030545298045824336
807,0.030328779154319262
808,0.030281856588603637
809,0.030351815670125272
810,0.03000392104481772
811,0.029479309225518807
812,0.02909192745610416
813,0.028609749499431614
814,0.02831633022044985
815,0.028024334843842064
816,0.02779161498369137
817,0.027704799593308904
818,0.027576122946909778
819,0.02756391556307783
820,0.027510729185939976
821,0.02752122689342375
822,0.027545849768861833
823,0.027619181804114594
824,0.02765302318515985
825,0.027726219979421363
826,0.027784650153176108
827,0.027886697444731077
828,0.02797526955632427
829,0.028021667927429293
830,0.02811137795774203
831,0.028083852239828105
832,0.027942477817681343
833,0.027776381273368792
834,0.02762269355622933
835,0.02736525009765222
836,0.02727186023363441
837,0.027288221533251784
838,0.027517285532612606
839,0.02793496873593151
840,0.028407779558290946
841,0.029000105657050607
842,0.029416531799255557
843,0.02983072485133176
844,0.030230408346300197
845,0.030430650243275653
846,0.03066268639104254
847,0.030802773362719905
848,0.030901455084686346
849,0.030824017383589968
850,0.03079073879112916
851,0.030476308256656044
852,0.030518056426528682
853,0.030213598392417117
854,0.03035511223663677
855,0.030213442791967634
856,0.0301395497231401
857,0.030083077599526154
858,0.02976822770164763
859,0.029224514902059615
860,0.028835576544392904
861,0.02862740547465698
862,0.028508435570637904
863,0.028527410056926623
864,0.028509329628752307
865,0.028487941801112474
866,0.028534236764067383
867,0.028521326475180693
868,0.028517882930654447
869,0.028425574295441413
870,0.028401233342074613
871,0.0283527544950851
872,0.028334640461170024
873,0.028275805677162494
874,0.028167722792924114
875,0.028166992208685997
876,0.02814535559171373
877,0.028143703892263658
878,0.02816493815377575
879,0.02822019356765951
880,0.028421236695623395
881,0.02841886783125268
882,0.0283686399644005
883,0.02828332182187142
884,0.028250563855742598
885,0.028223564060128485
886,0.028267136612505305
887,0.028105809173074495
888,0.028017030486007014
889,0.02798125571170644
890,0.027943463418737338
891,0.027922927567431487
892,0.027831288916677875
893,0.027842567277282664
894,0.0278220024963868
895,0.027641064755105794
896,0.027515848545611378
897,0.027433698069196204
898,0.027510974955582402
899,0.027491935899780686
900,0.02739879225620619
901,0.027343062527844755
902,0.02724070864183163
903,0.027144837787898893
904,0.02700528436454589
905,0.026981528588319696
906,0.026885371625142467
907,0.026834903174188015
908,0.026847784730258603
909,0.02691596492674455
910,0.02701828081399764
911,0.02696846473249117
912,0.026926068647838065
913,0.02681969116698919
914,0.02675231025158015
915,0.02669350525406785
916,0.026659656320415077
917,0.026600696945381776
918,0.026563019814716107
919,0.026555012564183408
920,0.02655880330809813
921,0.026622924333309095
922,0.026766334979640122
923,0.027066722756803024
924,0.027335521169990433
925,0.027533111388039218
926,0.027680652101557558
927,0.027833499529829997
928,0.028077807393558713
929,0.028644989611345862
930,0.02898197212814635
931,0.029489818847593188
932,0.02979854558718406
933,0.029630574114950674
934,0.029469942325851615
935,0.02906773929341403
936,0.028395070422592584
937,0.02808044882164695
938,0.027647456091009413
939,0.027266881160679775
940,0.026986731861674378
941,0.02684343568396236
942,0.026671294579838307
943,0.026604452740121805
944,0.026637091658521888
945,0.026778716456598795
946,0.02694330658821854
947,0.02727514345925261
948,0.027652101938912266
949,0.027879926989419056
950,0.028114251822053977
951,0.028562310687103364
952,0.028859528930710907
953,0.02905361490709962
954,0.029476075447635797
955,0.02990272103752869
956,0.03026549563299061
957,0.030971178674752298
958,0.03145345795172569
959,0.03182876771519199
960,0.03222934253390608
961,0.03268141045122137
962,0.032994208351331794
963,0.033195284737066164
964,0.033496729571328376
965,0.03349424169154229
966,0.03347484036196107
967,0.033524501115910425
968,0.03332367333277918
969,0.03294582669603342
970,0.03231928724402617
971,0.0316531653981071
972,0.03098609851145967
973,0.030479060712248564
974,0.029965774401225075
975,0.02954278388630057
976,0.029273118551105516
977,0.02911884026253258
978,0.029062033984613503
979,0.028928465094150136
980,0.029099536690233116
981,0.029568073105130356
982,0.029751976203463745
983,0.029894161082954254
984,0.030065131417012468
985,0.02992835599893014
986,0.029803964466300317
987,0.029812276876875432
988,0.029633879891842425
989,0.0290980330118387
990,0.028579334428664515
991,0.027901456845572933
992,0.027523995090737323
993,0.02705674992547298
994,0.026710602735309247
995,0.026376660518385334
996,0.026158497072141608
997,0.02609371920542984
998,0.02606202088547272
999,0.026063411887071782
1000,0.026059824736255392
1001,0.026066516514793442
1002,0.026085825232164062
1003,0.026119362860842238
1004,0.026153148473245614
1005,0.026166372849279525
1006,0.026188032630970554
1007,0.026242180240428216
1008,0.026272934839579716
1009,0.02631113512161267
1010,0.02634424403532476
1011,0.026344194948433618
1012,0.02629719000773635
1013,0.026254536704461783
1014,0.026329807931561044
1015,0.026380374921051497
1016,0.026443271252380787
1017,0.026687060739993048
1018,0.026882703905213974
1019,0.02707633852407193
1020,0.02706934313599311
1021,0.027097736969567108
1022,0.027338329635470653
1023,0.027502160651050093
1024,0.027659072443035393
1025,0.02776974852246451
1026,0.027647700982855274
1027,0.027747683158006988
1028,0.027695542396526673
1029,0.02782935426926789
1030,0.027959278138247133
1031,0.028049055624080103
1032,0.028147576412252788
1033,0.028263833975018485
1034,0.02843812026279648
1035,0.028598324427902343
1036,0.02878103622321911
1037,0.029050343431175026
1038,0.02922343708767882
1039,0.02928882321344785
1040,0.029113032762000876
1041,0.02908113886212605
1042,0.028835318374864187
1043,0.02865283408208205
1044,0.028616411949929296
1045,0.02870380255502315
1046,0.028845354906277477
1047,0.029337122057786588
1048,0.030114229700827378
1049,0.030798949546296008
1050,0.031624847192589595
1051,0.03215231950012344
1052,0.03220250641501475
1053,0.03195610492547579
1054,0.03135330956849628
1055,0.03076590221875705
1056,0.029831427628572788
1057,0.029048438666420373
1058,0.028573311958939758
1059,0.02828073250704495
1060,0.028005206010868734
1061,0.027660800200690488
1062,0.027415698386375403
1063,0.027258961033219408
1064,0.027103245092836094
1065,0.026829449142951597
1066,0.026651894536505585
1067,0.026514464788940664
1068,0.02633623315255651
1069,0.026253878488271584
1070,0.02615536583506405
1071,0.02611940743952328
1072,0.0260860040673046
1073,0.026030353583498873
1074,0.02597971811838641
1075,0.026002808611082878
1076,0.025946299761006826
1077,0.025906455388980277
1078,0.025894249724245366
1079,0.025879228441023167
1080,0.02592660456600489
1081,0.026029577913023707
1082,0.026115370643629968
1083,0.026186540554176064
1084,0.026209337516217845
1085,0.0260583418664196
1086,0.026109067881005903
1087,0.025947569603392198
1088,0.025919888819558264
1089,0.0259060535399503
1090,0.02588380172069784
1091,0.025931149495933378
1092,0.025867233812807235
1093,0.025892462722445088
1094,0.02583988220522034
1095,0.025841773136339764
1096,0.025852839223354334
1097,0.025874964270182328
1098,0.025893762720663568
1099,0.025888025514711966
1100,0.02591444796814393
1101,0.026014845612568126
1102,0.025920485182699703
1103,0.02589873463013314
1104,0.025828388146326244
1105,0.02578671527227894
1106,0.02576900359640904
1107,0.02574180242124371
1108,0.02576503263481268
1109,0.02579622224308518
1110,0.02580074659805245
1111,0.02579564140765463
1112,0.025755040145639042
1113,0.02575108258939981
1114,0.02576588492665939
1115,0.025873772577700266
1116,0.025878251510315725
1117,0.02596256811255255
1118,0.025908757349365163
1119,0.025895363516536082
1120,0.025910017134564894
1121,0.02605260043081527
1122,0.026195176914963588
1123,0.026318736280255224
1124,0.026303890553188894
1125,0.026341814509392943
1126,0.026441070387343602
1127,0.026549125313772116
1128,0.02666789518582961
1129,0.026910726587138913
1130,0.027079991095778525
1131,0.027421248178243127
1132,0.027693123125369895
1133,0.027811827405925124
1134,0.028039503122376134
1135,0.027892207849907515
1136,0.027800933389773557
1137,0.027733029958843355
1138,0.027731221771381855
1139,0.027626924649788727
1140,0.027593750410890117
1141,0.027563470943965693
1142,0.027620839419990564
1143,0.027559791910759083
1144,0.027421169422619074
1145,0.027218525349828365
1146,0.027018672914194554
1147,0.027029108976436338
1148,0.02684076598658907
1149,0.026676412124300452
1150,0.026766566398371522
1151,0.026922473159642447
1152,0.027048574045131373
1153,0.027050936288134937
1154,0.02732198955938581
1155,0.027595818306003137
1156,0.028053540825747365
1157,0.028073878170890708
1158,0.028527367432119952
1159,0.028868984403842415
1160,0.029502518795213064
1161,0.029956047474051974
1162,0.030352985241098987
1163,0.030256459166235355
1164,0.030079967604484403
1165,0.029644740021869165
1166,0.029114929625187625
1167,0.028652825566394903
1168,0.028076156002385777
1169,0.027477116447641014
1170,0.026564269428647765
1171,0.02599806538423727
1172,0.025734378519585738
1173,0.025522428212980217
1174,0.02545999285328516
1175,0.025459934773564463
1176,0.025507726938127757
1177,0.025534397864690084
1178,0.025619930083941592
1179,0.025658854634961106
1180,0.025703065196898536
1181,0.025604370695544866
1182,0.02544012483465525
1183,0.025327819428545378
1184,0.025305553599275603
1185,0.02531894234061714
1186,0.025286770133404298
1187,0.025251010141122025
1188,0.025238414696919138
1189,0.02524448724655869
1190,0.025236252370798542
1191,0.0252320991657634
1192,0.02520911769635705
1193,0.025207076901256262
1194,0.025235069099448067
1195,0.025287395551553828
1196,0.02540399504759162
1197,0.025506349647514446
1198,0.02566246286378879
1199,0.02585113765694086
1200,0.026133376561412035
1201,0.026591455528086852
1202,0.026883460472281344
1203,0.027077434644637646
1204,0.027099269716048428
1205,0.027075110041860626
1206,0.027262405064112767
1207,0.02786887794005887
1208,0.02832863789518768
1209,0.028747006125547217
1210,0.02937366783524194
1211,0.03007444551749961
1212,0.030901460077003742
1213,0.03088523417076469
1214,0.030324419151356877
1215,0.02965444850903358
1216,0.029076446766057182
1217,0.028156330901768802
1218,0.027254398755011875
1219,0.026719703219678093
1220,0.02664473867344467
1221,0.02646376402955928
1222,0.026474110180038694
1223,0.02663609565974333
1224,0.02676987827309514
1225,0.026922461862937945
1226,0.027060236754676982
1227,0.027336883910004512
1228,0.02768120448989446
1229,0.028121382207781306
1230,0.02869287780045031
1231,0.028949991047793344
1232,0.029002125517221276
1233,0.028743983874629498
1234,0.028618529129515173
1235,0.028189185141902585
1236,0.027885748523132258
1237,0.027390097782246596
1238,0.027066960413445532
1239,0.026778078476145585
1240,0.026444706809448586
1241,0.026161099332044784
1242,0.026032427911476277
1243,0.02602569160551469
1244,0.02601075141375361
1245,0.026172758454815103
1246,0.0262969950955282
1247,0.026609174622464288
1248,0.026756286172326976
1249,0.027040301579191878
1250,0.027084302643768602
1251,0.027193163215891103
1252,0.02720808255071903
1253,0.027338428751233424
1254,0.02748051273847442
1255,0.0275914609389612
1256,0.027657595253086073
1257,0.027782428164189115
1258,0.02777541365399892
1259,0.027742193814900975
1260,0.027633712161284473
1261,0.02746064224025421
1262,0.027180188105489094
1263,0.02702702919440884
1264,0.02681841028771627
1265,0.0266119604574125
1266,0.02636886428060111
1267,0.026212396881800215
1268,0.026118490212371125
1269,0.026068108830479393
1270,0.026076638386854426
1271,0.026278971863341234
1272,0.02648256665690376
1273,0.026362330267885398
1274,0.02634387368393231
1275,0.02631205973992577
1276,0.02613450936477277
1277,0.02613538972564363
1278,0.02597260892358762
1279,0.02579061677369325
1280,0.025717197199027136
1281,0.025576424133802126
1282,0.02543490842066463
1283,0.025364401672174342
1284,0.025350024796719287
1285,0.025354913059037018
1286,0.025495700091364645
1287,0.02566909971334103
1288,0.025549662771978655
1289,0.02555756339297646
1290,0.025691773060921946
1291,0.025758549102942715
1292,0.025654371128180753
1293,0.02565713405952131
1294,0.025651619127997436
1295,0.025791491948137117
1296,0.025669156301635975
1297,0.0255221318180952
1298,0.025314123115329924
1299,0.025294994506352746
1300,0.025065985917849337
1301,0.025099657936873722
1302,0.025212376641020894
1303,0.0252748341618794
1304,0.025210972424103143
1305,0.024909081760514148
1306,0.024667516256773894
1307,0.024499500274669368
1308,0.024469499940957075
1309,0.024515446519934734
1310,0.024712428776598017
1311,0.024832419484543608
1312,0.02499661659053941
1313,0.025064353136728106
1314,0.025160866636670557
1315,0.025379281024039843
1316,0.025536986818272548
1317,0.02557683750780092
1318,0.025710785620155618
1319,0.025781543830132772
1320,0.025817280361462257
1321,0.025964143162087193
1322,0.026158535440032004
1323,0.026386207190314936
1324,0.02662870148177216
1325,0.026950675313144927
1326,0.027210079996961407
1327,0.02759749858303937
1328,0.028160737547754378
1329,0.02847883457872166
1330,0.028610818865431948
1331,0.028861639511317327
1332,0.029075303568840905
1333,0.02913085161922953
1334,0.029289612322147832
1335,0.029164135416985926
1336,0.029464877261509224
1337,0.029666305163636535
1338,0.02959757923120742
1339,0.029633230213755753
1340,0.029352114873098765
1341,0.02901656850360532
1342,0.028257723307912
1343,0.02775719900928995
1344,0.027180722590810974
1345,0.026733008050074853
1346,0.026211835267686716
1347,0.025776994875931665
1348,0.025529789598766995
1349,0.025265943368105014
1350,0.02500394038394384
1351,0.024718629661629788
1352,0.024514511458224756
1353,0.024409817346972677
1354,0.024293914765231035
1355,0.024104544943841705
1356,0.023991595740226006
1357,0.023940917243926687
1358,0.023894623629015718
1359,0.023946932201633027
1360,0.02418422475758854
1361,0.024495162407582306
1362,0.024896635529318457
1363,0.02514477484520552
1364,0.025259033816011134
1365,0.025193640804926344
1366,0.024827764730615355
1367,0.024512341089373085
1368,0.024377420446210763
1369,0.024281575467322652
1370,0.024358538865022122
1371,0.02426479147722113
1372,0.02412250688490168
1373,0.024129976121633374
1374,0.024058110503721256
1375,0.023974732911661488
1376,0.024033469127320736
1377,0.02401442344653287
1378,0.024074475511387493
1379,0.02407092599075515
1380,0.024050066102915133
1381,0.023975096862748502
1382,0.02382359924998503
1383,0.02368947924512641
1384,0.02354261530012184
1385,0.023471412549973
1386,0.023467413196303646
1387,0.0234913339679623
1388,0.0235633372450038
1389,0.023680264673934547
1390,0.023951061461060335
1391,0.024165289821736224
1392,0.024414927166371763
1393,0.0243809699773755
1394,0.024236078450220248
1395,0.023976825115347298
1396,0.023703777607496125
1397,0.023544756543028386
1398,0.023473900779199426
1399,0.023571551458091297
1400,0.024050972301537632
1401,0.024796525595383055
1402,0.025736022330386372
1403,0.027101336022356357
1404,0.02828629118204508
1405,0.028682074884105214
1406,0.02892492379333526
1407,0.028527459360922425
1408,0.028276843868821892
1409,0.027864273847106727
1410,0.02793291179892285
1411,0.02780401468139603
1412,0.027684317278822423
1413,0.027375133721129447
1414,0.027142470132667074
1415,0.02695360521027232
1416,0.02680377234332494
1417,0.026591600036397847
1418,0.026485843925966316
1419,0.026323003037404747
1420,0.02581563287955355
1421,0.025302260109197842
1422,0.025166070135586173
1423,0.024955955099139816
1424,0.024844710008428746
1425,0.02476474230965069
1426,0.024639228307038376
1427,0.024540252180402858
1428,0.02454096959601984
1429,0.02450016105009899
1430,0.024467861693261768
1431,0.02442873011475412
1432,0.02442364571302413
1433,0.02436857534837171
1434,0.02426300609084786
1435,0.02417755233608214
1436,0.02410475192754484
1437,0.023983408533030968
1438,0.023868964213489018
1439,0.023746892986964505
1440,0.023728674782272193
1441,0.023644700892142288
1442,0.023574832403017495
1443,0.02361339145564392
1444,0.023682247949783755
1445,0.02383560326329127
1446,0.023984279546927455
1447,0.02410904319726088
1448,0.024115260790414466
1449,0.024146151117830344
1450,0.0240984004345542
1451,0.02412174994070204
1452,0.02406575115944624
1453,0.024136861984693402
1454,0.024293110898651857
1455,0.02458069616143681
1456,0.02481800264912408
1457,0.02508493291974426
1458,0.02539703843733949
1459,0.025702571828992042
1460,0.0259781098171709
1461,0.02626885437218399
1462,0.02622821408958769
1463,0.02588223974372726
1464,0.02525594205917182
1465,0.0251737322521188
1466,0.024989169597795496
1467,0.02495156944628029
1468,0.025040806566214737
1469,0.02503403077427896
1470,0.0251141945827664
1471,0.02511143193027864
1472,0.025043717950392973
1473,0.025034395077491344
1474,0.025035623954149107
1475,0.025056533322941506
1476,0.0251532700607338
1477,0.025062823977372993
1478,0.025020215366030423
1479,0.024969861935146314
1480,0.02501526832843697
1481,0.0253605932198054
1482,0.025926621633299583
1483,0.026483591148037708
1484,0.026678066984265298
1485,0.026919412967774555
1486,0.02737800070813547
1487,0.02781600044455804
1488,0.02842955933457768
1489,0.028786200493632237
1490,0.028706707703160316
1491,0.02807189496636871
1492,0.0273897418363205
1493,0.02650957030138352
1494,0.025756290322029623
1495,0.025144205159026
1496,0.02470103760464118
1497,0.02443768817493915
1498,0.0243247119705801
1499,0.024470694075420858
0,0.10201491986352369
1,0.103069931851486
2,0.1028889933329611
3,0.09983544966180814
4,0.09694110690331983
5,0.09257133244266591
6,0.08756602236176134
7,0.08224401408404146
8,0.07643375449585446
9,0.07089663364356881
10,0.06584119480018494
11,0.061206857485280985
12,0.056658528468790735
13,0.052748895650444196
14,0.04943972256625945
15,0.04659804735399112
16,0.044273036548189794
17,0.042497569665897524
18,0.04104441648976386
19,0.03959284570782985
20,0.038496245561210014
21,0.03783201901520067
22,0.0374431463324661
23,0.037326141764045605
24,0.03735378783185712
25,0.03762825077978281
26,0.03784593781562826
27,0.03808812996379951
28,0.0383882970753972
29,0.038655350872090016
30,0.03883421425263463
31,0.038970571022761316
32,0.03910153694310379
33,0.03912733337482887
34,0.03890347284167085
35,0.03854180088443331
36,0.03828521436464051
37,0.037732111107815755
38,0.03715970861149233
39,0.03675765826488282
40,0.03634667515130335
41,0.03605716301581416
42,0.03581127235509373
43,0.035701502257504285
44,0.035701863193499134
45,0.03582271256577225
46,0.03602165406656024
47,0.03625122044785993
48,0.03656561316412098
49,0.03681934128648595
50,0.03725336330662628
51,0.03779725849162977
52,0.038086292333572115
53,0.038638311963020346
54,0.03907474857563672
55,0.03940617114804379
56,0.04000113994608753
57,0.04062350505830201
58,0.04112290205963264
59,0.04132822816771777
60,0.04144268154194032
61,0.04134921047496156
62,0.04113805381244821
63,0.04084790502172705
64,0.04058581232079184
65,0.04021180971724684
66,0.039956549153892726
67,0.03956801894539488
68,0.0394295842768947
69,0.03927197229210963
70,0.03921803295012861
71,0.03910069120724809
72,0.039096971160441196
73,0.03918667761167229
74,0.03924553727867699
75,0.039310249056844125
76,0.039397749460059035
77,0.03946735381462431
78,0.03961031257248101
79,0.03964604467915831
80,0.039653713667041374
81,0.03961776461640399
82,0.039561762334350825
83,0.039430357230322184
84,0.03926157753217391
85,0.03906978323756085
86,0.038875034403300174
87,0.03866670846580979
88,0.03834752001624225
89,0.03807438354789461
90,0.037751314604518485
91,0.03746235754354646
92,0.03723515551564249
93,0.037102201563977276
94,0.03707528018118855
95,0.037074194174580626
96,0.0371371654675032
97,0.03725296934972249
98,0.03723185922377277
99,0.03710784118596225
100,0.0371399797023515
101,0.03706534244515273
102,0.03670274469361891
103,0.03645573085116686
104,0.036249313706228345
105,0.03585058006304911
106,0.035607278699767035
107,0.03542755026305772
108,0.03518871676377407
109,0.0351062987639902
110,0.03507005367577858
111,0.03502275960559017
112,0.03498108191374313
113,0.03493655073576398
114,0.03490303305193902
115,0.03492014008968827
116,0.03491724990966216
117,0.03492303904172923
118,0.03492827131279294
119,0.03495149400000291
120,0.03498792290712975
121,0.035002987412656145
122,0.03502567349222029
123,0.03506965401322809
124,0.03509146181732889
125,0.035124741953242104
126,0.03515815191013921
127,0.03521739824912768
128,0.03528578065450515
129,0.03532993553149342
130,0.03541147352442799
131,0.035503907463996884
132,0.03560723898743209
133,0.03563904543190775
134,0.03573357972801991
135,0.03575275317364043
136,0.03577235933499748
137,0.03577107415791145
138,0.03575604674474436
139,0.03578024642181183
140,0.03570066390355967
141,0.03560946330623487
142,0.035434268756402355
143,0.03532636470590384
144,0.035266263549358065
145,0.035165949718601854
146,0.0350983090968425
147,0.035062295207318336
148,0.034987982679370935
149,0.035007801242582036
150,0.03494148134035804
151,0.03483954244375551
152,0.034724373039045034
153,0.034667078444025286
154,0.03467796161972312
155,0.034710253424249035
156,0.03475880339634008
157,0.03480024526480179
158,0.03477777664016264
159,0.034714440171780166
160,0.034655528972035186
161,0.034617199731605
162,0.034567784665392495
163,0.03452707902058963
164,0.03446076455054224
165,0.03439233501453343
166,0.034320524647396676
167,0.03429553378846891
168,0.034272164201606
169,0.03431570524422223
170,0.034354872148704294
171,0.034432532264508646
172,0.03456739194007767
173,0.034679577099892764
174,0.03469198068435531
175,0.03474657922493419
176,0.03478411052674695
177,0.034920271916905256
178,0.03501289762583119
179,0.03516206772207709
180,0.035150808288017636
181,0.03517095186284457
182,0.035047321687847806
183,0.034842993526181656
184,0.0345751606427733
185,0.03425541603149167
186,0.03410212355736013
187,0.03392679476830891
188,0.033819695592704986
189,0.033684692693436796
190,0.033601157875246375
191,0.03361499408990966
192,0.03363217774208467
193,0.033680833973299094
194,0.0337314401730447
195,0.03381604320689984
196,0.03390296161390554
197,0.03400010830846447
198,0.03405588390552948
199,0.03408606247911654
200,0.03415314639633714
201,0.034205720223210015
202,0.0342045625181521
203,0.03427046903591035
204,0.0343493314349226
205,0.03446104592029658
206,0.0345539879342444
207,0.03461228427397709
208,0.034780208291800896
209,0.034896726439506816
210,0.03503232891681696
211,0.035182345328338964
212,0.03528931694713611
213,0.03548602094727903
214,0.03562409080699403
215,0.03565147889631168
216,0.035681073100181766
217,0.03571211259435468
218,0.0356853616411286
219,0.03565191664029974
220,0.035549679583523945
221,0.03541669964599382
222,0.03548337345469403
223,0.03543471179035246
224,0.03546118512370175
225,0.03547391635227371
226,0.03556665601178928
227,0.03575072028399751
228,0.035858100743662046
229,0.03575039644717841
230,0.035780179436404935
231,0.03565079929541024
232,0.03589741173396677
233,0.03592064854843272
234,0.03582992596655257
235,0.03596959291747388
236,0.03615398772798913
237,0.03624240406282164
238,0.03626191817490829
239,0.03662704029878272
240,0.037153079618357066
241,0.03748628440888995
242,0.03751074364091068
243,0.03761538251107429
244,0.037865604662774936
245,0.03777737704977063
246,0.037825697583429754
247,0.03780491198129376
248,0.03769443122983866
249,0.03745058457793758
250,0.03697221341295869
251,0.03664774222149861
252,0.03667561323733226
253,0.036223887762478986
254,0.03553555136646704
255,0.03502264833478982
256,0.034798216917574044
257,0.0343775773836351
258,0.03395899376123503
259,0.03341424811845712
260,0.03307691158096548
261,0.03250527724215503
262,0.03223044330068135
263,0.03191443260410836
264,0.03173759719023253
265,0.03162731146545082
266,0.0315384130079685
267,0.03140693693450637
268,0.03131936474338416
269,0.03128248375237496
270,0.03123815064131206
271,0.03123824153185102
272,0.031243886903870453
273,0.03119676269008413
274,0.031206562000171034
275,0.031325348768907704
276,0.031446648704777265
277,0.031561973115937454
278,0.03176975664458352
279,0.03201318289161888
280,0.03230044425365307
281,0.032488395703045715
282,0.03273374216211698
283,0.03284024664592174
284,0.032962719160852756
285,0.03315586171451059
286,0.03315345030374657
287,0.03308088622878623
288,0.032925522003079244
289,0.0327081540183337
290,0.03260290779184687
291,0.03240281932607723
292,0.032275224991247915
293,0.032145669163303484
294,0.03204731083070461
295,0.031983385996803476
296,0.031837751939557936
297,0.031795362558780696
298,0.031655457378487475
299,0.031563602726829974
300,0.031489297265663976
301,0.03135021244060408
302,0.03126373436805806
303,0.03120973553406866
304,0.031125921221649616
305,0.031079482900881326
306,0.031037464803317424
307,0.031017316017671596
308,0.030986647396293553
309,0.030990242753405464
310,0.030972090997955594
311,0.03095052002205292
312,0.03092256288269619
313,0.030948488296241458
314,0.030944082272561742
315,0.030920782067504354
316,0.03089024181358248
317,0.030829412956727083
318,0.03076076382059742
319,0.03073853668457648
320,0.030787024159022378
321,0.030799625477153824
322,0.03081246545667917
323,0.030814307269943282
324,0.03072158700356465
325,0.0306820411721047
326,0.030558429839795547
327,0.030474888658169982
328,0.030442852107335796
329,0.03041888238412781
330,0.030442542550886777
331,0.030454852525050535
332,0.030466861143904917
333,0.03043744883970777
334,0.030384241463406066
335,0.030351757506344557
336,0.03033550611892741
337,0.030343054163060993
338,0.03039926332613011
339,0.030513637422696895
340,0.030591933410078185
341,0.03061388963110345
342,0.030477926593655103
343,0.030560386118714297
344,0.03065880800339563
345,0.03085190046416161
346,0.031036628449056695
347,0.031101826064858135
348,0.03130468245718723
349,0.0312049359093989
350,0.031185226073538536
351,0.031021298726928034
352,0.030608536787904223
353,0.030509159266842466
354,0.030328160367051594
355,0.03030200158627056
356,0.030151107419563436
357,0.0300495862930875
358,0.030034696558993743
359,0.030084714398591852
360,0.030090475226072378
361,0.0301885528641507
362,0.03031781699644715
363,0.03046031136813854
364,0.030708793967251336
365,0.03081319090576626
366,0.030577140961758356
367,0.030408499305605154
368,0.030341229179667386
369,0.030218120227102536
370,0.030211171196256884
371,0.030192846391437267
372,0.030096538002013215
373,0.030070825595166502
374,0.030158769034996157
375,0.030236723797602314
376,0.030304638032895594
377,0.030382778616437078
378,0.030518289743945003
379,0.03052613020712982
380,0.030558941586576623
381,0.03063290244023658
382,0.030609433141943122
383,0.030456387189457392
384,0.03027811001499724
385,0.030113660157176207
386,0.029750672763132625
387,0.029519982487474675
388,0.02945570247746462
389,0.029297425851513053
390,0.029216275268197155
391,0.029124932658046016
392,0.02900861051496383
393,0.0289441059097903
394,0.028957678576786834
395,0.02898117038918099
396,0.029004965650407166
397,0.029033610175349917
398,0.02907810627979443
399,0.02909295833212697
400,0.02911404138163028
401,0.02917362021758718
402,0.029179396669441224
403,0.029178707778667115
404,0.029189860247429852
405,0.029196387358662014
406,0.029186760356853227
407,0.02925838266674998
408,0.02933387592866572
409,0.02947319391471592
410,0.029595332826675532
411,0.029720256745804797
412,0.02988056782075302
413,0.030066306354652062
414,0.03025323085691549
415,0.030521244988309434
416,0.030853389816770573
417,0.031129909247574403
418,0.03147633777047105
419,0.032056576642483944
420,0.03260920068979912
421,0.03269827677866896
422,0.03296106817144346
423,0.033339693658015083
424,0.03339564245280803
425,0.0332746347843498
426,0.033265715557745254
427,0.033187237610829416
428,0.03324517113277849
429,0.03298897878056225
430,0.03261639579010283
431,0.03227817507297675
432,0.03203568116906729
433,0.03186506407175966
434,0.031717418559103476
435,0.031695830396802765
436,0.03163861396317233
437,0.031653320929921194
438,0.031670421730224246
439,0.03159398165782054
440,0.031625268321080556
441,0.03161592707833787
442,0.03166038514972532
443,0.031632521350984
444,0.03157753709253927
445,0.03166579840514621
446,0.03168445919401031
447,0.031714021060006224
448,0.031543910183717966
449,0.031396137764904304
450,0.0313072125009106
451,0.031205632573635598
452,0.03100495462645016
453,0.030841454014954205
454,0.030589118963241076
455,0.030283690413573417
456,0.030050220666604628
457,0.029871270632448006
458,0.02972384759748145
459,0.029657705240346565
460,0.02963120061112623
461,0.029605003713433876
462,0.029749140031123927
463,0.02994046037202922
464,0.030093716916092927
465,0.03013498050789729
466,0.030062708227811
467,0.030038971088715245
468,0.02975719426729337
469,0.029575931374311335
470,0.029402325082738132
471,0.029207879324835265
472,0.029020481732966813
473,0.02882393583679235
474,0.02875992759461407
475,0.02865655817434361
476,0.0286069776107297
477,0.028533328541674827
478,0.028518903672256055
479,0.02852322712128401
480,0.02854417212920864
481,0.028581637923510584
482,0.02863494727415891
483,0.028716391955676376
484,0.02877592639879214
485,0.028772406960215755
486,0.028763161451188592
487,0.02871334761500164
488,0.028697824935075653
489,0.028609600473370245
490,0.02855300316881913
491,0.02850334766234251
492,0.028484414385735186
493,0.028535513626995145
494,0.028664930181610964
495,0.028953860479439555
496,0.029404652338566945
497,0.02961242133025605
498,0.02988667652910859
499,0.030167235928110932
500,0.030283638749752026
501,0.030323953777549453
502,0.030251088595643436
503,0.030300753790703332
504,0.030591140742982977
505,0.030816520660664436
506,0.030851403480329997
507,0.03109909963629785
508,0.03129471042163718
509,0.031292975033638905
510,0.031032162063408714
511,0.03072398226211385
512,0.030446810458852964
513,0.030131102738334255
514,0.030034173735296814
515,0.029829694291334852
516,0.029530588200258626
517,0.029342806837527713
518,0.029075678208115664
519,0.028956064920316885
520,0.029056409498047962
521,0.02923103512556122
522,0.0295966955672901
523,0.0298460420721779
524,0.03038199800258427
525,0.030875413826048373
526,0.03136365720121962
527,0.03178421422495886
528,0.031966131972079585
529,0.03217865891696078
530,0.032269072745007586
531,0.032316740837119565
532,0.03226287631994699
533,0.03212198632205341
534,0.03210838289504535
535,0.03212833063100517
536,0.032005258847060084
537,0.03174481197392587
538,0.03163537946520719
539,0.03161999895842132
540,0.03166943696142796
541,0.03190007115359897
542,0.03201347697480147
543,0.03227704218100836
544,0.03254881324699504
545,0.03287995647090623
546,0.03305360132585864
547,0.03320958422457767
548,0.03309168688785568
549,0.03310910953879953
550,0.033191505757394046
551,0.03314236606203354
552,0.03292170239002943
553,0.03268033635470808
554,0.03248596010767506
555,0.03228056587275283
556,0.03208059638408921
557,0.03188647300245202
558,0.031750707819649025
559,0.03167976281341924
560,0.03146244879424403
561,0.03140512678832092
562,0.03135855892253178
563,0.031326165034497463
564,0.031229863127620876
565,0.031066032285471983
566,0.030936570740624548
567,0.030726520357701497
568,0.03056515714486222
569,0.030424879971143775
570,0.03034113446190221
571,0.030225928530715283
572,0.03015798956777685
573,0.030110957601167138
574,0.030010565284258644
575,0.029914077649260924
576,0.029815071710383712
577,0.029640027456388305
578,0.02950603821990565
579,0.029433606173364824
580,0.029294657576650576
581,0.029205778372158403
582,0.02918466513596363
583,0.02912470031448604
584,0.029077499403872463
585,0.02905130798264039
586,0.028992048837536682
587,0.028953216812959256
588,0.028934463282717985
589,0.02896564753062022
590,0.02897258774203804
591,0.02902483590131559
592,0.02912073015414244
593,0.029123182488031273
594,0.029061327476266576
595,0.02908906521744296
596,0.02910097101268335
597,0.029055056633253834
598,0.028993689938643718
599,0.028935280480255506
600,0.028819396206057606
601,0.02872307421259942
602,0.028623884717513152
603,0.028578479377564487
604,0.0285691237071589
605,0.028580686597602375
606,0.028616051716869016
607,0.02865984340957353
608,0.02871837541089654
609,0.028752717044751127
610,0.028794102927294257
611,0.028925401612448894
612,0.02911554050831378
613,0.029422546783074377
614,0.029801885020995924
615,0.030455378197518645
616,0.030905395782010316
617,0.031515387761346804
618,0.03187505225512038
619,0.03217808945435365
620,0.032610930627423124
621,0.032900059700039265
622,0.03310836716726648
623,0.032760942126276824
624,0.03215375337501662
625,0.03168109368562173
626,0.031096664296942418
627,0.030754796265440677
628,0.030478081684644064
629,0.03018998116411184
630,0.02997442991719137
631,0.029872977192194748
632,0.029902226922328044
633,0.030007964685731952
634,0.030089950981988137
635,0.030203170191190516
636,0.030267494750877342
637,0.03050016449841393
638,0.03068191679289519
639,0.030830852344733217
640,0.03093003365175098
641,0.03101420673544378
642,0.031188651151440604
643,0.031520351816229274
644,0.03148010120060487
645,0.031703406799290144
646,0.031838938884408786
647,0.0320128853876869
648,0.03219402503095522
649,0.0322344494720579
650,0.03215008912851137
651,0.03196740558736225
652,0.03183431426633464
653,0.031498896265302646
654,0.03132074186992059
655,0.031172986105446717
656,0.030863040637116264
657,0.030833977977720337
658,0.030812624507630546
659,0.030852084545467902
660,0.030948732424641877
661,0.030906574088633516
662,0.031065037977642113
663,0.031101568694582703
664,0.031237700844461314
665,0.03133549431779032
666,0.03145347596338125
667,0.03114068662679406
668,0.030731197119861536
669,0.030181783822241674
670,0.029797568630674037
671,0.029479546452985023
672,0.029445370582858253
673,0.02943054304414901
674,0.02941044470562797
675,0.029386829742920288
676,0.029394379583403393
677,0.029220701271098125
678,0.02914277464652195
679,0.029102103019406637
680,0.029129713266623867
681,0.02909669982571694
682,0.029110088543701364
683,0.029110719813762086
684,0.029238605366626313
685,0.029459254744119277
686,0.02962131219621482
687,0.02997945489811593
688,0.03019923947713819
689,0.03056581728899179
690,0.03070987860741891
691,0.031054452330155687
692,0.0313340949666889
693,0.03136439328626893
694,0.03129041115487722
695,0.031270791482623635
696,0.03123225158559752
697,0.03132212120471126
698,0.03126507402699631
699,0.030984121063526073
700,0.030652975711564546
701,0.030262921482281137
702,0.02960554493830085
703,0.028962787440234183
704,0.028549032898039832
705,0.0283364280567249
706,0.028309212229690347
707,0.02840705690360629
708,0.028567850224322875
709,0.028757471544709763
710,0.02910133809298897
711,0.029512714857647022
712,0.029883988894683494
713,0.030497803842065855
714,0.03105592094392482
715,0.031455759895224346
716,0.031794321273543605
717,0.03207355505942811
718,0.03231211937582461
719,0.03241930558000714
720,0.032640819582341586
721,0.03268403022807755
722,0.03228896699879291
723,0.031905150201680055
724,0.03163786346081025
725,0.03156050289663833
726,0.031620571702040565
727,0.03166886898830061
728,0.03169526772291573
729,0.03167136850736795
730,0.03163997628541447
731,0.031638212230135215
732,0.03180284851721837
733,0.031824773101942434
734,0.03192793858216985
735,0.03200865929041316
736,0.03190787673739556
737,0.0318516015161199
738,0.03215829505183266
739,0.032345981006024246
740,0.032595101451531744
741,0.03285427297522581
742,0.03341563515880694
743,0.033531687644083215
744,0.03374186588194995
745,0.033486625690415134
746,0.0332481531907596
747,0.032520665255481106
748,0.032061816133919355
749,0.03139556627357702
750,0.03064935623916544
751,0.030028784685029855
752,0.029518104395269428
753,0.029169527068420006
754,0.028877836764983556
755,0.028613405183820693
756,0.028481883035451655
757,0.028422053626209476
758,0.028370009495475107
759,0.028364530101405022
760,0.02850678206255609
761,0.02860036825530322
762,0.028906378118809313
763,0.0290997482150002
764,0.029282186859451144
765,0.029432423465287832
766,0.029520673862358477
767,0.02937940278962761
768,0.029218748385651055
769,0.028743313819264513
770,0.028404057950330713
771,0.028172055695205523
772,0.027947006999022413
773,0.027799770465491962
774,0.027735690173039597
775,0.02773424394470424
776,0.027737666052688213
777,0.027794995175856714
778,0.027879689316852477
779,0.027973937797588975
780,0.028217155097158247
781,0.028393764094540485
782,0.028582063622670212
783,0.028624408614627724
784,0.02850346320954225
785,0.02838942560336955
786,0.028395983564747665
787,0.02832948607521069
788,0.028162462213487994
789,0.02804940253292404
790,0.027919105180753558
791,0.027789140040139
792,0.027738492083827407
793,0.027745371512440352
794,0.027814924220381777
795,0.02796342958881283
796,0.028223697295768853
797,0.028605770227172353
798,0.02895896654883703
799,0.02915477997534616
800,0.029405652189528342
801,0.029692131653577796
802,0.029865536861597666
803,0.030199759179931927
804,0.03036140637770152
805,0.03055734170145563
806,0.030545298045824336
807,0.030328779154319262
808,0.030281856588603637
809,0.030351815670125272
810,0.03000392104481772
811,0.029479309225518807
812,0.02909192745610416
813,0.028609749499431614
814,0.02831633022044985
815,0.028024334843842064
816,0.02779161498369137
817,0.027704799593308904
818,0.027576122946909778
819,0.02756391556307783
820,0.027510729185939976
821,0.02752122689342375
822,0.027545849768861833
823,0.027619181804114594
824,0.02765302318515985
825,0.027726219979421363
826,0.027784650153176108
827,0.027886697444731077
828,0.02797526955632427
829,0.028021667927429293
830,0.02811137795774203
831,0.028083852239828105
832,0.027942477817681343
833,0.027776381273368792
834,0.02762269355622933
835,0.02736525009765222
836,0.02727186023363441
837,0.027288221533251784
838,0.027517285532612606
839,0.02793496873593151
840,0.028407779558290946
841,0.029000105657050607
842,0.029416531799255557
843,0.02983072485133176
844,0.030230408346300197
845,0.030430650243275653
846,0.03066268639104254
847,0.030802773362719905
848,0.030901455084686346
849,0.030824017383589968
850,0.03079073879112916
851,0.030476308256656044
852,0.030518056426528682
853,0.030213598392417117
854,0.03035511223663677
855,0.030213442791967634
856,0.0301395497231401
857,0.030083077599526154
858,0.02976822770164763
859,0.029224514902059615
860,0.028835576544392904
861,0.02862740547465698
862,0.028508435570637904
863,0.028527410056926623
864,0.028509329628752307
865,0.028487941801112474
866,0.028534236764067383
867,0.028521326475180693
868,0.028517882930654447
869,0.028425574295441413
870,0.028401233342074613
871,0.0283527544950851
872,0.028334640461170024
873,0.028275805677162494
874,0.028167722792924114
875,0.028166992208685997
876,0.02814535559171373
877,0.028143703892263658
878,0.02816493815377575
879,0.02822019356765951
880,0.028421236695623395
881,0.02841886783125268
882,0.0283686399644005
883,0.02828332182187142
884,0.028250563855742598
885,0.028223564060128485
886,0.028267136612505305
887,0.028105809173074495
888,0.028017030486007014
889,0.02798125571170644
890,0.027943463418737338
891,0.027922927567431487
892,0.027831288916677875
893,0.027842567277282664
894,0.0278220024963868
895,0.027641064755105794
896,0.027515848545611378
897,0.027433698069196204
898,0.027510974955582402
899,0.027491935899780686
900,0.02739879225620619
901,0.027343062527844755
902,0.02724070864183163
903,0.027144837787898893
904,0.02700528436454589
905,0.026981528588319696
906,0.026885371625142467
907,0.026834903174188015
908,0.026847784730258603
909,0.02691596492674455
910,0.02701828081399764
911,0.02696846473249117
912,0.026926068647838065
913,0.02681969116698919
914,0.02675231025158015
915,0.02669350525406785
916,0.026659656320415077
917,0.026600696945381776
918,0.026563019814716107
919,0.026555012564183408
920,0.02655880330809813
921,0.026622924333309095
922,0.026766334979640122
923,0.027066722756803024
924,0.027335521169990433
925,0.027533111388039218
926,0.027680652101557558
927,0.027833499529829997
928,0.028077807393558713
929,0.028644989611345862
930,0.02898197212814635
931,0.029489818847593188
932,0.02979854558718406
933,0.029630574114950674
934,0.029469942325851615
935,0.02906773929341403
936,0.028395070422592584
937,0.02808044882164695
938,0.027647456091009413
939,0.027266881160679775
940,0.026986731861674378
941,0.02684343568396236
942,0.026671294579838307
943,0.026604452740121805
944,0.026637091658521888
945,0.026778716456598795
946,0.02694330658821854
947,0.02727514345925261
948,0.027652101938912266
949,0.027879926989419056
950,0.028114251822053977
951,0.028562310687103364
952,0.028859528930710907
953,0.02905361490709962
954,0.029476075447635797
955,0.02990272103752869
956,0.03026549563299061
957,0.030971178674752298
958,0.03145345795172569
959,0.03182876771519199
960,0.03222934253390608
961,0.03268141045122137
962,0.032994208351331794
963,0.033195284737066164
964,0.033496729571328376
965,0.03349424169154229
966,0.03347484036196107
967,0.033524501115910425
968,0.03332367333277918
969,0.03294582669603342
970,0.03231928724402617
971,0.0316531653981071
972,0.03098609851145967
973,0.030479060712248564
974,0.029965774401225075
975,0.02954278388630057
976,0.029273118551105516
977,0.02911884026253258
978,0.029062033984613503
979,0.028928465094150136
980,0.029099536690233116
981,0.029568073105130356
982,0.029751976203463745
983,0.029894161082954254
984,0.030065131417012468
985,0.02992835599893014
986,0.029803964466300317
987,0.029812276876875432
988,0.029633879891842425
989,0.0290980330118387
990,0.028579334428664515
991,0.027901456845572933
992,0.027523995090737323
993,0.02705674992547298
994,0.026710602735309247
995,0.026376660518385334
996,0.026158497072141608
997,0.02609371920542984
998,0.02606202088547272
999,0.026063411887071782
1000,0.026059824736255392
1001,0.026066516514793442
1002,0.026085825232164062
1003,0.026119362860842238
1004,0.026153148473245614
1005,0.026166372849279525
1006,0.026188032630970554
1007,0.026242180240428216
1008,0.026272934839579716
1009,0.02631113512161267
1010,0.02634424403532476
1011,0.026344194948433618
1012,0.02629719000773635
1013,0.026254536704461783
1014,0.026329807931561044
1015,0.026380374921051497
1016,0.026443271252380787
1017,0.026687060739993048
1018,0.026882703905213974
1019,0.02707633852407193
1020,0.02706934313599311
1021,0.027097736969567108
1022,0.027338329635470653
1023,0.027502160651050093
1024,0.027659072443035393
1025,0.02776974852246451
1026,0.027647700982855274
1027,0.027747683158006988
1028,0.027695542396526673
1029,0.02782935426926789
1030,0.027959278138247133
1031,0.028049055624080103
1032,0.028147576412252788
1033,0.028263833975018485
1034,0.02843812026279648
1035,0.028598324427902343
1036,0.02878103622321911
1037,0.029050343431175026
1038,0.02922343708767882
1039,0.02928882321344785
1040,0.029113032762000876
1041,0.02908113886212605
1042,0.028835318374864187
1043,0.02865283408208205
1044,0.028616411949929296
1045,0.02870380255502315
1046,0.028845354906277477
1047,0.029337122057786588
1048,0.030114229700827378
1049,0.030798949546296008
1050,0.031624847192589595
1051,0.03215231950012344
1052,0.03220250641501475
1053,0.03195610492547579
1054,0.03135330956849628
1055,0.03076590221875705
1056,0.029831427628572788
1057,0.029048438666420373
1058,0.028573311958939758
1059,0.02828073250704495
1060,0.028005206010868734
1061,0.027660800200690488
1062,0.027415698386375403
1063,0.027258961033219408
1064,0.027103245092836094
1065,0.026829449142951597
1066,0.026651894536505585
1067,0.026514464788940664
1068,0.02633623315255651
1069,0.026253878488271584
1070,0.02615536583506405
1071,0.02611940743952328
1072,0.0260860040673046
1073,0.026030353583498873
1074,0.02597971811838641
1075,0.026002808611082878
1076,0.025946299761006826
1077,0.025906455388980277
1078,0.025894249724245366
1079,0.025879228441023167
1080,0.02592660456600489
1081,0.026029577913023707
1082,0.026115370643629968
1083,0.026186540554176064
1084,0.026209337516217845
1085,0.0260583418664196
1086,0.026109067881005903
1087,0.025947569603392198
1088,0.025919888819558264
1089,0.0259060535399503
1090,0.02588380172069784
1091,0.025931149495933378
1092,0.025867233812807235
1093,0.025892462722445088
1094,0.02583988220522034
1095,0.025841773136339764
1096,0.025852839223354334
1097,0.025874964270182328
1098,0.025893762720663568
1099,0.025888025514711966
1100,0.02591444796814393
1101,0.026014845612568126
1102,0.025920485182699703
1103,0.02589873463013314
1104,0.025828388146326244
1105,0.02578671527227894
1106,0.02576900359640904
1107,0.02574180242124371
1108,0.02576503263481268
1109,0.02579622224308518
1110,0.02580074659805245
1111,0.02579564140765463
1112,0.025755040145639042
1113,0.02575108258939981
1114,0.02576588492665939
1115,0.025873772577700266
1116,0.025878251510315725
1117,0.02596256811255255
1118,0.025908757349365163
1119,0.025895363516536082
1120,0.025910017134564894
1121,0.02605260043081527
1122,0.026195176914963588
1123,0.026318736280255224
1124,0.026303890553188894
1125,0.026341814509392943
1126,0.026441070387343602
1127,0.026549125313772116
1128,0.02666789518582961
1129,0.026910726587138913
1130,0.027079991095778525
1131,0.027421248178243127
1132,0.027693123125369895
1133,0.027811827405925124
1134,0.028039503122376134
1135,0.027892207849907515
1136,0.027800933389773557
1137,0.027733029958843355
1138,0.027731221771381855
1139,0.027626924649788727
1140,0.027593750410890117
1141,0.027563470943965693
1142,0.027620839419990564
1143,0.027559791910759083
1144,0.027421169422619074
1145,0.027218525349828365
1146,0.027018672914194554
1147,0.027029108976436338
1148,0.02684076598658907
1149,0.026676412124300452
1150,0.026766566398371522
1151,0.026922473159642447
1152,0.027048574045131373
1153,0.027050936288134937
1154,0.02732198955938581
1155,0.027595818306003137
1156,0.028053540825747365
1157,0.028073878170890708
1158,0.028527367432119952
1159,0.028868984403842415
1160,0.029502518795213064
1161,0.029956047474051974
1162,0.030352985241098987
1163,0.030256459166235355
1164,0.030079967604484403
1165,0.029644740021869165
1166,0.029114929625187625
1167,0.028652825566394903
1168,0.028076156002385777
1169,0.027477116447641014
1170,0.026564269428647765
1171,0.02599806538423727
1172,0.025734378519585738
1173,0.025522428212980217
1174,0.02545999285328516
1175,0.025459934773564463
1176,0.025507726938127757
1177,0.025534397864690084
1178,0.025619930083941592
1179,0.025658854634961106
1180,0.025703065196898536
1181,0.025604370695544866
1182,0.02544012483465525
1183,0.025327819428545378
1184,0.025305553599275603
1185,0.02531894234061714
1186,0.025286770133404298
1187,0.025251010141122025
1188,0.025238414696919138
1189,0.02524448724655869
1190,0.025236252370798542
1191,0.0252320991657634
1192,0.02520911769635705
1193,0.025207076901256262
1194,0.025235069099448067
1195,0.025287395551553828
1196,0.02540399504759162
1197,0.025506349647514446
1198,0.02566246286378879
1199,0.02585113765694086
1200,0.026133376561412035
1201,0.026591455528086852
1202,0.026883460472281344
1203,0.027077434644637646
1204,0.027099269716048428
1205,0.027075110041860626
1206,0.027262405064112767
1207,0.02786887794005887
1208,0.02832863789518768
1209,0.028747006125547217
1210,0.02937366783524194
1211,0.03007444551749961
1212,0.030901460077003742
1213,0.03088523417076469
1214,0.030324419151356877
1215,0.02965444850903358
1216,0.029076446766057182
1217,0.028156330901768802
1218,0.027254398755011875
1219,0.026719703219678093
1220,0.02664473867344467
1221,0.02646376402955928
1222,0.026474110180038694
1223,0.02663609565974333
1224,0.02676987827309514
1225,0.026922461862937945
1226,0.027060236754676982
1227,0.027336883910004512
1228,0.02768120448989446
1229,0.028121382207781306
1230,0.02869287780045031
1231,0.028949991047793344
1232,0.029002125517221276
1233,0.028743983874629498
1234,0.028618529129515173
1235,0.028189185141902585
1236,0.027885748523132258
1237,0.027390097782246596
1238,0.027066960413445532
1239,0.026778078476145585
1240,0.026444706809448586
1241,0.026161099332044784
1242,0.026032427911476277
1243,0.02602569160551469
1244,0.02601075141375361
1245,0.026172758454815103
1246,0.0262969950955282
1247,0.026609174622464288
1248,0.026756286172326976
1249,0.027040301579191878
1250,0.027084302643768602
1251,0.027193163215891103
1252,0.02720808255071903
1253,0.027338428751233424
1254,0.02748051273847442
1255,0.0275914609389612
1256,0.027657595253086073
1257,0.027782428164189115
1258,0.02777541365399892
1259,0.027742193814900975
1260,0.027633712161284473
1261,0.02746064224025421
1262,0.027180188105489094
1263,0.02702702919440884
1264,0.02681841028771627
1265,0.0266119604574125
1266,0.02636886428060111
1267,0.026212396881800215
0,0.1025002868145282
1,0.10517472982001341
2,0.1086621055981926
3,0.11102025556096942
4,0.11342451850709329
5,0.11506692202321346
6,0.11772533942057713
7,0.12034760660790812
8,0.12183383814179397
9,0.1241386187109902
10,0.12497597285013187
11,0.12633475102274488
12,0.12708245832786644
13,0.12828413906523636
14,0.1285013832112091
15,0.12818701780802064
16,0.12779078376684028
17,0.12765673244681444
18,0.12751037911713187
19,0.12574789086866353
20,0.12484446292177331
21,0.12389859053178548
22,0.12309701696800927
23,0.12169944218174891
24,0.11981550571209329
25,0.1169698422102942
26,0.1154079253397509
27,0.11325281846193183
28,0.11097908667223377
29,0.10867433778709215
30,0.10602196879641744
31,0.10303484300163364
32,0.09986669817269937
33,0.09734836919523984
34,0.0947646414300305
35,0.09184386393661935
36,0.08852183355267032
37,0.085600203111931
38,0.08287340611396177
39,0.08016125926546669
40,0.0774148600162592
41,0.07463240318555085
42,0.07205991466664649
43,0.0691490221268917
44,0.06649696637999253
45,0.06432558721569899
46,0.06231222294344328
47,0.06000953919960393
48,0.05787046573737064
49,0.055774430126833564
50,0.05400241691491187
51,0.05226754829297023
52,0.050848890311996776
53,0.04921603160997674
54,0.04800401845806477
55,0.046664964046852296
56,0.04567896816361483
57,0.04448474301042027
58,0.04365362615865375
59,0.04304249652816249
60,0.04239345209032029
61,0.04189458296970579
62,0.041324499064036825
63,0.04099153942233679
64,0.04071982264027083
65,0.040618433129349055
66,0.040565944366896714
67,0.040549690431241854
68,0.0406141985010741
69,0.04086650273683758
70,0.04111411855350846
71,0.04150813194632936
72,0.04192588244656736
73,0.042523806418208555
74,0.043134154040556344
75,0.04378261638638853
76,0.044657027534237594
77,0.04550902858089478
78,0.04628616894203243
79,0.046975576652090206
80,0.047893222619142264
81,0.04879920265325897
82,0.04968097458220104
83,0.050523639665796996
84,0.051425008863048
85,0.05219302215931074
86,0.0529976357092988
87,0.054018585941017376
88,0.054827973755334464
89,0.0555548217664406
90,0.056464361487425
91,0.057362472004521395
92,0.05810813821218319
93,0.05878559665614373
94,0.05927531460784985
95,0.06011119488011885
96,0.06066670224213264
97,0.06133719491769071
98,0.06200881699853223
99,0.062473840533147584
100,0.06287025551978598
101,0.06326186338194459
102,0.06368108233446924
103,0.0639602479855665
104,0.06431091335445376
105,0.06453316063350589
106,0.06453653946766895
107,0.06490335759870856
108,0.06489891011245152
109,0.06475276785308386
110,0.06459733178082797
111,0.06426160362503996
112,0.06380528472206207
113,0.06338281317839113
114,0.06265462352271885
115,0.062312051039323274
116,0.06158874759808079
117,0.06125108461726344
118,0.060684879755774135
119,0.059697215070890264
120,0.058858874005377024
121,0.057868234856258166
122,0.05703913954589981
123,0.0558885822690302
124,0.05491902145634778
125,0.05370235038695928
126,0.05245483201088126
127,0.05115200769929002
128,0.05023324312184085
129,0.048873804618285985
130,0.048050978764450816
131,0.04685056876039954
132,0.046117890164256076
133,0.04499008385802953
134,0.044217524601832404
135,0.04341413907173138
136,0.04245270643606761
137,0.041530668552741325
138,0.04079594678384072
139,0.04017331704708052
140,0.03948934124707062
141,0.038850996743506436
142,0.03820862707602381
143,0.037849711275441
144,0.03746433054641314
145,0.03710299798781208
146,0.03685653022312423
147,0.036687600011677646
148,0.03659570962128339
149,0.036537833535317525
150,0.03660759124387362
151,0.03674397501844974
152,0.036925427583320694
153,0.03736252972775173
154,0.03799167811609991
155,0.03891413765163568
156,0.0400255540206646
157,0.04078554281284662
158,0.04165220520559113
159,0.04266827377140802
160,0.044063742336438214
161,0.045569367625216566
162,0.046699224444617604
163,0.048147147102996043
164,0.04967974871922919
165,0.05077376406606543
166,0.052434592542632774
167,0.05397170939861576
168,0.05580594764530367
169,0.057123220571337285
170,0.05850232337536915
171,0.05976896548226173
172,0.06107233305446798
173,0.06238926633727749
174,0.06432137844901674
175,0.0655719807265226
176,0.06683297137190929
177,0.06810475543711215
178,0.06922879952923215
179,0.07014041682396209
180,0.07111254345063657
181,0.072414474399054
182,0.07313513957002367
183,0.07403255556386182
184,0.0747194189524514
185,0.07545966664645161
186,0.07582804459998667
187,0.07641111832243538
188,0.07645394396287532
189,0.07637896774599236
190,0.07675195215095196
191,0.07635247546895862
192,0.07622774473063246
193,0.07576063765715103
194,0.07536835202769035
195,0.07478215123444866
196,0.07412859341404983
197,0.07367118155430613
198,0.07286614912051873
199,0.07192481201906811
200,0.07098359016012591
201,0.06961731822943439
202,0.06815072320439697
203,0.06714259569541174
204,0.06580438278065172
205,0.06451229359341648
206,0.06303553013625701
207,0.06199438407074996
208,0.060426469794984415
209,0.05910586702415485
210,0.057785427480535875
211,0.05660461241938442
212,0.05534007600730347
213,0.054041202894739
214,0.05267392871459598
215,0.0516148371322182
216,0.05053960295588471
217,0.04961144537358874
218,0.048681094935982896
219,0.04730983913770741
220,0.04646747577612314
221,0.04550584785586365
222,0.04464862494267337
223,0.04397552429646426
224,0.04324214715740327
225,0.04269397775332896
226,0.04213117571095334
227,0.04169035768776731
228,0.04135545950092725
229,0.04096456533222206
230,0.040719077202447246
231,0.040425191334372605
232,0.0401516911994601
233,0.0400444602945273
234,0.039959561145404436
235,0.03999973457288773
236,0.040044626812851425
237,0.0400795317125158
238,0.04018141898422145
239,0.040308608630669776
240,0.04046534561611082
241,0.040701948115530885
242,0.04095414022422244
243,0.04113053564899835
244,0.04144378547953306
245,0.0417089987126792
246,0.04199806711159696
247,0.04227856031442539
248,0.042558932296531744
249,0.04284793652359211
250,0.04318792238839837
251,0.04346103326116641
252,0.04375000297336746
253,0.043978742702433786
254,0.04419158117317166
255,0.04440881577682333
256,0.044543871768197366
257,0.0447271274026476
258,0.04486722685293909
259,0.04503349054496635
260,0.04509542354974398
261,0.04531916561130699
262,0.04539786572150183
263,0.045461722347263214
264,0.04553772222522867
265,0.045673989822505694
266,0.045651780633673866
267,0.04568506669233744
268,0.04562354637681285
269,0.045551439425893306
270,0.045403866293452604
271,0.04513077820199512
272,0.044874288372842054
273,0.0446784429963649
274,0.044407594621007775
275,0.044052891707222694
276,0.04371915261443439
277,0.043426755312028234
278,0.04304177755532041
279,0.042668419743024745
280,0.042306730429516805
281,0.041914067125972745
282,0.04161021186967663
283,0.041312068897467136
284,0.04100612965441773
285,0.040609829233287736
286,0.040327241819261755
287,0.04003042381245395
288,0.039741464824321275
289,0.03946999155795606
290,0.039154017745959654
291,0.03894625365218292
292,0.038761680694013215
293,0.038604091541715124
294,0.03850143148600931
295,0.03838064350726509
296,0.03829468990714737
297,0.03822694627250838
298,0.03823676628307489
299,0.03823212744768639
300,0.038280269397037
301,0.03834748686041892
302,0.03846543773797273
303,0.0385712516159345
304,0.038780751064869404
305,0.03900668252122192
306,0.03927203046266138
307,0.0395949235659001
308,0.03992614585887547
309,0.040209387876863366
310,0.04072777991694088
311,0.04115266551042721
312,0.04166331404498363
313,0.042085348842735806
314,0.04253583411763702
315,0.04305740430074447
316,0.04353571632181378
317,0.04410304245555301
318,0.044810238924595326
319,0.04534945541587059
320,0.04577156727187704
321,0.0463744364139401
322,0.04705078453108788
323,0.04758577385824281
324,0.048071398631985354
325,0.048711537127987654
326,0.0492070885325229
327,0.049959652901854654
328,0.05064820640444256
329,0.05138610133659841
330,0.05199901179731966
331,0.05266974765832865
332,0.053234526648159364
333,0.053757224018152895
334,0.05410063631227554
335,0.054437797598308545
336,0.05482774403050739
337,0.055214818264500636
338,0.055658980955805716
339,0.05604047927721846
340,0.056232968958978065
341,0.05636044421709662
342,0.056453214179740675
343,0.05670527690186981
344,0.05696428935933095
345,0.057195768054494146
346,0.05734535246509365
347,0.05727569496606377
348,0.057256202464702026
349,0.05691590415589754
350,0.056855955540370595
351,0.05662507964880033
352,0.05605107713932432
353,0.05573805326683614
354,0.05516988116398452
355,0.054850966281174474
356,0.05436128984177902
357,0.053857082036513904
358,0.05336852960381966
359,0.05287109366760783
360,0.05236887751670614
361,0.05193124163322344
362,0.05138404189760097
363,0.05074488765148996
364,0.050115528409853394
365,0.04963908305265011
366,0.048921015756315384
367,0.048232363189124564
368,0.047589016485292325
369,0.04681021498008317
370,0.046370791889034396
371,0.04571250152805046
372,0.04511145152373697
373,0.04466224640966077
374,0.04432667173036519
375,0.04380484227834619
376,0.04334067275345537
377,0.04279231803084597
378,0.042391433165576656
379,0.041913691319715375
380,0.04156079889515532
381,0.04114874118768481
382,0.0408824197875895
383,0.04050126219538614
384,0.040156389515837485
385,0.03983904702338277
386,0.03945812183474723
387,0.03913443722062128
388,0.03886564429552223
389,0.03863382028720138
390,0.03842173224339694
391,0.03827088974304877
392,0.03805257290221627
393,0.037899562356751744
394,0.037761311500504734
395,0.037623194174073296
396,0.03754254729368087
397,0.037465484430000355
398,0.03737964664430791
399,0.03734715693898913
400,0.037319809060001145
401,0.03731027579830706
402,0.03732412311329299
403,0.03734061345712563
404,0.03737116840504069
405,0.03738660690786508
406,0.03744501256734724
407,0.03751143952404343
408,0.037552560451271616
409,0.03762180509508613
410,0.037666118930288754
411,0.03771719604160164
412,0.03778595203277907
413,0.03782234979186973
414,0.03789138390133879
415,0.037901297975577154
416,0.03793146073467709
417,0.03797345280353267
418,0.037950768531199205
419,0.03793867090402024
420,0.0379448582165766
421,0.03797156456607595
422,0.037954149238307165
423,0.03793422304735502
424,0.03795154800087957
425,0.03794591346015452
426,0.0379218138331673
427,0.03788352815791842
428,0.037803024751813345
429,0.03781081521462529
430,0.0377660544990785
431,0.03770105117871187
432,0.037646947386895294
433,0.03758397490827244
434,0.03753811938617289
435,0.0374828886568451
436,0.03746753040492622
437,0.0374337460462873
438,0.03739653829656542
439,0.037323005589409305
440,0.03728052625068815
441,0.03721799992495228
442,0.03716282936744674
443,0.03710253607682075
444,0.03703356556355803
445,0.036948649998270876
446,0.03687647104111417
447,0.036814787990282184
448,0.03673781240143685
449,0.03667023162016048
450,0.03658553928516338
451,0.036519074383417637
452,0.0364873654134141
453,0.03644136740751403
454,0.03639535547162714
455,0.03634734809375092
456,0.03631985291711994
457,0.036296309322442065
458,0.03626611879535727
459,0.03624314313319873
460,0.03624201486449598
461,0.03623566222520371
462,0.036276978433243616
463,0.03632527526543276
464,0.03635664265234712
465,0.03641960098784586
466,0.03646021534779056
467,0.03652394776952949
468,0.036550316306084116
469,0.03661453188013198
470,0.03670158146382484
471,0.036825803452198075
472,0.036920403597641795
473,0.03699213132210354
474,0.03710619134223047
475,0.03719554179709146
476,0.03729193703045019
477,0.03733324023732184
478,0.03746661563013055
479,0.03756880852410481
480,0.037598238575405674
481,0.037667689728590165
482,0.03782877766836228
483,0.03798367845452543
484,0.03806116335469743
485,0.038189911947203406
486,0.038262433276831424
487,0.038365272935077396
488,0.03839481473006452
489,0.038533124679444385
490,0.038701879195993175
491,0.038960669207545394
492,0.03921633348106815
493,0.03937738409722282
494,0.0395798442071462
495,0.039820878464689985
496,0.04019859672716934
497,0.04046143538631816
498,0.040619940784727165
499,0.040765264893902614
500,0.040769448567342916
501,0.04095104188929586
502,0.04099235202298524
503,0.0410631221630823
504,0.041328326979779284
505,0.0415622828976025
506,0.041612205672332196
507,0.04180872148425193
508,0.04208682973127897
509,0.04225158374804957
510,0.042388348508647235
511,0.042547856509981
512,0.042610446061247136
513,0.04265133107946723
514,0.04277041805215969
515,0.042900719738083015
516,0.042781804413792375
517,0.042789733239695184
518,0.04255588802584138
519,0.04231602332617832
520,0.04215656271272811
521,0.04182173327686686
522,0.04161181029497781
523,0.04151049725609815
524,0.0412602215787127
525,0.040985320484050486
526,0.04075279431128537
527,0.04046885768309889
528,0.04049181368391296
529,0.04025982365160334
530,0.03989869790098591
531,0.03960180804973947
532,0.03942902213933277
533,0.03929836967389106
534,0.03910504210477702
535,0.038823297261866285
536,0.0385884847723064
537,0.03843480116284481
538,0.03825611054348323
539,0.03805685215796416
540,0.03786943998523458
541,0.03780486900865316
542,0.03760160179671266
543,0.03743016103422402
544,0.0373649782859006
545,0.03717639983264204
546,0.03706584366775633
547,0.036969337692520546
548,0.036785467178600845
549,0.0366612287575934
550,0.036536314767956865
551,0.0364530032584464
552,0.036315988488390835
553,0.036172194080151716
554,0.03605992680891424
555,0.036035883234243234
556,0.03589397475026455
557,0.03586778666597197
558,0.035863491900218494
559,0.03585597763315449
560,0.035767762936915685
561,0.03571947177133075
562,0.035703519342500156
563,0.03569831866070161
564,0.035683976987448435
565,0.03562907321183109
566,0.035596031700247
567,0.03557878210829399
568,0.03557527406040481
569,0.035562056255674386
570,0.03557962057935475
571,0.035578829891414976
572,0.035586725489013926
573,0.03558144838884094
574,0.03559139297722027
575,0.03557420107285335
576,0.035583678748862486
577,0.035583588744899634
578,0.03557239929126946
579,0.03555299240688066
580,0.035559422539549704
581,0.035579172152888694
582,0.03558439904819996
583,0.0355965666781947
584,0.03561267935622468
585,0.0356280231513565
586,0.03560186700740576
587,0.035643352013716025
588,0.03567798155063111
589,0.035680027374100226
590,0.035744818449158756
591,0.035746038844451176
592,0.035765814954922114
593,0.03578179469861063
594,0.03575904031056547
595,0.03574784842252935
596,0.035756714325745814
597,0.03575444095268015
598,0.035748321666152626
599,0.03570123154213952
600,0.035690720081959976
601,0.03561224154380866
602,0.03559437713458812
603,0.035556084095130384
604,0.035498706167646825
605,0.03548398912930409
606,0.03543782683134653
607,0.035417907881541616
608,0.03537478129922004
609,0.03531038556009982
610,0.03530439553768887
611,0.03525332921608723
612,0.03521582081630937
613,0.035120282755710996
614,0.035065607501994715
615,0.03503662677545825
616,0.034982466275075175
617,0.03492380029772707
618,0.034893770984157337
619,0.03484556851400646
620,0.03482815744307461
621,0.03481085971398463
622,0.03481540138328444
623,0.03478619944167293
624,0.03476591759350695
625,0.03474361031613669
626,0.03471194108144416
627,0.034685397420856266
628,0.034674069093646585
629,0.034699979549514454
630,0.03467606119946088
631,0.03468810390535893
632,0.03473621202558687
633,0.03479576904667493
634,0.03481624944523652
635,0.03489968993925214
636,0.03495826541085231
637,0.03501118103205519
638,0.0351139784801305
639,0.03520053185647849
640,0.03537481443241107
641,0.03543064481883274
642,0.0354982461836187
643,0.03556257499765044
644,0.035730889321169884
645,0.035843461857572284
646,0.035951177076887574
647,0.036047240899377254
648,0.036119006386210684
649,0.036158079006853305
650,0.036239817175204296
651,0.03638889788691025
652,0.03653191061012925
653,0.03664636031368424
654,0.03669766425528132
655,0.03682733609560923
656,0.036932835433083504
657,0.03709152889832405
658,0.03733002573982688
659,0.037474065592797964
660,0.03759407090119892
661,0.03758243752995854
662,0.03777254841920109
663,0.037819655074651806
664,0.037912276255757854
665,0.038052593941646805
666,0.03819217096144695
667,0.038223254200589564
668,0.03823660977003539
669,0.03810592720730409
670,0.038205468953626844
671,0.038178605916821186
672,0.038213188602589446
673,0.038349989252054434
674,0.038379075939553864
675,0.03848181748782947
676,0.03854716981474446
677,0.03849869691737054
678,0.03847486255987014
679,0.03854600770787571
680,0.03854679530839602
681,0.03855488895431975
682,0.03863972768460343
683,0.03857410663095639
684,0.038641428126953314
685,0.038691878822532264
686,0.03859629883099666
687,0.03867824426877051
688,0.03870298299171417
689,0.03873556358056982
690,0.03866195223559155
691,0.03862579295265209
692,0.03865801988508858
693,0.03853894735741883
694,0.03839980013550838
695,0.03846120509493186
696,0.038416343454257
697,0.03849333473591914
698,0.03847658354745661
699,0.03838924190438015
700,0.03826901738344078
701,0.03817162159313689
702,0.03802678187429966
703,0.03770885509996558
704,0.03746212332993067
705,0.037283328807702854
706,0.03701353183597281
707,0.036790991519064016
708,0.03657557282973509
709,0.036361104062125074
710,0.03588235222976428
711,0.0355681860439806
712,0.03525953085625178
713,0.03488544734048993
714,0.03462080201891221
715,0.03434249446018687
716,0.034017716945663634
717,0.03387995365488375
718,0.03370042002204178
719,0.03357517680966381
720,0.033372165521274595
721,0.03318293904628358
722,0.03302424254709357
723,0.03284931153497854
724,0.032688780663861945
725,0.032523512980635334
726,0.032396883304831266
727,0.032318199336576814
728,0.03222459413670592
729,0.032134195251485705
730,0.032015882578284166
731,0.031932241176485285
732,0.03187263975466153
733,0.03182456055660021
734,0.03179535724940614
735,0.03177559181900347
736,0.031784174576683456
737,0.03182681239279256
738,0.031901987358730274
739,0.03198104021027832
740,0.0320895357515189
741,0.03220193393238161
742,0.03231703648881404
743,0.03236457621120771
744,0.03259563576837266
745,0.032774646640780274
746,0.033022502179203904
747,0.03314734134436256
748,0.0333266995464322
749,0.033470042071798545
750,0.03371954506172584
751,0.03384804313283824
752,0.03406519450322129
753,0.03424179320202734
754,0.034422497191820056
755,0.03459637263185468
756,0.034876821942446665
757,0.03506812771427514
758,0.035299173775028635
759,0.03552928793728152
760,0.03558126218095066
761,0.035670945631184774
762,0.03562976640425381
763,0.03571665902660167
764,0.03574757727999748
765,0.03576755745081296
766,0.03586280987093781
767,0.035838260994131586
768,0.03578812283811091
769,0.03584681782021239
770,0.03576050124834082
771,0.035751171603827674
772,0.035837778506150005
773,0.035712183467452904
774,0.035748229774826494
775,0.03574018001165644
776,0.035610152758251745
777,0.03556728362721428
778,0.03539828454005711
779,0.03524945189485325
780,0.03527659246944412
781,0.0351946621439988
782,0.03516105481619352
783,0.03497573548868998
784,0.03477452011806074
785,0.03472691101944563
786,0.03466113951889962
787,0.03446784128018795
788,0.034300026016678205
789,0.03408469461245022
790,0.03386731222333219
791,0.03367926356030128
792,0.033462741559379575
793,0.0332386594812637
794,0.03309053271349277
795,0.03284688599823463
796,0.03261226207834666
797,0.03241142566965815
798,0.0322359701075402
799,0.032141134729502606
800,0.032037912212199655
801,0.031861510183557824
802,0.031726761884080974
803,0.03158199800958404
804,0.03146438192914173
805,0.03133550077842704
806,0.03125067146450563
807,0.0311765595422672
808,0.03111829115117678
809,0.031080142096423485
810,0.03106999184039844
811,0.03106608133471121
812,0.031074913854534158
813,0.031099926195928343
814,0.031169481773238805
815,0.031210429302403416
816,0.03129112651032936
817,0.03144128789073656
818,0.031560617488465705
819,0.031728205694448855
820,0.031877562005305594
821,0.03205514585257646
822,0.032194253572246576
823,0.03244503573337964
824,0.03254412073283365
825,0.032765524050145385
826,0.03298940738280238
827,0.0331563121926597
828,0.0333163164756389
829,0.033617467253968886
830,0.03389002995816348
831,0.0342092866580589
832,0.03449464338430167
833,0.03489190815098655
834,0.03514562416785912
835,0.03561861213479228
836,0.0359895504486606
837,0.03618787886258633
838,0.03648877948536217
839,0.03693927053166453
840,0.03726989675586209
841,0.03754354763037097
842,0.03774311981846821
843,0.03806411360632027
844,0.03801325789828815
845,0.038298753957596014
846,0.03847614794669817
847,0.03870638250940729
848,0.038981999431359965
849,0.03926272262750324
850,0.03950948489054741
851,0.03942926032431421
852,0.03970793942690035
853,0.03975899216011576
854,0.03995419015935641
855,0.040030508787770015
856,0.04019756496596083
857,0.040256098940124954
858,0.04020046332448119
859,0.04003167455763933
860,0.039913390826843614
861,0.039864232348730023
862,0.039648043175758284
863,0.03981738785654316
864,0.03941241452858968
865,0.039326617242401135
866,0.03921501105134172
867,0.039075791719584335
868,0.03905880171864421
869,0.03889907221623707
870,0.03876360158370499
871,0.038628586423684066
872,0.03852079241850067
873,0.03808011985531213
874,0.037820910641460634
875,0.037638902743696766
876,0.037147004302984364
877,0.036793883702573464
878,0.03654791954136647
879,0.03629057131605557
880,0.03579711366589632
881,0.03539934271034374
882,0.03521593893700032
883,0.034766690280424783
884,0.03445826861767188
885,0.03412048279673027
886,0.03370866989890317
887,0.03347696409441886
888,0.03324806188319095
889,0.03301085582355944
890,0.03274617413224696
891,0.03247459012468541
892,0.032412050026274855
893,0.03234557646395496
894,0.03211168896200411
895,0.031957958803235875
896,0.03191852253898663
897,0.03182656615098932
898,0.03165660277103301
899,0.03159469233284456
900,0.031521820945421435
901,0.03149981682959358
902,0.03149739337263957
903,0.031537204762791066
904,0.03163161365169482
905,0.03169795013144889
906,0.031767594024917224
907,0.031860899952321504
908,0.03198429651374701
909,0.03222255384090197
910,0.032435559340836195
911,0.03262800637619827
912,0.03284353168265167
913,0.03311857493485623
914,0.03339633453764256
915,0.03363583697620886
916,0.03399855790622056
917,0.034349763441835456
918,0.03469760036613655
919,0.03486504506717549
920,0.03513162903750658
921,0.03538026871426585
922,0.03551519653551779
923,0.03573710796536744
924,0.03594456044127302
925,0.036142971198450315
926,0.03626594090769672
927,0.03649411916884154
928,0.036605104082674686
929,0.03655181182450963
930,0.03659854215885948
931,0.036587882734799654
932,0.03654327885715199
933,0.03658046527540566
934,0.03659543426615724
935,0.03660481150448927
936,0.03672525988343425
937,0.036584749887632204
938,0.036714172751512765
939,0.03656082239089996
940,0.03653434085785409
941,0.036383784023951336
942,0.036351571251737554
943,0.03620380060775021
944,0.03608753814064705
945,0.03597798828575888
946,0.03574726174572114
947,0.03564366199907881
948,0.035543701579073585
949,0.03550570073043025
950,0.03539703867827942
951,0.03531640775702912
952,0.035128762044010206
953,0.034937376361143586
954,0.03476303825467657
955,0.034592712597894655
956,0.034456962641610654
957,0.03443609241316455
958,0.03430403541035744
959,0.034072007110003605
960,0.0340334995200904
961,0.034011908766855274
962,0.033961819867629285
963,0.033883191455731654
964,0.03369482046815606
965,0.033638324736936384
966,0.03352449023914441
967,0.033444300506154795
968,0.03333193065780631
969,0.03327527717772156
970,0.03319714457186604
971,0.03314854644605681
972,0.03305303226955929
973,0.032934190436589655
974,0.032893273920889726
975,0.0328549394965851
976,0.03278521776033329
977,0.03278300656381534
978,0.03275089958190231
979,0.032687739570271525
980,0.03266458484939968
981,0.03270787370802202
982,0.03268324241108408
983,0.032712269345878175
984,0.032766377307184416
985,0.03281227671353553
986,0.032946570801897446
987,0.033003220211530036
988,0.03315403266204681
989,0.03325608371666843
990,0.033257028162462454
991,0.033430650585774324
992,0.03354489833938637
993,0.033735522503347326
994,0.03385282055739604
995,0.03393447312193798
996,0.03417903858326116
997,0.03432117136146627
998,0.03442339367648443
999,0.034738288188636154
1000,0.03493959938375121
1001,0.03507664621531126
1002,0.03535694480897897
1003,0.03546627960847227
1004,0.03568406090031925
1005,0.03592659462000465
1006,0.03618120643336554
1007,0.03653670082303918
1008,0.03672536386150665
1009,0.03694827292832457
1010,0.03700591665468647
1011,0.03715130618482009
1012,0.0373005890961899
1013,0.03749890943485924
1014,0.03774604483540884
1015,0.03796945741809993
1016,0.038276087987535214
1017,0.03846790415923313
1018,0.03865615515505609
1019,0.0389848697981326
1020,0.03918668318036127
1021,0.039011589061743436
1022,0.03915622050474621
1023,0.03924336156945364
1024,0.039444043317730125
1025,0.039586552248184165
1026,0.039501705432898646
1027,0.03946223592151107
1028,0.03934471643598142
1029,0.039261124108642076
1030,0.03905849812955847
1031,0.03898714810102219
1032,0.03894117218130849
1033,0.038689036827957164
1034,0.038635610361598495
1035,0.03835559572784806
1036,0.03818622020267568
1037,0.037926489984269576
1038,0.037619218673674286
1039,0.037468071229257716
1040,0.03742026000316781
1041,0.03717139917257432
1042,0.036876468932486195
1043,0.0368464758412312
1044,0.036742927976754415
1045,0.03662305137039415
1046,0.03642742027651313
1047,0.03628524974148585
1048,0.036162255234752624
1049,0.0360657091863348
1050,0.03598656595165332
1051,0.0359251811977947
1052,0.03563640836455783
1053,0.03539716102178298
1054,0.03513127871904296
1055,0.035009102856264025
1056,0.034789384185842286
1057,0.03452429604878199
1058,0.03436130270134499
1059,0.034290270367663724
1060,0.03418761895194282
1061,0.03406389984592253
1062,0.033967873494193626
1063,0.03385285084940951
1064,0.0338128439166117
1065,0.03368454949173329
1066,0.033592901877298346
1067,0.03353674524326892
1068,0.03339613561663071
1069,0.03339640162989652
1070,0.033360147527195204
1071,0.033309957489116644
1072,0.03329227789134118
1073,0.03326760627022232
1074,0.033279986619493225
1075,0.033329692051706446
1076,0.033358065358575495
1077,0.03341906876338345
1078,0.03345787547276597
1079,0.033531509513685366
1080,0.03359728636861291
1081,0.03369100673786515
1082,0.033757600404660505
1083,0.03382380966283551
1084,0.03385743657407469
1085,0.033975954536506196
1086,0.03401675885669949
1087,0.03411428417525394
1088,0.034194519123114206
1089,0.03431315846139078
1090,0.034436223669860204
1091,0.034493163065604605
1092,0.03460932212821031
1093,0.034700853859770724
1094,0.034845363526610815
1095,0.03494311076854907
1096,0.03507017774791691
1097,0.03521856386899769
1098,0.035401223116383856
1099,0.03545504265983452
1100,0.03555673767098174
1101,0.035578364907103414
1102,0.03571490783026295
1103,0.03571191884735144
1104,0.03576784434869792
1105,0.03584709619520495
1106,0.03602147478373743
1107,0.036083052255081995
1108,0.036175869460069225
1109,0.03632536860555368
1110,0.036285424818824574
1111,0.03622556851224607
1112,0.036216700103678966
1113,0.03616437423252285
1114,0.036105675009409074
1115,0.03601788155406926
1116,0.036049052069848764
1117,0.03586948700140824
1118,0.03585232099804557
1119,0.035783335271637406
1120,0.0357569609732358
1121,0.035623436354283035
1122,0.03547862654923825
1123,0.03538613654807835
1124,0.035374251878539056
1125,0.035329203758986065
1126,0.0352345739878724
1127,0.03518327498670321
1128,0.03509066828181676
1129,0.035062867927060266
1130,0.034938738745771206
1131,0.03486670743738648
1132,0.0347978651282239
1133,0.034735436186931964
1134,0.0346823571278692
1135,0.03466532190111751
1136,0.03459392363596012
1137,0.034504838521893656
1138,0.034450160165204975
1139,0.03440812271738175
1140,0.034404308668261684
1141,0.03434962974370199
1142,0.03419121902348136
1143,0.03415760758177004
1144,0.03414315543563348
1145,0.034097375838205095
1146,0.03410611807875013
1147,0.034050012843773216
1148,0.033953975515688684
1149,0.033933621832407154
1150,0.03388085637258789
1151,0.03380859620349888
1152,0.03379454399409887
1153,0.03380668222005746
1154,0.033825672114753
1155,0.03384986099132823
1156,0.03388131502680441
1157,0.033910880413817346
1158,0.03394127407269168
1159,0.0339986060517162
1160,0.034056193740185384
1161,0.03410994391649938
1162,0.034174924331396246
1163,0.034223140400588575
1164,0.03431198671576928
1165,0.034401973538235875
1166,0.0345761315630581
1167,0.03469027515772176
1168,0.03483330648612938
1169,0.03496807754150993
1170,0.0350491900520546
1171,0.03513844228707534
1172,0.03534846639913449
1173,0.03550243892162579
1174,0.03566052357235911
1175,0.03588917671078092
1176,0.036014366207882884
1177,0.03604955290541285
1178,0.036149702527505274
1179,0.03634486906160321
1180,0.0365225032314564
1181,0.03675981395734647
1182,0.03706782543997931
1183,0.03717796975005192
1184,0.03734400232281608
1185,0.03744823694719085
1186,0.037470385146211406
1187,0.03759650273369507
1188,0.03772710047526108
1189,0.037826168726143077
1190,0.03783098086461557
1191,0.03777876230577311
1192,0.03784110146067331
1193,0.03795511726537278
1194,0.03796671701016562
1195,0.03795802906743175
1196,0.038004197243377245
1197,0.038079022252486924
1198,0.038107967641508034
1199,0.038255464910205345
1200,0.03824187476729861
1201,0.03838059964075
1202,0.03847320415420503
1203,0.03850673366041068
1204,0.038475667845614
1205,0.038436623325714195
1206,0.03827320505937399
1207,0.03834305034927328
1208,0.03822063612771784
1209,0.03808598160403274
1210,0.03806356875799349
1211,0.03804356539477039
1212,0.03804601621518132
1213,0.038051756249239455
1214,0.037931103594048506
1215,0.03784966793007509
1216,0.03787177795042873
1217,0.0378441803033897
1218,0.03781807659353244
1219,0.03764602595416013
1220,0.037608415884280225
1221,0.037486792039203416
1222,0.037386629493060305
1223,0.03730848301110511
1224,0.037179183927795234
1225,0.037141511573226565
1226,0.037092738933620334
1227,0.037116381060355114
1228,0.03709267700558594
1229,0.03699844399214392
1230,0.03688226092894093
1231,0.03684383708733272
1232,0.036775509832057386
1233,0.036764314004282775
1234,0.036684108019111164
1235,0.03668000499756979
1236,0.036666705341182264
1237,0.036664585411278504
1238,0.036658041202655485
1239,0.03662500877754173
1240,0.036623084938997866
1241,0.036680185312385385
1242,0.03670174711048678
1243,0.03675578476859818
1244,0.036817708120182875
1245,0.03686451434224161
1246,0.03691282901203789
1247,0.03698674675560882
1248,0.03707809107564471
1249,0.03713078165511585
1250,0.03725694431043422
1251,0.037379850861027616
1252,0.03749723135371558
1253,0.03762272199220352
1254,0.03776306398149896
1255,0.037865038465976116
1256,0.038022125930645134
1257,0.03813849033771227
1258,0.038267222773540194
1259,0.0384370770685214
1260,0.038601894698386464
1261,0.038712711272387415
1262,0.03894015516744677
1263,0.03906307056173077
1264,0.03922497770901543
1265,0.03942342662134193
1266,0.03965407698182464
1267,0.039815029977614436
1268,0.040076293368038855
1269,0.040254691919015116
1270,0.04056969691438069
1271,0.04070791430871657
1272,0.04095213255925791
1273,0.04110230023205273
1274,0.0413521241330634
1275,0.04139504355791154
1276,0.04156349732923585
1277,0.04178624437834544
1278,0.04192321888885228
1279,0.04204165783375242
1280,0.042106346402054996
1281,0.042160893699896645
1282,0.04224818930954738
1283,0.04230339540405463
1284,0.04238729817886532
1285,0.0424367871465446
1286,0.042518021828818364
1287,0.042485482575956614
1288,0.042565200137385066
1289,0.04257957013804076
1290,0.042598098491903026
1291,0.04262181493374617
1292,0.04271275723174151
1293,0.04268209569332936
1294,0.04260299036090149
1295,0.042497618723179094
1296,0.04247603691086882
1297,0.04238945150556099
1298,0.04241105236651994
1299,0.04233420714511096
1300,0.042296223291571844
1301,0.04217608331715091
1302,0.04208209819610182
1303,0.04198960569932991
1304,0.04189783693449458
1305,0.04185181101604685
1306,0.0417816445211031
1307,0.041730738740061724
1308,0.04170805327408122
1309,0.04165215772435582
1310,0.04155761876375046
1311,0.041535010011397984
1312,0.041483985986343896
1313,0.04146994687456704
1314,0.04149120556763204
1315,0.04147289826080854
1316,0.04148370979912958
1317,0.04148972302144487
1318,0.04151392717654356
1319,0.04154116627192804
1320,0.04156472595328263
1321,0.041610390504879226
1322,0.041656090185167444
1323,0.041704356783867476
1324,0.041773163797220805
1325,0.041840687050279456
1326,0.04190292700906914
1327,0.04197358617605538
1328,0.04205398017780518
1329,0.042183701865364534
1330,0.042249355151882835
1331,0.04233807182325079
1332,0.042464489971780206
1333,0.04253830524749707
1334,0.04265588166446632
1335,0.04272246570424363
1336,0.042787163601438284
1337,0.042881190884594765
1338,0.04295321822361304
1339,0.043061616583702056
1340,0.04320154193980422
1341,0.04334846442288801
1342,0.04341539886087555
1343,0.04347216325302482
1344,0.04352347217159564
1345,0.0435668978719375
1346,0.04364390113219643
1347,0.043648628768498156
1348,0.04370920266588057
1349,0.0436485277967406
1350,0.04366868350195635
1351,0.0437644687385902
1352,0.043831052896469214
1353,0.04391381556679347
1354,0.043989756288263945
1355,0.04402898953970253
1356,0.044151239843088524
1357,0.044228908138709895
1358,0.04419519434511089
1359,0.04420920814733983
1360,0.04428542129668074
1361,0.04429606953718758
1362,0.0444173558098109
1363,0.04450082546060221
1364,0.04455031121834153
1365,0.04453916665267833
1366,0.04453965683663227
1367,0.04456409569504483
1368,0.0446425179058865
1369,0.044663274647152536
1370,0.04471668625809105
1371,0.04470117848469696
1372,0.04471878212451873
1373,0.044806432616635056
1374,0.04482830938884747
1375,0.044830580169318845
1376,0.04488549287182135
1377,0.04482271039604734
1378,0.044815970536153556
1379,0.04484109171777507
1380,0.04489761246296507
1381,0.0448820653806124
1382,0.04478446089598489
1383,0.04471664517124741
1384,0.044648143382826605
1385,0.04454196859021178
1386,0.04453176590146009
1387,0.04449211801556914
1388,0.04442814343130927
1389,0.04439447658983418
1390,0.04435633886910661
1391,0.04426696086639565
1392,0.04417294917653137
1393,0.044171554055930866
1394,0.04415927948548046
1395,0.04414250971771864
1396,0.0441404702057454
1397,0.04410273162321723
1398,0.044046194652319674
1399,0.04404122701054024
1400,0.04403667972146157
1401,0.04404685154668729
1402,0.044042398119314534
1403,0.04405614800841844
1404,0.0440780255644576
1405,0.044121428067402865
1406,0.04413489333642436
1407,0.044155527800670794
1408,0.04417215604680748
1409,0.04417179369145032
1410,0.04419293125295748
1411,0.04420793808175981
1412,0.044229535567599024
1413,0.04424198616832133
1414,0.044262688025563025
1415,0.044272800516687465
1416,0.04426734330437334
1417,0.04427416617217111
1418,0.04426702512891901
1419,0.04426307947355653
1420,0.04425448157443097
1421,0.04422591934287598
1422,0.04423942735219685
1423,0.0442442414226902
1424,0.04424738652556235
1425,0.04422536579630258
1426,0.04422246760439316
1427,0.04420321498799716
1428,0.04419996050620837
1429,0.044196364290305476
1430,0.04418128326926003
1431,0.04416734197770086
1432,0.044176555942591095
1433,0.04416538526373112
1434,0.04414421575701867
1435,0.04411607169056471
1436,0.04409791287002489
1437,0.04408265459135037
1438,0.044063385240091235
1439,0.044054796599846575
1440,0.044052184270489084
1441,0.04404878218426241
1442,0.04401860530184839
1443,0.043998868040422065
1444,0.04397618254535171
1445,0.04396941998502449
1446,0.04394309219836163
1447,0.043915092995293205
1448,0.0439072137247334
1449,0.0438916425576626
1450,0.04389017323247529
1451,0.04385947118351632
1452,0.04383929494750768
1453,0.04383489377991516
1454,0.04381600083977835
1455,0.043796463071764324
1456,0.0437795853478958
1457,0.043757492921032454
1458,0.04374427637483844
1459,0.04370895488279143
1460,0.043686615427752686
1461,0.04368161043794597
1462,0.0436780049198846
1463,0.0436907209162223
1464,0.0436939186231772
1465,0.043717007865656896
1466,0.04370215219786425
1467,0.04370126402444862
1468,0.04370749704447794
1469,0.04369753595334614
1470,0.04370455305926805
1471,0.043705587757087376
1472,0.043735959103589565
1473,0.043732551452520974
1474,0.043717894873819725
1475,0.04372311292644057
1476,0.04373131922093059
1477,0.043721365998215786
1478,0.04372712427994423
1479,0.043739706003473044
1480,0.04373337936537741
1481,0.04375349322051222
1482,0.04373017683447953
1483,0.04372947062932254
1484,0.043738299033011574
1485,0.043727071692828516
1486,0.0437232153058792
1487,0.043727438678218336
1488,0.04372519866290182
1489,0.04372799019435005
1490,0.043738061945070204
1491,0.04376019513858428
1492,0.04377885686003779
1493,0.04381333699286724
1494,0.043828400548909914
1495,0.043845283186627566
1496,0.043876456157941585
1497,0.043892266219018455
1498,0.04391438220414319
1499,0.04394024208538193
